run_id,regime,system,crash_point,endpoint,response_class,readback_keying,execution_id,outcome_class,status,applied_effects,crashed,dispatch_attempts,step_latency_ms,recovery_latency_ms,undetected_duplicate,lost_effect,redis_kill_latency_ms,durability_ack_observed
aep_full-mid_dispatch-ledger_postings-87771166-r0,p30,AEP_FULL,mid_dispatch,ledger_postings,NO_READBACK,CALLER_REFERENCE,6da0ebf7-d7c2-46db-aeac-fbef62591939,DECLARED_AMBIGUOUS,PERMANENTLY_AMBIGUOUS,0,1,0,,49960.0,0,0,,1
aep_full-mid_dispatch-ledger_postings-87771166-r0,p30,AEP_FULL,mid_dispatch,ledger_postings,NO_READBACK,CALLER_REFERENCE,85e64838-d88f-4479-8b8b-d1ad3c98e498,CONFIRMED_APPLIED,FIRED_CONFIRMED,1,0,1,4604.062377,,0,0,,1
aep_full-mid_dispatch-ledger_postings-87771166-r0,p30,AEP_FULL,mid_dispatch,ledger_postings,NO_READBACK,CALLER_REFERENCE,3e5e17ad-8665-4bcd-ae3c-e7f744da535b,DECLARED_AMBIGUOUS,PERMANENTLY_AMBIGUOUS,1,1,0,,37811.0,0,0,,1
aep_full-mid_dispatch-ledger_postings-87771166-r0,p30,AEP_FULL,mid_dispatch,ledger_postings,NO_READBACK,CALLER_REFERENCE,b5fa837d-49ca-4ddf-9a32-2c556b76cac5,DECLARED_AMBIGUOUS,PERMANENTLY_AMBIGUOUS,0,1,0,,30852.0,0,0,,1
aep_full-mid_dispatch-ledger_postings-87771166-r0,p30,AEP_FULL,mid_dispatch,ledger_postings,NO_READBACK,CALLER_REFERENCE,04f39166-c6e8-43f1-9268-baa7caed89ee,CONFIRMED_APPLIED,FIRED_CONFIRMED,1,0,1,3924.061546,,0,0,,0
aep_full-mid_dispatch-ledger_postings-87771166-r0,p30,AEP_FULL,mid_dispatch,ledger_postings,NO_READBACK,CALLER_REFERENCE,66d3a806-02cf-4ec0-92fa-d81d4732a4d6,DECLARED_AMBIGUOUS,PERMANENTLY_AMBIGUOUS,0,1,0,,50863.0,0,0,,1
aep_full-mid_dispatch-ledger_postings-87771166-r0,p30,AEP_FULL,mid_dispatch,ledger_postings,NO_READBACK,CALLER_REFERENCE,8266e493-b1a3-4da6-872d-756e3db297fb,DECLARED_AMBIGUOUS,PERMANENTLY_AMBIGUOUS,0,1,0,,43835.0,0,0,,1
aep_full-mid_dispatch-ledger_postings-87771166-r0,p30,AEP_FULL,mid_dispatch,ledger_postings,NO_READBACK,CALLER_REFERENCE,ab532e00-0b50-442f-8188-7eed07e5ec80,CONFIRMED_APPLIED,FIRED_CONFIRMED,1,0,1,4086.284438,,0,0,,1
aep_full-mid_dispatch-ledger_postings-87771166-r0,p30,AEP_FULL,mid_dispatch,ledger_postings,NO_READBACK,CALLER_REFERENCE,31052196-3ed4-4c31-80c1-bfceaf551231,CONFIRMED_APPLIED,FIRED_CONFIRMED,1,0,1,4019.283929,,0,0,,1
aep_full-mid_dispatch-ledger_postings-87771166-r0,p30,AEP_FULL,mid_dispatch,ledger_postings,NO_READBACK,CALLER_REFERENCE,0f2fdd8a-3e68-45b1-af8b-afedaa4ffdbe,DECLARED_AMBIGUOUS,PERMANENTLY_AMBIGUOUS,1,1,0,,27057.0,0,0,,1
aep_full-mid_dispatch-ledger_postings-87771166-r1,p30,AEP_FULL,mid_dispatch,ledger_postings,NO_READBACK,CALLER_REFERENCE,b6faf9bc-ede1-4011-8fa0-6143b75a669e,DECLARED_AMBIGUOUS,PERMANENTLY_AMBIGUOUS,0,1,0,,46141.0,0,0,,1
aep_full-mid_dispatch-ledger_postings-87771166-r1,p30,AEP_FULL,mid_dispatch,ledger_postings,NO_READBACK,CALLER_REFERENCE,6f3d18e7-6d64-4b70-a681-6381cf89876f,DECLARED_AMBIGUOUS,PERMANENTLY_AMBIGUOUS,0,1,0,,40283.0,0,0,,1
aep_full-mid_dispatch-ledger_postings-87771166-r1,p30,AEP_FULL,mid_dispatch,ledger_postings,NO_READBACK,CALLER_REFERENCE,9e4dbb25-fd33-4d1d-aa73-bb6d0eafa0b9,DECLARED_AMBIGUOUS,PERMANENTLY_AMBIGUOUS,0,1,0,,34138.0,0,0,,1
aep_full-mid_dispatch-ledger_postings-87771166-r1,p30,AEP_FULL,mid_dispatch,ledger_postings,NO_READBACK,CALLER_REFERENCE,cb70a016-b02f-4874-a37b-7884dfe11e26,DECLARED_AMBIGUOUS,PERMANENTLY_AMBIGUOUS,0,1,0,,27216.0,0,0,,1
aep_full-mid_dispatch-ledger_postings-87771166-r1,p30,AEP_FULL,mid_dispatch,ledger_postings,NO_READBACK,CALLER_REFERENCE,813b378a-5680-4fc8-9919-44858b42d746,CONFIRMED_APPLIED,FIRED_CONFIRMED,1,0,1,3641.347616,,0,0,,0
aep_full-mid_dispatch-ledger_postings-87771166-r1,p30,AEP_FULL,mid_dispatch,ledger_postings,NO_READBACK,CALLER_REFERENCE,95cd3981-25c3-48f1-bf62-f1b5f7ea8bae,DECLARED_AMBIGUOUS,PERMANENTLY_AMBIGUOUS,0,1,0,,46141.0,0,0,,1
aep_full-mid_dispatch-ledger_postings-87771166-r1,p30,AEP_FULL,mid_dispatch,ledger_postings,NO_READBACK,CALLER_REFERENCE,fcee21e6-19e2-4344-af73-bc69f18cfdab,CONFIRMED_APPLIED,FIRED_CONFIRMED,1,0,1,3743.528047,,0,0,,1
aep_full-mid_dispatch-ledger_postings-87771166-r1,p30,AEP_FULL,mid_dispatch,ledger_postings,NO_READBACK,CALLER_REFERENCE,494891c7-cdcd-4a53-9783-8682a5e882d4,DECLARED_AMBIGUOUS,PERMANENTLY_AMBIGUOUS,1,1,0,,36154.0,0,0,,1
aep_full-mid_dispatch-ledger_postings-87771166-r1,p30,AEP_FULL,mid_dispatch,ledger_postings,NO_READBACK,CALLER_REFERENCE,b3a1408e-03ca-465c-a21b-cd6cf91ddae6,CONFIRMED_APPLIED,FIRED_CONFIRMED,1,0,1,4952.820501,,0,0,,0
aep_full-mid_dispatch-ledger_postings-87771166-r1,p30,AEP_FULL,mid_dispatch,ledger_postings,NO_READBACK,CALLER_REFERENCE,bbdcd99c-54c3-4cf1-997d-9ec532ee3f7c,CONFIRMED_APPLIED,FIRED_CONFIRMED,1,0,1,2943.37467,,0,0,,0
aep_full-mid_dispatch-ledger_postings-87771166-r10,p30,AEP_FULL,mid_dispatch,ledger_postings,NO_READBACK,CALLER_REFERENCE,8516d083-ac71-4ea6-87af-34269d6407ee,CONFIRMED_APPLIED,FIRED_CONFIRMED,1,0,1,3392.602385,,0,0,,1
aep_full-mid_dispatch-ledger_postings-87771166-r10,p30,AEP_FULL,mid_dispatch,ledger_postings,NO_READBACK,CALLER_REFERENCE,2ac2ab84-54b7-47e0-bda6-14da50dd28c2,CONFIRMED_APPLIED,FIRED_CONFIRMED,1,0,1,3516.045575,,0,0,,1
aep_full-mid_dispatch-ledger_postings-87771166-r10,p30,AEP_FULL,mid_dispatch,ledger_postings,NO_READBACK,CALLER_REFERENCE,e563a2a1-1f74-4069-87e9-4ce7b9b00a7c,DECLARED_AMBIGUOUS,PERMANENTLY_AMBIGUOUS,1,1,0,,35789.0,0,0,,1
aep_full-mid_dispatch-ledger_postings-87771166-r10,p30,AEP_FULL,mid_dispatch,ledger_postings,NO_READBACK,CALLER_REFERENCE,2864558e-2ade-4098-ac9f-4b86086ac684,DECLARED_AMBIGUOUS,PERMANENTLY_AMBIGUOUS,1,1,0,,31766.0,0,0,,1
aep_full-mid_dispatch-ledger_postings-87771166-r10,p30,AEP_FULL,mid_dispatch,ledger_postings,NO_READBACK,CALLER_REFERENCE,d5243610-0ab6-41ae-bba6-1014c0aec403,DECLARED_AMBIGUOUS,PERMANENTLY_AMBIGUOUS,1,0,1,6655.01292,,0,0,,0
aep_full-mid_dispatch-ledger_postings-87771166-r10,p30,AEP_FULL,mid_dispatch,ledger_postings,NO_READBACK,CALLER_REFERENCE,16f80a43-1342-44a0-80ff-3dad940dd1b7,DECLARED_AMBIGUOUS,PERMANENTLY_AMBIGUOUS,1,1,0,,42877.0,0,0,,1
aep_full-mid_dispatch-ledger_postings-87771166-r10,p30,AEP_FULL,mid_dispatch,ledger_postings,NO_READBACK,CALLER_REFERENCE,ca6488f5-a53e-4016-b272-26ce2ff05519,DECLARED_AMBIGUOUS,PERMANENTLY_AMBIGUOUS,1,1,0,,38803.0,0,0,,1
aep_full-mid_dispatch-ledger_postings-87771166-r10,p30,AEP_FULL,mid_dispatch,ledger_postings,NO_READBACK,CALLER_REFERENCE,df1977d6-f91f-4853-b186-3a57a9a9dfcc,DECLARED_AMBIGUOUS,PERMANENTLY_AMBIGUOUS,1,0,1,6185.993788,,0,0,,1
aep_full-mid_dispatch-ledger_postings-87771166-r10,p30,AEP_FULL,mid_dispatch,ledger_postings,NO_READBACK,CALLER_REFERENCE,9bf1139c-26a0-451e-b3de-885d298521f5,DECLARED_AMBIGUOUS,PERMANENTLY_AMBIGUOUS,1,1,0,,28763.0,0,0,,1
aep_full-mid_dispatch-ledger_postings-87771166-r10,p30,AEP_FULL,mid_dispatch,ledger_postings,NO_READBACK,CALLER_REFERENCE,2c29e2f4-c347-4f65-836e-4a9a56bdc140,CONFIRMED_APPLIED,FIRED_CONFIRMED,1,0,1,2817.47771,,0,0,,0
aep_full-mid_dispatch-ledger_postings-87771166-r11,p30,AEP_FULL,mid_dispatch,ledger_postings,NO_READBACK,CALLER_REFERENCE,de18ec28-3f71-40c4-bda0-d9c992c9d111,CONFIRMED_APPLIED,FIRED_CONFIRMED,1,0,1,3580.289282,,0,0,,1
aep_full-mid_dispatch-ledger_postings-87771166-r11,p30,AEP_FULL,mid_dispatch,ledger_postings,NO_READBACK,CALLER_REFERENCE,e9ee8fee-c1e3-4088-b86c-2bc87ca795a4,CONFIRMED_APPLIED,FIRED_CONFIRMED,1,0,1,2617.447995,,0,0,,1
aep_full-mid_dispatch-ledger_postings-87771166-r11,p30,AEP_FULL,mid_dispatch,ledger_postings,NO_READBACK,CALLER_REFERENCE,6a172385-03d9-4179-9561-6748bf5b535d,CONFIRMED_APPLIED,FIRED_CONFIRMED,1,0,1,3818.076661,,0,0,,1
aep_full-mid_dispatch-ledger_postings-87771166-r11,p30,AEP_FULL,mid_dispatch,ledger_postings,NO_READBACK,CALLER_REFERENCE,31fd2b43-c410-4442-8288-29d17b864c04,CONFIRMED_APPLIED,FIRED_CONFIRMED,1,0,1,3740.627648,,0,0,,1
aep_full-mid_dispatch-ledger_postings-87771166-r11,p30,AEP_FULL,mid_dispatch,ledger_postings,NO_READBACK,CALLER_REFERENCE,428cbce6-9b89-4a60-91c7-b16570df8393,DECLARED_AMBIGUOUS,PERMANENTLY_AMBIGUOUS,0,1,0,,32310.0,0,0,,1
aep_full-mid_dispatch-ledger_postings-87771166-r11,p30,AEP_FULL,mid_dispatch,ledger_postings,NO_READBACK,CALLER_REFERENCE,2f3de1ad-829d-4ce8-8531-9b037a306d51,DECLARED_AMBIGUOUS,PERMANENTLY_AMBIGUOUS,1,0,1,6996.84322,,0,0,,1
aep_full-mid_dispatch-ledger_postings-87771166-r11,p30,AEP_FULL,mid_dispatch,ledger_postings,NO_READBACK,CALLER_REFERENCE,8d76134c-0459-467e-95bd-74d6bf9d798d,DECLARED_AMBIGUOUS,PERMANENTLY_AMBIGUOUS,1,1,0,,39099.0,0,0,,1
aep_full-mid_dispatch-ledger_postings-87771166-r11,p30,AEP_FULL,mid_dispatch,ledger_postings,NO_READBACK,CALLER_REFERENCE,cfa04ec9-6f11-4b0b-8a5a-2bb62f8d1056,DECLARED_AMBIGUOUS,PERMANENTLY_AMBIGUOUS,1,1,0,,35181.0,0,0,,1
aep_full-mid_dispatch-ledger_postings-87771166-r11,p30,AEP_FULL,mid_dispatch,ledger_postings,NO_READBACK,CALLER_REFERENCE,09db997d-14ce-432a-9b6e-27083312fc43,CONFIRMED_APPLIED,FIRED_CONFIRMED,1,0,1,3105.605456,,0,0,,1
aep_full-mid_dispatch-ledger_postings-87771166-r11,p30,AEP_FULL,mid_dispatch,ledger_postings,NO_READBACK,CALLER_REFERENCE,98c76172-c38d-4b46-b725-9c2a283747c9,DECLARED_AMBIGUOUS,PERMANENTLY_AMBIGUOUS,1,1,0,,28184.0,0,0,,1
aep_full-mid_dispatch-ledger_postings-87771166-r12,p30,AEP_FULL,mid_dispatch,ledger_postings,NO_READBACK,CALLER_REFERENCE,734d2ce8-d968-4cc0-a5f5-8d89719cedce,DECLARED_AMBIGUOUS,PERMANENTLY_AMBIGUOUS,0,1,0,,36961.0,0,0,,1
aep_full-mid_dispatch-ledger_postings-87771166-r12,p30,AEP_FULL,mid_dispatch,ledger_postings,NO_READBACK,CALLER_REFERENCE,d928030c-def0-4073-80ff-e487ed1111a8,DECLARED_AMBIGUOUS,PERMANENTLY_AMBIGUOUS,0,1,0,,30923.0,0,0,,1
aep_full-mid_dispatch-ledger_postings-87771166-r12,p30,AEP_FULL,mid_dispatch,ledger_postings,NO_READBACK,CALLER_REFERENCE,a85fdd3a-5afa-4bfa-9e53-ea38aa4e433b,CONFIRMED_APPLIED,FIRED_CONFIRMED,1,0,1,3736.744903,,0,0,,0
aep_full-mid_dispatch-ledger_postings-87771166-r12,p30,AEP_FULL,mid_dispatch,ledger_postings,NO_READBACK,CALLER_REFERENCE,96448df2-a840-471b-8414-71343bad055d,DECLARED_AMBIGUOUS,PERMANENTLY_AMBIGUOUS,1,0,1,6235.78149,,0,0,,0
aep_full-mid_dispatch-ledger_postings-87771166-r12,p30,AEP_FULL,mid_dispatch,ledger_postings,NO_READBACK,CALLER_REFERENCE,cef18a8e-48bf-46ef-8b58-7d09a239988e,CONFIRMED_APPLIED,FIRED_CONFIRMED,1,0,1,4072.390737,,0,0,,0
aep_full-mid_dispatch-ledger_postings-87771166-r12,p30,AEP_FULL,mid_dispatch,ledger_postings,NO_READBACK,CALLER_REFERENCE,c20540e6-3d5e-4a77-b915-a9116d4ffe3d,CONFIRMED_APPLIED,FIRED_CONFIRMED,1,0,1,3549.069479,,0,0,,1
aep_full-mid_dispatch-ledger_postings-87771166-r12,p30,AEP_FULL,mid_dispatch,ledger_postings,NO_READBACK,CALLER_REFERENCE,6b347c55-51a2-4ef8-885e-9f4010689ead,DECLARED_AMBIGUOUS,PERMANENTLY_AMBIGUOUS,1,0,1,6427.879766,,0,0,,1
aep_full-mid_dispatch-ledger_postings-87771166-r12,p30,AEP_FULL,mid_dispatch,ledger_postings,NO_READBACK,CALLER_REFERENCE,dc4231b2-d07f-4679-ae78-9f9de122c7a5,DECLARED_AMBIGUOUS,PERMANENTLY_AMBIGUOUS,1,1,0,,26905.0,0,0,,1
aep_full-mid_dispatch-ledger_postings-87771166-r12,p30,AEP_FULL,mid_dispatch,ledger_postings,NO_READBACK,CALLER_REFERENCE,57720b1d-c6a4-40f8-9018-519ac48e2775,CONFIRMED_APPLIED,FIRED_CONFIRMED,1,0,1,3710.771343,,0,0,,0
aep_full-mid_dispatch-ledger_postings-87771166-r12,p30,AEP_FULL,mid_dispatch,ledger_postings,NO_READBACK,CALLER_REFERENCE,1ab5a552-0747-49f2-9690-13679b1fb465,CONFIRMED_APPLIED,FIRED_CONFIRMED,1,0,1,3315.721655,,0,0,,0
aep_full-mid_dispatch-ledger_postings-87771166-r13,p30,AEP_FULL,mid_dispatch,ledger_postings,NO_READBACK,CALLER_REFERENCE,2e67f08e-732f-4f66-b7ba-f0ab6258b074,CONFIRMED_APPLIED,FIRED_CONFIRMED,1,0,1,3445.764334,,0,0,,1
aep_full-mid_dispatch-ledger_postings-87771166-r13,p30,AEP_FULL,mid_dispatch,ledger_postings,NO_READBACK,CALLER_REFERENCE,778063e5-5e9f-481f-80a9-f0a017724f5a,CONFIRMED_APPLIED,FIRED_CONFIRMED,1,0,1,2825.479729,,0,0,,1
aep_full-mid_dispatch-ledger_postings-87771166-r13,p30,AEP_FULL,mid_dispatch,ledger_postings,NO_READBACK,CALLER_REFERENCE,ffb65396-0d7e-4cff-abee-d1c460092133,CONFIRMED_APPLIED,FIRED_CONFIRMED,1,0,1,3813.3554,,0,0,,1
aep_full-mid_dispatch-ledger_postings-87771166-r13,p30,AEP_FULL,mid_dispatch,ledger_postings,NO_READBACK,CALLER_REFERENCE,1e6e877b-5cfb-4510-b0b3-79b6b0f409d0,DECLARED_AMBIGUOUS,PERMANENTLY_AMBIGUOUS,1,1,0,,26881.0,0,0,,1
aep_full-mid_dispatch-ledger_postings-87771166-r13,p30,AEP_FULL,mid_dispatch,ledger_postings,NO_READBACK,CALLER_REFERENCE,d884f645-4c7a-41d5-a121-364c54cf179c,CONFIRMED_APPLIED,FIRED_CONFIRMED,1,0,1,3506.584024,,0,0,,0
aep_full-mid_dispatch-ledger_postings-87771166-r13,p30,AEP_FULL,mid_dispatch,ledger_postings,NO_READBACK,CALLER_REFERENCE,cd80581d-ac53-49bc-8609-b4a93a86fb33,DECLARED_AMBIGUOUS,PERMANENTLY_AMBIGUOUS,1,1,0,,36915.0,0,0,,1
aep_full-mid_dispatch-ledger_postings-87771166-r13,p30,AEP_FULL,mid_dispatch,ledger_postings,NO_READBACK,CALLER_REFERENCE,5e3df995-afd4-42da-805c-d798d08185ef,CONFIRMED_APPLIED,FIRED_CONFIRMED,1,0,1,3293.068797,,0,0,,0
aep_full-mid_dispatch-ledger_postings-87771166-r13,p30,AEP_FULL,mid_dispatch,ledger_postings,NO_READBACK,CALLER_REFERENCE,68c07723-893f-4f03-894e-bb44044e6694,DECLARED_AMBIGUOUS,PERMANENTLY_AMBIGUOUS,1,0,1,6220.580863,,0,0,,0
aep_full-mid_dispatch-ledger_postings-87771166-r13,p30,AEP_FULL,mid_dispatch,ledger_postings,NO_READBACK,CALLER_REFERENCE,9ed2549b-58e5-496a-8535-d4e313d1c43b,CONFIRMED_APPLIED,FIRED_CONFIRMED,1,0,1,3713.268679,,0,0,,0
aep_full-mid_dispatch-ledger_postings-87771166-r13,p30,AEP_FULL,mid_dispatch,ledger_postings,NO_READBACK,CALLER_REFERENCE,3634ea53-c2ba-47ec-b95d-41273584db3d,CONFIRMED_NOT_APPLIED,FAILED_CONFIRMED,0,0,0,,,0,0,,0
aep_full-mid_dispatch-ledger_postings-87771166-r14,p30,AEP_FULL,mid_dispatch,ledger_postings,NO_READBACK,CALLER_REFERENCE,efc3930a-3574-4f12-a1d7-ac689108d6d0,CONFIRMED_APPLIED,FIRED_CONFIRMED,1,0,1,3024.586556,,0,0,,0
aep_full-mid_dispatch-ledger_postings-87771166-r14,p30,AEP_FULL,mid_dispatch,ledger_postings,NO_READBACK,CALLER_REFERENCE,c06c30b4-9338-4089-b2b7-4e592977b849,CONFIRMED_APPLIED,FIRED_CONFIRMED,1,0,1,3090.594339,,0,0,,0
aep_full-mid_dispatch-ledger_postings-87771166-r14,p30,AEP_FULL,mid_dispatch,ledger_postings,NO_READBACK,CALLER_REFERENCE,a7b979b0-fb8e-4e68-b48d-b04a667e9538,CONFIRMED_APPLIED,FIRED_CONFIRMED,1,0,1,3915.551012,,0,0,,0
aep_full-mid_dispatch-ledger_postings-87771166-r14,p30,AEP_FULL,mid_dispatch,ledger_postings,NO_READBACK,CALLER_REFERENCE,28f2b355-3f1e-48c0-bea3-369359261de1,CONFIRMED_APPLIED,FIRED_CONFIRMED,1,0,1,3375.23541,,0,0,,0
aep_full-mid_dispatch-ledger_postings-87771166-r14,p30,AEP_FULL,mid_dispatch,ledger_postings,NO_READBACK,CALLER_REFERENCE,271b7ab0-e518-49e1-a8ab-a8288289a73b,CONFIRMED_APPLIED,FIRED_CONFIRMED,1,0,1,3017.239595,,0,0,,0
aep_full-mid_dispatch-ledger_postings-87771166-r14,p30,AEP_FULL,mid_dispatch,ledger_postings,NO_READBACK,CALLER_REFERENCE,75a805ae-977b-463f-85ef-fb1ff9bd8c8d,DECLARED_AMBIGUOUS,PERMANENTLY_AMBIGUOUS,0,1,0,,75433.0,0,0,,1
aep_full-mid_dispatch-ledger_postings-87771166-r14,p30,AEP_FULL,mid_dispatch,ledger_postings,NO_READBACK,CALLER_REFERENCE,a5897a8c-e706-493b-906d-f31c88277fd1,CONFIRMED_APPLIED,FIRED_CONFIRMED,1,0,1,4891.227597,,0,0,,1
aep_full-mid_dispatch-ledger_postings-87771166-r14,p30,AEP_FULL,mid_dispatch,ledger_postings,NO_READBACK,CALLER_REFERENCE,d31ee12f-bbc1-450b-8e52-127309a62b86,DECLARED_AMBIGUOUS,PERMANENTLY_AMBIGUOUS,1,1,0,,63498.0,0,0,,1
aep_full-mid_dispatch-ledger_postings-87771166-r14,p30,AEP_FULL,mid_dispatch,ledger_postings,NO_READBACK,CALLER_REFERENCE,d4b60ea8-8148-4980-b416-7724baaec71d,DECLARED_AMBIGUOUS,PERMANENTLY_AMBIGUOUS,1,0,1,6901.404543,,0,0,,0
aep_full-mid_dispatch-ledger_postings-87771166-r14,p30,AEP_FULL,mid_dispatch,ledger_postings,NO_READBACK,CALLER_REFERENCE,70cc5bc7-bf90-4cf2-8f39-2c3c6cb5dd9a,CONFIRMED_APPLIED,FIRED_CONFIRMED,1,0,1,3507.590463,,0,0,,0
aep_full-mid_dispatch-ledger_postings-87771166-r2,p30,AEP_FULL,mid_dispatch,ledger_postings,NO_READBACK,CALLER_REFERENCE,c0d2fcbf-77a4-4ce9-a2fd-e7998a07086f,CONFIRMED_APPLIED,FIRED_CONFIRMED,1,0,1,3320.882083,,0,0,,0
aep_full-mid_dispatch-ledger_postings-87771166-r2,p30,AEP_FULL,mid_dispatch,ledger_postings,NO_READBACK,CALLER_REFERENCE,68d45250-0ab6-4a5e-8ca4-3ceaed96740a,CONFIRMED_APPLIED,FIRED_CONFIRMED,1,0,1,3115.693352,,0,0,,0
aep_full-mid_dispatch-ledger_postings-87771166-r2,p30,AEP_FULL,mid_dispatch,ledger_postings,NO_READBACK,CALLER_REFERENCE,98e794d5-4f98-470d-a523-4559d6bbcd67,CONFIRMED_APPLIED,FIRED_CONFIRMED,1,0,1,3086.89396,,0,0,,0
aep_full-mid_dispatch-ledger_postings-87771166-r2,p30,AEP_FULL,mid_dispatch,ledger_postings,NO_READBACK,CALLER_REFERENCE,88dca445-59eb-4a75-bcf8-81b60998cb6a,CONFIRMED_APPLIED,FIRED_CONFIRMED,1,0,1,3898.299312,,0,0,,0
aep_full-mid_dispatch-ledger_postings-87771166-r2,p30,AEP_FULL,mid_dispatch,ledger_postings,NO_READBACK,CALLER_REFERENCE,9f42f933-39f4-4476-983a-1d88dbbc0b83,CONFIRMED_APPLIED,FIRED_CONFIRMED,1,0,1,4024.724776,,0,0,,0
aep_full-mid_dispatch-ledger_postings-87771166-r2,p30,AEP_FULL,mid_dispatch,ledger_postings,NO_READBACK,CALLER_REFERENCE,5287d870-1801-46b9-846d-44e24652472d,CONFIRMED_APPLIED,FIRED_CONFIRMED,1,0,1,3235.462761,,0,0,,1
aep_full-mid_dispatch-ledger_postings-87771166-r2,p30,AEP_FULL,mid_dispatch,ledger_postings,NO_READBACK,CALLER_REFERENCE,c1b4f78f-0391-4e70-85ed-3092fab3b6e3,DECLARED_AMBIGUOUS,PERMANENTLY_AMBIGUOUS,1,1,0,,40037.0,0,0,,1
aep_full-mid_dispatch-ledger_postings-87771166-r2,p30,AEP_FULL,mid_dispatch,ledger_postings,NO_READBACK,CALLER_REFERENCE,301929ac-48ff-48d8-84fd-fb308d83af48,DECLARED_AMBIGUOUS,PERMANENTLY_AMBIGUOUS,1,1,0,,35894.0,0,0,,1
aep_full-mid_dispatch-ledger_postings-87771166-r2,p30,AEP_FULL,mid_dispatch,ledger_postings,NO_READBACK,CALLER_REFERENCE,4d9e0a99-28ef-47d5-a0b5-d77172b5443b,DECLARED_AMBIGUOUS,PERMANENTLY_AMBIGUOUS,1,1,0,,31842.0,0,0,,1
aep_full-mid_dispatch-ledger_postings-87771166-r2,p30,AEP_FULL,mid_dispatch,ledger_postings,NO_READBACK,CALLER_REFERENCE,0919d102-9f2e-4a4f-b452-ea5f06210f61,DECLARED_AMBIGUOUS,PERMANENTLY_AMBIGUOUS,0,1,0,,27897.0,0,0,,1
aep_full-mid_dispatch-ledger_postings-87771166-r3,p30,AEP_FULL,mid_dispatch,ledger_postings,NO_READBACK,CALLER_REFERENCE,2aafed64-6437-4408-ac3a-2bf0d59a2402,CONFIRMED_APPLIED,FIRED_CONFIRMED,1,0,1,3919.230374,,0,0,,1
aep_full-mid_dispatch-ledger_postings-87771166-r3,p30,AEP_FULL,mid_dispatch,ledger_postings,NO_READBACK,CALLER_REFERENCE,41de6000-51e9-4c84-ae45-9f080cd624e2,CONFIRMED_APPLIED,FIRED_CONFIRMED,1,0,1,4015.996397,,0,0,,1
aep_full-mid_dispatch-ledger_postings-87771166-r3,p30,AEP_FULL,mid_dispatch,ledger_postings,NO_READBACK,CALLER_REFERENCE,8c26948e-c593-4737-8755-9e5544d0d3f1,CONFIRMED_APPLIED,FIRED_CONFIRMED,1,0,1,4014.772814,,0,0,,1
aep_full-mid_dispatch-ledger_postings-87771166-r3,p30,AEP_FULL,mid_dispatch,ledger_postings,NO_READBACK,CALLER_REFERENCE,26cc804a-b425-40b3-8146-a3d9a50187ca,DECLARED_AMBIGUOUS,PERMANENTLY_AMBIGUOUS,1,1,0,,29141.0,0,0,,1
aep_full-mid_dispatch-ledger_postings-87771166-r3,p30,AEP_FULL,mid_dispatch,ledger_postings,NO_READBACK,CALLER_REFERENCE,1c2d8a5b-9fe6-4be5-a97e-08023b67a5be,CONFIRMED_APPLIED,FIRED_CONFIRMED,1,0,1,2760.403307,,0,0,,0
aep_full-mid_dispatch-ledger_postings-87771166-r3,p30,AEP_FULL,mid_dispatch,ledger_postings,NO_READBACK,CALLER_REFERENCE,2be4e0ac-163f-4a40-9b22-0fb484aaefac,CONFIRMED_APPLIED,FIRED_CONFIRMED,1,0,1,3163.670337,,0,0,,1
aep_full-mid_dispatch-ledger_postings-87771166-r3,p30,AEP_FULL,mid_dispatch,ledger_postings,NO_READBACK,CALLER_REFERENCE,8c0ad1e6-42b0-4948-99a9-6bad3b97b776,DECLARED_AMBIGUOUS,PERMANENTLY_AMBIGUOUS,0,1,0,,38177.0,0,0,,1
aep_full-mid_dispatch-ledger_postings-87771166-r3,p30,AEP_FULL,mid_dispatch,ledger_postings,NO_READBACK,CALLER_REFERENCE,a98d86fd-a193-4a23-94d2-c78e1da664b0,CONFIRMED_APPLIED,FIRED_CONFIRMED,1,0,1,3527.477603,,0,0,,1
aep_full-mid_dispatch-ledger_postings-87771166-r3,p30,AEP_FULL,mid_dispatch,ledger_postings,NO_READBACK,CALLER_REFERENCE,5359dde4-4a01-491b-8c09-adb8f85f098e,DECLARED_AMBIGUOUS,PERMANENTLY_AMBIGUOUS,0,1,0,,31150.0,0,0,,1
aep_full-mid_dispatch-ledger_postings-87771166-r3,p30,AEP_FULL,mid_dispatch,ledger_postings,NO_READBACK,CALLER_REFERENCE,31dc5b44-9660-4527-86a9-ddd4c2775d8b,DECLARED_AMBIGUOUS,PERMANENTLY_AMBIGUOUS,0,1,0,,28239.0,0,0,,1
aep_full-mid_dispatch-ledger_postings-87771166-r4,p30,AEP_FULL,mid_dispatch,ledger_postings,NO_READBACK,CALLER_REFERENCE,13fe359e-07d9-443a-ab0f-c51d1d02f0f0,DECLARED_AMBIGUOUS,PERMANENTLY_AMBIGUOUS,1,1,0,,35017.0,0,0,,1
aep_full-mid_dispatch-ledger_postings-87771166-r4,p30,AEP_FULL,mid_dispatch,ledger_postings,NO_READBACK,CALLER_REFERENCE,edce9402-f8f8-45ea-b693-80c0f464774d,CONFIRMED_APPLIED,FIRED_CONFIRMED,1,0,1,3429.735606,,0,0,,0
aep_full-mid_dispatch-ledger_postings-87771166-r4,p30,AEP_FULL,mid_dispatch,ledger_postings,NO_READBACK,CALLER_REFERENCE,dbbe752f-dc65-4b78-a66a-89d913420b71,CONFIRMED_APPLIED,FIRED_CONFIRMED,1,0,1,4019.4222,,0,0,,0
aep_full-mid_dispatch-ledger_postings-87771166-r4,p30,AEP_FULL,mid_dispatch,ledger_postings,NO_READBACK,CALLER_REFERENCE,383c03ef-fcd0-499e-aab0-b0774c65d1db,CONFIRMED_APPLIED,FIRED_CONFIRMED,1,0,1,4021.699462,,0,0,,0
aep_full-mid_dispatch-ledger_postings-87771166-r4,p30,AEP_FULL,mid_dispatch,ledger_postings,NO_READBACK,CALLER_REFERENCE,41b811ba-3e5b-45ac-8f05-9ab56c54eb7d,CONFIRMED_APPLIED,FIRED_CONFIRMED,1,0,1,3913.632644,,0,0,,0
aep_full-mid_dispatch-ledger_postings-87771166-r4,p30,AEP_FULL,mid_dispatch,ledger_postings,NO_READBACK,CALLER_REFERENCE,f839449c-25aa-49e9-b60a-92856e2d90df,DECLARED_AMBIGUOUS,PERMANENTLY_AMBIGUOUS,1,1,0,,33814.0,0,0,,1
aep_full-mid_dispatch-ledger_postings-87771166-r4,p30,AEP_FULL,mid_dispatch,ledger_postings,NO_READBACK,CALLER_REFERENCE,57de55e1-0188-4511-bc81-d2fd446d834b,DECLARED_AMBIGUOUS,PERMANENTLY_AMBIGUOUS,1,1,0,,29764.0,0,0,,1
aep_full-mid_dispatch-ledger_postings-87771166-r4,p30,AEP_FULL,mid_dispatch,ledger_postings,NO_READBACK,CALLER_REFERENCE,f7015793-342e-44c2-b134-8cb5aa1f6a54,CONFIRMED_APPLIED,FIRED_CONFIRMED,1,0,1,3394.195373,,0,0,,0
aep_full-mid_dispatch-ledger_postings-87771166-r4,p30,AEP_FULL,mid_dispatch,ledger_postings,NO_READBACK,CALLER_REFERENCE,17824da4-67f5-40bb-bc8d-b0dbd6d32d2f,DECLARED_AMBIGUOUS,PERMANENTLY_AMBIGUOUS,0,0,1,3919.502147,,0,0,,0
aep_full-mid_dispatch-ledger_postings-87771166-r4,p30,AEP_FULL,mid_dispatch,ledger_postings,NO_READBACK,CALLER_REFERENCE,4c259109-dc45-4e03-a49c-5923af3d1a86,CONFIRMED_APPLIED,FIRED_CONFIRMED,1,0,1,4012.374742,,0,0,,0
aep_full-mid_dispatch-ledger_postings-87771166-r5,p30,AEP_FULL,mid_dispatch,ledger_postings,NO_READBACK,CALLER_REFERENCE,c6704e65-4c4f-4242-adfc-79e320642eda,DECLARED_AMBIGUOUS,PERMANENTLY_AMBIGUOUS,1,1,0,,47324.0,0,0,,1
aep_full-mid_dispatch-ledger_postings-87771166-r5,p30,AEP_FULL,mid_dispatch,ledger_postings,NO_READBACK,CALLER_REFERENCE,52c62ff8-280f-4621-a87c-68245ed305d8,DECLARED_AMBIGUOUS,PERMANENTLY_AMBIGUOUS,1,1,0,,44240.0,0,0,,1
aep_full-mid_dispatch-ledger_postings-87771166-r5,p30,AEP_FULL,mid_dispatch,ledger_postings,NO_READBACK,CALLER_REFERENCE,1ee4ddb5-e6f2-4c86-a146-e13f32ac9f90,DECLARED_AMBIGUOUS,PERMANENTLY_AMBIGUOUS,0,0,1,3529.344038,,0,0,,1
aep_full-mid_dispatch-ledger_postings-87771166-r5,p30,AEP_FULL,mid_dispatch,ledger_postings,NO_READBACK,CALLER_REFERENCE,abe7256f-0b67-44d7-b121-637dca28a03c,DECLARED_AMBIGUOUS,PERMANENTLY_AMBIGUOUS,1,0,1,6790.865644,,0,0,,1
aep_full-mid_dispatch-ledger_postings-87771166-r5,p30,AEP_FULL,mid_dispatch,ledger_postings,NO_READBACK,CALLER_REFERENCE,02260b6a-1a61-48de-8e3b-7aac9b21d7dc,DECLARED_AMBIGUOUS,PERMANENTLY_AMBIGUOUS,1,1,0,,30178.0,0,0,,1
aep_full-mid_dispatch-ledger_postings-87771166-r5,p30,AEP_FULL,mid_dispatch,ledger_postings,NO_READBACK,CALLER_REFERENCE,962b30b6-146d-42f1-945a-313fc767c2bb,DECLARED_AMBIGUOUS,PERMANENTLY_AMBIGUOUS,1,0,1,6059.757143,,0,0,,1
aep_full-mid_dispatch-ledger_postings-87771166-r5,p30,AEP_FULL,mid_dispatch,ledger_postings,NO_READBACK,CALLER_REFERENCE,3db6f436-216e-413b-88b7-2e003de44dca,CONFIRMED_APPLIED,FIRED_CONFIRMED,1,0,1,2827.073441,,0,0,,1
aep_full-mid_dispatch-ledger_postings-87771166-r5,p30,AEP_FULL,mid_dispatch,ledger_postings,NO_READBACK,CALLER_REFERENCE,c7239541-3fa5-49de-a73c-eda66c28f94f,DECLARED_AMBIGUOUS,PERMANENTLY_AMBIGUOUS,1,0,1,6008.505907,,0,0,,1
aep_full-mid_dispatch-ledger_postings-87771166-r5,p30,AEP_FULL,mid_dispatch,ledger_postings,NO_READBACK,CALLER_REFERENCE,f9da1565-2dd7-485c-80bb-81e1f42203a7,CONFIRMED_APPLIED,FIRED_CONFIRMED,1,0,1,3677.266449,,0,0,,1
aep_full-mid_dispatch-ledger_postings-87771166-r5,p30,AEP_FULL,mid_dispatch,ledger_postings,NO_READBACK,CALLER_REFERENCE,d79e6cca-1336-4d0b-9f94-53836f2b1357,DECLARED_AMBIGUOUS,PERMANENTLY_AMBIGUOUS,1,1,0,,28170.0,0,0,,1
aep_full-mid_dispatch-ledger_postings-87771166-r6,p30,AEP_FULL,mid_dispatch,ledger_postings,NO_READBACK,CALLER_REFERENCE,90fb2c40-7c21-4bb2-83aa-e90ad7d2ecfe,DECLARED_AMBIGUOUS,PERMANENTLY_AMBIGUOUS,1,1,0,,34810.0,0,0,,1
aep_full-mid_dispatch-ledger_postings-87771166-r6,p30,AEP_FULL,mid_dispatch,ledger_postings,NO_READBACK,CALLER_REFERENCE,a916114c-7b48-4e68-8dfb-3d28ed849deb,DECLARED_AMBIGUOUS,PERMANENTLY_AMBIGUOUS,1,1,0,,31793.0,0,0,,1
aep_full-mid_dispatch-ledger_postings-87771166-r6,p30,AEP_FULL,mid_dispatch,ledger_postings,NO_READBACK,CALLER_REFERENCE,745a717d-3d0d-4786-839e-92b0232a4f52,DECLARED_AMBIGUOUS,PERMANENTLY_AMBIGUOUS,0,0,1,3326.766167,,0,0,,0
aep_full-mid_dispatch-ledger_postings-87771166-r6,p30,AEP_FULL,mid_dispatch,ledger_postings,NO_READBACK,CALLER_REFERENCE,b5643035-bbf3-46c7-9bc6-ba84d6c28fbf,CONFIRMED_APPLIED,FIRED_CONFIRMED,1,0,1,4015.637505,,0,0,,0
aep_full-mid_dispatch-ledger_postings-87771166-r6,p30,AEP_FULL,mid_dispatch,ledger_postings,NO_READBACK,CALLER_REFERENCE,9f76bbea-215d-473b-b455-c5b87630b6f7,CONFIRMED_APPLIED,FIRED_CONFIRMED,1,0,1,4014.268156,,0,0,,0
aep_full-mid_dispatch-ledger_postings-87771166-r6,p30,AEP_FULL,mid_dispatch,ledger_postings,NO_READBACK,CALLER_REFERENCE,943a3c2b-3cce-460b-8ae7-7f359bf3d1df,CONFIRMED_APPLIED,FIRED_CONFIRMED,1,0,1,3266.354499,,0,0,,1
aep_full-mid_dispatch-ledger_postings-87771166-r6,p30,AEP_FULL,mid_dispatch,ledger_postings,NO_READBACK,CALLER_REFERENCE,3a6ef733-5de6-4cb7-8b2d-419baf11d7b2,CONFIRMED_APPLIED,FIRED_CONFIRMED,1,0,1,2720.975112,,0,0,,1
aep_full-mid_dispatch-ledger_postings-87771166-r6,p30,AEP_FULL,mid_dispatch,ledger_postings,NO_READBACK,CALLER_REFERENCE,91ce143a-9df4-445b-a51a-77f327926588,CONFIRMED_APPLIED,FIRED_CONFIRMED,1,0,1,2952.06991,,0,0,,1
aep_full-mid_dispatch-ledger_postings-87771166-r6,p30,AEP_FULL,mid_dispatch,ledger_postings,NO_READBACK,CALLER_REFERENCE,bc6be923-11d9-4655-97a3-0b4a015d48e3,DECLARED_AMBIGUOUS,PERMANENTLY_AMBIGUOUS,1,1,0,,25832.0,0,0,,1
aep_full-mid_dispatch-ledger_postings-87771166-r6,p30,AEP_FULL,mid_dispatch,ledger_postings,NO_READBACK,CALLER_REFERENCE,daa4e000-f332-4f89-914c-df86934d1a3c,CONFIRMED_APPLIED,FIRED_CONFIRMED,1,0,1,3528.295724,,0,0,,0
aep_full-mid_dispatch-ledger_postings-87771166-r7,p30,AEP_FULL,mid_dispatch,ledger_postings,NO_READBACK,CALLER_REFERENCE,60eee793-edf1-40d4-b4e0-868158d53022,CONFIRMED_APPLIED,FIRED_CONFIRMED,1,0,1,2786.789725,,0,0,,1
aep_full-mid_dispatch-ledger_postings-87771166-r7,p30,AEP_FULL,mid_dispatch,ledger_postings,NO_READBACK,CALLER_REFERENCE,75a0db56-5a31-42bf-851f-7e544b177dee,CONFIRMED_APPLIED,FIRED_CONFIRMED,1,0,1,3737.299845,,0,0,,1
aep_full-mid_dispatch-ledger_postings-87771166-r7,p30,AEP_FULL,mid_dispatch,ledger_postings,NO_READBACK,CALLER_REFERENCE,379e161e-043d-474c-9192-3ad187af76c4,DECLARED_AMBIGUOUS,PERMANENTLY_AMBIGUOUS,1,1,0,,33031.0,0,0,,1
aep_full-mid_dispatch-ledger_postings-87771166-r7,p30,AEP_FULL,mid_dispatch,ledger_postings,NO_READBACK,CALLER_REFERENCE,b6ed480d-6e6b-4387-bbc5-81e07c51ea64,CONFIRMED_APPLIED,FIRED_CONFIRMED,1,0,1,3687.384316,,0,0,,1
aep_full-mid_dispatch-ledger_postings-87771166-r7,p30,AEP_FULL,mid_dispatch,ledger_postings,NO_READBACK,CALLER_REFERENCE,ab583398-202b-48b0-b969-87b1fd56894e,DECLARED_AMBIGUOUS,PERMANENTLY_AMBIGUOUS,1,1,0,,26163.0,0,0,,1
aep_full-mid_dispatch-ledger_postings-87771166-r7,p30,AEP_FULL,mid_dispatch,ledger_postings,NO_READBACK,CALLER_REFERENCE,ff72eda2-bbbc-43b7-9b04-65dcd143c22f,CONFIRMED_APPLIED,FIRED_CONFIRMED,1,0,1,3703.854624,,0,0,,1
aep_full-mid_dispatch-ledger_postings-87771166-r7,p30,AEP_FULL,mid_dispatch,ledger_postings,NO_READBACK,CALLER_REFERENCE,a6dc1d21-d7b7-45d6-ac67-87c1c8e52205,DECLARED_AMBIGUOUS,PERMANENTLY_AMBIGUOUS,1,1,0,,36233.0,0,0,,1
aep_full-mid_dispatch-ledger_postings-87771166-r7,p30,AEP_FULL,mid_dispatch,ledger_postings,NO_READBACK,CALLER_REFERENCE,960e0aa4-8fc6-4bae-8cff-6bae2af9afe2,DECLARED_AMBIGUOUS,PERMANENTLY_AMBIGUOUS,1,1,0,,33031.0,0,0,,1
aep_full-mid_dispatch-ledger_postings-87771166-r7,p30,AEP_FULL,mid_dispatch,ledger_postings,NO_READBACK,CALLER_REFERENCE,761d43f2-9b6f-452a-9ce6-9e7cc3e4fbc8,CONFIRMED_APPLIED,FIRED_CONFIRMED,1,0,1,2817.102766,,0,0,,1
aep_full-mid_dispatch-ledger_postings-87771166-r7,p30,AEP_FULL,mid_dispatch,ledger_postings,NO_READBACK,CALLER_REFERENCE,4c01157d-58fa-42ce-a981-719eeae1073b,DECLARED_AMBIGUOUS,PERMANENTLY_AMBIGUOUS,1,1,0,,27077.0,0,0,,1
aep_full-mid_dispatch-ledger_postings-87771166-r8,p30,AEP_FULL,mid_dispatch,ledger_postings,NO_READBACK,CALLER_REFERENCE,ee92ff62-082d-4fb0-b412-08e742195e83,CONFIRMED_APPLIED,FIRED_CONFIRMED,1,0,1,3275.622604,,0,0,,1
aep_full-mid_dispatch-ledger_postings-87771166-r8,p30,AEP_FULL,mid_dispatch,ledger_postings,NO_READBACK,CALLER_REFERENCE,c39517e4-b4a4-465c-9b2a-5fcc727105e4,DECLARED_AMBIGUOUS,PERMANENTLY_AMBIGUOUS,1,1,0,,40233.0,0,0,,1
aep_full-mid_dispatch-ledger_postings-87771166-r8,p30,AEP_FULL,mid_dispatch,ledger_postings,NO_READBACK,CALLER_REFERENCE,d0e812c8-b610-49a2-8acd-e84d4f3e0b14,CONFIRMED_APPLIED,FIRED_CONFIRMED,1,0,1,3747.626057,,0,0,,1
aep_full-mid_dispatch-ledger_postings-87771166-r8,p30,AEP_FULL,mid_dispatch,ledger_postings,NO_READBACK,CALLER_REFERENCE,72c31c7c-c63f-4663-9882-c2a986054467,CONFIRMED_APPLIED,FIRED_CONFIRMED,1,0,1,4013.699005,,0,0,,1
aep_full-mid_dispatch-ledger_postings-87771166-r8,p30,AEP_FULL,mid_dispatch,ledger_postings,NO_READBACK,CALLER_REFERENCE,4f539668-3a95-44c6-99a4-4c4aedee6c3a,DECLARED_AMBIGUOUS,PERMANENTLY_AMBIGUOUS,1,1,0,,28191.0,0,0,,1
aep_full-mid_dispatch-ledger_postings-87771166-r8,p30,AEP_FULL,mid_dispatch,ledger_postings,NO_READBACK,CALLER_REFERENCE,132c32d2-9c1f-425d-bc38-3e02975ead01,CONFIRMED_APPLIED,FIRED_CONFIRMED,1,0,1,3742.953922,,0,0,,1
aep_full-mid_dispatch-ledger_postings-87771166-r8,p30,AEP_FULL,mid_dispatch,ledger_postings,NO_READBACK,CALLER_REFERENCE,31e59df6-203e-4841-a589-ed18432590cb,CONFIRMED_APPLIED,FIRED_CONFIRMED,1,0,1,3210.905788,,0,0,,1
aep_full-mid_dispatch-ledger_postings-87771166-r8,p30,AEP_FULL,mid_dispatch,ledger_postings,NO_READBACK,CALLER_REFERENCE,548c1c10-1723-4910-b750-809e1a776982,DECLARED_AMBIGUOUS,PERMANENTLY_AMBIGUOUS,0,0,1,3008.681758,,0,0,,1
aep_full-mid_dispatch-ledger_postings-87771166-r8,p30,AEP_FULL,mid_dispatch,ledger_postings,NO_READBACK,CALLER_REFERENCE,3b30472b-a22f-4b0c-9043-3d22831b3e82,CONFIRMED_APPLIED,FIRED_CONFIRMED,1,0,1,3814.823692,,0,0,,1
aep_full-mid_dispatch-ledger_postings-87771166-r8,p30,AEP_FULL,mid_dispatch,ledger_postings,NO_READBACK,CALLER_REFERENCE,da51d8ad-d074-479b-9e01-ae49e89162b7,DECLARED_AMBIGUOUS,PERMANENTLY_AMBIGUOUS,1,1,0,,29194.0,0,0,,1
aep_full-mid_dispatch-ledger_postings-87771166-r9,p30,AEP_FULL,mid_dispatch,ledger_postings,NO_READBACK,CALLER_REFERENCE,d61770b2-22bd-4533-8c0c-22fd9b4bb194,CONFIRMED_APPLIED,FIRED_CONFIRMED,1,0,1,3535.186791,,0,0,,1
aep_full-mid_dispatch-ledger_postings-87771166-r9,p30,AEP_FULL,mid_dispatch,ledger_postings,NO_READBACK,CALLER_REFERENCE,f7f5b9fd-0ac5-43df-b654-0d4971ba5c5a,CONFIRMED_APPLIED,FIRED_CONFIRMED,1,0,1,3861.734464,,0,0,,1
aep_full-mid_dispatch-ledger_postings-87771166-r9,p30,AEP_FULL,mid_dispatch,ledger_postings,NO_READBACK,CALLER_REFERENCE,f6057016-7501-4bcc-b560-27330c40e67d,DECLARED_AMBIGUOUS,PERMANENTLY_AMBIGUOUS,1,1,0,,30687.0,0,0,,1
aep_full-mid_dispatch-ledger_postings-87771166-r9,p30,AEP_FULL,mid_dispatch,ledger_postings,NO_READBACK,CALLER_REFERENCE,c213c695-45e6-4f89-95e9-05a063bc4d51,DECLARED_AMBIGUOUS,PERMANENTLY_AMBIGUOUS,1,1,0,,26553.0,0,0,,1
aep_full-mid_dispatch-ledger_postings-87771166-r9,p30,AEP_FULL,mid_dispatch,ledger_postings,NO_READBACK,CALLER_REFERENCE,bbcf4233-c071-45e7-9382-3ae64491aa6d,CONFIRMED_APPLIED,FIRED_CONFIRMED,1,0,1,3177.11448,,0,0,,0
aep_full-mid_dispatch-ledger_postings-87771166-r9,p30,AEP_FULL,mid_dispatch,ledger_postings,NO_READBACK,CALLER_REFERENCE,ee699234-baf0-4e90-997c-fbd782c484d7,CONFIRMED_APPLIED,FIRED_CONFIRMED,1,0,1,3020.792446,,0,0,,0
aep_full-mid_dispatch-ledger_postings-87771166-r9,p30,AEP_FULL,mid_dispatch,ledger_postings,NO_READBACK,CALLER_REFERENCE,1c3361cf-3bfe-49ad-b0f5-1d9074fd5477,CONFIRMED_APPLIED,FIRED_CONFIRMED,1,0,1,3348.545097,,0,0,,0
aep_full-mid_dispatch-ledger_postings-87771166-r9,p30,AEP_FULL,mid_dispatch,ledger_postings,NO_READBACK,CALLER_REFERENCE,49b40a35-f1f2-4804-9ff9-9fa72bce4f94,CONFIRMED_APPLIED,FIRED_CONFIRMED,1,0,1,4138.282636,,0,0,,0
aep_full-mid_dispatch-ledger_postings-87771166-r9,p30,AEP_FULL,mid_dispatch,ledger_postings,NO_READBACK,CALLER_REFERENCE,66da64fc-0ac7-42aa-bcf4-79b7f8c539a9,CONFIRMED_APPLIED,FIRED_CONFIRMED,1,0,1,4064.381278,,0,0,,0
aep_full-mid_dispatch-ledger_postings-87771166-r9,p30,AEP_FULL,mid_dispatch,ledger_postings,NO_READBACK,CALLER_REFERENCE,31ea6275-f4b2-4684-a453-282f065f9a8a,CONFIRMED_APPLIED,FIRED_CONFIRMED,1,0,1,3914.890673,,0,0,,0
aep_full-mid_dispatch-notifications-50f70823-r0,p30,AEP_FULL,mid_dispatch,notifications,POSITIVE_ONLY_READBACK,CALLER_REFERENCE,96f5bbed-673b-4b0b-86fa-1e966e4c76dc,CONFIRMED_APPLIED,FIRED_CONFIRMED,1,0,1,7485.587819,,0,0,,1
aep_full-mid_dispatch-notifications-50f70823-r0,p30,AEP_FULL,mid_dispatch,notifications,POSITIVE_ONLY_READBACK,CALLER_REFERENCE,12c31cea-565d-47ef-933c-e618468a0f55,CONFIRMED_APPLIED,FIRED_CONFIRMED,1,0,1,4058.331708,,0,0,,1
aep_full-mid_dispatch-notifications-50f70823-r0,p30,AEP_FULL,mid_dispatch,notifications,POSITIVE_ONLY_READBACK,CALLER_REFERENCE,8bf7ba96-2655-44ce-bce0-b02c1fa1b5a0,CONFIRMED_APPLIED,FIRED_CONFIRMED,1,0,1,4009.461048,,0,0,,1
aep_full-mid_dispatch-notifications-50f70823-r0,p30,AEP_FULL,mid_dispatch,notifications,POSITIVE_ONLY_READBACK,CALLER_REFERENCE,41b83ee5-6767-42c5-bf0a-619f0a52908b,CONFIRMED_APPLIED,FIRED_CONFIRMED,1,1,0,,28058.0,0,0,,1
aep_full-mid_dispatch-notifications-50f70823-r0,p30,AEP_FULL,mid_dispatch,notifications,POSITIVE_ONLY_READBACK,CALLER_REFERENCE,c671bfa6-1be1-494f-8850-4b4aeed66be9,CONFIRMED_APPLIED,FIRED_CONFIRMED,1,0,1,4048.038846,,0,0,,0
aep_full-mid_dispatch-notifications-50f70823-r0,p30,AEP_FULL,mid_dispatch,notifications,POSITIVE_ONLY_READBACK,CALLER_REFERENCE,da8eeafb-a3e0-4cf0-81e4-87f910916383,CONFIRMED_APPLIED,FIRED_CONFIRMED,1,0,1,4703.632882,,0,0,,1
aep_full-mid_dispatch-notifications-50f70823-r0,p30,AEP_FULL,mid_dispatch,notifications,POSITIVE_ONLY_READBACK,CALLER_REFERENCE,0b49a1c3-a989-44ef-96a7-2bd10cd53e52,CONFIRMED_APPLIED,FIRED_CONFIRMED,1,0,1,3419.857339,,0,0,,1
aep_full-mid_dispatch-notifications-50f70823-r0,p30,AEP_FULL,mid_dispatch,notifications,POSITIVE_ONLY_READBACK,CALLER_REFERENCE,48a93a61-7f5c-4df4-9545-77f039ecd24f,CONFIRMED_APPLIED,FIRED_CONFIRMED,1,0,1,3518.527692,,0,0,,1
aep_full-mid_dispatch-notifications-50f70823-r0,p30,AEP_FULL,mid_dispatch,notifications,POSITIVE_ONLY_READBACK,CALLER_REFERENCE,cc170df2-9ff5-4a0c-8c01-2a9749a81762,CONFIRMED_APPLIED,FIRED_CONFIRMED,1,0,1,4017.88466,,0,0,,1
aep_full-mid_dispatch-notifications-50f70823-r0,p30,AEP_FULL,mid_dispatch,notifications,POSITIVE_ONLY_READBACK,CALLER_REFERENCE,fad6d445-54e4-44f0-a08a-7fc187e026db,CONFIRMED_APPLIED,FIRED_CONFIRMED,1,1,0,,30066.0,0,0,,1
aep_full-mid_dispatch-notifications-50f70823-r1,p30,AEP_FULL,mid_dispatch,notifications,POSITIVE_ONLY_READBACK,CALLER_REFERENCE,17df102b-0536-4734-836d-9dcb866ddd9e,DECLARED_AMBIGUOUS,FIRED_UNCONFIRMED,0,1,0,,148829.0,0,0,,1
aep_full-mid_dispatch-notifications-50f70823-r1,p30,AEP_FULL,mid_dispatch,notifications,POSITIVE_ONLY_READBACK,CALLER_REFERENCE,6b795475-7503-4eda-8f1d-21fb06ab7073,CONFIRMED_APPLIED,FIRED_CONFIRMED,1,0,1,6262.683199,,0,0,,1
aep_full-mid_dispatch-notifications-50f70823-r1,p30,AEP_FULL,mid_dispatch,notifications,POSITIVE_ONLY_READBACK,CALLER_REFERENCE,6d6f34fb-0e53-43c7-a0d2-da651ef72569,CONFIRMED_APPLIED,FIRED_CONFIRMED,1,1,0,,134951.0,0,0,,1
aep_full-mid_dispatch-notifications-50f70823-r1,p30,AEP_FULL,mid_dispatch,notifications,POSITIVE_ONLY_READBACK,CALLER_REFERENCE,69d1af53-d955-4923-a14f-dc83fa342b01,CONFIRMED_APPLIED,FIRED_CONFIRMED,1,0,1,6152.502533,,0,0,,0
aep_full-mid_dispatch-notifications-50f70823-r1,p30,AEP_FULL,mid_dispatch,notifications,POSITIVE_ONLY_READBACK,CALLER_REFERENCE,11e16ea3-8f4d-4045-a148-91ac9b15ab6b,DECLARED_AMBIGUOUS,FIRED_UNCONFIRMED,0,0,1,3514.415327,,0,0,,0
aep_full-mid_dispatch-notifications-50f70823-r1,p30,AEP_FULL,mid_dispatch,notifications,POSITIVE_ONLY_READBACK,CALLER_REFERENCE,b92e0cf1-89a0-49a6-bed3-90649f248cd7,CONFIRMED_APPLIED,FIRED_CONFIRMED,1,0,1,3996.288937,,0,0,,1
aep_full-mid_dispatch-notifications-50f70823-r1,p30,AEP_FULL,mid_dispatch,notifications,POSITIVE_ONLY_READBACK,CALLER_REFERENCE,bef4e3b7-4c05-41dc-bd0f-8b733ee05169,CONFIRMED_APPLIED,FIRED_CONFIRMED,1,0,1,3620.159099,,0,0,,1
aep_full-mid_dispatch-notifications-50f70823-r1,p30,AEP_FULL,mid_dispatch,notifications,POSITIVE_ONLY_READBACK,CALLER_REFERENCE,39331498-6760-4ccf-8273-a8adad93ba23,CONFIRMED_APPLIED,FIRED_CONFIRMED,1,1,0,,138862.0,0,0,,1
aep_full-mid_dispatch-notifications-50f70823-r1,p30,AEP_FULL,mid_dispatch,notifications,POSITIVE_ONLY_READBACK,CALLER_REFERENCE,b5332053-6c39-4d69-9b4e-6b70cf2a1ef9,CONFIRMED_APPLIED,FIRED_CONFIRMED,1,0,1,3831.707198,,0,0,,1
aep_full-mid_dispatch-notifications-50f70823-r1,p30,AEP_FULL,mid_dispatch,notifications,POSITIVE_ONLY_READBACK,CALLER_REFERENCE,4fcb527d-883a-45e6-8398-ea940f38e859,CONFIRMED_APPLIED,FIRED_CONFIRMED,1,1,0,,129921.0,0,0,,1
aep_full-mid_dispatch-notifications-50f70823-r10,p30,AEP_FULL,mid_dispatch,notifications,POSITIVE_ONLY_READBACK,CALLER_REFERENCE,75195ab3-df8a-4456-92dd-43eda7e512f3,CONFIRMED_APPLIED,FIRED_CONFIRMED,1,0,1,3291.977706,,0,0,,1
aep_full-mid_dispatch-notifications-50f70823-r10,p30,AEP_FULL,mid_dispatch,notifications,POSITIVE_ONLY_READBACK,CALLER_REFERENCE,ecc06b53-3d8a-44aa-ba3b-e42f866cf5c7,CONFIRMED_APPLIED,FIRED_CONFIRMED,1,0,1,3541.599031,,0,0,,1
aep_full-mid_dispatch-notifications-50f70823-r10,p30,AEP_FULL,mid_dispatch,notifications,POSITIVE_ONLY_READBACK,CALLER_REFERENCE,7a6b289c-70e3-44c9-a573-51215289c6ca,CONFIRMED_APPLIED,FIRED_CONFIRMED,1,0,1,7046.569204,,0,0,,1
aep_full-mid_dispatch-notifications-50f70823-r10,p30,AEP_FULL,mid_dispatch,notifications,POSITIVE_ONLY_READBACK,CALLER_REFERENCE,cf62995a-244f-4071-b29a-9a3054446b8a,CONFIRMED_APPLIED,FIRED_CONFIRMED,1,1,0,,125252.0,0,0,,1
aep_full-mid_dispatch-notifications-50f70823-r10,p30,AEP_FULL,mid_dispatch,notifications,POSITIVE_ONLY_READBACK,CALLER_REFERENCE,acc06049-3e92-4373-9974-d8c70756bf78,CONFIRMED_APPLIED,FIRED_CONFIRMED,1,1,0,,121328.0,0,0,,1
aep_full-mid_dispatch-notifications-50f70823-r10,p30,AEP_FULL,mid_dispatch,notifications,POSITIVE_ONLY_READBACK,CALLER_REFERENCE,f48ac213-e0c6-4cb1-be1e-3a0549c5666e,CONFIRMED_APPLIED,FIRED_CONFIRMED,1,0,1,3937.567238,,0,0,,1
aep_full-mid_dispatch-notifications-50f70823-r10,p30,AEP_FULL,mid_dispatch,notifications,POSITIVE_ONLY_READBACK,CALLER_REFERENCE,0d990d6b-f4f5-4b16-a419-ade44c6675bb,DECLARED_AMBIGUOUS,FIRED_UNCONFIRMED,0,0,1,4021.812161,,0,0,,1
aep_full-mid_dispatch-notifications-50f70823-r10,p30,AEP_FULL,mid_dispatch,notifications,POSITIVE_ONLY_READBACK,CALLER_REFERENCE,cf1a0b36-de69-4133-8e13-eb3176f10ba3,CONFIRMED_APPLIED,FIRED_CONFIRMED,1,1,0,,131288.0,0,0,,1
aep_full-mid_dispatch-notifications-50f70823-r10,p30,AEP_FULL,mid_dispatch,notifications,POSITIVE_ONLY_READBACK,CALLER_REFERENCE,cfe9f23d-c5bd-480f-8442-c2d3c2a727b3,CONFIRMED_APPLIED,FIRED_CONFIRMED,1,0,1,3894.617671,,0,0,,0
aep_full-mid_dispatch-notifications-50f70823-r10,p30,AEP_FULL,mid_dispatch,notifications,POSITIVE_ONLY_READBACK,CALLER_REFERENCE,c675708b-6eb4-4264-81fa-ef5b0fbdc57a,CONFIRMED_APPLIED,FIRED_CONFIRMED,1,0,1,3817.211018,,0,0,,0
aep_full-mid_dispatch-notifications-50f70823-r11,p30,AEP_FULL,mid_dispatch,notifications,POSITIVE_ONLY_READBACK,CALLER_REFERENCE,a44ce349-0fee-4ca4-8e3f-65bdf35a3528,CONFIRMED_APPLIED,FIRED_CONFIRMED,1,0,1,3512.41732,,0,0,,1
aep_full-mid_dispatch-notifications-50f70823-r11,p30,AEP_FULL,mid_dispatch,notifications,POSITIVE_ONLY_READBACK,CALLER_REFERENCE,d7b7c811-3083-447e-8b4b-ee6596fcabf3,CONFIRMED_APPLIED,FIRED_CONFIRMED,1,1,0,,136706.0,0,0,,1
aep_full-mid_dispatch-notifications-50f70823-r11,p30,AEP_FULL,mid_dispatch,notifications,POSITIVE_ONLY_READBACK,CALLER_REFERENCE,b7cd68c8-a526-41fd-bbbb-bf153c92536f,DECLARED_AMBIGUOUS,FIRED_UNCONFIRMED,0,1,0,,131909.0,0,0,,1
aep_full-mid_dispatch-notifications-50f70823-r11,p30,AEP_FULL,mid_dispatch,notifications,POSITIVE_ONLY_READBACK,CALLER_REFERENCE,143e5e7b-594b-471e-82be-3c43c59c08d4,CONFIRMED_APPLIED,FIRED_CONFIRMED,1,0,1,3273.666276,,0,0,,1
aep_full-mid_dispatch-notifications-50f70823-r11,p30,AEP_FULL,mid_dispatch,notifications,POSITIVE_ONLY_READBACK,CALLER_REFERENCE,1c3e65a9-5d93-4602-b984-eafe20b59b61,CONFIRMED_APPLIED,FIRED_CONFIRMED,1,1,0,,122750.0,0,0,,1
aep_full-mid_dispatch-notifications-50f70823-r11,p30,AEP_FULL,mid_dispatch,notifications,POSITIVE_ONLY_READBACK,CALLER_REFERENCE,42201854-0538-4e5d-a87e-524079a69815,DECLARED_AMBIGUOUS,FIRED_UNCONFIRMED,0,1,0,,139982.0,0,0,,1
aep_full-mid_dispatch-notifications-50f70823-r11,p30,AEP_FULL,mid_dispatch,notifications,POSITIVE_ONLY_READBACK,CALLER_REFERENCE,560b8498-0d5b-4647-963a-107dda4afb2a,DECLARED_AMBIGUOUS,FIRED_UNCONFIRMED,0,1,0,,135935.0,0,0,,1
aep_full-mid_dispatch-notifications-50f70823-r11,p30,AEP_FULL,mid_dispatch,notifications,POSITIVE_ONLY_READBACK,CALLER_REFERENCE,53b6d09c-1ec4-421c-8af7-b3567634f665,DECLARED_AMBIGUOUS,FIRED_UNCONFIRMED,0,1,0,,130831.0,0,0,,1
aep_full-mid_dispatch-notifications-50f70823-r11,p30,AEP_FULL,mid_dispatch,notifications,POSITIVE_ONLY_READBACK,CALLER_REFERENCE,dc8f3ad2-746c-4e64-ae3a-d227d82e662b,DECLARED_AMBIGUOUS,FIRED_UNCONFIRMED,0,1,0,,124761.0,0,0,,1
aep_full-mid_dispatch-notifications-50f70823-r11,p30,AEP_FULL,mid_dispatch,notifications,POSITIVE_ONLY_READBACK,CALLER_REFERENCE,6dfa3d1c-e93d-4ff5-bb1a-8b3be92c7429,CONFIRMED_APPLIED,FIRED_CONFIRMED,1,1,0,,120746.0,0,0,,1
aep_full-mid_dispatch-notifications-50f70823-r12,p30,AEP_FULL,mid_dispatch,notifications,POSITIVE_ONLY_READBACK,CALLER_REFERENCE,c41f9c43-e588-4fb2-bd37-780336b8102f,CONFIRMED_APPLIED,FIRED_CONFIRMED,1,0,1,3320.625786,,0,0,,1
aep_full-mid_dispatch-notifications-50f70823-r12,p30,AEP_FULL,mid_dispatch,notifications,POSITIVE_ONLY_READBACK,CALLER_REFERENCE,011bab3a-43ff-46e8-ac0e-51908bf3c4a6,CONFIRMED_APPLIED,FIRED_CONFIRMED,1,1,0,,135692.0,0,0,,1
aep_full-mid_dispatch-notifications-50f70823-r12,p30,AEP_FULL,mid_dispatch,notifications,POSITIVE_ONLY_READBACK,CALLER_REFERENCE,d8b5b34b-1fa8-4dd7-aede-8de90a900151,CONFIRMED_APPLIED,FIRED_CONFIRMED,1,0,1,3607.312927,,0,0,,1
aep_full-mid_dispatch-notifications-50f70823-r12,p30,AEP_FULL,mid_dispatch,notifications,POSITIVE_ONLY_READBACK,CALLER_REFERENCE,c118faf0-2ff1-4555-bffd-6d24545cace0,CONFIRMED_APPLIED,FIRED_CONFIRMED,1,1,0,,126759.0,0,0,,1
aep_full-mid_dispatch-notifications-50f70823-r12,p30,AEP_FULL,mid_dispatch,notifications,POSITIVE_ONLY_READBACK,CALLER_REFERENCE,40968a13-9e1a-40cf-8e49-a0d218c7c0b4,DECLARED_AMBIGUOUS,FIRED_UNCONFIRMED,0,1,0,,121733.0,0,0,,1
aep_full-mid_dispatch-notifications-50f70823-r12,p30,AEP_FULL,mid_dispatch,notifications,POSITIVE_ONLY_READBACK,CALLER_REFERENCE,72cac29e-8782-4c82-bc3d-b7ac7752d461,CONFIRMED_APPLIED,FIRED_CONFIRMED,1,0,1,3810.946237,,0,0,,0
aep_full-mid_dispatch-notifications-50f70823-r12,p30,AEP_FULL,mid_dispatch,notifications,POSITIVE_ONLY_READBACK,CALLER_REFERENCE,4b774c95-8aae-4c81-b1e0-4f167b1573ea,CONFIRMED_APPLIED,FIRED_CONFIRMED,1,0,1,3153.598172,,0,0,,0
aep_full-mid_dispatch-notifications-50f70823-r12,p30,AEP_FULL,mid_dispatch,notifications,POSITIVE_ONLY_READBACK,CALLER_REFERENCE,705caf0f-f854-4ea6-95bb-14fe3c90e38f,CONFIRMED_APPLIED,FIRED_CONFIRMED,1,0,1,3874.919041,,0,0,,0
aep_full-mid_dispatch-notifications-50f70823-r12,p30,AEP_FULL,mid_dispatch,notifications,POSITIVE_ONLY_READBACK,CALLER_REFERENCE,5c127770-49b4-42fb-a67c-08df8adabcb1,CONFIRMED_APPLIED,FIRED_CONFIRMED,1,0,1,3902.907491,,0,0,,0
aep_full-mid_dispatch-notifications-50f70823-r12,p30,AEP_FULL,mid_dispatch,notifications,POSITIVE_ONLY_READBACK,CALLER_REFERENCE,0d028132-bf28-48cc-aa36-23364ad7daf3,CONFIRMED_APPLIED,FIRED_CONFIRMED,1,0,1,4031.350026,,0,0,,0
aep_full-mid_dispatch-notifications-50f70823-r13,p30,AEP_FULL,mid_dispatch,notifications,POSITIVE_ONLY_READBACK,CALLER_REFERENCE,4af715f0-d540-4626-bf07-941af8fbbafb,CONFIRMED_APPLIED,FIRED_CONFIRMED,1,0,1,3143.936577,,0,0,,1
aep_full-mid_dispatch-notifications-50f70823-r13,p30,AEP_FULL,mid_dispatch,notifications,POSITIVE_ONLY_READBACK,CALLER_REFERENCE,ce9f9b0d-b7ba-495b-9e09-b3562101839f,CONFIRMED_APPLIED,FIRED_CONFIRMED,1,0,1,3411.106728,,0,0,,1
aep_full-mid_dispatch-notifications-50f70823-r13,p30,AEP_FULL,mid_dispatch,notifications,POSITIVE_ONLY_READBACK,CALLER_REFERENCE,20ffa2f7-28e1-458c-bfb6-0d60dcc510df,CONFIRMED_APPLIED,FIRED_CONFIRMED,1,0,1,3920.593379,,0,0,,1
aep_full-mid_dispatch-notifications-50f70823-r13,p30,AEP_FULL,mid_dispatch,notifications,POSITIVE_ONLY_READBACK,CALLER_REFERENCE,7006ac82-38d9-490b-9250-ef28218662c4,CONFIRMED_APPLIED,FIRED_CONFIRMED,1,0,1,4107.469942,,0,0,,1
aep_full-mid_dispatch-notifications-50f70823-r13,p30,AEP_FULL,mid_dispatch,notifications,POSITIVE_ONLY_READBACK,CALLER_REFERENCE,f8033e17-aa57-417e-94fb-f129eaa95d82,CONFIRMED_APPLIED,FIRED_CONFIRMED,1,1,0,,30044.0,0,0,,1
aep_full-mid_dispatch-notifications-50f70823-r13,p30,AEP_FULL,mid_dispatch,notifications,POSITIVE_ONLY_READBACK,CALLER_REFERENCE,b6ad3e44-e8da-4bdc-bc47-2319d54eab2a,CONFIRMED_APPLIED,FIRED_CONFIRMED,1,1,0,,44886.0,0,0,,1
aep_full-mid_dispatch-notifications-50f70823-r13,p30,AEP_FULL,mid_dispatch,notifications,POSITIVE_ONLY_READBACK,CALLER_REFERENCE,f5cd2cc4-4f70-4995-81e5-74d8c0946107,CONFIRMED_APPLIED,FIRED_CONFIRMED,1,0,1,3945.018156,,0,0,,1
aep_full-mid_dispatch-notifications-50f70823-r13,p30,AEP_FULL,mid_dispatch,notifications,POSITIVE_ONLY_READBACK,CALLER_REFERENCE,2447535c-146e-47f2-90a8-8364dc34f7ae,CONFIRMED_APPLIED,FIRED_CONFIRMED,1,0,1,4138.509952,,0,0,,1
aep_full-mid_dispatch-notifications-50f70823-r13,p30,AEP_FULL,mid_dispatch,notifications,POSITIVE_ONLY_READBACK,CALLER_REFERENCE,6a3200f9-91bd-49c5-8674-ece82899b70d,CONFIRMED_APPLIED,FIRED_CONFIRMED,1,0,1,4044.1199,,0,0,,1
aep_full-mid_dispatch-notifications-50f70823-r13,p30,AEP_FULL,mid_dispatch,notifications,POSITIVE_ONLY_READBACK,CALLER_REFERENCE,114792c9-0d1d-43f7-91a0-80c6f0856bb4,CONFIRMED_APPLIED,FIRED_CONFIRMED,1,1,0,,27927.0,0,0,,1
aep_full-mid_dispatch-notifications-50f70823-r14,p30,AEP_FULL,mid_dispatch,notifications,POSITIVE_ONLY_READBACK,CALLER_REFERENCE,62524b72-4dac-483e-932f-2e613b9cff0c,CONFIRMED_APPLIED,FIRED_CONFIRMED,1,0,1,9306.383538,,0,0,,0
aep_full-mid_dispatch-notifications-50f70823-r14,p30,AEP_FULL,mid_dispatch,notifications,POSITIVE_ONLY_READBACK,CALLER_REFERENCE,9f8b4675-1361-43c6-8859-954e5a510e11,CONFIRMED_APPLIED,FIRED_CONFIRMED,1,0,1,3533.485703,,0,0,,0
aep_full-mid_dispatch-notifications-50f70823-r14,p30,AEP_FULL,mid_dispatch,notifications,POSITIVE_ONLY_READBACK,CALLER_REFERENCE,86f57154-b842-4d10-8828-84102b7f8871,CONFIRMED_APPLIED,FIRED_CONFIRMED,1,0,1,3428.630228,,0,0,,0
aep_full-mid_dispatch-notifications-50f70823-r14,p30,AEP_FULL,mid_dispatch,notifications,POSITIVE_ONLY_READBACK,CALLER_REFERENCE,99b86a6e-3ac7-4a6b-a823-3abb18336d7c,CONFIRMED_APPLIED,FIRED_CONFIRMED,1,0,1,3680.518145,,0,0,,0
aep_full-mid_dispatch-notifications-50f70823-r14,p30,AEP_FULL,mid_dispatch,notifications,POSITIVE_ONLY_READBACK,CALLER_REFERENCE,cf5f27f8-808f-460f-8b5f-abb013bcd0d1,CONFIRMED_APPLIED,FIRED_CONFIRMED,1,0,1,3430.153558,,0,0,,0
aep_full-mid_dispatch-notifications-50f70823-r14,p30,AEP_FULL,mid_dispatch,notifications,POSITIVE_ONLY_READBACK,CALLER_REFERENCE,a51126fc-5283-4076-bdf6-5942bb27495c,DECLARED_AMBIGUOUS,FIRED_UNCONFIRMED,0,1,0,,229219.0,0,0,,1
aep_full-mid_dispatch-notifications-50f70823-r14,p30,AEP_FULL,mid_dispatch,notifications,POSITIVE_ONLY_READBACK,CALLER_REFERENCE,832f8758-3bf7-4aed-8da7-41522d4057b8,DECLARED_AMBIGUOUS,FIRED_UNCONFIRMED,0,1,0,,185219.0,0,0,,1
aep_full-mid_dispatch-notifications-50f70823-r14,p30,AEP_FULL,mid_dispatch,notifications,POSITIVE_ONLY_READBACK,CALLER_REFERENCE,76471757-863c-4aa9-8f9a-8d288885a0f0,DECLARED_AMBIGUOUS,FIRED_UNCONFIRMED,0,1,0,,171214.0,0,0,,1
aep_full-mid_dispatch-notifications-50f70823-r14,p30,AEP_FULL,mid_dispatch,notifications,POSITIVE_ONLY_READBACK,CALLER_REFERENCE,91e968d2-c6f5-440e-88e7-2d7c57cf5158,CONFIRMED_APPLIED,FIRED_CONFIRMED,1,0,1,3324.066744,,0,0,,0
aep_full-mid_dispatch-notifications-50f70823-r14,p30,AEP_FULL,mid_dispatch,notifications,POSITIVE_ONLY_READBACK,CALLER_REFERENCE,a01f62b3-96e9-4943-9ebf-afece67c354d,CONFIRMED_APPLIED,FIRED_CONFIRMED,1,0,1,3209.647946,,0,0,,0
aep_full-mid_dispatch-notifications-50f70823-r2,p30,AEP_FULL,mid_dispatch,notifications,POSITIVE_ONLY_READBACK,CALLER_REFERENCE,237b4283-4a75-47bb-8a0f-25a369d0fdcc,CONFIRMED_APPLIED,FIRED_CONFIRMED,1,1,0,,44291.0,0,0,,1
aep_full-mid_dispatch-notifications-50f70823-r2,p30,AEP_FULL,mid_dispatch,notifications,POSITIVE_ONLY_READBACK,CALLER_REFERENCE,25e4e6d6-c71a-4e4b-b90a-51932633aece,CONFIRMED_APPLIED,FIRED_CONFIRMED,1,0,1,3011.884039,,0,0,,1
aep_full-mid_dispatch-notifications-50f70823-r2,p30,AEP_FULL,mid_dispatch,notifications,POSITIVE_ONLY_READBACK,CALLER_REFERENCE,5bee8afe-a342-42b6-94be-6e0d0e55da27,CONFIRMED_APPLIED,FIRED_CONFIRMED,1,0,1,5553.639385,,0,0,,1
aep_full-mid_dispatch-notifications-50f70823-r2,p30,AEP_FULL,mid_dispatch,notifications,POSITIVE_ONLY_READBACK,CALLER_REFERENCE,34fb01ee-6cda-4cdc-bc45-5404b248e9f1,CONFIRMED_APPLIED,FIRED_CONFIRMED,1,0,1,3976.921386,,0,0,,1
aep_full-mid_dispatch-notifications-50f70823-r2,p30,AEP_FULL,mid_dispatch,notifications,POSITIVE_ONLY_READBACK,CALLER_REFERENCE,acf28d5c-eafa-49dd-8359-a31fcfd7fae0,CONFIRMED_APPLIED,FIRED_CONFIRMED,1,1,0,,27322.0,0,0,,1
aep_full-mid_dispatch-notifications-50f70823-r2,p30,AEP_FULL,mid_dispatch,notifications,POSITIVE_ONLY_READBACK,CALLER_REFERENCE,3a1cf637-2a10-473c-a739-fe433dc94914,CONFIRMED_APPLIED,FIRED_CONFIRMED,1,0,1,3122.992121,,0,0,,1
aep_full-mid_dispatch-notifications-50f70823-r2,p30,AEP_FULL,mid_dispatch,notifications,POSITIVE_ONLY_READBACK,CALLER_REFERENCE,c7fdea55-4d62-48c9-97cc-0fdfcb9ae9b0,CONFIRMED_APPLIED,FIRED_CONFIRMED,1,0,1,6409.576665,,0,0,,1
aep_full-mid_dispatch-notifications-50f70823-r2,p30,AEP_FULL,mid_dispatch,notifications,POSITIVE_ONLY_READBACK,CALLER_REFERENCE,490a6547-624e-446c-a364-1b72e462cb1d,CONFIRMED_APPLIED,FIRED_CONFIRMED,1,0,1,4118.584558,,0,0,,1
aep_full-mid_dispatch-notifications-50f70823-r2,p30,AEP_FULL,mid_dispatch,notifications,POSITIVE_ONLY_READBACK,CALLER_REFERENCE,33828ebe-1d1d-4452-b803-7fbd39d56b08,CONFIRMED_APPLIED,FIRED_CONFIRMED,1,1,0,,30237.0,0,0,,1
aep_full-mid_dispatch-notifications-50f70823-r2,p30,AEP_FULL,mid_dispatch,notifications,POSITIVE_ONLY_READBACK,CALLER_REFERENCE,91763426-72c3-4468-8d84-1a4b5095651a,CONFIRMED_APPLIED,FIRED_CONFIRMED,1,0,1,2815.295724,,0,0,,0
aep_full-mid_dispatch-notifications-50f70823-r3,p30,AEP_FULL,mid_dispatch,notifications,POSITIVE_ONLY_READBACK,CALLER_REFERENCE,9bb61291-d168-4050-8a97-425fa74b1025,CONFIRMED_APPLIED,FIRED_CONFIRMED,1,0,1,2869.451942,,0,0,,1
aep_full-mid_dispatch-notifications-50f70823-r3,p30,AEP_FULL,mid_dispatch,notifications,POSITIVE_ONLY_READBACK,CALLER_REFERENCE,c7a4b184-b6bb-49b1-a582-532133f2f0f2,CONFIRMED_APPLIED,FIRED_CONFIRMED,1,0,1,2911.940029,,0,0,,1
aep_full-mid_dispatch-notifications-50f70823-r3,p30,AEP_FULL,mid_dispatch,notifications,POSITIVE_ONLY_READBACK,CALLER_REFERENCE,a9e4d529-1b57-495d-b9a1-4b92f19c0b7d,CONFIRMED_APPLIED,FIRED_CONFIRMED,1,1,0,,132409.0,0,0,,1
aep_full-mid_dispatch-notifications-50f70823-r3,p30,AEP_FULL,mid_dispatch,notifications,POSITIVE_ONLY_READBACK,CALLER_REFERENCE,691ffd98-80a4-40b4-b687-1c58a0c671af,CONFIRMED_APPLIED,FIRED_CONFIRMED,1,0,1,3201.799322,,0,0,,0
aep_full-mid_dispatch-notifications-50f70823-r3,p30,AEP_FULL,mid_dispatch,notifications,POSITIVE_ONLY_READBACK,CALLER_REFERENCE,b4c505ef-e45c-478b-b56f-e0f4ffd65439,DECLARED_AMBIGUOUS,FIRED_UNCONFIRMED,0,0,1,4082.016091,,0,0,,0
aep_full-mid_dispatch-notifications-50f70823-r3,p30,AEP_FULL,mid_dispatch,notifications,POSITIVE_ONLY_READBACK,CALLER_REFERENCE,8deb4398-2306-4091-ac9e-9bff43dcded8,CONFIRMED_APPLIED,FIRED_CONFIRMED,1,1,0,,138432.0,0,0,,1
aep_full-mid_dispatch-notifications-50f70823-r3,p30,AEP_FULL,mid_dispatch,notifications,POSITIVE_ONLY_READBACK,CALLER_REFERENCE,f05deabc-cff8-41b7-9e15-508b92a393a2,CONFIRMED_APPLIED,FIRED_CONFIRMED,1,0,1,3519.008959,,0,0,,1
aep_full-mid_dispatch-notifications-50f70823-r3,p30,AEP_FULL,mid_dispatch,notifications,POSITIVE_ONLY_READBACK,CALLER_REFERENCE,29f05218-6911-4573-b4e8-761b2214e355,CONFIRMED_APPLIED,FIRED_CONFIRMED,1,1,0,,131322.0,0,0,,1
aep_full-mid_dispatch-notifications-50f70823-r3,p30,AEP_FULL,mid_dispatch,notifications,POSITIVE_ONLY_READBACK,CALLER_REFERENCE,a6adc34a-f046-4caa-9a45-b9820ba6927e,CONFIRMED_APPLIED,FIRED_CONFIRMED,1,0,1,4023.428871,,0,0,,0
aep_full-mid_dispatch-notifications-50f70823-r3,p30,AEP_FULL,mid_dispatch,notifications,POSITIVE_ONLY_READBACK,CALLER_REFERENCE,b7ba8e1b-5f6c-4b49-8c90-2d68877c6a51,CONFIRMED_APPLIED,FIRED_CONFIRMED,1,0,1,4038.151977,,0,0,,0
aep_full-mid_dispatch-notifications-50f70823-r4,p30,AEP_FULL,mid_dispatch,notifications,POSITIVE_ONLY_READBACK,CALLER_REFERENCE,c87cd280-e4fa-40c4-81df-04a901740e8a,CONFIRMED_APPLIED,FIRED_CONFIRMED,1,0,1,6372.194484,,0,0,,1
aep_full-mid_dispatch-notifications-50f70823-r4,p30,AEP_FULL,mid_dispatch,notifications,POSITIVE_ONLY_READBACK,CALLER_REFERENCE,2a361ee4-4814-450d-a58d-f6b44f86c679,CONFIRMED_APPLIED,FIRED_CONFIRMED,1,0,1,4014.368336,,0,0,,1
aep_full-mid_dispatch-notifications-50f70823-r4,p30,AEP_FULL,mid_dispatch,notifications,POSITIVE_ONLY_READBACK,CALLER_REFERENCE,2a583811-796f-4867-a1a8-946d24a8e882,DECLARED_AMBIGUOUS,FIRED_UNCONFIRMED,0,0,1,3760.810259,,0,0,,1
aep_full-mid_dispatch-notifications-50f70823-r4,p30,AEP_FULL,mid_dispatch,notifications,POSITIVE_ONLY_READBACK,CALLER_REFERENCE,290d0caf-c002-4d96-865b-1efd5faec704,CONFIRMED_APPLIED,FIRED_CONFIRMED,1,0,1,3080.609094,,0,0,,1
aep_full-mid_dispatch-notifications-50f70823-r4,p30,AEP_FULL,mid_dispatch,notifications,POSITIVE_ONLY_READBACK,CALLER_REFERENCE,7bcf5e39-2d98-4e09-b047-e3a74e6dc993,DECLARED_AMBIGUOUS,FIRED_UNCONFIRMED,0,1,0,,120631.0,0,0,,1
aep_full-mid_dispatch-notifications-50f70823-r4,p30,AEP_FULL,mid_dispatch,notifications,POSITIVE_ONLY_READBACK,CALLER_REFERENCE,71c69cc0-6145-4096-b07d-75d7f5b70a80,CONFIRMED_APPLIED,FIRED_CONFIRMED,1,0,1,3339.366079,,0,0,,1
aep_full-mid_dispatch-notifications-50f70823-r4,p30,AEP_FULL,mid_dispatch,notifications,POSITIVE_ONLY_READBACK,CALLER_REFERENCE,24235f26-702d-43e6-b7cc-1a11eb1609fb,CONFIRMED_APPLIED,FIRED_CONFIRMED,1,0,1,3613.865609,,0,0,,1
aep_full-mid_dispatch-notifications-50f70823-r4,p30,AEP_FULL,mid_dispatch,notifications,POSITIVE_ONLY_READBACK,CALLER_REFERENCE,c00b2690-a85c-4afa-866f-bcf2dce4bf55,CONFIRMED_APPLIED,FIRED_CONFIRMED,1,0,1,4014.337634,,0,0,,1
aep_full-mid_dispatch-notifications-50f70823-r4,p30,AEP_FULL,mid_dispatch,notifications,POSITIVE_ONLY_READBACK,CALLER_REFERENCE,29f33303-314c-461d-b89c-bb280d2c40c1,CONFIRMED_APPLIED,FIRED_CONFIRMED,1,1,0,,126354.0,0,0,,1
aep_full-mid_dispatch-notifications-50f70823-r4,p30,AEP_FULL,mid_dispatch,notifications,POSITIVE_ONLY_READBACK,CALLER_REFERENCE,38cb97f2-375e-4e10-8705-2d1316e2c6f9,CONFIRMED_APPLIED,FIRED_CONFIRMED,1,0,1,3105.59223,,0,0,,0
aep_full-mid_dispatch-notifications-50f70823-r5,p30,AEP_FULL,mid_dispatch,notifications,POSITIVE_ONLY_READBACK,CALLER_REFERENCE,c5bd48d6-5f1e-4713-8176-821247dd8a3f,CONFIRMED_APPLIED,FIRED_CONFIRMED,1,1,0,,38736.0,0,0,,1
aep_full-mid_dispatch-notifications-50f70823-r5,p30,AEP_FULL,mid_dispatch,notifications,POSITIVE_ONLY_READBACK,CALLER_REFERENCE,da57c92a-06cf-4e31-a6dc-b2c279cfc6b7,CONFIRMED_APPLIED,FIRED_CONFIRMED,1,0,1,3374.678605,,0,0,,0
aep_full-mid_dispatch-notifications-50f70823-r5,p30,AEP_FULL,mid_dispatch,notifications,POSITIVE_ONLY_READBACK,CALLER_REFERENCE,3b35ae05-1886-4988-a06c-ebf40ec52fad,CONFIRMED_APPLIED,FIRED_CONFIRMED,1,0,1,3917.897155,,0,0,,0
aep_full-mid_dispatch-notifications-50f70823-r5,p30,AEP_FULL,mid_dispatch,notifications,POSITIVE_ONLY_READBACK,CALLER_REFERENCE,93b0bd54-c2b1-4f33-8940-39c852210a96,CONFIRMED_APPLIED,FIRED_CONFIRMED,1,0,1,3882.837532,,0,0,,0
aep_full-mid_dispatch-notifications-50f70823-r5,p30,AEP_FULL,mid_dispatch,notifications,POSITIVE_ONLY_READBACK,CALLER_REFERENCE,9078a5ce-bd10-41c0-ad3e-83b55222498f,CONFIRMED_APPLIED,FIRED_CONFIRMED,1,0,1,3083.22587,,0,0,,0
aep_full-mid_dispatch-notifications-50f70823-r5,p30,AEP_FULL,mid_dispatch,notifications,POSITIVE_ONLY_READBACK,CALLER_REFERENCE,502bfa65-56f9-4728-a155-e5938fb4e824,CONFIRMED_APPLIED,FIRED_CONFIRMED,1,0,1,3199.436081,,0,0,,1
aep_full-mid_dispatch-notifications-50f70823-r5,p30,AEP_FULL,mid_dispatch,notifications,POSITIVE_ONLY_READBACK,CALLER_REFERENCE,dca76318-e262-4842-985b-b44d1e1be3b2,CONFIRMED_APPLIED,FIRED_CONFIRMED,1,0,1,2812.518345,,0,0,,1
aep_full-mid_dispatch-notifications-50f70823-r5,p30,AEP_FULL,mid_dispatch,notifications,POSITIVE_ONLY_READBACK,CALLER_REFERENCE,ea409e1b-9213-4177-9323-1ba75163ae1e,CONFIRMED_APPLIED,FIRED_CONFIRMED,1,0,1,3716.296183,,0,0,,1
aep_full-mid_dispatch-notifications-50f70823-r5,p30,AEP_FULL,mid_dispatch,notifications,POSITIVE_ONLY_READBACK,CALLER_REFERENCE,abbb8f64-e5e0-40d1-8c0b-85e44f5a9f88,CONFIRMED_APPLIED,FIRED_CONFIRMED,1,1,0,,28789.0,0,0,,1
aep_full-mid_dispatch-notifications-50f70823-r5,p30,AEP_FULL,mid_dispatch,notifications,POSITIVE_ONLY_READBACK,CALLER_REFERENCE,adfb4fde-d773-4ca8-b00c-53de9d5e2a17,CONFIRMED_APPLIED,FIRED_CONFIRMED,1,1,0,,25935.0,0,0,,1
aep_full-mid_dispatch-notifications-50f70823-r6,p30,AEP_FULL,mid_dispatch,notifications,POSITIVE_ONLY_READBACK,CALLER_REFERENCE,4a457230-8c07-44f3-a1a3-dac12abac0d8,CONFIRMED_APPLIED,FIRED_CONFIRMED,1,0,1,3232.094241,,0,0,,1
aep_full-mid_dispatch-notifications-50f70823-r6,p30,AEP_FULL,mid_dispatch,notifications,POSITIVE_ONLY_READBACK,CALLER_REFERENCE,4175adeb-88f2-44ce-b235-2ab3c706653e,CONFIRMED_APPLIED,FIRED_CONFIRMED,1,0,1,3009.091578,,0,0,,1
aep_full-mid_dispatch-notifications-50f70823-r6,p30,AEP_FULL,mid_dispatch,notifications,POSITIVE_ONLY_READBACK,CALLER_REFERENCE,3ea2e9ed-230e-4447-809e-ff57fc063752,CONFIRMED_APPLIED,FIRED_CONFIRMED,1,0,1,3210.710018,,0,0,,1
aep_full-mid_dispatch-notifications-50f70823-r6,p30,AEP_FULL,mid_dispatch,notifications,POSITIVE_ONLY_READBACK,CALLER_REFERENCE,aea6607b-ec85-49bf-a0c5-fa6cf0c02c4b,CONFIRMED_APPLIED,FIRED_CONFIRMED,1,0,1,3815.488714,,0,0,,1
aep_full-mid_dispatch-notifications-50f70823-r6,p30,AEP_FULL,mid_dispatch,notifications,POSITIVE_ONLY_READBACK,CALLER_REFERENCE,e9947125-45b5-4ffa-bca2-969a027e7fce,CONFIRMED_APPLIED,FIRED_CONFIRMED,1,1,0,,29273.0,0,0,,1
aep_full-mid_dispatch-notifications-50f70823-r6,p30,AEP_FULL,mid_dispatch,notifications,POSITIVE_ONLY_READBACK,CALLER_REFERENCE,c4b89448-2910-4356-a564-ffc6ce5b209e,CONFIRMED_APPLIED,FIRED_CONFIRMED,1,1,0,,42118.0,0,0,,1
aep_full-mid_dispatch-notifications-50f70823-r6,p30,AEP_FULL,mid_dispatch,notifications,POSITIVE_ONLY_READBACK,CALLER_REFERENCE,b1f78589-bb44-4c44-8390-9efd9cdf1331,CONFIRMED_APPLIED,FIRED_CONFIRMED,1,1,0,,39315.0,0,0,,1
aep_full-mid_dispatch-notifications-50f70823-r6,p30,AEP_FULL,mid_dispatch,notifications,POSITIVE_ONLY_READBACK,CALLER_REFERENCE,fe116271-34c8-4f93-86a5-e9435f7bb117,CONFIRMED_APPLIED,FIRED_CONFIRMED,1,0,1,3541.53978,,0,0,,1
aep_full-mid_dispatch-notifications-50f70823-r6,p30,AEP_FULL,mid_dispatch,notifications,POSITIVE_ONLY_READBACK,CALLER_REFERENCE,a472dfa6-6194-4d72-aacf-1c3988067101,CONFIRMED_APPLIED,FIRED_CONFIRMED,1,0,1,4016.622781,,0,0,,1
aep_full-mid_dispatch-notifications-50f70823-r6,p30,AEP_FULL,mid_dispatch,notifications,POSITIVE_ONLY_READBACK,CALLER_REFERENCE,ea67f31b-fd22-4c45-9dda-40feff0af72d,CONFIRMED_APPLIED,FIRED_CONFIRMED,1,1,0,,28169.0,0,0,,1
aep_full-mid_dispatch-notifications-50f70823-r7,p30,AEP_FULL,mid_dispatch,notifications,POSITIVE_ONLY_READBACK,CALLER_REFERENCE,e0ce6788-a97a-4654-b881-352842ecd8db,CONFIRMED_APPLIED,FIRED_CONFIRMED,1,0,1,3597.907527,,0,0,,1
aep_full-mid_dispatch-notifications-50f70823-r7,p30,AEP_FULL,mid_dispatch,notifications,POSITIVE_ONLY_READBACK,CALLER_REFERENCE,0fd39208-b9ed-4e9c-b4fe-806b2743cc36,DECLARED_AMBIGUOUS,FIRED_UNCONFIRMED,0,0,1,3985.981639,,0,0,,1
aep_full-mid_dispatch-notifications-50f70823-r7,p30,AEP_FULL,mid_dispatch,notifications,POSITIVE_ONLY_READBACK,CALLER_REFERENCE,00f9c32d-1880-45ba-8ab6-e34087a6645e,CONFIRMED_APPLIED,FIRED_CONFIRMED,1,0,1,4044.865094,,0,0,,1
aep_full-mid_dispatch-notifications-50f70823-r7,p30,AEP_FULL,mid_dispatch,notifications,POSITIVE_ONLY_READBACK,CALLER_REFERENCE,eaecc425-7d8c-4e6c-b2ef-5ba370874c5e,CONFIRMED_APPLIED,FIRED_CONFIRMED,1,1,0,,123862.0,0,0,,1
aep_full-mid_dispatch-notifications-50f70823-r7,p30,AEP_FULL,mid_dispatch,notifications,POSITIVE_ONLY_READBACK,CALLER_REFERENCE,a61c4803-02bc-45dc-83f1-a6d4114b16cb,CONFIRMED_APPLIED,FIRED_CONFIRMED,1,1,0,,120872.0,0,0,,1
aep_full-mid_dispatch-notifications-50f70823-r7,p30,AEP_FULL,mid_dispatch,notifications,POSITIVE_ONLY_READBACK,CALLER_REFERENCE,23db2898-52f3-42e4-8d4a-6e1604b7750d,CONFIRMED_APPLIED,FIRED_CONFIRMED,1,0,1,3412.778397,,0,0,,1
aep_full-mid_dispatch-notifications-50f70823-r7,p30,AEP_FULL,mid_dispatch,notifications,POSITIVE_ONLY_READBACK,CALLER_REFERENCE,4867ed25-bbd9-4a78-950d-a1b09a30b061,CONFIRMED_APPLIED,FIRED_CONFIRMED,1,1,0,,132931.0,0,0,,1
aep_full-mid_dispatch-notifications-50f70823-r7,p30,AEP_FULL,mid_dispatch,notifications,POSITIVE_ONLY_READBACK,CALLER_REFERENCE,e1ada504-5ae2-470a-8f80-e1895dfb5aaf,CONFIRMED_APPLIED,FIRED_CONFIRMED,1,0,1,3575.123387,,0,0,,1
aep_full-mid_dispatch-notifications-50f70823-r7,p30,AEP_FULL,mid_dispatch,notifications,POSITIVE_ONLY_READBACK,CALLER_REFERENCE,2c3cef91-a4da-4850-972e-d454965e241c,CONFIRMED_APPLIED,FIRED_CONFIRMED,1,0,1,4024.408092,,0,0,,1
aep_full-mid_dispatch-notifications-50f70823-r7,p30,AEP_FULL,mid_dispatch,notifications,POSITIVE_ONLY_READBACK,CALLER_REFERENCE,e7cc1f2b-5ce6-431c-ab55-acbfeeeb0464,CONFIRMED_APPLIED,FIRED_CONFIRMED,1,1,0,,121746.0,0,0,,1
aep_full-mid_dispatch-notifications-50f70823-r8,p30,AEP_FULL,mid_dispatch,notifications,POSITIVE_ONLY_READBACK,CALLER_REFERENCE,d9d24e78-0969-47ec-9085-69872c8de71f,CONFIRMED_APPLIED,FIRED_CONFIRMED,1,0,1,3884.999699,,0,0,,1
aep_full-mid_dispatch-notifications-50f70823-r8,p30,AEP_FULL,mid_dispatch,notifications,POSITIVE_ONLY_READBACK,CALLER_REFERENCE,7c8ac339-c981-42db-84ca-677ab3d4fdd8,CONFIRMED_APPLIED,FIRED_CONFIRMED,1,1,0,,136461.0,0,0,,1
aep_full-mid_dispatch-notifications-50f70823-r8,p30,AEP_FULL,mid_dispatch,notifications,POSITIVE_ONLY_READBACK,CALLER_REFERENCE,34b8ae30-1940-4e5b-8fa1-31c0fa3052ab,DECLARED_AMBIGUOUS,FIRED_UNCONFIRMED,0,1,0,,132440.0,0,0,,1
aep_full-mid_dispatch-notifications-50f70823-r8,p30,AEP_FULL,mid_dispatch,notifications,POSITIVE_ONLY_READBACK,CALLER_REFERENCE,2f9620bd-be43-4027-841d-98f23497de8b,CONFIRMED_APPLIED,FIRED_CONFIRMED,1,1,0,,127292.0,0,0,,1
aep_full-mid_dispatch-notifications-50f70823-r8,p30,AEP_FULL,mid_dispatch,notifications,POSITIVE_ONLY_READBACK,CALLER_REFERENCE,2105c78f-db2a-4aa5-b26d-c5d861dc1b09,CONFIRMED_APPLIED,FIRED_CONFIRMED,1,0,1,3447.414256,,0,0,,0
aep_full-mid_dispatch-notifications-50f70823-r8,p30,AEP_FULL,mid_dispatch,notifications,POSITIVE_ONLY_READBACK,CALLER_REFERENCE,f482fa71-3c68-4530-9bed-040fb1035fc7,CONFIRMED_APPLIED,FIRED_CONFIRMED,1,0,1,3077.488833,,0,0,,1
aep_full-mid_dispatch-notifications-50f70823-r8,p30,AEP_FULL,mid_dispatch,notifications,POSITIVE_ONLY_READBACK,CALLER_REFERENCE,8e06b0c8-ce44-46b7-8ff8-65e148d8e968,CONFIRMED_APPLIED,FIRED_CONFIRMED,1,0,1,3588.687977,,0,0,,1
aep_full-mid_dispatch-notifications-50f70823-r8,p30,AEP_FULL,mid_dispatch,notifications,POSITIVE_ONLY_READBACK,CALLER_REFERENCE,189555a1-41bb-4a38-9a08-963fda5e36bc,CONFIRMED_APPLIED,FIRED_CONFIRMED,1,1,0,,133223.0,0,0,,1
aep_full-mid_dispatch-notifications-50f70823-r8,p30,AEP_FULL,mid_dispatch,notifications,POSITIVE_ONLY_READBACK,CALLER_REFERENCE,d3fcd65b-92a4-4a22-93c2-a6dff87bad67,CONFIRMED_APPLIED,FIRED_CONFIRMED,1,0,1,3572.288122,,0,0,,0
aep_full-mid_dispatch-notifications-50f70823-r8,p30,AEP_FULL,mid_dispatch,notifications,POSITIVE_ONLY_READBACK,CALLER_REFERENCE,8fcae9ff-1b72-4248-b386-a87c69b9802e,CONFIRMED_APPLIED,FIRED_CONFIRMED,1,0,1,4012.728147,,0,0,,0
aep_full-mid_dispatch-notifications-50f70823-r9,p30,AEP_FULL,mid_dispatch,notifications,POSITIVE_ONLY_READBACK,CALLER_REFERENCE,e6b83a69-8e37-4a47-8aff-1c4a87e8cb03,DECLARED_AMBIGUOUS,FIRED_UNCONFIRMED,0,1,0,,143306.0,0,0,,1
aep_full-mid_dispatch-notifications-50f70823-r9,p30,AEP_FULL,mid_dispatch,notifications,POSITIVE_ONLY_READBACK,CALLER_REFERENCE,78103eda-979d-4b1b-8d07-d41f21c6be6d,CONFIRMED_APPLIED,FIRED_CONFIRMED,1,0,1,6779.280196,,0,0,,0
aep_full-mid_dispatch-notifications-50f70823-r9,p30,AEP_FULL,mid_dispatch,notifications,POSITIVE_ONLY_READBACK,CALLER_REFERENCE,a025ea9d-ed7f-42c9-a56c-7a8d851f7e58,CONFIRMED_APPLIED,FIRED_CONFIRMED,1,0,1,4021.830628,,0,0,,0
aep_full-mid_dispatch-notifications-50f70823-r9,p30,AEP_FULL,mid_dispatch,notifications,POSITIVE_ONLY_READBACK,CALLER_REFERENCE,eb969372-c3a0-4a31-911d-36729642a8e9,CONFIRMED_APPLIED,FIRED_CONFIRMED,1,0,1,4022.974331,,0,0,,0
aep_full-mid_dispatch-notifications-50f70823-r9,p30,AEP_FULL,mid_dispatch,notifications,POSITIVE_ONLY_READBACK,CALLER_REFERENCE,ee408cf1-f7e3-4d70-9c7f-e62b53927683,CONFIRMED_APPLIED,FIRED_CONFIRMED,1,0,1,4071.495828,,0,0,,0
aep_full-mid_dispatch-notifications-50f70823-r9,p30,AEP_FULL,mid_dispatch,notifications,POSITIVE_ONLY_READBACK,CALLER_REFERENCE,35c0ed9c-caa5-46f9-910e-639edc8c0474,CONFIRMED_APPLIED,FIRED_CONFIRMED,1,0,1,3133.06547,,0,0,,1
aep_full-mid_dispatch-notifications-50f70823-r9,p30,AEP_FULL,mid_dispatch,notifications,POSITIVE_ONLY_READBACK,CALLER_REFERENCE,d205b53e-ad5e-4cf2-8330-ab3b980461a7,CONFIRMED_APPLIED,FIRED_CONFIRMED,1,0,1,3222.645163,,0,0,,1
aep_full-mid_dispatch-notifications-50f70823-r9,p30,AEP_FULL,mid_dispatch,notifications,POSITIVE_ONLY_READBACK,CALLER_REFERENCE,c6d78165-a313-47e9-93a0-59e209383153,CONFIRMED_APPLIED,FIRED_CONFIRMED,1,0,1,2972.068153,,0,0,,1
aep_full-mid_dispatch-notifications-50f70823-r9,p30,AEP_FULL,mid_dispatch,notifications,POSITIVE_ONLY_READBACK,CALLER_REFERENCE,e002450d-95b0-413f-867e-85d97dfcc7a6,CONFIRMED_APPLIED,FIRED_CONFIRMED,1,1,0,,133395.0,0,0,,1
aep_full-mid_dispatch-notifications-50f70823-r9,p30,AEP_FULL,mid_dispatch,notifications,POSITIVE_ONLY_READBACK,CALLER_REFERENCE,9d2280b4-7423-4037-a9e5-ce11e4156298,CONFIRMED_APPLIED,FIRED_CONFIRMED,1,0,1,3581.265172,,0,0,,0
aep_full-mid_dispatch-payments-4329e0a8-r0,p30,AEP_FULL,mid_dispatch,payments,AUTHORITATIVE_READBACK,CALLER_REFERENCE,10ec4f94-d063-4696-be6a-2c63714fee97,CONFIRMED_APPLIED,FIRED_CONFIRMED,1,0,1,4332.959432,,0,0,,1
aep_full-mid_dispatch-payments-4329e0a8-r0,p30,AEP_FULL,mid_dispatch,payments,AUTHORITATIVE_READBACK,CALLER_REFERENCE,24ba34bb-c1cf-4f68-8d04-79de1125c02d,CONFIRMED_APPLIED,FIRED_CONFIRMED,1,1,0,,39023.0,0,0,,1
aep_full-mid_dispatch-payments-4329e0a8-r0,p30,AEP_FULL,mid_dispatch,payments,AUTHORITATIVE_READBACK,CALLER_REFERENCE,805d2ce0-b8a5-447a-9b04-aed0fab3fe22,CONFIRMED_NOT_APPLIED,FAILED_CONFIRMED,0,1,0,,29998.0,0,0,,1
aep_full-mid_dispatch-payments-4329e0a8-r0,p30,AEP_FULL,mid_dispatch,payments,AUTHORITATIVE_READBACK,CALLER_REFERENCE,ec2c2084-b6d2-404d-b894-c20591eebefa,CONFIRMED_NOT_APPLIED,FAILED_CONFIRMED,0,0,1,3837.094228,,0,0,,0
aep_full-mid_dispatch-payments-4329e0a8-r0,p30,AEP_FULL,mid_dispatch,payments,AUTHORITATIVE_READBACK,CALLER_REFERENCE,732464d3-119c-4c78-8a60-44aab3bd30bb,CONFIRMED_APPLIED,FIRED_CONFIRMED,1,0,1,3094.705871,,0,0,,0
aep_full-mid_dispatch-payments-4329e0a8-r0,p30,AEP_FULL,mid_dispatch,payments,AUTHORITATIVE_READBACK,CALLER_REFERENCE,1eb5e272-1e1d-4c4b-8fc7-36cb32e50e81,CONFIRMED_APPLIED,FIRED_CONFIRMED,1,0,1,3486.083208,,0,0,,1
aep_full-mid_dispatch-payments-4329e0a8-r0,p30,AEP_FULL,mid_dispatch,payments,AUTHORITATIVE_READBACK,CALLER_REFERENCE,9f801aba-9398-4791-8043-6427994d1739,CONFIRMED_APPLIED,FIRED_CONFIRMED,1,1,0,,40035.0,0,0,,1
aep_full-mid_dispatch-payments-4329e0a8-r0,p30,AEP_FULL,mid_dispatch,payments,AUTHORITATIVE_READBACK,CALLER_REFERENCE,47d4f9e9-d390-4203-bd3a-2b0aec2770b8,CONFIRMED_APPLIED,FIRED_CONFIRMED,1,0,1,4027.692881,,0,0,,0
aep_full-mid_dispatch-payments-4329e0a8-r0,p30,AEP_FULL,mid_dispatch,payments,AUTHORITATIVE_READBACK,CALLER_REFERENCE,ccce597e-da39-4f8f-8000-527a0f00d88e,CONFIRMED_APPLIED,FIRED_CONFIRMED,1,0,1,2809.017824,,0,0,,0
aep_full-mid_dispatch-payments-4329e0a8-r0,p30,AEP_FULL,mid_dispatch,payments,AUTHORITATIVE_READBACK,CALLER_REFERENCE,975ed7b3-0fee-4985-99be-da7ab9a2d60e,CONFIRMED_APPLIED,FIRED_CONFIRMED,1,0,1,3717.593543,,0,0,,0
aep_full-mid_dispatch-payments-4329e0a8-r1,p30,AEP_FULL,mid_dispatch,payments,AUTHORITATIVE_READBACK,CALLER_REFERENCE,0b93f0ad-47c4-4638-9ae8-223784786946,CONFIRMED_NOT_APPLIED,FAILED_CONFIRMED,0,1,0,,47269.0,0,0,,1
aep_full-mid_dispatch-payments-4329e0a8-r1,p30,AEP_FULL,mid_dispatch,payments,AUTHORITATIVE_READBACK,CALLER_REFERENCE,ed96e176-ce88-4721-be7d-e493652d9a17,CONFIRMED_APPLIED,FIRED_CONFIRMED,1,0,1,6186.464093,,0,0,,1
aep_full-mid_dispatch-payments-4329e0a8-r1,p30,AEP_FULL,mid_dispatch,payments,AUTHORITATIVE_READBACK,CALLER_REFERENCE,8e795ddf-c211-42fc-a499-7efb5e3853f0,CONFIRMED_APPLIED,FIRED_CONFIRMED,1,0,1,3140.675051,,0,0,,1
aep_full-mid_dispatch-payments-4329e0a8-r1,p30,AEP_FULL,mid_dispatch,payments,AUTHORITATIVE_READBACK,CALLER_REFERENCE,e757ca63-d76e-4ad4-ad89-3d06df5b36c7,CONFIRMED_APPLIED,FIRED_CONFIRMED,1,0,1,4005.642449,,0,0,,1
aep_full-mid_dispatch-payments-4329e0a8-r1,p30,AEP_FULL,mid_dispatch,payments,AUTHORITATIVE_READBACK,CALLER_REFERENCE,48920cf7-dd9c-43ff-9716-8effb889fa95,CONFIRMED_APPLIED,FIRED_CONFIRMED,1,1,0,,26196.0,0,0,,1
aep_full-mid_dispatch-payments-4329e0a8-r1,p30,AEP_FULL,mid_dispatch,payments,AUTHORITATIVE_READBACK,CALLER_REFERENCE,b5d5eec1-07eb-4f3d-88ad-cb4abd620e03,CONFIRMED_NOT_APPLIED,FAILED_CONFIRMED,0,1,0,,47264.0,0,0,,1
aep_full-mid_dispatch-payments-4329e0a8-r1,p30,AEP_FULL,mid_dispatch,payments,AUTHORITATIVE_READBACK,CALLER_REFERENCE,47b595e4-b0aa-4b8b-8142-181002c82f2e,CONFIRMED_APPLIED,FIRED_CONFIRMED,1,0,1,2889.677165,,0,0,,1
aep_full-mid_dispatch-payments-4329e0a8-r1,p30,AEP_FULL,mid_dispatch,payments,AUTHORITATIVE_READBACK,CALLER_REFERENCE,f50cd47b-3d68-4817-8f64-fc1d87801baf,CONFIRMED_APPLIED,FIRED_CONFIRMED,1,0,1,2610.039661,,0,0,,1
aep_full-mid_dispatch-payments-4329e0a8-r1,p30,AEP_FULL,mid_dispatch,payments,AUTHORITATIVE_READBACK,CALLER_REFERENCE,52a66066-b3b4-4995-9411-a6378652a965,CONFIRMED_APPLIED,FIRED_CONFIRMED,1,1,0,,34367.0,0,0,,1
aep_full-mid_dispatch-payments-4329e0a8-r1,p30,AEP_FULL,mid_dispatch,payments,AUTHORITATIVE_READBACK,CALLER_REFERENCE,98e0b5f0-4673-4d20-a4ae-2bb11f6034c4,CONFIRMED_APPLIED,FIRED_CONFIRMED,1,0,1,4065.036102,,0,0,,0
aep_full-mid_dispatch-payments-4329e0a8-r10,p30,AEP_FULL,mid_dispatch,payments,AUTHORITATIVE_READBACK,CALLER_REFERENCE,5fa2ba6a-d921-42d5-98f2-8a68db40e72c,CONFIRMED_APPLIED,FIRED_CONFIRMED,1,0,1,6695.774968,,0,0,,1
aep_full-mid_dispatch-payments-4329e0a8-r10,p30,AEP_FULL,mid_dispatch,payments,AUTHORITATIVE_READBACK,CALLER_REFERENCE,8084fa9b-25ea-49d9-89e8-5248c9066a1d,CONFIRMED_APPLIED,FIRED_CONFIRMED,1,0,1,3512.083954,,0,0,,1
aep_full-mid_dispatch-payments-4329e0a8-r10,p30,AEP_FULL,mid_dispatch,payments,AUTHORITATIVE_READBACK,CALLER_REFERENCE,28f55cea-e4d0-45c2-a770-4c531ceab472,CONFIRMED_NOT_APPLIED,FAILED_CONFIRMED,0,1,0,,29860.0,0,0,,1
aep_full-mid_dispatch-payments-4329e0a8-r10,p30,AEP_FULL,mid_dispatch,payments,AUTHORITATIVE_READBACK,CALLER_REFERENCE,90d83eb7-6db8-4411-b83b-25d70904b676,CONFIRMED_APPLIED,FIRED_CONFIRMED,1,1,0,,25930.0,0,0,,1
aep_full-mid_dispatch-payments-4329e0a8-r10,p30,AEP_FULL,mid_dispatch,payments,AUTHORITATIVE_READBACK,CALLER_REFERENCE,a7a05f1a-540a-4f82-bfbf-509c870ac0a4,CONFIRMED_APPLIED,FIRED_CONFIRMED,1,0,1,3787.057519,,0,0,,0
aep_full-mid_dispatch-payments-4329e0a8-r10,p30,AEP_FULL,mid_dispatch,payments,AUTHORITATIVE_READBACK,CALLER_REFERENCE,dc094df7-02bb-4708-9be8-1cbf35d149c8,CONFIRMED_APPLIED,FIRED_CONFIRMED,1,0,1,3595.043482,,0,0,,1
aep_full-mid_dispatch-payments-4329e0a8-r10,p30,AEP_FULL,mid_dispatch,payments,AUTHORITATIVE_READBACK,CALLER_REFERENCE,d0576468-e571-46c6-b56d-6e594b3cef1a,CONFIRMED_APPLIED,FIRED_CONFIRMED,1,1,0,,36787.0,0,0,,1
aep_full-mid_dispatch-payments-4329e0a8-r10,p30,AEP_FULL,mid_dispatch,payments,AUTHORITATIVE_READBACK,CALLER_REFERENCE,33305a77-a046-496e-9dea-59b8465c1762,CONFIRMED_APPLIED,FIRED_CONFIRMED,1,0,1,3292.397984,,0,0,,1
aep_full-mid_dispatch-payments-4329e0a8-r10,p30,AEP_FULL,mid_dispatch,payments,AUTHORITATIVE_READBACK,CALLER_REFERENCE,490d9b5e-c5fe-49fe-9017-8371f9cd96d3,CONFIRMED_APPLIED,FIRED_CONFIRMED,1,0,1,2892.75574,,0,0,,1
aep_full-mid_dispatch-payments-4329e0a8-r10,p30,AEP_FULL,mid_dispatch,payments,AUTHORITATIVE_READBACK,CALLER_REFERENCE,f98274a7-1ce9-4cdd-b2fa-1c8c1d349da9,CONFIRMED_APPLIED,FIRED_CONFIRMED,1,1,0,,25930.0,0,0,,1
aep_full-mid_dispatch-payments-4329e0a8-r11,p30,AEP_FULL,mid_dispatch,payments,AUTHORITATIVE_READBACK,CALLER_REFERENCE,0ea9cc7b-b3b6-403c-abd7-20b63d1db3ee,CONFIRMED_APPLIED,FIRED_CONFIRMED,1,1,0,,37982.0,0,0,,1
aep_full-mid_dispatch-payments-4329e0a8-r11,p30,AEP_FULL,mid_dispatch,payments,AUTHORITATIVE_READBACK,CALLER_REFERENCE,e0bfa862-0c3f-4797-a705-d5fd03cc2fa6,CONFIRMED_APPLIED,FIRED_CONFIRMED,1,0,1,3660.757131,,0,0,,1
aep_full-mid_dispatch-payments-4329e0a8-r11,p30,AEP_FULL,mid_dispatch,payments,AUTHORITATIVE_READBACK,CALLER_REFERENCE,3747d0e9-9865-46d8-a339-83cd0ee91ec0,CONFIRMED_APPLIED,FIRED_CONFIRMED,1,0,1,3922.485578,,0,0,,1
aep_full-mid_dispatch-payments-4329e0a8-r11,p30,AEP_FULL,mid_dispatch,payments,AUTHORITATIVE_READBACK,CALLER_REFERENCE,997af46f-65c0-4f8f-978f-8c8b69f6f454,CONFIRMED_APPLIED,FIRED_CONFIRMED,1,1,0,,25934.0,0,0,,1
aep_full-mid_dispatch-payments-4329e0a8-r11,p30,AEP_FULL,mid_dispatch,payments,AUTHORITATIVE_READBACK,CALLER_REFERENCE,9dffe557-36be-421b-9cb0-bfe5263860f6,CONFIRMED_APPLIED,FIRED_CONFIRMED,1,0,1,3627.417167,,0,0,,0
aep_full-mid_dispatch-payments-4329e0a8-r11,p30,AEP_FULL,mid_dispatch,payments,AUTHORITATIVE_READBACK,CALLER_REFERENCE,65983f88-2007-4d7b-9b9e-bdefe6259f8d,CONFIRMED_APPLIED,FIRED_CONFIRMED,1,0,1,3317.376929,,0,0,,0
aep_full-mid_dispatch-payments-4329e0a8-r11,p30,AEP_FULL,mid_dispatch,payments,AUTHORITATIVE_READBACK,CALLER_REFERENCE,90039569-ff35-4cc4-a953-44bde183e058,CONFIRMED_APPLIED,FIRED_CONFIRMED,1,0,1,3474.890983,,0,0,,0
aep_full-mid_dispatch-payments-4329e0a8-r11,p30,AEP_FULL,mid_dispatch,payments,AUTHORITATIVE_READBACK,CALLER_REFERENCE,9667f348-1054-4fb7-99ec-be2292534c38,CONFIRMED_APPLIED,FIRED_CONFIRMED,1,0,1,3954.212367,,0,0,,0
aep_full-mid_dispatch-payments-4329e0a8-r11,p30,AEP_FULL,mid_dispatch,payments,AUTHORITATIVE_READBACK,CALLER_REFERENCE,14f7a264-cf4a-43f5-9ac7-af5d7f865f3a,CONFIRMED_APPLIED,FIRED_CONFIRMED,1,0,1,4015.55149,,0,0,,0
aep_full-mid_dispatch-payments-4329e0a8-r11,p30,AEP_FULL,mid_dispatch,payments,AUTHORITATIVE_READBACK,CALLER_REFERENCE,65db4fe6-ed04-49fd-b367-60424e319501,CONFIRMED_APPLIED,FIRED_CONFIRMED,1,0,1,6122.035191,,0,0,,0
aep_full-mid_dispatch-payments-4329e0a8-r12,p30,AEP_FULL,mid_dispatch,payments,AUTHORITATIVE_READBACK,CALLER_REFERENCE,29f31e32-866b-46db-a4cc-7ec46be69fbc,CONFIRMED_APPLIED,FIRED_CONFIRMED,1,0,1,3507.657055,,0,0,,0
aep_full-mid_dispatch-payments-4329e0a8-r12,p30,AEP_FULL,mid_dispatch,payments,AUTHORITATIVE_READBACK,CALLER_REFERENCE,ee0bfdeb-e075-424c-bd2d-da16e12fedca,CONFIRMED_APPLIED,FIRED_CONFIRMED,1,0,1,3831.42357,,0,0,,0
aep_full-mid_dispatch-payments-4329e0a8-r12,p30,AEP_FULL,mid_dispatch,payments,AUTHORITATIVE_READBACK,CALLER_REFERENCE,7fbbfddd-68f7-4251-8e3a-fbe30dfeb3bc,CONFIRMED_APPLIED,FIRED_CONFIRMED,1,0,1,7092.945583,,0,0,,0
aep_full-mid_dispatch-payments-4329e0a8-r12,p30,AEP_FULL,mid_dispatch,payments,AUTHORITATIVE_READBACK,CALLER_REFERENCE,aab7bd98-c1a8-4a85-97bb-44aa5810d8c7,CONFIRMED_APPLIED,FIRED_CONFIRMED,1,0,1,4020.553159,,0,0,,0
aep_full-mid_dispatch-payments-4329e0a8-r12,p30,AEP_FULL,mid_dispatch,payments,AUTHORITATIVE_READBACK,CALLER_REFERENCE,15d53b7d-5ed3-49ea-9c58-0361097a6907,CONFIRMED_APPLIED,FIRED_CONFIRMED,1,0,1,3925.405492,,0,0,,0
aep_full-mid_dispatch-payments-4329e0a8-r12,p30,AEP_FULL,mid_dispatch,payments,AUTHORITATIVE_READBACK,CALLER_REFERENCE,2349c149-f55c-4fcf-bae6-ceb3feb6d77c,CONFIRMED_APPLIED,FIRED_CONFIRMED,1,0,1,4393.474922,,0,0,,1
aep_full-mid_dispatch-payments-4329e0a8-r12,p30,AEP_FULL,mid_dispatch,payments,AUTHORITATIVE_READBACK,CALLER_REFERENCE,72dc9b76-764b-4f7d-b335-22c6aaba9ef4,CONFIRMED_APPLIED,FIRED_CONFIRMED,1,0,1,4016.39794,,0,0,,1
aep_full-mid_dispatch-payments-4329e0a8-r12,p30,AEP_FULL,mid_dispatch,payments,AUTHORITATIVE_READBACK,CALLER_REFERENCE,1947e012-1ec0-4aa4-a259-23258c0e0d12,CONFIRMED_APPLIED,FIRED_CONFIRMED,1,0,1,3196.541737,,0,0,,1
aep_full-mid_dispatch-payments-4329e0a8-r12,p30,AEP_FULL,mid_dispatch,payments,AUTHORITATIVE_READBACK,CALLER_REFERENCE,ebda65d7-fd51-4070-860e-08c333d675ec,CONFIRMED_APPLIED,FIRED_CONFIRMED,1,0,1,3831.336303,,0,0,,1
aep_full-mid_dispatch-payments-4329e0a8-r12,p30,AEP_FULL,mid_dispatch,payments,AUTHORITATIVE_READBACK,CALLER_REFERENCE,429f1841-7a2d-4b9f-aa9e-125f3b2809cd,CONFIRMED_APPLIED,FIRED_CONFIRMED,1,1,0,,25758.0,0,0,,1
aep_full-mid_dispatch-payments-4329e0a8-r13,p30,AEP_FULL,mid_dispatch,payments,AUTHORITATIVE_READBACK,CALLER_REFERENCE,3efec3d2-2162-4df6-85b0-6b13366ecdff,CONFIRMED_APPLIED,FIRED_CONFIRMED,1,0,1,4161.246126,,0,0,,1
aep_full-mid_dispatch-payments-4329e0a8-r13,p30,AEP_FULL,mid_dispatch,payments,AUTHORITATIVE_READBACK,CALLER_REFERENCE,2ef0428b-afc7-4b9b-98bc-f9a5ba3603b8,CONFIRMED_APPLIED,FIRED_CONFIRMED,1,1,0,,41615.0,0,0,,1
aep_full-mid_dispatch-payments-4329e0a8-r13,p30,AEP_FULL,mid_dispatch,payments,AUTHORITATIVE_READBACK,CALLER_REFERENCE,d23d324d-af66-4f19-8edb-136f8542aac3,CONFIRMED_APPLIED,FIRED_CONFIRMED,1,0,1,3997.696866,,0,0,,1
aep_full-mid_dispatch-payments-4329e0a8-r13,p30,AEP_FULL,mid_dispatch,payments,AUTHORITATIVE_READBACK,CALLER_REFERENCE,f1c667c0-bdb9-4665-8731-b1cc86b55655,CONFIRMED_APPLIED,FIRED_CONFIRMED,1,1,0,,32384.0,0,0,,1
aep_full-mid_dispatch-payments-4329e0a8-r13,p30,AEP_FULL,mid_dispatch,payments,AUTHORITATIVE_READBACK,CALLER_REFERENCE,67b327f4-2ca6-41a5-a262-8e83fc181c17,CONFIRMED_APPLIED,FIRED_CONFIRMED,1,1,0,,28612.0,0,0,,1
aep_full-mid_dispatch-payments-4329e0a8-r13,p30,AEP_FULL,mid_dispatch,payments,AUTHORITATIVE_READBACK,CALLER_REFERENCE,3abef748-f456-4814-b84f-03187a90537e,CONFIRMED_NOT_APPLIED,FAILED_CONFIRMED,0,1,0,,46331.0,0,0,,1
aep_full-mid_dispatch-payments-4329e0a8-r13,p30,AEP_FULL,mid_dispatch,payments,AUTHORITATIVE_READBACK,CALLER_REFERENCE,dd05d000-b3ce-4f10-8ffb-aac4d772449e,CONFIRMED_APPLIED,FIRED_CONFIRMED,1,0,1,3068.449599,,0,0,,0
aep_full-mid_dispatch-payments-4329e0a8-r13,p30,AEP_FULL,mid_dispatch,payments,AUTHORITATIVE_READBACK,CALLER_REFERENCE,a0eaacef-2088-4122-82ed-667f3b3467d0,CONFIRMED_APPLIED,FIRED_CONFIRMED,1,0,1,3412.277544,,0,0,,0
aep_full-mid_dispatch-payments-4329e0a8-r13,p30,AEP_FULL,mid_dispatch,payments,AUTHORITATIVE_READBACK,CALLER_REFERENCE,47277dea-6d5f-4265-a37e-d548bc48a1fe,CONFIRMED_APPLIED,FIRED_CONFIRMED,1,0,1,3766.167553,,0,0,,0
aep_full-mid_dispatch-payments-4329e0a8-r13,p30,AEP_FULL,mid_dispatch,payments,AUTHORITATIVE_READBACK,CALLER_REFERENCE,9983b7cb-8b5d-4382-9686-1922fa3eae70,CONFIRMED_APPLIED,FIRED_CONFIRMED,1,0,1,6368.850231,,0,0,,0
aep_full-mid_dispatch-payments-4329e0a8-r14,p30,AEP_FULL,mid_dispatch,payments,AUTHORITATIVE_READBACK,CALLER_REFERENCE,4a8cbc5f-6080-4f5c-ace0-98b492c90141,CONFIRMED_NOT_APPLIED,FAILED_CONFIRMED,0,0,0,,,0,0,,0
aep_full-mid_dispatch-payments-4329e0a8-r14,p30,AEP_FULL,mid_dispatch,payments,AUTHORITATIVE_READBACK,CALLER_REFERENCE,db7d0a99-75ca-44a5-b570-d03609030c03,CONFIRMED_APPLIED,FIRED_CONFIRMED,1,0,1,6507.418295,,0,0,,1
aep_full-mid_dispatch-payments-4329e0a8-r14,p30,AEP_FULL,mid_dispatch,payments,AUTHORITATIVE_READBACK,CALLER_REFERENCE,5a68b0d7-c8e5-4f77-bcdf-c29aa4714fe0,CONFIRMED_NOT_APPLIED,FAILED_CONFIRMED,0,1,0,,68069.0,0,0,,1
aep_full-mid_dispatch-payments-4329e0a8-r14,p30,AEP_FULL,mid_dispatch,payments,AUTHORITATIVE_READBACK,CALLER_REFERENCE,becb6ac0-80b9-4d7b-87f9-a9cf0eb93ca1,CONFIRMED_APPLIED,FIRED_CONFIRMED,1,0,1,10286.372313,,0,0,,0
aep_full-mid_dispatch-payments-4329e0a8-r14,p30,AEP_FULL,mid_dispatch,payments,AUTHORITATIVE_READBACK,CALLER_REFERENCE,aae000fb-baf9-4415-b9bd-cef9003a44f8,CONFIRMED_APPLIED,FIRED_CONFIRMED,1,0,1,6120.720539,,0,0,,0
aep_full-mid_dispatch-payments-4329e0a8-r14,p30,AEP_FULL,mid_dispatch,payments,AUTHORITATIVE_READBACK,CALLER_REFERENCE,d89c470d-3057-4e12-843c-cb3c4a17f482,CONFIRMED_APPLIED,FIRED_CONFIRMED,1,0,1,3565.525461,,0,0,,1
aep_full-mid_dispatch-payments-4329e0a8-r14,p30,AEP_FULL,mid_dispatch,payments,AUTHORITATIVE_READBACK,CALLER_REFERENCE,9ab5d053-b314-46ce-beab-644ff9585dfb,CONFIRMED_APPLIED,FIRED_CONFIRMED,1,1,0,,72037.0,0,0,,1
aep_full-mid_dispatch-payments-4329e0a8-r14,p30,AEP_FULL,mid_dispatch,payments,AUTHORITATIVE_READBACK,CALLER_REFERENCE,3adfa72a-e205-4ce6-9c20-210d11fa5f32,CONFIRMED_NOT_APPLIED,FAILED_CONFIRMED,0,1,0,,45875.0,0,0,,1
aep_full-mid_dispatch-payments-4329e0a8-r14,p30,AEP_FULL,mid_dispatch,payments,AUTHORITATIVE_READBACK,CALLER_REFERENCE,4caa3955-5b7a-43d5-a679-4bca021c57e3,CONFIRMED_APPLIED,FIRED_CONFIRMED,1,0,1,4252.152043,,0,0,,0
aep_full-mid_dispatch-payments-4329e0a8-r14,p30,AEP_FULL,mid_dispatch,payments,AUTHORITATIVE_READBACK,CALLER_REFERENCE,05f1381a-80a6-4a7f-b0a4-6011871741c0,CONFIRMED_APPLIED,FIRED_CONFIRMED,1,0,1,3212.923936,,0,0,,0
aep_full-mid_dispatch-payments-4329e0a8-r2,p30,AEP_FULL,mid_dispatch,payments,AUTHORITATIVE_READBACK,CALLER_REFERENCE,fbdf5df8-30d9-4c29-9a4e-3f9f90597097,CONFIRMED_APPLIED,FIRED_CONFIRMED,1,1,0,,37853.0,0,0,,1
aep_full-mid_dispatch-payments-4329e0a8-r2,p30,AEP_FULL,mid_dispatch,payments,AUTHORITATIVE_READBACK,CALLER_REFERENCE,59eb34fe-b5db-46cc-b0c8-7ae6989f9c3f,CONFIRMED_APPLIED,FIRED_CONFIRMED,1,1,0,,33838.0,0,0,,1
aep_full-mid_dispatch-payments-4329e0a8-r2,p30,AEP_FULL,mid_dispatch,payments,AUTHORITATIVE_READBACK,CALLER_REFERENCE,a06bf26e-d2aa-442d-a61d-affc8407eee5,CONFIRMED_APPLIED,FIRED_CONFIRMED,1,0,1,4072.242346,,0,0,,1
aep_full-mid_dispatch-payments-4329e0a8-r2,p30,AEP_FULL,mid_dispatch,payments,AUTHORITATIVE_READBACK,CALLER_REFERENCE,0a1fd0e6-7bbe-46a4-a830-27a6eb06e218,CONFIRMED_APPLIED,FIRED_CONFIRMED,1,1,0,,25802.0,0,0,,1
aep_full-mid_dispatch-payments-4329e0a8-r2,p30,AEP_FULL,mid_dispatch,payments,AUTHORITATIVE_READBACK,CALLER_REFERENCE,17a8b9e3-9530-4759-b561-73a20cdee52d,CONFIRMED_APPLIED,FIRED_CONFIRMED,1,0,1,3793.62323,,0,0,,0
aep_full-mid_dispatch-payments-4329e0a8-r2,p30,AEP_FULL,mid_dispatch,payments,AUTHORITATIVE_READBACK,CALLER_REFERENCE,ace40b9d-083a-4dc5-8af2-da9de2817561,CONFIRMED_APPLIED,FIRED_CONFIRMED,1,0,1,2828.255215,,0,0,,1
aep_full-mid_dispatch-payments-4329e0a8-r2,p30,AEP_FULL,mid_dispatch,payments,AUTHORITATIVE_READBACK,CALLER_REFERENCE,63a3c5a3-919f-453c-93f2-01b056e50665,CONFIRMED_APPLIED,FIRED_CONFIRMED,1,0,1,3621.157951,,0,0,,1
aep_full-mid_dispatch-payments-4329e0a8-r2,p30,AEP_FULL,mid_dispatch,payments,AUTHORITATIVE_READBACK,CALLER_REFERENCE,bbf09420-6f67-460d-b16f-89a52f858f7e,CONFIRMED_APPLIED,FIRED_CONFIRMED,1,0,1,4016.555288,,0,0,,1
aep_full-mid_dispatch-payments-4329e0a8-r2,p30,AEP_FULL,mid_dispatch,payments,AUTHORITATIVE_READBACK,CALLER_REFERENCE,08b1e5e6-7999-497d-8045-d4d0c2c3bcef,CONFIRMED_APPLIED,FIRED_CONFIRMED,1,1,0,,26805.0,0,0,,1
aep_full-mid_dispatch-payments-4329e0a8-r2,p30,AEP_FULL,mid_dispatch,payments,AUTHORITATIVE_READBACK,CALLER_REFERENCE,0d7347bb-a000-4e67-a108-22bb6b4845fb,CONFIRMED_NOT_APPLIED,FAILED_CONFIRMED,0,0,1,3804.327879,,0,0,,0
aep_full-mid_dispatch-payments-4329e0a8-r3,p30,AEP_FULL,mid_dispatch,payments,AUTHORITATIVE_READBACK,CALLER_REFERENCE,ec2e6c72-9a4d-4765-82c7-2b8ee37ea2b7,CONFIRMED_APPLIED,FIRED_CONFIRMED,1,1,0,,35196.0,0,0,,1
aep_full-mid_dispatch-payments-4329e0a8-r3,p30,AEP_FULL,mid_dispatch,payments,AUTHORITATIVE_READBACK,CALLER_REFERENCE,e48ad851-2513-4fd5-b740-fd2388c3126d,CONFIRMED_APPLIED,FIRED_CONFIRMED,1,0,1,3740.425988,,0,0,,0
aep_full-mid_dispatch-payments-4329e0a8-r3,p30,AEP_FULL,mid_dispatch,payments,AUTHORITATIVE_READBACK,CALLER_REFERENCE,9ed77ca4-8a91-461c-814f-0213e806dafa,CONFIRMED_APPLIED,FIRED_CONFIRMED,1,0,1,4017.952821,,0,0,,0
aep_full-mid_dispatch-payments-4329e0a8-r3,p30,AEP_FULL,mid_dispatch,payments,AUTHORITATIVE_READBACK,CALLER_REFERENCE,c57a07be-8ef1-44ef-9be5-bfc671145390,CONFIRMED_NOT_APPLIED,FAILED_CONFIRMED,0,0,1,4020.040874,,0,0,,0
aep_full-mid_dispatch-payments-4329e0a8-r3,p30,AEP_FULL,mid_dispatch,payments,AUTHORITATIVE_READBACK,CALLER_REFERENCE,c814ca50-a5ab-48d3-88ab-777b03f28751,CONFIRMED_APPLIED,FIRED_CONFIRMED,1,0,1,3274.625828,,0,0,,0
aep_full-mid_dispatch-payments-4329e0a8-r3,p30,AEP_FULL,mid_dispatch,payments,AUTHORITATIVE_READBACK,CALLER_REFERENCE,7c66aa96-b768-4680-929c-e95b28a7e23a,CONFIRMED_APPLIED,FIRED_CONFIRMED,1,1,0,,35196.0,0,0,,1
aep_full-mid_dispatch-payments-4329e0a8-r3,p30,AEP_FULL,mid_dispatch,payments,AUTHORITATIVE_READBACK,CALLER_REFERENCE,b221d1d1-5475-4f6e-803d-13d237577d84,CONFIRMED_APPLIED,FIRED_CONFIRMED,1,0,1,3025.354116,,0,0,,1
aep_full-mid_dispatch-payments-4329e0a8-r3,p30,AEP_FULL,mid_dispatch,payments,AUTHORITATIVE_READBACK,CALLER_REFERENCE,7848da86-07b4-4824-b2e4-ef7e9d6f2acd,CONFIRMED_APPLIED,FIRED_CONFIRMED,1,1,0,,29173.0,0,0,,1
aep_full-mid_dispatch-payments-4329e0a8-r3,p30,AEP_FULL,mid_dispatch,payments,AUTHORITATIVE_READBACK,CALLER_REFERENCE,5540ecc1-a757-4c9d-b031-cc3c7c4dabf5,CONFIRMED_APPLIED,FIRED_CONFIRMED,1,1,0,,26125.0,0,0,,1
aep_full-mid_dispatch-payments-4329e0a8-r3,p30,AEP_FULL,mid_dispatch,payments,AUTHORITATIVE_READBACK,CALLER_REFERENCE,7837985c-fdf3-4c1d-8f1b-581944a26664,CONFIRMED_APPLIED,FIRED_CONFIRMED,1,0,1,3547.548157,,0,0,,0
aep_full-mid_dispatch-payments-4329e0a8-r4,p30,AEP_FULL,mid_dispatch,payments,AUTHORITATIVE_READBACK,CALLER_REFERENCE,83a604c6-a7b2-4547-bb9b-05d190cb86ac,CONFIRMED_APPLIED,FIRED_CONFIRMED,1,0,1,6009.520364,,0,0,,0
aep_full-mid_dispatch-payments-4329e0a8-r4,p30,AEP_FULL,mid_dispatch,payments,AUTHORITATIVE_READBACK,CALLER_REFERENCE,2c1f4e22-c2fc-4b9e-baec-1aaff1e4630b,CONFIRMED_NOT_APPLIED,FAILED_CONFIRMED,0,0,1,3511.635238,,0,0,,0
aep_full-mid_dispatch-payments-4329e0a8-r4,p30,AEP_FULL,mid_dispatch,payments,AUTHORITATIVE_READBACK,CALLER_REFERENCE,8ff5838f-ac50-4513-a6dc-e890d0eac665,CONFIRMED_APPLIED,FIRED_CONFIRMED,1,0,1,2977.41117,,0,0,,0
aep_full-mid_dispatch-payments-4329e0a8-r4,p30,AEP_FULL,mid_dispatch,payments,AUTHORITATIVE_READBACK,CALLER_REFERENCE,de3799e3-2ec4-443b-b3f8-6fa460129df8,CONFIRMED_APPLIED,FIRED_CONFIRMED,1,0,1,3086.632242,,0,0,,0
aep_full-mid_dispatch-payments-4329e0a8-r4,p30,AEP_FULL,mid_dispatch,payments,AUTHORITATIVE_READBACK,CALLER_REFERENCE,e33d2908-6cc3-4baa-9ff1-5845c67d543e,CONFIRMED_APPLIED,FIRED_CONFIRMED,1,0,1,3080.466897,,0,0,,0
aep_full-mid_dispatch-payments-4329e0a8-r4,p30,AEP_FULL,mid_dispatch,payments,AUTHORITATIVE_READBACK,CALLER_REFERENCE,782ecc19-6c89-4a29-b057-d7c3cbc28125,CONFIRMED_APPLIED,FIRED_CONFIRMED,1,0,1,2996.866628,,0,0,,1
aep_full-mid_dispatch-payments-4329e0a8-r4,p30,AEP_FULL,mid_dispatch,payments,AUTHORITATIVE_READBACK,CALLER_REFERENCE,09454197-310f-4c77-a506-685c834357b4,CONFIRMED_APPLIED,FIRED_CONFIRMED,1,1,0,,35882.0,0,0,,1
aep_full-mid_dispatch-payments-4329e0a8-r4,p30,AEP_FULL,mid_dispatch,payments,AUTHORITATIVE_READBACK,CALLER_REFERENCE,ec9ad8fa-3031-4ba6-954c-a62905d4abf7,CONFIRMED_NOT_APPLIED,FAILED_CONFIRMED,0,1,0,,31865.0,0,0,,1
aep_full-mid_dispatch-payments-4329e0a8-r4,p30,AEP_FULL,mid_dispatch,payments,AUTHORITATIVE_READBACK,CALLER_REFERENCE,e963b099-3347-40ec-9e26-6e16e805350d,CONFIRMED_NOT_APPLIED,FAILED_CONFIRMED,0,1,0,,25949.0,0,0,,1
aep_full-mid_dispatch-payments-4329e0a8-r4,p30,AEP_FULL,mid_dispatch,payments,AUTHORITATIVE_READBACK,CALLER_REFERENCE,c8eeef80-9c7e-4011-9ea7-d34fab818beb,CONFIRMED_APPLIED,FIRED_CONFIRMED,1,0,1,3642.593095,,0,0,,0
aep_full-mid_dispatch-payments-4329e0a8-r5,p30,AEP_FULL,mid_dispatch,payments,AUTHORITATIVE_READBACK,CALLER_REFERENCE,949f4b81-59d8-47c4-9955-b6f9fa18e09f,CONFIRMED_APPLIED,FIRED_CONFIRMED,1,0,1,5718.1695,,0,0,,1
aep_full-mid_dispatch-payments-4329e0a8-r5,p30,AEP_FULL,mid_dispatch,payments,AUTHORITATIVE_READBACK,CALLER_REFERENCE,611d1a0d-55ad-4e54-a815-f900822c441c,CONFIRMED_APPLIED,FIRED_CONFIRMED,1,0,1,3714.637821,,0,0,,1
aep_full-mid_dispatch-payments-4329e0a8-r5,p30,AEP_FULL,mid_dispatch,payments,AUTHORITATIVE_READBACK,CALLER_REFERENCE,26b2b575-429f-4427-938d-0b01784ecb85,CONFIRMED_APPLIED,FIRED_CONFIRMED,1,1,0,,28765.0,0,0,,1
aep_full-mid_dispatch-payments-4329e0a8-r5,p30,AEP_FULL,mid_dispatch,payments,AUTHORITATIVE_READBACK,CALLER_REFERENCE,27122f8c-1b9c-46d5-b9a1-e76cf2723aaf,CONFIRMED_APPLIED,FIRED_CONFIRMED,1,0,1,3320.798968,,0,0,,0
aep_full-mid_dispatch-payments-4329e0a8-r5,p30,AEP_FULL,mid_dispatch,payments,AUTHORITATIVE_READBACK,CALLER_REFERENCE,1474e788-799b-4b70-b646-555aa181aad3,CONFIRMED_APPLIED,FIRED_CONFIRMED,1,0,1,7026.372454,,0,0,,0
aep_full-mid_dispatch-payments-4329e0a8-r5,p30,AEP_FULL,mid_dispatch,payments,AUTHORITATIVE_READBACK,CALLER_REFERENCE,59b4d1a4-2eae-4936-b210-91019ab0b557,CONFIRMED_APPLIED,FIRED_CONFIRMED,1,1,0,,38914.0,0,0,,1
aep_full-mid_dispatch-payments-4329e0a8-r5,p30,AEP_FULL,mid_dispatch,payments,AUTHORITATIVE_READBACK,CALLER_REFERENCE,90f637c0-1cf4-42ad-a1b7-ca03f1a14d49,CONFIRMED_APPLIED,FIRED_CONFIRMED,1,0,1,3407.439827,,0,0,,1
aep_full-mid_dispatch-payments-4329e0a8-r5,p30,AEP_FULL,mid_dispatch,payments,AUTHORITATIVE_READBACK,CALLER_REFERENCE,87b0213c-273a-4d4c-8779-d81a0d7ca1c7,CONFIRMED_APPLIED,FIRED_CONFIRMED,1,1,0,,31808.0,0,0,,1
aep_full-mid_dispatch-payments-4329e0a8-r5,p30,AEP_FULL,mid_dispatch,payments,AUTHORITATIVE_READBACK,CALLER_REFERENCE,af7c88e0-1a10-4fae-9701-09d6b1b95637,CONFIRMED_APPLIED,FIRED_CONFIRMED,1,0,1,3024.722234,,0,0,,0
aep_full-mid_dispatch-payments-4329e0a8-r5,p30,AEP_FULL,mid_dispatch,payments,AUTHORITATIVE_READBACK,CALLER_REFERENCE,53757594-7375-4976-b3d4-f7f95b7dedc9,CONFIRMED_APPLIED,FIRED_CONFIRMED,1,0,1,2713.86422,,0,0,,0
aep_full-mid_dispatch-payments-4329e0a8-r6,p30,AEP_FULL,mid_dispatch,payments,AUTHORITATIVE_READBACK,CALLER_REFERENCE,9dfe7d2c-2e17-4382-a198-acf6dccc24c3,CONFIRMED_APPLIED,FIRED_CONFIRMED,1,0,1,3016.174512,,0,0,,1
aep_full-mid_dispatch-payments-4329e0a8-r6,p30,AEP_FULL,mid_dispatch,payments,AUTHORITATIVE_READBACK,CALLER_REFERENCE,87de7891-b8b7-4567-952d-628ae927094b,CONFIRMED_APPLIED,FIRED_CONFIRMED,1,1,0,,36957.0,0,0,,1
aep_full-mid_dispatch-payments-4329e0a8-r6,p30,AEP_FULL,mid_dispatch,payments,AUTHORITATIVE_READBACK,CALLER_REFERENCE,d78d2d17-17de-45fd-8cef-83504feb49b6,CONFIRMED_APPLIED,FIRED_CONFIRMED,1,0,1,5810.613813,,0,0,,0
aep_full-mid_dispatch-payments-4329e0a8-r6,p30,AEP_FULL,mid_dispatch,payments,AUTHORITATIVE_READBACK,CALLER_REFERENCE,41f602c1-cde1-4372-92aa-a102b29bac80,CONFIRMED_APPLIED,FIRED_CONFIRMED,1,0,1,2901.203141,,0,0,,0
aep_full-mid_dispatch-payments-4329e0a8-r6,p30,AEP_FULL,mid_dispatch,payments,AUTHORITATIVE_READBACK,CALLER_REFERENCE,feb4d495-b22f-4e3e-86ad-2e121ecb45f6,CONFIRMED_APPLIED,FIRED_CONFIRMED,1,0,1,2912.16533,,0,0,,0
aep_full-mid_dispatch-payments-4329e0a8-r6,p30,AEP_FULL,mid_dispatch,payments,AUTHORITATIVE_READBACK,CALLER_REFERENCE,23c24ee8-4b2b-4c64-bcad-da9a5f8adf5b,CONFIRMED_APPLIED,FIRED_CONFIRMED,1,0,1,6526.434439,,0,0,,1
aep_full-mid_dispatch-payments-4329e0a8-r6,p30,AEP_FULL,mid_dispatch,payments,AUTHORITATIVE_READBACK,CALLER_REFERENCE,ef197cb1-7596-4168-9f65-c46ea03cf9d0,CONFIRMED_APPLIED,FIRED_CONFIRMED,1,0,1,2813.800042,,0,0,,1
aep_full-mid_dispatch-payments-4329e0a8-r6,p30,AEP_FULL,mid_dispatch,payments,AUTHORITATIVE_READBACK,CALLER_REFERENCE,87e547f7-9bef-44f7-ac48-155eeba13beb,CONFIRMED_APPLIED,FIRED_CONFIRMED,1,1,0,,30936.0,0,0,,1
aep_full-mid_dispatch-payments-4329e0a8-r6,p30,AEP_FULL,mid_dispatch,payments,AUTHORITATIVE_READBACK,CALLER_REFERENCE,31e5389e-1928-48e7-b0d5-20dd36b869f9,CONFIRMED_APPLIED,FIRED_CONFIRMED,1,1,0,,27840.0,0,0,,1
aep_full-mid_dispatch-payments-4329e0a8-r6,p30,AEP_FULL,mid_dispatch,payments,AUTHORITATIVE_READBACK,CALLER_REFERENCE,d4bf4fb6-d232-4907-bcf1-37be8ea266ea,CONFIRMED_APPLIED,FIRED_CONFIRMED,1,0,1,3363.350619,,0,0,,0
aep_full-mid_dispatch-payments-4329e0a8-r7,p30,AEP_FULL,mid_dispatch,payments,AUTHORITATIVE_READBACK,CALLER_REFERENCE,f4f85d2b-7100-41de-94b2-aafc69b7ad9c,CONFIRMED_APPLIED,FIRED_CONFIRMED,1,0,1,3028.779684,,0,0,,1
aep_full-mid_dispatch-payments-4329e0a8-r7,p30,AEP_FULL,mid_dispatch,payments,AUTHORITATIVE_READBACK,CALLER_REFERENCE,cf498566-e7c7-41e3-95a3-4807e575e25f,CONFIRMED_APPLIED,FIRED_CONFIRMED,1,0,1,3591.33518,,0,0,,1
aep_full-mid_dispatch-payments-4329e0a8-r7,p30,AEP_FULL,mid_dispatch,payments,AUTHORITATIVE_READBACK,CALLER_REFERENCE,d863e923-0090-4983-9e72-1e555a20f07d,CONFIRMED_APPLIED,FIRED_CONFIRMED,1,1,0,,34980.0,0,0,,1
aep_full-mid_dispatch-payments-4329e0a8-r7,p30,AEP_FULL,mid_dispatch,payments,AUTHORITATIVE_READBACK,CALLER_REFERENCE,e43ad0a5-590f-4092-ba68-1fbe67252f8b,CONFIRMED_APPLIED,FIRED_CONFIRMED,1,0,1,3548.754522,,0,0,,1
aep_full-mid_dispatch-payments-4329e0a8-r7,p30,AEP_FULL,mid_dispatch,payments,AUTHORITATIVE_READBACK,CALLER_REFERENCE,ccbcbb42-515b-45e2-85a1-bc51a2cea381,CONFIRMED_APPLIED,FIRED_CONFIRMED,1,1,0,,27047.0,0,0,,1
aep_full-mid_dispatch-payments-4329e0a8-r7,p30,AEP_FULL,mid_dispatch,payments,AUTHORITATIVE_READBACK,CALLER_REFERENCE,c69318a3-3421-4d78-a2ab-959c09f8b216,CONFIRMED_APPLIED,FIRED_CONFIRMED,1,0,1,3611.101938,,0,0,,1
aep_full-mid_dispatch-payments-4329e0a8-r7,p30,AEP_FULL,mid_dispatch,payments,AUTHORITATIVE_READBACK,CALLER_REFERENCE,b4e34448-c3ce-4aa2-89b0-dfab31b33a56,CONFIRMED_APPLIED,FIRED_CONFIRMED,1,1,0,,37990.0,0,0,,1
aep_full-mid_dispatch-payments-4329e0a8-r7,p30,AEP_FULL,mid_dispatch,payments,AUTHORITATIVE_READBACK,CALLER_REFERENCE,2ffe62cd-8e3f-4fa8-a0cc-a345790a6f39,CONFIRMED_APPLIED,FIRED_CONFIRMED,1,0,1,3521.419232,,0,0,,0
aep_full-mid_dispatch-payments-4329e0a8-r7,p30,AEP_FULL,mid_dispatch,payments,AUTHORITATIVE_READBACK,CALLER_REFERENCE,d66ee0a3-5cb9-4362-b4c4-56972ce56cb2,CONFIRMED_APPLIED,FIRED_CONFIRMED,1,0,1,6324.487292,,0,0,,0
aep_full-mid_dispatch-payments-4329e0a8-r7,p30,AEP_FULL,mid_dispatch,payments,AUTHORITATIVE_READBACK,CALLER_REFERENCE,db710748-9a28-4396-b5f0-6db8899177aa,CONFIRMED_APPLIED,FIRED_CONFIRMED,1,0,1,3209.727633,,0,0,,0
aep_full-mid_dispatch-payments-4329e0a8-r8,p30,AEP_FULL,mid_dispatch,payments,AUTHORITATIVE_READBACK,CALLER_REFERENCE,269ed53f-b1d4-49ca-9da3-c21aecbf9840,CONFIRMED_APPLIED,FIRED_CONFIRMED,1,0,1,4210.080169,,0,0,,1
aep_full-mid_dispatch-payments-4329e0a8-r8,p30,AEP_FULL,mid_dispatch,payments,AUTHORITATIVE_READBACK,CALLER_REFERENCE,8be0c4a9-f64f-42ad-a6c7-f44cb56666d1,CONFIRMED_APPLIED,FIRED_CONFIRMED,1,0,1,3903.08153,,0,0,,1
aep_full-mid_dispatch-payments-4329e0a8-r8,p30,AEP_FULL,mid_dispatch,payments,AUTHORITATIVE_READBACK,CALLER_REFERENCE,8066cd02-fe1a-4028-8b4f-1f42e96d5619,CONFIRMED_APPLIED,FIRED_CONFIRMED,1,0,1,4125.751695,,0,0,,1
aep_full-mid_dispatch-payments-4329e0a8-r8,p30,AEP_FULL,mid_dispatch,payments,AUTHORITATIVE_READBACK,CALLER_REFERENCE,3057ad12-52a2-4d95-93e3-38e0f4a73b9f,CONFIRMED_APPLIED,FIRED_CONFIRMED,1,1,0,,27778.0,0,0,,1
aep_full-mid_dispatch-payments-4329e0a8-r8,p30,AEP_FULL,mid_dispatch,payments,AUTHORITATIVE_READBACK,CALLER_REFERENCE,e6090b3e-b9a7-4b08-b153-f2bfbdcb033a,CONFIRMED_NOT_APPLIED,FAILED_CONFIRMED,0,0,1,2749.168761,,0,0,,0
aep_full-mid_dispatch-payments-4329e0a8-r8,p30,AEP_FULL,mid_dispatch,payments,AUTHORITATIVE_READBACK,CALLER_REFERENCE,7c775b73-d9b6-4720-82b5-df7172664683,CONFIRMED_NOT_APPLIED,FAILED_CONFIRMED,0,1,0,,39721.0,0,0,,1
aep_full-mid_dispatch-payments-4329e0a8-r8,p30,AEP_FULL,mid_dispatch,payments,AUTHORITATIVE_READBACK,CALLER_REFERENCE,19062572-ffa8-4b78-9429-be198cd5a563,CONFIRMED_NOT_APPLIED,FAILED_CONFIRMED,0,1,0,,33957.0,0,0,,1
aep_full-mid_dispatch-payments-4329e0a8-r8,p30,AEP_FULL,mid_dispatch,payments,AUTHORITATIVE_READBACK,CALLER_REFERENCE,460a86a2-a420-4084-8567-3fe161c308b7,CONFIRMED_NOT_APPLIED,FAILED_CONFIRMED,0,1,0,,28783.0,0,0,,1
aep_full-mid_dispatch-payments-4329e0a8-r8,p30,AEP_FULL,mid_dispatch,payments,AUTHORITATIVE_READBACK,CALLER_REFERENCE,04a369c2-a599-48ce-81c1-9e5add7b41bf,CONFIRMED_NOT_APPLIED,FAILED_CONFIRMED,0,0,1,4024.8996,,0,0,,0
aep_full-mid_dispatch-payments-4329e0a8-r8,p30,AEP_FULL,mid_dispatch,payments,AUTHORITATIVE_READBACK,CALLER_REFERENCE,69f457eb-4326-4313-9d93-d7a8c9c111ed,CONFIRMED_APPLIED,FIRED_CONFIRMED,1,0,1,3923.495037,,0,0,,0
aep_full-mid_dispatch-payments-4329e0a8-r9,p30,AEP_FULL,mid_dispatch,payments,AUTHORITATIVE_READBACK,CALLER_REFERENCE,c6461437-167e-499d-b2d2-6f339f4bec4c,CONFIRMED_APPLIED,FIRED_CONFIRMED,1,1,0,,37879.0,0,0,,1
aep_full-mid_dispatch-payments-4329e0a8-r9,p30,AEP_FULL,mid_dispatch,payments,AUTHORITATIVE_READBACK,CALLER_REFERENCE,31e0fa6d-6930-426e-a3a0-2b7ede55025d,CONFIRMED_NOT_APPLIED,FAILED_CONFIRMED,0,1,0,,33989.0,0,0,,1
aep_full-mid_dispatch-payments-4329e0a8-r9,p30,AEP_FULL,mid_dispatch,payments,AUTHORITATIVE_READBACK,CALLER_REFERENCE,68e3e179-50b8-4416-8a2b-5743f38ae342,CONFIRMED_APPLIED,FIRED_CONFIRMED,1,0,1,3564.439661,,0,0,,0
aep_full-mid_dispatch-payments-4329e0a8-r9,p30,AEP_FULL,mid_dispatch,payments,AUTHORITATIVE_READBACK,CALLER_REFERENCE,ee01a81a-26fc-4d1b-ab89-4e22e115ca2e,CONFIRMED_APPLIED,FIRED_CONFIRMED,1,0,1,4018.051632,,0,0,,0
aep_full-mid_dispatch-payments-4329e0a8-r9,p30,AEP_FULL,mid_dispatch,payments,AUTHORITATIVE_READBACK,CALLER_REFERENCE,8d3d431d-75af-4285-a638-c8800f83356c,CONFIRMED_APPLIED,FIRED_CONFIRMED,1,0,1,3398.402577,,0,0,,0
aep_full-mid_dispatch-payments-4329e0a8-r9,p30,AEP_FULL,mid_dispatch,payments,AUTHORITATIVE_READBACK,CALLER_REFERENCE,7e8f372b-9d8a-4903-b3a3-d16809d13add,CONFIRMED_APPLIED,FIRED_CONFIRMED,1,0,1,3739.669254,,0,0,,1
aep_full-mid_dispatch-payments-4329e0a8-r9,p30,AEP_FULL,mid_dispatch,payments,AUTHORITATIVE_READBACK,CALLER_REFERENCE,08cdd900-6bee-41d8-afd9-65b62e047028,CONFIRMED_APPLIED,FIRED_CONFIRMED,1,0,1,3466.445044,,0,0,,1
aep_full-mid_dispatch-payments-4329e0a8-r9,p30,AEP_FULL,mid_dispatch,payments,AUTHORITATIVE_READBACK,CALLER_REFERENCE,f00bba31-5140-4f34-ba2a-e4374e2e4360,CONFIRMED_APPLIED,FIRED_CONFIRMED,1,1,0,,31055.0,0,0,,1
aep_full-mid_dispatch-payments-4329e0a8-r9,p30,AEP_FULL,mid_dispatch,payments,AUTHORITATIVE_READBACK,CALLER_REFERENCE,47d85d8c-caa9-431b-888f-15e1e973e6f3,CONFIRMED_APPLIED,FIRED_CONFIRMED,1,0,1,3606.212961,,0,0,,0
aep_full-mid_dispatch-payments-4329e0a8-r9,p30,AEP_FULL,mid_dispatch,payments,AUTHORITATIVE_READBACK,CALLER_REFERENCE,8c2f43e2-1847-4ef9-9215-97d94cfc263a,CONFIRMED_APPLIED,FIRED_CONFIRMED,1,0,1,6030.160457,,0,0,,0
b0_naive_retry-mid_dispatch-ledger_postings-d87a0119-r0,p30,B0_NAIVE_RETRY,mid_dispatch,ledger_postings,NO_READBACK,CALLER_REFERENCE,4e6a54ac-5d06-4f69-979e-3271ff9266bb,CONFIRMED_APPLIED,APPLIED,1,0,1,2991.97849,,0,0,,
b0_naive_retry-mid_dispatch-ledger_postings-d87a0119-r0,p30,B0_NAIVE_RETRY,mid_dispatch,ledger_postings,NO_READBACK,CALLER_REFERENCE,db0f2ea1-bd61-412d-9678-3742fbddeb78,CONFIRMED_APPLIED,APPLIED,3,1,2,7871.399382,27816.0,1,0,,
b0_naive_retry-mid_dispatch-ledger_postings-d87a0119-r0,p30,B0_NAIVE_RETRY,mid_dispatch,ledger_postings,NO_READBACK,CALLER_REFERENCE,979597aa-26d3-43c0-8c84-d4a2a4696dcf,CONFIRMED_APPLIED,APPLIED,2,1,1,3701.855759,13655.0,1,0,,
b0_naive_retry-mid_dispatch-ledger_postings-d87a0119-r0,p30,B0_NAIVE_RETRY,mid_dispatch,ledger_postings,NO_READBACK,CALLER_REFERENCE,d2e8b6b5-cb36-4eaf-9b09-56b695a72187,CONFIRMED_APPLIED,APPLIED,1,0,1,2038.78957,,0,0,,
b0_naive_retry-mid_dispatch-ledger_postings-d87a0119-r0,p30,B0_NAIVE_RETRY,mid_dispatch,ledger_postings,NO_READBACK,CALLER_REFERENCE,139740f1-d3bc-4372-a519-6256b372a29d,CONFIRMED_APPLIED,APPLIED,1,0,1,2034.363583,,0,0,,
b0_naive_retry-mid_dispatch-ledger_postings-d87a0119-r0,p30,B0_NAIVE_RETRY,mid_dispatch,ledger_postings,NO_READBACK,CALLER_REFERENCE,cef68f1d-39d6-44f0-8635-6e82fb3fb063,CONFIRMED_APPLIED,APPLIED,1,0,1,2957.359642,,0,0,,
b0_naive_retry-mid_dispatch-ledger_postings-d87a0119-r0,p30,B0_NAIVE_RETRY,mid_dispatch,ledger_postings,NO_READBACK,CALLER_REFERENCE,aadd2a4d-6914-4d61-b3cb-960e0cfe70ed,CONFIRMED_APPLIED,APPLIED,1,0,1,2023.666921,,0,0,,
b0_naive_retry-mid_dispatch-ledger_postings-d87a0119-r0,p30,B0_NAIVE_RETRY,mid_dispatch,ledger_postings,NO_READBACK,CALLER_REFERENCE,37ce5e9f-fdad-4648-9293-5879a03a3180,CONFIRMED_APPLIED,APPLIED,1,0,1,2025.933487,,0,0,,
b0_naive_retry-mid_dispatch-ledger_postings-d87a0119-r0,p30,B0_NAIVE_RETRY,mid_dispatch,ledger_postings,NO_READBACK,CALLER_REFERENCE,6f32aa98-5d9d-471f-8f16-eabb6d9e443c,CONFIRMED_APPLIED,APPLIED,1,0,1,2027.949721,,0,0,,
b0_naive_retry-mid_dispatch-ledger_postings-d87a0119-r0,p30,B0_NAIVE_RETRY,mid_dispatch,ledger_postings,NO_READBACK,CALLER_REFERENCE,bda8f7eb-645a-47a6-a05c-a2481d6dc475,CONFIRMED_APPLIED,APPLIED,1,0,1,2034.112286,,0,0,,
b0_naive_retry-mid_dispatch-ledger_postings-d87a0119-r1,p30,B0_NAIVE_RETRY,mid_dispatch,ledger_postings,NO_READBACK,CALLER_REFERENCE,6d4e1981-7297-4857-9c9e-cd7558b8aab1,CONFIRMED_APPLIED,APPLIED,1,0,1,2551.138449,,0,0,,
b0_naive_retry-mid_dispatch-ledger_postings-d87a0119-r1,p30,B0_NAIVE_RETRY,mid_dispatch,ledger_postings,NO_READBACK,CALLER_REFERENCE,b8afefab-9951-4713-852a-431a18f6845b,CONFIRMED_APPLIED,APPLIED,1,0,1,2025.786417,,0,0,,
b0_naive_retry-mid_dispatch-ledger_postings-d87a0119-r1,p30,B0_NAIVE_RETRY,mid_dispatch,ledger_postings,NO_READBACK,CALLER_REFERENCE,ff56ff4a-3d3e-4f10-a19b-a659affd54c4,CONFIRMED_APPLIED,APPLIED,1,1,1,2606.471546,18166.0,0,0,,
b0_naive_retry-mid_dispatch-ledger_postings-d87a0119-r1,p30,B0_NAIVE_RETRY,mid_dispatch,ledger_postings,NO_READBACK,CALLER_REFERENCE,af4e0a31-b00e-40b0-94e7-aa89d8308527,CONFIRMED_APPLIED,APPLIED,2,1,1,2734.032338,9853.0,1,0,,
b0_naive_retry-mid_dispatch-ledger_postings-d87a0119-r1,p30,B0_NAIVE_RETRY,mid_dispatch,ledger_postings,NO_READBACK,CALLER_REFERENCE,e5b378b4-eb68-4d80-861b-eacae0b8bf7a,CONFIRMED_APPLIED,APPLIED,1,0,1,2025.839563,,0,0,,
b0_naive_retry-mid_dispatch-ledger_postings-d87a0119-r1,p30,B0_NAIVE_RETRY,mid_dispatch,ledger_postings,NO_READBACK,CALLER_REFERENCE,5a926d54-600b-460e-859f-2a14fc566bb2,CONFIRMED_APPLIED,APPLIED,1,1,1,2722.808693,22759.0,0,0,,
b0_naive_retry-mid_dispatch-ledger_postings-d87a0119-r1,p30,B0_NAIVE_RETRY,mid_dispatch,ledger_postings,NO_READBACK,CALLER_REFERENCE,ddb5c911-230c-4fc8-acfd-29f91d90b39b,CONFIRMED_APPLIED,APPLIED,1,0,1,2026.73724,,0,0,,
b0_naive_retry-mid_dispatch-ledger_postings-d87a0119-r1,p30,B0_NAIVE_RETRY,mid_dispatch,ledger_postings,NO_READBACK,CALLER_REFERENCE,1862b029-12a1-4ebd-9670-bd811ff7f34d,CONFIRMED_APPLIED,APPLIED,1,0,1,2025.584856,,0,0,,
b0_naive_retry-mid_dispatch-ledger_postings-d87a0119-r1,p30,B0_NAIVE_RETRY,mid_dispatch,ledger_postings,NO_READBACK,CALLER_REFERENCE,cf9adc18-65fd-483e-aab4-6c4ed030f81e,CONFIRMED_APPLIED,APPLIED,1,0,1,2030.225838,,0,0,,
b0_naive_retry-mid_dispatch-ledger_postings-d87a0119-r1,p30,B0_NAIVE_RETRY,mid_dispatch,ledger_postings,NO_READBACK,CALLER_REFERENCE,3e502f2d-0726-41d8-b267-e109483e499a,CONFIRMED_APPLIED,APPLIED,1,0,1,2024.284142,,0,0,,
b0_naive_retry-mid_dispatch-ledger_postings-d87a0119-r10,p30,B0_NAIVE_RETRY,mid_dispatch,ledger_postings,NO_READBACK,CALLER_REFERENCE,4f4bae43-38a8-4359-8cf2-a652379e35f7,CONFIRMED_APPLIED,APPLIED,1,0,1,2438.97182,,0,0,,
b0_naive_retry-mid_dispatch-ledger_postings-d87a0119-r10,p30,B0_NAIVE_RETRY,mid_dispatch,ledger_postings,NO_READBACK,CALLER_REFERENCE,855ba423-b3fc-433e-8c8d-162bddfb7ab1,CONFIRMED_APPLIED,APPLIED,2,1,1,2615.487642,23076.0,1,0,,
b0_naive_retry-mid_dispatch-ledger_postings-d87a0119-r10,p30,B0_NAIVE_RETRY,mid_dispatch,ledger_postings,NO_READBACK,CALLER_REFERENCE,5bbe1eb6-a140-4d2d-8d8a-74cc60b64bed,CONFIRMED_APPLIED,APPLIED,2,1,1,2538.937847,17275.0,1,0,,
b0_naive_retry-mid_dispatch-ledger_postings-d87a0119-r10,p30,B0_NAIVE_RETRY,mid_dispatch,ledger_postings,NO_READBACK,CALLER_REFERENCE,eab45fe0-813f-4a8d-8f07-f18438758fd5,CONFIRMED_APPLIED,APPLIED,2,0,2,7031.734151,,1,0,,
b0_naive_retry-mid_dispatch-ledger_postings-d87a0119-r10,p30,B0_NAIVE_RETRY,mid_dispatch,ledger_postings,NO_READBACK,CALLER_REFERENCE,d9630fea-9ef4-4b9b-ab05-4b862c351c45,CONFIRMED_APPLIED,APPLIED,1,0,1,2018.536429,,0,0,,
b0_naive_retry-mid_dispatch-ledger_postings-d87a0119-r10,p30,B0_NAIVE_RETRY,mid_dispatch,ledger_postings,NO_READBACK,CALLER_REFERENCE,65a27378-0712-4f48-9c98-495df269e6a3,CONFIRMED_APPLIED,APPLIED,2,0,2,7416.398066,,1,0,,
b0_naive_retry-mid_dispatch-ledger_postings-d87a0119-r10,p30,B0_NAIVE_RETRY,mid_dispatch,ledger_postings,NO_READBACK,CALLER_REFERENCE,edcc558e-0047-4c5c-9a3c-089382221dbc,CONFIRMED_APPLIED,APPLIED,1,0,1,2017.623398,,0,0,,
b0_naive_retry-mid_dispatch-ledger_postings-d87a0119-r10,p30,B0_NAIVE_RETRY,mid_dispatch,ledger_postings,NO_READBACK,CALLER_REFERENCE,08a8623b-69a5-4225-b152-87b30d29379d,CONFIRMED_APPLIED,APPLIED,2,1,1,2443.537,16082.0,1,0,,
b0_naive_retry-mid_dispatch-ledger_postings-d87a0119-r10,p30,B0_NAIVE_RETRY,mid_dispatch,ledger_postings,NO_READBACK,CALLER_REFERENCE,5818ab91-e549-4a3e-8949-d945a54d711c,CONFIRMED_APPLIED,APPLIED,2,1,2,4455.647811,9399.0,1,0,,
b0_naive_retry-mid_dispatch-ledger_postings-d87a0119-r10,p30,B0_NAIVE_RETRY,mid_dispatch,ledger_postings,NO_READBACK,CALLER_REFERENCE,c6427936-35d5-4e9e-a92b-e763f5c9dd0c,CONFIRMED_APPLIED,APPLIED,1,0,1,2016.845991,,0,0,,
b0_naive_retry-mid_dispatch-ledger_postings-d87a0119-r11,p30,B0_NAIVE_RETRY,mid_dispatch,ledger_postings,NO_READBACK,CALLER_REFERENCE,28042c91-c984-48ab-9e0d-cbfdd52fbc84,CONFIRMED_APPLIED,APPLIED,2,1,1,2435.092301,31562.0,1,0,,
b0_naive_retry-mid_dispatch-ledger_postings-d87a0119-r11,p30,B0_NAIVE_RETRY,mid_dispatch,ledger_postings,NO_READBACK,CALLER_REFERENCE,1a13e4cf-b8ee-49be-a181-8e3266dd87c1,CONFIRMED_APPLIED,APPLIED,2,1,1,2589.482716,25326.0,1,0,,
b0_naive_retry-mid_dispatch-ledger_postings-d87a0119-r11,p30,B0_NAIVE_RETRY,mid_dispatch,ledger_postings,NO_READBACK,CALLER_REFERENCE,85ac78be-c037-4030-92b8-078628cfa060,CONFIRMED_APPLIED,APPLIED,2,1,1,2575.449171,18938.0,1,0,,
b0_naive_retry-mid_dispatch-ledger_postings-d87a0119-r11,p30,B0_NAIVE_RETRY,mid_dispatch,ledger_postings,NO_READBACK,CALLER_REFERENCE,0ac8df4e-d1c9-49ef-a06c-019e07f584b1,CONFIRMED_APPLIED,APPLIED,1,0,1,2016.903643,,0,0,,
b0_naive_retry-mid_dispatch-ledger_postings-d87a0119-r11,p30,B0_NAIVE_RETRY,mid_dispatch,ledger_postings,NO_READBACK,CALLER_REFERENCE,0c439364-f187-436f-a257-d9e0956e3492,CONFIRMED_APPLIED,APPLIED,3,1,2,7431.660392,10228.0,1,0,,
b0_naive_retry-mid_dispatch-ledger_postings-d87a0119-r11,p30,B0_NAIVE_RETRY,mid_dispatch,ledger_postings,NO_READBACK,CALLER_REFERENCE,cc5b8d89-c85d-470f-8961-1201d65142a7,CONFIRMED_APPLIED,APPLIED,1,0,1,2406.420498,,0,0,,
b0_naive_retry-mid_dispatch-ledger_postings-d87a0119-r11,p30,B0_NAIVE_RETRY,mid_dispatch,ledger_postings,NO_READBACK,CALLER_REFERENCE,3edb8151-03ff-430c-8d19-551d6ba7d162,CONFIRMED_APPLIED,APPLIED,1,0,1,2018.72424,,0,0,,
b0_naive_retry-mid_dispatch-ledger_postings-d87a0119-r11,p30,B0_NAIVE_RETRY,mid_dispatch,ledger_postings,NO_READBACK,CALLER_REFERENCE,702c06d4-9d75-4b06-a30d-63fe413283fb,CONFIRMED_APPLIED,APPLIED,1,0,1,2015.814029,,0,0,,
b0_naive_retry-mid_dispatch-ledger_postings-d87a0119-r11,p30,B0_NAIVE_RETRY,mid_dispatch,ledger_postings,NO_READBACK,CALLER_REFERENCE,709ea901-b57f-4166-99c7-287195fdc77a,CONFIRMED_APPLIED,APPLIED,2,1,1,2537.949035,25124.0,1,0,,
b0_naive_retry-mid_dispatch-ledger_postings-d87a0119-r11,p30,B0_NAIVE_RETRY,mid_dispatch,ledger_postings,NO_READBACK,CALLER_REFERENCE,d87c3004-4045-4b2c-9a0b-ac205ca4edf5,CONFIRMED_APPLIED,APPLIED,4,1,3,12553.624796,18598.0,1,0,,
b0_naive_retry-mid_dispatch-ledger_postings-d87a0119-r12,p30,B0_NAIVE_RETRY,mid_dispatch,ledger_postings,NO_READBACK,CALLER_REFERENCE,61654d6a-e355-4830-86df-1f086953db1f,CONFIRMED_APPLIED,APPLIED,3,1,3,12539.939472,40440.0,1,0,,
b0_naive_retry-mid_dispatch-ledger_postings-d87a0119-r12,p30,B0_NAIVE_RETRY,mid_dispatch,ledger_postings,NO_READBACK,CALLER_REFERENCE,56a15235-f274-4571-b7fd-cdf6bb82b549,CONFIRMED_APPLIED,APPLIED,1,0,1,2027.809845,,0,0,,
b0_naive_retry-mid_dispatch-ledger_postings-d87a0119-r12,p30,B0_NAIVE_RETRY,mid_dispatch,ledger_postings,NO_READBACK,CALLER_REFERENCE,1c4e765f-def3-42a4-8120-22b4dda18559,CONFIRMED_APPLIED,APPLIED,2,1,1,2755.110431,21956.0,1,0,,
b0_naive_retry-mid_dispatch-ledger_postings-d87a0119-r12,p30,B0_NAIVE_RETRY,mid_dispatch,ledger_postings,NO_READBACK,CALLER_REFERENCE,6f024523-46e7-4170-a8b6-08338591779d,CONFIRMED_APPLIED,APPLIED,2,1,1,2541.101918,14652.0,1,0,,
b0_naive_retry-mid_dispatch-ledger_postings-d87a0119-r12,p30,B0_NAIVE_RETRY,mid_dispatch,ledger_postings,NO_READBACK,CALLER_REFERENCE,a81f4389-0001-4afb-9eac-1a2562ee96f9,CONFIRMED_APPLIED,APPLIED,2,1,1,2708.110168,7699.0,1,0,,
b0_naive_retry-mid_dispatch-ledger_postings-d87a0119-r12,p30,B0_NAIVE_RETRY,mid_dispatch,ledger_postings,NO_READBACK,CALLER_REFERENCE,df766463-7e92-40c0-855b-888350f901c2,CONFIRMED_APPLIED,APPLIED,1,1,1,2544.957501,40445.0,0,0,,
b0_naive_retry-mid_dispatch-ledger_postings-d87a0119-r12,p30,B0_NAIVE_RETRY,mid_dispatch,ledger_postings,NO_READBACK,CALLER_REFERENCE,f7cbf2a6-ccc9-4056-a016-75b162a60674,UNVERIFIED_FAILURE,FAILED,3,0,3,15043.145522,,1,1,,
b0_naive_retry-mid_dispatch-ledger_postings-d87a0119-r12,p30,B0_NAIVE_RETRY,mid_dispatch,ledger_postings,NO_READBACK,CALLER_REFERENCE,50e92386-69d6-43fc-b3cf-1305a8a191dd,CONFIRMED_APPLIED,APPLIED,2,1,2,4820.398038,18941.0,1,0,,
b0_naive_retry-mid_dispatch-ledger_postings-d87a0119-r12,p30,B0_NAIVE_RETRY,mid_dispatch,ledger_postings,NO_READBACK,CALLER_REFERENCE,2ef924e2-cc4a-4c66-869f-743ecd8719ac,CONFIRMED_APPLIED,APPLIED,1,0,1,2023.863954,,0,0,,
b0_naive_retry-mid_dispatch-ledger_postings-d87a0119-r12,p30,B0_NAIVE_RETRY,mid_dispatch,ledger_postings,NO_READBACK,CALLER_REFERENCE,6938e123-bf80-47b7-9742-7e8dbd6f926e,CONFIRMED_APPLIED,APPLIED,1,1,1,2686.251641,7430.0,0,0,,
b0_naive_retry-mid_dispatch-ledger_postings-d87a0119-r13,p30,B0_NAIVE_RETRY,mid_dispatch,ledger_postings,NO_READBACK,CALLER_REFERENCE,a969025e-16d5-4fc9-bf70-51340ed8cc71,CONFIRMED_APPLIED,APPLIED,1,1,1,2383.557354,23704.0,0,0,,
b0_naive_retry-mid_dispatch-ledger_postings-d87a0119-r13,p30,B0_NAIVE_RETRY,mid_dispatch,ledger_postings,NO_READBACK,CALLER_REFERENCE,35f8ec9a-11e1-469e-91f4-514e20705894,CONFIRMED_APPLIED,APPLIED,2,1,1,2317.888156,17375.0,1,0,,
b0_naive_retry-mid_dispatch-ledger_postings-d87a0119-r13,p30,B0_NAIVE_RETRY,mid_dispatch,ledger_postings,NO_READBACK,CALLER_REFERENCE,348aaa08-80c4-465f-8aa2-036c4eb43133,CONFIRMED_APPLIED,APPLIED,2,1,1,2511.636717,11664.0,1,0,,
b0_naive_retry-mid_dispatch-ledger_postings-d87a0119-r13,p30,B0_NAIVE_RETRY,mid_dispatch,ledger_postings,NO_READBACK,CALLER_REFERENCE,4af4f9ff-9a57-4479-b0cf-5f2c887ece5a,CONFIRMED_APPLIED,APPLIED,1,0,1,2013.196812,,0,0,,
b0_naive_retry-mid_dispatch-ledger_postings-d87a0119-r13,p30,B0_NAIVE_RETRY,mid_dispatch,ledger_postings,NO_READBACK,CALLER_REFERENCE,b669ff96-71e3-48eb-9563-d17ffbabae97,CONFIRMED_APPLIED,APPLIED,1,0,2,4020.692074,,0,0,,
b0_naive_retry-mid_dispatch-ledger_postings-d87a0119-r13,p30,B0_NAIVE_RETRY,mid_dispatch,ledger_postings,NO_READBACK,CALLER_REFERENCE,2ded6db3-4ffa-4b78-9871-7866b84e7b05,CONFIRMED_APPLIED,APPLIED,1,0,1,2569.50361,,0,0,,
b0_naive_retry-mid_dispatch-ledger_postings-d87a0119-r13,p30,B0_NAIVE_RETRY,mid_dispatch,ledger_postings,NO_READBACK,CALLER_REFERENCE,765a2ea3-7bfd-4770-9438-55e4e001168b,CONFIRMED_APPLIED,APPLIED,1,0,1,2018.868364,,0,0,,
b0_naive_retry-mid_dispatch-ledger_postings-d87a0119-r13,p30,B0_NAIVE_RETRY,mid_dispatch,ledger_postings,NO_READBACK,CALLER_REFERENCE,62a35c6f-bfcc-42a8-9a59-7eb72669e7e6,CONFIRMED_APPLIED,APPLIED,1,0,1,2016.192595,,0,0,,
b0_naive_retry-mid_dispatch-ledger_postings-d87a0119-r13,p30,B0_NAIVE_RETRY,mid_dispatch,ledger_postings,NO_READBACK,CALLER_REFERENCE,c56d6578-91bf-4506-bf1f-0d8f26da9511,CONFIRMED_APPLIED,APPLIED,1,0,1,2015.462867,,0,0,,
b0_naive_retry-mid_dispatch-ledger_postings-d87a0119-r13,p30,B0_NAIVE_RETRY,mid_dispatch,ledger_postings,NO_READBACK,CALLER_REFERENCE,de11bc0e-e79a-46bc-9c55-393a68569664,CONFIRMED_APPLIED,APPLIED,1,0,1,2018.916896,,0,0,,
b0_naive_retry-mid_dispatch-ledger_postings-d87a0119-r14,p30,B0_NAIVE_RETRY,mid_dispatch,ledger_postings,NO_READBACK,CALLER_REFERENCE,2561ec1e-b5bc-48f1-8739-9e3b7bf9fc93,CONFIRMED_APPLIED,APPLIED,1,1,1,2515.025541,26277.0,0,0,,
b0_naive_retry-mid_dispatch-ledger_postings-d87a0119-r14,p30,B0_NAIVE_RETRY,mid_dispatch,ledger_postings,NO_READBACK,CALLER_REFERENCE,1fd4e3d3-8028-4f24-bea3-50c23e3a2c83,CONFIRMED_APPLIED,APPLIED,1,0,1,2016.97049,,0,0,,
b0_naive_retry-mid_dispatch-ledger_postings-d87a0119-r14,p30,B0_NAIVE_RETRY,mid_dispatch,ledger_postings,NO_READBACK,CALLER_REFERENCE,dd8bb1f0-6ffb-4394-9696-54c667353899,CONFIRMED_APPLIED,APPLIED,2,1,1,2481.195282,16261.0,1,0,,
b0_naive_retry-mid_dispatch-ledger_postings-d87a0119-r14,p30,B0_NAIVE_RETRY,mid_dispatch,ledger_postings,NO_READBACK,CALLER_REFERENCE,a8e93f71-b90c-4a34-a542-654e0e19e77f,CONFIRMED_APPLIED,APPLIED,2,1,1,2466.550865,10036.0,1,0,,
b0_naive_retry-mid_dispatch-ledger_postings-d87a0119-r14,p30,B0_NAIVE_RETRY,mid_dispatch,ledger_postings,NO_READBACK,CALLER_REFERENCE,c11fb914-ea5a-49ec-a536-0a6318e5ece8,CONFIRMED_APPLIED,APPLIED,1,0,1,2018.48162,,0,0,,
b0_naive_retry-mid_dispatch-ledger_postings-d87a0119-r14,p30,B0_NAIVE_RETRY,mid_dispatch,ledger_postings,NO_READBACK,CALLER_REFERENCE,5d088a78-4004-4886-916c-481d2e8502d6,CONFIRMED_APPLIED,APPLIED,1,0,1,3007.138438,,0,0,,
b0_naive_retry-mid_dispatch-ledger_postings-d87a0119-r14,p30,B0_NAIVE_RETRY,mid_dispatch,ledger_postings,NO_READBACK,CALLER_REFERENCE,7995621c-e999-4d82-aa97-192388632f56,CONFIRMED_APPLIED,APPLIED,1,0,1,2022.593416,,0,0,,
b0_naive_retry-mid_dispatch-ledger_postings-d87a0119-r14,p30,B0_NAIVE_RETRY,mid_dispatch,ledger_postings,NO_READBACK,CALLER_REFERENCE,3058212c-b205-4668-9c1e-954738b697eb,CONFIRMED_APPLIED,APPLIED,1,0,1,2018.696572,,0,0,,
b0_naive_retry-mid_dispatch-ledger_postings-d87a0119-r14,p30,B0_NAIVE_RETRY,mid_dispatch,ledger_postings,NO_READBACK,CALLER_REFERENCE,aa4cd793-35c5-47ad-8466-f2bdc06557e8,CONFIRMED_APPLIED,APPLIED,1,0,1,2020.476032,,0,0,,
b0_naive_retry-mid_dispatch-ledger_postings-d87a0119-r14,p30,B0_NAIVE_RETRY,mid_dispatch,ledger_postings,NO_READBACK,CALLER_REFERENCE,a014e8f6-490c-4007-96d2-9627a6dbd9a4,CONFIRMED_APPLIED,APPLIED,1,0,1,2014.578897,,0,0,,
b0_naive_retry-mid_dispatch-ledger_postings-d87a0119-r2,p30,B0_NAIVE_RETRY,mid_dispatch,ledger_postings,NO_READBACK,CALLER_REFERENCE,ce36999b-33d1-4516-8723-8e34e012433f,CONFIRMED_APPLIED,APPLIED,1,0,1,2394.793036,,0,0,,
b0_naive_retry-mid_dispatch-ledger_postings-d87a0119-r2,p30,B0_NAIVE_RETRY,mid_dispatch,ledger_postings,NO_READBACK,CALLER_REFERENCE,2ed531a0-73fa-461d-b3ce-f4fcf4a44bf3,CONFIRMED_APPLIED,APPLIED,2,1,1,2509.211747,22017.0,1,0,,
b0_naive_retry-mid_dispatch-ledger_postings-d87a0119-r2,p30,B0_NAIVE_RETRY,mid_dispatch,ledger_postings,NO_READBACK,CALLER_REFERENCE,2f4f84b0-38c1-453f-9b09-b23996fd1539,CONFIRMED_APPLIED,APPLIED,1,0,1,2019.534961,,0,0,,
b0_naive_retry-mid_dispatch-ledger_postings-d87a0119-r2,p30,B0_NAIVE_RETRY,mid_dispatch,ledger_postings,NO_READBACK,CALLER_REFERENCE,a93ee88c-5f22-45dc-a857-dd8d51da99c3,CONFIRMED_APPLIED,APPLIED,1,0,1,2015.790002,,0,0,,
b0_naive_retry-mid_dispatch-ledger_postings-d87a0119-r2,p30,B0_NAIVE_RETRY,mid_dispatch,ledger_postings,NO_READBACK,CALLER_REFERENCE,f69ab77e-4b38-4c46-801d-c7c4b5822ec9,CONFIRMED_APPLIED,APPLIED,2,0,2,7036.505094,,1,0,,
b0_naive_retry-mid_dispatch-ledger_postings-d87a0119-r2,p30,B0_NAIVE_RETRY,mid_dispatch,ledger_postings,NO_READBACK,CALLER_REFERENCE,e2d934fe-1b14-4a2c-aa34-ccc6a47e10b4,CONFIRMED_APPLIED,APPLIED,1,0,1,2383.275206,,0,0,,
b0_naive_retry-mid_dispatch-ledger_postings-d87a0119-r2,p30,B0_NAIVE_RETRY,mid_dispatch,ledger_postings,NO_READBACK,CALLER_REFERENCE,2f2c706c-e41c-4e6b-a220-08c64f039b9d,CONFIRMED_APPLIED,APPLIED,1,0,1,2018.071432,,0,0,,
b0_naive_retry-mid_dispatch-ledger_postings-d87a0119-r2,p30,B0_NAIVE_RETRY,mid_dispatch,ledger_postings,NO_READBACK,CALLER_REFERENCE,1ab5455a-f61e-463c-9c60-c7bef08e8c2c,CONFIRMED_APPLIED,APPLIED,2,1,1,2438.780096,20013.0,1,0,,
b0_naive_retry-mid_dispatch-ledger_postings-d87a0119-r2,p30,B0_NAIVE_RETRY,mid_dispatch,ledger_postings,NO_READBACK,CALLER_REFERENCE,6f6160d5-ed3d-4c0c-a6e1-70d2d8c18862,CONFIRMED_APPLIED,APPLIED,3,0,3,12040.987614,,1,0,,
b0_naive_retry-mid_dispatch-ledger_postings-d87a0119-r2,p30,B0_NAIVE_RETRY,mid_dispatch,ledger_postings,NO_READBACK,CALLER_REFERENCE,6fa2c91a-ffa8-43e6-b5ca-6af0ac22bb33,CONFIRMED_APPLIED,APPLIED,1,0,1,2019.848178,,0,0,,
b0_naive_retry-mid_dispatch-ledger_postings-d87a0119-r3,p30,B0_NAIVE_RETRY,mid_dispatch,ledger_postings,NO_READBACK,CALLER_REFERENCE,c1aeeedc-3d87-4cf8-a3d8-47c72054c8cd,CONFIRMED_APPLIED,APPLIED,1,0,1,2262.519924,,0,0,,
b0_naive_retry-mid_dispatch-ledger_postings-d87a0119-r3,p30,B0_NAIVE_RETRY,mid_dispatch,ledger_postings,NO_READBACK,CALLER_REFERENCE,5580d546-3250-454b-9fb9-0c7b5b157c39,CONFIRMED_APPLIED,APPLIED,1,0,2,4075.09866,,0,0,,
b0_naive_retry-mid_dispatch-ledger_postings-d87a0119-r3,p30,B0_NAIVE_RETRY,mid_dispatch,ledger_postings,NO_READBACK,CALLER_REFERENCE,18b91513-8337-4ac6-ba43-cc7cf3dbfe89,CONFIRMED_APPLIED,APPLIED,1,0,1,2016.447619,,0,0,,
b0_naive_retry-mid_dispatch-ledger_postings-d87a0119-r3,p30,B0_NAIVE_RETRY,mid_dispatch,ledger_postings,NO_READBACK,CALLER_REFERENCE,52d69f07-6231-4205-9247-3d050d7aad65,CONFIRMED_APPLIED,APPLIED,2,1,1,2284.263062,9046.0,1,0,,
b0_naive_retry-mid_dispatch-ledger_postings-d87a0119-r3,p30,B0_NAIVE_RETRY,mid_dispatch,ledger_postings,NO_READBACK,CALLER_REFERENCE,79669bd9-fb67-4282-810c-c40797e3162d,CONFIRMED_APPLIED,APPLIED,1,0,1,2014.046209,,0,0,,
b0_naive_retry-mid_dispatch-ledger_postings-d87a0119-r3,p30,B0_NAIVE_RETRY,mid_dispatch,ledger_postings,NO_READBACK,CALLER_REFERENCE,bca9c2cf-872b-4ce7-ab5f-aa6fb320536f,CONFIRMED_APPLIED,APPLIED,1,0,1,2262.144662,,0,0,,
b0_naive_retry-mid_dispatch-ledger_postings-d87a0119-r3,p30,B0_NAIVE_RETRY,mid_dispatch,ledger_postings,NO_READBACK,CALLER_REFERENCE,0769392e-2579-49d9-a202-d7297b3e12e8,CONFIRMED_APPLIED,APPLIED,2,1,1,2367.560143,15139.0,1,0,,
b0_naive_retry-mid_dispatch-ledger_postings-d87a0119-r3,p30,B0_NAIVE_RETRY,mid_dispatch,ledger_postings,NO_READBACK,CALLER_REFERENCE,4e10b428-28ed-4b27-b32c-c6c5f369f2b4,CONFIRMED_APPLIED,APPLIED,1,0,1,2018.694635,,0,0,,
b0_naive_retry-mid_dispatch-ledger_postings-d87a0119-r3,p30,B0_NAIVE_RETRY,mid_dispatch,ledger_postings,NO_READBACK,CALLER_REFERENCE,75f5491b-9aa4-47bc-a9ff-98184a2f9d11,CONFIRMED_APPLIED,APPLIED,1,0,1,2016.495824,,0,0,,
b0_naive_retry-mid_dispatch-ledger_postings-d87a0119-r3,p30,B0_NAIVE_RETRY,mid_dispatch,ledger_postings,NO_READBACK,CALLER_REFERENCE,34fe0d89-dc9f-4f11-92b5-ccf91d84055d,CONFIRMED_APPLIED,APPLIED,2,1,1,2364.480979,5131.0,1,0,,
b0_naive_retry-mid_dispatch-ledger_postings-d87a0119-r4,p30,B0_NAIVE_RETRY,mid_dispatch,ledger_postings,NO_READBACK,CALLER_REFERENCE,ead74b8f-db10-43db-8fe5-64f8eb56a345,CONFIRMED_APPLIED,APPLIED,1,0,1,2286.701264,,0,0,,
b0_naive_retry-mid_dispatch-ledger_postings-d87a0119-r4,p30,B0_NAIVE_RETRY,mid_dispatch,ledger_postings,NO_READBACK,CALLER_REFERENCE,93fe51db-588f-44ef-81cc-681b8f989f84,CONFIRMED_APPLIED,APPLIED,2,1,2,4301.730224,15584.0,1,0,,
b0_naive_retry-mid_dispatch-ledger_postings-d87a0119-r4,p30,B0_NAIVE_RETRY,mid_dispatch,ledger_postings,NO_READBACK,CALLER_REFERENCE,2b8f2de1-d274-4e6a-a284-d0ad173f8a7f,CONFIRMED_APPLIED,APPLIED,1,0,1,2014.961789,,0,0,,
b0_naive_retry-mid_dispatch-ledger_postings-d87a0119-r4,p30,B0_NAIVE_RETRY,mid_dispatch,ledger_postings,NO_READBACK,CALLER_REFERENCE,964b6da3-c338-4aa2-b84e-8ec03c08486f,CONFIRMED_APPLIED,APPLIED,2,1,1,2293.913886,6635.0,1,0,,
b0_naive_retry-mid_dispatch-ledger_postings-d87a0119-r4,p30,B0_NAIVE_RETRY,mid_dispatch,ledger_postings,NO_READBACK,CALLER_REFERENCE,3ff35466-8e73-4740-a4c0-90abeeadb72b,CONFIRMED_APPLIED,APPLIED,1,0,1,2015.612544,,0,0,,
b0_naive_retry-mid_dispatch-ledger_postings-d87a0119-r4,p30,B0_NAIVE_RETRY,mid_dispatch,ledger_postings,NO_READBACK,CALLER_REFERENCE,932bf408-7f55-4d37-ae25-e824235e1ed3,CONFIRMED_APPLIED,APPLIED,2,0,2,7259.808756,,1,0,,
b0_naive_retry-mid_dispatch-ledger_postings-d87a0119-r4,p30,B0_NAIVE_RETRY,mid_dispatch,ledger_postings,NO_READBACK,CALLER_REFERENCE,25930907-c11f-4a6c-96d6-911b5fa6dedd,CONFIRMED_APPLIED,APPLIED,2,1,1,2275.685481,10613.0,1,0,,
b0_naive_retry-mid_dispatch-ledger_postings-d87a0119-r4,p30,B0_NAIVE_RETRY,mid_dispatch,ledger_postings,NO_READBACK,CALLER_REFERENCE,7900ebaa-4a96-4272-9531-0993bf478af0,CONFIRMED_APPLIED,APPLIED,1,0,1,2015.321042,,0,0,,
b0_naive_retry-mid_dispatch-ledger_postings-d87a0119-r4,p30,B0_NAIVE_RETRY,mid_dispatch,ledger_postings,NO_READBACK,CALLER_REFERENCE,3afc9568-60bc-4b01-99ee-5892c4d9998e,CONFIRMED_APPLIED,APPLIED,1,0,1,2013.588589,,0,0,,
b0_naive_retry-mid_dispatch-ledger_postings-d87a0119-r4,p30,B0_NAIVE_RETRY,mid_dispatch,ledger_postings,NO_READBACK,CALLER_REFERENCE,67341eca-8648-4185-bd1b-b5b3cd7ed6aa,CONFIRMED_APPLIED,APPLIED,1,0,1,2013.252434,,0,0,,
b0_naive_retry-mid_dispatch-ledger_postings-d87a0119-r5,p30,B0_NAIVE_RETRY,mid_dispatch,ledger_postings,NO_READBACK,CALLER_REFERENCE,29815348-fb70-4bbc-92b6-04ccc38cb7eb,CONFIRMED_APPLIED,APPLIED,1,0,1,2253.257626,,0,0,,
b0_naive_retry-mid_dispatch-ledger_postings-d87a0119-r5,p30,B0_NAIVE_RETRY,mid_dispatch,ledger_postings,NO_READBACK,CALLER_REFERENCE,6fa9a069-3581-4e15-bd45-1e13275772c4,CONFIRMED_APPLIED,APPLIED,2,1,1,2251.700744,18109.0,1,0,,
b0_naive_retry-mid_dispatch-ledger_postings-d87a0119-r5,p30,B0_NAIVE_RETRY,mid_dispatch,ledger_postings,NO_READBACK,CALLER_REFERENCE,7e055451-eb55-44be-b4af-c4147b637b78,CONFIRMED_APPLIED,APPLIED,1,0,1,2018.768427,,0,0,,
b0_naive_retry-mid_dispatch-ledger_postings-d87a0119-r5,p30,B0_NAIVE_RETRY,mid_dispatch,ledger_postings,NO_READBACK,CALLER_REFERENCE,fee8ce82-3969-4e1e-96f8-f2507d06cd3e,CONFIRMED_APPLIED,APPLIED,3,1,2,7322.832638,11572.0,1,0,,
b0_naive_retry-mid_dispatch-ledger_postings-d87a0119-r5,p30,B0_NAIVE_RETRY,mid_dispatch,ledger_postings,NO_READBACK,CALLER_REFERENCE,0b6350fc-e9e6-4e48-a7cd-5869f2c93024,CONFIRMED_APPLIED,APPLIED,1,0,1,2015.368147,,0,0,,
b0_naive_retry-mid_dispatch-ledger_postings-d87a0119-r5,p30,B0_NAIVE_RETRY,mid_dispatch,ledger_postings,NO_READBACK,CALLER_REFERENCE,5331c752-8123-4193-8f25-e37b273c6376,CONFIRMED_APPLIED,APPLIED,1,0,1,2241.921225,,0,0,,
b0_naive_retry-mid_dispatch-ledger_postings-d87a0119-r5,p30,B0_NAIVE_RETRY,mid_dispatch,ledger_postings,NO_READBACK,CALLER_REFERENCE,11851051-90bb-42ed-a426-b2ffac1db1a3,CONFIRMED_APPLIED,APPLIED,2,1,1,2236.77138,18122.0,1,0,,
b0_naive_retry-mid_dispatch-ledger_postings-d87a0119-r5,p30,B0_NAIVE_RETRY,mid_dispatch,ledger_postings,NO_READBACK,CALLER_REFERENCE,be233ed2-85b6-4222-a720-e47162b3450c,CONFIRMED_APPLIED,APPLIED,2,0,2,7024.184072,,1,0,,
b0_naive_retry-mid_dispatch-ledger_postings-d87a0119-r5,p30,B0_NAIVE_RETRY,mid_dispatch,ledger_postings,NO_READBACK,CALLER_REFERENCE,4c864ddd-27a6-469b-9e06-b42cf4b682d1,CONFIRMED_APPLIED,APPLIED,1,0,1,2013.059127,,0,0,,
b0_naive_retry-mid_dispatch-ledger_postings-d87a0119-r5,p30,B0_NAIVE_RETRY,mid_dispatch,ledger_postings,NO_READBACK,CALLER_REFERENCE,657ca435-f8bc-468d-bd86-e55d768b5ed1,CONFIRMED_APPLIED,APPLIED,1,0,1,2014.022225,,0,0,,
b0_naive_retry-mid_dispatch-ledger_postings-d87a0119-r6,p30,B0_NAIVE_RETRY,mid_dispatch,ledger_postings,NO_READBACK,CALLER_REFERENCE,d9bfdf9e-ba7e-4137-90bb-06ea19651d15,CONFIRMED_APPLIED,APPLIED,1,0,1,2263.601668,,0,0,,
b0_naive_retry-mid_dispatch-ledger_postings-d87a0119-r6,p30,B0_NAIVE_RETRY,mid_dispatch,ledger_postings,NO_READBACK,CALLER_REFERENCE,d690ac4c-66b8-41ac-b3e2-8f63fd583c68,CONFIRMED_APPLIED,APPLIED,2,1,1,2296.691154,15581.0,1,0,,
b0_naive_retry-mid_dispatch-ledger_postings-d87a0119-r6,p30,B0_NAIVE_RETRY,mid_dispatch,ledger_postings,NO_READBACK,CALLER_REFERENCE,9f13f550-bcb8-4209-925b-54ffe87d2b78,CONFIRMED_APPLIED,APPLIED,1,0,1,2017.296268,,0,0,,
b0_naive_retry-mid_dispatch-ledger_postings-d87a0119-r6,p30,B0_NAIVE_RETRY,mid_dispatch,ledger_postings,NO_READBACK,CALLER_REFERENCE,2fc7cc44-8bdc-4c53-9d2e-4e3b7b8e12a9,CONFIRMED_APPLIED,APPLIED,1,0,1,2013.83694,,0,0,,
b0_naive_retry-mid_dispatch-ledger_postings-d87a0119-r6,p30,B0_NAIVE_RETRY,mid_dispatch,ledger_postings,NO_READBACK,CALLER_REFERENCE,3bc8bc37-c19a-4851-824e-8cb5ccfc18b7,CONFIRMED_APPLIED,APPLIED,2,0,2,7030.585549,,1,0,,
b0_naive_retry-mid_dispatch-ledger_postings-d87a0119-r6,p30,B0_NAIVE_RETRY,mid_dispatch,ledger_postings,NO_READBACK,CALLER_REFERENCE,6d18eb2f-0a14-4cf1-9aa8-51141bd08c52,CONFIRMED_APPLIED,APPLIED,1,0,1,2246.314693,,0,0,,
b0_naive_retry-mid_dispatch-ledger_postings-d87a0119-r6,p30,B0_NAIVE_RETRY,mid_dispatch,ledger_postings,NO_READBACK,CALLER_REFERENCE,76c5b81e-75e0-417d-bd98-52bbe0b8b2f0,CONFIRMED_APPLIED,APPLIED,2,1,1,2306.133509,15601.0,1,0,,
b0_naive_retry-mid_dispatch-ledger_postings-d87a0119-r6,p30,B0_NAIVE_RETRY,mid_dispatch,ledger_postings,NO_READBACK,CALLER_REFERENCE,ae0bdd5a-862e-4005-b897-69d6238fa4ba,CONFIRMED_APPLIED,APPLIED,1,0,1,2017.487159,,0,0,,
b0_naive_retry-mid_dispatch-ledger_postings-d87a0119-r6,p30,B0_NAIVE_RETRY,mid_dispatch,ledger_postings,NO_READBACK,CALLER_REFERENCE,1fab5298-3d10-478d-8fc0-8e9d4a3c7563,CONFIRMED_APPLIED,APPLIED,1,0,1,2014.950143,,0,0,,
b0_naive_retry-mid_dispatch-ledger_postings-d87a0119-r6,p30,B0_NAIVE_RETRY,mid_dispatch,ledger_postings,NO_READBACK,CALLER_REFERENCE,bfc9d0f4-7254-4b4a-ac9b-0f50ec2f71cc,CONFIRMED_APPLIED,APPLIED,2,0,2,7032.512249,,1,0,,
b0_naive_retry-mid_dispatch-ledger_postings-d87a0119-r7,p30,B0_NAIVE_RETRY,mid_dispatch,ledger_postings,NO_READBACK,CALLER_REFERENCE,915e5e83-f071-41f7-b9df-f2baa8ef792b,CONFIRMED_APPLIED,APPLIED,1,0,1,2414.332661,,0,0,,
b0_naive_retry-mid_dispatch-ledger_postings-d87a0119-r7,p30,B0_NAIVE_RETRY,mid_dispatch,ledger_postings,NO_READBACK,CALLER_REFERENCE,0315f009-9fa6-463a-a766-a637ef03957f,CONFIRMED_APPLIED,APPLIED,1,0,1,2016.63141,,0,0,,
b0_naive_retry-mid_dispatch-ledger_postings-d87a0119-r7,p30,B0_NAIVE_RETRY,mid_dispatch,ledger_postings,NO_READBACK,CALLER_REFERENCE,01242e48-e68e-46f9-b9dd-eabb9e4e6783,CONFIRMED_APPLIED,APPLIED,1,0,1,2014.948192,,0,0,,
b0_naive_retry-mid_dispatch-ledger_postings-d87a0119-r7,p30,B0_NAIVE_RETRY,mid_dispatch,ledger_postings,NO_READBACK,CALLER_REFERENCE,5a302064-de28-45a2-a831-a393f7108dd7,CONFIRMED_APPLIED,APPLIED,1,0,1,2017.537668,,0,0,,
b0_naive_retry-mid_dispatch-ledger_postings-d87a0119-r7,p30,B0_NAIVE_RETRY,mid_dispatch,ledger_postings,NO_READBACK,CALLER_REFERENCE,13ee3385-600c-4933-a760-be6939f4de5f,CONFIRMED_APPLIED,APPLIED,1,0,1,2016.401857,,0,0,,
b0_naive_retry-mid_dispatch-ledger_postings-d87a0119-r7,p30,B0_NAIVE_RETRY,mid_dispatch,ledger_postings,NO_READBACK,CALLER_REFERENCE,f112914b-810c-4f51-b062-f21a7e498d48,CONFIRMED_APPLIED,APPLIED,1,0,1,2399.759178,,0,0,,
b0_naive_retry-mid_dispatch-ledger_postings-d87a0119-r7,p30,B0_NAIVE_RETRY,mid_dispatch,ledger_postings,NO_READBACK,CALLER_REFERENCE,79e3618f-2a63-4a8f-ac23-c66dd954a93f,CONFIRMED_APPLIED,APPLIED,1,0,1,2016.464827,,0,0,,
b0_naive_retry-mid_dispatch-ledger_postings-d87a0119-r7,p30,B0_NAIVE_RETRY,mid_dispatch,ledger_postings,NO_READBACK,CALLER_REFERENCE,40ed7304-5596-48c2-bbfb-4d4dee4dfa24,CONFIRMED_APPLIED,APPLIED,3,0,3,12039.582157,,1,0,,
b0_naive_retry-mid_dispatch-ledger_postings-d87a0119-r7,p30,B0_NAIVE_RETRY,mid_dispatch,ledger_postings,NO_READBACK,CALLER_REFERENCE,d80ac241-44c6-43fc-83a0-77fa3395ac02,CONFIRMED_APPLIED,APPLIED,1,0,1,2013.881376,,0,0,,
b0_naive_retry-mid_dispatch-ledger_postings-d87a0119-r7,p30,B0_NAIVE_RETRY,mid_dispatch,ledger_postings,NO_READBACK,CALLER_REFERENCE,27a71e54-7594-483d-98a4-a3004d67f50c,CONFIRMED_APPLIED,APPLIED,1,0,1,2017.157404,,0,0,,
b0_naive_retry-mid_dispatch-ledger_postings-d87a0119-r8,p30,B0_NAIVE_RETRY,mid_dispatch,ledger_postings,NO_READBACK,CALLER_REFERENCE,89903030-e2f0-4481-a949-7c16f8ac85a3,CONFIRMED_APPLIED,APPLIED,1,0,1,2462.91463,,0,0,,
b0_naive_retry-mid_dispatch-ledger_postings-d87a0119-r8,p30,B0_NAIVE_RETRY,mid_dispatch,ledger_postings,NO_READBACK,CALLER_REFERENCE,773b6669-3f4a-492b-b83f-def64ebe401d,CONFIRMED_APPLIED,APPLIED,1,0,1,2018.69037,,0,0,,
b0_naive_retry-mid_dispatch-ledger_postings-d87a0119-r8,p30,B0_NAIVE_RETRY,mid_dispatch,ledger_postings,NO_READBACK,CALLER_REFERENCE,cd84cc07-e415-4ef9-9295-439a912c36b0,CONFIRMED_APPLIED,APPLIED,1,0,1,2018.774879,,0,0,,
b0_naive_retry-mid_dispatch-ledger_postings-d87a0119-r8,p30,B0_NAIVE_RETRY,mid_dispatch,ledger_postings,NO_READBACK,CALLER_REFERENCE,24eea260-0d4e-447e-8a97-439c0a740838,CONFIRMED_APPLIED,APPLIED,1,0,1,2019.06894,,0,0,,
b0_naive_retry-mid_dispatch-ledger_postings-d87a0119-r8,p30,B0_NAIVE_RETRY,mid_dispatch,ledger_postings,NO_READBACK,CALLER_REFERENCE,5efca110-e73c-4cc3-82c9-c439260b543d,CONFIRMED_APPLIED,APPLIED,2,1,1,2599.409803,12150.0,1,0,,
b0_naive_retry-mid_dispatch-ledger_postings-d87a0119-r8,p30,B0_NAIVE_RETRY,mid_dispatch,ledger_postings,NO_READBACK,CALLER_REFERENCE,10739ad1-ad55-45aa-b78a-cb58fe2f0369,CONFIRMED_APPLIED,APPLIED,1,0,1,2483.630157,,0,0,,
b0_naive_retry-mid_dispatch-ledger_postings-d87a0119-r8,p30,B0_NAIVE_RETRY,mid_dispatch,ledger_postings,NO_READBACK,CALLER_REFERENCE,472aad43-b2a3-4b9f-b777-1fdbae0bea9d,CONFIRMED_APPLIED,APPLIED,1,0,1,2017.312346,,0,0,,
b0_naive_retry-mid_dispatch-ledger_postings-d87a0119-r8,p30,B0_NAIVE_RETRY,mid_dispatch,ledger_postings,NO_READBACK,CALLER_REFERENCE,718b5a8d-8038-4771-9c31-28c89427571a,CONFIRMED_APPLIED,APPLIED,2,0,2,7029.334356,,1,0,,
b0_naive_retry-mid_dispatch-ledger_postings-d87a0119-r8,p30,B0_NAIVE_RETRY,mid_dispatch,ledger_postings,NO_READBACK,CALLER_REFERENCE,de4f4552-c142-4b0d-a7f0-cd78804559fa,CONFIRMED_APPLIED,APPLIED,2,1,1,2565.062708,9141.0,1,0,,
b0_naive_retry-mid_dispatch-ledger_postings-d87a0119-r8,p30,B0_NAIVE_RETRY,mid_dispatch,ledger_postings,NO_READBACK,CALLER_REFERENCE,42c1892e-219c-4c2d-9504-3de5f70dbe90,CONFIRMED_APPLIED,APPLIED,1,0,1,2017.002863,,0,0,,
b0_naive_retry-mid_dispatch-ledger_postings-d87a0119-r9,p30,B0_NAIVE_RETRY,mid_dispatch,ledger_postings,NO_READBACK,CALLER_REFERENCE,71e6f7d8-c0db-4540-ac43-4fe76849fa16,CONFIRMED_APPLIED,APPLIED,2,1,1,2390.168212,25187.0,1,0,,
b0_naive_retry-mid_dispatch-ledger_postings-d87a0119-r9,p30,B0_NAIVE_RETRY,mid_dispatch,ledger_postings,NO_READBACK,CALLER_REFERENCE,b64aad20-f53e-49c1-951e-a67e88ace8a5,CONFIRMED_APPLIED,APPLIED,2,0,3,9035.984429,,1,0,,
b0_naive_retry-mid_dispatch-ledger_postings-d87a0119-r9,p30,B0_NAIVE_RETRY,mid_dispatch,ledger_postings,NO_READBACK,CALLER_REFERENCE,c9ff3e0f-d75a-4664-98bc-46ddd2618d13,CONFIRMED_APPLIED,APPLIED,1,0,1,2019.949,,0,0,,
b0_naive_retry-mid_dispatch-ledger_postings-d87a0119-r9,p30,B0_NAIVE_RETRY,mid_dispatch,ledger_postings,NO_READBACK,CALLER_REFERENCE,e76ae6db-0605-44f8-a97c-91a4cb3c8fb8,CONFIRMED_APPLIED,APPLIED,2,1,1,2548.763997,8216.0,1,0,,
b0_naive_retry-mid_dispatch-ledger_postings-d87a0119-r9,p30,B0_NAIVE_RETRY,mid_dispatch,ledger_postings,NO_READBACK,CALLER_REFERENCE,bc03002a-58f1-447e-aa1a-5b1a577a245f,CONFIRMED_APPLIED,APPLIED,1,0,1,2020.488241,,0,0,,
b0_naive_retry-mid_dispatch-ledger_postings-d87a0119-r9,p30,B0_NAIVE_RETRY,mid_dispatch,ledger_postings,NO_READBACK,CALLER_REFERENCE,6285c5bf-e982-4057-90c6-45f193f3afbb,CONFIRMED_APPLIED,APPLIED,2,1,1,2408.259766,25190.0,1,0,,
b0_naive_retry-mid_dispatch-ledger_postings-d87a0119-r9,p30,B0_NAIVE_RETRY,mid_dispatch,ledger_postings,NO_READBACK,CALLER_REFERENCE,7eea57ed-4bbf-4ea2-a03b-faf4504fdcd2,CONFIRMED_APPLIED,APPLIED,1,0,1,2018.599651,,0,0,,
b0_naive_retry-mid_dispatch-ledger_postings-d87a0119-r9,p30,B0_NAIVE_RETRY,mid_dispatch,ledger_postings,NO_READBACK,CALLER_REFERENCE,6d289f4b-25a1-4029-a5cc-6c82e2cbea51,CONFIRMED_APPLIED,APPLIED,2,1,1,2398.005503,17239.0,1,0,,
b0_naive_retry-mid_dispatch-ledger_postings-d87a0119-r9,p30,B0_NAIVE_RETRY,mid_dispatch,ledger_postings,NO_READBACK,CALLER_REFERENCE,96b98051-ad18-45ae-96e7-0b1a5fd0462b,CONFIRMED_APPLIED,APPLIED,2,1,1,2401.894504,11644.0,1,0,,
b0_naive_retry-mid_dispatch-ledger_postings-d87a0119-r9,p30,B0_NAIVE_RETRY,mid_dispatch,ledger_postings,NO_READBACK,CALLER_REFERENCE,14e4a7b5-bf65-4c0b-b957-38d780c5d555,CONFIRMED_APPLIED,APPLIED,2,1,1,2417.522485,6267.0,1,0,,
b0_naive_retry-mid_dispatch-notifications-a1462382-r0,p30,B0_NAIVE_RETRY,mid_dispatch,notifications,POSITIVE_ONLY_READBACK,CALLER_REFERENCE,c0b7a9d8-c295-413d-b974-b342917dda60,CONFIRMED_APPLIED,APPLIED,1,1,1,4076.272044,32058.0,0,0,,
b0_naive_retry-mid_dispatch-notifications-a1462382-r0,p30,B0_NAIVE_RETRY,mid_dispatch,notifications,POSITIVE_ONLY_READBACK,CALLER_REFERENCE,329eecaf-9b3c-468a-beb6-a0e0e459b781,CONFIRMED_APPLIED,APPLIED,1,0,1,2199.266872,,0,0,,
b0_naive_retry-mid_dispatch-notifications-a1462382-r0,p30,B0_NAIVE_RETRY,mid_dispatch,notifications,POSITIVE_ONLY_READBACK,CALLER_REFERENCE,f34c2290-98a1-457e-b569-6299a5ddefb7,CONFIRMED_APPLIED,APPLIED,2,1,1,2959.789235,15972.0,1,0,,
b0_naive_retry-mid_dispatch-notifications-a1462382-r0,p30,B0_NAIVE_RETRY,mid_dispatch,notifications,POSITIVE_ONLY_READBACK,CALLER_REFERENCE,00ec6fc1-32d5-4465-9a5c-17c43c956b3a,CONFIRMED_APPLIED,APPLIED,1,0,2,4161.92156,,0,0,,
b0_naive_retry-mid_dispatch-notifications-a1462382-r0,p30,B0_NAIVE_RETRY,mid_dispatch,notifications,POSITIVE_ONLY_READBACK,CALLER_REFERENCE,b9297b62-6652-4a0d-8a20-ebc176602a9e,CONFIRMED_APPLIED,APPLIED,1,0,1,2032.499076,,0,0,,
b0_naive_retry-mid_dispatch-notifications-a1462382-r0,p30,B0_NAIVE_RETRY,mid_dispatch,notifications,POSITIVE_ONLY_READBACK,CALLER_REFERENCE,714be48b-0160-4993-80cb-fdc7392d1970,CONFIRMED_APPLIED,APPLIED,1,0,1,2643.687169,,0,0,,
b0_naive_retry-mid_dispatch-notifications-a1462382-r0,p30,B0_NAIVE_RETRY,mid_dispatch,notifications,POSITIVE_ONLY_READBACK,CALLER_REFERENCE,8276d5e8-8e8c-4c18-8205-6bd170e40a79,CONFIRMED_APPLIED,APPLIED,2,1,1,3859.669841,29420.0,1,0,,
b0_naive_retry-mid_dispatch-notifications-a1462382-r0,p30,B0_NAIVE_RETRY,mid_dispatch,notifications,POSITIVE_ONLY_READBACK,CALLER_REFERENCE,5b78c7a1-fc7c-4acb-9c1b-6fad8569c818,CONFIRMED_APPLIED,APPLIED,1,0,1,2066.557139,,0,0,,
b0_naive_retry-mid_dispatch-notifications-a1462382-r0,p30,B0_NAIVE_RETRY,mid_dispatch,notifications,POSITIVE_ONLY_READBACK,CALLER_REFERENCE,a38793df-8687-44b5-ba2c-bcefb65cf6d6,CONFIRMED_APPLIED,APPLIED,1,0,2,4049.293327,,0,0,,
b0_naive_retry-mid_dispatch-notifications-a1462382-r0,p30,B0_NAIVE_RETRY,mid_dispatch,notifications,POSITIVE_ONLY_READBACK,CALLER_REFERENCE,73370bdf-aff6-4687-8f15-989e633a09a4,CONFIRMED_APPLIED,APPLIED,1,0,1,2031.17103,,0,0,,
b0_naive_retry-mid_dispatch-notifications-a1462382-r1,p30,B0_NAIVE_RETRY,mid_dispatch,notifications,POSITIVE_ONLY_READBACK,CALLER_REFERENCE,b284f43a-e619-472c-bc7f-e39d4f782198,CONFIRMED_APPLIED,APPLIED,1,0,1,2763.528496,,0,0,,
b0_naive_retry-mid_dispatch-notifications-a1462382-r1,p30,B0_NAIVE_RETRY,mid_dispatch,notifications,POSITIVE_ONLY_READBACK,CALLER_REFERENCE,d3b4d46a-b4bb-4321-99dc-db1aba3575fc,CONFIRMED_APPLIED,APPLIED,2,1,1,2842.649247,20844.0,1,0,,
b0_naive_retry-mid_dispatch-notifications-a1462382-r1,p30,B0_NAIVE_RETRY,mid_dispatch,notifications,POSITIVE_ONLY_READBACK,CALLER_REFERENCE,9d2f3806-1e65-4a3d-ae7b-7e1b16d17e16,CONFIRMED_APPLIED,APPLIED,2,1,1,2879.156076,12565.0,1,0,,
b0_naive_retry-mid_dispatch-notifications-a1462382-r1,p30,B0_NAIVE_RETRY,mid_dispatch,notifications,POSITIVE_ONLY_READBACK,CALLER_REFERENCE,145356cd-3877-4394-b0a4-f09462a5bfe8,CONFIRMED_APPLIED,APPLIED,1,0,1,2038.289077,,0,0,,
b0_naive_retry-mid_dispatch-notifications-a1462382-r1,p30,B0_NAIVE_RETRY,mid_dispatch,notifications,POSITIVE_ONLY_READBACK,CALLER_REFERENCE,8841d601-fe5e-46bd-be98-16d58e46d9e3,CONFIRMED_APPLIED,APPLIED,1,0,1,2024.582615,,0,0,,
b0_naive_retry-mid_dispatch-notifications-a1462382-r1,p30,B0_NAIVE_RETRY,mid_dispatch,notifications,POSITIVE_ONLY_READBACK,CALLER_REFERENCE,446a5aa6-dcb0-4560-b206-5b3df0390cf5,CONFIRMED_APPLIED,APPLIED,2,0,2,7708.209791,,1,0,,
b0_naive_retry-mid_dispatch-notifications-a1462382-r1,p30,B0_NAIVE_RETRY,mid_dispatch,notifications,POSITIVE_ONLY_READBACK,CALLER_REFERENCE,52fd53d9-4650-4837-982c-ef7e0e515bb5,CONFIRMED_APPLIED,APPLIED,2,1,1,2810.010993,15902.0,1,0,,
b0_naive_retry-mid_dispatch-notifications-a1462382-r1,p30,B0_NAIVE_RETRY,mid_dispatch,notifications,POSITIVE_ONLY_READBACK,CALLER_REFERENCE,d596f2ee-22a3-4881-946a-8e10c297e0b0,CONFIRMED_APPLIED,APPLIED,1,0,2,4053.225063,,0,0,,
b0_naive_retry-mid_dispatch-notifications-a1462382-r1,p30,B0_NAIVE_RETRY,mid_dispatch,notifications,POSITIVE_ONLY_READBACK,CALLER_REFERENCE,267a7020-ee49-45fd-bdb5-5795b0901af7,CONFIRMED_APPLIED,APPLIED,1,0,1,2027.42463,,0,0,,
b0_naive_retry-mid_dispatch-notifications-a1462382-r1,p30,B0_NAIVE_RETRY,mid_dispatch,notifications,POSITIVE_ONLY_READBACK,CALLER_REFERENCE,b796f2c6-9719-4c77-b9ca-53075326fb4b,CONFIRMED_APPLIED,APPLIED,1,0,1,2025.064107,,0,0,,
b0_naive_retry-mid_dispatch-notifications-a1462382-r10,p30,B0_NAIVE_RETRY,mid_dispatch,notifications,POSITIVE_ONLY_READBACK,CALLER_REFERENCE,2fdc3860-ecb4-4678-a5a0-f2b2d33e5636,CONFIRMED_APPLIED,APPLIED,1,0,1,2419.397329,,0,0,,
b0_naive_retry-mid_dispatch-notifications-a1462382-r10,p30,B0_NAIVE_RETRY,mid_dispatch,notifications,POSITIVE_ONLY_READBACK,CALLER_REFERENCE,936d9a45-15a3-4b50-91db-85440368cd92,CONFIRMED_APPLIED,APPLIED,1,0,1,2014.12407,,0,0,,
b0_naive_retry-mid_dispatch-notifications-a1462382-r10,p30,B0_NAIVE_RETRY,mid_dispatch,notifications,POSITIVE_ONLY_READBACK,CALLER_REFERENCE,8ee1ac4b-7a8b-41ae-9da5-14e3745a5d42,UNVERIFIED_FAILURE,FAILED,3,0,3,15033.477542,,1,1,,
b0_naive_retry-mid_dispatch-notifications-a1462382-r10,p30,B0_NAIVE_RETRY,mid_dispatch,notifications,POSITIVE_ONLY_READBACK,CALLER_REFERENCE,57280001-9c8b-4309-b2a4-f90cca2b6594,CONFIRMED_APPLIED,APPLIED,2,1,2,4361.235587,11389.0,1,0,,
b0_naive_retry-mid_dispatch-notifications-a1462382-r10,p30,B0_NAIVE_RETRY,mid_dispatch,notifications,POSITIVE_ONLY_READBACK,CALLER_REFERENCE,340c31d7-eef3-4dec-bd83-60bfdc9902b5,CONFIRMED_APPLIED,APPLIED,1,0,2,4024.961252,,0,0,,
b0_naive_retry-mid_dispatch-notifications-a1462382-r10,p30,B0_NAIVE_RETRY,mid_dispatch,notifications,POSITIVE_ONLY_READBACK,CALLER_REFERENCE,143f07d3-b382-4a57-bedf-af4b42e9f18f,CONFIRMED_APPLIED,APPLIED,1,0,1,2432.968065,,0,0,,
b0_naive_retry-mid_dispatch-notifications-a1462382-r10,p30,B0_NAIVE_RETRY,mid_dispatch,notifications,POSITIVE_ONLY_READBACK,CALLER_REFERENCE,dbc69d8e-015b-4ec9-8496-f082e46fb1d5,CONFIRMED_APPLIED,APPLIED,2,0,3,9041.259062,,1,0,,
b0_naive_retry-mid_dispatch-notifications-a1462382-r10,p30,B0_NAIVE_RETRY,mid_dispatch,notifications,POSITIVE_ONLY_READBACK,CALLER_REFERENCE,12cf9c1b-52ad-4001-82d2-0d573a68b57d,CONFIRMED_APPLIED,APPLIED,1,0,1,2016.602063,,0,0,,
b0_naive_retry-mid_dispatch-notifications-a1462382-r10,p30,B0_NAIVE_RETRY,mid_dispatch,notifications,POSITIVE_ONLY_READBACK,CALLER_REFERENCE,48c17cf6-45e7-428f-93ac-ec54bcf910a4,CONFIRMED_APPLIED,APPLIED,1,0,1,2017.185417,,0,0,,
b0_naive_retry-mid_dispatch-notifications-a1462382-r10,p30,B0_NAIVE_RETRY,mid_dispatch,notifications,POSITIVE_ONLY_READBACK,CALLER_REFERENCE,1e858d25-a701-4b89-adee-7768f8b75e0c,CONFIRMED_APPLIED,APPLIED,1,1,1,2442.93845,15350.0,0,0,,
b0_naive_retry-mid_dispatch-notifications-a1462382-r11,p30,B0_NAIVE_RETRY,mid_dispatch,notifications,POSITIVE_ONLY_READBACK,CALLER_REFERENCE,0a0b7e03-621f-4f3e-82ac-15d149ad64ba,CONFIRMED_APPLIED,APPLIED,1,0,1,2388.019448,,0,0,,
b0_naive_retry-mid_dispatch-notifications-a1462382-r11,p30,B0_NAIVE_RETRY,mid_dispatch,notifications,POSITIVE_ONLY_READBACK,CALLER_REFERENCE,154b0c66-370a-42a8-8d3e-df72e494c146,CONFIRMED_APPLIED,APPLIED,1,0,1,2020.506921,,0,0,,
b0_naive_retry-mid_dispatch-notifications-a1462382-r11,p30,B0_NAIVE_RETRY,mid_dispatch,notifications,POSITIVE_ONLY_READBACK,CALLER_REFERENCE,ab4b232d-e6bc-4b39-9c22-7b1ca37b6769,CONFIRMED_APPLIED,APPLIED,3,1,2,7413.258525,21388.0,1,0,,
b0_naive_retry-mid_dispatch-notifications-a1462382-r11,p30,B0_NAIVE_RETRY,mid_dispatch,notifications,POSITIVE_ONLY_READBACK,CALLER_REFERENCE,5bc11e87-80b7-4401-b690-1d03caa810b3,CONFIRMED_APPLIED,APPLIED,1,0,1,2021.580435,,0,0,,
b0_naive_retry-mid_dispatch-notifications-a1462382-r11,p30,B0_NAIVE_RETRY,mid_dispatch,notifications,POSITIVE_ONLY_READBACK,CALLER_REFERENCE,146fbb83-c985-4034-bc99-e7d3d9f0d69f,CONFIRMED_APPLIED,APPLIED,1,0,1,2017.649559,,0,0,,
b0_naive_retry-mid_dispatch-notifications-a1462382-r11,p30,B0_NAIVE_RETRY,mid_dispatch,notifications,POSITIVE_ONLY_READBACK,CALLER_REFERENCE,39b01a28-73f1-4b38-910e-2a42388d683d,CONFIRMED_APPLIED,APPLIED,2,1,1,2447.02523,25833.0,1,0,,
b0_naive_retry-mid_dispatch-notifications-a1462382-r11,p30,B0_NAIVE_RETRY,mid_dispatch,notifications,POSITIVE_ONLY_READBACK,CALLER_REFERENCE,caeb75ba-2b15-466f-abe3-ec268c5280cb,CONFIRMED_APPLIED,APPLIED,2,0,2,7027.621004,,1,0,,
b0_naive_retry-mid_dispatch-notifications-a1462382-r11,p30,B0_NAIVE_RETRY,mid_dispatch,notifications,POSITIVE_ONLY_READBACK,CALLER_REFERENCE,d1b51ba1-c8d6-4c01-8df7-541d17ea48d4,CONFIRMED_APPLIED,APPLIED,2,1,1,2411.326424,12897.0,1,0,,
b0_naive_retry-mid_dispatch-notifications-a1462382-r11,p30,B0_NAIVE_RETRY,mid_dispatch,notifications,POSITIVE_ONLY_READBACK,CALLER_REFERENCE,759ccf35-fa8b-40b6-8788-2ceb4200b92e,CONFIRMED_APPLIED,APPLIED,1,0,1,2020.116279,,0,0,,
b0_naive_retry-mid_dispatch-notifications-a1462382-r11,p30,B0_NAIVE_RETRY,mid_dispatch,notifications,POSITIVE_ONLY_READBACK,CALLER_REFERENCE,b310a8dd-e20e-423f-a634-2e20f7f80e7d,CONFIRMED_APPLIED,APPLIED,2,1,1,2505.639131,5271.0,1,0,,
b0_naive_retry-mid_dispatch-notifications-a1462382-r12,p30,B0_NAIVE_RETRY,mid_dispatch,notifications,POSITIVE_ONLY_READBACK,CALLER_REFERENCE,2105c5bb-1c52-425c-8a01-315fb53fa8fa,CONFIRMED_APPLIED,APPLIED,1,1,1,2658.137889,27094.0,0,0,,
b0_naive_retry-mid_dispatch-notifications-a1462382-r12,p30,B0_NAIVE_RETRY,mid_dispatch,notifications,POSITIVE_ONLY_READBACK,CALLER_REFERENCE,ac728c6d-8487-432e-98f8-28aef46835fd,CONFIRMED_APPLIED,APPLIED,1,0,1,2022.877255,,0,0,,
b0_naive_retry-mid_dispatch-notifications-a1462382-r12,p30,B0_NAIVE_RETRY,mid_dispatch,notifications,POSITIVE_ONLY_READBACK,CALLER_REFERENCE,1fc5608c-789d-486d-b901-63bc2d4255a9,CONFIRMED_APPLIED,APPLIED,1,0,1,2020.834987,,0,0,,
b0_naive_retry-mid_dispatch-notifications-a1462382-r12,p30,B0_NAIVE_RETRY,mid_dispatch,notifications,POSITIVE_ONLY_READBACK,CALLER_REFERENCE,9942e923-83a0-4fac-81f0-ba2ad065eac9,CONFIRMED_APPLIED,APPLIED,1,0,1,2022.019797,,0,0,,
b0_naive_retry-mid_dispatch-notifications-a1462382-r12,p30,B0_NAIVE_RETRY,mid_dispatch,notifications,POSITIVE_ONLY_READBACK,CALLER_REFERENCE,2c0a72de-bc26-475e-a0f1-268d994be133,CONFIRMED_APPLIED,APPLIED,1,0,1,2024.833485,,0,0,,
b0_naive_retry-mid_dispatch-notifications-a1462382-r12,p30,B0_NAIVE_RETRY,mid_dispatch,notifications,POSITIVE_ONLY_READBACK,CALLER_REFERENCE,9b006f58-fb2a-49f8-a45f-27cc91458ac9,CONFIRMED_APPLIED,APPLIED,2,0,2,7484.691168,,1,0,,
b0_naive_retry-mid_dispatch-notifications-a1462382-r12,p30,B0_NAIVE_RETRY,mid_dispatch,notifications,POSITIVE_ONLY_READBACK,CALLER_REFERENCE,80c80347-c278-4fa4-81f4-c6f429c3e721,CONFIRMED_APPLIED,APPLIED,1,0,1,2022.350103,,0,0,,
b0_naive_retry-mid_dispatch-notifications-a1462382-r12,p30,B0_NAIVE_RETRY,mid_dispatch,notifications,POSITIVE_ONLY_READBACK,CALLER_REFERENCE,80563802-0ef8-49de-9ca2-4461120a6212,CONFIRMED_APPLIED,APPLIED,2,1,1,2562.225601,17592.0,1,0,,
b0_naive_retry-mid_dispatch-notifications-a1462382-r12,p30,B0_NAIVE_RETRY,mid_dispatch,notifications,POSITIVE_ONLY_READBACK,CALLER_REFERENCE,81f756a3-e45d-4b22-9a78-4e3ff0480da3,CONFIRMED_APPLIED,APPLIED,1,0,2,4036.516914,,0,0,,
b0_naive_retry-mid_dispatch-notifications-a1462382-r12,p30,B0_NAIVE_RETRY,mid_dispatch,notifications,POSITIVE_ONLY_READBACK,CALLER_REFERENCE,06d3f9a8-9456-40f2-b7f1-3a1c5175256b,CONFIRMED_APPLIED,APPLIED,2,1,1,2447.596617,6609.0,1,0,,
b0_naive_retry-mid_dispatch-notifications-a1462382-r13,p30,B0_NAIVE_RETRY,mid_dispatch,notifications,POSITIVE_ONLY_READBACK,CALLER_REFERENCE,dedae4b4-2498-4188-b404-c0cacc2c158f,CONFIRMED_APPLIED,APPLIED,1,0,1,2359.263005,,0,0,,
b0_naive_retry-mid_dispatch-notifications-a1462382-r13,p30,B0_NAIVE_RETRY,mid_dispatch,notifications,POSITIVE_ONLY_READBACK,CALLER_REFERENCE,4531b889-6266-4b26-8e48-1b920bed20ea,CONFIRMED_APPLIED,APPLIED,1,0,1,2015.048316,,0,0,,
b0_naive_retry-mid_dispatch-notifications-a1462382-r13,p30,B0_NAIVE_RETRY,mid_dispatch,notifications,POSITIVE_ONLY_READBACK,CALLER_REFERENCE,ae61dca6-a769-41b5-ac63-d69b2b9d8b28,CONFIRMED_APPLIED,APPLIED,2,0,2,7026.231971,,1,0,,
b0_naive_retry-mid_dispatch-notifications-a1462382-r13,p30,B0_NAIVE_RETRY,mid_dispatch,notifications,POSITIVE_ONLY_READBACK,CALLER_REFERENCE,cbf21fa4-6366-468a-ac9a-2cf273170abf,CONFIRMED_APPLIED,APPLIED,1,0,2,4027.274121,,0,0,,
b0_naive_retry-mid_dispatch-notifications-a1462382-r13,p30,B0_NAIVE_RETRY,mid_dispatch,notifications,POSITIVE_ONLY_READBACK,CALLER_REFERENCE,19d41e89-6503-4512-a917-84b73a926464,CONFIRMED_APPLIED,APPLIED,1,0,2,4025.60261,,0,0,,
b0_naive_retry-mid_dispatch-notifications-a1462382-r13,p30,B0_NAIVE_RETRY,mid_dispatch,notifications,POSITIVE_ONLY_READBACK,CALLER_REFERENCE,118f6caf-8404-4bc4-9968-03c1cc3badb3,CONFIRMED_APPLIED,APPLIED,1,0,1,2370.574326,,0,0,,
b0_naive_retry-mid_dispatch-notifications-a1462382-r13,p30,B0_NAIVE_RETRY,mid_dispatch,notifications,POSITIVE_ONLY_READBACK,CALLER_REFERENCE,f0a707c4-e53d-42f0-b790-e13815bdc77a,CONFIRMED_APPLIED,APPLIED,2,1,1,2677.864946,21109.0,1,0,,
b0_naive_retry-mid_dispatch-notifications-a1462382-r13,p30,B0_NAIVE_RETRY,mid_dispatch,notifications,POSITIVE_ONLY_READBACK,CALLER_REFERENCE,2d4459ad-3803-4acf-8696-f08564f7182f,CONFIRMED_APPLIED,APPLIED,1,0,1,2013.608759,,0,0,,
b0_naive_retry-mid_dispatch-notifications-a1462382-r13,p30,B0_NAIVE_RETRY,mid_dispatch,notifications,POSITIVE_ONLY_READBACK,CALLER_REFERENCE,06fffb76-9b63-4657-bef8-cff22a6a0432,CONFIRMED_APPLIED,APPLIED,2,1,1,2441.414602,11315.0,1,0,,
b0_naive_retry-mid_dispatch-notifications-a1462382-r13,p30,B0_NAIVE_RETRY,mid_dispatch,notifications,POSITIVE_ONLY_READBACK,CALLER_REFERENCE,5b23bf9a-4c39-40d4-a742-7e07ebee7b97,CONFIRMED_APPLIED,APPLIED,2,1,1,2445.165794,5364.0,1,0,,
b0_naive_retry-mid_dispatch-notifications-a1462382-r14,p30,B0_NAIVE_RETRY,mid_dispatch,notifications,POSITIVE_ONLY_READBACK,CALLER_REFERENCE,7185a27a-3c48-4071-96f6-f24c7479ba10,CONFIRMED_APPLIED,APPLIED,1,0,1,2399.425099,,0,0,,
b0_naive_retry-mid_dispatch-notifications-a1462382-r14,p30,B0_NAIVE_RETRY,mid_dispatch,notifications,POSITIVE_ONLY_READBACK,CALLER_REFERENCE,36b843d2-277c-4ca6-9709-84ead148838e,CONFIRMED_APPLIED,APPLIED,1,0,1,2078.969029,,0,0,,
b0_naive_retry-mid_dispatch-notifications-a1462382-r14,p30,B0_NAIVE_RETRY,mid_dispatch,notifications,POSITIVE_ONLY_READBACK,CALLER_REFERENCE,2ba1d951-bb88-4107-aecc-9a9e7627b19d,CONFIRMED_APPLIED,APPLIED,1,0,1,2030.448258,,0,0,,
b0_naive_retry-mid_dispatch-notifications-a1462382-r14,p30,B0_NAIVE_RETRY,mid_dispatch,notifications,POSITIVE_ONLY_READBACK,CALLER_REFERENCE,1825e265-6115-46b9-a121-8217ec1de70b,CONFIRMED_APPLIED,APPLIED,1,0,1,2024.115736,,0,0,,
b0_naive_retry-mid_dispatch-notifications-a1462382-r14,p30,B0_NAIVE_RETRY,mid_dispatch,notifications,POSITIVE_ONLY_READBACK,CALLER_REFERENCE,166f72d0-fd60-4604-b7a1-b34e3a7b57cf,CONFIRMED_APPLIED,APPLIED,2,1,1,3031.815724,14431.0,1,0,,
b0_naive_retry-mid_dispatch-notifications-a1462382-r14,p30,B0_NAIVE_RETRY,mid_dispatch,notifications,POSITIVE_ONLY_READBACK,CALLER_REFERENCE,04aadb8b-5176-4648-a221-41dbf1355877,CONFIRMED_APPLIED,APPLIED,1,0,1,2380.864418,,0,0,,
b0_naive_retry-mid_dispatch-notifications-a1462382-r14,p30,B0_NAIVE_RETRY,mid_dispatch,notifications,POSITIVE_ONLY_READBACK,CALLER_REFERENCE,5d45e24b-4470-4122-9f6e-7c9e889e72b2,CONFIRMED_APPLIED,APPLIED,2,1,1,2620.565876,20586.0,1,0,,
b0_naive_retry-mid_dispatch-notifications-a1462382-r14,p30,B0_NAIVE_RETRY,mid_dispatch,notifications,POSITIVE_ONLY_READBACK,CALLER_REFERENCE,4460e6ad-421a-4061-a773-85616b489b63,CONFIRMED_APPLIED,APPLIED,1,0,1,2027.146955,,0,0,,
b0_naive_retry-mid_dispatch-notifications-a1462382-r14,p30,B0_NAIVE_RETRY,mid_dispatch,notifications,POSITIVE_ONLY_READBACK,CALLER_REFERENCE,021a275d-fe71-4168-a9c4-0c393bd894f2,CONFIRMED_APPLIED,APPLIED,1,0,1,2030.916766,,0,0,,
b0_naive_retry-mid_dispatch-notifications-a1462382-r14,p30,B0_NAIVE_RETRY,mid_dispatch,notifications,POSITIVE_ONLY_READBACK,CALLER_REFERENCE,8ced4bd1-b5cf-403d-aefb-1e8637fb4ec0,CONFIRMED_APPLIED,APPLIED,2,1,1,2775.808975,8668.0,1,0,,
b0_naive_retry-mid_dispatch-notifications-a1462382-r2,p30,B0_NAIVE_RETRY,mid_dispatch,notifications,POSITIVE_ONLY_READBACK,CALLER_REFERENCE,9b6feaab-5f0e-4645-ad6b-e2f632cbcf1a,CONFIRMED_APPLIED,APPLIED,1,0,1,2370.351905,,0,0,,
b0_naive_retry-mid_dispatch-notifications-a1462382-r2,p30,B0_NAIVE_RETRY,mid_dispatch,notifications,POSITIVE_ONLY_READBACK,CALLER_REFERENCE,cda8e327-68f8-4d87-b9ef-2a352b5fb3d3,CONFIRMED_APPLIED,APPLIED,1,0,1,2018.486249,,0,0,,
b0_naive_retry-mid_dispatch-notifications-a1462382-r2,p30,B0_NAIVE_RETRY,mid_dispatch,notifications,POSITIVE_ONLY_READBACK,CALLER_REFERENCE,c1e5eeb8-4ef8-480b-a2f1-bbc7c0bccd8a,CONFIRMED_APPLIED,APPLIED,1,0,1,2022.097607,,0,0,,
b0_naive_retry-mid_dispatch-notifications-a1462382-r2,p30,B0_NAIVE_RETRY,mid_dispatch,notifications,POSITIVE_ONLY_READBACK,CALLER_REFERENCE,ef403ddb-24ce-427b-8958-0d21441ff24f,CONFIRMED_APPLIED,APPLIED,1,0,1,2019.982019,,0,0,,
b0_naive_retry-mid_dispatch-notifications-a1462382-r2,p30,B0_NAIVE_RETRY,mid_dispatch,notifications,POSITIVE_ONLY_READBACK,CALLER_REFERENCE,190708e3-3cde-4746-81e2-42d8a3f7e3c1,CONFIRMED_APPLIED,APPLIED,2,1,1,2467.102073,9771.0,1,0,,
b0_naive_retry-mid_dispatch-notifications-a1462382-r2,p30,B0_NAIVE_RETRY,mid_dispatch,notifications,POSITIVE_ONLY_READBACK,CALLER_REFERENCE,dd370ef4-1533-4bc6-9342-b85d51452ee4,CONFIRMED_APPLIED,APPLIED,1,0,1,2358.798352,,0,0,,
b0_naive_retry-mid_dispatch-notifications-a1462382-r2,p30,B0_NAIVE_RETRY,mid_dispatch,notifications,POSITIVE_ONLY_READBACK,CALLER_REFERENCE,387816c7-6ef7-45fc-9743-1881fa315a64,CONFIRMED_APPLIED,APPLIED,1,0,1,2019.231763,,0,0,,
b0_naive_retry-mid_dispatch-notifications-a1462382-r2,p30,B0_NAIVE_RETRY,mid_dispatch,notifications,POSITIVE_ONLY_READBACK,CALLER_REFERENCE,a38be7c5-72ac-485e-89a4-6340c274c43c,CONFIRMED_APPLIED,APPLIED,2,1,1,2438.042179,13827.0,1,0,,
b0_naive_retry-mid_dispatch-notifications-a1462382-r2,p30,B0_NAIVE_RETRY,mid_dispatch,notifications,POSITIVE_ONLY_READBACK,CALLER_REFERENCE,e4ddf851-2459-4cca-a89f-b49fe606c5a2,CONFIRMED_APPLIED,APPLIED,2,1,1,2425.117454,7912.0,1,0,,
b0_naive_retry-mid_dispatch-notifications-a1462382-r2,p30,B0_NAIVE_RETRY,mid_dispatch,notifications,POSITIVE_ONLY_READBACK,CALLER_REFERENCE,b49eaef4-ed6d-4008-87a9-5fab5b3887ef,CONFIRMED_APPLIED,APPLIED,1,0,1,2015.325391,,0,0,,
b0_naive_retry-mid_dispatch-notifications-a1462382-r3,p30,B0_NAIVE_RETRY,mid_dispatch,notifications,POSITIVE_ONLY_READBACK,CALLER_REFERENCE,a9145932-cc33-4887-9d65-25ad733173dd,CONFIRMED_APPLIED,APPLIED,1,0,1,2269.317523,,0,0,,
b0_naive_retry-mid_dispatch-notifications-a1462382-r3,p30,B0_NAIVE_RETRY,mid_dispatch,notifications,POSITIVE_ONLY_READBACK,CALLER_REFERENCE,ba072411-2c40-4746-824a-b02e5f396041,CONFIRMED_APPLIED,APPLIED,1,0,1,2017.062672,,0,0,,
b0_naive_retry-mid_dispatch-notifications-a1462382-r3,p30,B0_NAIVE_RETRY,mid_dispatch,notifications,POSITIVE_ONLY_READBACK,CALLER_REFERENCE,49a8c92f-df9d-40bd-9e69-6f1ff213f515,CONFIRMED_APPLIED,APPLIED,1,0,1,2016.530083,,0,0,,
b0_naive_retry-mid_dispatch-notifications-a1462382-r3,p30,B0_NAIVE_RETRY,mid_dispatch,notifications,POSITIVE_ONLY_READBACK,CALLER_REFERENCE,61c0abc4-2e11-45e1-85be-c43e6da9fb98,CONFIRMED_APPLIED,APPLIED,2,1,1,2270.786647,20732.0,1,0,,
b0_naive_retry-mid_dispatch-notifications-a1462382-r3,p30,B0_NAIVE_RETRY,mid_dispatch,notifications,POSITIVE_ONLY_READBACK,CALLER_REFERENCE,db084cca-8114-4cf9-8dd1-03a2de791088,CONFIRMED_APPLIED,APPLIED,1,0,1,2013.246231,,0,0,,
b0_naive_retry-mid_dispatch-notifications-a1462382-r3,p30,B0_NAIVE_RETRY,mid_dispatch,notifications,POSITIVE_ONLY_READBACK,CALLER_REFERENCE,f581e82c-8d0c-4ffe-922d-62474924f825,CONFIRMED_APPLIED,APPLIED,1,0,1,2255.352732,,0,0,,
b0_naive_retry-mid_dispatch-notifications-a1462382-r3,p30,B0_NAIVE_RETRY,mid_dispatch,notifications,POSITIVE_ONLY_READBACK,CALLER_REFERENCE,cff6d41c-e7e4-4712-84ac-acf2e9c0a197,CONFIRMED_APPLIED,APPLIED,3,1,3,9302.006077,24781.0,1,0,,
b0_naive_retry-mid_dispatch-notifications-a1462382-r3,p30,B0_NAIVE_RETRY,mid_dispatch,notifications,POSITIVE_ONLY_READBACK,CALLER_REFERENCE,a02f57fe-fbe3-4be2-92fb-267ca91e02a3,CONFIRMED_APPLIED,APPLIED,1,0,2,4037.747754,,0,0,,
b0_naive_retry-mid_dispatch-notifications-a1462382-r3,p30,B0_NAIVE_RETRY,mid_dispatch,notifications,POSITIVE_ONLY_READBACK,CALLER_REFERENCE,22bf6ab9-f0b2-4891-9dea-666c6ddb3d35,CONFIRMED_APPLIED,APPLIED,1,0,1,2022.923119,,0,0,,
b0_naive_retry-mid_dispatch-notifications-a1462382-r3,p30,B0_NAIVE_RETRY,mid_dispatch,notifications,POSITIVE_ONLY_READBACK,CALLER_REFERENCE,e6091d11-b3f7-4b5e-895d-0e5f3cb195f1,CONFIRMED_APPLIED,APPLIED,2,0,2,7023.999243,,1,0,,
b0_naive_retry-mid_dispatch-notifications-a1462382-r4,p30,B0_NAIVE_RETRY,mid_dispatch,notifications,POSITIVE_ONLY_READBACK,CALLER_REFERENCE,3e9473c2-9756-433f-a30d-8ddf5533bf70,CONFIRMED_APPLIED,APPLIED,1,0,1,2287.981625,,0,0,,
b0_naive_retry-mid_dispatch-notifications-a1462382-r4,p30,B0_NAIVE_RETRY,mid_dispatch,notifications,POSITIVE_ONLY_READBACK,CALLER_REFERENCE,9df52db8-e833-42c2-9ab4-3c990fa1a7bb,CONFIRMED_APPLIED,APPLIED,2,1,1,2362.973147,12431.0,1,0,,
b0_naive_retry-mid_dispatch-notifications-a1462382-r4,p30,B0_NAIVE_RETRY,mid_dispatch,notifications,POSITIVE_ONLY_READBACK,CALLER_REFERENCE,f3514517-70a7-4497-bd3f-3e2885106318,CONFIRMED_APPLIED,APPLIED,1,0,1,2014.546459,,0,0,,
b0_naive_retry-mid_dispatch-notifications-a1462382-r4,p30,B0_NAIVE_RETRY,mid_dispatch,notifications,POSITIVE_ONLY_READBACK,CALLER_REFERENCE,05dc2f34-4779-4be2-9eaf-b87bb0d44aa2,CONFIRMED_APPLIED,APPLIED,1,0,1,2016.873998,,0,0,,
b0_naive_retry-mid_dispatch-notifications-a1462382-r4,p30,B0_NAIVE_RETRY,mid_dispatch,notifications,POSITIVE_ONLY_READBACK,CALLER_REFERENCE,9873959e-7885-4c3f-a577-f4b6146811e2,CONFIRMED_APPLIED,APPLIED,1,0,1,2016.004671,,0,0,,
b0_naive_retry-mid_dispatch-notifications-a1462382-r4,p30,B0_NAIVE_RETRY,mid_dispatch,notifications,POSITIVE_ONLY_READBACK,CALLER_REFERENCE,e3920e0e-d959-45af-ae4b-9bdf5ce731aa,CONFIRMED_APPLIED,APPLIED,2,1,2,4408.064305,14721.0,1,0,,
b0_naive_retry-mid_dispatch-notifications-a1462382-r4,p30,B0_NAIVE_RETRY,mid_dispatch,notifications,POSITIVE_ONLY_READBACK,CALLER_REFERENCE,f21ef5d4-aa1a-4b02-b3b5-5e48ec8a657d,CONFIRMED_APPLIED,APPLIED,1,0,1,2016.353708,,0,0,,
b0_naive_retry-mid_dispatch-notifications-a1462382-r4,p30,B0_NAIVE_RETRY,mid_dispatch,notifications,POSITIVE_ONLY_READBACK,CALLER_REFERENCE,d44eb760-d095-499d-9e4d-a67de1b209fa,CONFIRMED_APPLIED,APPLIED,1,0,1,2014.613534,,0,0,,
b0_naive_retry-mid_dispatch-notifications-a1462382-r4,p30,B0_NAIVE_RETRY,mid_dispatch,notifications,POSITIVE_ONLY_READBACK,CALLER_REFERENCE,515af9c1-4b3c-4705-9e2b-03ff9a3e96c0,CONFIRMED_APPLIED,APPLIED,1,0,1,2015.385055,,0,0,,
b0_naive_retry-mid_dispatch-notifications-a1462382-r4,p30,B0_NAIVE_RETRY,mid_dispatch,notifications,POSITIVE_ONLY_READBACK,CALLER_REFERENCE,f61b9b3f-cd16-4c57-a1c2-e0d5ab3abec1,CONFIRMED_APPLIED,APPLIED,1,0,1,2013.996416,,0,0,,
b0_naive_retry-mid_dispatch-notifications-a1462382-r5,p30,B0_NAIVE_RETRY,mid_dispatch,notifications,POSITIVE_ONLY_READBACK,CALLER_REFERENCE,0b025b87-29ff-4318-9eb8-f14b094e0ed0,CONFIRMED_APPLIED,APPLIED,2,1,2,4384.262065,16583.0,1,0,,
b0_naive_retry-mid_dispatch-notifications-a1462382-r5,p30,B0_NAIVE_RETRY,mid_dispatch,notifications,POSITIVE_ONLY_READBACK,CALLER_REFERENCE,67f42ce9-5cea-4b16-83cf-a1c50cf32340,CONFIRMED_APPLIED,APPLIED,1,0,1,2015.128141,,0,0,,
b0_naive_retry-mid_dispatch-notifications-a1462382-r5,p30,B0_NAIVE_RETRY,mid_dispatch,notifications,POSITIVE_ONLY_READBACK,CALLER_REFERENCE,b363453a-d942-422d-a5e2-1f67c7e045ea,CONFIRMED_APPLIED,APPLIED,1,0,2,4021.470003,,0,0,,
b0_naive_retry-mid_dispatch-notifications-a1462382-r5,p30,B0_NAIVE_RETRY,mid_dispatch,notifications,POSITIVE_ONLY_READBACK,CALLER_REFERENCE,1af72821-a218-4102-b26e-5e041a3bd7df,CONFIRMED_APPLIED,APPLIED,1,0,1,2012.985362,,0,0,,
b0_naive_retry-mid_dispatch-notifications-a1462382-r5,p30,B0_NAIVE_RETRY,mid_dispatch,notifications,POSITIVE_ONLY_READBACK,CALLER_REFERENCE,c0af2448-b40f-4ef6-8a01-981be2af5e51,CONFIRMED_APPLIED,APPLIED,1,0,1,2013.38747,,0,0,,
b0_naive_retry-mid_dispatch-notifications-a1462382-r5,p30,B0_NAIVE_RETRY,mid_dispatch,notifications,POSITIVE_ONLY_READBACK,CALLER_REFERENCE,c86b7b43-b7db-46df-86bd-5a394d63a9a0,CONFIRMED_APPLIED,APPLIED,1,0,1,2295.453761,,0,0,,
b0_naive_retry-mid_dispatch-notifications-a1462382-r5,p30,B0_NAIVE_RETRY,mid_dispatch,notifications,POSITIVE_ONLY_READBACK,CALLER_REFERENCE,f47f9f78-7736-46cc-ab41-0668b671692a,CONFIRMED_APPLIED,APPLIED,1,0,1,2016.790205,,0,0,,
b0_naive_retry-mid_dispatch-notifications-a1462382-r5,p30,B0_NAIVE_RETRY,mid_dispatch,notifications,POSITIVE_ONLY_READBACK,CALLER_REFERENCE,6a240a00-650b-4a7f-a3dc-cf31cee1ce0d,CONFIRMED_APPLIED,APPLIED,2,1,1,2251.833834,12271.0,1,0,,
b0_naive_retry-mid_dispatch-notifications-a1462382-r5,p30,B0_NAIVE_RETRY,mid_dispatch,notifications,POSITIVE_ONLY_READBACK,CALLER_REFERENCE,6af2e52b-1476-46cf-909c-86b43e51b492,CONFIRMED_APPLIED,APPLIED,1,0,1,2020.882122,,0,0,,
b0_naive_retry-mid_dispatch-notifications-a1462382-r5,p30,B0_NAIVE_RETRY,mid_dispatch,notifications,POSITIVE_ONLY_READBACK,CALLER_REFERENCE,c70c066e-2972-4120-99ad-1043f73e91e2,CONFIRMED_APPLIED,APPLIED,1,0,1,2017.796376,,0,0,,
b0_naive_retry-mid_dispatch-notifications-a1462382-r6,p30,B0_NAIVE_RETRY,mid_dispatch,notifications,POSITIVE_ONLY_READBACK,CALLER_REFERENCE,2426c6ef-ae72-4201-9948-eec8f45abbb2,CONFIRMED_APPLIED,APPLIED,1,0,1,2306.090336,,0,0,,
b0_naive_retry-mid_dispatch-notifications-a1462382-r6,p30,B0_NAIVE_RETRY,mid_dispatch,notifications,POSITIVE_ONLY_READBACK,CALLER_REFERENCE,1dad55a9-01be-46f8-8ab1-a660b4a993ec,CONFIRMED_APPLIED,APPLIED,2,1,1,2299.902892,33151.0,1,0,,
b0_naive_retry-mid_dispatch-notifications-a1462382-r6,p30,B0_NAIVE_RETRY,mid_dispatch,notifications,POSITIVE_ONLY_READBACK,CALLER_REFERENCE,352152f6-935c-4df0-9837-3ec607fe3ef1,CONFIRMED_APPLIED,APPLIED,3,1,3,9348.665348,28617.0,1,0,,
b0_naive_retry-mid_dispatch-notifications-a1462382-r6,p30,B0_NAIVE_RETRY,mid_dispatch,notifications,POSITIVE_ONLY_READBACK,CALLER_REFERENCE,c638a752-8158-4040-9074-bda7a8f1000b,CONFIRMED_APPLIED,APPLIED,1,0,1,2013.70101,,0,0,,
b0_naive_retry-mid_dispatch-notifications-a1462382-r6,p30,B0_NAIVE_RETRY,mid_dispatch,notifications,POSITIVE_ONLY_READBACK,CALLER_REFERENCE,11b02660-5b70-4712-b8ee-36394858ec75,CONFIRMED_APPLIED,APPLIED,1,0,1,2017.002803,,0,0,,
b0_naive_retry-mid_dispatch-notifications-a1462382-r6,p30,B0_NAIVE_RETRY,mid_dispatch,notifications,POSITIVE_ONLY_READBACK,CALLER_REFERENCE,ea7a6d32-ddb9-4b8f-b720-481047df23b7,CONFIRMED_APPLIED,APPLIED,1,0,1,2319.386674,,0,0,,
b0_naive_retry-mid_dispatch-notifications-a1462382-r6,p30,B0_NAIVE_RETRY,mid_dispatch,notifications,POSITIVE_ONLY_READBACK,CALLER_REFERENCE,9a566cd7-045c-4ad8-959d-cd4d40c76ab5,CONFIRMED_APPLIED,APPLIED,2,1,1,2289.893439,33138.0,1,0,,
b0_naive_retry-mid_dispatch-notifications-a1462382-r6,p30,B0_NAIVE_RETRY,mid_dispatch,notifications,POSITIVE_ONLY_READBACK,CALLER_REFERENCE,8291170a-0834-4319-9f38-7bcf2980f232,CONFIRMED_APPLIED,APPLIED,3,0,3,12027.973005,,1,0,,
b0_naive_retry-mid_dispatch-notifications-a1462382-r6,p30,B0_NAIVE_RETRY,mid_dispatch,notifications,POSITIVE_ONLY_READBACK,CALLER_REFERENCE,f5aabb53-dfce-480e-b44e-be552dc61277,CONFIRMED_APPLIED,APPLIED,2,1,1,2276.911373,16600.0,1,0,,
b0_naive_retry-mid_dispatch-notifications-a1462382-r6,p30,B0_NAIVE_RETRY,mid_dispatch,notifications,POSITIVE_ONLY_READBACK,CALLER_REFERENCE,629dceb2-85c6-4bcd-bee0-74b6d06a2c4e,CONFIRMED_APPLIED,APPLIED,3,0,3,12043.748974,,1,0,,
b0_naive_retry-mid_dispatch-notifications-a1462382-r7,p30,B0_NAIVE_RETRY,mid_dispatch,notifications,POSITIVE_ONLY_READBACK,CALLER_REFERENCE,36e103e1-a189-4feb-91b6-72dbf57dd9a7,CONFIRMED_APPLIED,APPLIED,1,0,1,2439.891155,,0,0,,
b0_naive_retry-mid_dispatch-notifications-a1462382-r7,p30,B0_NAIVE_RETRY,mid_dispatch,notifications,POSITIVE_ONLY_READBACK,CALLER_REFERENCE,698f6de1-254f-4c77-8103-35be0742dcd1,CONFIRMED_APPLIED,APPLIED,1,0,3,6036.274258,,0,0,,
b0_naive_retry-mid_dispatch-notifications-a1462382-r7,p30,B0_NAIVE_RETRY,mid_dispatch,notifications,POSITIVE_ONLY_READBACK,CALLER_REFERENCE,2c9549d4-4f93-40f4-8ae4-6c2367a05fd9,CONFIRMED_APPLIED,APPLIED,1,0,1,2019.553146,,0,0,,
b0_naive_retry-mid_dispatch-notifications-a1462382-r7,p30,B0_NAIVE_RETRY,mid_dispatch,notifications,POSITIVE_ONLY_READBACK,CALLER_REFERENCE,13f88987-8aae-41f5-b7c5-8f998e210b12,CONFIRMED_APPLIED,APPLIED,1,1,1,2629.732217,14024.0,0,0,,
b0_naive_retry-mid_dispatch-notifications-a1462382-r7,p30,B0_NAIVE_RETRY,mid_dispatch,notifications,POSITIVE_ONLY_READBACK,CALLER_REFERENCE,216413e5-3c81-47a1-a3f0-e6244065d490,CONFIRMED_APPLIED,APPLIED,2,0,2,7027.610337,,1,0,,
b0_naive_retry-mid_dispatch-notifications-a1462382-r7,p30,B0_NAIVE_RETRY,mid_dispatch,notifications,POSITIVE_ONLY_READBACK,CALLER_REFERENCE,8b24735a-7548-4294-9cdb-4ed58a8b5abb,CONFIRMED_APPLIED,APPLIED,1,0,1,2422.348447,,0,0,,
b0_naive_retry-mid_dispatch-notifications-a1462382-r7,p30,B0_NAIVE_RETRY,mid_dispatch,notifications,POSITIVE_ONLY_READBACK,CALLER_REFERENCE,22599610-36af-42eb-9caf-307dc3c17b4d,CONFIRMED_APPLIED,APPLIED,1,0,1,2015.949421,,0,0,,
b0_naive_retry-mid_dispatch-notifications-a1462382-r7,p30,B0_NAIVE_RETRY,mid_dispatch,notifications,POSITIVE_ONLY_READBACK,CALLER_REFERENCE,81f6919e-969c-41a7-8f7b-a56f6fc904e3,CONFIRMED_APPLIED,APPLIED,1,0,1,2016.844067,,0,0,,
b0_naive_retry-mid_dispatch-notifications-a1462382-r7,p30,B0_NAIVE_RETRY,mid_dispatch,notifications,POSITIVE_ONLY_READBACK,CALLER_REFERENCE,6e9d7fcc-6d30-4e95-8c99-cdd813fac304,CONFIRMED_APPLIED,APPLIED,2,1,1,2464.818669,18066.0,1,0,,
b0_naive_retry-mid_dispatch-notifications-a1462382-r7,p30,B0_NAIVE_RETRY,mid_dispatch,notifications,POSITIVE_ONLY_READBACK,CALLER_REFERENCE,f57c63ee-1381-47da-a0e6-b94468e9f922,CONFIRMED_APPLIED,APPLIED,1,0,1,2027.81799,,0,0,,
b0_naive_retry-mid_dispatch-notifications-a1462382-r8,p30,B0_NAIVE_RETRY,mid_dispatch,notifications,POSITIVE_ONLY_READBACK,CALLER_REFERENCE,9e008136-16ac-4513-90a4-8e461b733cf2,CONFIRMED_APPLIED,APPLIED,1,0,1,2550.983696,,0,0,,
b0_naive_retry-mid_dispatch-notifications-a1462382-r8,p30,B0_NAIVE_RETRY,mid_dispatch,notifications,POSITIVE_ONLY_READBACK,CALLER_REFERENCE,7896dfbe-ce2e-4aa0-ae2d-e9618cd8e120,CONFIRMED_APPLIED,APPLIED,1,0,1,2023.802489,,0,0,,
b0_naive_retry-mid_dispatch-notifications-a1462382-r8,p30,B0_NAIVE_RETRY,mid_dispatch,notifications,POSITIVE_ONLY_READBACK,CALLER_REFERENCE,967a93ed-0167-4064-ae8d-2293cba2c5f1,CONFIRMED_APPLIED,APPLIED,1,0,1,2023.116044,,0,0,,
b0_naive_retry-mid_dispatch-notifications-a1462382-r8,p30,B0_NAIVE_RETRY,mid_dispatch,notifications,POSITIVE_ONLY_READBACK,CALLER_REFERENCE,82f93ba8-7825-4cf4-9f45-596850f906b9,CONFIRMED_APPLIED,APPLIED,1,0,1,2019.199515,,0,0,,
b0_naive_retry-mid_dispatch-notifications-a1462382-r8,p30,B0_NAIVE_RETRY,mid_dispatch,notifications,POSITIVE_ONLY_READBACK,CALLER_REFERENCE,731ef1a4-919c-4214-ae29-97be3bd9bdfa,CONFIRMED_APPLIED,APPLIED,2,1,1,2566.140234,11370.0,1,0,,
b0_naive_retry-mid_dispatch-notifications-a1462382-r8,p30,B0_NAIVE_RETRY,mid_dispatch,notifications,POSITIVE_ONLY_READBACK,CALLER_REFERENCE,7a453ee7-357b-469b-94c4-b3c2e8f33aa3,CONFIRMED_APPLIED,APPLIED,2,0,2,7510.981679,,1,0,,
b0_naive_retry-mid_dispatch-notifications-a1462382-r8,p30,B0_NAIVE_RETRY,mid_dispatch,notifications,POSITIVE_ONLY_READBACK,CALLER_REFERENCE,2f142817-b940-4d01-ad00-7a9b7fcd8453,CONFIRMED_APPLIED,APPLIED,1,0,1,2018.578577,,0,0,,
b0_naive_retry-mid_dispatch-notifications-a1462382-r8,p30,B0_NAIVE_RETRY,mid_dispatch,notifications,POSITIVE_ONLY_READBACK,CALLER_REFERENCE,cbf798f9-2ac5-4bc3-84bf-a86482e6a69b,CONFIRMED_APPLIED,APPLIED,1,0,1,2020.873605,,0,0,,
b0_naive_retry-mid_dispatch-notifications-a1462382-r8,p30,B0_NAIVE_RETRY,mid_dispatch,notifications,POSITIVE_ONLY_READBACK,CALLER_REFERENCE,46e3cea1-7f1d-448e-a8ff-ac41d48aa861,CONFIRMED_APPLIED,APPLIED,1,0,1,2021.550806,,0,0,,
b0_naive_retry-mid_dispatch-notifications-a1462382-r8,p30,B0_NAIVE_RETRY,mid_dispatch,notifications,POSITIVE_ONLY_READBACK,CALLER_REFERENCE,03e2e88a-668e-48ec-9d5c-18f6c68f1f04,CONFIRMED_APPLIED,APPLIED,2,1,1,2463.078915,6417.0,1,0,,
b0_naive_retry-mid_dispatch-notifications-a1462382-r9,p30,B0_NAIVE_RETRY,mid_dispatch,notifications,POSITIVE_ONLY_READBACK,CALLER_REFERENCE,79f8b0c8-a063-4329-809b-7bbeaccba335,CONFIRMED_APPLIED,APPLIED,1,1,1,2479.678332,27294.0,0,0,,
b0_naive_retry-mid_dispatch-notifications-a1462382-r9,p30,B0_NAIVE_RETRY,mid_dispatch,notifications,POSITIVE_ONLY_READBACK,CALLER_REFERENCE,a1091148-c5a9-45fc-8e16-2abd077aa327,CONFIRMED_APPLIED,APPLIED,1,0,1,2014.309253,,0,0,,
b0_naive_retry-mid_dispatch-notifications-a1462382-r9,p30,B0_NAIVE_RETRY,mid_dispatch,notifications,POSITIVE_ONLY_READBACK,CALLER_REFERENCE,85528a72-08af-4935-8ef6-da701dd65cfc,CONFIRMED_APPLIED,APPLIED,1,0,1,2013.986968,,0,0,,
b0_naive_retry-mid_dispatch-notifications-a1462382-r9,p30,B0_NAIVE_RETRY,mid_dispatch,notifications,POSITIVE_ONLY_READBACK,CALLER_REFERENCE,677d1a48-7edc-4a49-9129-3d0eb45f2dc5,CONFIRMED_APPLIED,APPLIED,2,1,1,2369.330323,16666.0,1,0,,
b0_naive_retry-mid_dispatch-notifications-a1462382-r9,p30,B0_NAIVE_RETRY,mid_dispatch,notifications,POSITIVE_ONLY_READBACK,CALLER_REFERENCE,ed606142-ada3-4d66-ab70-73d819560429,CONFIRMED_APPLIED,APPLIED,1,0,1,2012.183453,,0,0,,
b0_naive_retry-mid_dispatch-notifications-a1462382-r9,p30,B0_NAIVE_RETRY,mid_dispatch,notifications,POSITIVE_ONLY_READBACK,CALLER_REFERENCE,1ea939b4-2647-4c12-a733-e8442fc63ed8,CONFIRMED_APPLIED,APPLIED,1,0,1,2517.979288,,0,0,,
b0_naive_retry-mid_dispatch-notifications-a1462382-r9,p30,B0_NAIVE_RETRY,mid_dispatch,notifications,POSITIVE_ONLY_READBACK,CALLER_REFERENCE,5a0435f6-93d0-4302-9e2b-710ad981e125,CONFIRMED_APPLIED,APPLIED,2,0,3,9035.444559,,1,0,,
b0_naive_retry-mid_dispatch-notifications-a1462382-r9,p30,B0_NAIVE_RETRY,mid_dispatch,notifications,POSITIVE_ONLY_READBACK,CALLER_REFERENCE,33c7ac97-110f-45ee-95f8-78b2830a8990,CONFIRMED_APPLIED,APPLIED,2,0,2,7026.560449,,1,0,,
b0_naive_retry-mid_dispatch-notifications-a1462382-r9,p30,B0_NAIVE_RETRY,mid_dispatch,notifications,POSITIVE_ONLY_READBACK,CALLER_REFERENCE,779ac913-9e32-4a81-b5c4-7ff7892b8276,CONFIRMED_APPLIED,APPLIED,1,0,1,2013.770523,,0,0,,
b0_naive_retry-mid_dispatch-notifications-a1462382-r9,p30,B0_NAIVE_RETRY,mid_dispatch,notifications,POSITIVE_ONLY_READBACK,CALLER_REFERENCE,5d98bba6-9489-48f6-994a-32e03de597ce,CONFIRMED_APPLIED,APPLIED,2,0,2,7020.885305,,1,0,,
b0_naive_retry-mid_dispatch-payments-fa018b9a-r0,p30,B0_NAIVE_RETRY,mid_dispatch,payments,AUTHORITATIVE_READBACK,CALLER_REFERENCE,14aaa6d7-6702-4380-940b-1c78cce5f644,CONFIRMED_APPLIED,APPLIED,1,1,1,3190.845487,33842.0,0,0,,
b0_naive_retry-mid_dispatch-payments-fa018b9a-r0,p30,B0_NAIVE_RETRY,mid_dispatch,payments,AUTHORITATIVE_READBACK,CALLER_REFERENCE,a69e3b49-0b65-45b5-b5ab-c4c4fa0c4d4d,CONFIRMED_APPLIED,APPLIED,1,0,1,2024.113374,,0,0,,
b0_naive_retry-mid_dispatch-payments-fa018b9a-r0,p30,B0_NAIVE_RETRY,mid_dispatch,payments,AUTHORITATIVE_READBACK,CALLER_REFERENCE,988059e6-d69e-4128-81df-373b63c8de82,CONFIRMED_APPLIED,APPLIED,1,0,1,2026.152558,,0,0,,
b0_naive_retry-mid_dispatch-payments-fa018b9a-r0,p30,B0_NAIVE_RETRY,mid_dispatch,payments,AUTHORITATIVE_READBACK,CALLER_REFERENCE,d2ccde48-22a2-4844-a1c4-1ea42c14775a,CONFIRMED_APPLIED,APPLIED,1,0,1,2025.045602,,0,0,,
b0_naive_retry-mid_dispatch-payments-fa018b9a-r0,p30,B0_NAIVE_RETRY,mid_dispatch,payments,AUTHORITATIVE_READBACK,CALLER_REFERENCE,cf456f42-fceb-4c5f-af40-25f633a10edf,CONFIRMED_APPLIED,APPLIED,1,0,1,2021.573889,,0,0,,
b0_naive_retry-mid_dispatch-payments-fa018b9a-r0,p30,B0_NAIVE_RETRY,mid_dispatch,payments,AUTHORITATIVE_READBACK,CALLER_REFERENCE,d4fa8b69-c976-4b0c-b279-4d41b113b322,CONFIRMED_APPLIED,APPLIED,2,1,2,8146.39305,33954.0,1,0,,
b0_naive_retry-mid_dispatch-payments-fa018b9a-r0,p30,B0_NAIVE_RETRY,mid_dispatch,payments,AUTHORITATIVE_READBACK,CALLER_REFERENCE,e5eb70d9-5a01-42f6-b148-0344d5c2d84a,CONFIRMED_APPLIED,APPLIED,1,0,1,2024.175298,,0,0,,
b0_naive_retry-mid_dispatch-payments-fa018b9a-r0,p30,B0_NAIVE_RETRY,mid_dispatch,payments,AUTHORITATIVE_READBACK,CALLER_REFERENCE,64b678d3-8e35-4de6-9420-a59bc6993f2b,CONFIRMED_APPLIED,APPLIED,1,0,1,2029.519495,,0,0,,
b0_naive_retry-mid_dispatch-payments-fa018b9a-r0,p30,B0_NAIVE_RETRY,mid_dispatch,payments,AUTHORITATIVE_READBACK,CALLER_REFERENCE,28640675-bd60-4bbe-96a1-e7c37c64a6fe,CONFIRMED_APPLIED,APPLIED,1,0,1,2021.92674,,0,0,,
b0_naive_retry-mid_dispatch-payments-fa018b9a-r0,p30,B0_NAIVE_RETRY,mid_dispatch,payments,AUTHORITATIVE_READBACK,CALLER_REFERENCE,6aaacbcf-4cf4-4793-888c-1f1aaf85ab5c,CONFIRMED_APPLIED,APPLIED,2,1,1,3179.122738,14664.0,1,0,,
b0_naive_retry-mid_dispatch-payments-fa018b9a-r1,p30,B0_NAIVE_RETRY,mid_dispatch,payments,AUTHORITATIVE_READBACK,CALLER_REFERENCE,26c129ad-e3e3-40f6-8321-05113aa0a893,CONFIRMED_APPLIED,APPLIED,1,1,1,2552.286103,26535.0,0,0,,
b0_naive_retry-mid_dispatch-payments-fa018b9a-r1,p30,B0_NAIVE_RETRY,mid_dispatch,payments,AUTHORITATIVE_READBACK,CALLER_REFERENCE,cc09aaa8-ddc0-4b3a-bde4-fbab1805c976,CONFIRMED_APPLIED,APPLIED,1,0,3,6041.84419,,0,0,,
b0_naive_retry-mid_dispatch-payments-fa018b9a-r1,p30,B0_NAIVE_RETRY,mid_dispatch,payments,AUTHORITATIVE_READBACK,CALLER_REFERENCE,6bc67535-4b3b-4607-aa59-096694a376fe,CONFIRMED_APPLIED,APPLIED,1,0,1,2021.547138,,0,0,,
b0_naive_retry-mid_dispatch-payments-fa018b9a-r1,p30,B0_NAIVE_RETRY,mid_dispatch,payments,AUTHORITATIVE_READBACK,CALLER_REFERENCE,84bd7937-3512-4ee6-a8d6-de74eb5f9e69,CONFIRMED_APPLIED,APPLIED,2,1,1,2511.722918,10735.0,1,0,,
b0_naive_retry-mid_dispatch-payments-fa018b9a-r1,p30,B0_NAIVE_RETRY,mid_dispatch,payments,AUTHORITATIVE_READBACK,CALLER_REFERENCE,adae3715-6859-49fd-b6a6-114070ab9301,CONFIRMED_APPLIED,APPLIED,1,0,1,2020.180693,,0,0,,
b0_naive_retry-mid_dispatch-payments-fa018b9a-r1,p30,B0_NAIVE_RETRY,mid_dispatch,payments,AUTHORITATIVE_READBACK,CALLER_REFERENCE,14781d0f-da62-467a-b1b1-58c4db9dc166,CONFIRMED_APPLIED,APPLIED,1,1,1,2563.906507,26539.0,0,0,,
b0_naive_retry-mid_dispatch-payments-fa018b9a-r1,p30,B0_NAIVE_RETRY,mid_dispatch,payments,AUTHORITATIVE_READBACK,CALLER_REFERENCE,aab7d5f8-50a3-4ce9-aa58-3032895b8731,CONFIRMED_APPLIED,APPLIED,1,0,1,2025.835368,,0,0,,
b0_naive_retry-mid_dispatch-payments-fa018b9a-r1,p30,B0_NAIVE_RETRY,mid_dispatch,payments,AUTHORITATIVE_READBACK,CALLER_REFERENCE,63583962-2dac-4387-b423-e66d2bb299a1,CONFIRMED_APPLIED,APPLIED,1,0,1,2030.238914,,0,0,,
b0_naive_retry-mid_dispatch-payments-fa018b9a-r1,p30,B0_NAIVE_RETRY,mid_dispatch,payments,AUTHORITATIVE_READBACK,CALLER_REFERENCE,ea259b08-91ad-47d4-a2e8-581ed3c62b42,CONFIRMED_APPLIED,APPLIED,1,0,1,2021.131217,,0,0,,
b0_naive_retry-mid_dispatch-payments-fa018b9a-r1,p30,B0_NAIVE_RETRY,mid_dispatch,payments,AUTHORITATIVE_READBACK,CALLER_REFERENCE,da1e2a14-804a-4217-9e3a-82d5a2efc509,CONFIRMED_APPLIED,APPLIED,2,1,1,2813.481106,12712.0,1,0,,
b0_naive_retry-mid_dispatch-payments-fa018b9a-r10,p30,B0_NAIVE_RETRY,mid_dispatch,payments,AUTHORITATIVE_READBACK,CALLER_REFERENCE,17aaf073-441e-4c4a-813c-def97aecd53f,CONFIRMED_APPLIED,APPLIED,2,1,1,2413.468012,27447.0,1,0,,
b0_naive_retry-mid_dispatch-payments-fa018b9a-r10,p30,B0_NAIVE_RETRY,mid_dispatch,payments,AUTHORITATIVE_READBACK,CALLER_REFERENCE,3b3c9b17-faf1-42c1-b43d-7d0f5015ba56,CONFIRMED_APPLIED,APPLIED,1,0,1,2020.213821,,0,0,,
b0_naive_retry-mid_dispatch-payments-fa018b9a-r10,p30,B0_NAIVE_RETRY,mid_dispatch,payments,AUTHORITATIVE_READBACK,CALLER_REFERENCE,c12b056f-f53a-4949-9818-9ffa3c353247,CONFIRMED_APPLIED,APPLIED,2,0,2,7024.870417,,1,0,,
b0_naive_retry-mid_dispatch-payments-fa018b9a-r10,p30,B0_NAIVE_RETRY,mid_dispatch,payments,AUTHORITATIVE_READBACK,CALLER_REFERENCE,b4a04222-95a3-42f3-a471-c1e62e76357e,CONFIRMED_APPLIED,APPLIED,1,0,1,2015.138589,,0,0,,
b0_naive_retry-mid_dispatch-payments-fa018b9a-r10,p30,B0_NAIVE_RETRY,mid_dispatch,payments,AUTHORITATIVE_READBACK,CALLER_REFERENCE,881aaad8-b507-4580-a1eb-4259df597dbb,CONFIRMED_APPLIED,APPLIED,3,1,2,7443.368815,10233.0,1,0,,
b0_naive_retry-mid_dispatch-payments-fa018b9a-r10,p30,B0_NAIVE_RETRY,mid_dispatch,payments,AUTHORITATIVE_READBACK,CALLER_REFERENCE,bfc6e87e-5ccc-48e0-b454-ab3537d4f8c0,CONFIRMED_APPLIED,APPLIED,1,0,1,2425.981885,,0,0,,
b0_naive_retry-mid_dispatch-payments-fa018b9a-r10,p30,B0_NAIVE_RETRY,mid_dispatch,payments,AUTHORITATIVE_READBACK,CALLER_REFERENCE,e6358cfc-9663-400e-b906-d326cb0b07c7,CONFIRMED_APPLIED,APPLIED,1,0,1,2021.108289,,0,0,,
b0_naive_retry-mid_dispatch-payments-fa018b9a-r10,p30,B0_NAIVE_RETRY,mid_dispatch,payments,AUTHORITATIVE_READBACK,CALLER_REFERENCE,a7bb2895-a7b3-4b03-affe-39f7397db145,CONFIRMED_APPLIED,APPLIED,3,1,2,7435.004599,23001.0,1,0,,
b0_naive_retry-mid_dispatch-payments-fa018b9a-r10,p30,B0_NAIVE_RETRY,mid_dispatch,payments,AUTHORITATIVE_READBACK,CALLER_REFERENCE,05c761bf-6a97-4723-b674-279c05ad15c8,CONFIRMED_APPLIED,APPLIED,1,0,1,2013.124818,,0,0,,
b0_naive_retry-mid_dispatch-payments-fa018b9a-r10,p30,B0_NAIVE_RETRY,mid_dispatch,payments,AUTHORITATIVE_READBACK,CALLER_REFERENCE,9ff6c3cc-6cf9-40bc-84eb-d01390471994,CONFIRMED_APPLIED,APPLIED,1,0,1,2019.495275,,0,0,,
b0_naive_retry-mid_dispatch-payments-fa018b9a-r11,p30,B0_NAIVE_RETRY,mid_dispatch,payments,AUTHORITATIVE_READBACK,CALLER_REFERENCE,9046f60f-0478-4566-bb79-ca94f207d340,CONFIRMED_APPLIED,APPLIED,1,0,1,2430.742794,,0,0,,
b0_naive_retry-mid_dispatch-payments-fa018b9a-r11,p30,B0_NAIVE_RETRY,mid_dispatch,payments,AUTHORITATIVE_READBACK,CALLER_REFERENCE,b6dc14c0-8aa1-44da-a183-17a8482da8c7,CONFIRMED_APPLIED,APPLIED,1,0,2,4028.034826,,0,0,,
b0_naive_retry-mid_dispatch-payments-fa018b9a-r11,p30,B0_NAIVE_RETRY,mid_dispatch,payments,AUTHORITATIVE_READBACK,CALLER_REFERENCE,43c840ad-1286-40e3-824f-ff09a70a6736,CONFIRMED_APPLIED,APPLIED,2,1,1,2345.534455,10856.0,1,0,,
b0_naive_retry-mid_dispatch-payments-fa018b9a-r11,p30,B0_NAIVE_RETRY,mid_dispatch,payments,AUTHORITATIVE_READBACK,CALLER_REFERENCE,b199eaa5-041f-491f-b21f-e4460876450e,CONFIRMED_APPLIED,APPLIED,1,0,1,2012.274517,,0,0,,
b0_naive_retry-mid_dispatch-payments-fa018b9a-r11,p30,B0_NAIVE_RETRY,mid_dispatch,payments,AUTHORITATIVE_READBACK,CALLER_REFERENCE,740438c7-c19f-49be-a045-71b1edc1988c,CONFIRMED_APPLIED,APPLIED,1,0,1,2019.603203,,0,0,,
b0_naive_retry-mid_dispatch-payments-fa018b9a-r11,p30,B0_NAIVE_RETRY,mid_dispatch,payments,AUTHORITATIVE_READBACK,CALLER_REFERENCE,d7fd23b8-eaf5-4c09-b01a-f64899237e0b,CONFIRMED_APPLIED,APPLIED,2,1,1,2438.491338,17318.0,1,0,,
b0_naive_retry-mid_dispatch-payments-fa018b9a-r11,p30,B0_NAIVE_RETRY,mid_dispatch,payments,AUTHORITATIVE_READBACK,CALLER_REFERENCE,1d8a3fd0-8b56-4e22-8b83-b03332cae144,CONFIRMED_APPLIED,APPLIED,1,0,1,2014.604741,,0,0,,
b0_naive_retry-mid_dispatch-payments-fa018b9a-r11,p30,B0_NAIVE_RETRY,mid_dispatch,payments,AUTHORITATIVE_READBACK,CALLER_REFERENCE,a4a0eb9d-da1c-4272-8013-276b74565b79,CONFIRMED_APPLIED,APPLIED,1,0,1,2017.184102,,0,0,,
b0_naive_retry-mid_dispatch-payments-fa018b9a-r11,p30,B0_NAIVE_RETRY,mid_dispatch,payments,AUTHORITATIVE_READBACK,CALLER_REFERENCE,669e3f85-3735-4d39-9bbb-7ec0e7a3606a,CONFIRMED_APPLIED,APPLIED,1,0,1,2015.161786,,0,0,,
b0_naive_retry-mid_dispatch-payments-fa018b9a-r11,p30,B0_NAIVE_RETRY,mid_dispatch,payments,AUTHORITATIVE_READBACK,CALLER_REFERENCE,38627a3b-8210-429d-938c-b9771bfa09bc,CONFIRMED_APPLIED,APPLIED,2,1,1,2441.029829,5310.0,1,0,,
b0_naive_retry-mid_dispatch-payments-fa018b9a-r12,p30,B0_NAIVE_RETRY,mid_dispatch,payments,AUTHORITATIVE_READBACK,CALLER_REFERENCE,0d16219a-265f-4e42-bc28-53f670cab01b,CONFIRMED_APPLIED,APPLIED,2,0,2,7569.51992,,1,0,,
b0_naive_retry-mid_dispatch-payments-fa018b9a-r12,p30,B0_NAIVE_RETRY,mid_dispatch,payments,AUTHORITATIVE_READBACK,CALLER_REFERENCE,c164353b-ef89-48b4-8266-34736f53d965,CONFIRMED_APPLIED,APPLIED,2,0,2,20757.87139,,1,0,,
b0_naive_retry-mid_dispatch-payments-fa018b9a-r12,p30,B0_NAIVE_RETRY,mid_dispatch,payments,AUTHORITATIVE_READBACK,CALLER_REFERENCE,606bb045-ddea-430b-bd44-0ba16379487d,CONFIRMED_APPLIED,APPLIED,1,0,1,2870.424193,,0,0,,
b0_naive_retry-mid_dispatch-payments-fa018b9a-r12,p30,B0_NAIVE_RETRY,mid_dispatch,payments,AUTHORITATIVE_READBACK,CALLER_REFERENCE,b533e91a-cf0a-473e-89e3-39ecaf395b40,CONFIRMED_APPLIED,APPLIED,1,0,1,2045.541341,,0,0,,
b0_naive_retry-mid_dispatch-payments-fa018b9a-r12,p30,B0_NAIVE_RETRY,mid_dispatch,payments,AUTHORITATIVE_READBACK,CALLER_REFERENCE,06136860-02db-4d1b-9ee8-f1e06f64f3fb,CONFIRMED_APPLIED,APPLIED,2,0,2,8014.721393,,1,0,,
b0_naive_retry-mid_dispatch-payments-fa018b9a-r12,p30,B0_NAIVE_RETRY,mid_dispatch,payments,AUTHORITATIVE_READBACK,CALLER_REFERENCE,dd14c5a1-842c-43d4-bf2e-fb3041fe9aa5,CONFIRMED_APPLIED,APPLIED,1,0,1,2542.434513,,0,0,,
b0_naive_retry-mid_dispatch-payments-fa018b9a-r12,p30,B0_NAIVE_RETRY,mid_dispatch,payments,AUTHORITATIVE_READBACK,CALLER_REFERENCE,5c0c9fe4-04ec-4f01-bd98-020a74bff358,CONFIRMED_APPLIED,APPLIED,2,1,1,4182.011542,36941775.0,1,0,,
b0_naive_retry-mid_dispatch-payments-fa018b9a-r12,p30,B0_NAIVE_RETRY,mid_dispatch,payments,AUTHORITATIVE_READBACK,CALLER_REFERENCE,4efc613d-1a9a-40a5-8cc7-e362c1a70df7,CONFIRMED_APPLIED,APPLIED,1,0,1,2738.541483,,0,0,,
b0_naive_retry-mid_dispatch-payments-fa018b9a-r12,p30,B0_NAIVE_RETRY,mid_dispatch,payments,AUTHORITATIVE_READBACK,CALLER_REFERENCE,1d45fb5d-4c11-464e-80e4-08b3dd84fe06,CONFIRMED_APPLIED,APPLIED,1,0,1,2052.662335,,0,0,,
b0_naive_retry-mid_dispatch-payments-fa018b9a-r12,p30,B0_NAIVE_RETRY,mid_dispatch,payments,AUTHORITATIVE_READBACK,CALLER_REFERENCE,0ddc9cfe-15da-41cf-953c-e5f15fe4b109,CONFIRMED_APPLIED,APPLIED,1,0,1,2027.141245,,0,0,,
b0_naive_retry-mid_dispatch-payments-fa018b9a-r13,p30,B0_NAIVE_RETRY,mid_dispatch,payments,AUTHORITATIVE_READBACK,CALLER_REFERENCE,10cf7442-c99d-44c2-8251-3067633fa2f1,CONFIRMED_APPLIED,APPLIED,2,1,1,2369.529436,28329.0,1,0,,
b0_naive_retry-mid_dispatch-payments-fa018b9a-r13,p30,B0_NAIVE_RETRY,mid_dispatch,payments,AUTHORITATIVE_READBACK,CALLER_REFERENCE,b6e4ec6f-2f8a-4da2-aaeb-390991f69598,CONFIRMED_APPLIED,APPLIED,1,0,1,2014.757633,,0,0,,
b0_naive_retry-mid_dispatch-payments-fa018b9a-r13,p30,B0_NAIVE_RETRY,mid_dispatch,payments,AUTHORITATIVE_READBACK,CALLER_REFERENCE,3e68a752-913f-4ea5-be73-acee525a813a,CONFIRMED_APPLIED,APPLIED,1,0,1,2016.491164,,0,0,,
b0_naive_retry-mid_dispatch-payments-fa018b9a-r13,p30,B0_NAIVE_RETRY,mid_dispatch,payments,AUTHORITATIVE_READBACK,CALLER_REFERENCE,51fb76e8-0e49-4041-b115-5a008c5a660c,CONFIRMED_APPLIED,APPLIED,1,0,2,4032.351272,,0,0,,
b0_naive_retry-mid_dispatch-payments-fa018b9a-r13,p30,B0_NAIVE_RETRY,mid_dispatch,payments,AUTHORITATIVE_READBACK,CALLER_REFERENCE,b9a787ad-d676-4ce1-b539-dc3fb083271f,CONFIRMED_APPLIED,APPLIED,3,1,3,9394.11324,14837.0,1,0,,
b0_naive_retry-mid_dispatch-payments-fa018b9a-r13,p30,B0_NAIVE_RETRY,mid_dispatch,payments,AUTHORITATIVE_READBACK,CALLER_REFERENCE,e09183bf-1b76-4dc5-8803-b66c0fe4fafe,CONFIRMED_APPLIED,APPLIED,3,1,2,7361.494448,28329.0,1,0,,
b0_naive_retry-mid_dispatch-payments-fa018b9a-r13,p30,B0_NAIVE_RETRY,mid_dispatch,payments,AUTHORITATIVE_READBACK,CALLER_REFERENCE,a277b8df-33a3-4cd0-b57a-d74596c54ee5,CONFIRMED_APPLIED,APPLIED,1,0,1,2025.485705,,0,0,,
b0_naive_retry-mid_dispatch-payments-fa018b9a-r13,p30,B0_NAIVE_RETRY,mid_dispatch,payments,AUTHORITATIVE_READBACK,CALLER_REFERENCE,de0976c6-f43a-4db0-b875-8ea056af9882,CONFIRMED_APPLIED,APPLIED,1,0,1,2035.124073,,0,0,,
b0_naive_retry-mid_dispatch-payments-fa018b9a-r13,p30,B0_NAIVE_RETRY,mid_dispatch,payments,AUTHORITATIVE_READBACK,CALLER_REFERENCE,e27444e0-d08a-4e12-adb8-846d6de72cea,CONFIRMED_APPLIED,APPLIED,1,0,1,2018.919506,,0,0,,
b0_naive_retry-mid_dispatch-payments-fa018b9a-r13,p30,B0_NAIVE_RETRY,mid_dispatch,payments,AUTHORITATIVE_READBACK,CALLER_REFERENCE,33516e1b-e9c7-4e5a-be98-9b3caf3cb5a2,CONFIRMED_APPLIED,APPLIED,1,0,1,2018.248509,,0,0,,
b0_naive_retry-mid_dispatch-payments-fa018b9a-r14,p30,B0_NAIVE_RETRY,mid_dispatch,payments,AUTHORITATIVE_READBACK,CALLER_REFERENCE,9ca7060d-2c49-4545-90c1-a2ab54c13513,CONFIRMED_APPLIED,APPLIED,1,0,1,4330.728169,,0,0,,
b0_naive_retry-mid_dispatch-payments-fa018b9a-r14,p30,B0_NAIVE_RETRY,mid_dispatch,payments,AUTHORITATIVE_READBACK,CALLER_REFERENCE,8bbebc7d-12cf-441c-8b82-714a828d60a7,CONFIRMED_APPLIED,APPLIED,2,1,2,4994.375431,25711.0,1,0,,
b0_naive_retry-mid_dispatch-payments-fa018b9a-r14,p30,B0_NAIVE_RETRY,mid_dispatch,payments,AUTHORITATIVE_READBACK,CALLER_REFERENCE,ed297c51-12d1-4294-a1c3-59270d0fe3f3,CONFIRMED_APPLIED,APPLIED,1,0,1,2026.999349,,0,0,,
b0_naive_retry-mid_dispatch-payments-fa018b9a-r14,p30,B0_NAIVE_RETRY,mid_dispatch,payments,AUTHORITATIVE_READBACK,CALLER_REFERENCE,7d053c10-aaab-4d73-a53a-a12bd7d03427,CONFIRMED_APPLIED,APPLIED,1,0,1,2028.459252,,0,0,,
b0_naive_retry-mid_dispatch-payments-fa018b9a-r14,p30,B0_NAIVE_RETRY,mid_dispatch,payments,AUTHORITATIVE_READBACK,CALLER_REFERENCE,abddc28c-1fe4-4a29-aa5d-f4a4fe5a6985,CONFIRMED_APPLIED,APPLIED,1,0,1,2027.825985,,0,0,,
b0_naive_retry-mid_dispatch-payments-fa018b9a-r14,p30,B0_NAIVE_RETRY,mid_dispatch,payments,AUTHORITATIVE_READBACK,CALLER_REFERENCE,c045866d-c619-497d-9d48-9feec2c672c2,CONFIRMED_APPLIED,APPLIED,1,0,1,4371.348227,,0,0,,
b0_naive_retry-mid_dispatch-payments-fa018b9a-r14,p30,B0_NAIVE_RETRY,mid_dispatch,payments,AUTHORITATIVE_READBACK,CALLER_REFERENCE,5f5c4c37-8b2d-4f1f-97bc-4c6378f341a0,CONFIRMED_APPLIED,APPLIED,1,0,1,2038.204811,,0,0,,
b0_naive_retry-mid_dispatch-payments-fa018b9a-r14,p30,B0_NAIVE_RETRY,mid_dispatch,payments,AUTHORITATIVE_READBACK,CALLER_REFERENCE,92e0f7ba-7499-45b8-8ef1-368f6ee55103,CONFIRMED_APPLIED,APPLIED,1,0,1,2042.591781,,0,0,,
b0_naive_retry-mid_dispatch-payments-fa018b9a-r14,p30,B0_NAIVE_RETRY,mid_dispatch,payments,AUTHORITATIVE_READBACK,CALLER_REFERENCE,9f9d6f68-4b3e-4b87-a13f-32e4b0d8e0fc,CONFIRMED_APPLIED,APPLIED,2,1,1,2851.726332,21608.0,1,0,,
b0_naive_retry-mid_dispatch-payments-fa018b9a-r14,p30,B0_NAIVE_RETRY,mid_dispatch,payments,AUTHORITATIVE_READBACK,CALLER_REFERENCE,9316e717-6558-400e-ab20-267486099c53,CONFIRMED_APPLIED,APPLIED,2,1,1,2863.744347,11351.0,1,0,,
b0_naive_retry-mid_dispatch-payments-fa018b9a-r2,p30,B0_NAIVE_RETRY,mid_dispatch,payments,AUTHORITATIVE_READBACK,CALLER_REFERENCE,fa56857c-c8b8-4048-8ab5-d8939e76b2e5,CONFIRMED_APPLIED,APPLIED,1,0,1,2345.103419,,0,0,,
b0_naive_retry-mid_dispatch-payments-fa018b9a-r2,p30,B0_NAIVE_RETRY,mid_dispatch,payments,AUTHORITATIVE_READBACK,CALLER_REFERENCE,01f24da7-204f-4754-8947-7b7a6c8b5cae,CONFIRMED_APPLIED,APPLIED,2,1,1,2474.263444,15592.0,1,0,,
b0_naive_retry-mid_dispatch-payments-fa018b9a-r2,p30,B0_NAIVE_RETRY,mid_dispatch,payments,AUTHORITATIVE_READBACK,CALLER_REFERENCE,e246bf74-115c-4d36-8d53-fe4f8b3cd149,CONFIRMED_APPLIED,APPLIED,2,1,1,2447.796238,9600.0,1,0,,
b0_naive_retry-mid_dispatch-payments-fa018b9a-r2,p30,B0_NAIVE_RETRY,mid_dispatch,payments,AUTHORITATIVE_READBACK,CALLER_REFERENCE,b33e455c-d88d-48d4-97b4-fb1125057e18,CONFIRMED_APPLIED,APPLIED,1,0,1,2016.289248,,0,0,,
b0_naive_retry-mid_dispatch-payments-fa018b9a-r2,p30,B0_NAIVE_RETRY,mid_dispatch,payments,AUTHORITATIVE_READBACK,CALLER_REFERENCE,d9af9de6-3bb4-48e7-ba6c-1b0a61174554,CONFIRMED_APPLIED,APPLIED,1,0,1,2016.562692,,0,0,,
b0_naive_retry-mid_dispatch-payments-fa018b9a-r2,p30,B0_NAIVE_RETRY,mid_dispatch,payments,AUTHORITATIVE_READBACK,CALLER_REFERENCE,47bed9fc-d76b-461f-9616-7c01442b7feb,CONFIRMED_APPLIED,APPLIED,1,0,1,2333.289916,,0,0,,
b0_naive_retry-mid_dispatch-payments-fa018b9a-r2,p30,B0_NAIVE_RETRY,mid_dispatch,payments,AUTHORITATIVE_READBACK,CALLER_REFERENCE,28f48ff4-6e25-4eab-8b48-cfb10d0c2448,CONFIRMED_APPLIED,APPLIED,1,0,1,2016.881777,,0,0,,
b0_naive_retry-mid_dispatch-payments-fa018b9a-r2,p30,B0_NAIVE_RETRY,mid_dispatch,payments,AUTHORITATIVE_READBACK,CALLER_REFERENCE,40879be8-a4d4-4918-bfa1-8a4b55731faa,CONFIRMED_APPLIED,APPLIED,1,0,1,2018.876894,,0,0,,
b0_naive_retry-mid_dispatch-payments-fa018b9a-r2,p30,B0_NAIVE_RETRY,mid_dispatch,payments,AUTHORITATIVE_READBACK,CALLER_REFERENCE,f56767d5-6b8b-4528-a802-f256490f253e,CONFIRMED_APPLIED,APPLIED,1,0,1,2020.197942,,0,0,,
b0_naive_retry-mid_dispatch-payments-fa018b9a-r2,p30,B0_NAIVE_RETRY,mid_dispatch,payments,AUTHORITATIVE_READBACK,CALLER_REFERENCE,35ca97ab-f1a1-4283-9834-53b9587b017d,CONFIRMED_APPLIED,APPLIED,1,0,1,2015.373624,,0,0,,
b0_naive_retry-mid_dispatch-payments-fa018b9a-r3,p30,B0_NAIVE_RETRY,mid_dispatch,payments,AUTHORITATIVE_READBACK,CALLER_REFERENCE,c555f06f-eb37-43ea-9635-f65be7d14fbb,CONFIRMED_APPLIED,APPLIED,1,0,1,2278.351946,,0,0,,
b0_naive_retry-mid_dispatch-payments-fa018b9a-r3,p30,B0_NAIVE_RETRY,mid_dispatch,payments,AUTHORITATIVE_READBACK,CALLER_REFERENCE,69c99f0a-c47b-4d00-96ca-7bd09ca95fce,CONFIRMED_APPLIED,APPLIED,1,0,1,2014.729577,,0,0,,
b0_naive_retry-mid_dispatch-payments-fa018b9a-r3,p30,B0_NAIVE_RETRY,mid_dispatch,payments,AUTHORITATIVE_READBACK,CALLER_REFERENCE,9a834ebf-1955-4bfc-8113-fb1190f3a05c,CONFIRMED_APPLIED,APPLIED,2,1,1,2277.020902,16728.0,1,0,,
b0_naive_retry-mid_dispatch-payments-fa018b9a-r3,p30,B0_NAIVE_RETRY,mid_dispatch,payments,AUTHORITATIVE_READBACK,CALLER_REFERENCE,d8d0b719-9e62-4b61-bb1d-4b41a1dc2840,CONFIRMED_APPLIED,APPLIED,1,0,1,2013.050797,,0,0,,
b0_naive_retry-mid_dispatch-payments-fa018b9a-r3,p30,B0_NAIVE_RETRY,mid_dispatch,payments,AUTHORITATIVE_READBACK,CALLER_REFERENCE,63e70cb9-dac0-41fb-87be-6c451eed482b,CONFIRMED_APPLIED,APPLIED,1,0,1,2014.603802,,0,0,,
b0_naive_retry-mid_dispatch-payments-fa018b9a-r3,p30,B0_NAIVE_RETRY,mid_dispatch,payments,AUTHORITATIVE_READBACK,CALLER_REFERENCE,25d5a92d-34fa-4249-afd7-93eb87e3b1e3,CONFIRMED_APPLIED,APPLIED,1,0,1,2290.205754,,0,0,,
b0_naive_retry-mid_dispatch-payments-fa018b9a-r3,p30,B0_NAIVE_RETRY,mid_dispatch,payments,AUTHORITATIVE_READBACK,CALLER_REFERENCE,2bc84185-0212-4b00-882e-41b01129d8db,CONFIRMED_APPLIED,APPLIED,3,1,2,7351.604579,18733.0,1,0,,
b0_naive_retry-mid_dispatch-payments-fa018b9a-r3,p30,B0_NAIVE_RETRY,mid_dispatch,payments,AUTHORITATIVE_READBACK,CALLER_REFERENCE,be9b8998-3af6-4eb8-9829-1eed99a30724,CONFIRMED_APPLIED,APPLIED,1,0,1,2013.656398,,0,0,,
b0_naive_retry-mid_dispatch-payments-fa018b9a-r3,p30,B0_NAIVE_RETRY,mid_dispatch,payments,AUTHORITATIVE_READBACK,CALLER_REFERENCE,7f8cf4f4-3bdf-4dc9-8116-31194503c369,CONFIRMED_APPLIED,APPLIED,1,0,1,2018.475901,,0,0,,
b0_naive_retry-mid_dispatch-payments-fa018b9a-r3,p30,B0_NAIVE_RETRY,mid_dispatch,payments,AUTHORITATIVE_READBACK,CALLER_REFERENCE,570a6b74-01e1-4439-831b-f6c92ed5021a,CONFIRMED_APPLIED,APPLIED,2,1,1,2268.339648,4484.0,1,0,,
b0_naive_retry-mid_dispatch-payments-fa018b9a-r4,p30,B0_NAIVE_RETRY,mid_dispatch,payments,AUTHORITATIVE_READBACK,CALLER_REFERENCE,332e0257-8cf0-4436-95ba-6383ead8f6ae,CONFIRMED_APPLIED,APPLIED,1,0,2,4243.826313,,0,0,,
b0_naive_retry-mid_dispatch-payments-fa018b9a-r4,p30,B0_NAIVE_RETRY,mid_dispatch,payments,AUTHORITATIVE_READBACK,CALLER_REFERENCE,1f8374f0-083b-4c48-84fc-94e7140df9e4,CONFIRMED_APPLIED,APPLIED,1,0,1,2012.348777,,0,0,,
b0_naive_retry-mid_dispatch-payments-fa018b9a-r4,p30,B0_NAIVE_RETRY,mid_dispatch,payments,AUTHORITATIVE_READBACK,CALLER_REFERENCE,9fe62bfa-baca-429d-b13a-bcceb9299f47,CONFIRMED_APPLIED,APPLIED,2,1,1,2291.620585,14389.0,1,0,,
b0_naive_retry-mid_dispatch-payments-fa018b9a-r4,p30,B0_NAIVE_RETRY,mid_dispatch,payments,AUTHORITATIVE_READBACK,CALLER_REFERENCE,ff3dc0b9-b32b-4e8d-b23e-fc44cc2d5cb0,CONFIRMED_APPLIED,APPLIED,1,0,1,2015.860387,,0,0,,
b0_naive_retry-mid_dispatch-payments-fa018b9a-r4,p30,B0_NAIVE_RETRY,mid_dispatch,payments,AUTHORITATIVE_READBACK,CALLER_REFERENCE,0abf68e4-ca7c-4881-b811-c9005f8e80a3,CONFIRMED_APPLIED,APPLIED,1,0,1,2013.406389,,0,0,,
b0_naive_retry-mid_dispatch-payments-fa018b9a-r4,p30,B0_NAIVE_RETRY,mid_dispatch,payments,AUTHORITATIVE_READBACK,CALLER_REFERENCE,323fa86f-4b24-4aac-bb29-5c160787ce61,CONFIRMED_APPLIED,APPLIED,2,1,1,2360.75588,20646.0,1,0,,
b0_naive_retry-mid_dispatch-payments-fa018b9a-r4,p30,B0_NAIVE_RETRY,mid_dispatch,payments,AUTHORITATIVE_READBACK,CALLER_REFERENCE,cea22dbb-af23-491c-9507-51a5c1c05ebb,CONFIRMED_APPLIED,APPLIED,2,1,1,2425.05201,15708.0,1,0,,
b0_naive_retry-mid_dispatch-payments-fa018b9a-r4,p30,B0_NAIVE_RETRY,mid_dispatch,payments,AUTHORITATIVE_READBACK,CALLER_REFERENCE,967381da-8309-469e-999e-5d4a5db0af77,CONFIRMED_APPLIED,APPLIED,1,0,1,2013.981282,,0,0,,
b0_naive_retry-mid_dispatch-payments-fa018b9a-r4,p30,B0_NAIVE_RETRY,mid_dispatch,payments,AUTHORITATIVE_READBACK,CALLER_REFERENCE,e63eee7e-f5ac-4e08-ad5a-67ffe69bb96a,CONFIRMED_APPLIED,APPLIED,1,0,2,4022.015732,,0,0,,
b0_naive_retry-mid_dispatch-payments-fa018b9a-r4,p30,B0_NAIVE_RETRY,mid_dispatch,payments,AUTHORITATIVE_READBACK,CALLER_REFERENCE,fbaa3e05-3bf7-47b8-a1c3-5073ed77c29c,CONFIRMED_APPLIED,APPLIED,2,1,1,2342.488713,4615.0,1,0,,
b0_naive_retry-mid_dispatch-payments-fa018b9a-r5,p30,B0_NAIVE_RETRY,mid_dispatch,payments,AUTHORITATIVE_READBACK,CALLER_REFERENCE,80737bfe-4fe6-4536-b392-2d399f69f3ee,CONFIRMED_APPLIED,APPLIED,1,0,1,2302.971412,,0,0,,
b0_naive_retry-mid_dispatch-payments-fa018b9a-r5,p30,B0_NAIVE_RETRY,mid_dispatch,payments,AUTHORITATIVE_READBACK,CALLER_REFERENCE,272a7f03-2379-403d-bb43-90581d003196,CONFIRMED_APPLIED,APPLIED,1,0,1,2015.709118,,0,0,,
b0_naive_retry-mid_dispatch-payments-fa018b9a-r5,p30,B0_NAIVE_RETRY,mid_dispatch,payments,AUTHORITATIVE_READBACK,CALLER_REFERENCE,c20cab6d-cb3e-47f5-a4d1-eecf3b58793a,CONFIRMED_APPLIED,APPLIED,1,0,1,2013.318408,,0,0,,
b0_naive_retry-mid_dispatch-payments-fa018b9a-r5,p30,B0_NAIVE_RETRY,mid_dispatch,payments,AUTHORITATIVE_READBACK,CALLER_REFERENCE,97cf5bc1-fed5-4cd7-9e3a-b452d860c8c9,CONFIRMED_APPLIED,APPLIED,1,0,1,2014.245606,,0,0,,
b0_naive_retry-mid_dispatch-payments-fa018b9a-r5,p30,B0_NAIVE_RETRY,mid_dispatch,payments,AUTHORITATIVE_READBACK,CALLER_REFERENCE,8425ddef-e658-4193-82f3-363928a0ea21,CONFIRMED_APPLIED,APPLIED,2,1,1,2387.677323,10173.0,1,0,,
b0_naive_retry-mid_dispatch-payments-fa018b9a-r5,p30,B0_NAIVE_RETRY,mid_dispatch,payments,AUTHORITATIVE_READBACK,CALLER_REFERENCE,3932e3b3-bd8a-4989-bd1b-a7be7b625d10,CONFIRMED_APPLIED,APPLIED,2,1,1,2280.413371,18521.0,1,0,,
b0_naive_retry-mid_dispatch-payments-fa018b9a-r5,p30,B0_NAIVE_RETRY,mid_dispatch,payments,AUTHORITATIVE_READBACK,CALLER_REFERENCE,df80187d-8402-40a2-ad70-833a4c085ce0,CONFIRMED_APPLIED,APPLIED,2,1,1,2327.04211,13612.0,1,0,,
b0_naive_retry-mid_dispatch-payments-fa018b9a-r5,p30,B0_NAIVE_RETRY,mid_dispatch,payments,AUTHORITATIVE_READBACK,CALLER_REFERENCE,887ed9e2-aecc-44a7-9355-387834be9b0b,CONFIRMED_APPLIED,APPLIED,2,1,1,2298.062499,8747.0,1,0,,
b0_naive_retry-mid_dispatch-payments-fa018b9a-r5,p30,B0_NAIVE_RETRY,mid_dispatch,payments,AUTHORITATIVE_READBACK,CALLER_REFERENCE,d62d379d-dd1c-46d4-875b-0352f50bda0a,CONFIRMED_APPLIED,APPLIED,1,0,1,2012.468136,,0,0,,
b0_naive_retry-mid_dispatch-payments-fa018b9a-r5,p30,B0_NAIVE_RETRY,mid_dispatch,payments,AUTHORITATIVE_READBACK,CALLER_REFERENCE,c0886239-3113-49a8-b545-3bbd84dc19ca,CONFIRMED_APPLIED,APPLIED,1,0,1,2017.601816,,0,0,,
b0_naive_retry-mid_dispatch-payments-fa018b9a-r6,p30,B0_NAIVE_RETRY,mid_dispatch,payments,AUTHORITATIVE_READBACK,CALLER_REFERENCE,d03840b2-ead4-4178-86d8-7a55f13c7e2b,CONFIRMED_APPLIED,APPLIED,2,1,1,2235.642303,19874.0,1,0,,
b0_naive_retry-mid_dispatch-payments-fa018b9a-r6,p30,B0_NAIVE_RETRY,mid_dispatch,payments,AUTHORITATIVE_READBACK,CALLER_REFERENCE,c5a8987d-fbb3-4698-b591-e84bcf92914e,CONFIRMED_APPLIED,APPLIED,1,0,2,4021.95851,,0,0,,
b0_naive_retry-mid_dispatch-payments-fa018b9a-r6,p30,B0_NAIVE_RETRY,mid_dispatch,payments,AUTHORITATIVE_READBACK,CALLER_REFERENCE,69bae6ee-5ded-4e58-aa8d-23fe25cc165f,CONFIRMED_APPLIED,APPLIED,2,1,1,2275.093913,11332.0,1,0,,
b0_naive_retry-mid_dispatch-payments-fa018b9a-r6,p30,B0_NAIVE_RETRY,mid_dispatch,payments,AUTHORITATIVE_READBACK,CALLER_REFERENCE,52dd1865-bcfd-4b13-89ea-2a737958625c,CONFIRMED_APPLIED,APPLIED,1,0,1,2014.437595,,0,0,,
b0_naive_retry-mid_dispatch-payments-fa018b9a-r6,p30,B0_NAIVE_RETRY,mid_dispatch,payments,AUTHORITATIVE_READBACK,CALLER_REFERENCE,d2f135b2-441d-4557-b887-1c73f6487626,CONFIRMED_APPLIED,APPLIED,2,1,1,2276.545635,4569.0,1,0,,
b0_naive_retry-mid_dispatch-payments-fa018b9a-r6,p30,B0_NAIVE_RETRY,mid_dispatch,payments,AUTHORITATIVE_READBACK,CALLER_REFERENCE,e38b42de-c893-4b41-a9ba-adf7c15fb500,CONFIRMED_APPLIED,APPLIED,3,1,3,9241.42906,19876.0,1,0,,
b0_naive_retry-mid_dispatch-payments-fa018b9a-r6,p30,B0_NAIVE_RETRY,mid_dispatch,payments,AUTHORITATIVE_READBACK,CALLER_REFERENCE,f5987468-587e-4aeb-a8fc-175001884e33,CONFIRMED_APPLIED,APPLIED,1,0,1,2018.551707,,0,0,,
b0_naive_retry-mid_dispatch-payments-fa018b9a-r6,p30,B0_NAIVE_RETRY,mid_dispatch,payments,AUTHORITATIVE_READBACK,CALLER_REFERENCE,92b3a71e-400a-49ac-b661-33943eec59f8,CONFIRMED_APPLIED,APPLIED,1,0,1,2014.143581,,0,0,,
b0_naive_retry-mid_dispatch-payments-fa018b9a-r6,p30,B0_NAIVE_RETRY,mid_dispatch,payments,AUTHORITATIVE_READBACK,CALLER_REFERENCE,a6954044-5474-4d3d-a2a2-e7af17972e0b,CONFIRMED_APPLIED,APPLIED,1,0,1,2013.609768,,0,0,,
b0_naive_retry-mid_dispatch-payments-fa018b9a-r6,p30,B0_NAIVE_RETRY,mid_dispatch,payments,AUTHORITATIVE_READBACK,CALLER_REFERENCE,d65b3c55-7c96-4157-9492-4746dd2370cf,CONFIRMED_APPLIED,APPLIED,1,0,1,2015.926025,,0,0,,
b0_naive_retry-mid_dispatch-payments-fa018b9a-r7,p30,B0_NAIVE_RETRY,mid_dispatch,payments,AUTHORITATIVE_READBACK,CALLER_REFERENCE,a277ac6c-97d0-4cfa-906c-d3c188fb6399,CONFIRMED_APPLIED,APPLIED,1,1,1,2769.195781,22233.0,0,0,,
b0_naive_retry-mid_dispatch-payments-fa018b9a-r7,p30,B0_NAIVE_RETRY,mid_dispatch,payments,AUTHORITATIVE_READBACK,CALLER_REFERENCE,7986a83b-8cc7-457a-910c-0f7b1f80b29a,CONFIRMED_APPLIED,APPLIED,1,0,1,2025.854836,,0,0,,
b0_naive_retry-mid_dispatch-payments-fa018b9a-r7,p30,B0_NAIVE_RETRY,mid_dispatch,payments,AUTHORITATIVE_READBACK,CALLER_REFERENCE,da1a360d-48a1-4e5e-906a-9a134d091ac7,CONFIRMED_APPLIED,APPLIED,2,0,2,7024.280164,,1,0,,
b0_naive_retry-mid_dispatch-payments-fa018b9a-r7,p30,B0_NAIVE_RETRY,mid_dispatch,payments,AUTHORITATIVE_READBACK,CALLER_REFERENCE,1d79a09f-1261-484e-b361-08f263e3fef4,CONFIRMED_APPLIED,APPLIED,2,1,1,2454.560143,7352.0,1,0,,
b0_naive_retry-mid_dispatch-payments-fa018b9a-r7,p30,B0_NAIVE_RETRY,mid_dispatch,payments,AUTHORITATIVE_READBACK,CALLER_REFERENCE,7ec39a16-6268-438c-a861-416703b3fb7d,CONFIRMED_APPLIED,APPLIED,1,0,1,2013.797386,,0,0,,
b0_naive_retry-mid_dispatch-payments-fa018b9a-r7,p30,B0_NAIVE_RETRY,mid_dispatch,payments,AUTHORITATIVE_READBACK,CALLER_REFERENCE,123a640c-bdc2-48f2-bf70-ace5f9680bce,CONFIRMED_APPLIED,APPLIED,1,1,1,2770.061642,22234.0,0,0,,
b0_naive_retry-mid_dispatch-payments-fa018b9a-r7,p30,B0_NAIVE_RETRY,mid_dispatch,payments,AUTHORITATIVE_READBACK,CALLER_REFERENCE,a5817108-ab6d-4005-9d81-f626aaba0217,CONFIRMED_APPLIED,APPLIED,1,0,1,2014.283071,,0,0,,
b0_naive_retry-mid_dispatch-payments-fa018b9a-r7,p30,B0_NAIVE_RETRY,mid_dispatch,payments,AUTHORITATIVE_READBACK,CALLER_REFERENCE,41ebe016-200a-4c33-9509-adc82146b441,CONFIRMED_APPLIED,APPLIED,1,0,1,2014.81478,,0,0,,
b0_naive_retry-mid_dispatch-payments-fa018b9a-r7,p30,B0_NAIVE_RETRY,mid_dispatch,payments,AUTHORITATIVE_READBACK,CALLER_REFERENCE,9f11203d-8b4b-432c-b211-481e3df09a32,CONFIRMED_APPLIED,APPLIED,1,0,1,2014.661766,,0,0,,
b0_naive_retry-mid_dispatch-payments-fa018b9a-r7,p30,B0_NAIVE_RETRY,mid_dispatch,payments,AUTHORITATIVE_READBACK,CALLER_REFERENCE,4192d5ba-1d03-4880-a20a-897cef76f097,CONFIRMED_APPLIED,APPLIED,1,0,1,2014.755682,,0,0,,
b0_naive_retry-mid_dispatch-payments-fa018b9a-r8,p30,B0_NAIVE_RETRY,mid_dispatch,payments,AUTHORITATIVE_READBACK,CALLER_REFERENCE,1e1f4497-8770-436e-829c-e17277a28b58,CONFIRMED_APPLIED,APPLIED,1,0,1,2557.102945,,0,0,,
b0_naive_retry-mid_dispatch-payments-fa018b9a-r8,p30,B0_NAIVE_RETRY,mid_dispatch,payments,AUTHORITATIVE_READBACK,CALLER_REFERENCE,1c87a77a-338d-490a-9d57-2612413d039d,CONFIRMED_APPLIED,APPLIED,1,0,2,4035.318781,,0,0,,
b0_naive_retry-mid_dispatch-payments-fa018b9a-r8,p30,B0_NAIVE_RETRY,mid_dispatch,payments,AUTHORITATIVE_READBACK,CALLER_REFERENCE,4ef0f87e-4a25-405c-94a0-8671ba415fd9,CONFIRMED_APPLIED,APPLIED,1,0,1,2016.027838,,0,0,,
b0_naive_retry-mid_dispatch-payments-fa018b9a-r8,p30,B0_NAIVE_RETRY,mid_dispatch,payments,AUTHORITATIVE_READBACK,CALLER_REFERENCE,1e4c3f9c-6379-419e-bade-262f9eb18b2a,CONFIRMED_APPLIED,APPLIED,1,1,1,2463.861982,15946.0,0,0,,
b0_naive_retry-mid_dispatch-payments-fa018b9a-r8,p30,B0_NAIVE_RETRY,mid_dispatch,payments,AUTHORITATIVE_READBACK,CALLER_REFERENCE,d48c0dc0-7452-4fb1-bdaf-3a7ba50a300c,CONFIRMED_APPLIED,APPLIED,2,1,1,2451.139125,10105.0,1,0,,
b0_naive_retry-mid_dispatch-payments-fa018b9a-r8,p30,B0_NAIVE_RETRY,mid_dispatch,payments,AUTHORITATIVE_READBACK,CALLER_REFERENCE,0c4640b3-99d8-402c-b013-1c72c370467e,CONFIRMED_APPLIED,APPLIED,1,0,1,2581.387294,,0,0,,
b0_naive_retry-mid_dispatch-payments-fa018b9a-r8,p30,B0_NAIVE_RETRY,mid_dispatch,payments,AUTHORITATIVE_READBACK,CALLER_REFERENCE,1e2051b7-85ce-4c07-8b47-a1e17367279d,CONFIRMED_APPLIED,APPLIED,3,0,3,12041.419762,,1,0,,
b0_naive_retry-mid_dispatch-payments-fa018b9a-r8,p30,B0_NAIVE_RETRY,mid_dispatch,payments,AUTHORITATIVE_READBACK,CALLER_REFERENCE,4c6e9c71-637b-4294-adff-b35e534f99eb,CONFIRMED_APPLIED,APPLIED,1,0,1,2017.621141,,0,0,,
b0_naive_retry-mid_dispatch-payments-fa018b9a-r8,p30,B0_NAIVE_RETRY,mid_dispatch,payments,AUTHORITATIVE_READBACK,CALLER_REFERENCE,7f6efb3a-aa3e-4dee-a73f-9d113afb78ce,CONFIRMED_APPLIED,APPLIED,1,0,1,2019.943008,,0,0,,
b0_naive_retry-mid_dispatch-payments-fa018b9a-r8,p30,B0_NAIVE_RETRY,mid_dispatch,payments,AUTHORITATIVE_READBACK,CALLER_REFERENCE,5c7718d3-0db4-4db4-a88a-ac318d7b1aa5,CONFIRMED_APPLIED,APPLIED,2,1,1,2527.364874,5865.0,1,0,,
b0_naive_retry-mid_dispatch-payments-fa018b9a-r9,p30,B0_NAIVE_RETRY,mid_dispatch,payments,AUTHORITATIVE_READBACK,CALLER_REFERENCE,7b0d4232-a044-403a-b1a0-666253a64688,CONFIRMED_APPLIED,APPLIED,1,0,1,2461.789635,,0,0,,
b0_naive_retry-mid_dispatch-payments-fa018b9a-r9,p30,B0_NAIVE_RETRY,mid_dispatch,payments,AUTHORITATIVE_READBACK,CALLER_REFERENCE,481a297b-3b6e-44d5-8fb1-327bb968c2db,CONFIRMED_APPLIED,APPLIED,2,1,2,4428.593748,18373.0,1,0,,
b0_naive_retry-mid_dispatch-payments-fa018b9a-r9,p30,B0_NAIVE_RETRY,mid_dispatch,payments,AUTHORITATIVE_READBACK,CALLER_REFERENCE,32b3dafd-e0eb-4bc2-8c23-9f3cd5bcbc2a,CONFIRMED_APPLIED,APPLIED,2,0,2,7028.588582,,1,0,,
b0_naive_retry-mid_dispatch-payments-fa018b9a-r9,p30,B0_NAIVE_RETRY,mid_dispatch,payments,AUTHORITATIVE_READBACK,CALLER_REFERENCE,6686fc97-85eb-410a-8f67-74c020f1f3d6,CONFIRMED_APPLIED,APPLIED,1,0,1,2013.689547,,0,0,,
b0_naive_retry-mid_dispatch-payments-fa018b9a-r9,p30,B0_NAIVE_RETRY,mid_dispatch,payments,AUTHORITATIVE_READBACK,CALLER_REFERENCE,4218ddf3-8fb0-4f17-a4e0-1456321241cc,CONFIRMED_APPLIED,APPLIED,1,0,1,2015.279204,,0,0,,
b0_naive_retry-mid_dispatch-payments-fa018b9a-r9,p30,B0_NAIVE_RETRY,mid_dispatch,payments,AUTHORITATIVE_READBACK,CALLER_REFERENCE,13fd7152-d5cd-42a2-9d5d-41f513c028c9,CONFIRMED_APPLIED,APPLIED,1,0,1,2447.958265,,0,0,,
b0_naive_retry-mid_dispatch-payments-fa018b9a-r9,p30,B0_NAIVE_RETRY,mid_dispatch,payments,AUTHORITATIVE_READBACK,CALLER_REFERENCE,1cef0a6a-775f-4eb1-a46b-22e555e0943d,CONFIRMED_APPLIED,APPLIED,1,0,1,2017.317452,,0,0,,
b0_naive_retry-mid_dispatch-payments-fa018b9a-r9,p30,B0_NAIVE_RETRY,mid_dispatch,payments,AUTHORITATIVE_READBACK,CALLER_REFERENCE,02c914a8-ceb0-4a3e-b813-33494c048b74,CONFIRMED_APPLIED,APPLIED,1,0,1,2016.827038,,0,0,,
b0_naive_retry-mid_dispatch-payments-fa018b9a-r9,p30,B0_NAIVE_RETRY,mid_dispatch,payments,AUTHORITATIVE_READBACK,CALLER_REFERENCE,2a7e0b90-de2d-4bca-b4b8-d043a167a807,CONFIRMED_APPLIED,APPLIED,3,1,2,7495.347866,14322.0,1,0,,
b0_naive_retry-mid_dispatch-payments-fa018b9a-r9,p30,B0_NAIVE_RETRY,mid_dispatch,payments,AUTHORITATIVE_READBACK,CALLER_REFERENCE,ba534f13-2724-4dab-96d1-e80ab4ff4d6f,CONFIRMED_APPLIED,APPLIED,1,0,1,2029.167065,,0,0,,
b1_lease_only-mid_dispatch-ledger_postings-bd281ad3-r0,p30,B1_LEASE_ONLY,mid_dispatch,ledger_postings,NO_READBACK,CALLER_REFERENCE,cf2a13e7-7396-4d61-ac57-e92e6fc9516f,CONFIRMED_APPLIED,APPLIED,1,0,1,2616.633603,,0,0,,
b1_lease_only-mid_dispatch-ledger_postings-bd281ad3-r0,p30,B1_LEASE_ONLY,mid_dispatch,ledger_postings,NO_READBACK,CALLER_REFERENCE,6210db13-df62-4aa9-bbee-dd0df37730ef,CONFIRMED_APPLIED,APPLIED,1,0,1,2030.942665,,0,0,,
b1_lease_only-mid_dispatch-ledger_postings-bd281ad3-r0,p30,B1_LEASE_ONLY,mid_dispatch,ledger_postings,NO_READBACK,CALLER_REFERENCE,63ce5146-e969-4ea3-97ef-178ee6c52748,CONFIRMED_APPLIED,APPLIED,1,0,1,2036.959352,,0,0,,
b1_lease_only-mid_dispatch-ledger_postings-bd281ad3-r0,p30,B1_LEASE_ONLY,mid_dispatch,ledger_postings,NO_READBACK,CALLER_REFERENCE,5df28486-8cdb-4f0f-8035-729f151564e2,CONFIRMED_APPLIED,APPLIED,1,0,1,2037.331948,,0,0,,
b1_lease_only-mid_dispatch-ledger_postings-bd281ad3-r0,p30,B1_LEASE_ONLY,mid_dispatch,ledger_postings,NO_READBACK,CALLER_REFERENCE,76d22f83-3988-4da4-bc05-c0097d0bc4ad,CONFIRMED_APPLIED,APPLIED,3,0,3,12054.477079,,1,0,,
b1_lease_only-mid_dispatch-ledger_postings-bd281ad3-r0,p30,B1_LEASE_ONLY,mid_dispatch,ledger_postings,NO_READBACK,CALLER_REFERENCE,7462551d-b785-4e25-a8a2-ef0d1f4a57e1,CONFIRMED_APPLIED,APPLIED,1,0,1,2632.84779,,0,0,,
b1_lease_only-mid_dispatch-ledger_postings-bd281ad3-r0,p30,B1_LEASE_ONLY,mid_dispatch,ledger_postings,NO_READBACK,CALLER_REFERENCE,1cb750b4-81cd-4d69-ad5f-324f02bdd217,CONFIRMED_APPLIED,APPLIED,2,1,1,22384.12188,70365.0,1,0,,
b1_lease_only-mid_dispatch-ledger_postings-bd281ad3-r0,p30,B1_LEASE_ONLY,mid_dispatch,ledger_postings,NO_READBACK,CALLER_REFERENCE,2afa9166-5a59-4b32-aae3-330dff238cb3,CONFIRMED_APPLIED,APPLIED,1,0,1,2099.014398,,0,0,,
b1_lease_only-mid_dispatch-ledger_postings-bd281ad3-r0,p30,B1_LEASE_ONLY,mid_dispatch,ledger_postings,NO_READBACK,CALLER_REFERENCE,8fe069d9-bc8c-4cd2-b663-743bbb50ad12,CONFIRMED_APPLIED,APPLIED,1,0,1,2053.899451,,0,0,,
b1_lease_only-mid_dispatch-ledger_postings-bd281ad3-r0,p30,B1_LEASE_ONLY,mid_dispatch,ledger_postings,NO_READBACK,CALLER_REFERENCE,a7368852-6473-419e-ad30-54d9f0c82cc6,CONFIRMED_APPLIED,APPLIED,3,1,3,26857.282569,37830.0,1,0,,
b1_lease_only-mid_dispatch-ledger_postings-bd281ad3-r1,p30,B1_LEASE_ONLY,mid_dispatch,ledger_postings,NO_READBACK,CALLER_REFERENCE,a7816bb1-b416-4d01-92ec-9dca6b0dc097,CONFIRMED_APPLIED,APPLIED,1,0,1,2485.917971,,0,0,,
b1_lease_only-mid_dispatch-ledger_postings-bd281ad3-r1,p30,B1_LEASE_ONLY,mid_dispatch,ledger_postings,NO_READBACK,CALLER_REFERENCE,2d2edd5c-47c7-4c8f-b1cd-f853e7f3643a,CONFIRMED_APPLIED,APPLIED,1,0,1,2022.715534,,0,0,,
b1_lease_only-mid_dispatch-ledger_postings-bd281ad3-r1,p30,B1_LEASE_ONLY,mid_dispatch,ledger_postings,NO_READBACK,CALLER_REFERENCE,ea50f501-d4ed-41e0-b978-365b234efc73,CONFIRMED_APPLIED,APPLIED,1,0,1,2034.051003,,0,0,,
b1_lease_only-mid_dispatch-ledger_postings-bd281ad3-r1,p30,B1_LEASE_ONLY,mid_dispatch,ledger_postings,NO_READBACK,CALLER_REFERENCE,3e9117e4-7eb7-4bd8-89e2-526b66290a1b,CONFIRMED_APPLIED,APPLIED,2,1,1,24267.523682,34705.0,1,0,,
b1_lease_only-mid_dispatch-ledger_postings-bd281ad3-r1,p30,B1_LEASE_ONLY,mid_dispatch,ledger_postings,NO_READBACK,CALLER_REFERENCE,d4b94cf4-2c29-4b98-b2a0-1e789e940bc3,CONFIRMED_APPLIED,APPLIED,2,0,2,7046.719471,,1,0,,
b1_lease_only-mid_dispatch-ledger_postings-bd281ad3-r1,p30,B1_LEASE_ONLY,mid_dispatch,ledger_postings,NO_READBACK,CALLER_REFERENCE,7c96e461-d239-4824-82d8-5ad56d4d82b3,CONFIRMED_APPLIED,APPLIED,1,0,1,2497.905223,,0,0,,
b1_lease_only-mid_dispatch-ledger_postings-bd281ad3-r1,p30,B1_LEASE_ONLY,mid_dispatch,ledger_postings,NO_READBACK,CALLER_REFERENCE,2a7e2dd3-cdee-4b99-bd99-ee3154110f24,CONFIRMED_APPLIED,APPLIED,1,0,1,2026.094589,,0,0,,
b1_lease_only-mid_dispatch-ledger_postings-bd281ad3-r1,p30,B1_LEASE_ONLY,mid_dispatch,ledger_postings,NO_READBACK,CALLER_REFERENCE,5903a576-3ae5-463c-9ded-f1c11827c2ed,CONFIRMED_APPLIED,APPLIED,2,0,2,7036.127668,,1,0,,
b1_lease_only-mid_dispatch-ledger_postings-bd281ad3-r1,p30,B1_LEASE_ONLY,mid_dispatch,ledger_postings,NO_READBACK,CALLER_REFERENCE,3111808a-200a-4cb9-a16a-d06e4dd1243f,CONFIRMED_APPLIED,APPLIED,2,1,1,21757.309521,29703.0,1,0,,
b1_lease_only-mid_dispatch-ledger_postings-bd281ad3-r1,p30,B1_LEASE_ONLY,mid_dispatch,ledger_postings,NO_READBACK,CALLER_REFERENCE,a051ac3b-75c3-419f-9fb8-69b4e5408e64,CONFIRMED_APPLIED,APPLIED,1,0,1,2021.495733,,0,0,,
b1_lease_only-mid_dispatch-ledger_postings-bd281ad3-r10,p30,B1_LEASE_ONLY,mid_dispatch,ledger_postings,NO_READBACK,CALLER_REFERENCE,7fb8d26e-b5f7-4370-b35d-e44f12af6cb1,CONFIRMED_APPLIED,APPLIED,2,0,2,7373.709695,,1,0,,
b1_lease_only-mid_dispatch-ledger_postings-bd281ad3-r10,p30,B1_LEASE_ONLY,mid_dispatch,ledger_postings,NO_READBACK,CALLER_REFERENCE,e3f17382-472e-40e3-9c37-6d0b402953c3,CONFIRMED_APPLIED,APPLIED,2,1,1,24353.983014,114430.0,1,0,,
b1_lease_only-mid_dispatch-ledger_postings-bd281ad3-r10,p30,B1_LEASE_ONLY,mid_dispatch,ledger_postings,NO_READBACK,CALLER_REFERENCE,3ffcbbd7-0e50-4af9-8985-ed2e9785029a,CONFIRMED_APPLIED,APPLIED,1,0,1,2018.168659,,0,0,,
b1_lease_only-mid_dispatch-ledger_postings-bd281ad3-r10,p30,B1_LEASE_ONLY,mid_dispatch,ledger_postings,NO_READBACK,CALLER_REFERENCE,4010ed70-c246-4a2e-9ca2-bdf917c21575,CONFIRMED_APPLIED,APPLIED,2,0,2,7028.409181,,1,0,,
b1_lease_only-mid_dispatch-ledger_postings-bd281ad3-r10,p30,B1_LEASE_ONLY,mid_dispatch,ledger_postings,NO_READBACK,CALLER_REFERENCE,7b5de74a-fd66-4409-9792-9eb5630134bd,CONFIRMED_APPLIED,APPLIED,2,0,2,7028.807848,,1,0,,
b1_lease_only-mid_dispatch-ledger_postings-bd281ad3-r10,p30,B1_LEASE_ONLY,mid_dispatch,ledger_postings,NO_READBACK,CALLER_REFERENCE,037f0a9b-5d22-4464-bb22-72575ca7d9f1,CONFIRMED_APPLIED,APPLIED,1,0,1,2417.851472,,0,0,,
b1_lease_only-mid_dispatch-ledger_postings-bd281ad3-r10,p30,B1_LEASE_ONLY,mid_dispatch,ledger_postings,NO_READBACK,CALLER_REFERENCE,c495c48b-681b-47c8-b4c3-f50629440a20,CONFIRMED_APPLIED,APPLIED,1,1,1,24191.370369,119387.0,0,0,,
b1_lease_only-mid_dispatch-ledger_postings-bd281ad3-r10,p30,B1_LEASE_ONLY,mid_dispatch,ledger_postings,NO_READBACK,CALLER_REFERENCE,ae9fc5ee-59d0-43b1-926c-2f4980a0b234,CONFIRMED_APPLIED,APPLIED,2,1,1,23979.682951,92063.0,1,0,,
b1_lease_only-mid_dispatch-ledger_postings-bd281ad3-r10,p30,B1_LEASE_ONLY,mid_dispatch,ledger_postings,NO_READBACK,CALLER_REFERENCE,4c1cb951-9218-423b-860a-664c6f0078d5,CONFIRMED_APPLIED,APPLIED,2,1,1,24147.349861,64604.0,1,0,,
b1_lease_only-mid_dispatch-ledger_postings-bd281ad3-r10,p30,B1_LEASE_ONLY,mid_dispatch,ledger_postings,NO_READBACK,CALLER_REFERENCE,07cd1521-d56f-4507-847b-7ac38374abcb,CONFIRMED_APPLIED,APPLIED,4,1,3,33771.26608,37130.0,1,0,,
b1_lease_only-mid_dispatch-ledger_postings-bd281ad3-r11,p30,B1_LEASE_ONLY,mid_dispatch,ledger_postings,NO_READBACK,CALLER_REFERENCE,2969bd3e-be45-404b-8386-ae3bed8a01c2,CONFIRMED_APPLIED,APPLIED,1,0,1,2400.850721,,0,0,,
b1_lease_only-mid_dispatch-ledger_postings-bd281ad3-r11,p30,B1_LEASE_ONLY,mid_dispatch,ledger_postings,NO_READBACK,CALLER_REFERENCE,49cadf93-d4e3-41df-ab26-e20d4731f82e,CONFIRMED_APPLIED,APPLIED,1,0,1,2013.967079,,0,0,,
b1_lease_only-mid_dispatch-ledger_postings-bd281ad3-r11,p30,B1_LEASE_ONLY,mid_dispatch,ledger_postings,NO_READBACK,CALLER_REFERENCE,ff75b1c0-1f88-46af-8963-f3a6a9d57abe,CONFIRMED_APPLIED,APPLIED,2,0,2,7025.093725,,1,0,,
b1_lease_only-mid_dispatch-ledger_postings-bd281ad3-r11,p30,B1_LEASE_ONLY,mid_dispatch,ledger_postings,NO_READBACK,CALLER_REFERENCE,9333248d-ac10-49e5-a744-e4b35cb4ea86,CONFIRMED_APPLIED,APPLIED,1,0,1,2018.688187,,0,0,,
b1_lease_only-mid_dispatch-ledger_postings-bd281ad3-r11,p30,B1_LEASE_ONLY,mid_dispatch,ledger_postings,NO_READBACK,CALLER_REFERENCE,aa3ae5c7-06d5-4c1f-b22f-c8ed16fd9fb0,CONFIRMED_APPLIED,APPLIED,1,0,1,2016.676623,,0,0,,
b1_lease_only-mid_dispatch-ledger_postings-bd281ad3-r11,p30,B1_LEASE_ONLY,mid_dispatch,ledger_postings,NO_READBACK,CALLER_REFERENCE,bf1ffc69-5f93-4cf8-8a9e-7ca192d2d7c1,CONFIRMED_APPLIED,APPLIED,1,0,1,2381.796274,,0,0,,
b1_lease_only-mid_dispatch-ledger_postings-bd281ad3-r11,p30,B1_LEASE_ONLY,mid_dispatch,ledger_postings,NO_READBACK,CALLER_REFERENCE,27c3491c-25f9-43e2-8430-710a4145ab19,CONFIRMED_APPLIED,APPLIED,1,0,1,2016.55967,,0,0,,
b1_lease_only-mid_dispatch-ledger_postings-bd281ad3-r11,p30,B1_LEASE_ONLY,mid_dispatch,ledger_postings,NO_READBACK,CALLER_REFERENCE,45b7f888-8fa5-427f-ba35-3a93e118871d,CONFIRMED_APPLIED,APPLIED,2,1,1,24211.981209,33294.0,1,0,,
b1_lease_only-mid_dispatch-ledger_postings-bd281ad3-r11,p30,B1_LEASE_ONLY,mid_dispatch,ledger_postings,NO_READBACK,CALLER_REFERENCE,05249899-1938-44a6-b08b-f92b5e7bba9e,CONFIRMED_APPLIED,APPLIED,1,0,1,2016.162423,,0,0,,
b1_lease_only-mid_dispatch-ledger_postings-bd281ad3-r11,p30,B1_LEASE_ONLY,mid_dispatch,ledger_postings,NO_READBACK,CALLER_REFERENCE,7232fb59-b24c-4857-9f4d-b48573d8ccc8,CONFIRMED_APPLIED,APPLIED,1,0,2,4023.5313,,0,0,,
b1_lease_only-mid_dispatch-ledger_postings-bd281ad3-r12,p30,B1_LEASE_ONLY,mid_dispatch,ledger_postings,NO_READBACK,CALLER_REFERENCE,7c65a7b3-eedf-4926-9b66-4540ea31ec78,CONFIRMED_APPLIED,APPLIED,2,0,2,7417.729467,,1,0,,
b1_lease_only-mid_dispatch-ledger_postings-bd281ad3-r12,p30,B1_LEASE_ONLY,mid_dispatch,ledger_postings,NO_READBACK,CALLER_REFERENCE,3e3dba80-3f7e-4154-a5a1-ed41408d7390,CONFIRMED_APPLIED,APPLIED,2,1,1,21803.899756,63829.0,1,0,,
b1_lease_only-mid_dispatch-ledger_postings-bd281ad3-r12,p30,B1_LEASE_ONLY,mid_dispatch,ledger_postings,NO_READBACK,CALLER_REFERENCE,858e1f9a-6390-408e-a0e4-aa954b9b3b60,CONFIRMED_APPLIED,APPLIED,3,1,2,27271.576766,36246.0,1,0,,
b1_lease_only-mid_dispatch-ledger_postings-bd281ad3-r12,p30,B1_LEASE_ONLY,mid_dispatch,ledger_postings,NO_READBACK,CALLER_REFERENCE,19dbd449-fcb5-4abd-90a2-4de26dceb74f,CONFIRMED_APPLIED,APPLIED,1,0,1,2041.083664,,0,0,,
b1_lease_only-mid_dispatch-ledger_postings-bd281ad3-r12,p30,B1_LEASE_ONLY,mid_dispatch,ledger_postings,NO_READBACK,CALLER_REFERENCE,983ef04d-88e0-40c0-a93d-2104c8ca0fcc,CONFIRMED_APPLIED,APPLIED,1,0,1,2033.69383,,0,0,,
b1_lease_only-mid_dispatch-ledger_postings-bd281ad3-r12,p30,B1_LEASE_ONLY,mid_dispatch,ledger_postings,NO_READBACK,CALLER_REFERENCE,4bce2170-cc9f-463b-98b1-842d5d0e189d,CONFIRMED_APPLIED,APPLIED,1,0,1,2443.379471,,0,0,,
b1_lease_only-mid_dispatch-ledger_postings-bd281ad3-r12,p30,B1_LEASE_ONLY,mid_dispatch,ledger_postings,NO_READBACK,CALLER_REFERENCE,3239cf2e-0fef-4b64-b065-94e4c0f5c7b2,CONFIRMED_APPLIED,APPLIED,1,0,1,2027.37748,,0,0,,
b1_lease_only-mid_dispatch-ledger_postings-bd281ad3-r12,p30,B1_LEASE_ONLY,mid_dispatch,ledger_postings,NO_READBACK,CALLER_REFERENCE,a7affaa2-18ca-4461-93a4-379ad3b53920,CONFIRMED_APPLIED,APPLIED,1,0,1,2022.388644,,0,0,,
b1_lease_only-mid_dispatch-ledger_postings-bd281ad3-r12,p30,B1_LEASE_ONLY,mid_dispatch,ledger_postings,NO_READBACK,CALLER_REFERENCE,d3131ee3-01a8-4979-854b-2e3cd3198c44,CONFIRMED_APPLIED,APPLIED,1,0,1,2024.465062,,0,0,,
b1_lease_only-mid_dispatch-ledger_postings-bd281ad3-r12,p30,B1_LEASE_ONLY,mid_dispatch,ledger_postings,NO_READBACK,CALLER_REFERENCE,0d40ea81-2502-4d66-ad6e-13a2b2678842,CONFIRMED_APPLIED,APPLIED,2,1,1,21994.521849,62734.0,1,0,,
b1_lease_only-mid_dispatch-ledger_postings-bd281ad3-r13,p30,B1_LEASE_ONLY,mid_dispatch,ledger_postings,NO_READBACK,CALLER_REFERENCE,9e41ff78-cf24-474b-968f-5b23026ab829,CONFIRMED_APPLIED,APPLIED,1,0,1,2443.861782,,0,0,,
b1_lease_only-mid_dispatch-ledger_postings-bd281ad3-r13,p30,B1_LEASE_ONLY,mid_dispatch,ledger_postings,NO_READBACK,CALLER_REFERENCE,60ba2d6c-ebf1-4ca0-9c57-19e4552068e6,CONFIRMED_APPLIED,APPLIED,1,0,1,2036.058357,,0,0,,
b1_lease_only-mid_dispatch-ledger_postings-bd281ad3-r13,p30,B1_LEASE_ONLY,mid_dispatch,ledger_postings,NO_READBACK,CALLER_REFERENCE,0ebc909f-d6e9-4369-9f5a-46433b0e0490,CONFIRMED_APPLIED,APPLIED,1,0,1,2031.931163,,0,0,,
b1_lease_only-mid_dispatch-ledger_postings-bd281ad3-r13,p30,B1_LEASE_ONLY,mid_dispatch,ledger_postings,NO_READBACK,CALLER_REFERENCE,651ac156-0f9a-4018-a9cb-db7bc2e77fcf,CONFIRMED_APPLIED,APPLIED,1,0,1,2014.987,,0,0,,
b1_lease_only-mid_dispatch-ledger_postings-bd281ad3-r13,p30,B1_LEASE_ONLY,mid_dispatch,ledger_postings,NO_READBACK,CALLER_REFERENCE,f0d98af8-f28d-4bea-b9b2-89e812a73fd0,CONFIRMED_APPLIED,APPLIED,1,0,1,2019.150846,,0,0,,
b1_lease_only-mid_dispatch-ledger_postings-bd281ad3-r13,p30,B1_LEASE_ONLY,mid_dispatch,ledger_postings,NO_READBACK,CALLER_REFERENCE,328cc22b-db66-4a81-8916-4ee67dc3295e,CONFIRMED_APPLIED,APPLIED,1,0,1,2430.638612,,0,0,,
b1_lease_only-mid_dispatch-ledger_postings-bd281ad3-r13,p30,B1_LEASE_ONLY,mid_dispatch,ledger_postings,NO_READBACK,CALLER_REFERENCE,1d2b7df3-bad2-46bd-bfa9-0b05f696a642,UNVERIFIED_FAILURE,FAILED,3,0,3,15030.296748,,1,1,,
b1_lease_only-mid_dispatch-ledger_postings-bd281ad3-r13,p30,B1_LEASE_ONLY,mid_dispatch,ledger_postings,NO_READBACK,CALLER_REFERENCE,e9eaf9de-6914-4857-bfbb-421c928962fa,CONFIRMED_APPLIED,APPLIED,2,1,1,21380.146719,58631.0,1,0,,
b1_lease_only-mid_dispatch-ledger_postings-bd281ad3-r13,p30,B1_LEASE_ONLY,mid_dispatch,ledger_postings,NO_READBACK,CALLER_REFERENCE,9ad0bd23-86b9-4efc-b746-217e741125ee,CONFIRMED_APPLIED,APPLIED,1,0,2,4026.777867,,0,0,,
b1_lease_only-mid_dispatch-ledger_postings-bd281ad3-r13,p30,B1_LEASE_ONLY,mid_dispatch,ledger_postings,NO_READBACK,CALLER_REFERENCE,0b03b7fe-0082-4ab6-8332-21d0531f6a02,CONFIRMED_APPLIED,APPLIED,2,1,1,21945.544377,27216.0,1,0,,
b1_lease_only-mid_dispatch-ledger_postings-bd281ad3-r14,p30,B1_LEASE_ONLY,mid_dispatch,ledger_postings,NO_READBACK,CALLER_REFERENCE,06d10af5-6935-4b3d-99a7-6258c58dee2c,CONFIRMED_APPLIED,APPLIED,1,0,1,2693.919789,,0,0,,
b1_lease_only-mid_dispatch-ledger_postings-bd281ad3-r14,p30,B1_LEASE_ONLY,mid_dispatch,ledger_postings,NO_READBACK,CALLER_REFERENCE,f899c6a2-d618-456e-a814-61e416aa162c,CONFIRMED_APPLIED,APPLIED,2,0,2,7045.948822,,1,0,,
b1_lease_only-mid_dispatch-ledger_postings-bd281ad3-r14,p30,B1_LEASE_ONLY,mid_dispatch,ledger_postings,NO_READBACK,CALLER_REFERENCE,a129a92e-e0c0-4a39-87f8-d52242471bb5,CONFIRMED_APPLIED,APPLIED,2,1,1,19847.98046,84656.0,1,0,,
b1_lease_only-mid_dispatch-ledger_postings-bd281ad3-r14,p30,B1_LEASE_ONLY,mid_dispatch,ledger_postings,NO_READBACK,CALLER_REFERENCE,f020769a-5a1c-442e-abb7-5791f638f064,CONFIRMED_APPLIED,APPLIED,2,1,1,21314.090702,56003.0,1,0,,
b1_lease_only-mid_dispatch-ledger_postings-bd281ad3-r14,p30,B1_LEASE_ONLY,mid_dispatch,ledger_postings,NO_READBACK,CALLER_REFERENCE,763a47f5-816d-460e-bcde-1ad3e77ffd02,CONFIRMED_APPLIED,APPLIED,2,1,1,18187.703469,27566.0,1,0,,
b1_lease_only-mid_dispatch-ledger_postings-bd281ad3-r14,p30,B1_LEASE_ONLY,mid_dispatch,ledger_postings,NO_READBACK,CALLER_REFERENCE,75b53708-c56a-4571-beef-9f1421afcd5a,CONFIRMED_APPLIED,APPLIED,1,1,1,19494.238296,96796.0,0,0,,
b1_lease_only-mid_dispatch-ledger_postings-bd281ad3-r14,p30,B1_LEASE_ONLY,mid_dispatch,ledger_postings,NO_READBACK,CALLER_REFERENCE,cdf606c5-9793-4ee7-8b55-6c4af344d8bc,CONFIRMED_APPLIED,APPLIED,1,0,2,4046.908506,,0,0,,
b1_lease_only-mid_dispatch-ledger_postings-bd281ad3-r14,p30,B1_LEASE_ONLY,mid_dispatch,ledger_postings,NO_READBACK,CALLER_REFERENCE,e5132152-a919-4508-a7b7-c565e209c8dd,CONFIRMED_APPLIED,APPLIED,2,0,2,7053.201978,,1,0,,
b1_lease_only-mid_dispatch-ledger_postings-bd281ad3-r14,p30,B1_LEASE_ONLY,mid_dispatch,ledger_postings,NO_READBACK,CALLER_REFERENCE,e6c308e3-cb54-4aed-af6e-fac580b8a019,CONFIRMED_APPLIED,APPLIED,1,0,1,2026.097564,,0,0,,
b1_lease_only-mid_dispatch-ledger_postings-bd281ad3-r14,p30,B1_LEASE_ONLY,mid_dispatch,ledger_postings,NO_READBACK,CALLER_REFERENCE,71f38787-3d4a-4da7-af27-b0d79b421528,CONFIRMED_APPLIED,APPLIED,1,1,2,22817.3234,53015.0,0,0,,
b1_lease_only-mid_dispatch-ledger_postings-bd281ad3-r2,p30,B1_LEASE_ONLY,mid_dispatch,ledger_postings,NO_READBACK,CALLER_REFERENCE,46448e61-96af-47e9-9a9c-7fade3e72c57,UNVERIFIED_FAILURE,FAILED,4,1,3,37865.355458,88708.0,1,1,,
b1_lease_only-mid_dispatch-ledger_postings-bd281ad3-r2,p30,B1_LEASE_ONLY,mid_dispatch,ledger_postings,NO_READBACK,CALLER_REFERENCE,6e35b58c-0b4f-445f-aec9-05438595db78,CONFIRMED_APPLIED,APPLIED,2,0,2,7029.525281,,1,0,,
b1_lease_only-mid_dispatch-ledger_postings-bd281ad3-r2,p30,B1_LEASE_ONLY,mid_dispatch,ledger_postings,NO_READBACK,CALLER_REFERENCE,44bcd175-bde2-4d54-8639-ab452cfc844d,CONFIRMED_APPLIED,APPLIED,1,0,1,2015.488751,,0,0,,
b1_lease_only-mid_dispatch-ledger_postings-bd281ad3-r2,p30,B1_LEASE_ONLY,mid_dispatch,ledger_postings,NO_READBACK,CALLER_REFERENCE,c98ae2a7-5569-4e8d-a63a-1e3f3ed83fd3,CONFIRMED_APPLIED,APPLIED,2,1,1,24622.526652,39182.0,1,0,,
b1_lease_only-mid_dispatch-ledger_postings-bd281ad3-r2,p30,B1_LEASE_ONLY,mid_dispatch,ledger_postings,NO_READBACK,CALLER_REFERENCE,746283e6-a3bc-4a0c-8323-bad34eab27de,CONFIRMED_APPLIED,APPLIED,3,0,3,12033.972393,,1,0,,
b1_lease_only-mid_dispatch-ledger_postings-bd281ad3-r2,p30,B1_LEASE_ONLY,mid_dispatch,ledger_postings,NO_READBACK,CALLER_REFERENCE,97144a43-25f3-4aa0-b0e0-b01f629dc082,CONFIRMED_APPLIED,APPLIED,2,1,3,28856.544357,88709.0,1,0,,
b1_lease_only-mid_dispatch-ledger_postings-bd281ad3-r2,p30,B1_LEASE_ONLY,mid_dispatch,ledger_postings,NO_READBACK,CALLER_REFERENCE,a1e2fb35-5fb2-43f3-951f-aba323dcbc82,CONFIRMED_APPLIED,APPLIED,1,0,2,4033.002991,,0,0,,
b1_lease_only-mid_dispatch-ledger_postings-bd281ad3-r2,p30,B1_LEASE_ONLY,mid_dispatch,ledger_postings,NO_READBACK,CALLER_REFERENCE,2831cfe3-f8df-49e4-b7c1-503fc9fb1d88,CONFIRMED_APPLIED,APPLIED,1,0,1,2028.277473,,0,0,,
b1_lease_only-mid_dispatch-ledger_postings-bd281ad3-r2,p30,B1_LEASE_ONLY,mid_dispatch,ledger_postings,NO_READBACK,CALLER_REFERENCE,09397681-5930-485f-98b2-4b6802ff96a7,CONFIRMED_APPLIED,APPLIED,2,0,2,7037.704982,,1,0,,
b1_lease_only-mid_dispatch-ledger_postings-bd281ad3-r2,p30,B1_LEASE_ONLY,mid_dispatch,ledger_postings,NO_READBACK,CALLER_REFERENCE,d12541ca-f1af-4bd8-9cc9-2a0c01bff9d6,CONFIRMED_APPLIED,APPLIED,2,1,1,24391.207645,44136.0,1,0,,
b1_lease_only-mid_dispatch-ledger_postings-bd281ad3-r3,p30,B1_LEASE_ONLY,mid_dispatch,ledger_postings,NO_READBACK,CALLER_REFERENCE,a04670f3-5554-4ea7-93fe-80c784287c8b,CONFIRMED_APPLIED,APPLIED,2,1,1,24890.353825,60730.0,1,0,,
b1_lease_only-mid_dispatch-ledger_postings-bd281ad3-r3,p30,B1_LEASE_ONLY,mid_dispatch,ledger_postings,NO_READBACK,CALLER_REFERENCE,f2694530-dc9f-4a1a-a854-cd5a09d6aef0,CONFIRMED_APPLIED,APPLIED,1,1,1,24899.792409,33211.0,0,0,,
b1_lease_only-mid_dispatch-ledger_postings-bd281ad3-r3,p30,B1_LEASE_ONLY,mid_dispatch,ledger_postings,NO_READBACK,CALLER_REFERENCE,45d688b7-ee53-4a96-835d-eccdb93e4d1a,CONFIRMED_APPLIED,APPLIED,1,0,1,2039.076389,,0,0,,
b1_lease_only-mid_dispatch-ledger_postings-bd281ad3-r3,p30,B1_LEASE_ONLY,mid_dispatch,ledger_postings,NO_READBACK,CALLER_REFERENCE,f0aa3e39-f20d-48cb-9249-df924bfa9169,CONFIRMED_APPLIED,APPLIED,1,0,1,2014.682619,,0,0,,
b1_lease_only-mid_dispatch-ledger_postings-bd281ad3-r3,p30,B1_LEASE_ONLY,mid_dispatch,ledger_postings,NO_READBACK,CALLER_REFERENCE,95d39e21-c24c-473d-8839-c612db3632e1,CONFIRMED_APPLIED,APPLIED,1,0,1,2016.962628,,0,0,,
b1_lease_only-mid_dispatch-ledger_postings-bd281ad3-r3,p30,B1_LEASE_ONLY,mid_dispatch,ledger_postings,NO_READBACK,CALLER_REFERENCE,f86e876e-5013-41f5-ad62-8842f11025b2,CONFIRMED_APPLIED,APPLIED,1,0,1,2277.610509,,0,0,,
b1_lease_only-mid_dispatch-ledger_postings-bd281ad3-r3,p30,B1_LEASE_ONLY,mid_dispatch,ledger_postings,NO_READBACK,CALLER_REFERENCE,232594cc-7750-45df-9c09-4a7cd22c2d2d,CONFIRMED_APPLIED,APPLIED,1,0,1,2016.058383,,0,0,,
b1_lease_only-mid_dispatch-ledger_postings-bd281ad3-r3,p30,B1_LEASE_ONLY,mid_dispatch,ledger_postings,NO_READBACK,CALLER_REFERENCE,b3fdc636-c58e-4539-b8bf-5423d600c4a3,CONFIRMED_APPLIED,APPLIED,1,0,1,2016.605559,,0,0,,
b1_lease_only-mid_dispatch-ledger_postings-bd281ad3-r3,p30,B1_LEASE_ONLY,mid_dispatch,ledger_postings,NO_READBACK,CALLER_REFERENCE,62f0901f-8970-4712-aaba-b5b14b7cc83f,CONFIRMED_APPLIED,APPLIED,2,1,1,24944.036701,54426.0,1,0,,
b1_lease_only-mid_dispatch-ledger_postings-bd281ad3-r3,p30,B1_LEASE_ONLY,mid_dispatch,ledger_postings,NO_READBACK,CALLER_REFERENCE,f35b5779-6ae6-4d94-939a-11840f213bf2,CONFIRMED_APPLIED,APPLIED,1,0,1,2018.102901,,0,0,,
b1_lease_only-mid_dispatch-ledger_postings-bd281ad3-r4,p30,B1_LEASE_ONLY,mid_dispatch,ledger_postings,NO_READBACK,CALLER_REFERENCE,180c479e-5aca-4e2d-80ac-4379c8c35a7e,CONFIRMED_APPLIED,APPLIED,1,0,1,2316.578727,,0,0,,
b1_lease_only-mid_dispatch-ledger_postings-bd281ad3-r4,p30,B1_LEASE_ONLY,mid_dispatch,ledger_postings,NO_READBACK,CALLER_REFERENCE,06e8ce51-8d35-4d83-b622-e6a62846503d,CONFIRMED_APPLIED,APPLIED,3,1,2,29681.368621,93789.0,1,0,,
b1_lease_only-mid_dispatch-ledger_postings-bd281ad3-r4,p30,B1_LEASE_ONLY,mid_dispatch,ledger_postings,NO_READBACK,CALLER_REFERENCE,ec49c9b4-8c75-4833-a2e6-85a8e7b52f67,CONFIRMED_APPLIED,APPLIED,1,0,1,2014.546493,,0,0,,
b1_lease_only-mid_dispatch-ledger_postings-bd281ad3-r4,p30,B1_LEASE_ONLY,mid_dispatch,ledger_postings,NO_READBACK,CALLER_REFERENCE,337b228f-4826-4503-a764-479db4c2d247,CONFIRMED_APPLIED,APPLIED,3,1,2,29883.828095,59348.0,1,0,,
b1_lease_only-mid_dispatch-ledger_postings-bd281ad3-r4,p30,B1_LEASE_ONLY,mid_dispatch,ledger_postings,NO_READBACK,CALLER_REFERENCE,fdf51350-3760-46ca-8ef3-1c203dda5fb8,CONFIRMED_APPLIED,APPLIED,2,1,1,24620.128649,26966.0,1,0,,
b1_lease_only-mid_dispatch-ledger_postings-bd281ad3-r4,p30,B1_LEASE_ONLY,mid_dispatch,ledger_postings,NO_READBACK,CALLER_REFERENCE,6413d118-a709-413d-88ba-56a58862c8b1,CONFIRMED_APPLIED,APPLIED,1,0,1,2302.662532,,0,0,,
b1_lease_only-mid_dispatch-ledger_postings-bd281ad3-r4,p30,B1_LEASE_ONLY,mid_dispatch,ledger_postings,NO_READBACK,CALLER_REFERENCE,dd6b0a31-8902-4352-908f-3bb80e56b021,CONFIRMED_APPLIED,APPLIED,1,0,1,2016.687249,,0,0,,
b1_lease_only-mid_dispatch-ledger_postings-bd281ad3-r4,p30,B1_LEASE_ONLY,mid_dispatch,ledger_postings,NO_READBACK,CALLER_REFERENCE,2f249958-d295-4ce1-bc9a-63e6774ef066,CONFIRMED_APPLIED,APPLIED,3,1,2,29960.451445,91786.0,1,0,,
b1_lease_only-mid_dispatch-ledger_postings-bd281ad3-r4,p30,B1_LEASE_ONLY,mid_dispatch,ledger_postings,NO_READBACK,CALLER_REFERENCE,a56f7826-fde5-414f-b0e2-a001589ab3c1,CONFIRMED_APPLIED,APPLIED,1,0,1,2016.83451,,0,0,,
b1_lease_only-mid_dispatch-ledger_postings-bd281ad3-r4,p30,B1_LEASE_ONLY,mid_dispatch,ledger_postings,NO_READBACK,CALLER_REFERENCE,72fcedb3-0f9d-4b59-82da-a7dcac3d8a41,CONFIRMED_APPLIED,APPLIED,2,0,2,7027.539978,,1,0,,
b1_lease_only-mid_dispatch-ledger_postings-bd281ad3-r5,p30,B1_LEASE_ONLY,mid_dispatch,ledger_postings,NO_READBACK,CALLER_REFERENCE,ecb0a625-e332-4a3f-8261-45d72763c1f6,CONFIRMED_APPLIED,APPLIED,1,0,1,2246.81206,,0,0,,
b1_lease_only-mid_dispatch-ledger_postings-bd281ad3-r5,p30,B1_LEASE_ONLY,mid_dispatch,ledger_postings,NO_READBACK,CALLER_REFERENCE,38c5893f-0027-475f-a458-1fe423d4888e,CONFIRMED_APPLIED,APPLIED,1,0,1,2014.742992,,0,0,,
b1_lease_only-mid_dispatch-ledger_postings-bd281ad3-r5,p30,B1_LEASE_ONLY,mid_dispatch,ledger_postings,NO_READBACK,CALLER_REFERENCE,6d19a453-bde1-4d83-85d0-990fb7787f66,CONFIRMED_APPLIED,APPLIED,1,0,1,2014.638644,,0,0,,
b1_lease_only-mid_dispatch-ledger_postings-bd281ad3-r5,p30,B1_LEASE_ONLY,mid_dispatch,ledger_postings,NO_READBACK,CALLER_REFERENCE,0303713b-3429-4fab-bccf-f1282d5d2c5d,CONFIRMED_APPLIED,APPLIED,1,0,2,4023.661031,,0,0,,
b1_lease_only-mid_dispatch-ledger_postings-bd281ad3-r5,p30,B1_LEASE_ONLY,mid_dispatch,ledger_postings,NO_READBACK,CALLER_REFERENCE,a8b05834-0abc-44c7-8d75-4641731f4ed2,CONFIRMED_APPLIED,APPLIED,1,0,1,2014.910668,,0,0,,
b1_lease_only-mid_dispatch-ledger_postings-bd281ad3-r5,p30,B1_LEASE_ONLY,mid_dispatch,ledger_postings,NO_READBACK,CALLER_REFERENCE,5e733b3b-02fe-4041-b060-93f05023373e,CONFIRMED_APPLIED,APPLIED,2,0,2,7239.474883,,1,0,,
b1_lease_only-mid_dispatch-ledger_postings-bd281ad3-r5,p30,B1_LEASE_ONLY,mid_dispatch,ledger_postings,NO_READBACK,CALLER_REFERENCE,a034ce08-d153-43b0-93b9-ce5cacec101d,CONFIRMED_APPLIED,APPLIED,1,0,1,2017.11957,,0,0,,
b1_lease_only-mid_dispatch-ledger_postings-bd281ad3-r5,p30,B1_LEASE_ONLY,mid_dispatch,ledger_postings,NO_READBACK,CALLER_REFERENCE,cf7b51c0-d8e7-4ffb-a39c-443781c356c1,CONFIRMED_APPLIED,APPLIED,1,0,1,2013.287654,,0,0,,
b1_lease_only-mid_dispatch-ledger_postings-bd281ad3-r5,p30,B1_LEASE_ONLY,mid_dispatch,ledger_postings,NO_READBACK,CALLER_REFERENCE,b7fc4cd8-6f6f-4fbd-b635-045e8c52802d,CONFIRMED_APPLIED,APPLIED,2,1,1,24899.229005,29203.0,1,0,,
b1_lease_only-mid_dispatch-ledger_postings-bd281ad3-r5,p30,B1_LEASE_ONLY,mid_dispatch,ledger_postings,NO_READBACK,CALLER_REFERENCE,e407bf9c-5a0a-48b7-ada5-d2d5c506ae4b,CONFIRMED_APPLIED,APPLIED,1,0,1,2015.380665,,0,0,,
b1_lease_only-mid_dispatch-ledger_postings-bd281ad3-r6,p30,B1_LEASE_ONLY,mid_dispatch,ledger_postings,NO_READBACK,CALLER_REFERENCE,d7ede9ce-2376-4da3-9d78-c5bdb6b3e1aa,CONFIRMED_APPLIED,APPLIED,1,0,1,2316.618035,,0,0,,
b1_lease_only-mid_dispatch-ledger_postings-bd281ad3-r6,p30,B1_LEASE_ONLY,mid_dispatch,ledger_postings,NO_READBACK,CALLER_REFERENCE,c4caa54d-439e-4bca-a1f1-dc2d1a7ef73a,CONFIRMED_APPLIED,APPLIED,2,1,1,25160.468325,58480.0,1,0,,
b1_lease_only-mid_dispatch-ledger_postings-bd281ad3-r6,p30,B1_LEASE_ONLY,mid_dispatch,ledger_postings,NO_READBACK,CALLER_REFERENCE,29c580ab-c710-4e23-89f8-940a8ebf2150,CONFIRMED_APPLIED,APPLIED,1,0,1,2014.632023,,0,0,,
b1_lease_only-mid_dispatch-ledger_postings-bd281ad3-r6,p30,B1_LEASE_ONLY,mid_dispatch,ledger_postings,NO_READBACK,CALLER_REFERENCE,d12771b6-f4d1-4f3f-9cd7-2df801609e93,CONFIRMED_APPLIED,APPLIED,1,0,1,2019.602619,,0,0,,
b1_lease_only-mid_dispatch-ledger_postings-bd281ad3-r6,p30,B1_LEASE_ONLY,mid_dispatch,ledger_postings,NO_READBACK,CALLER_REFERENCE,2e748b04-4898-462b-80ea-41d5ff02c1db,CONFIRMED_APPLIED,APPLIED,1,0,1,2017.762834,,0,0,,
b1_lease_only-mid_dispatch-ledger_postings-bd281ad3-r6,p30,B1_LEASE_ONLY,mid_dispatch,ledger_postings,NO_READBACK,CALLER_REFERENCE,26568c82-3da3-4e48-a78b-d3ec1518b23f,CONFIRMED_APPLIED,APPLIED,1,0,1,2301.806547,,0,0,,
b1_lease_only-mid_dispatch-ledger_postings-bd281ad3-r6,p30,B1_LEASE_ONLY,mid_dispatch,ledger_postings,NO_READBACK,CALLER_REFERENCE,e8e38903-6774-4d68-8d8e-0cc190a4570e,CONFIRMED_APPLIED,APPLIED,2,1,1,25149.13705,58497.0,1,0,,
b1_lease_only-mid_dispatch-ledger_postings-bd281ad3-r6,p30,B1_LEASE_ONLY,mid_dispatch,ledger_postings,NO_READBACK,CALLER_REFERENCE,0b0c2609-deb4-4d69-83e3-ca5340320276,CONFIRMED_APPLIED,APPLIED,1,0,1,2017.33888,,0,0,,
b1_lease_only-mid_dispatch-ledger_postings-bd281ad3-r6,p30,B1_LEASE_ONLY,mid_dispatch,ledger_postings,NO_READBACK,CALLER_REFERENCE,39bbe048-03e5-4d88-a809-86ae5f61456b,CONFIRMED_APPLIED,APPLIED,2,1,1,24948.024601,29053.0,1,0,,
b1_lease_only-mid_dispatch-ledger_postings-bd281ad3-r6,p30,B1_LEASE_ONLY,mid_dispatch,ledger_postings,NO_READBACK,CALLER_REFERENCE,970376a6-c68a-449e-94e3-bf86e81e83ef,CONFIRMED_APPLIED,APPLIED,1,0,1,2016.718015,,0,0,,
b1_lease_only-mid_dispatch-ledger_postings-bd281ad3-r7,p30,B1_LEASE_ONLY,mid_dispatch,ledger_postings,NO_READBACK,CALLER_REFERENCE,08a45349-d928-4f1f-aa08-4020707094af,CONFIRMED_APPLIED,APPLIED,1,0,1,2459.307103,,0,0,,
b1_lease_only-mid_dispatch-ledger_postings-bd281ad3-r7,p30,B1_LEASE_ONLY,mid_dispatch,ledger_postings,NO_READBACK,CALLER_REFERENCE,7658037d-cfda-4b73-a0b9-493bed7d45b9,CONFIRMED_APPLIED,APPLIED,1,0,1,2021.451299,,0,0,,
b1_lease_only-mid_dispatch-ledger_postings-bd281ad3-r7,p30,B1_LEASE_ONLY,mid_dispatch,ledger_postings,NO_READBACK,CALLER_REFERENCE,a6318b6f-bc0a-4c42-8387-acba0d198625,CONFIRMED_APPLIED,APPLIED,2,0,2,7027.381016,,1,0,,
b1_lease_only-mid_dispatch-ledger_postings-bd281ad3-r7,p30,B1_LEASE_ONLY,mid_dispatch,ledger_postings,NO_READBACK,CALLER_REFERENCE,b87c3875-5a5e-4856-8a89-31d6696b5a57,CONFIRMED_APPLIED,APPLIED,1,0,1,2017.975543,,0,0,,
b1_lease_only-mid_dispatch-ledger_postings-bd281ad3-r7,p30,B1_LEASE_ONLY,mid_dispatch,ledger_postings,NO_READBACK,CALLER_REFERENCE,eeaa2c6c-a221-4b91-b97b-d75d0fa96cb0,CONFIRMED_APPLIED,APPLIED,1,0,1,2015.099471,,0,0,,
b1_lease_only-mid_dispatch-ledger_postings-bd281ad3-r7,p30,B1_LEASE_ONLY,mid_dispatch,ledger_postings,NO_READBACK,CALLER_REFERENCE,331107d5-3a27-4f35-af47-90928dfb9551,CONFIRMED_APPLIED,APPLIED,1,0,1,2474.359183,,0,0,,
b1_lease_only-mid_dispatch-ledger_postings-bd281ad3-r7,p30,B1_LEASE_ONLY,mid_dispatch,ledger_postings,NO_READBACK,CALLER_REFERENCE,8709ff80-5018-464b-97d9-5fe0e058b2e5,CONFIRMED_APPLIED,APPLIED,2,1,1,24157.629824,84294.0,1,0,,
b1_lease_only-mid_dispatch-ledger_postings-bd281ad3-r7,p30,B1_LEASE_ONLY,mid_dispatch,ledger_postings,NO_READBACK,CALLER_REFERENCE,8b47ce4b-9bd4-4e9f-b755-958038333a5f,CONFIRMED_APPLIED,APPLIED,1,0,1,2015.293253,,0,0,,
b1_lease_only-mid_dispatch-ledger_postings-bd281ad3-r7,p30,B1_LEASE_ONLY,mid_dispatch,ledger_postings,NO_READBACK,CALLER_REFERENCE,0d128f88-6013-441d-93d9-0d29218907b8,CONFIRMED_APPLIED,APPLIED,2,1,1,24236.970492,54793.0,1,0,,
b1_lease_only-mid_dispatch-ledger_postings-bd281ad3-r7,p30,B1_LEASE_ONLY,mid_dispatch,ledger_postings,NO_READBACK,CALLER_REFERENCE,021cc25d-f89c-496a-93a3-89cd511e1257,CONFIRMED_APPLIED,APPLIED,2,1,1,23620.849452,27355.0,1,0,,
b1_lease_only-mid_dispatch-ledger_postings-bd281ad3-r8,p30,B1_LEASE_ONLY,mid_dispatch,ledger_postings,NO_READBACK,CALLER_REFERENCE,bba93777-a439-42de-9fe2-0edbd61990f6,CONFIRMED_APPLIED,APPLIED,2,0,2,7416.625223,,1,0,,
b1_lease_only-mid_dispatch-ledger_postings-bd281ad3-r8,p30,B1_LEASE_ONLY,mid_dispatch,ledger_postings,NO_READBACK,CALLER_REFERENCE,190a6c30-1374-42ae-b531-d56f110228e0,CONFIRMED_APPLIED,APPLIED,1,0,1,2020.993774,,0,0,,
b1_lease_only-mid_dispatch-ledger_postings-bd281ad3-r8,p30,B1_LEASE_ONLY,mid_dispatch,ledger_postings,NO_READBACK,CALLER_REFERENCE,6bb35f36-a75b-48bc-8496-fd2aca119040,CONFIRMED_APPLIED,APPLIED,2,1,1,23633.279251,31442.0,1,0,,
b1_lease_only-mid_dispatch-ledger_postings-bd281ad3-r8,p30,B1_LEASE_ONLY,mid_dispatch,ledger_postings,NO_READBACK,CALLER_REFERENCE,599bd838-10c4-4a74-be14-32d8fe76a6ac,CONFIRMED_APPLIED,APPLIED,1,0,1,2018.876897,,0,0,,
b1_lease_only-mid_dispatch-ledger_postings-bd281ad3-r8,p30,B1_LEASE_ONLY,mid_dispatch,ledger_postings,NO_READBACK,CALLER_REFERENCE,628f6258-ff0b-4334-9fd7-eedb9ca7ee64,CONFIRMED_APPLIED,APPLIED,1,0,1,2019.177226,,0,0,,
b1_lease_only-mid_dispatch-ledger_postings-bd281ad3-r8,p30,B1_LEASE_ONLY,mid_dispatch,ledger_postings,NO_READBACK,CALLER_REFERENCE,c73f2087-f727-4b5e-888a-6459070d7b5a,CONFIRMED_APPLIED,APPLIED,2,1,1,23075.814003,40876.0,1,0,,
b1_lease_only-mid_dispatch-ledger_postings-bd281ad3-r8,p30,B1_LEASE_ONLY,mid_dispatch,ledger_postings,NO_READBACK,CALLER_REFERENCE,d64ca951-3869-4fdc-9c9b-e01e79ce4c97,CONFIRMED_APPLIED,APPLIED,1,0,1,2017.171577,,0,0,,
b1_lease_only-mid_dispatch-ledger_postings-bd281ad3-r8,p30,B1_LEASE_ONLY,mid_dispatch,ledger_postings,NO_READBACK,CALLER_REFERENCE,b2ddfee1-493e-45d8-936c-2fddc8e55936,CONFIRMED_APPLIED,APPLIED,1,0,1,2019.855978,,0,0,,
b1_lease_only-mid_dispatch-ledger_postings-bd281ad3-r8,p30,B1_LEASE_ONLY,mid_dispatch,ledger_postings,NO_READBACK,CALLER_REFERENCE,11dcfb98-bd4f-42b8-a1c5-3053ce2185af,CONFIRMED_APPLIED,APPLIED,1,0,1,2027.92309,,0,0,,
b1_lease_only-mid_dispatch-ledger_postings-bd281ad3-r8,p30,B1_LEASE_ONLY,mid_dispatch,ledger_postings,NO_READBACK,CALLER_REFERENCE,6c087001-7630-4364-9645-9b3b257ea3a6,CONFIRMED_APPLIED,APPLIED,1,0,1,2024.315606,,0,0,,
b1_lease_only-mid_dispatch-ledger_postings-bd281ad3-r9,p30,B1_LEASE_ONLY,mid_dispatch,ledger_postings,NO_READBACK,CALLER_REFERENCE,a2d27bef-6e18-40de-8c4f-7d93157e1f3a,CONFIRMED_APPLIED,APPLIED,1,0,1,2400.232363,,0,0,,
b1_lease_only-mid_dispatch-ledger_postings-bd281ad3-r9,p30,B1_LEASE_ONLY,mid_dispatch,ledger_postings,NO_READBACK,CALLER_REFERENCE,1bb72e20-9cca-414b-bbde-213563e48774,CONFIRMED_APPLIED,APPLIED,1,0,1,2015.881886,,0,0,,
b1_lease_only-mid_dispatch-ledger_postings-bd281ad3-r9,p30,B1_LEASE_ONLY,mid_dispatch,ledger_postings,NO_READBACK,CALLER_REFERENCE,354c1809-b35c-435b-867d-98f102a79269,CONFIRMED_APPLIED,APPLIED,2,1,1,24260.921417,82060.0,1,0,,
b1_lease_only-mid_dispatch-ledger_postings-bd281ad3-r9,p30,B1_LEASE_ONLY,mid_dispatch,ledger_postings,NO_READBACK,CALLER_REFERENCE,8384d08c-b703-4b8a-bcc3-c7fcb106c938,CONFIRMED_APPLIED,APPLIED,2,1,1,24173.068981,54663.0,1,0,,
b1_lease_only-mid_dispatch-ledger_postings-bd281ad3-r9,p30,B1_LEASE_ONLY,mid_dispatch,ledger_postings,NO_READBACK,CALLER_REFERENCE,9b694a1a-77ce-4791-963f-63cde6eac2cb,CONFIRMED_APPLIED,APPLIED,2,1,1,24434.222081,27179.0,1,0,,
b1_lease_only-mid_dispatch-ledger_postings-bd281ad3-r9,p30,B1_LEASE_ONLY,mid_dispatch,ledger_postings,NO_READBACK,CALLER_REFERENCE,9b20ff87-e193-4113-822f-c43bba640c5a,CONFIRMED_APPLIED,APPLIED,1,0,1,2386.400698,,0,0,,
b1_lease_only-mid_dispatch-ledger_postings-bd281ad3-r9,p30,B1_LEASE_ONLY,mid_dispatch,ledger_postings,NO_READBACK,CALLER_REFERENCE,836142d0-4b7e-44d2-9700-d9c21eb1840b,CONFIRMED_APPLIED,APPLIED,3,0,3,12039.011317,,1,0,,
b1_lease_only-mid_dispatch-ledger_postings-bd281ad3-r9,p30,B1_LEASE_ONLY,mid_dispatch,ledger_postings,NO_READBACK,CALLER_REFERENCE,861b8bea-4c4b-4078-ac93-d43dc9c48290,CONFIRMED_APPLIED,APPLIED,1,0,1,2015.290297,,0,0,,
b1_lease_only-mid_dispatch-ledger_postings-bd281ad3-r9,p30,B1_LEASE_ONLY,mid_dispatch,ledger_postings,NO_READBACK,CALLER_REFERENCE,b23d13ce-c007-4399-b938-d230699acd10,CONFIRMED_APPLIED,APPLIED,2,1,1,24182.763188,70038.0,1,0,,
b1_lease_only-mid_dispatch-ledger_postings-bd281ad3-r9,p30,B1_LEASE_ONLY,mid_dispatch,ledger_postings,NO_READBACK,CALLER_REFERENCE,afa84b2a-0610-4f27-bf6b-beb1f94b7e02,CONFIRMED_APPLIED,APPLIED,1,0,1,2018.041585,,0,0,,
b1_lease_only-mid_dispatch-notifications-f7c1dc68-r0,p30,B1_LEASE_ONLY,mid_dispatch,notifications,POSITIVE_ONLY_READBACK,CALLER_REFERENCE,55bc3e5b-9bb2-4d94-a294-cbd86ac4bbe5,CONFIRMED_APPLIED,APPLIED,1,1,1,19502.033759,41568.0,0,0,,
b1_lease_only-mid_dispatch-notifications-f7c1dc68-r0,p30,B1_LEASE_ONLY,mid_dispatch,notifications,POSITIVE_ONLY_READBACK,CALLER_REFERENCE,91c0bc0f-82a6-48de-b1d2-418d65b2b906,CONFIRMED_APPLIED,APPLIED,1,0,1,2037.772947,,0,0,,
b1_lease_only-mid_dispatch-notifications-f7c1dc68-r0,p30,B1_LEASE_ONLY,mid_dispatch,notifications,POSITIVE_ONLY_READBACK,CALLER_REFERENCE,70c4772d-abb7-42ab-86f9-88c7b55a72ba,CONFIRMED_APPLIED,APPLIED,1,0,1,2136.471994,,0,0,,
b1_lease_only-mid_dispatch-notifications-f7c1dc68-r0,p30,B1_LEASE_ONLY,mid_dispatch,notifications,POSITIVE_ONLY_READBACK,CALLER_REFERENCE,034798d1-3378-4c5b-9d3d-90f6c652d95c,CONFIRMED_APPLIED,APPLIED,2,0,2,7107.555912,,1,0,,
b1_lease_only-mid_dispatch-notifications-f7c1dc68-r0,p30,B1_LEASE_ONLY,mid_dispatch,notifications,POSITIVE_ONLY_READBACK,CALLER_REFERENCE,00eec5c7-381e-4b17-bce6-5c0c0570bc10,CONFIRMED_APPLIED,APPLIED,1,0,1,2180.093687,,0,0,,
b1_lease_only-mid_dispatch-notifications-f7c1dc68-r0,p30,B1_LEASE_ONLY,mid_dispatch,notifications,POSITIVE_ONLY_READBACK,CALLER_REFERENCE,8eab8a4c-8925-49b8-9631-5968b63a9c4e,CONFIRMED_APPLIED,APPLIED,1,0,1,3072.599772,,0,0,,
b1_lease_only-mid_dispatch-notifications-f7c1dc68-r0,p30,B1_LEASE_ONLY,mid_dispatch,notifications,POSITIVE_ONLY_READBACK,CALLER_REFERENCE,fd8688c7-311e-449d-8972-88968a64efb4,CONFIRMED_APPLIED,APPLIED,1,0,1,2037.238304,,0,0,,
b1_lease_only-mid_dispatch-notifications-f7c1dc68-r0,p30,B1_LEASE_ONLY,mid_dispatch,notifications,POSITIVE_ONLY_READBACK,CALLER_REFERENCE,6f59b233-216d-403c-a82e-89c4127b6faf,CONFIRMED_APPLIED,APPLIED,1,0,1,2040.818483,,0,0,,
b1_lease_only-mid_dispatch-notifications-f7c1dc68-r0,p30,B1_LEASE_ONLY,mid_dispatch,notifications,POSITIVE_ONLY_READBACK,CALLER_REFERENCE,9dfc7912-d838-4b2d-8e54-34b11a222d81,CONFIRMED_APPLIED,APPLIED,1,0,1,2065.741186,,0,0,,
b1_lease_only-mid_dispatch-notifications-f7c1dc68-r0,p30,B1_LEASE_ONLY,mid_dispatch,notifications,POSITIVE_ONLY_READBACK,CALLER_REFERENCE,02c84e7d-47b1-41f2-8c54-d20f92411815,CONFIRMED_APPLIED,APPLIED,2,1,1,22237.08175,32378.0,1,0,,
b1_lease_only-mid_dispatch-notifications-f7c1dc68-r1,p30,B1_LEASE_ONLY,mid_dispatch,notifications,POSITIVE_ONLY_READBACK,CALLER_REFERENCE,99abb538-aa83-4cec-aa69-96144a8a7cfb,CONFIRMED_APPLIED,APPLIED,3,0,3,12459.23165,,1,0,,
b1_lease_only-mid_dispatch-notifications-f7c1dc68-r1,p30,B1_LEASE_ONLY,mid_dispatch,notifications,POSITIVE_ONLY_READBACK,CALLER_REFERENCE,6b8dde38-ef57-499a-8d26-8f5b5e91ff88,CONFIRMED_APPLIED,APPLIED,1,0,1,2029.714945,,0,0,,
b1_lease_only-mid_dispatch-notifications-f7c1dc68-r1,p30,B1_LEASE_ONLY,mid_dispatch,notifications,POSITIVE_ONLY_READBACK,CALLER_REFERENCE,61f2dc23-5926-4a2e-befa-6fb42e500cdf,CONFIRMED_APPLIED,APPLIED,2,1,1,24006.507681,31429.0,1,0,,
b1_lease_only-mid_dispatch-notifications-f7c1dc68-r1,p30,B1_LEASE_ONLY,mid_dispatch,notifications,POSITIVE_ONLY_READBACK,CALLER_REFERENCE,66464814-dc05-4fb3-8561-1ed0d2993e4e,CONFIRMED_APPLIED,APPLIED,1,0,1,2042.214671,,0,0,,
b1_lease_only-mid_dispatch-notifications-f7c1dc68-r1,p30,B1_LEASE_ONLY,mid_dispatch,notifications,POSITIVE_ONLY_READBACK,CALLER_REFERENCE,8aea0bbe-fbde-4df2-8502-c9d85d7038e6,CONFIRMED_APPLIED,APPLIED,1,0,1,2023.939923,,0,0,,
b1_lease_only-mid_dispatch-notifications-f7c1dc68-r1,p30,B1_LEASE_ONLY,mid_dispatch,notifications,POSITIVE_ONLY_READBACK,CALLER_REFERENCE,8f753f96-2680-442e-bbd9-83706e36f4cd,CONFIRMED_APPLIED,APPLIED,2,1,1,22766.804264,45913.0,1,0,,
b1_lease_only-mid_dispatch-notifications-f7c1dc68-r1,p30,B1_LEASE_ONLY,mid_dispatch,notifications,POSITIVE_ONLY_READBACK,CALLER_REFERENCE,b98df655-8919-4e79-8e07-09043cb837f8,CONFIRMED_APPLIED,APPLIED,1,0,1,2029.089368,,0,0,,
b1_lease_only-mid_dispatch-notifications-f7c1dc68-r1,p30,B1_LEASE_ONLY,mid_dispatch,notifications,POSITIVE_ONLY_READBACK,CALLER_REFERENCE,526478cb-2a91-4a80-b4d8-cae228cc3895,CONFIRMED_APPLIED,APPLIED,1,0,1,2042.496871,,0,0,,
b1_lease_only-mid_dispatch-notifications-f7c1dc68-r1,p30,B1_LEASE_ONLY,mid_dispatch,notifications,POSITIVE_ONLY_READBACK,CALLER_REFERENCE,f25da373-1e1a-437b-8d8a-2a8999fccebb,CONFIRMED_APPLIED,APPLIED,1,0,2,4038.509615,,0,0,,
b1_lease_only-mid_dispatch-notifications-f7c1dc68-r1,p30,B1_LEASE_ONLY,mid_dispatch,notifications,POSITIVE_ONLY_READBACK,CALLER_REFERENCE,6bdb5b7d-d4ca-46e1-9e3c-80ba24bf6ee5,CONFIRMED_APPLIED,APPLIED,1,0,1,2013.912274,,0,0,,
b1_lease_only-mid_dispatch-notifications-f7c1dc68-r10,p30,B1_LEASE_ONLY,mid_dispatch,notifications,POSITIVE_ONLY_READBACK,CALLER_REFERENCE,fe460439-36fc-413a-bfbb-3cf701f34044,CONFIRMED_APPLIED,APPLIED,1,0,1,2484.287139,,0,0,,
b1_lease_only-mid_dispatch-notifications-f7c1dc68-r10,p30,B1_LEASE_ONLY,mid_dispatch,notifications,POSITIVE_ONLY_READBACK,CALLER_REFERENCE,c94d7099-512f-49bb-928f-625951797e2c,CONFIRMED_APPLIED,APPLIED,1,0,1,2017.556944,,0,0,,
b1_lease_only-mid_dispatch-notifications-f7c1dc68-r10,p30,B1_LEASE_ONLY,mid_dispatch,notifications,POSITIVE_ONLY_READBACK,CALLER_REFERENCE,ef4ed726-7878-4c3e-984f-5335942faca4,CONFIRMED_APPLIED,APPLIED,1,0,1,2017.869352,,0,0,,
b1_lease_only-mid_dispatch-notifications-f7c1dc68-r10,p30,B1_LEASE_ONLY,mid_dispatch,notifications,POSITIVE_ONLY_READBACK,CALLER_REFERENCE,751d40b0-8d8c-4c0b-a78c-c4e173025d39,CONFIRMED_APPLIED,APPLIED,1,0,1,2013.624977,,0,0,,
b1_lease_only-mid_dispatch-notifications-f7c1dc68-r10,p30,B1_LEASE_ONLY,mid_dispatch,notifications,POSITIVE_ONLY_READBACK,CALLER_REFERENCE,a11f2330-b635-4dc9-866b-b9edcf728d06,CONFIRMED_APPLIED,APPLIED,1,0,1,2014.707413,,0,0,,
b1_lease_only-mid_dispatch-notifications-f7c1dc68-r10,p30,B1_LEASE_ONLY,mid_dispatch,notifications,POSITIVE_ONLY_READBACK,CALLER_REFERENCE,01b9f1e2-eba8-4ed5-83be-13438afa90e6,CONFIRMED_APPLIED,APPLIED,1,0,1,2498.330053,,0,0,,
b1_lease_only-mid_dispatch-notifications-f7c1dc68-r10,p30,B1_LEASE_ONLY,mid_dispatch,notifications,POSITIVE_ONLY_READBACK,CALLER_REFERENCE,79d298e7-5d28-43bd-825a-e634f1b7d740,CONFIRMED_APPLIED,APPLIED,1,0,1,2015.255559,,0,0,,
b1_lease_only-mid_dispatch-notifications-f7c1dc68-r10,p30,B1_LEASE_ONLY,mid_dispatch,notifications,POSITIVE_ONLY_READBACK,CALLER_REFERENCE,b8c295b4-1356-4c1e-90d7-f22e0964bfc5,CONFIRMED_APPLIED,APPLIED,1,0,1,2014.633598,,0,0,,
b1_lease_only-mid_dispatch-notifications-f7c1dc68-r10,p30,B1_LEASE_ONLY,mid_dispatch,notifications,POSITIVE_ONLY_READBACK,CALLER_REFERENCE,b84d2290-6cd4-48a5-b973-5f34304d6e85,CONFIRMED_APPLIED,APPLIED,1,0,1,2014.917537,,0,0,,
b1_lease_only-mid_dispatch-notifications-f7c1dc68-r10,p30,B1_LEASE_ONLY,mid_dispatch,notifications,POSITIVE_ONLY_READBACK,CALLER_REFERENCE,3b051f07-ded1-421c-a681-430266b02afa,CONFIRMED_APPLIED,APPLIED,1,0,1,2013.696689,,0,0,,
b1_lease_only-mid_dispatch-notifications-f7c1dc68-r11,p30,B1_LEASE_ONLY,mid_dispatch,notifications,POSITIVE_ONLY_READBACK,CALLER_REFERENCE,a139fe28-5010-4dd2-96bd-b4385e28d3d8,CONFIRMED_APPLIED,APPLIED,1,0,1,2453.623491,,0,0,,
b1_lease_only-mid_dispatch-notifications-f7c1dc68-r11,p30,B1_LEASE_ONLY,mid_dispatch,notifications,POSITIVE_ONLY_READBACK,CALLER_REFERENCE,32c20767-1027-495e-abe5-87fb4022516a,CONFIRMED_APPLIED,APPLIED,1,0,2,4022.808648,,0,0,,
b1_lease_only-mid_dispatch-notifications-f7c1dc68-r11,p30,B1_LEASE_ONLY,mid_dispatch,notifications,POSITIVE_ONLY_READBACK,CALLER_REFERENCE,be64dda9-34ad-4916-8010-49a250d229a2,CONFIRMED_APPLIED,APPLIED,1,0,1,2016.14363,,0,0,,
b1_lease_only-mid_dispatch-notifications-f7c1dc68-r11,p30,B1_LEASE_ONLY,mid_dispatch,notifications,POSITIVE_ONLY_READBACK,CALLER_REFERENCE,13b328ff-1115-4fd0-ab21-c0cee2cd0007,CONFIRMED_APPLIED,APPLIED,2,1,1,24501.713445,77477.0,1,0,,
b1_lease_only-mid_dispatch-notifications-f7c1dc68-r11,p30,B1_LEASE_ONLY,mid_dispatch,notifications,POSITIVE_ONLY_READBACK,CALLER_REFERENCE,309340ae-aeb7-43db-83bc-b5467ff6d75c,CONFIRMED_APPLIED,APPLIED,1,0,1,2019.776578,,0,0,,
b1_lease_only-mid_dispatch-notifications-f7c1dc68-r11,p30,B1_LEASE_ONLY,mid_dispatch,notifications,POSITIVE_ONLY_READBACK,CALLER_REFERENCE,f3eb20c8-ca32-4eb3-907b-3ef3d313b072,CONFIRMED_APPLIED,APPLIED,2,1,1,23896.029912,85964.0,1,0,,
b1_lease_only-mid_dispatch-notifications-f7c1dc68-r11,p30,B1_LEASE_ONLY,mid_dispatch,notifications,POSITIVE_ONLY_READBACK,CALLER_REFERENCE,19d72929-7a3f-480f-9652-d2510a274f72,CONFIRMED_APPLIED,APPLIED,1,0,1,2018.191843,,0,0,,
b1_lease_only-mid_dispatch-notifications-f7c1dc68-r11,p30,B1_LEASE_ONLY,mid_dispatch,notifications,POSITIVE_ONLY_READBACK,CALLER_REFERENCE,f58b4e05-cef2-4917-b399-6186e4250cd1,CONFIRMED_APPLIED,APPLIED,2,1,1,23179.884995,56470.0,1,0,,
b1_lease_only-mid_dispatch-notifications-f7c1dc68-r11,p30,B1_LEASE_ONLY,mid_dispatch,notifications,POSITIVE_ONLY_READBACK,CALLER_REFERENCE,ec7132eb-fd89-4ff7-bf17-aad8122f91a7,CONFIRMED_APPLIED,APPLIED,2,1,1,23923.689437,29085.0,1,0,,
b1_lease_only-mid_dispatch-notifications-f7c1dc68-r11,p30,B1_LEASE_ONLY,mid_dispatch,notifications,POSITIVE_ONLY_READBACK,CALLER_REFERENCE,323c5af9-f20f-44e8-ad56-956d3f1ed4eb,CONFIRMED_APPLIED,APPLIED,1,0,1,2015.85866,,0,0,,
b1_lease_only-mid_dispatch-notifications-f7c1dc68-r12,p30,B1_LEASE_ONLY,mid_dispatch,notifications,POSITIVE_ONLY_READBACK,CALLER_REFERENCE,fb14ca6c-6702-4f68-ab7c-53d584b64afa,CONFIRMED_APPLIED,APPLIED,1,0,1,2420.550156,,0,0,,
b1_lease_only-mid_dispatch-notifications-f7c1dc68-r12,p30,B1_LEASE_ONLY,mid_dispatch,notifications,POSITIVE_ONLY_READBACK,CALLER_REFERENCE,7e15133d-a126-4048-9708-0c5ef4634eca,CONFIRMED_APPLIED,APPLIED,1,0,1,2019.218165,,0,0,,
b1_lease_only-mid_dispatch-notifications-f7c1dc68-r12,p30,B1_LEASE_ONLY,mid_dispatch,notifications,POSITIVE_ONLY_READBACK,CALLER_REFERENCE,feb4c82b-fa96-4afd-8b43-021d783e6717,CONFIRMED_APPLIED,APPLIED,1,0,1,2022.192851,,0,0,,
b1_lease_only-mid_dispatch-notifications-f7c1dc68-r12,p30,B1_LEASE_ONLY,mid_dispatch,notifications,POSITIVE_ONLY_READBACK,CALLER_REFERENCE,ae7cb1aa-20f6-4794-bc05-052e5582090c,CONFIRMED_APPLIED,APPLIED,2,1,1,20759.244075,61227.0,1,0,,
b1_lease_only-mid_dispatch-notifications-f7c1dc68-r12,p30,B1_LEASE_ONLY,mid_dispatch,notifications,POSITIVE_ONLY_READBACK,CALLER_REFERENCE,085834a1-50a5-4fb4-9e23-2e3ee3a0eb3d,CONFIRMED_APPLIED,APPLIED,1,0,1,2017.123327,,0,0,,
b1_lease_only-mid_dispatch-notifications-f7c1dc68-r12,p30,B1_LEASE_ONLY,mid_dispatch,notifications,POSITIVE_ONLY_READBACK,CALLER_REFERENCE,d2fcbd77-d8dd-437a-add2-3a7edfa50257,CONFIRMED_APPLIED,APPLIED,1,0,1,2407.680906,,0,0,,
b1_lease_only-mid_dispatch-notifications-f7c1dc68-r12,p30,B1_LEASE_ONLY,mid_dispatch,notifications,POSITIVE_ONLY_READBACK,CALLER_REFERENCE,db7abf5a-cacb-4694-adcb-e3fd48ff0c6d,CONFIRMED_APPLIED,APPLIED,2,1,1,22599.810049,65285.0,1,0,,
b1_lease_only-mid_dispatch-notifications-f7c1dc68-r12,p30,B1_LEASE_ONLY,mid_dispatch,notifications,POSITIVE_ONLY_READBACK,CALLER_REFERENCE,8bd1ef6f-ba64-4aeb-95f2-48bc857f210e,CONFIRMED_APPLIED,APPLIED,1,0,1,2023.992287,,0,0,,
b1_lease_only-mid_dispatch-notifications-f7c1dc68-r12,p30,B1_LEASE_ONLY,mid_dispatch,notifications,POSITIVE_ONLY_READBACK,CALLER_REFERENCE,62ac87da-78ed-4dee-ad86-5f333c1b2d5f,CONFIRMED_APPLIED,APPLIED,2,0,2,7021.653626,,1,0,,
b1_lease_only-mid_dispatch-notifications-f7c1dc68-r12,p30,B1_LEASE_ONLY,mid_dispatch,notifications,POSITIVE_ONLY_READBACK,CALLER_REFERENCE,9fa2b360-4ed4-4b29-b8bd-aaa48c4b71c1,CONFIRMED_APPLIED,APPLIED,2,1,1,23639.021923,27047.0,1,0,,
b1_lease_only-mid_dispatch-notifications-f7c1dc68-r13,p30,B1_LEASE_ONLY,mid_dispatch,notifications,POSITIVE_ONLY_READBACK,CALLER_REFERENCE,eb55b64e-0b1d-48ff-b310-e66d34227e04,CONFIRMED_APPLIED,APPLIED,2,0,2,7361.986642,,1,0,,
b1_lease_only-mid_dispatch-notifications-f7c1dc68-r13,p30,B1_LEASE_ONLY,mid_dispatch,notifications,POSITIVE_ONLY_READBACK,CALLER_REFERENCE,383b1ff9-d4b3-45b9-978e-36c99061c3d6,CONFIRMED_APPLIED,APPLIED,1,0,1,2013.900752,,0,0,,
b1_lease_only-mid_dispatch-notifications-f7c1dc68-r13,p30,B1_LEASE_ONLY,mid_dispatch,notifications,POSITIVE_ONLY_READBACK,CALLER_REFERENCE,1ade2b84-86cf-4744-939f-a9e6baab1869,CONFIRMED_APPLIED,APPLIED,1,0,1,2019.525191,,0,0,,
b1_lease_only-mid_dispatch-notifications-f7c1dc68-r13,p30,B1_LEASE_ONLY,mid_dispatch,notifications,POSITIVE_ONLY_READBACK,CALLER_REFERENCE,7761cfbf-37ba-47e5-ac6a-8414acda8584,CONFIRMED_APPLIED,APPLIED,2,0,2,7032.617435,,1,0,,
b1_lease_only-mid_dispatch-notifications-f7c1dc68-r13,p30,B1_LEASE_ONLY,mid_dispatch,notifications,POSITIVE_ONLY_READBACK,CALLER_REFERENCE,ad36ea62-34fb-4a8e-98ae-6d0e3de7da39,CONFIRMED_APPLIED,APPLIED,2,1,1,21772.203203,70828.0,1,0,,
b1_lease_only-mid_dispatch-notifications-f7c1dc68-r13,p30,B1_LEASE_ONLY,mid_dispatch,notifications,POSITIVE_ONLY_READBACK,CALLER_REFERENCE,e81169e9-3eef-4093-8a48-8b52b68c2b3c,CONFIRMED_APPLIED,APPLIED,2,1,1,21348.254418,91809.0,1,0,,
b1_lease_only-mid_dispatch-notifications-f7c1dc68-r13,p30,B1_LEASE_ONLY,mid_dispatch,notifications,POSITIVE_ONLY_READBACK,CALLER_REFERENCE,a3fd9184-98b1-4f6a-8c46-f18332905f3f,CONFIRMED_APPLIED,APPLIED,2,0,2,7023.434721,,1,0,,
b1_lease_only-mid_dispatch-notifications-f7c1dc68-r13,p30,B1_LEASE_ONLY,mid_dispatch,notifications,POSITIVE_ONLY_READBACK,CALLER_REFERENCE,ff5f41e6-51e6-48ed-a1be-a6a3a6abfd38,CONFIRMED_APPLIED,APPLIED,2,1,1,21915.894066,57075.0,1,0,,
b1_lease_only-mid_dispatch-notifications-f7c1dc68-r13,p30,B1_LEASE_ONLY,mid_dispatch,notifications,POSITIVE_ONLY_READBACK,CALLER_REFERENCE,56f02c67-3688-4f19-9a0c-306e5c0ea8d3,CONFIRMED_APPLIED,APPLIED,1,0,1,2075.001316,,0,0,,
b1_lease_only-mid_dispatch-notifications-f7c1dc68-r13,p30,B1_LEASE_ONLY,mid_dispatch,notifications,POSITIVE_ONLY_READBACK,CALLER_REFERENCE,69bceea3-12cf-45da-af12-cbc0845b22a8,CONFIRMED_APPLIED,APPLIED,2,1,1,21287.603476,27421.0,1,0,,
b1_lease_only-mid_dispatch-notifications-f7c1dc68-r14,p30,B1_LEASE_ONLY,mid_dispatch,notifications,POSITIVE_ONLY_READBACK,CALLER_REFERENCE,27598dc6-2893-4927-8c1f-bf21ef2bda14,CONFIRMED_APPLIED,APPLIED,1,0,1,2795.426079,,0,0,,
b1_lease_only-mid_dispatch-notifications-f7c1dc68-r14,p30,B1_LEASE_ONLY,mid_dispatch,notifications,POSITIVE_ONLY_READBACK,CALLER_REFERENCE,bdb9b61b-5b2a-4e3b-b11c-7b0601e7e8f1,CONFIRMED_APPLIED,APPLIED,1,0,1,2028.296155,,0,0,,
b1_lease_only-mid_dispatch-notifications-f7c1dc68-r14,p30,B1_LEASE_ONLY,mid_dispatch,notifications,POSITIVE_ONLY_READBACK,CALLER_REFERENCE,6514c771-7ded-42ac-8b95-28fc03b8b575,CONFIRMED_APPLIED,APPLIED,2,0,2,7030.978175,,1,0,,
b1_lease_only-mid_dispatch-notifications-f7c1dc68-r14,p30,B1_LEASE_ONLY,mid_dispatch,notifications,POSITIVE_ONLY_READBACK,CALLER_REFERENCE,303f927d-b3e0-45b0-913c-f8f60e72f5ce,CONFIRMED_APPLIED,APPLIED,1,0,1,2020.013218,,0,0,,
b1_lease_only-mid_dispatch-notifications-f7c1dc68-r14,p30,B1_LEASE_ONLY,mid_dispatch,notifications,POSITIVE_ONLY_READBACK,CALLER_REFERENCE,11534fee-20f2-4a02-8156-243b76beb76f,CONFIRMED_APPLIED,APPLIED,1,0,1,2035.56199,,0,0,,
b1_lease_only-mid_dispatch-notifications-f7c1dc68-r14,p30,B1_LEASE_ONLY,mid_dispatch,notifications,POSITIVE_ONLY_READBACK,CALLER_REFERENCE,99e4df9e-0f25-4e4f-bcff-b4f5b4a236e4,CONFIRMED_APPLIED,APPLIED,1,0,1,2815.458897,,0,0,,
b1_lease_only-mid_dispatch-notifications-f7c1dc68-r14,p30,B1_LEASE_ONLY,mid_dispatch,notifications,POSITIVE_ONLY_READBACK,CALLER_REFERENCE,0c590153-d4f0-4d8b-9e95-0cf2437a56fa,CONFIRMED_APPLIED,APPLIED,2,0,2,7052.545943,,1,0,,
b1_lease_only-mid_dispatch-notifications-f7c1dc68-r14,p30,B1_LEASE_ONLY,mid_dispatch,notifications,POSITIVE_ONLY_READBACK,CALLER_REFERENCE,0fd43980-4c6c-45ba-a89d-6453f02beb20,CONFIRMED_APPLIED,APPLIED,1,0,1,2016.92427,,0,0,,
b1_lease_only-mid_dispatch-notifications-f7c1dc68-r14,p30,B1_LEASE_ONLY,mid_dispatch,notifications,POSITIVE_ONLY_READBACK,CALLER_REFERENCE,b00ffed9-c072-4fe6-817a-17c92339a137,CONFIRMED_APPLIED,APPLIED,2,1,1,22625.714931,31851.0,1,0,,
b1_lease_only-mid_dispatch-notifications-f7c1dc68-r14,p30,B1_LEASE_ONLY,mid_dispatch,notifications,POSITIVE_ONLY_READBACK,CALLER_REFERENCE,88bd10c7-c6a5-48eb-8886-03ff97fb806b,CONFIRMED_APPLIED,APPLIED,1,0,1,2025.689448,,0,0,,
b1_lease_only-mid_dispatch-notifications-f7c1dc68-r2,p30,B1_LEASE_ONLY,mid_dispatch,notifications,POSITIVE_ONLY_READBACK,CALLER_REFERENCE,0fdc4ac5-6aec-4e6d-8226-7cd57dc9df31,CONFIRMED_APPLIED,APPLIED,1,0,1,2239.822941,,0,0,,
b1_lease_only-mid_dispatch-notifications-f7c1dc68-r2,p30,B1_LEASE_ONLY,mid_dispatch,notifications,POSITIVE_ONLY_READBACK,CALLER_REFERENCE,1e2e9c0e-f9d6-41a7-affc-4b3256b0931d,CONFIRMED_APPLIED,APPLIED,1,0,1,2017.272373,,0,0,,
b1_lease_only-mid_dispatch-notifications-f7c1dc68-r2,p30,B1_LEASE_ONLY,mid_dispatch,notifications,POSITIVE_ONLY_READBACK,CALLER_REFERENCE,600a7fb3-f0ff-4add-81f5-99066ce4b80c,CONFIRMED_APPLIED,APPLIED,2,1,1,24859.557663,41182.0,1,0,,
b1_lease_only-mid_dispatch-notifications-f7c1dc68-r2,p30,B1_LEASE_ONLY,mid_dispatch,notifications,POSITIVE_ONLY_READBACK,CALLER_REFERENCE,36a9906b-5712-478d-beb1-f4595f635f62,UNVERIFIED_FAILURE,FAILED,2,0,3,12031.480912,,1,1,,
b1_lease_only-mid_dispatch-notifications-f7c1dc68-r2,p30,B1_LEASE_ONLY,mid_dispatch,notifications,POSITIVE_ONLY_READBACK,CALLER_REFERENCE,490d15a6-6c20-455e-9631-22bea7980eea,CONFIRMED_APPLIED,APPLIED,1,0,1,2014.64793,,0,0,,
b1_lease_only-mid_dispatch-notifications-f7c1dc68-r2,p30,B1_LEASE_ONLY,mid_dispatch,notifications,POSITIVE_ONLY_READBACK,CALLER_REFERENCE,b25ddf96-996f-4841-ac39-b05aaf5651ba,CONFIRMED_APPLIED,APPLIED,1,0,1,2249.480459,,0,0,,
b1_lease_only-mid_dispatch-notifications-f7c1dc68-r2,p30,B1_LEASE_ONLY,mid_dispatch,notifications,POSITIVE_ONLY_READBACK,CALLER_REFERENCE,8a130602-0c54-455f-8be9-47a6a4174294,CONFIRMED_APPLIED,APPLIED,1,0,1,2015.421031,,0,0,,
b1_lease_only-mid_dispatch-notifications-f7c1dc68-r2,p30,B1_LEASE_ONLY,mid_dispatch,notifications,POSITIVE_ONLY_READBACK,CALLER_REFERENCE,6ac5308e-97d8-4bcf-b017-dcc6c542f464,CONFIRMED_APPLIED,APPLIED,1,0,1,2019.827363,,0,0,,
b1_lease_only-mid_dispatch-notifications-f7c1dc68-r2,p30,B1_LEASE_ONLY,mid_dispatch,notifications,POSITIVE_ONLY_READBACK,CALLER_REFERENCE,68963902-6788-4251-acd4-cc78e5ae7410,CONFIRMED_APPLIED,APPLIED,1,0,1,2015.960793,,0,0,,
b1_lease_only-mid_dispatch-notifications-f7c1dc68-r2,p30,B1_LEASE_ONLY,mid_dispatch,notifications,POSITIVE_ONLY_READBACK,CALLER_REFERENCE,6888afe9-b32e-43fb-83c6-ddd806e4b319,CONFIRMED_APPLIED,APPLIED,1,0,1,2014.778618,,0,0,,
b1_lease_only-mid_dispatch-notifications-f7c1dc68-r3,p30,B1_LEASE_ONLY,mid_dispatch,notifications,POSITIVE_ONLY_READBACK,CALLER_REFERENCE,7827c3e2-e54f-4a46-854e-cfef80fa17fa,CONFIRMED_APPLIED,APPLIED,1,0,1,2240.229502,,0,0,,
b1_lease_only-mid_dispatch-notifications-f7c1dc68-r3,p30,B1_LEASE_ONLY,mid_dispatch,notifications,POSITIVE_ONLY_READBACK,CALLER_REFERENCE,da97c43a-695e-48ef-81b5-8eccf0f70fbe,CONFIRMED_APPLIED,APPLIED,1,0,1,2013.333375,,0,0,,
b1_lease_only-mid_dispatch-notifications-f7c1dc68-r3,p30,B1_LEASE_ONLY,mid_dispatch,notifications,POSITIVE_ONLY_READBACK,CALLER_REFERENCE,a0f9493b-339b-421c-8ea4-43bfa65fdf4d,CONFIRMED_APPLIED,APPLIED,1,0,1,2017.281892,,0,0,,
b1_lease_only-mid_dispatch-notifications-f7c1dc68-r3,p30,B1_LEASE_ONLY,mid_dispatch,notifications,POSITIVE_ONLY_READBACK,CALLER_REFERENCE,8ff3954c-6b21-429f-bf19-a2ad1006ef75,CONFIRMED_APPLIED,APPLIED,1,0,1,2020.85448,,0,0,,
b1_lease_only-mid_dispatch-notifications-f7c1dc68-r3,p30,B1_LEASE_ONLY,mid_dispatch,notifications,POSITIVE_ONLY_READBACK,CALLER_REFERENCE,03c7ad6a-7102-4d29-89b4-1f89a18b9a85,CONFIRMED_APPLIED,APPLIED,3,1,2,29954.780196,52504.0,1,0,,
b1_lease_only-mid_dispatch-notifications-f7c1dc68-r3,p30,B1_LEASE_ONLY,mid_dispatch,notifications,POSITIVE_ONLY_READBACK,CALLER_REFERENCE,36fd4ff5-2a1e-44b1-a25d-ffaca6c6fe74,CONFIRMED_APPLIED,APPLIED,1,0,1,2229.191291,,0,0,,
b1_lease_only-mid_dispatch-notifications-f7c1dc68-r3,p30,B1_LEASE_ONLY,mid_dispatch,notifications,POSITIVE_ONLY_READBACK,CALLER_REFERENCE,5496e711-67da-4bdf-acab-cb2b16870121,CONFIRMED_APPLIED,APPLIED,1,0,1,2014.770194,,0,0,,
b1_lease_only-mid_dispatch-notifications-f7c1dc68-r3,p30,B1_LEASE_ONLY,mid_dispatch,notifications,POSITIVE_ONLY_READBACK,CALLER_REFERENCE,02401ffb-17e4-4ac4-9ec0-6511e0cf0e88,CONFIRMED_APPLIED,APPLIED,1,0,1,2015.365754,,0,0,,
b1_lease_only-mid_dispatch-notifications-f7c1dc68-r3,p30,B1_LEASE_ONLY,mid_dispatch,notifications,POSITIVE_ONLY_READBACK,CALLER_REFERENCE,a636f1a3-28ff-4e8b-aeff-5fd9dd1690ea,CONFIRMED_APPLIED,APPLIED,2,1,1,24888.890476,54539.0,1,0,,
b1_lease_only-mid_dispatch-notifications-f7c1dc68-r3,p30,B1_LEASE_ONLY,mid_dispatch,notifications,POSITIVE_ONLY_READBACK,CALLER_REFERENCE,6d97a6f6-a4f3-46f9-bd56-330e1bfa2e78,CONFIRMED_APPLIED,APPLIED,2,1,1,24890.831565,27130.0,1,0,,
b1_lease_only-mid_dispatch-notifications-f7c1dc68-r4,p30,B1_LEASE_ONLY,mid_dispatch,notifications,POSITIVE_ONLY_READBACK,CALLER_REFERENCE,709f9347-aeaa-41be-a639-5f65aac634b5,CONFIRMED_APPLIED,APPLIED,2,0,2,7215.814258,,1,0,,
b1_lease_only-mid_dispatch-notifications-f7c1dc68-r4,p30,B1_LEASE_ONLY,mid_dispatch,notifications,POSITIVE_ONLY_READBACK,CALLER_REFERENCE,8064eaa5-b648-4319-9973-182e351402b7,CONFIRMED_APPLIED,APPLIED,1,0,1,2017.184988,,0,0,,
b1_lease_only-mid_dispatch-notifications-f7c1dc68-r4,p30,B1_LEASE_ONLY,mid_dispatch,notifications,POSITIVE_ONLY_READBACK,CALLER_REFERENCE,3d9a780b-a587-4705-8805-6e050f7282ca,CONFIRMED_APPLIED,APPLIED,1,0,1,2014.83209,,0,0,,
b1_lease_only-mid_dispatch-notifications-f7c1dc68-r4,p30,B1_LEASE_ONLY,mid_dispatch,notifications,POSITIVE_ONLY_READBACK,CALLER_REFERENCE,f3148ffe-9091-4de5-9883-88ac15762643,CONFIRMED_APPLIED,APPLIED,1,0,1,2016.37852,,0,0,,
b1_lease_only-mid_dispatch-notifications-f7c1dc68-r4,p30,B1_LEASE_ONLY,mid_dispatch,notifications,POSITIVE_ONLY_READBACK,CALLER_REFERENCE,a06fb1c2-bdf3-4a7b-97e5-457926dfdc60,CONFIRMED_APPLIED,APPLIED,1,0,1,2016.705163,,0,0,,
b1_lease_only-mid_dispatch-notifications-f7c1dc68-r4,p30,B1_LEASE_ONLY,mid_dispatch,notifications,POSITIVE_ONLY_READBACK,CALLER_REFERENCE,971d8f07-d24b-4802-926d-7af3be457122,CONFIRMED_APPLIED,APPLIED,2,1,1,24916.162032,35147.0,1,0,,
b1_lease_only-mid_dispatch-notifications-f7c1dc68-r4,p30,B1_LEASE_ONLY,mid_dispatch,notifications,POSITIVE_ONLY_READBACK,CALLER_REFERENCE,cafc2f1a-bf5b-47ed-817a-2a598c453a85,CONFIRMED_APPLIED,APPLIED,1,0,1,2014.082496,,0,0,,
b1_lease_only-mid_dispatch-notifications-f7c1dc68-r4,p30,B1_LEASE_ONLY,mid_dispatch,notifications,POSITIVE_ONLY_READBACK,CALLER_REFERENCE,881c99f8-8436-48d7-956e-b6c5efa1f639,CONFIRMED_APPLIED,APPLIED,1,0,1,2015.394199,,0,0,,
b1_lease_only-mid_dispatch-notifications-f7c1dc68-r4,p30,B1_LEASE_ONLY,mid_dispatch,notifications,POSITIVE_ONLY_READBACK,CALLER_REFERENCE,b617ae11-9e38-449f-a9e6-170f0d835a77,CONFIRMED_APPLIED,APPLIED,1,0,1,2014.356969,,0,0,,
b1_lease_only-mid_dispatch-notifications-f7c1dc68-r4,p30,B1_LEASE_ONLY,mid_dispatch,notifications,POSITIVE_ONLY_READBACK,CALLER_REFERENCE,eff3f859-c158-4210-9192-332c0cf2e6df,CONFIRMED_APPLIED,APPLIED,1,0,1,2016.574376,,0,0,,
b1_lease_only-mid_dispatch-notifications-f7c1dc68-r5,p30,B1_LEASE_ONLY,mid_dispatch,notifications,POSITIVE_ONLY_READBACK,CALLER_REFERENCE,1f6af992-6619-4ecc-b3cd-2cd568dff737,CONFIRMED_APPLIED,APPLIED,1,0,1,2321.516515,,0,0,,
b1_lease_only-mid_dispatch-notifications-f7c1dc68-r5,p30,B1_LEASE_ONLY,mid_dispatch,notifications,POSITIVE_ONLY_READBACK,CALLER_REFERENCE,af7d16f0-7cc8-4e4b-b46f-431b78c82e09,CONFIRMED_APPLIED,APPLIED,2,1,1,24908.917608,35186.0,1,0,,
b1_lease_only-mid_dispatch-notifications-f7c1dc68-r5,p30,B1_LEASE_ONLY,mid_dispatch,notifications,POSITIVE_ONLY_READBACK,CALLER_REFERENCE,82946bb0-f727-4f69-90f8-0f3ec03d242d,CONFIRMED_APPLIED,APPLIED,1,0,2,4023.076215,,0,0,,
b1_lease_only-mid_dispatch-notifications-f7c1dc68-r5,p30,B1_LEASE_ONLY,mid_dispatch,notifications,POSITIVE_ONLY_READBACK,CALLER_REFERENCE,c9177f06-a6be-4a74-a556-d6e46f672626,CONFIRMED_APPLIED,APPLIED,1,0,1,2017.135213,,0,0,,
b1_lease_only-mid_dispatch-notifications-f7c1dc68-r5,p30,B1_LEASE_ONLY,mid_dispatch,notifications,POSITIVE_ONLY_READBACK,CALLER_REFERENCE,056e80a4-d956-4a9d-b157-e3d87ca3b5cb,CONFIRMED_APPLIED,APPLIED,1,0,1,2014.197263,,0,0,,
b1_lease_only-mid_dispatch-notifications-f7c1dc68-r5,p30,B1_LEASE_ONLY,mid_dispatch,notifications,POSITIVE_ONLY_READBACK,CALLER_REFERENCE,ece8530b-94e0-48c6-8687-1aa6f98b00b2,CONFIRMED_APPLIED,APPLIED,1,0,1,2313.236923,,0,0,,
b1_lease_only-mid_dispatch-notifications-f7c1dc68-r5,p30,B1_LEASE_ONLY,mid_dispatch,notifications,POSITIVE_ONLY_READBACK,CALLER_REFERENCE,94edb5c8-69e4-4a1e-88e7-752b459ce2ff,CONFIRMED_APPLIED,APPLIED,1,0,1,2018.96217,,0,0,,
b1_lease_only-mid_dispatch-notifications-f7c1dc68-r5,p30,B1_LEASE_ONLY,mid_dispatch,notifications,POSITIVE_ONLY_READBACK,CALLER_REFERENCE,936a0f67-eb48-404a-8fd3-58b7668d67f1,CONFIRMED_APPLIED,APPLIED,1,0,1,2016.425014,,0,0,,
b1_lease_only-mid_dispatch-notifications-f7c1dc68-r5,p30,B1_LEASE_ONLY,mid_dispatch,notifications,POSITIVE_ONLY_READBACK,CALLER_REFERENCE,6e62f355-449f-402f-b3f1-5f13b661b1f1,CONFIRMED_APPLIED,APPLIED,1,0,1,2014.84205,,0,0,,
b1_lease_only-mid_dispatch-notifications-f7c1dc68-r5,p30,B1_LEASE_ONLY,mid_dispatch,notifications,POSITIVE_ONLY_READBACK,CALLER_REFERENCE,9234b0bb-9fc3-4451-82ca-a99dba9ca115,CONFIRMED_APPLIED,APPLIED,2,1,1,24932.185261,29145.0,1,0,,
b1_lease_only-mid_dispatch-notifications-f7c1dc68-r6,p30,B1_LEASE_ONLY,mid_dispatch,notifications,POSITIVE_ONLY_READBACK,CALLER_REFERENCE,097d8592-5218-403a-b05c-bd5f536afcd5,CONFIRMED_APPLIED,APPLIED,2,1,1,24965.028511,60778.0,1,0,,
b1_lease_only-mid_dispatch-notifications-f7c1dc68-r6,p30,B1_LEASE_ONLY,mid_dispatch,notifications,POSITIVE_ONLY_READBACK,CALLER_REFERENCE,74ecaa18-0043-4454-b659-3c989c48123b,CONFIRMED_APPLIED,APPLIED,1,0,1,2016.446708,,0,0,,
b1_lease_only-mid_dispatch-notifications-f7c1dc68-r6,p30,B1_LEASE_ONLY,mid_dispatch,notifications,POSITIVE_ONLY_READBACK,CALLER_REFERENCE,fcea7a86-0cb1-45f2-9a49-890d0fe41f95,CONFIRMED_APPLIED,APPLIED,2,0,2,7027.573212,,1,0,,
b1_lease_only-mid_dispatch-notifications-f7c1dc68-r6,p30,B1_LEASE_ONLY,mid_dispatch,notifications,POSITIVE_ONLY_READBACK,CALLER_REFERENCE,4b1be586-2168-4636-81d1-40048c5aac05,CONFIRMED_APPLIED,APPLIED,1,0,1,2017.133873,,0,0,,
b1_lease_only-mid_dispatch-notifications-f7c1dc68-r6,p30,B1_LEASE_ONLY,mid_dispatch,notifications,POSITIVE_ONLY_READBACK,CALLER_REFERENCE,524d83a1-3b16-4274-8004-62178b54cfea,CONFIRMED_APPLIED,APPLIED,2,0,2,7024.725937,,1,0,,
b1_lease_only-mid_dispatch-notifications-f7c1dc68-r6,p30,B1_LEASE_ONLY,mid_dispatch,notifications,POSITIVE_ONLY_READBACK,CALLER_REFERENCE,58ed856a-8a7c-4cf1-b691-b09bacc8fd97,CONFIRMED_APPLIED,APPLIED,1,0,1,2291.187622,,0,0,,
b1_lease_only-mid_dispatch-notifications-f7c1dc68-r6,p30,B1_LEASE_ONLY,mid_dispatch,notifications,POSITIVE_ONLY_READBACK,CALLER_REFERENCE,bc0d2807-2c4d-4c74-a990-f87ccd68b76e,CONFIRMED_APPLIED,APPLIED,1,0,1,2019.123938,,0,0,,
b1_lease_only-mid_dispatch-notifications-f7c1dc68-r6,p30,B1_LEASE_ONLY,mid_dispatch,notifications,POSITIVE_ONLY_READBACK,CALLER_REFERENCE,62909035-ef93-4131-ab72-98f2bb6e9c9d,CONFIRMED_APPLIED,APPLIED,1,0,1,2016.066292,,0,0,,
b1_lease_only-mid_dispatch-notifications-f7c1dc68-r6,p30,B1_LEASE_ONLY,mid_dispatch,notifications,POSITIVE_ONLY_READBACK,CALLER_REFERENCE,ea2a1535-837d-4bb7-9cb2-41bdaf4873fc,CONFIRMED_APPLIED,APPLIED,2,1,1,24625.928738,54430.0,1,0,,
b1_lease_only-mid_dispatch-notifications-f7c1dc68-r6,p30,B1_LEASE_ONLY,mid_dispatch,notifications,POSITIVE_ONLY_READBACK,CALLER_REFERENCE,acbf67f8-1bf1-40aa-ac04-cae5d8715915,CONFIRMED_APPLIED,APPLIED,1,1,1,24901.371839,27103.0,0,0,,
b1_lease_only-mid_dispatch-notifications-f7c1dc68-r7,p30,B1_LEASE_ONLY,mid_dispatch,notifications,POSITIVE_ONLY_READBACK,CALLER_REFERENCE,0b017ace-a3c0-4d96-b90b-f066432e41ff,CONFIRMED_APPLIED,APPLIED,2,1,2,27737.330708,65855.0,1,0,,
b1_lease_only-mid_dispatch-notifications-f7c1dc68-r7,p30,B1_LEASE_ONLY,mid_dispatch,notifications,POSITIVE_ONLY_READBACK,CALLER_REFERENCE,7a67d3bf-ab17-4932-b6cf-961b59651b14,CONFIRMED_APPLIED,APPLIED,2,1,1,23761.92386,33332.0,1,0,,
b1_lease_only-mid_dispatch-notifications-f7c1dc68-r7,p30,B1_LEASE_ONLY,mid_dispatch,notifications,POSITIVE_ONLY_READBACK,CALLER_REFERENCE,36fa4cc3-dd4a-4f5f-a6f8-98798fb8ef10,CONFIRMED_APPLIED,APPLIED,1,0,1,2015.405367,,0,0,,
b1_lease_only-mid_dispatch-notifications-f7c1dc68-r7,p30,B1_LEASE_ONLY,mid_dispatch,notifications,POSITIVE_ONLY_READBACK,CALLER_REFERENCE,d4b17905-7151-4d47-832a-0da8c67cf56f,CONFIRMED_APPLIED,APPLIED,1,0,1,2015.539586,,0,0,,
b1_lease_only-mid_dispatch-notifications-f7c1dc68-r7,p30,B1_LEASE_ONLY,mid_dispatch,notifications,POSITIVE_ONLY_READBACK,CALLER_REFERENCE,9dd44e63-3c98-47b5-b87c-3e3aebd8e3a0,CONFIRMED_APPLIED,APPLIED,1,0,1,2018.373931,,0,0,,
b1_lease_only-mid_dispatch-notifications-f7c1dc68-r7,p30,B1_LEASE_ONLY,mid_dispatch,notifications,POSITIVE_ONLY_READBACK,CALLER_REFERENCE,6714c81b-12a3-42fe-a1db-424f2b0071ee,CONFIRMED_APPLIED,APPLIED,1,0,1,2546.876418,,0,0,,
b1_lease_only-mid_dispatch-notifications-f7c1dc68-r7,p30,B1_LEASE_ONLY,mid_dispatch,notifications,POSITIVE_ONLY_READBACK,CALLER_REFERENCE,36dbcd3e-2909-460c-9a74-7effd4cf83a0,CONFIRMED_APPLIED,APPLIED,2,1,1,22779.852367,63320.0,1,0,,
b1_lease_only-mid_dispatch-notifications-f7c1dc68-r7,p30,B1_LEASE_ONLY,mid_dispatch,notifications,POSITIVE_ONLY_READBACK,CALLER_REFERENCE,f77b04a6-432c-4373-b9b1-e3643aa5a3d3,CONFIRMED_APPLIED,APPLIED,1,0,1,2013.579264,,0,0,,
b1_lease_only-mid_dispatch-notifications-f7c1dc68-r7,p30,B1_LEASE_ONLY,mid_dispatch,notifications,POSITIVE_ONLY_READBACK,CALLER_REFERENCE,6a5a4fe1-478c-44f0-b9a4-a498a630498a,CONFIRMED_APPLIED,APPLIED,1,0,1,2014.627016,,0,0,,
b1_lease_only-mid_dispatch-notifications-f7c1dc68-r7,p30,B1_LEASE_ONLY,mid_dispatch,notifications,POSITIVE_ONLY_READBACK,CALLER_REFERENCE,af59424a-db17-4a33-9529-6791f1fd6f0c,CONFIRMED_APPLIED,APPLIED,2,1,1,23209.367938,31710.0,1,0,,
b1_lease_only-mid_dispatch-notifications-f7c1dc68-r8,p30,B1_LEASE_ONLY,mid_dispatch,notifications,POSITIVE_ONLY_READBACK,CALLER_REFERENCE,8396ebdb-90c0-45bd-b7a6-4a9000639db5,CONFIRMED_APPLIED,APPLIED,1,1,1,20182.897517,62163.0,0,0,,
b1_lease_only-mid_dispatch-notifications-f7c1dc68-r8,p30,B1_LEASE_ONLY,mid_dispatch,notifications,POSITIVE_ONLY_READBACK,CALLER_REFERENCE,2f43e1b4-cb0c-4ce1-a562-7fc0b1fc92e1,CONFIRMED_APPLIED,APPLIED,2,0,2,7032.511177,,1,0,,
b1_lease_only-mid_dispatch-notifications-f7c1dc68-r8,p30,B1_LEASE_ONLY,mid_dispatch,notifications,POSITIVE_ONLY_READBACK,CALLER_REFERENCE,34e3f070-c433-4579-bb6f-ac96b4e71935,CONFIRMED_APPLIED,APPLIED,1,0,1,2017.150122,,0,0,,
b1_lease_only-mid_dispatch-notifications-f7c1dc68-r8,p30,B1_LEASE_ONLY,mid_dispatch,notifications,POSITIVE_ONLY_READBACK,CALLER_REFERENCE,edef0ea5-a8e8-4638-8bb7-e06277fc0506,CONFIRMED_APPLIED,APPLIED,1,0,1,2018.045861,,0,0,,
b1_lease_only-mid_dispatch-notifications-f7c1dc68-r8,p30,B1_LEASE_ONLY,mid_dispatch,notifications,POSITIVE_ONLY_READBACK,CALLER_REFERENCE,b8fc53f3-8b56-4738-8aa5-e30505958703,CONFIRMED_APPLIED,APPLIED,1,0,1,2015.627137,,0,0,,
b1_lease_only-mid_dispatch-notifications-f7c1dc68-r8,p30,B1_LEASE_ONLY,mid_dispatch,notifications,POSITIVE_ONLY_READBACK,CALLER_REFERENCE,d2115f64-bb16-4f00-8210-42e48409d6ad,CONFIRMED_APPLIED,APPLIED,1,0,1,3286.59152,,0,0,,
b1_lease_only-mid_dispatch-notifications-f7c1dc68-r8,p30,B1_LEASE_ONLY,mid_dispatch,notifications,POSITIVE_ONLY_READBACK,CALLER_REFERENCE,f6be56f4-5115-4514-810f-a2714bb9eaa4,CONFIRMED_APPLIED,APPLIED,2,1,1,21302.230058,58905.0,1,0,,
b1_lease_only-mid_dispatch-notifications-f7c1dc68-r8,p30,B1_LEASE_ONLY,mid_dispatch,notifications,POSITIVE_ONLY_READBACK,CALLER_REFERENCE,8ec5d6f2-a2f9-4fdc-bcd2-b8c91c254134,CONFIRMED_APPLIED,APPLIED,2,1,1,24018.220951,31245.0,1,0,,
b1_lease_only-mid_dispatch-notifications-f7c1dc68-r8,p30,B1_LEASE_ONLY,mid_dispatch,notifications,POSITIVE_ONLY_READBACK,CALLER_REFERENCE,e82ead66-f2c6-4a67-969b-979b2bbbfb50,CONFIRMED_APPLIED,APPLIED,1,0,1,2021.754621,,0,0,,
b1_lease_only-mid_dispatch-notifications-f7c1dc68-r8,p30,B1_LEASE_ONLY,mid_dispatch,notifications,POSITIVE_ONLY_READBACK,CALLER_REFERENCE,ceefcbb1-b876-47d6-99a6-d45ac0f3213b,CONFIRMED_APPLIED,APPLIED,1,0,1,2017.729336,,0,0,,
b1_lease_only-mid_dispatch-notifications-f7c1dc68-r9,p30,B1_LEASE_ONLY,mid_dispatch,notifications,POSITIVE_ONLY_READBACK,CALLER_REFERENCE,34c269db-8845-4660-87d6-05be7c0f06f7,CONFIRMED_APPLIED,APPLIED,2,0,2,7381.108677,,1,0,,
b1_lease_only-mid_dispatch-notifications-f7c1dc68-r9,p30,B1_LEASE_ONLY,mid_dispatch,notifications,POSITIVE_ONLY_READBACK,CALLER_REFERENCE,a64cc165-02c4-4494-913e-490739ea4b2d,CONFIRMED_APPLIED,APPLIED,1,0,1,2012.609993,,0,0,,
b1_lease_only-mid_dispatch-notifications-f7c1dc68-r9,p30,B1_LEASE_ONLY,mid_dispatch,notifications,POSITIVE_ONLY_READBACK,CALLER_REFERENCE,61f752e3-3304-43c6-9505-b56a38bcf5f2,CONFIRMED_APPLIED,APPLIED,1,0,1,2014.764485,,0,0,,
b1_lease_only-mid_dispatch-notifications-f7c1dc68-r9,p30,B1_LEASE_ONLY,mid_dispatch,notifications,POSITIVE_ONLY_READBACK,CALLER_REFERENCE,7ebc9225-1651-433f-b36c-418ec539e760,CONFIRMED_APPLIED,APPLIED,3,1,2,29906.718799,34739.0,1,0,,
b1_lease_only-mid_dispatch-notifications-f7c1dc68-r9,p30,B1_LEASE_ONLY,mid_dispatch,notifications,POSITIVE_ONLY_READBACK,CALLER_REFERENCE,903b5d81-500c-4aa9-a7dd-b6fd5903c7c6,CONFIRMED_APPLIED,APPLIED,1,0,1,2016.867023,,0,0,,
b1_lease_only-mid_dispatch-notifications-f7c1dc68-r9,p30,B1_LEASE_ONLY,mid_dispatch,notifications,POSITIVE_ONLY_READBACK,CALLER_REFERENCE,c3faa283-55fa-4e6f-9a84-e5007c17104c,CONFIRMED_APPLIED,APPLIED,3,1,3,30971.986248,46141.0,1,0,,
b1_lease_only-mid_dispatch-notifications-f7c1dc68-r9,p30,B1_LEASE_ONLY,mid_dispatch,notifications,POSITIVE_ONLY_READBACK,CALLER_REFERENCE,f621f41e-68eb-42ee-ad7d-71cc590e0b32,CONFIRMED_APPLIED,APPLIED,1,0,1,2015.661627,,0,0,,
b1_lease_only-mid_dispatch-notifications-f7c1dc68-r9,p30,B1_LEASE_ONLY,mid_dispatch,notifications,POSITIVE_ONLY_READBACK,CALLER_REFERENCE,3af02f6d-b27c-44c0-b6a0-4d2ec44e0462,CONFIRMED_APPLIED,APPLIED,1,0,1,2015.252911,,0,0,,
b1_lease_only-mid_dispatch-notifications-f7c1dc68-r9,p30,B1_LEASE_ONLY,mid_dispatch,notifications,POSITIVE_ONLY_READBACK,CALLER_REFERENCE,552ad7ae-eaad-4e68-9232-13403e1e5954,CONFIRMED_APPLIED,APPLIED,1,0,1,2015.290861,,0,0,,
b1_lease_only-mid_dispatch-notifications-f7c1dc68-r9,p30,B1_LEASE_ONLY,mid_dispatch,notifications,POSITIVE_ONLY_READBACK,CALLER_REFERENCE,d9bcfe83-94f5-4c75-b248-47891ee564ac,CONFIRMED_APPLIED,APPLIED,1,0,1,2020.428717,,0,0,,
b1_lease_only-mid_dispatch-payments-37269c5a-r0,p30,B1_LEASE_ONLY,mid_dispatch,payments,AUTHORITATIVE_READBACK,CALLER_REFERENCE,4fe1a2ba-2b2b-4c33-b88a-b51b43ead320,CONFIRMED_APPLIED,APPLIED,1,0,1,3092.951307,,0,0,,
b1_lease_only-mid_dispatch-payments-37269c5a-r0,p30,B1_LEASE_ONLY,mid_dispatch,payments,AUTHORITATIVE_READBACK,CALLER_REFERENCE,1aa4b01f-3ccf-42b2-833d-3d746d5eb205,CONFIRMED_APPLIED,APPLIED,1,0,1,2046.694092,,0,0,,
b1_lease_only-mid_dispatch-payments-37269c5a-r0,p30,B1_LEASE_ONLY,mid_dispatch,payments,AUTHORITATIVE_READBACK,CALLER_REFERENCE,eaaa831a-2396-4573-a251-5f84ed684f07,CONFIRMED_APPLIED,APPLIED,2,1,2,19834.773905,35946.0,1,0,,
b1_lease_only-mid_dispatch-payments-37269c5a-r0,p30,B1_LEASE_ONLY,mid_dispatch,payments,AUTHORITATIVE_READBACK,CALLER_REFERENCE,0596df74-88c0-4b50-95cf-3671205592d0,CONFIRMED_APPLIED,APPLIED,1,0,1,2029.279121,,0,0,,
b1_lease_only-mid_dispatch-payments-37269c5a-r0,p30,B1_LEASE_ONLY,mid_dispatch,payments,AUTHORITATIVE_READBACK,CALLER_REFERENCE,e227e36e-dc2f-420b-830b-7a878e6354b9,CONFIRMED_APPLIED,APPLIED,1,0,1,2030.478702,,0,0,,
b1_lease_only-mid_dispatch-payments-37269c5a-r0,p30,B1_LEASE_ONLY,mid_dispatch,payments,AUTHORITATIVE_READBACK,CALLER_REFERENCE,bca7d0d1-4f50-4b49-98cf-5749e29b66a1,CONFIRMED_APPLIED,APPLIED,1,1,1,19997.07598,40966.0,0,0,,
b1_lease_only-mid_dispatch-payments-37269c5a-r0,p30,B1_LEASE_ONLY,mid_dispatch,payments,AUTHORITATIVE_READBACK,CALLER_REFERENCE,54579239-11e6-4ddf-a963-eb3074580cf2,CONFIRMED_APPLIED,APPLIED,1,0,1,2046.088559,,0,0,,
b1_lease_only-mid_dispatch-payments-37269c5a-r0,p30,B1_LEASE_ONLY,mid_dispatch,payments,AUTHORITATIVE_READBACK,CALLER_REFERENCE,621d75ad-ba62-430f-bb9b-dd38b21a2896,CONFIRMED_APPLIED,APPLIED,1,0,1,2036.121606,,0,0,,
b1_lease_only-mid_dispatch-payments-37269c5a-r0,p30,B1_LEASE_ONLY,mid_dispatch,payments,AUTHORITATIVE_READBACK,CALLER_REFERENCE,32b35caf-5cd7-4f35-8432-450d97e79d89,CONFIRMED_APPLIED,APPLIED,1,0,1,2026.187793,,0,0,,
b1_lease_only-mid_dispatch-payments-37269c5a-r0,p30,B1_LEASE_ONLY,mid_dispatch,payments,AUTHORITATIVE_READBACK,CALLER_REFERENCE,b7a216cb-fc23-4de0-9e52-950348fa0651,CONFIRMED_APPLIED,APPLIED,2,0,2,7077.045403,,1,0,,
b1_lease_only-mid_dispatch-payments-37269c5a-r1,p30,B1_LEASE_ONLY,mid_dispatch,payments,AUTHORITATIVE_READBACK,CALLER_REFERENCE,3ba3b27c-0ae6-45fb-a2fb-83f47907b526,CONFIRMED_APPLIED,APPLIED,1,0,1,2488.299023,,0,0,,
b1_lease_only-mid_dispatch-payments-37269c5a-r1,p30,B1_LEASE_ONLY,mid_dispatch,payments,AUTHORITATIVE_READBACK,CALLER_REFERENCE,46d82abe-5bf8-4147-a281-c9d10a059df7,CONFIRMED_APPLIED,APPLIED,1,0,1,2026.404061,,0,0,,
b1_lease_only-mid_dispatch-payments-37269c5a-r1,p30,B1_LEASE_ONLY,mid_dispatch,payments,AUTHORITATIVE_READBACK,CALLER_REFERENCE,dda03d30-6e9f-452c-8e08-f87e747be791,CONFIRMED_APPLIED,APPLIED,1,0,1,2018.884139,,0,0,,
b1_lease_only-mid_dispatch-payments-37269c5a-r1,p30,B1_LEASE_ONLY,mid_dispatch,payments,AUTHORITATIVE_READBACK,CALLER_REFERENCE,844e7280-964c-40d0-a717-a662dd1ac5a4,CONFIRMED_APPLIED,APPLIED,2,1,1,20886.101902,81415.0,1,0,,
b1_lease_only-mid_dispatch-payments-37269c5a-r1,p30,B1_LEASE_ONLY,mid_dispatch,payments,AUTHORITATIVE_READBACK,CALLER_REFERENCE,c2023994-f659-45b8-b0e9-d3c037744b96,CONFIRMED_APPLIED,APPLIED,1,0,1,2034.848499,,0,0,,
b1_lease_only-mid_dispatch-payments-37269c5a-r1,p30,B1_LEASE_ONLY,mid_dispatch,payments,AUTHORITATIVE_READBACK,CALLER_REFERENCE,769cfa8f-1b8d-4ebf-806e-55e3dfbd2c1f,CONFIRMED_APPLIED,APPLIED,1,0,1,2471.950512,,0,0,,
b1_lease_only-mid_dispatch-payments-37269c5a-r1,p30,B1_LEASE_ONLY,mid_dispatch,payments,AUTHORITATIVE_READBACK,CALLER_REFERENCE,4166adfd-2f14-41bc-95a3-73e227fc53b5,CONFIRMED_APPLIED,APPLIED,1,0,1,2026.100647,,0,0,,
b1_lease_only-mid_dispatch-payments-37269c5a-r1,p30,B1_LEASE_ONLY,mid_dispatch,payments,AUTHORITATIVE_READBACK,CALLER_REFERENCE,1fef5a67-4de4-4748-85fc-8433bc7fd1be,CONFIRMED_APPLIED,APPLIED,2,1,1,21227.629902,83455.0,1,0,,
b1_lease_only-mid_dispatch-payments-37269c5a-r1,p30,B1_LEASE_ONLY,mid_dispatch,payments,AUTHORITATIVE_READBACK,CALLER_REFERENCE,3bfc0b2f-5a59-4200-9809-0ac22ca6e094,CONFIRMED_APPLIED,APPLIED,2,1,1,21834.305214,55380.0,1,0,,
b1_lease_only-mid_dispatch-payments-37269c5a-r1,p30,B1_LEASE_ONLY,mid_dispatch,payments,AUTHORITATIVE_READBACK,CALLER_REFERENCE,42d771e1-e859-4fd0-b7b0-594cc85b67c6,CONFIRMED_APPLIED,APPLIED,2,1,1,22504.7765,27429.0,1,0,,
b1_lease_only-mid_dispatch-payments-37269c5a-r10,p30,B1_LEASE_ONLY,mid_dispatch,payments,AUTHORITATIVE_READBACK,CALLER_REFERENCE,69a9b5b6-821f-423a-9a45-c8e0031bca18,CONFIRMED_APPLIED,APPLIED,1,0,1,2415.100048,,0,0,,
b1_lease_only-mid_dispatch-payments-37269c5a-r10,p30,B1_LEASE_ONLY,mid_dispatch,payments,AUTHORITATIVE_READBACK,CALLER_REFERENCE,1bc51312-c279-4c65-8935-c944bc499a25,CONFIRMED_APPLIED,APPLIED,1,0,1,2021.756277,,0,0,,
b1_lease_only-mid_dispatch-payments-37269c5a-r10,p30,B1_LEASE_ONLY,mid_dispatch,payments,AUTHORITATIVE_READBACK,CALLER_REFERENCE,174bd7ad-0b38-4844-bb71-d2a501d10d0d,CONFIRMED_APPLIED,APPLIED,2,1,1,24151.265009,61596.0,1,0,,
b1_lease_only-mid_dispatch-payments-37269c5a-r10,p30,B1_LEASE_ONLY,mid_dispatch,payments,AUTHORITATIVE_READBACK,CALLER_REFERENCE,988e06fc-727b-4513-80a4-2223be838708,CONFIRMED_APPLIED,APPLIED,2,1,1,24156.79563,34257.0,1,0,,
b1_lease_only-mid_dispatch-payments-37269c5a-r10,p30,B1_LEASE_ONLY,mid_dispatch,payments,AUTHORITATIVE_READBACK,CALLER_REFERENCE,b9c9155b-2d65-44bb-bdc6-8bc26e8bd462,CONFIRMED_APPLIED,APPLIED,2,0,2,7027.873794,,1,0,,
b1_lease_only-mid_dispatch-payments-37269c5a-r10,p30,B1_LEASE_ONLY,mid_dispatch,payments,AUTHORITATIVE_READBACK,CALLER_REFERENCE,7c057512-8999-4947-b3de-3e3a47610184,CONFIRMED_APPLIED,APPLIED,2,0,2,7375.35489,,1,0,,
b1_lease_only-mid_dispatch-payments-37269c5a-r10,p30,B1_LEASE_ONLY,mid_dispatch,payments,AUTHORITATIVE_READBACK,CALLER_REFERENCE,41537b7d-9ce6-45ae-9dca-1a160e7a8d05,CONFIRMED_APPLIED,APPLIED,2,1,1,24282.199962,58661.0,1,0,,
b1_lease_only-mid_dispatch-payments-37269c5a-r10,p30,B1_LEASE_ONLY,mid_dispatch,payments,AUTHORITATIVE_READBACK,CALLER_REFERENCE,a856ede5-10d3-403f-a7f5-26fb99d55384,CONFIRMED_APPLIED,APPLIED,2,0,3,9036.349217,,1,0,,
b1_lease_only-mid_dispatch-payments-37269c5a-r10,p30,B1_LEASE_ONLY,mid_dispatch,payments,AUTHORITATIVE_READBACK,CALLER_REFERENCE,c98d0a83-eb52-4359-84d1-2e86eca6f30f,CONFIRMED_APPLIED,APPLIED,1,0,1,2014.907823,,0,0,,
b1_lease_only-mid_dispatch-payments-37269c5a-r10,p30,B1_LEASE_ONLY,mid_dispatch,payments,AUTHORITATIVE_READBACK,CALLER_REFERENCE,d60b580d-ec55-4e63-ab62-90c4296c9757,CONFIRMED_APPLIED,APPLIED,1,0,1,2019.316517,,0,0,,
b1_lease_only-mid_dispatch-payments-37269c5a-r11,p30,B1_LEASE_ONLY,mid_dispatch,payments,AUTHORITATIVE_READBACK,CALLER_REFERENCE,e8828862-7e30-40b0-aa13-6dd6de9ac01d,CONFIRMED_APPLIED,APPLIED,1,0,1,2468.544568,,0,0,,
b1_lease_only-mid_dispatch-payments-37269c5a-r11,p30,B1_LEASE_ONLY,mid_dispatch,payments,AUTHORITATIVE_READBACK,CALLER_REFERENCE,ea90b373-2595-43ac-b223-bb8a2e5777b1,CONFIRMED_APPLIED,APPLIED,1,0,1,2025.1517,,0,0,,
b1_lease_only-mid_dispatch-payments-37269c5a-r11,p30,B1_LEASE_ONLY,mid_dispatch,payments,AUTHORITATIVE_READBACK,CALLER_REFERENCE,ce15fdf8-7c1a-4d90-ad37-93c1eb4de333,CONFIRMED_APPLIED,APPLIED,1,0,1,2017.353828,,0,0,,
b1_lease_only-mid_dispatch-payments-37269c5a-r11,p30,B1_LEASE_ONLY,mid_dispatch,payments,AUTHORITATIVE_READBACK,CALLER_REFERENCE,e1d77317-b73c-471a-ad22-b4b904e25acc,CONFIRMED_APPLIED,APPLIED,1,0,1,2016.323069,,0,0,,
b1_lease_only-mid_dispatch-payments-37269c5a-r11,p30,B1_LEASE_ONLY,mid_dispatch,payments,AUTHORITATIVE_READBACK,CALLER_REFERENCE,ff0e145c-fc21-4e75-b0d5-e62903f4acdc,CONFIRMED_APPLIED,APPLIED,1,0,1,2016.52779,,0,0,,
b1_lease_only-mid_dispatch-payments-37269c5a-r11,p30,B1_LEASE_ONLY,mid_dispatch,payments,AUTHORITATIVE_READBACK,CALLER_REFERENCE,1cb89a7b-f879-49c0-844b-e9e291b6fd8f,CONFIRMED_APPLIED,APPLIED,2,1,1,23933.611028,91222.0,1,0,,
b1_lease_only-mid_dispatch-payments-37269c5a-r11,p30,B1_LEASE_ONLY,mid_dispatch,payments,AUTHORITATIVE_READBACK,CALLER_REFERENCE,4da67653-3a44-4c53-b55f-04276cf4ae9c,CONFIRMED_APPLIED,APPLIED,2,0,2,7027.563904,,1,0,,
b1_lease_only-mid_dispatch-payments-37269c5a-r11,p30,B1_LEASE_ONLY,mid_dispatch,payments,AUTHORITATIVE_READBACK,CALLER_REFERENCE,6500759a-ff72-4376-857d-9987efcd604d,CONFIRMED_APPLIED,APPLIED,2,1,1,24475.602015,56660.0,1,0,,
b1_lease_only-mid_dispatch-payments-37269c5a-r11,p30,B1_LEASE_ONLY,mid_dispatch,payments,AUTHORITATIVE_READBACK,CALLER_REFERENCE,cc9856ac-9880-49bd-acc4-8ed1034eda22,CONFIRMED_APPLIED,APPLIED,2,1,1,23992.52189,29202.0,1,0,,
b1_lease_only-mid_dispatch-payments-37269c5a-r11,p30,B1_LEASE_ONLY,mid_dispatch,payments,AUTHORITATIVE_READBACK,CALLER_REFERENCE,ee3c99eb-cac2-4ef8-b5ff-48f7ef394df7,CONFIRMED_APPLIED,APPLIED,1,0,1,2016.764779,,0,0,,
b1_lease_only-mid_dispatch-payments-37269c5a-r12,p30,B1_LEASE_ONLY,mid_dispatch,payments,AUTHORITATIVE_READBACK,CALLER_REFERENCE,74d35059-669f-46ae-a974-b7b19dd4daa4,CONFIRMED_APPLIED,APPLIED,1,0,1,2414.344081,,0,0,,
b1_lease_only-mid_dispatch-payments-37269c5a-r12,p30,B1_LEASE_ONLY,mid_dispatch,payments,AUTHORITATIVE_READBACK,CALLER_REFERENCE,35e27504-408c-4b87-8c35-195c5b2a5dc0,CONFIRMED_APPLIED,APPLIED,1,0,1,2890.141004,,0,0,,
b1_lease_only-mid_dispatch-payments-37269c5a-r12,p30,B1_LEASE_ONLY,mid_dispatch,payments,AUTHORITATIVE_READBACK,CALLER_REFERENCE,39c9c5ab-7948-433b-81e0-50ad9d509b17,CONFIRMED_APPLIED,APPLIED,1,0,1,2134.57342,,0,0,,
b1_lease_only-mid_dispatch-payments-37269c5a-r12,p30,B1_LEASE_ONLY,mid_dispatch,payments,AUTHORITATIVE_READBACK,CALLER_REFERENCE,a5b4b52c-5492-4366-9d9e-3980522a0595,CONFIRMED_APPLIED,APPLIED,1,0,1,2071.553173,,0,0,,
b1_lease_only-mid_dispatch-payments-37269c5a-r12,p30,B1_LEASE_ONLY,mid_dispatch,payments,AUTHORITATIVE_READBACK,CALLER_REFERENCE,ef176a1d-b89b-4720-886e-e2cc2a2e4ca9,CONFIRMED_APPLIED,APPLIED,2,1,1,13261.371605,27166.0,1,0,,
b1_lease_only-mid_dispatch-payments-37269c5a-r12,p30,B1_LEASE_ONLY,mid_dispatch,payments,AUTHORITATIVE_READBACK,CALLER_REFERENCE,6f8d1695-cc03-4563-87ad-4e7915e0832e,CONFIRMED_APPLIED,APPLIED,1,0,1,2424.480459,,0,0,,
b1_lease_only-mid_dispatch-payments-37269c5a-r12,p30,B1_LEASE_ONLY,mid_dispatch,payments,AUTHORITATIVE_READBACK,CALLER_REFERENCE,bfd9d3d3-d25e-4061-8063-d8774f223307,CONFIRMED_APPLIED,APPLIED,1,0,1,2885.831001,,0,0,,
b1_lease_only-mid_dispatch-payments-37269c5a-r12,p30,B1_LEASE_ONLY,mid_dispatch,payments,AUTHORITATIVE_READBACK,CALLER_REFERENCE,031cbdca-6e92-4dff-af84-3bdbc700e669,CONFIRMED_APPLIED,APPLIED,1,0,1,2125.970746,,0,0,,
b1_lease_only-mid_dispatch-payments-37269c5a-r12,p30,B1_LEASE_ONLY,mid_dispatch,payments,AUTHORITATIVE_READBACK,CALLER_REFERENCE,ce04cff8-6fba-4921-bf8d-5e60efd27b0e,CONFIRMED_APPLIED,APPLIED,1,0,1,2057.806465,,0,0,,
b1_lease_only-mid_dispatch-payments-37269c5a-r12,p30,B1_LEASE_ONLY,mid_dispatch,payments,AUTHORITATIVE_READBACK,CALLER_REFERENCE,9f7caf4c-c81b-4c13-8103-e903dc241804,CONFIRMED_APPLIED,APPLIED,1,0,1,2272.506433,,0,0,,
b1_lease_only-mid_dispatch-payments-37269c5a-r13,p30,B1_LEASE_ONLY,mid_dispatch,payments,AUTHORITATIVE_READBACK,CALLER_REFERENCE,6c3755b0-dd4b-4dfd-af7e-2c90262193ab,CONFIRMED_APPLIED,APPLIED,1,0,1,2443.213522,,0,0,,
b1_lease_only-mid_dispatch-payments-37269c5a-r13,p30,B1_LEASE_ONLY,mid_dispatch,payments,AUTHORITATIVE_READBACK,CALLER_REFERENCE,d850610b-801e-480f-b1b9-a30f3ad01126,CONFIRMED_APPLIED,APPLIED,1,0,1,2015.591534,,0,0,,
b1_lease_only-mid_dispatch-payments-37269c5a-r13,p30,B1_LEASE_ONLY,mid_dispatch,payments,AUTHORITATIVE_READBACK,CALLER_REFERENCE,f2284a15-c71d-4da7-8159-2261dc6eb01c,CONFIRMED_APPLIED,APPLIED,1,0,1,2014.253341,,0,0,,
b1_lease_only-mid_dispatch-payments-37269c5a-r13,p30,B1_LEASE_ONLY,mid_dispatch,payments,AUTHORITATIVE_READBACK,CALLER_REFERENCE,b30caa48-533e-4e84-ba66-531518913757,CONFIRMED_APPLIED,APPLIED,1,0,1,2014.545246,,0,0,,
b1_lease_only-mid_dispatch-payments-37269c5a-r13,p30,B1_LEASE_ONLY,mid_dispatch,payments,AUTHORITATIVE_READBACK,CALLER_REFERENCE,88c73d3a-9588-4ff7-b927-57d8d133b7b6,CONFIRMED_APPLIED,APPLIED,1,0,1,2016.464133,,0,0,,
b1_lease_only-mid_dispatch-payments-37269c5a-r13,p30,B1_LEASE_ONLY,mid_dispatch,payments,AUTHORITATIVE_READBACK,CALLER_REFERENCE,0386a068-d021-413f-930d-79e03328aee2,CONFIRMED_APPLIED,APPLIED,1,0,1,2458.651015,,0,0,,
b1_lease_only-mid_dispatch-payments-37269c5a-r13,p30,B1_LEASE_ONLY,mid_dispatch,payments,AUTHORITATIVE_READBACK,CALLER_REFERENCE,6e45e3d9-a4a3-425e-8992-2bb76ea8a9a8,CONFIRMED_APPLIED,APPLIED,1,0,1,2013.81394,,0,0,,
b1_lease_only-mid_dispatch-payments-37269c5a-r13,p30,B1_LEASE_ONLY,mid_dispatch,payments,AUTHORITATIVE_READBACK,CALLER_REFERENCE,926f5a50-4548-4727-9b75-2c112ff9575a,CONFIRMED_APPLIED,APPLIED,1,0,2,4028.673223,,0,0,,
b1_lease_only-mid_dispatch-payments-37269c5a-r13,p30,B1_LEASE_ONLY,mid_dispatch,payments,AUTHORITATIVE_READBACK,CALLER_REFERENCE,e30d7161-f445-4380-9e89-fa9ebd2d2427,CONFIRMED_APPLIED,APPLIED,1,0,1,2017.557585,,0,0,,
b1_lease_only-mid_dispatch-payments-37269c5a-r13,p30,B1_LEASE_ONLY,mid_dispatch,payments,AUTHORITATIVE_READBACK,CALLER_REFERENCE,e42bd14d-5007-4aee-962d-3cc89d6a3fb5,CONFIRMED_APPLIED,APPLIED,2,0,2,7033.779849,,1,0,,
b1_lease_only-mid_dispatch-payments-37269c5a-r14,p30,B1_LEASE_ONLY,mid_dispatch,payments,AUTHORITATIVE_READBACK,CALLER_REFERENCE,a800a86c-3955-4162-8b7d-20a170616404,CONFIRMED_APPLIED,APPLIED,1,1,3,35332.979976,153389.0,0,0,,
b1_lease_only-mid_dispatch-payments-37269c5a-r14,p30,B1_LEASE_ONLY,mid_dispatch,payments,AUTHORITATIVE_READBACK,CALLER_REFERENCE,0acad37b-dcc6-4974-8ce6-96bbfaf3c9f3,CONFIRMED_APPLIED,APPLIED,2,1,1,2806.900403,108304.0,1,0,,
b1_lease_only-mid_dispatch-payments-37269c5a-r14,p30,B1_LEASE_ONLY,mid_dispatch,payments,AUTHORITATIVE_READBACK,CALLER_REFERENCE,14c63bf7-145f-4ae8-a29e-a61450b81fe0,CONFIRMED_APPLIED,APPLIED,1,0,1,2022.165193,,0,0,,
b1_lease_only-mid_dispatch-payments-37269c5a-r14,p30,B1_LEASE_ONLY,mid_dispatch,payments,AUTHORITATIVE_READBACK,CALLER_REFERENCE,ec423130-a9d7-4a65-beb5-b991eb93a7c9,CONFIRMED_APPLIED,APPLIED,2,1,1,21777.836372,59135.0,1,0,,
b1_lease_only-mid_dispatch-payments-37269c5a-r14,p30,B1_LEASE_ONLY,mid_dispatch,payments,AUTHORITATIVE_READBACK,CALLER_REFERENCE,26458872-eefc-4116-aa5b-2aa27b39b948,CONFIRMED_APPLIED,APPLIED,2,1,1,22035.816081,29881.0,1,0,,
b1_lease_only-mid_dispatch-payments-37269c5a-r14,p30,B1_LEASE_ONLY,mid_dispatch,payments,AUTHORITATIVE_READBACK,CALLER_REFERENCE,9f3562a6-66f7-4edd-9b6a-a751ce035d6b,CONFIRMED_APPLIED,APPLIED,1,0,1,3748.810278,,0,0,,
b1_lease_only-mid_dispatch-payments-37269c5a-r14,p30,B1_LEASE_ONLY,mid_dispatch,payments,AUTHORITATIVE_READBACK,CALLER_REFERENCE,e17d55ed-633f-4c30-a2f8-2ceab560a2a6,CONFIRMED_APPLIED,APPLIED,1,0,1,2035.727532,,0,0,,
b1_lease_only-mid_dispatch-payments-37269c5a-r14,p30,B1_LEASE_ONLY,mid_dispatch,payments,AUTHORITATIVE_READBACK,CALLER_REFERENCE,c189aeb6-9c69-4f1e-9ba2-9b6f4f17c421,CONFIRMED_APPLIED,APPLIED,2,1,1,25165.465138,147655.0,1,0,,
b1_lease_only-mid_dispatch-payments-37269c5a-r14,p30,B1_LEASE_ONLY,mid_dispatch,payments,AUTHORITATIVE_READBACK,CALLER_REFERENCE,af4fec49-7d62-4cae-a4c5-6d1ce5535142,CONFIRMED_APPLIED,APPLIED,1,0,1,2151.296571,,0,0,,
b1_lease_only-mid_dispatch-payments-37269c5a-r14,p30,B1_LEASE_ONLY,mid_dispatch,payments,AUTHORITATIVE_READBACK,CALLER_REFERENCE,64000e11-62e7-4e05-9252-4d24c93a31de,CONFIRMED_APPLIED,APPLIED,2,0,2,7389.780043,,1,0,,
b1_lease_only-mid_dispatch-payments-37269c5a-r2,p30,B1_LEASE_ONLY,mid_dispatch,payments,AUTHORITATIVE_READBACK,CALLER_REFERENCE,9f5fa770-2b19-4c89-861a-aa6ede250951,CONFIRMED_APPLIED,APPLIED,1,0,1,2253.524327,,0,0,,
b1_lease_only-mid_dispatch-payments-37269c5a-r2,p30,B1_LEASE_ONLY,mid_dispatch,payments,AUTHORITATIVE_READBACK,CALLER_REFERENCE,b21c3dbb-2bb8-4cfd-9848-ad8adb22bfef,CONFIRMED_APPLIED,APPLIED,2,1,1,24841.234091,63758.0,1,0,,
b1_lease_only-mid_dispatch-payments-37269c5a-r2,p30,B1_LEASE_ONLY,mid_dispatch,payments,AUTHORITATIVE_READBACK,CALLER_REFERENCE,d55feb2f-5a74-4135-a3b3-aed80d0ee7ed,CONFIRMED_APPLIED,APPLIED,1,0,1,2014.845305,,0,0,,
b1_lease_only-mid_dispatch-payments-37269c5a-r2,p30,B1_LEASE_ONLY,mid_dispatch,payments,AUTHORITATIVE_READBACK,CALLER_REFERENCE,1bbc5e54-527b-4887-9e26-27f6d9d1d7d7,CONFIRMED_APPLIED,APPLIED,2,1,1,24997.79415,34275.0,1,0,,
b1_lease_only-mid_dispatch-payments-37269c5a-r2,p30,B1_LEASE_ONLY,mid_dispatch,payments,AUTHORITATIVE_READBACK,CALLER_REFERENCE,9dc006c5-bb2c-4a75-b68a-b7277704b5a9,CONFIRMED_APPLIED,APPLIED,2,0,2,7031.341072,,1,0,,
b1_lease_only-mid_dispatch-payments-37269c5a-r2,p30,B1_LEASE_ONLY,mid_dispatch,payments,AUTHORITATIVE_READBACK,CALLER_REFERENCE,a9c83df7-72d4-4d6a-8f79-ef1b7262c419,CONFIRMED_APPLIED,APPLIED,1,0,1,2262.628272,,0,0,,
b1_lease_only-mid_dispatch-payments-37269c5a-r2,p30,B1_LEASE_ONLY,mid_dispatch,payments,AUTHORITATIVE_READBACK,CALLER_REFERENCE,cb45d3a1-d792-491b-b95e-2a17e70efb53,CONFIRMED_APPLIED,APPLIED,2,1,1,24849.757247,63750.0,1,0,,
b1_lease_only-mid_dispatch-payments-37269c5a-r2,p30,B1_LEASE_ONLY,mid_dispatch,payments,AUTHORITATIVE_READBACK,CALLER_REFERENCE,43846628-b7f1-4775-8cd1-85a1d6287b1c,CONFIRMED_APPLIED,APPLIED,1,0,1,2015.016191,,0,0,,
b1_lease_only-mid_dispatch-payments-37269c5a-r2,p30,B1_LEASE_ONLY,mid_dispatch,payments,AUTHORITATIVE_READBACK,CALLER_REFERENCE,e28d4725-ad80-4e35-8a83-ccd016e1fa66,CONFIRMED_APPLIED,APPLIED,1,0,2,4031.858334,,0,0,,
b1_lease_only-mid_dispatch-payments-37269c5a-r2,p30,B1_LEASE_ONLY,mid_dispatch,payments,AUTHORITATIVE_READBACK,CALLER_REFERENCE,3f93069e-69d4-4492-bd57-37b50e2f1ac8,CONFIRMED_APPLIED,APPLIED,2,1,1,24914.424788,30236.0,1,0,,
b1_lease_only-mid_dispatch-payments-37269c5a-r3,p30,B1_LEASE_ONLY,mid_dispatch,payments,AUTHORITATIVE_READBACK,CALLER_REFERENCE,13821c41-83e2-407f-a84b-cda5f48681f4,CONFIRMED_APPLIED,APPLIED,1,0,1,2251.337,,0,0,,
b1_lease_only-mid_dispatch-payments-37269c5a-r3,p30,B1_LEASE_ONLY,mid_dispatch,payments,AUTHORITATIVE_READBACK,CALLER_REFERENCE,a90f0913-6ec7-4a11-a586-c1f009f2c522,CONFIRMED_APPLIED,APPLIED,2,1,1,24915.145341,113955.0,1,0,,
b1_lease_only-mid_dispatch-payments-37269c5a-r3,p30,B1_LEASE_ONLY,mid_dispatch,payments,AUTHORITATIVE_READBACK,CALLER_REFERENCE,9600830e-4341-4cd0-b3b5-defbb3bcdfe7,CONFIRMED_APPLIED,APPLIED,2,0,2,7025.241322,,1,0,,
b1_lease_only-mid_dispatch-payments-37269c5a-r3,p30,B1_LEASE_ONLY,mid_dispatch,payments,AUTHORITATIVE_READBACK,CALLER_REFERENCE,6fda182c-cae5-4837-aea3-81c866c0661d,CONFIRMED_APPLIED,APPLIED,3,1,2,29992.112881,79411.0,1,0,,
b1_lease_only-mid_dispatch-payments-37269c5a-r3,p30,B1_LEASE_ONLY,mid_dispatch,payments,AUTHORITATIVE_READBACK,CALLER_REFERENCE,22954bc2-dfd9-4ed8-98ce-0f342927ad69,CONFIRMED_APPLIED,APPLIED,1,0,1,2016.672704,,0,0,,
b1_lease_only-mid_dispatch-payments-37269c5a-r3,p30,B1_LEASE_ONLY,mid_dispatch,payments,AUTHORITATIVE_READBACK,CALLER_REFERENCE,68c86193-98e4-4aef-8803-064ba9c4cd0d,CONFIRMED_APPLIED,APPLIED,3,1,2,29624.204736,116202.0,1,0,,
b1_lease_only-mid_dispatch-payments-37269c5a-r3,p30,B1_LEASE_ONLY,mid_dispatch,payments,AUTHORITATIVE_READBACK,CALLER_REFERENCE,18305214-20cd-47e8-9576-6c31f203be4a,CONFIRMED_APPLIED,APPLIED,2,1,1,24907.359256,83922.0,1,0,,
b1_lease_only-mid_dispatch-payments-37269c5a-r3,p30,B1_LEASE_ONLY,mid_dispatch,payments,AUTHORITATIVE_READBACK,CALLER_REFERENCE,a0472dca-24c2-4de1-96fb-add446e6856d,CONFIRMED_APPLIED,APPLIED,2,1,1,24705.1171,56516.0,1,0,,
b1_lease_only-mid_dispatch-payments-37269c5a-r3,p30,B1_LEASE_ONLY,mid_dispatch,payments,AUTHORITATIVE_READBACK,CALLER_REFERENCE,a748b9e1-482e-4062-b834-835140eafe54,CONFIRMED_APPLIED,APPLIED,1,0,1,2017.531515,,0,0,,
b1_lease_only-mid_dispatch-payments-37269c5a-r3,p30,B1_LEASE_ONLY,mid_dispatch,payments,AUTHORITATIVE_READBACK,CALLER_REFERENCE,b6947766-c4b6-4658-93bd-51e9db649cfd,CONFIRMED_APPLIED,APPLIED,2,1,1,24941.129976,27125.0,1,0,,
b1_lease_only-mid_dispatch-payments-37269c5a-r4,p30,B1_LEASE_ONLY,mid_dispatch,payments,AUTHORITATIVE_READBACK,CALLER_REFERENCE,7ca8711f-8b17-4b96-b2a5-3eba00af0f3f,CONFIRMED_APPLIED,APPLIED,1,0,1,2254.139476,,0,0,,
b1_lease_only-mid_dispatch-payments-37269c5a-r4,p30,B1_LEASE_ONLY,mid_dispatch,payments,AUTHORITATIVE_READBACK,CALLER_REFERENCE,1162876f-5d47-43fe-b3e3-d144011ada23,CONFIRMED_APPLIED,APPLIED,1,0,1,2015.466103,,0,0,,
b1_lease_only-mid_dispatch-payments-37269c5a-r4,p30,B1_LEASE_ONLY,mid_dispatch,payments,AUTHORITATIVE_READBACK,CALLER_REFERENCE,4c8ce351-6bc4-4ebd-9a34-84638c6dcaf5,CONFIRMED_APPLIED,APPLIED,1,0,1,2045.318722,,0,0,,
b1_lease_only-mid_dispatch-payments-37269c5a-r4,p30,B1_LEASE_ONLY,mid_dispatch,payments,AUTHORITATIVE_READBACK,CALLER_REFERENCE,a82fffc2-8b0a-4c82-957e-8366f3c8af03,CONFIRMED_APPLIED,APPLIED,2,1,1,24370.328817,54575.0,1,0,,
b1_lease_only-mid_dispatch-payments-37269c5a-r4,p30,B1_LEASE_ONLY,mid_dispatch,payments,AUTHORITATIVE_READBACK,CALLER_REFERENCE,f39f5f78-1cfe-4b4f-8e9a-0c9f14c1235c,CONFIRMED_APPLIED,APPLIED,2,1,1,24895.324317,27149.0,1,0,,
b1_lease_only-mid_dispatch-payments-37269c5a-r4,p30,B1_LEASE_ONLY,mid_dispatch,payments,AUTHORITATIVE_READBACK,CALLER_REFERENCE,cc8fcb3a-7dea-41f9-8f63-6761fe3fe3b3,CONFIRMED_APPLIED,APPLIED,1,0,1,2267.448919,,0,0,,
b1_lease_only-mid_dispatch-payments-37269c5a-r4,p30,B1_LEASE_ONLY,mid_dispatch,payments,AUTHORITATIVE_READBACK,CALLER_REFERENCE,f4fecbe4-b247-42ef-b187-8362c8b15be7,CONFIRMED_APPLIED,APPLIED,1,0,1,2022.336192,,0,0,,
b1_lease_only-mid_dispatch-payments-37269c5a-r4,p30,B1_LEASE_ONLY,mid_dispatch,payments,AUTHORITATIVE_READBACK,CALLER_REFERENCE,c9cfd97f-81fc-45c9-8d71-8629d597abe2,CONFIRMED_APPLIED,APPLIED,2,1,1,23860.312276,56623.0,1,0,,
b1_lease_only-mid_dispatch-payments-37269c5a-r4,p30,B1_LEASE_ONLY,mid_dispatch,payments,AUTHORITATIVE_READBACK,CALLER_REFERENCE,44f055ba-93bf-4b37-994c-e602c644683f,CONFIRMED_APPLIED,APPLIED,1,0,1,2017.077972,,0,0,,
b1_lease_only-mid_dispatch-payments-37269c5a-r4,p30,B1_LEASE_ONLY,mid_dispatch,payments,AUTHORITATIVE_READBACK,CALLER_REFERENCE,63e1a03b-52d2-4c19-9efd-be9c0af84514,CONFIRMED_APPLIED,APPLIED,1,0,1,2019.009664,,0,0,,
b1_lease_only-mid_dispatch-payments-37269c5a-r5,p30,B1_LEASE_ONLY,mid_dispatch,payments,AUTHORITATIVE_READBACK,CALLER_REFERENCE,5c668945-b99f-45c1-9edd-648b029c86ad,CONFIRMED_APPLIED,APPLIED,2,1,1,24923.919927,86342.0,1,0,,
b1_lease_only-mid_dispatch-payments-37269c5a-r5,p30,B1_LEASE_ONLY,mid_dispatch,payments,AUTHORITATIVE_READBACK,CALLER_REFERENCE,7dc0aa76-6278-4a4b-9931-45406fc03ea3,CONFIRMED_APPLIED,APPLIED,1,0,1,2016.003292,,0,0,,
b1_lease_only-mid_dispatch-payments-37269c5a-r5,p30,B1_LEASE_ONLY,mid_dispatch,payments,AUTHORITATIVE_READBACK,CALLER_REFERENCE,2240e6cd-a06d-4a02-9cfa-06f32dfd2ab3,CONFIRMED_APPLIED,APPLIED,1,0,1,2016.417114,,0,0,,
b1_lease_only-mid_dispatch-payments-37269c5a-r5,p30,B1_LEASE_ONLY,mid_dispatch,payments,AUTHORITATIVE_READBACK,CALLER_REFERENCE,082927b7-2031-41f6-8bc9-19b26f57f15f,CONFIRMED_APPLIED,APPLIED,2,0,2,7034.327127,,1,0,,
b1_lease_only-mid_dispatch-payments-37269c5a-r5,p30,B1_LEASE_ONLY,mid_dispatch,payments,AUTHORITATIVE_READBACK,CALLER_REFERENCE,67a18132-a781-4174-bf39-9c17b2df2ebe,CONFIRMED_APPLIED,APPLIED,1,0,1,2013.962296,,0,0,,
b1_lease_only-mid_dispatch-payments-37269c5a-r5,p30,B1_LEASE_ONLY,mid_dispatch,payments,AUTHORITATIVE_READBACK,CALLER_REFERENCE,89a86884-d879-4678-82b0-f80566a4f1fc,CONFIRMED_APPLIED,APPLIED,1,0,1,2245.715216,,0,0,,
b1_lease_only-mid_dispatch-payments-37269c5a-r5,p30,B1_LEASE_ONLY,mid_dispatch,payments,AUTHORITATIVE_READBACK,CALLER_REFERENCE,2f20004a-b1a7-476d-abc7-aafbb750e5be,CONFIRMED_APPLIED,APPLIED,2,1,1,24878.254463,84106.0,1,0,,
b1_lease_only-mid_dispatch-payments-37269c5a-r5,p30,B1_LEASE_ONLY,mid_dispatch,payments,AUTHORITATIVE_READBACK,CALLER_REFERENCE,d545ad99-0962-4781-a945-3ca3c0ed5583,CONFIRMED_APPLIED,APPLIED,2,1,1,25017.848635,56710.0,1,0,,
b1_lease_only-mid_dispatch-payments-37269c5a-r5,p30,B1_LEASE_ONLY,mid_dispatch,payments,AUTHORITATIVE_READBACK,CALLER_REFERENCE,93f8962f-c571-48ef-b2ee-a8793d2e1353,CONFIRMED_APPLIED,APPLIED,1,0,1,2022.243585,,0,0,,
b1_lease_only-mid_dispatch-payments-37269c5a-r5,p30,B1_LEASE_ONLY,mid_dispatch,payments,AUTHORITATIVE_READBACK,CALLER_REFERENCE,4b836101-b3c5-4c10-b910-6f3fe2cb762d,CONFIRMED_APPLIED,APPLIED,1,1,1,24950.372242,27124.0,0,0,,
b1_lease_only-mid_dispatch-payments-37269c5a-r6,p30,B1_LEASE_ONLY,mid_dispatch,payments,AUTHORITATIVE_READBACK,CALLER_REFERENCE,a2f5a33d-9d77-4a81-9655-860b3e61404f,CONFIRMED_APPLIED,APPLIED,1,0,1,2325.990738,,0,0,,
b1_lease_only-mid_dispatch-payments-37269c5a-r6,p30,B1_LEASE_ONLY,mid_dispatch,payments,AUTHORITATIVE_READBACK,CALLER_REFERENCE,e43c097a-b5f2-4ed9-be7f-a578c675f069,CONFIRMED_APPLIED,APPLIED,1,0,1,2019.784414,,0,0,,
b1_lease_only-mid_dispatch-payments-37269c5a-r6,p30,B1_LEASE_ONLY,mid_dispatch,payments,AUTHORITATIVE_READBACK,CALLER_REFERENCE,b0fd3ae3-4738-4280-bd3b-2d49857ddb36,CONFIRMED_APPLIED,APPLIED,1,0,1,2014.962723,,0,0,,
b1_lease_only-mid_dispatch-payments-37269c5a-r6,p30,B1_LEASE_ONLY,mid_dispatch,payments,AUTHORITATIVE_READBACK,CALLER_REFERENCE,53e43759-6074-4e8d-9d85-70d684770d06,CONFIRMED_APPLIED,APPLIED,1,0,1,2013.729112,,0,0,,
b1_lease_only-mid_dispatch-payments-37269c5a-r6,p30,B1_LEASE_ONLY,mid_dispatch,payments,AUTHORITATIVE_READBACK,CALLER_REFERENCE,d44053d1-2146-4ff4-bc96-325f8380e8a2,CONFIRMED_APPLIED,APPLIED,2,1,1,24931.071593,27236.0,1,0,,
b1_lease_only-mid_dispatch-payments-37269c5a-r6,p30,B1_LEASE_ONLY,mid_dispatch,payments,AUTHORITATIVE_READBACK,CALLER_REFERENCE,3ab43695-a945-453b-a5fd-6d9c81212b9d,CONFIRMED_APPLIED,APPLIED,2,1,1,24921.945931,35594.0,1,0,,
b1_lease_only-mid_dispatch-payments-37269c5a-r6,p30,B1_LEASE_ONLY,mid_dispatch,payments,AUTHORITATIVE_READBACK,CALLER_REFERENCE,057f80da-f712-45e3-94ac-707b7f883efe,CONFIRMED_APPLIED,APPLIED,1,0,1,2016.337263,,0,0,,
b1_lease_only-mid_dispatch-payments-37269c5a-r6,p30,B1_LEASE_ONLY,mid_dispatch,payments,AUTHORITATIVE_READBACK,CALLER_REFERENCE,e5bcc824-958d-4519-9c23-f5cfe5b358e9,CONFIRMED_APPLIED,APPLIED,1,0,1,2016.663957,,0,0,,
b1_lease_only-mid_dispatch-payments-37269c5a-r6,p30,B1_LEASE_ONLY,mid_dispatch,payments,AUTHORITATIVE_READBACK,CALLER_REFERENCE,21c99edc-ef1e-4e9b-9d56-28a82e8f4b90,CONFIRMED_APPLIED,APPLIED,1,0,1,2018.305233,,0,0,,
b1_lease_only-mid_dispatch-payments-37269c5a-r6,p30,B1_LEASE_ONLY,mid_dispatch,payments,AUTHORITATIVE_READBACK,CALLER_REFERENCE,868584f7-b5fb-4987-b839-2de5a3ca5e46,CONFIRMED_APPLIED,APPLIED,1,0,1,2013.287968,,0,0,,
b1_lease_only-mid_dispatch-payments-37269c5a-r7,p30,B1_LEASE_ONLY,mid_dispatch,payments,AUTHORITATIVE_READBACK,CALLER_REFERENCE,1f81e76b-07ca-4198-9f13-b9a4b955b0da,CONFIRMED_APPLIED,APPLIED,2,1,3,29502.162121,67743.0,1,0,,
b1_lease_only-mid_dispatch-payments-37269c5a-r7,p30,B1_LEASE_ONLY,mid_dispatch,payments,AUTHORITATIVE_READBACK,CALLER_REFERENCE,fb2c5bc0-7a71-4ad8-9b86-9bee40a3e838,CONFIRMED_APPLIED,APPLIED,2,1,1,23971.317108,33229.0,1,0,,
b1_lease_only-mid_dispatch-payments-37269c5a-r7,p30,B1_LEASE_ONLY,mid_dispatch,payments,AUTHORITATIVE_READBACK,CALLER_REFERENCE,377a25fa-27db-4a16-b49e-37f140cfb53a,CONFIRMED_APPLIED,APPLIED,1,0,1,2020.366188,,0,0,,
b1_lease_only-mid_dispatch-payments-37269c5a-r7,p30,B1_LEASE_ONLY,mid_dispatch,payments,AUTHORITATIVE_READBACK,CALLER_REFERENCE,34291de3-af2f-47e0-b020-59593fb8352c,CONFIRMED_APPLIED,APPLIED,1,0,1,2016.28155,,0,0,,
b1_lease_only-mid_dispatch-payments-37269c5a-r7,p30,B1_LEASE_ONLY,mid_dispatch,payments,AUTHORITATIVE_READBACK,CALLER_REFERENCE,eef962b2-8c3b-425c-a56f-b1887bd43f97,CONFIRMED_APPLIED,APPLIED,1,0,1,2015.240971,,0,0,,
b1_lease_only-mid_dispatch-payments-37269c5a-r7,p30,B1_LEASE_ONLY,mid_dispatch,payments,AUTHORITATIVE_READBACK,CALLER_REFERENCE,5391c1fc-5438-48b1-87a0-5fd4d5c37e5c,CONFIRMED_APPLIED,APPLIED,1,0,1,2491.587366,,0,0,,
b1_lease_only-mid_dispatch-payments-37269c5a-r7,p30,B1_LEASE_ONLY,mid_dispatch,payments,AUTHORITATIVE_READBACK,CALLER_REFERENCE,8a5552f2-8628-423d-9a87-66d7adfef8d4,CONFIRMED_APPLIED,APPLIED,2,1,1,21989.600828,65265.0,1,0,,
b1_lease_only-mid_dispatch-payments-37269c5a-r7,p30,B1_LEASE_ONLY,mid_dispatch,payments,AUTHORITATIVE_READBACK,CALLER_REFERENCE,fbbe51a0-6567-4d11-b1f1-0c01d18ffb4b,CONFIRMED_APPLIED,APPLIED,2,0,2,7026.858011,,1,0,,
b1_lease_only-mid_dispatch-payments-37269c5a-r7,p30,B1_LEASE_ONLY,mid_dispatch,payments,AUTHORITATIVE_READBACK,CALLER_REFERENCE,7419df0d-c849-43dc-b097-aeb51d4f04fc,CONFIRMED_APPLIED,APPLIED,1,0,1,2017.062046,,0,0,,
b1_lease_only-mid_dispatch-payments-37269c5a-r7,p30,B1_LEASE_ONLY,mid_dispatch,payments,AUTHORITATIVE_READBACK,CALLER_REFERENCE,f691f29e-4bb0-41bc-b8c2-f69c11144e79,CONFIRMED_APPLIED,APPLIED,1,0,1,2016.466439,,0,0,,
b1_lease_only-mid_dispatch-payments-37269c5a-r8,p30,B1_LEASE_ONLY,mid_dispatch,payments,AUTHORITATIVE_READBACK,CALLER_REFERENCE,19d7cd57-068f-4e9d-8231-a4236d36dc32,CONFIRMED_APPLIED,APPLIED,1,0,1,2474.696368,,0,0,,
b1_lease_only-mid_dispatch-payments-37269c5a-r8,p30,B1_LEASE_ONLY,mid_dispatch,payments,AUTHORITATIVE_READBACK,CALLER_REFERENCE,3c0bf870-d8ef-4c7e-8f81-e5487bcf1818,CONFIRMED_APPLIED,APPLIED,2,0,2,7029.630271,,1,0,,
b1_lease_only-mid_dispatch-payments-37269c5a-r8,p30,B1_LEASE_ONLY,mid_dispatch,payments,AUTHORITATIVE_READBACK,CALLER_REFERENCE,cdcfdae0-fcc8-4dbf-acb8-e62bbade5916,UNVERIFIED_FAILURE,FAILED,3,0,3,15033.161843,,1,1,,
b1_lease_only-mid_dispatch-payments-37269c5a-r8,p30,B1_LEASE_ONLY,mid_dispatch,payments,AUTHORITATIVE_READBACK,CALLER_REFERENCE,caad14a6-e1c6-4bb3-a195-deeedd4a4154,CONFIRMED_APPLIED,APPLIED,1,0,1,2017.518357,,0,0,,
b1_lease_only-mid_dispatch-payments-37269c5a-r8,p30,B1_LEASE_ONLY,mid_dispatch,payments,AUTHORITATIVE_READBACK,CALLER_REFERENCE,03ca3126-48ad-4678-90b1-f745fcab5f80,CONFIRMED_APPLIED,APPLIED,1,0,1,2016.338552,,0,0,,
b1_lease_only-mid_dispatch-payments-37269c5a-r8,p30,B1_LEASE_ONLY,mid_dispatch,payments,AUTHORITATIVE_READBACK,CALLER_REFERENCE,dfda5c84-5795-4a30-96e4-8e2d2c53aca8,CONFIRMED_APPLIED,APPLIED,2,1,1,23482.296788,98010.0,1,0,,
b1_lease_only-mid_dispatch-payments-37269c5a-r8,p30,B1_LEASE_ONLY,mid_dispatch,payments,AUTHORITATIVE_READBACK,CALLER_REFERENCE,be4c54e8-6eb6-491f-a21e-fb02498ac105,CONFIRMED_APPLIED,APPLIED,2,1,1,23989.955874,70606.0,1,0,,
b1_lease_only-mid_dispatch-payments-37269c5a-r8,p30,B1_LEASE_ONLY,mid_dispatch,payments,AUTHORITATIVE_READBACK,CALLER_REFERENCE,270676fd-dbf0-49e6-8537-78f325391e17,CONFIRMED_APPLIED,APPLIED,1,0,2,4030.049974,,0,0,,
b1_lease_only-mid_dispatch-payments-37269c5a-r8,p30,B1_LEASE_ONLY,mid_dispatch,payments,AUTHORITATIVE_READBACK,CALLER_REFERENCE,93b2e596-b82a-4587-87a7-12ed798b9ddc,UNVERIFIED_FAILURE,FAILED,3,1,3,33992.227189,39175.0,1,1,,
b1_lease_only-mid_dispatch-payments-37269c5a-r8,p30,B1_LEASE_ONLY,mid_dispatch,payments,AUTHORITATIVE_READBACK,CALLER_REFERENCE,f9a30304-100b-45ff-9f63-8077e03154c6,CONFIRMED_APPLIED,APPLIED,1,0,1,2026.410614,,0,0,,
b1_lease_only-mid_dispatch-payments-37269c5a-r9,p30,B1_LEASE_ONLY,mid_dispatch,payments,AUTHORITATIVE_READBACK,CALLER_REFERENCE,8b2fbb89-5264-4161-b24b-a2ba2dda36d7,CONFIRMED_APPLIED,APPLIED,1,0,1,2411.292628,,0,0,,
b1_lease_only-mid_dispatch-payments-37269c5a-r9,p30,B1_LEASE_ONLY,mid_dispatch,payments,AUTHORITATIVE_READBACK,CALLER_REFERENCE,1d61edbe-a708-4a3e-9397-21fd3e7f2862,CONFIRMED_APPLIED,APPLIED,2,1,1,23916.396991,85622.0,1,0,,
b1_lease_only-mid_dispatch-payments-37269c5a-r9,p30,B1_LEASE_ONLY,mid_dispatch,payments,AUTHORITATIVE_READBACK,CALLER_REFERENCE,7fac316e-13c1-49fd-9c21-14990b121a3a,CONFIRMED_APPLIED,APPLIED,1,0,1,2017.120068,,0,0,,
b1_lease_only-mid_dispatch-payments-37269c5a-r9,p30,B1_LEASE_ONLY,mid_dispatch,payments,AUTHORITATIVE_READBACK,CALLER_REFERENCE,813aaf28-4ad6-455f-9500-d2c725eee1c8,CONFIRMED_APPLIED,APPLIED,1,0,1,2013.429224,,0,0,,
b1_lease_only-mid_dispatch-payments-37269c5a-r9,p30,B1_LEASE_ONLY,mid_dispatch,payments,AUTHORITATIVE_READBACK,CALLER_REFERENCE,f9dc9786-58d3-4c77-9b0e-071eca86432f,CONFIRMED_APPLIED,APPLIED,2,1,1,23206.428037,54140.0,1,0,,
b1_lease_only-mid_dispatch-payments-37269c5a-r9,p30,B1_LEASE_ONLY,mid_dispatch,payments,AUTHORITATIVE_READBACK,CALLER_REFERENCE,41833fe6-a0ad-4691-8e72-e20f31598141,CONFIRMED_APPLIED,APPLIED,2,1,1,23715.470698,88026.0,1,0,,
b1_lease_only-mid_dispatch-payments-37269c5a-r9,p30,B1_LEASE_ONLY,mid_dispatch,payments,AUTHORITATIVE_READBACK,CALLER_REFERENCE,4df3257b-5e4b-41d9-9766-b132ce15aeed,CONFIRMED_APPLIED,APPLIED,1,0,2,4025.798344,,0,0,,
b1_lease_only-mid_dispatch-payments-37269c5a-r9,p30,B1_LEASE_ONLY,mid_dispatch,payments,AUTHORITATIVE_READBACK,CALLER_REFERENCE,907913e8-0274-413b-91da-a820a6bc2aa4,CONFIRMED_APPLIED,APPLIED,1,0,1,2015.387253,,0,0,,
b1_lease_only-mid_dispatch-payments-37269c5a-r9,p30,B1_LEASE_ONLY,mid_dispatch,payments,AUTHORITATIVE_READBACK,CALLER_REFERENCE,c11d6c65-8a0b-4a23-abff-41813f5e7f5b,CONFIRMED_APPLIED,APPLIED,2,1,1,23428.067178,54542.0,1,0,,
b1_lease_only-mid_dispatch-payments-37269c5a-r9,p30,B1_LEASE_ONLY,mid_dispatch,payments,AUTHORITATIVE_READBACK,CALLER_REFERENCE,dc4dbfaa-89af-4c6a-b0e7-e41519a2e7e8,CONFIRMED_APPLIED,APPLIED,2,1,1,24225.607402,27189.0,1,0,,
b2_cas_only-mid_dispatch-ledger_postings-534a4fb5-r0,p30,B2_CAS_ONLY,mid_dispatch,ledger_postings,NO_READBACK,CALLER_REFERENCE,35173315-90de-4ca8-8f2e-2a34924006ac,CONFIRMED_APPLIED,APPLIED,2,0,2,7867.241312,,1,0,,
b2_cas_only-mid_dispatch-ledger_postings-534a4fb5-r0,p30,B2_CAS_ONLY,mid_dispatch,ledger_postings,NO_READBACK,CALLER_REFERENCE,6a17588d-d51a-4b80-90e2-a97df60265d7,CONFIRMED_APPLIED,APPLIED,1,0,1,2029.219517,,0,0,,
b2_cas_only-mid_dispatch-ledger_postings-534a4fb5-r0,p30,B2_CAS_ONLY,mid_dispatch,ledger_postings,NO_READBACK,CALLER_REFERENCE,51b5e5f4-a990-468c-a5c0-abdc811a881e,CONFIRMED_APPLIED,APPLIED,1,0,1,2021.645481,,0,0,,
b2_cas_only-mid_dispatch-ledger_postings-534a4fb5-r0,p30,B2_CAS_ONLY,mid_dispatch,ledger_postings,NO_READBACK,CALLER_REFERENCE,cb334de3-1b62-45e9-bfbd-978c22fef7ab,CONFIRMED_APPLIED,APPLIED,1,0,1,2020.092161,,0,0,,
b2_cas_only-mid_dispatch-ledger_postings-534a4fb5-r0,p30,B2_CAS_ONLY,mid_dispatch,ledger_postings,NO_READBACK,CALLER_REFERENCE,5c9df757-f120-4038-8741-3bf78a4f7fb3,CONFIRMED_APPLIED,APPLIED,1,0,1,2020.230069,,0,0,,
b2_cas_only-mid_dispatch-ledger_postings-534a4fb5-r0,p30,B2_CAS_ONLY,mid_dispatch,ledger_postings,NO_READBACK,CALLER_REFERENCE,8e667928-ed41-473f-a341-33be040a13de,CONFIRMED_APPLIED,APPLIED,1,0,1,2946.242618,,0,0,,
b2_cas_only-mid_dispatch-ledger_postings-534a4fb5-r0,p30,B2_CAS_ONLY,mid_dispatch,ledger_postings,NO_READBACK,CALLER_REFERENCE,be5dea93-4dca-45c6-ad5e-cabd4b8aa5d9,CONFIRMED_APPLIED,APPLIED,2,1,1,21968.997637,63849.0,1,0,,
b2_cas_only-mid_dispatch-ledger_postings-534a4fb5-r0,p30,B2_CAS_ONLY,mid_dispatch,ledger_postings,NO_READBACK,CALLER_REFERENCE,40168c2a-cf62-4003-95ae-e5c74454ab0f,CONFIRMED_APPLIED,APPLIED,2,1,1,23939.966478,36318.0,1,0,,
b2_cas_only-mid_dispatch-ledger_postings-534a4fb5-r0,p30,B2_CAS_ONLY,mid_dispatch,ledger_postings,NO_READBACK,CALLER_REFERENCE,8dfa8299-69ef-4d19-a656-5c9da4d0038d,CONFIRMED_APPLIED,APPLIED,2,0,2,7035.47138,,1,0,,
b2_cas_only-mid_dispatch-ledger_postings-534a4fb5-r0,p30,B2_CAS_ONLY,mid_dispatch,ledger_postings,NO_READBACK,CALLER_REFERENCE,f6bb013d-bd07-4df5-8a60-1d371a3dca10,CONFIRMED_APPLIED,APPLIED,1,0,1,2020.049659,,0,0,,
b2_cas_only-mid_dispatch-ledger_postings-534a4fb5-r1,p30,B2_CAS_ONLY,mid_dispatch,ledger_postings,NO_READBACK,CALLER_REFERENCE,57f12d9a-c0fe-43f6-b278-eb350019fc8f,CONFIRMED_APPLIED,APPLIED,1,1,1,19715.326916,45695.0,0,0,,
b2_cas_only-mid_dispatch-ledger_postings-534a4fb5-r1,p30,B2_CAS_ONLY,mid_dispatch,ledger_postings,NO_READBACK,CALLER_REFERENCE,a1efc0af-b109-408c-bead-d5ef1c805d55,CONFIRMED_APPLIED,APPLIED,1,0,1,2078.25369,,0,0,,
b2_cas_only-mid_dispatch-ledger_postings-534a4fb5-r1,p30,B2_CAS_ONLY,mid_dispatch,ledger_postings,NO_READBACK,CALLER_REFERENCE,eb2bd39e-372b-49d1-b188-d62977705fc1,CONFIRMED_APPLIED,APPLIED,1,0,1,2048.546681,,0,0,,
b2_cas_only-mid_dispatch-ledger_postings-534a4fb5-r1,p30,B2_CAS_ONLY,mid_dispatch,ledger_postings,NO_READBACK,CALLER_REFERENCE,ace004f8-70e0-435d-af52-ed823aae7606,CONFIRMED_APPLIED,APPLIED,1,0,1,2029.555061,,0,0,,
b2_cas_only-mid_dispatch-ledger_postings-534a4fb5-r1,p30,B2_CAS_ONLY,mid_dispatch,ledger_postings,NO_READBACK,CALLER_REFERENCE,101907fb-ff53-40ac-982f-b26e1c61b274,CONFIRMED_APPLIED,APPLIED,3,0,3,12049.190254,,1,0,,
b2_cas_only-mid_dispatch-ledger_postings-534a4fb5-r1,p30,B2_CAS_ONLY,mid_dispatch,ledger_postings,NO_READBACK,CALLER_REFERENCE,1cc98af1-a5a0-493f-90f9-65bf7a0de687,CONFIRMED_APPLIED,APPLIED,1,0,1,2573.109861,,0,0,,
b2_cas_only-mid_dispatch-ledger_postings-534a4fb5-r1,p30,B2_CAS_ONLY,mid_dispatch,ledger_postings,NO_READBACK,CALLER_REFERENCE,19c2a0ca-ee93-4f82-b21f-c38efaa13774,CONFIRMED_APPLIED,APPLIED,1,0,1,2118.796969,,0,0,,
b2_cas_only-mid_dispatch-ledger_postings-534a4fb5-r1,p30,B2_CAS_ONLY,mid_dispatch,ledger_postings,NO_READBACK,CALLER_REFERENCE,2dc75d41-9843-42ba-b004-3c023a3a284f,CONFIRMED_APPLIED,APPLIED,1,0,1,2280.000876,,0,0,,
b2_cas_only-mid_dispatch-ledger_postings-534a4fb5-r1,p30,B2_CAS_ONLY,mid_dispatch,ledger_postings,NO_READBACK,CALLER_REFERENCE,23c1c5b4-631c-4298-b07f-16489d5e22f6,CONFIRMED_APPLIED,APPLIED,2,1,1,21742.444909,38703.0,1,0,,
b2_cas_only-mid_dispatch-ledger_postings-534a4fb5-r1,p30,B2_CAS_ONLY,mid_dispatch,ledger_postings,NO_READBACK,CALLER_REFERENCE,7f948670-e897-4115-b0e0-7fce027e6132,CONFIRMED_APPLIED,APPLIED,2,0,2,7075.95264,,1,0,,
b2_cas_only-mid_dispatch-ledger_postings-534a4fb5-r10,p30,B2_CAS_ONLY,mid_dispatch,ledger_postings,NO_READBACK,CALLER_REFERENCE,71524438-909f-4843-b59c-a1415868de1b,CONFIRMED_APPLIED,APPLIED,2,0,3,9489.782027,,1,0,,
b2_cas_only-mid_dispatch-ledger_postings-534a4fb5-r10,p30,B2_CAS_ONLY,mid_dispatch,ledger_postings,NO_READBACK,CALLER_REFERENCE,18ed7fca-aae4-41c7-b542-ca6c1018c7eb,CONFIRMED_APPLIED,APPLIED,2,0,3,9045.168566,,1,0,,
b2_cas_only-mid_dispatch-ledger_postings-534a4fb5-r10,p30,B2_CAS_ONLY,mid_dispatch,ledger_postings,NO_READBACK,CALLER_REFERENCE,8b0ca843-dbfe-469e-8838-8acbd7e0c45b,CONFIRMED_APPLIED,APPLIED,1,0,1,2017.494131,,0,0,,
b2_cas_only-mid_dispatch-ledger_postings-534a4fb5-r10,p30,B2_CAS_ONLY,mid_dispatch,ledger_postings,NO_READBACK,CALLER_REFERENCE,f09bdd15-6163-434b-8414-367f89d9a7fa,CONFIRMED_APPLIED,APPLIED,1,1,1,24372.511436,45228.0,0,0,,
b2_cas_only-mid_dispatch-ledger_postings-534a4fb5-r10,p30,B2_CAS_ONLY,mid_dispatch,ledger_postings,NO_READBACK,CALLER_REFERENCE,fe20c31e-b996-441c-984a-19a2fd154731,CONFIRMED_APPLIED,APPLIED,1,0,1,2015.935257,,0,0,,
b2_cas_only-mid_dispatch-ledger_postings-534a4fb5-r10,p30,B2_CAS_ONLY,mid_dispatch,ledger_postings,NO_READBACK,CALLER_REFERENCE,39ce9d0a-416b-4dc8-a2d4-f66fd02108d3,CONFIRMED_APPLIED,APPLIED,1,1,1,23147.009631,65768.0,0,0,,
b2_cas_only-mid_dispatch-ledger_postings-534a4fb5-r10,p30,B2_CAS_ONLY,mid_dispatch,ledger_postings,NO_READBACK,CALLER_REFERENCE,b63abf5f-6cad-4f22-bb35-e552ae27edbc,CONFIRMED_APPLIED,APPLIED,1,0,1,2025.979422,,0,0,,
b2_cas_only-mid_dispatch-ledger_postings-534a4fb5-r10,p30,B2_CAS_ONLY,mid_dispatch,ledger_postings,NO_READBACK,CALLER_REFERENCE,07dc78ae-8bf2-43f7-b92e-33cda94a3d55,CONFIRMED_APPLIED,APPLIED,1,0,1,2017.196852,,0,0,,
b2_cas_only-mid_dispatch-ledger_postings-534a4fb5-r10,p30,B2_CAS_ONLY,mid_dispatch,ledger_postings,NO_READBACK,CALLER_REFERENCE,2968b489-6356-4ea1-abf1-3587b55ac40b,CONFIRMED_APPLIED,APPLIED,3,1,2,29503.78995,34371.0,1,0,,
b2_cas_only-mid_dispatch-ledger_postings-534a4fb5-r10,p30,B2_CAS_ONLY,mid_dispatch,ledger_postings,NO_READBACK,CALLER_REFERENCE,dabb5c64-14c9-44f1-8d43-a011e435b1f3,CONFIRMED_APPLIED,APPLIED,1,0,1,2017.363631,,0,0,,
b2_cas_only-mid_dispatch-ledger_postings-534a4fb5-r11,p30,B2_CAS_ONLY,mid_dispatch,ledger_postings,NO_READBACK,CALLER_REFERENCE,e7b1e312-c5c3-4b11-919f-f97167e8f6c9,CONFIRMED_APPLIED,APPLIED,1,0,1,2463.427034,,0,0,,
b2_cas_only-mid_dispatch-ledger_postings-534a4fb5-r11,p30,B2_CAS_ONLY,mid_dispatch,ledger_postings,NO_READBACK,CALLER_REFERENCE,848a16d3-3bcf-4dc3-84cb-7ff6acd6e592,CONFIRMED_APPLIED,APPLIED,2,0,2,7031.200099,,1,0,,
b2_cas_only-mid_dispatch-ledger_postings-534a4fb5-r11,p30,B2_CAS_ONLY,mid_dispatch,ledger_postings,NO_READBACK,CALLER_REFERENCE,f4402b69-f900-48fc-9518-c498b78ffcc3,CONFIRMED_APPLIED,APPLIED,2,1,1,24604.912131,51608.0,1,0,,
b2_cas_only-mid_dispatch-ledger_postings-534a4fb5-r11,p30,B2_CAS_ONLY,mid_dispatch,ledger_postings,NO_READBACK,CALLER_REFERENCE,e95d55f3-498c-4248-b9e0-26d2bee3232d,CONFIRMED_APPLIED,APPLIED,1,0,1,2019.4942,,0,0,,
b2_cas_only-mid_dispatch-ledger_postings-534a4fb5-r11,p30,B2_CAS_ONLY,mid_dispatch,ledger_postings,NO_READBACK,CALLER_REFERENCE,a3bb2e78-951a-441f-b533-41a1c2776266,CONFIRMED_APPLIED,APPLIED,1,0,1,2018.415306,,0,0,,
b2_cas_only-mid_dispatch-ledger_postings-534a4fb5-r11,p30,B2_CAS_ONLY,mid_dispatch,ledger_postings,NO_READBACK,CALLER_REFERENCE,43ecf027-bcaf-48d8-bbd5-616c9b6fb9bc,CONFIRMED_APPLIED,APPLIED,1,0,1,2479.960707,,0,0,,
b2_cas_only-mid_dispatch-ledger_postings-534a4fb5-r11,p30,B2_CAS_ONLY,mid_dispatch,ledger_postings,NO_READBACK,CALLER_REFERENCE,6c2956ca-c146-4606-8d5e-3ac54acd78d1,CONFIRMED_APPLIED,APPLIED,2,1,1,24200.174791,58627.0,1,0,,
b2_cas_only-mid_dispatch-ledger_postings-534a4fb5-r11,p30,B2_CAS_ONLY,mid_dispatch,ledger_postings,NO_READBACK,CALLER_REFERENCE,89962f9b-3f5a-4467-aef6-5baa0944450b,CONFIRMED_APPLIED,APPLIED,1,0,1,2014.943651,,0,0,,
b2_cas_only-mid_dispatch-ledger_postings-534a4fb5-r11,p30,B2_CAS_ONLY,mid_dispatch,ledger_postings,NO_READBACK,CALLER_REFERENCE,339f3358-cfb6-41ae-99cd-3d20f962a469,CONFIRMED_APPLIED,APPLIED,2,1,1,24496.551197,29209.0,1,0,,
b2_cas_only-mid_dispatch-ledger_postings-534a4fb5-r11,p30,B2_CAS_ONLY,mid_dispatch,ledger_postings,NO_READBACK,CALLER_REFERENCE,b8a7315e-f04e-4d2a-91a9-ab5fa296528e,CONFIRMED_APPLIED,APPLIED,1,0,1,2021.138208,,0,0,,
b2_cas_only-mid_dispatch-ledger_postings-534a4fb5-r12,p30,B2_CAS_ONLY,mid_dispatch,ledger_postings,NO_READBACK,CALLER_REFERENCE,7ad76271-339f-4adb-87b5-1944111668a9,CONFIRMED_APPLIED,APPLIED,1,0,1,2311.789486,,0,0,,
b2_cas_only-mid_dispatch-ledger_postings-534a4fb5-r12,p30,B2_CAS_ONLY,mid_dispatch,ledger_postings,NO_READBACK,CALLER_REFERENCE,2bb6443d-6e1f-40a2-99f7-a1f1fe32a738,CONFIRMED_APPLIED,APPLIED,1,0,1,2020.322311,,0,0,,
b2_cas_only-mid_dispatch-ledger_postings-534a4fb5-r12,p30,B2_CAS_ONLY,mid_dispatch,ledger_postings,NO_READBACK,CALLER_REFERENCE,a5fb6d4c-5f70-4e7e-9359-86ee668e2e8a,CONFIRMED_APPLIED,APPLIED,2,0,2,7037.33687,,1,0,,
b2_cas_only-mid_dispatch-ledger_postings-534a4fb5-r12,p30,B2_CAS_ONLY,mid_dispatch,ledger_postings,NO_READBACK,CALLER_REFERENCE,56c92152-d7bb-4c1e-8cf5-318e186b8724,CONFIRMED_APPLIED,APPLIED,1,0,1,2019.633298,,0,0,,
b2_cas_only-mid_dispatch-ledger_postings-534a4fb5-r12,p30,B2_CAS_ONLY,mid_dispatch,ledger_postings,NO_READBACK,CALLER_REFERENCE,eebe5e23-ceeb-421b-96c7-962b1e3faeb6,CONFIRMED_APPLIED,APPLIED,1,0,1,2022.810042,,0,0,,
b2_cas_only-mid_dispatch-ledger_postings-534a4fb5-r12,p30,B2_CAS_ONLY,mid_dispatch,ledger_postings,NO_READBACK,CALLER_REFERENCE,2d477bb9-035c-483b-8469-fc928213c7e6,CONFIRMED_APPLIED,APPLIED,2,1,1,22855.165028,86720.0,1,0,,
b2_cas_only-mid_dispatch-ledger_postings-534a4fb5-r12,p30,B2_CAS_ONLY,mid_dispatch,ledger_postings,NO_READBACK,CALLER_REFERENCE,c50f21f3-f3b2-4ab3-bbe3-0993425aafb5,CONFIRMED_APPLIED,APPLIED,2,1,1,19982.98475,58591.0,1,0,,
b2_cas_only-mid_dispatch-ledger_postings-534a4fb5-r12,p30,B2_CAS_ONLY,mid_dispatch,ledger_postings,NO_READBACK,CALLER_REFERENCE,b98e8d04-fe2b-49e1-b00f-ff3554a877e5,CONFIRMED_APPLIED,APPLIED,1,0,1,2020.988489,,0,0,,
b2_cas_only-mid_dispatch-ledger_postings-534a4fb5-r12,p30,B2_CAS_ONLY,mid_dispatch,ledger_postings,NO_READBACK,CALLER_REFERENCE,c0cbf58e-aa28-4b98-be5b-dc61af634f67,CONFIRMED_APPLIED,APPLIED,2,1,1,20445.757362,29167.0,1,0,,
b2_cas_only-mid_dispatch-ledger_postings-534a4fb5-r12,p30,B2_CAS_ONLY,mid_dispatch,ledger_postings,NO_READBACK,CALLER_REFERENCE,501d400e-d27a-48cf-b88d-7808939cb234,CONFIRMED_APPLIED,APPLIED,1,0,1,2017.17933,,0,0,,
b2_cas_only-mid_dispatch-ledger_postings-534a4fb5-r13,p30,B2_CAS_ONLY,mid_dispatch,ledger_postings,NO_READBACK,CALLER_REFERENCE,8b5ca5e0-5b33-4d7d-8f4b-009ff589218f,CONFIRMED_APPLIED,APPLIED,1,1,1,21059.179108,47467.0,0,0,,
b2_cas_only-mid_dispatch-ledger_postings-534a4fb5-r13,p30,B2_CAS_ONLY,mid_dispatch,ledger_postings,NO_READBACK,CALLER_REFERENCE,95bba69f-2616-4b75-bdd2-580927d51abe,CONFIRMED_APPLIED,APPLIED,1,0,1,2018.942653,,0,0,,
b2_cas_only-mid_dispatch-ledger_postings-534a4fb5-r13,p30,B2_CAS_ONLY,mid_dispatch,ledger_postings,NO_READBACK,CALLER_REFERENCE,a6aa85f5-8ccc-4219-bea7-3e8852c7d81c,CONFIRMED_APPLIED,APPLIED,1,0,1,2022.363915,,0,0,,
b2_cas_only-mid_dispatch-ledger_postings-534a4fb5-r13,p30,B2_CAS_ONLY,mid_dispatch,ledger_postings,NO_READBACK,CALLER_REFERENCE,98900d4e-e0c2-4332-8fa5-f3ac21b4f029,CONFIRMED_APPLIED,APPLIED,1,0,1,2030.881007,,0,0,,
b2_cas_only-mid_dispatch-ledger_postings-534a4fb5-r13,p30,B2_CAS_ONLY,mid_dispatch,ledger_postings,NO_READBACK,CALLER_REFERENCE,2263d173-687a-4feb-80de-2fa3f0ab71d3,CONFIRMED_APPLIED,APPLIED,2,0,2,7036.421027,,1,0,,
b2_cas_only-mid_dispatch-ledger_postings-534a4fb5-r13,p30,B2_CAS_ONLY,mid_dispatch,ledger_postings,NO_READBACK,CALLER_REFERENCE,ddf370ba-a66a-454e-87c6-851d5c576e3b,CONFIRMED_APPLIED,APPLIED,2,0,2,7499.430762,,1,0,,
b2_cas_only-mid_dispatch-ledger_postings-534a4fb5-r13,p30,B2_CAS_ONLY,mid_dispatch,ledger_postings,NO_READBACK,CALLER_REFERENCE,9bd5432a-f249-4bd5-bb33-2ee64aa82570,CONFIRMED_APPLIED,APPLIED,1,0,1,2016.959037,,0,0,,
b2_cas_only-mid_dispatch-ledger_postings-534a4fb5-r13,p30,B2_CAS_ONLY,mid_dispatch,ledger_postings,NO_READBACK,CALLER_REFERENCE,fd1b427f-4a06-41a0-a217-6517104ddd38,CONFIRMED_APPLIED,APPLIED,2,0,2,7027.745579,,1,0,,
b2_cas_only-mid_dispatch-ledger_postings-534a4fb5-r13,p30,B2_CAS_ONLY,mid_dispatch,ledger_postings,NO_READBACK,CALLER_REFERENCE,68f6aded-b2bc-407e-a0c1-12a069814099,CONFIRMED_APPLIED,APPLIED,1,0,1,2014.595198,,0,0,,
b2_cas_only-mid_dispatch-ledger_postings-534a4fb5-r13,p30,B2_CAS_ONLY,mid_dispatch,ledger_postings,NO_READBACK,CALLER_REFERENCE,cce3b09c-022a-4da0-8255-5b4b66a3fe98,CONFIRMED_APPLIED,APPLIED,2,1,1,23699.067372,27064.0,1,0,,
b2_cas_only-mid_dispatch-ledger_postings-534a4fb5-r14,p30,B2_CAS_ONLY,mid_dispatch,ledger_postings,NO_READBACK,CALLER_REFERENCE,e143c7e8-dc70-4e28-b2e0-2fe61f7ced21,CONFIRMED_APPLIED,APPLIED,1,0,1,2461.688452,,0,0,,
b2_cas_only-mid_dispatch-ledger_postings-534a4fb5-r14,p30,B2_CAS_ONLY,mid_dispatch,ledger_postings,NO_READBACK,CALLER_REFERENCE,db844bd7-c559-48b3-9166-4feb3db409c0,CONFIRMED_APPLIED,APPLIED,1,0,1,2031.832642,,0,0,,
b2_cas_only-mid_dispatch-ledger_postings-534a4fb5-r14,p30,B2_CAS_ONLY,mid_dispatch,ledger_postings,NO_READBACK,CALLER_REFERENCE,e0660b5d-8f89-4164-bf26-5d22cc5fbea2,CONFIRMED_APPLIED,APPLIED,1,0,1,2032.931688,,0,0,,
b2_cas_only-mid_dispatch-ledger_postings-534a4fb5-r14,p30,B2_CAS_ONLY,mid_dispatch,ledger_postings,NO_READBACK,CALLER_REFERENCE,1eccdbd8-5c8c-429b-a1cf-4f99840d8703,CONFIRMED_APPLIED,APPLIED,1,0,1,2024.540079,,0,0,,
b2_cas_only-mid_dispatch-ledger_postings-534a4fb5-r14,p30,B2_CAS_ONLY,mid_dispatch,ledger_postings,NO_READBACK,CALLER_REFERENCE,05cad8b7-188a-4914-9647-c1aec47052bd,CONFIRMED_APPLIED,APPLIED,1,0,1,2025.689501,,0,0,,
b2_cas_only-mid_dispatch-ledger_postings-534a4fb5-r14,p30,B2_CAS_ONLY,mid_dispatch,ledger_postings,NO_READBACK,CALLER_REFERENCE,5f792fe3-ac25-47c2-a863-4d343f936aab,CONFIRMED_APPLIED,APPLIED,2,1,1,20248.321745,120330.0,1,0,,
b2_cas_only-mid_dispatch-ledger_postings-534a4fb5-r14,p30,B2_CAS_ONLY,mid_dispatch,ledger_postings,NO_READBACK,CALLER_REFERENCE,a80f8bfc-8d8f-4f26-98d4-3f987cabdc30,CONFIRMED_APPLIED,APPLIED,1,0,1,2032.4368,,0,0,,
b2_cas_only-mid_dispatch-ledger_postings-534a4fb5-r14,p30,B2_CAS_ONLY,mid_dispatch,ledger_postings,NO_READBACK,CALLER_REFERENCE,e5eb2e6e-4cce-4740-b3ef-8dea56484b3e,CONFIRMED_APPLIED,APPLIED,2,1,1,26722.443849,90533.0,1,0,,
b2_cas_only-mid_dispatch-ledger_postings-534a4fb5-r14,p30,B2_CAS_ONLY,mid_dispatch,ledger_postings,NO_READBACK,CALLER_REFERENCE,f4c8940e-b56e-4da1-8510-bee509f967c6,CONFIRMED_APPLIED,APPLIED,1,0,1,2227.174567,,0,0,,
b2_cas_only-mid_dispatch-ledger_postings-534a4fb5-r14,p30,B2_CAS_ONLY,mid_dispatch,ledger_postings,NO_READBACK,CALLER_REFERENCE,8eff82af-2fd9-455b-8de6-cc90d070d959,CONFIRMED_APPLIED,APPLIED,2,1,1,6885.656108,53732.0,1,0,,
b2_cas_only-mid_dispatch-ledger_postings-534a4fb5-r2,p30,B2_CAS_ONLY,mid_dispatch,ledger_postings,NO_READBACK,CALLER_REFERENCE,bde7b284-bf1b-4ea4-8c1f-1adf63d2f69e,CONFIRMED_APPLIED,APPLIED,1,0,1,2310.198896,,0,0,,
b2_cas_only-mid_dispatch-ledger_postings-534a4fb5-r2,p30,B2_CAS_ONLY,mid_dispatch,ledger_postings,NO_READBACK,CALLER_REFERENCE,7adbf6c9-42e0-48a8-8c78-f7bd0c0dd48b,CONFIRMED_APPLIED,APPLIED,3,1,2,30436.993177,94092.0,1,0,,
b2_cas_only-mid_dispatch-ledger_postings-534a4fb5-r2,p30,B2_CAS_ONLY,mid_dispatch,ledger_postings,NO_READBACK,CALLER_REFERENCE,81953227-49b8-4733-a77a-1f77929f26c7,CONFIRMED_APPLIED,APPLIED,1,0,1,2013.797438,,0,0,,
b2_cas_only-mid_dispatch-ledger_postings-534a4fb5-r2,p30,B2_CAS_ONLY,mid_dispatch,ledger_postings,NO_READBACK,CALLER_REFERENCE,57008a12-1e16-45b9-9b5f-ad4160f5b540,CONFIRMED_APPLIED,APPLIED,1,0,1,2016.902107,,0,0,,
b2_cas_only-mid_dispatch-ledger_postings-534a4fb5-r2,p30,B2_CAS_ONLY,mid_dispatch,ledger_postings,NO_READBACK,CALLER_REFERENCE,86ec3da1-da5f-4127-944b-db7c468f945f,CONFIRMED_APPLIED,APPLIED,1,0,1,2018.20066,,0,0,,
b2_cas_only-mid_dispatch-ledger_postings-534a4fb5-r2,p30,B2_CAS_ONLY,mid_dispatch,ledger_postings,NO_READBACK,CALLER_REFERENCE,cf6bdee2-059a-48cc-a4df-72d5b10bc930,CONFIRMED_APPLIED,APPLIED,1,0,1,2338.978976,,0,0,,
b2_cas_only-mid_dispatch-ledger_postings-534a4fb5-r2,p30,B2_CAS_ONLY,mid_dispatch,ledger_postings,NO_READBACK,CALLER_REFERENCE,f3689de9-0d12-4f4f-9214-4a904e0e075d,CONFIRMED_APPLIED,APPLIED,2,0,2,7028.327362,,1,0,,
b2_cas_only-mid_dispatch-ledger_postings-534a4fb5-r2,p30,B2_CAS_ONLY,mid_dispatch,ledger_postings,NO_READBACK,CALLER_REFERENCE,bfb4cb00-5b1e-428f-b9b3-8a6f1d1ab34b,CONFIRMED_APPLIED,APPLIED,2,1,1,24932.830577,87054.0,1,0,,
b2_cas_only-mid_dispatch-ledger_postings-534a4fb5-r2,p30,B2_CAS_ONLY,mid_dispatch,ledger_postings,NO_READBACK,CALLER_REFERENCE,9b8bd0a1-de2d-4ace-938a-b5755b2d3e18,CONFIRMED_APPLIED,APPLIED,3,1,2,26708.207677,59607.0,1,0,,
b2_cas_only-mid_dispatch-ledger_postings-534a4fb5-r2,p30,B2_CAS_ONLY,mid_dispatch,ledger_postings,NO_READBACK,CALLER_REFERENCE,53a9506a-d9d5-4905-905d-ab1a38a306b6,CONFIRMED_APPLIED,APPLIED,2,1,1,24914.405854,27112.0,1,0,,
b2_cas_only-mid_dispatch-ledger_postings-534a4fb5-r3,p30,B2_CAS_ONLY,mid_dispatch,ledger_postings,NO_READBACK,CALLER_REFERENCE,2a77f1e1-9269-437c-94b9-9f4fa6cb9a5e,CONFIRMED_APPLIED,APPLIED,1,1,1,24871.243408,72722.0,0,0,,
b2_cas_only-mid_dispatch-ledger_postings-534a4fb5-r3,p30,B2_CAS_ONLY,mid_dispatch,ledger_postings,NO_READBACK,CALLER_REFERENCE,c8530862-fe00-439c-8520-9505cf80c8d8,CONFIRMED_APPLIED,APPLIED,3,1,3,34901.876835,45285.0,1,0,,
b2_cas_only-mid_dispatch-ledger_postings-534a4fb5-r3,p30,B2_CAS_ONLY,mid_dispatch,ledger_postings,NO_READBACK,CALLER_REFERENCE,5c7bbae4-1727-437d-869c-251a9342b482,CONFIRMED_APPLIED,APPLIED,1,0,1,2017.987317,,0,0,,
b2_cas_only-mid_dispatch-ledger_postings-534a4fb5-r3,p30,B2_CAS_ONLY,mid_dispatch,ledger_postings,NO_READBACK,CALLER_REFERENCE,758fd63e-6646-4be1-a7a7-ffddecc47aaf,CONFIRMED_APPLIED,APPLIED,1,0,1,2015.59186,,0,0,,
b2_cas_only-mid_dispatch-ledger_postings-534a4fb5-r3,p30,B2_CAS_ONLY,mid_dispatch,ledger_postings,NO_READBACK,CALLER_REFERENCE,e7780488-0e2b-4048-9445-0d07359f47a3,CONFIRMED_APPLIED,APPLIED,1,0,2,4023.476472,,0,0,,
b2_cas_only-mid_dispatch-ledger_postings-534a4fb5-r3,p30,B2_CAS_ONLY,mid_dispatch,ledger_postings,NO_READBACK,CALLER_REFERENCE,42ea863f-fa87-4143-8de0-af29fd91ecac,CONFIRMED_APPLIED,APPLIED,1,0,1,2293.884593,,0,0,,
b2_cas_only-mid_dispatch-ledger_postings-534a4fb5-r3,p30,B2_CAS_ONLY,mid_dispatch,ledger_postings,NO_READBACK,CALLER_REFERENCE,922afedf-5e3a-470e-9d9a-3d8dc028a3f2,CONFIRMED_APPLIED,APPLIED,1,0,1,2019.894229,,0,0,,
b2_cas_only-mid_dispatch-ledger_postings-534a4fb5-r3,p30,B2_CAS_ONLY,mid_dispatch,ledger_postings,NO_READBACK,CALLER_REFERENCE,32c7af83-af51-42a7-9729-a9dbad61deeb,UNVERIFIED_FAILURE,FAILED,3,0,3,15036.316569,,1,1,,
b2_cas_only-mid_dispatch-ledger_postings-534a4fb5-r3,p30,B2_CAS_ONLY,mid_dispatch,ledger_postings,NO_READBACK,CALLER_REFERENCE,31731399-5b77-4d8a-bbc8-b5c7d9fea952,CONFIRMED_APPLIED,APPLIED,2,1,1,24909.215476,53355.0,1,0,,
b2_cas_only-mid_dispatch-ledger_postings-534a4fb5-r3,p30,B2_CAS_ONLY,mid_dispatch,ledger_postings,NO_READBACK,CALLER_REFERENCE,b19bb37d-2145-47ce-bbcf-d69dd553769d,CONFIRMED_APPLIED,APPLIED,1,0,1,2016.30479,,0,0,,
b2_cas_only-mid_dispatch-ledger_postings-534a4fb5-r4,p30,B2_CAS_ONLY,mid_dispatch,ledger_postings,NO_READBACK,CALLER_REFERENCE,54c0aec1-dfd4-4037-88f8-2cb4743de5f6,CONFIRMED_APPLIED,APPLIED,1,0,1,2305.268976,,0,0,,
b2_cas_only-mid_dispatch-ledger_postings-534a4fb5-r4,p30,B2_CAS_ONLY,mid_dispatch,ledger_postings,NO_READBACK,CALLER_REFERENCE,18c655c6-8386-4089-9ec2-7bbc89714959,CONFIRMED_APPLIED,APPLIED,2,0,2,7032.127085,,1,0,,
b2_cas_only-mid_dispatch-ledger_postings-534a4fb5-r4,p30,B2_CAS_ONLY,mid_dispatch,ledger_postings,NO_READBACK,CALLER_REFERENCE,5d9ef45b-9bb6-4221-8360-a8bbb8175981,CONFIRMED_APPLIED,APPLIED,1,0,1,2017.397419,,0,0,,
b2_cas_only-mid_dispatch-ledger_postings-534a4fb5-r4,p30,B2_CAS_ONLY,mid_dispatch,ledger_postings,NO_READBACK,CALLER_REFERENCE,c5cf4326-5682-4b01-9f80-ddceadb6dd3a,CONFIRMED_APPLIED,APPLIED,1,0,1,2015.740359,,0,0,,
b2_cas_only-mid_dispatch-ledger_postings-534a4fb5-r4,p30,B2_CAS_ONLY,mid_dispatch,ledger_postings,NO_READBACK,CALLER_REFERENCE,f469ec06-23c9-4820-b4af-af3547d06dfc,CONFIRMED_APPLIED,APPLIED,1,0,1,2015.308568,,0,0,,
b2_cas_only-mid_dispatch-ledger_postings-534a4fb5-r4,p30,B2_CAS_ONLY,mid_dispatch,ledger_postings,NO_READBACK,CALLER_REFERENCE,a03d3b33-d1b0-460f-91c2-3c452299989a,CONFIRMED_APPLIED,APPLIED,1,0,1,2295.652841,,0,0,,
b2_cas_only-mid_dispatch-ledger_postings-534a4fb5-r4,p30,B2_CAS_ONLY,mid_dispatch,ledger_postings,NO_READBACK,CALLER_REFERENCE,0c5a19d8-708d-4715-8ad4-450c259fa4d0,CONFIRMED_APPLIED,APPLIED,2,1,1,24647.105296,84074.0,1,0,,
b2_cas_only-mid_dispatch-ledger_postings-534a4fb5-r4,p30,B2_CAS_ONLY,mid_dispatch,ledger_postings,NO_READBACK,CALLER_REFERENCE,224844f0-9465-4c01-ba96-07a2608950b2,CONFIRMED_APPLIED,APPLIED,1,0,1,2015.738723,,0,0,,
b2_cas_only-mid_dispatch-ledger_postings-534a4fb5-r4,p30,B2_CAS_ONLY,mid_dispatch,ledger_postings,NO_READBACK,CALLER_REFERENCE,d864c451-7a16-4d21-907b-89638f0f46d1,CONFIRMED_APPLIED,APPLIED,2,1,1,24938.218156,54720.0,1,0,,
b2_cas_only-mid_dispatch-ledger_postings-534a4fb5-r4,p30,B2_CAS_ONLY,mid_dispatch,ledger_postings,NO_READBACK,CALLER_REFERENCE,ffb455d9-9d6b-4672-abb6-0797938192f4,CONFIRMED_APPLIED,APPLIED,2,1,1,24993.453963,27143.0,1,0,,
b2_cas_only-mid_dispatch-ledger_postings-534a4fb5-r5,p30,B2_CAS_ONLY,mid_dispatch,ledger_postings,NO_READBACK,CALLER_REFERENCE,6ae9cb59-8f7c-4652-a2c3-47a76065871e,CONFIRMED_APPLIED,APPLIED,1,0,1,2280.635169,,0,0,,
b2_cas_only-mid_dispatch-ledger_postings-534a4fb5-r5,p30,B2_CAS_ONLY,mid_dispatch,ledger_postings,NO_READBACK,CALLER_REFERENCE,fc449732-1ea6-4aeb-ae67-5edd76274a21,CONFIRMED_APPLIED,APPLIED,1,0,1,2020.113993,,0,0,,
b2_cas_only-mid_dispatch-ledger_postings-534a4fb5-r5,p30,B2_CAS_ONLY,mid_dispatch,ledger_postings,NO_READBACK,CALLER_REFERENCE,341487a4-5276-49e6-98e3-087801ac0e03,CONFIRMED_APPLIED,APPLIED,1,0,1,2017.309347,,0,0,,
b2_cas_only-mid_dispatch-ledger_postings-534a4fb5-r5,p30,B2_CAS_ONLY,mid_dispatch,ledger_postings,NO_READBACK,CALLER_REFERENCE,bf676aa7-109f-4fb9-98e6-b4e588486a69,CONFIRMED_APPLIED,APPLIED,2,1,1,24937.902015,64258.0,1,0,,
b2_cas_only-mid_dispatch-ledger_postings-534a4fb5-r5,p30,B2_CAS_ONLY,mid_dispatch,ledger_postings,NO_READBACK,CALLER_REFERENCE,4cb7ca22-a465-482a-9bed-f217ed361b4d,CONFIRMED_APPLIED,APPLIED,1,0,1,2017.689896,,0,0,,
b2_cas_only-mid_dispatch-ledger_postings-534a4fb5-r5,p30,B2_CAS_ONLY,mid_dispatch,ledger_postings,NO_READBACK,CALLER_REFERENCE,6cb02521-4f4c-496a-a4a0-7e86fcf963bd,CONFIRMED_APPLIED,APPLIED,2,1,2,29991.371308,70597.0,1,0,,
b2_cas_only-mid_dispatch-ledger_postings-534a4fb5-r5,p30,B2_CAS_ONLY,mid_dispatch,ledger_postings,NO_READBACK,CALLER_REFERENCE,6b752e8c-ea31-43fd-b848-cdbc7ee84ac7,CONFIRMED_APPLIED,APPLIED,2,1,1,24863.11755,38171.0,1,0,,
b2_cas_only-mid_dispatch-ledger_postings-534a4fb5-r5,p30,B2_CAS_ONLY,mid_dispatch,ledger_postings,NO_READBACK,CALLER_REFERENCE,56d1f3e2-a902-4738-b676-be1fcc6d0f28,CONFIRMED_APPLIED,APPLIED,1,0,1,2015.086757,,0,0,,
b2_cas_only-mid_dispatch-ledger_postings-534a4fb5-r5,p30,B2_CAS_ONLY,mid_dispatch,ledger_postings,NO_READBACK,CALLER_REFERENCE,353fb29a-5980-42b0-85c9-1a6d1adc5cf5,CONFIRMED_APPLIED,APPLIED,1,0,1,2014.893856,,0,0,,
b2_cas_only-mid_dispatch-ledger_postings-534a4fb5-r5,p30,B2_CAS_ONLY,mid_dispatch,ledger_postings,NO_READBACK,CALLER_REFERENCE,a1ba3819-2b9f-4899-88ed-3b07ca086258,CONFIRMED_APPLIED,APPLIED,2,0,2,7026.710054,,1,0,,
b2_cas_only-mid_dispatch-ledger_postings-534a4fb5-r6,p30,B2_CAS_ONLY,mid_dispatch,ledger_postings,NO_READBACK,CALLER_REFERENCE,df790c74-28eb-4c07-b318-a2091dc3aca5,CONFIRMED_APPLIED,APPLIED,1,0,1,2301.722314,,0,0,,
b2_cas_only-mid_dispatch-ledger_postings-534a4fb5-r6,p30,B2_CAS_ONLY,mid_dispatch,ledger_postings,NO_READBACK,CALLER_REFERENCE,d0ea6340-6484-4d82-985d-a30682aa8b3a,CONFIRMED_APPLIED,APPLIED,2,0,3,9043.984332,,1,0,,
b2_cas_only-mid_dispatch-ledger_postings-534a4fb5-r6,p30,B2_CAS_ONLY,mid_dispatch,ledger_postings,NO_READBACK,CALLER_REFERENCE,977e753c-39f3-44e1-9b81-ca42c6d3f270,CONFIRMED_APPLIED,APPLIED,1,0,1,2018.832777,,0,0,,
b2_cas_only-mid_dispatch-ledger_postings-534a4fb5-r6,p30,B2_CAS_ONLY,mid_dispatch,ledger_postings,NO_READBACK,CALLER_REFERENCE,5f6cc39d-9c33-4c69-ad07-02fe412d2d83,CONFIRMED_APPLIED,APPLIED,1,0,1,2016.031615,,0,0,,
b2_cas_only-mid_dispatch-ledger_postings-534a4fb5-r6,p30,B2_CAS_ONLY,mid_dispatch,ledger_postings,NO_READBACK,CALLER_REFERENCE,8d22be97-2022-4fb2-aa1f-00cd5c5122c6,CONFIRMED_APPLIED,APPLIED,1,0,1,2019.872799,,0,0,,
b2_cas_only-mid_dispatch-ledger_postings-534a4fb5-r6,p30,B2_CAS_ONLY,mid_dispatch,ledger_postings,NO_READBACK,CALLER_REFERENCE,73e49ad4-28d0-4552-990d-85f3f73c1b9a,CONFIRMED_APPLIED,APPLIED,1,0,1,2292.523075,,0,0,,
b2_cas_only-mid_dispatch-ledger_postings-534a4fb5-r6,p30,B2_CAS_ONLY,mid_dispatch,ledger_postings,NO_READBACK,CALLER_REFERENCE,e5e7683b-6195-49fb-a47f-f0dd45c100e8,CONFIRMED_APPLIED,APPLIED,1,0,1,2018.520946,,0,0,,
b2_cas_only-mid_dispatch-ledger_postings-534a4fb5-r6,p30,B2_CAS_ONLY,mid_dispatch,ledger_postings,NO_READBACK,CALLER_REFERENCE,21183bed-b675-40dd-8db3-dbf7037bd0d1,CONFIRMED_APPLIED,APPLIED,1,0,1,2019.784745,,0,0,,
b2_cas_only-mid_dispatch-ledger_postings-534a4fb5-r6,p30,B2_CAS_ONLY,mid_dispatch,ledger_postings,NO_READBACK,CALLER_REFERENCE,6b6832dd-2013-4c49-b805-d3f4ab5b15e8,CONFIRMED_APPLIED,APPLIED,1,0,1,2019.252609,,0,0,,
b2_cas_only-mid_dispatch-ledger_postings-534a4fb5-r6,p30,B2_CAS_ONLY,mid_dispatch,ledger_postings,NO_READBACK,CALLER_REFERENCE,835b36f1-f4d2-46f9-9fad-dce8b9fe5c5e,CONFIRMED_APPLIED,APPLIED,1,0,1,2089.796147,,0,0,,
b2_cas_only-mid_dispatch-ledger_postings-534a4fb5-r7,p30,B2_CAS_ONLY,mid_dispatch,ledger_postings,NO_READBACK,CALLER_REFERENCE,5cc5bbfc-bcc7-4295-8ab8-6d5d395460c8,CONFIRMED_APPLIED,APPLIED,2,0,2,7376.845886,,1,0,,
b2_cas_only-mid_dispatch-ledger_postings-534a4fb5-r7,p30,B2_CAS_ONLY,mid_dispatch,ledger_postings,NO_READBACK,CALLER_REFERENCE,aa62ba0a-3323-4686-82fb-cd66a42fb065,CONFIRMED_APPLIED,APPLIED,1,0,1,2021.408628,,0,0,,
b2_cas_only-mid_dispatch-ledger_postings-534a4fb5-r7,p30,B2_CAS_ONLY,mid_dispatch,ledger_postings,NO_READBACK,CALLER_REFERENCE,311f55b8-2163-4b8b-a193-755947c7b7ad,CONFIRMED_APPLIED,APPLIED,2,0,3,9039.644382,,1,0,,
b2_cas_only-mid_dispatch-ledger_postings-534a4fb5-r7,p30,B2_CAS_ONLY,mid_dispatch,ledger_postings,NO_READBACK,CALLER_REFERENCE,f8e21ec0-a887-44ca-a11d-5bd333f015db,CONFIRMED_APPLIED,APPLIED,1,0,1,2026.552834,,0,0,,
b2_cas_only-mid_dispatch-ledger_postings-534a4fb5-r7,p30,B2_CAS_ONLY,mid_dispatch,ledger_postings,NO_READBACK,CALLER_REFERENCE,b79ac470-a087-4290-8046-7d4c6fc5f41a,CONFIRMED_APPLIED,APPLIED,1,0,2,4028.059254,,0,0,,
b2_cas_only-mid_dispatch-ledger_postings-534a4fb5-r7,p30,B2_CAS_ONLY,mid_dispatch,ledger_postings,NO_READBACK,CALLER_REFERENCE,2ad1b0df-b7d5-4fe5-bd51-7c797e3b0621,CONFIRMED_APPLIED,APPLIED,2,0,2,7365.378904,,1,0,,
b2_cas_only-mid_dispatch-ledger_postings-534a4fb5-r7,p30,B2_CAS_ONLY,mid_dispatch,ledger_postings,NO_READBACK,CALLER_REFERENCE,e729531a-2844-4b83-8d59-dd3d1e6d4101,CONFIRMED_APPLIED,APPLIED,1,0,1,2020.337798,,0,0,,
b2_cas_only-mid_dispatch-ledger_postings-534a4fb5-r7,p30,B2_CAS_ONLY,mid_dispatch,ledger_postings,NO_READBACK,CALLER_REFERENCE,2f1304c0-392e-4757-bf05-db2bd88a4bcd,CONFIRMED_APPLIED,APPLIED,1,0,1,2019.941123,,0,0,,
b2_cas_only-mid_dispatch-ledger_postings-534a4fb5-r7,p30,B2_CAS_ONLY,mid_dispatch,ledger_postings,NO_READBACK,CALLER_REFERENCE,8d547005-93d4-45ed-bc55-46b3d02107d7,CONFIRMED_APPLIED,APPLIED,1,0,1,2016.720383,,0,0,,
b2_cas_only-mid_dispatch-ledger_postings-534a4fb5-r7,p30,B2_CAS_ONLY,mid_dispatch,ledger_postings,NO_READBACK,CALLER_REFERENCE,889dd5f5-89df-42e7-ab2a-9aadcaa85803,CONFIRMED_APPLIED,APPLIED,2,0,2,7029.518706,,1,0,,
b2_cas_only-mid_dispatch-ledger_postings-534a4fb5-r8,p30,B2_CAS_ONLY,mid_dispatch,ledger_postings,NO_READBACK,CALLER_REFERENCE,29b0babe-9589-4cac-9acb-b12a15e82fd1,CONFIRMED_APPLIED,APPLIED,1,0,1,2410.116607,,0,0,,
b2_cas_only-mid_dispatch-ledger_postings-534a4fb5-r8,p30,B2_CAS_ONLY,mid_dispatch,ledger_postings,NO_READBACK,CALLER_REFERENCE,f3df396c-e385-414a-8bd8-c9fc4f6a68a5,CONFIRMED_APPLIED,APPLIED,1,0,2,4027.463478,,0,0,,
b2_cas_only-mid_dispatch-ledger_postings-534a4fb5-r8,p30,B2_CAS_ONLY,mid_dispatch,ledger_postings,NO_READBACK,CALLER_REFERENCE,b1d50c9e-702f-4a98-ab58-af16bdeccb3d,CONFIRMED_APPLIED,APPLIED,1,0,1,2019.48808,,0,0,,
b2_cas_only-mid_dispatch-ledger_postings-534a4fb5-r8,p30,B2_CAS_ONLY,mid_dispatch,ledger_postings,NO_READBACK,CALLER_REFERENCE,50165fd0-01c3-488c-bc33-9db158fd4269,CONFIRMED_APPLIED,APPLIED,2,1,1,24242.417876,54828.0,1,0,,
b2_cas_only-mid_dispatch-ledger_postings-534a4fb5-r8,p30,B2_CAS_ONLY,mid_dispatch,ledger_postings,NO_READBACK,CALLER_REFERENCE,36fdf830-51e1-4fc2-9856-eef4e2207203,CONFIRMED_APPLIED,APPLIED,2,1,1,24304.785054,27329.0,1,0,,
b2_cas_only-mid_dispatch-ledger_postings-534a4fb5-r8,p30,B2_CAS_ONLY,mid_dispatch,ledger_postings,NO_READBACK,CALLER_REFERENCE,988cb073-5a55-4b8f-a8bf-301a5c3b26c0,CONFIRMED_APPLIED,APPLIED,1,0,1,2421.543174,,0,0,,
b2_cas_only-mid_dispatch-ledger_postings-534a4fb5-r8,p30,B2_CAS_ONLY,mid_dispatch,ledger_postings,NO_READBACK,CALLER_REFERENCE,2f7bc835-9c3b-4060-b487-dcb5e63a02d4,CONFIRMED_APPLIED,APPLIED,1,0,1,2017.566367,,0,0,,
b2_cas_only-mid_dispatch-ledger_postings-534a4fb5-r8,p30,B2_CAS_ONLY,mid_dispatch,ledger_postings,NO_READBACK,CALLER_REFERENCE,61cce6fc-f972-489d-8e08-c745d8e26914,CONFIRMED_APPLIED,APPLIED,1,0,1,2016.815704,,0,0,,
b2_cas_only-mid_dispatch-ledger_postings-534a4fb5-r8,p30,B2_CAS_ONLY,mid_dispatch,ledger_postings,NO_READBACK,CALLER_REFERENCE,eb4afcd4-db56-4981-b23e-06026776200e,CONFIRMED_APPLIED,APPLIED,1,0,1,2018.828141,,0,0,,
b2_cas_only-mid_dispatch-ledger_postings-534a4fb5-r8,p30,B2_CAS_ONLY,mid_dispatch,ledger_postings,NO_READBACK,CALLER_REFERENCE,25faf60b-3979-4c1d-9213-1c468e509df0,CONFIRMED_APPLIED,APPLIED,1,0,1,2017.685734,,0,0,,
b2_cas_only-mid_dispatch-ledger_postings-534a4fb5-r9,p30,B2_CAS_ONLY,mid_dispatch,ledger_postings,NO_READBACK,CALLER_REFERENCE,3de34806-15e7-47be-9723-8f3e753533c3,CONFIRMED_APPLIED,APPLIED,1,0,1,2479.744961,,0,0,,
b2_cas_only-mid_dispatch-ledger_postings-534a4fb5-r9,p30,B2_CAS_ONLY,mid_dispatch,ledger_postings,NO_READBACK,CALLER_REFERENCE,c00b37c1-9a24-42b2-9648-eb8625ad5a15,CONFIRMED_APPLIED,APPLIED,1,0,1,2024.089837,,0,0,,
b2_cas_only-mid_dispatch-ledger_postings-534a4fb5-r9,p30,B2_CAS_ONLY,mid_dispatch,ledger_postings,NO_READBACK,CALLER_REFERENCE,f39466b1-cb1a-417c-93f8-151a8afdfa8c,CONFIRMED_APPLIED,APPLIED,1,0,1,2022.218691,,0,0,,
b2_cas_only-mid_dispatch-ledger_postings-534a4fb5-r9,p30,B2_CAS_ONLY,mid_dispatch,ledger_postings,NO_READBACK,CALLER_REFERENCE,b97f5453-502e-4eca-895c-c626b4b27865,CONFIRMED_APPLIED,APPLIED,1,0,1,2019.222814,,0,0,,
b2_cas_only-mid_dispatch-ledger_postings-534a4fb5-r9,p30,B2_CAS_ONLY,mid_dispatch,ledger_postings,NO_READBACK,CALLER_REFERENCE,04880566-5c99-4a05-b598-53666d55abcb,CONFIRMED_APPLIED,APPLIED,1,0,1,2019.23959,,0,0,,
b2_cas_only-mid_dispatch-ledger_postings-534a4fb5-r9,p30,B2_CAS_ONLY,mid_dispatch,ledger_postings,NO_READBACK,CALLER_REFERENCE,60863fdf-b2ff-4e44-b1f7-0ea313df4e56,CONFIRMED_APPLIED,APPLIED,1,0,1,2494.052617,,0,0,,
b2_cas_only-mid_dispatch-ledger_postings-534a4fb5-r9,p30,B2_CAS_ONLY,mid_dispatch,ledger_postings,NO_READBACK,CALLER_REFERENCE,69af0a87-4614-4dea-b71f-9c83a5c0a2a8,CONFIRMED_APPLIED,APPLIED,1,0,1,2021.514757,,0,0,,
b2_cas_only-mid_dispatch-ledger_postings-534a4fb5-r9,p30,B2_CAS_ONLY,mid_dispatch,ledger_postings,NO_READBACK,CALLER_REFERENCE,7f288776-0297-44f8-911a-be4a63f48feb,CONFIRMED_APPLIED,APPLIED,2,0,3,9044.816064,,1,0,,
b2_cas_only-mid_dispatch-ledger_postings-534a4fb5-r9,p30,B2_CAS_ONLY,mid_dispatch,ledger_postings,NO_READBACK,CALLER_REFERENCE,d1439c0b-a913-4d71-8b16-7cbcf4d18be2,CONFIRMED_APPLIED,APPLIED,2,0,2,7032.064462,,1,0,,
b2_cas_only-mid_dispatch-ledger_postings-534a4fb5-r9,p30,B2_CAS_ONLY,mid_dispatch,ledger_postings,NO_READBACK,CALLER_REFERENCE,30e2fdab-ba8c-4be3-91eb-9c970b2eda99,CONFIRMED_APPLIED,APPLIED,1,0,1,2018.665908,,0,0,,
b2_cas_only-mid_dispatch-notifications-8224495a-r0,p30,B2_CAS_ONLY,mid_dispatch,notifications,POSITIVE_ONLY_READBACK,CALLER_REFERENCE,d09157d4-79e0-4a36-8895-e5440e33e7d6,CONFIRMED_APPLIED,APPLIED,1,1,1,22864.906081,40799.0,0,0,,
b2_cas_only-mid_dispatch-notifications-8224495a-r0,p30,B2_CAS_ONLY,mid_dispatch,notifications,POSITIVE_ONLY_READBACK,CALLER_REFERENCE,fbfbb590-c0ec-4192-a1d6-39d196ae3a5b,CONFIRMED_APPLIED,APPLIED,2,0,2,7038.792009,,1,0,,
b2_cas_only-mid_dispatch-notifications-8224495a-r0,p30,B2_CAS_ONLY,mid_dispatch,notifications,POSITIVE_ONLY_READBACK,CALLER_REFERENCE,3fb6382b-89c5-41e6-b97a-13a0e58a1842,CONFIRMED_APPLIED,APPLIED,1,0,1,2028.55519,,0,0,,
b2_cas_only-mid_dispatch-notifications-8224495a-r0,p30,B2_CAS_ONLY,mid_dispatch,notifications,POSITIVE_ONLY_READBACK,CALLER_REFERENCE,a9bcf3fb-7008-44e6-856e-02651c110bb8,CONFIRMED_APPLIED,APPLIED,1,0,1,2022.571235,,0,0,,
b2_cas_only-mid_dispatch-notifications-8224495a-r0,p30,B2_CAS_ONLY,mid_dispatch,notifications,POSITIVE_ONLY_READBACK,CALLER_REFERENCE,2dee3a54-3c86-48a5-88a9-1502adafd1c3,CONFIRMED_APPLIED,APPLIED,1,0,1,2023.564715,,0,0,,
b2_cas_only-mid_dispatch-notifications-8224495a-r0,p30,B2_CAS_ONLY,mid_dispatch,notifications,POSITIVE_ONLY_READBACK,CALLER_REFERENCE,0b3c0685-d04f-4c25-a2bf-f2fb972a67dd,CONFIRMED_APPLIED,APPLIED,1,0,1,2554.448563,,0,0,,
b2_cas_only-mid_dispatch-notifications-8224495a-r0,p30,B2_CAS_ONLY,mid_dispatch,notifications,POSITIVE_ONLY_READBACK,CALLER_REFERENCE,14891c5e-7336-4643-8965-875c499cbf38,CONFIRMED_APPLIED,APPLIED,2,1,1,22594.942588,38258.0,1,0,,
b2_cas_only-mid_dispatch-notifications-8224495a-r0,p30,B2_CAS_ONLY,mid_dispatch,notifications,POSITIVE_ONLY_READBACK,CALLER_REFERENCE,a81954a1-a091-4e1a-912f-d67ae6467e6a,CONFIRMED_APPLIED,APPLIED,1,0,1,2020.38466,,0,0,,
b2_cas_only-mid_dispatch-notifications-8224495a-r0,p30,B2_CAS_ONLY,mid_dispatch,notifications,POSITIVE_ONLY_READBACK,CALLER_REFERENCE,1d45e177-8b54-4593-9655-4524f9f33e13,CONFIRMED_APPLIED,APPLIED,2,0,2,7031.721266,,1,0,,
b2_cas_only-mid_dispatch-notifications-8224495a-r0,p30,B2_CAS_ONLY,mid_dispatch,notifications,POSITIVE_ONLY_READBACK,CALLER_REFERENCE,2166c3e2-9bcd-4c36-bf54-a011b6182e67,CONFIRMED_APPLIED,APPLIED,1,0,1,2021.97712,,0,0,,
b2_cas_only-mid_dispatch-notifications-8224495a-r1,p30,B2_CAS_ONLY,mid_dispatch,notifications,POSITIVE_ONLY_READBACK,CALLER_REFERENCE,fa0fbe6b-794f-40b4-883c-ec28d21ec082,CONFIRMED_APPLIED,APPLIED,1,0,1,2510.46461,,0,0,,
b2_cas_only-mid_dispatch-notifications-8224495a-r1,p30,B2_CAS_ONLY,mid_dispatch,notifications,POSITIVE_ONLY_READBACK,CALLER_REFERENCE,4ecd69fc-6f9c-4d5f-91a9-9a63ca6b6adf,CONFIRMED_APPLIED,APPLIED,1,0,1,2022.511116,,0,0,,
b2_cas_only-mid_dispatch-notifications-8224495a-r1,p30,B2_CAS_ONLY,mid_dispatch,notifications,POSITIVE_ONLY_READBACK,CALLER_REFERENCE,f9328543-e805-495d-adf4-63d229013c4e,CONFIRMED_APPLIED,APPLIED,1,0,1,2028.755103,,0,0,,
b2_cas_only-mid_dispatch-notifications-8224495a-r1,p30,B2_CAS_ONLY,mid_dispatch,notifications,POSITIVE_ONLY_READBACK,CALLER_REFERENCE,886ac68b-963c-4aed-9b72-164f509005a2,CONFIRMED_APPLIED,APPLIED,2,0,2,7029.282374,,1,0,,
b2_cas_only-mid_dispatch-notifications-8224495a-r1,p30,B2_CAS_ONLY,mid_dispatch,notifications,POSITIVE_ONLY_READBACK,CALLER_REFERENCE,9edfadbc-b653-4d7a-885a-55ae9bd84e16,CONFIRMED_APPLIED,APPLIED,3,1,3,30693.496588,47950.0,1,0,,
b2_cas_only-mid_dispatch-notifications-8224495a-r1,p30,B2_CAS_ONLY,mid_dispatch,notifications,POSITIVE_ONLY_READBACK,CALLER_REFERENCE,534722d8-a1ba-421e-821e-72b8bbe5fbc2,CONFIRMED_APPLIED,APPLIED,1,0,1,2527.487558,,0,0,,
b2_cas_only-mid_dispatch-notifications-8224495a-r1,p30,B2_CAS_ONLY,mid_dispatch,notifications,POSITIVE_ONLY_READBACK,CALLER_REFERENCE,19a6348b-f09e-4ef5-a853-6eb565b9ae95,CONFIRMED_APPLIED,APPLIED,1,0,1,2021.001937,,0,0,,
b2_cas_only-mid_dispatch-notifications-8224495a-r1,p30,B2_CAS_ONLY,mid_dispatch,notifications,POSITIVE_ONLY_READBACK,CALLER_REFERENCE,8907d7a9-2710-4e4a-8397-34087f5526b4,CONFIRMED_APPLIED,APPLIED,1,0,1,2033.924431,,0,0,,
b2_cas_only-mid_dispatch-notifications-8224495a-r1,p30,B2_CAS_ONLY,mid_dispatch,notifications,POSITIVE_ONLY_READBACK,CALLER_REFERENCE,71239a2d-b1cc-44e6-9ed6-ad704b14693e,CONFIRMED_APPLIED,APPLIED,2,1,1,23338.266609,54995.0,1,0,,
b2_cas_only-mid_dispatch-notifications-8224495a-r1,p30,B2_CAS_ONLY,mid_dispatch,notifications,POSITIVE_ONLY_READBACK,CALLER_REFERENCE,90a57e26-9d97-478b-9b7a-6b48faafefc2,CONFIRMED_APPLIED,APPLIED,2,1,1,23611.236148,27402.0,1,0,,
b2_cas_only-mid_dispatch-notifications-8224495a-r10,p30,B2_CAS_ONLY,mid_dispatch,notifications,POSITIVE_ONLY_READBACK,CALLER_REFERENCE,56eba585-417f-42c7-8837-d759d38bb74f,CONFIRMED_APPLIED,APPLIED,1,0,1,2451.236645,,0,0,,
b2_cas_only-mid_dispatch-notifications-8224495a-r10,p30,B2_CAS_ONLY,mid_dispatch,notifications,POSITIVE_ONLY_READBACK,CALLER_REFERENCE,9eefea2c-93b9-4f1b-a523-501d49e3619f,CONFIRMED_APPLIED,APPLIED,1,0,1,2016.395047,,0,0,,
b2_cas_only-mid_dispatch-notifications-8224495a-r10,p30,B2_CAS_ONLY,mid_dispatch,notifications,POSITIVE_ONLY_READBACK,CALLER_REFERENCE,a786d8ce-c20e-4056-8de4-d1b2a783a116,CONFIRMED_APPLIED,APPLIED,2,1,1,24735.410587,56819.0,1,0,,
b2_cas_only-mid_dispatch-notifications-8224495a-r10,p30,B2_CAS_ONLY,mid_dispatch,notifications,POSITIVE_ONLY_READBACK,CALLER_REFERENCE,f1d2c9a8-91eb-4bfb-8f55-443e0a681d1f,CONFIRMED_APPLIED,APPLIED,1,0,1,2024.964698,,0,0,,
b2_cas_only-mid_dispatch-notifications-8224495a-r10,p30,B2_CAS_ONLY,mid_dispatch,notifications,POSITIVE_ONLY_READBACK,CALLER_REFERENCE,0a4842b7-9d89-4212-add0-237fd607a28f,CONFIRMED_APPLIED,APPLIED,1,0,1,2022.684972,,0,0,,
b2_cas_only-mid_dispatch-notifications-8224495a-r10,p30,B2_CAS_ONLY,mid_dispatch,notifications,POSITIVE_ONLY_READBACK,CALLER_REFERENCE,c090acae-e3fe-44ce-813c-5412151163e7,CONFIRMED_APPLIED,APPLIED,1,0,1,2468.859193,,0,0,,
b2_cas_only-mid_dispatch-notifications-8224495a-r10,p30,B2_CAS_ONLY,mid_dispatch,notifications,POSITIVE_ONLY_READBACK,CALLER_REFERENCE,2bfa4995-58f8-47e2-9f6b-6a677d68fb6e,CONFIRMED_APPLIED,APPLIED,1,0,1,2018.343803,,0,0,,
b2_cas_only-mid_dispatch-notifications-8224495a-r10,p30,B2_CAS_ONLY,mid_dispatch,notifications,POSITIVE_ONLY_READBACK,CALLER_REFERENCE,7668ba4d-5abd-4f4f-acdf-0f28750b39fc,CONFIRMED_APPLIED,APPLIED,2,1,1,24749.084491,56803.0,1,0,,
b2_cas_only-mid_dispatch-notifications-8224495a-r10,p30,B2_CAS_ONLY,mid_dispatch,notifications,POSITIVE_ONLY_READBACK,CALLER_REFERENCE,2ca3e067-9504-42e9-93b6-06a41f7e69e1,CONFIRMED_APPLIED,APPLIED,1,0,1,2022.605888,,0,0,,
b2_cas_only-mid_dispatch-notifications-8224495a-r10,p30,B2_CAS_ONLY,mid_dispatch,notifications,POSITIVE_ONLY_READBACK,CALLER_REFERENCE,bddf7110-5d06-447d-bfb0-750a686cdd71,CONFIRMED_APPLIED,APPLIED,2,1,1,24001.590844,27196.0,1,0,,
b2_cas_only-mid_dispatch-notifications-8224495a-r11,p30,B2_CAS_ONLY,mid_dispatch,notifications,POSITIVE_ONLY_READBACK,CALLER_REFERENCE,a8ccb74a-7b7c-40b8-bd21-d7aff5ed0179,CONFIRMED_APPLIED,APPLIED,1,0,1,2490.10458,,0,0,,
b2_cas_only-mid_dispatch-notifications-8224495a-r11,p30,B2_CAS_ONLY,mid_dispatch,notifications,POSITIVE_ONLY_READBACK,CALLER_REFERENCE,6ab813fd-a56c-4f03-9c8a-6067ac88e5da,CONFIRMED_APPLIED,APPLIED,1,0,1,2023.362047,,0,0,,
b2_cas_only-mid_dispatch-notifications-8224495a-r11,p30,B2_CAS_ONLY,mid_dispatch,notifications,POSITIVE_ONLY_READBACK,CALLER_REFERENCE,536373f5-8921-42ba-bcd2-eb1e0b6892ad,CONFIRMED_APPLIED,APPLIED,1,0,1,2017.426516,,0,0,,
b2_cas_only-mid_dispatch-notifications-8224495a-r11,p30,B2_CAS_ONLY,mid_dispatch,notifications,POSITIVE_ONLY_READBACK,CALLER_REFERENCE,14d581c0-d4b1-40e8-ba87-157da9b92403,CONFIRMED_APPLIED,APPLIED,2,1,1,24443.834884,29158.0,1,0,,
b2_cas_only-mid_dispatch-notifications-8224495a-r11,p30,B2_CAS_ONLY,mid_dispatch,notifications,POSITIVE_ONLY_READBACK,CALLER_REFERENCE,061e20d8-512c-4cdb-9c6e-cc6d2eb3f250,CONFIRMED_APPLIED,APPLIED,1,0,1,2016.946375,,0,0,,
b2_cas_only-mid_dispatch-notifications-8224495a-r11,p30,B2_CAS_ONLY,mid_dispatch,notifications,POSITIVE_ONLY_READBACK,CALLER_REFERENCE,1ff5dce0-5989-4312-b6eb-dd1c952a525f,CONFIRMED_APPLIED,APPLIED,1,1,1,23504.791861,35675.0,0,0,,
b2_cas_only-mid_dispatch-notifications-8224495a-r11,p30,B2_CAS_ONLY,mid_dispatch,notifications,POSITIVE_ONLY_READBACK,CALLER_REFERENCE,70af71cd-4b46-4810-9232-5d91062b8915,CONFIRMED_APPLIED,APPLIED,1,0,1,2019.317514,,0,0,,
b2_cas_only-mid_dispatch-notifications-8224495a-r11,p30,B2_CAS_ONLY,mid_dispatch,notifications,POSITIVE_ONLY_READBACK,CALLER_REFERENCE,0587a1ac-5e3e-4f5d-a37d-b46fb350b759,CONFIRMED_APPLIED,APPLIED,1,0,1,2016.256715,,0,0,,
b2_cas_only-mid_dispatch-notifications-8224495a-r11,p30,B2_CAS_ONLY,mid_dispatch,notifications,POSITIVE_ONLY_READBACK,CALLER_REFERENCE,9ede1221-b409-44b1-9412-6e17bd34e6f3,CONFIRMED_APPLIED,APPLIED,1,0,1,2018.819065,,0,0,,
b2_cas_only-mid_dispatch-notifications-8224495a-r11,p30,B2_CAS_ONLY,mid_dispatch,notifications,POSITIVE_ONLY_READBACK,CALLER_REFERENCE,246067d7-e9eb-4616-8337-9d57810389fc,CONFIRMED_APPLIED,APPLIED,1,0,1,2018.223802,,0,0,,
b2_cas_only-mid_dispatch-notifications-8224495a-r12,p30,B2_CAS_ONLY,mid_dispatch,notifications,POSITIVE_ONLY_READBACK,CALLER_REFERENCE,ed9ca45b-9b11-48ef-bed4-ae7ba9dffca4,CONFIRMED_APPLIED,APPLIED,1,0,2,4248.53968,,0,0,,
b2_cas_only-mid_dispatch-notifications-8224495a-r12,p30,B2_CAS_ONLY,mid_dispatch,notifications,POSITIVE_ONLY_READBACK,CALLER_REFERENCE,d55decd0-18ab-4c03-b386-da8938378bb5,CONFIRMED_APPLIED,APPLIED,2,1,1,21961.197869,84212.0,1,0,,
b2_cas_only-mid_dispatch-notifications-8224495a-r12,p30,B2_CAS_ONLY,mid_dispatch,notifications,POSITIVE_ONLY_READBACK,CALLER_REFERENCE,96367d7d-c915-4a08-875e-02b902701729,CONFIRMED_APPLIED,APPLIED,2,1,1,22178.920009,56665.0,1,0,,
b2_cas_only-mid_dispatch-notifications-8224495a-r12,p30,B2_CAS_ONLY,mid_dispatch,notifications,POSITIVE_ONLY_READBACK,CALLER_REFERENCE,80a5ef19-2878-49eb-8e5c-f64bc161a84b,CONFIRMED_APPLIED,APPLIED,1,0,1,2026.086524,,0,0,,
b2_cas_only-mid_dispatch-notifications-8224495a-r12,p30,B2_CAS_ONLY,mid_dispatch,notifications,POSITIVE_ONLY_READBACK,CALLER_REFERENCE,b30de951-9589-49f3-b559-1cd44cb9219a,CONFIRMED_APPLIED,APPLIED,2,1,1,22272.874931,27193.0,1,0,,
b2_cas_only-mid_dispatch-notifications-8224495a-r12,p30,B2_CAS_ONLY,mid_dispatch,notifications,POSITIVE_ONLY_READBACK,CALLER_REFERENCE,1d0a22f0-d031-48cf-9b24-3ee941b9bbbd,CONFIRMED_APPLIED,APPLIED,2,1,1,21890.396025,88454.0,1,0,,
b2_cas_only-mid_dispatch-notifications-8224495a-r12,p30,B2_CAS_ONLY,mid_dispatch,notifications,POSITIVE_ONLY_READBACK,CALLER_REFERENCE,c1630aca-4b9a-4b0a-bea9-9d3b5fe6f6e9,CONFIRMED_APPLIED,APPLIED,1,0,1,2021.241862,,0,0,,
b2_cas_only-mid_dispatch-notifications-8224495a-r12,p30,B2_CAS_ONLY,mid_dispatch,notifications,POSITIVE_ONLY_READBACK,CALLER_REFERENCE,a19fa403-4058-482b-a74b-764c6ad36609,CONFIRMED_APPLIED,APPLIED,2,1,1,21723.455455,59117.0,1,0,,
b2_cas_only-mid_dispatch-notifications-8224495a-r12,p30,B2_CAS_ONLY,mid_dispatch,notifications,POSITIVE_ONLY_READBACK,CALLER_REFERENCE,0415f716-978b-4d99-9eaa-aa5345aef5d8,CONFIRMED_APPLIED,APPLIED,1,0,1,2023.840017,,0,0,,
b2_cas_only-mid_dispatch-notifications-8224495a-r12,p30,B2_CAS_ONLY,mid_dispatch,notifications,POSITIVE_ONLY_READBACK,CALLER_REFERENCE,1f69ef0e-60e3-4efd-8b9d-2d90b4b16bca,CONFIRMED_APPLIED,APPLIED,2,1,1,22149.408716,29659.0,1,0,,
b2_cas_only-mid_dispatch-notifications-8224495a-r13,p30,B2_CAS_ONLY,mid_dispatch,notifications,POSITIVE_ONLY_READBACK,CALLER_REFERENCE,9dd3b942-a8a0-4554-afed-4603478b8183,CONFIRMED_APPLIED,APPLIED,1,0,1,2459.341428,,0,0,,
b2_cas_only-mid_dispatch-notifications-8224495a-r13,p30,B2_CAS_ONLY,mid_dispatch,notifications,POSITIVE_ONLY_READBACK,CALLER_REFERENCE,ac38d303-eb1b-412d-b438-e4a65b297e41,CONFIRMED_APPLIED,APPLIED,1,0,1,2034.94154,,0,0,,
b2_cas_only-mid_dispatch-notifications-8224495a-r13,p30,B2_CAS_ONLY,mid_dispatch,notifications,POSITIVE_ONLY_READBACK,CALLER_REFERENCE,7f489ede-dad4-4526-a294-adcd1110320c,CONFIRMED_APPLIED,APPLIED,1,0,1,2026.489748,,0,0,,
b2_cas_only-mid_dispatch-notifications-8224495a-r13,p30,B2_CAS_ONLY,mid_dispatch,notifications,POSITIVE_ONLY_READBACK,CALLER_REFERENCE,5ba0206c-42e8-4e16-91d2-95e177894c99,CONFIRMED_APPLIED,APPLIED,2,0,2,7050.418879,,1,0,,
b2_cas_only-mid_dispatch-notifications-8224495a-r13,p30,B2_CAS_ONLY,mid_dispatch,notifications,POSITIVE_ONLY_READBACK,CALLER_REFERENCE,567b178f-e8fa-4706-8594-7fb85a109a8c,CONFIRMED_APPLIED,APPLIED,1,0,1,2033.243191,,0,0,,
b2_cas_only-mid_dispatch-notifications-8224495a-r13,p30,B2_CAS_ONLY,mid_dispatch,notifications,POSITIVE_ONLY_READBACK,CALLER_REFERENCE,ddab35e8-332e-4651-9783-b84d04499f7d,CONFIRMED_APPLIED,APPLIED,1,0,1,2449.277012,,0,0,,
b2_cas_only-mid_dispatch-notifications-8224495a-r13,p30,B2_CAS_ONLY,mid_dispatch,notifications,POSITIVE_ONLY_READBACK,CALLER_REFERENCE,89aa7080-273a-48b1-aa60-6cdc1385dd28,CONFIRMED_APPLIED,APPLIED,2,1,1,22181.636419,58874.0,1,0,,
b2_cas_only-mid_dispatch-notifications-8224495a-r13,p30,B2_CAS_ONLY,mid_dispatch,notifications,POSITIVE_ONLY_READBACK,CALLER_REFERENCE,63eff5d8-4e37-4248-b451-87ba9c18d40d,CONFIRMED_APPLIED,APPLIED,1,0,1,2022.566019,,0,0,,
b2_cas_only-mid_dispatch-notifications-8224495a-r13,p30,B2_CAS_ONLY,mid_dispatch,notifications,POSITIVE_ONLY_READBACK,CALLER_REFERENCE,622ea7d1-2958-4a89-bc1d-64d1c0a6724c,CONFIRMED_APPLIED,APPLIED,2,1,1,22038.426249,29394.0,1,0,,
b2_cas_only-mid_dispatch-notifications-8224495a-r13,p30,B2_CAS_ONLY,mid_dispatch,notifications,POSITIVE_ONLY_READBACK,CALLER_REFERENCE,d6dd966d-737a-4902-8b56-3c3e329d2fb2,CONFIRMED_APPLIED,APPLIED,1,0,1,2034.906988,,0,0,,
b2_cas_only-mid_dispatch-notifications-8224495a-r14,p30,B2_CAS_ONLY,mid_dispatch,notifications,POSITIVE_ONLY_READBACK,CALLER_REFERENCE,6caf2d6f-5863-4250-acbe-06d38fe6491f,CONFIRMED_APPLIED,APPLIED,1,0,1,2539.367521,,0,0,,
b2_cas_only-mid_dispatch-notifications-8224495a-r14,p30,B2_CAS_ONLY,mid_dispatch,notifications,POSITIVE_ONLY_READBACK,CALLER_REFERENCE,bdd6ba32-0b61-41f1-be6a-b86df055fe00,CONFIRMED_APPLIED,APPLIED,1,0,1,2029.612809,,0,0,,
b2_cas_only-mid_dispatch-notifications-8224495a-r14,p30,B2_CAS_ONLY,mid_dispatch,notifications,POSITIVE_ONLY_READBACK,CALLER_REFERENCE,1808f662-6ac7-4660-8c26-18ac640b73fe,CONFIRMED_APPLIED,APPLIED,1,0,1,2039.171528,,0,0,,
b2_cas_only-mid_dispatch-notifications-8224495a-r14,p30,B2_CAS_ONLY,mid_dispatch,notifications,POSITIVE_ONLY_READBACK,CALLER_REFERENCE,f56a2740-9d21-41fa-8021-e64441bdf161,CONFIRMED_APPLIED,APPLIED,2,1,1,19058.33036,61480.0,1,0,,
b2_cas_only-mid_dispatch-notifications-8224495a-r14,p30,B2_CAS_ONLY,mid_dispatch,notifications,POSITIVE_ONLY_READBACK,CALLER_REFERENCE,f18734e4-9c02-4736-8c47-7fe7a12e0a48,CONFIRMED_APPLIED,APPLIED,3,1,2,24778.441154,33422.0,1,0,,
b2_cas_only-mid_dispatch-notifications-8224495a-r14,p30,B2_CAS_ONLY,mid_dispatch,notifications,POSITIVE_ONLY_READBACK,CALLER_REFERENCE,6c2692f1-af83-40c5-8ba8-e7543a3e0d4b,CONFIRMED_APPLIED,APPLIED,1,1,1,20486.194142,68079.0,0,0,,
b2_cas_only-mid_dispatch-notifications-8224495a-r14,p30,B2_CAS_ONLY,mid_dispatch,notifications,POSITIVE_ONLY_READBACK,CALLER_REFERENCE,e9174f65-7ed6-4a02-88aa-eebb5574767c,CONFIRMED_APPLIED,APPLIED,2,1,1,19662.870562,40222.0,1,0,,
b2_cas_only-mid_dispatch-notifications-8224495a-r14,p30,B2_CAS_ONLY,mid_dispatch,notifications,POSITIVE_ONLY_READBACK,CALLER_REFERENCE,862c0de2-e7ab-46e0-8b3f-2e6ba1369d3e,CONFIRMED_APPLIED,APPLIED,1,0,1,2041.771801,,0,0,,
b2_cas_only-mid_dispatch-notifications-8224495a-r14,p30,B2_CAS_ONLY,mid_dispatch,notifications,POSITIVE_ONLY_READBACK,CALLER_REFERENCE,2d2bfebb-2419-4336-8180-4dd6a73b40f2,CONFIRMED_APPLIED,APPLIED,2,0,2,7071.269578,,1,0,,
b2_cas_only-mid_dispatch-notifications-8224495a-r14,p30,B2_CAS_ONLY,mid_dispatch,notifications,POSITIVE_ONLY_READBACK,CALLER_REFERENCE,0fcfb032-916e-4e42-bf15-eb6a511e80b3,CONFIRMED_APPLIED,APPLIED,1,0,1,2057.647032,,0,0,,
b2_cas_only-mid_dispatch-notifications-8224495a-r2,p30,B2_CAS_ONLY,mid_dispatch,notifications,POSITIVE_ONLY_READBACK,CALLER_REFERENCE,e9b9a6de-6add-405e-9421-b35b1be70f96,CONFIRMED_APPLIED,APPLIED,1,0,1,2282.045431,,0,0,,
b2_cas_only-mid_dispatch-notifications-8224495a-r2,p30,B2_CAS_ONLY,mid_dispatch,notifications,POSITIVE_ONLY_READBACK,CALLER_REFERENCE,5a65382b-6336-4b50-81de-dcc093eed29e,CONFIRMED_APPLIED,APPLIED,1,0,1,2024.293606,,0,0,,
b2_cas_only-mid_dispatch-notifications-8224495a-r2,p30,B2_CAS_ONLY,mid_dispatch,notifications,POSITIVE_ONLY_READBACK,CALLER_REFERENCE,3807cfcb-a0fb-4a02-bc4e-bd90ebda4024,CONFIRMED_APPLIED,APPLIED,2,0,2,7030.62836,,1,0,,
b2_cas_only-mid_dispatch-notifications-8224495a-r2,p30,B2_CAS_ONLY,mid_dispatch,notifications,POSITIVE_ONLY_READBACK,CALLER_REFERENCE,fefc6630-1515-4063-a6f0-87e30365f75d,CONFIRMED_APPLIED,APPLIED,1,0,1,2020.557136,,0,0,,
b2_cas_only-mid_dispatch-notifications-8224495a-r2,p30,B2_CAS_ONLY,mid_dispatch,notifications,POSITIVE_ONLY_READBACK,CALLER_REFERENCE,634dafbb-950d-4a1d-b62f-7d50f27c9ebd,CONFIRMED_APPLIED,APPLIED,1,0,1,2021.120611,,0,0,,
b2_cas_only-mid_dispatch-notifications-8224495a-r2,p30,B2_CAS_ONLY,mid_dispatch,notifications,POSITIVE_ONLY_READBACK,CALLER_REFERENCE,97707946-0bed-4c51-9c76-5aa1c303a0b9,CONFIRMED_APPLIED,APPLIED,1,0,1,2272.831842,,0,0,,
b2_cas_only-mid_dispatch-notifications-8224495a-r2,p30,B2_CAS_ONLY,mid_dispatch,notifications,POSITIVE_ONLY_READBACK,CALLER_REFERENCE,1c6870c3-fcd7-4438-9bfd-d9fe1216db35,CONFIRMED_APPLIED,APPLIED,1,0,1,2023.623821,,0,0,,
b2_cas_only-mid_dispatch-notifications-8224495a-r2,p30,B2_CAS_ONLY,mid_dispatch,notifications,POSITIVE_ONLY_READBACK,CALLER_REFERENCE,ba661118-62a6-49dc-9f7a-64220e9f8f37,CONFIRMED_APPLIED,APPLIED,2,1,1,24937.381619,31187.0,1,0,,
b2_cas_only-mid_dispatch-notifications-8224495a-r2,p30,B2_CAS_ONLY,mid_dispatch,notifications,POSITIVE_ONLY_READBACK,CALLER_REFERENCE,30782167-da78-41a6-ab34-5650acdee1b4,CONFIRMED_APPLIED,APPLIED,1,0,1,2020.904079,,0,0,,
b2_cas_only-mid_dispatch-notifications-8224495a-r2,p30,B2_CAS_ONLY,mid_dispatch,notifications,POSITIVE_ONLY_READBACK,CALLER_REFERENCE,fe1a3ab4-7fb7-499a-9b8a-464208fb8821,CONFIRMED_APPLIED,APPLIED,1,0,1,2021.547485,,0,0,,
b2_cas_only-mid_dispatch-notifications-8224495a-r3,p30,B2_CAS_ONLY,mid_dispatch,notifications,POSITIVE_ONLY_READBACK,CALLER_REFERENCE,9456b04a-d055-43ac-8621-cbaa1b7fc9a8,CONFIRMED_APPLIED,APPLIED,2,0,2,7298.293331,,1,0,,
b2_cas_only-mid_dispatch-notifications-8224495a-r3,p30,B2_CAS_ONLY,mid_dispatch,notifications,POSITIVE_ONLY_READBACK,CALLER_REFERENCE,16749885-b963-4746-9fa7-6948a7ad9818,CONFIRMED_APPLIED,APPLIED,1,0,1,2015.530141,,0,0,,
b2_cas_only-mid_dispatch-notifications-8224495a-r3,p30,B2_CAS_ONLY,mid_dispatch,notifications,POSITIVE_ONLY_READBACK,CALLER_REFERENCE,d1833951-7020-4000-a1d9-d2e2c4e3be49,CONFIRMED_APPLIED,APPLIED,1,0,1,2019.306887,,0,0,,
b2_cas_only-mid_dispatch-notifications-8224495a-r3,p30,B2_CAS_ONLY,mid_dispatch,notifications,POSITIVE_ONLY_READBACK,CALLER_REFERENCE,bf889b29-2ebd-4d33-87e2-800124997ac6,CONFIRMED_APPLIED,APPLIED,1,0,1,2015.409938,,0,0,,
b2_cas_only-mid_dispatch-notifications-8224495a-r3,p30,B2_CAS_ONLY,mid_dispatch,notifications,POSITIVE_ONLY_READBACK,CALLER_REFERENCE,56f0437e-706b-4a23-9584-c1137548560e,CONFIRMED_APPLIED,APPLIED,2,0,2,7029.715663,,1,0,,
b2_cas_only-mid_dispatch-notifications-8224495a-r3,p30,B2_CAS_ONLY,mid_dispatch,notifications,POSITIVE_ONLY_READBACK,CALLER_REFERENCE,0459dd75-9c78-464d-880b-b7f239cc9f34,CONFIRMED_APPLIED,APPLIED,1,0,2,4297.951717,,0,0,,
b2_cas_only-mid_dispatch-notifications-8224495a-r3,p30,B2_CAS_ONLY,mid_dispatch,notifications,POSITIVE_ONLY_READBACK,CALLER_REFERENCE,503aa9e8-fd75-4efe-b272-408510635804,CONFIRMED_APPLIED,APPLIED,2,1,1,24934.820267,38247.0,1,0,,
b2_cas_only-mid_dispatch-notifications-8224495a-r3,p30,B2_CAS_ONLY,mid_dispatch,notifications,POSITIVE_ONLY_READBACK,CALLER_REFERENCE,4464fecc-a1a4-44a7-9a78-829d759a1f0f,CONFIRMED_APPLIED,APPLIED,1,0,1,2014.624872,,0,0,,
b2_cas_only-mid_dispatch-notifications-8224495a-r3,p30,B2_CAS_ONLY,mid_dispatch,notifications,POSITIVE_ONLY_READBACK,CALLER_REFERENCE,6c9b4952-ba5a-43cb-bb3f-5edc2276957c,CONFIRMED_APPLIED,APPLIED,2,0,2,7026.285249,,1,0,,
b2_cas_only-mid_dispatch-notifications-8224495a-r3,p30,B2_CAS_ONLY,mid_dispatch,notifications,POSITIVE_ONLY_READBACK,CALLER_REFERENCE,8dd627f3-1b2f-4af0-9dd3-6d485900cf53,CONFIRMED_APPLIED,APPLIED,1,0,1,2018.553035,,0,0,,
b2_cas_only-mid_dispatch-notifications-8224495a-r4,p30,B2_CAS_ONLY,mid_dispatch,notifications,POSITIVE_ONLY_READBACK,CALLER_REFERENCE,2cbbf57e-6497-4a0b-9ae5-b66e124f1b1b,CONFIRMED_APPLIED,APPLIED,1,0,3,6287.764932,,0,0,,
b2_cas_only-mid_dispatch-notifications-8224495a-r4,p30,B2_CAS_ONLY,mid_dispatch,notifications,POSITIVE_ONLY_READBACK,CALLER_REFERENCE,8db128de-8e67-41a5-b957-dc646ef042ca,CONFIRMED_APPLIED,APPLIED,1,0,1,2016.144655,,0,0,,
b2_cas_only-mid_dispatch-notifications-8224495a-r4,p30,B2_CAS_ONLY,mid_dispatch,notifications,POSITIVE_ONLY_READBACK,CALLER_REFERENCE,10a1c29c-739f-4c2c-a71d-41c2f3a5f410,CONFIRMED_APPLIED,APPLIED,1,0,1,2039.066324,,0,0,,
b2_cas_only-mid_dispatch-notifications-8224495a-r4,p30,B2_CAS_ONLY,mid_dispatch,notifications,POSITIVE_ONLY_READBACK,CALLER_REFERENCE,372d9ec8-43e8-42d7-8daf-744ca76465e8,CONFIRMED_APPLIED,APPLIED,2,1,1,24990.015038,31271.0,1,0,,
b2_cas_only-mid_dispatch-notifications-8224495a-r4,p30,B2_CAS_ONLY,mid_dispatch,notifications,POSITIVE_ONLY_READBACK,CALLER_REFERENCE,22fa56f7-c8db-4a27-b202-f0562b13fdcb,CONFIRMED_APPLIED,APPLIED,1,0,2,4023.326947,,0,0,,
b2_cas_only-mid_dispatch-notifications-8224495a-r4,p30,B2_CAS_ONLY,mid_dispatch,notifications,POSITIVE_ONLY_READBACK,CALLER_REFERENCE,eca4a308-1fac-469a-a6c3-18eb4d5be9d3,CONFIRMED_APPLIED,APPLIED,1,0,1,2290.730483,,0,0,,
b2_cas_only-mid_dispatch-notifications-8224495a-r4,p30,B2_CAS_ONLY,mid_dispatch,notifications,POSITIVE_ONLY_READBACK,CALLER_REFERENCE,4c024121-25ab-4f0a-bffe-2a275ddd3cd5,CONFIRMED_APPLIED,APPLIED,1,0,1,2018.733708,,0,0,,
b2_cas_only-mid_dispatch-notifications-8224495a-r4,p30,B2_CAS_ONLY,mid_dispatch,notifications,POSITIVE_ONLY_READBACK,CALLER_REFERENCE,9c90bcc7-ec63-4e36-a94d-4ea8ea8eca1d,CONFIRMED_APPLIED,APPLIED,1,0,1,2015.566571,,0,0,,
b2_cas_only-mid_dispatch-notifications-8224495a-r4,p30,B2_CAS_ONLY,mid_dispatch,notifications,POSITIVE_ONLY_READBACK,CALLER_REFERENCE,797c750f-83a1-4371-bc38-8a3c5edfd7b0,CONFIRMED_APPLIED,APPLIED,1,0,1,2015.372034,,0,0,,
b2_cas_only-mid_dispatch-notifications-8224495a-r4,p30,B2_CAS_ONLY,mid_dispatch,notifications,POSITIVE_ONLY_READBACK,CALLER_REFERENCE,90bfb7cc-b9da-411d-81c3-b7472bc080e5,CONFIRMED_APPLIED,APPLIED,2,1,1,24955.751762,33280.0,1,0,,
b2_cas_only-mid_dispatch-notifications-8224495a-r5,p30,B2_CAS_ONLY,mid_dispatch,notifications,POSITIVE_ONLY_READBACK,CALLER_REFERENCE,d6e2a627-2ad9-4815-beb0-ffa89f427a84,CONFIRMED_APPLIED,APPLIED,1,0,1,2408.560985,,0,0,,
b2_cas_only-mid_dispatch-notifications-8224495a-r5,p30,B2_CAS_ONLY,mid_dispatch,notifications,POSITIVE_ONLY_READBACK,CALLER_REFERENCE,b3544c5b-a12d-4e28-b57f-7eee7bf63539,CONFIRMED_APPLIED,APPLIED,1,0,1,2028.116211,,0,0,,
b2_cas_only-mid_dispatch-notifications-8224495a-r5,p30,B2_CAS_ONLY,mid_dispatch,notifications,POSITIVE_ONLY_READBACK,CALLER_REFERENCE,15956de8-3cc3-415e-9c4b-2c63898a3a9e,CONFIRMED_APPLIED,APPLIED,1,0,1,2017.632949,,0,0,,
b2_cas_only-mid_dispatch-notifications-8224495a-r5,p30,B2_CAS_ONLY,mid_dispatch,notifications,POSITIVE_ONLY_READBACK,CALLER_REFERENCE,2e4633ea-a9a4-404c-9db6-3ee148442cbc,CONFIRMED_APPLIED,APPLIED,1,0,1,2018.483275,,0,0,,
b2_cas_only-mid_dispatch-notifications-8224495a-r5,p30,B2_CAS_ONLY,mid_dispatch,notifications,POSITIVE_ONLY_READBACK,CALLER_REFERENCE,a29e262e-290c-4b2a-ab79-6822e45d1401,CONFIRMED_APPLIED,APPLIED,2,1,1,24921.446858,54660.0,1,0,,
b2_cas_only-mid_dispatch-notifications-8224495a-r5,p30,B2_CAS_ONLY,mid_dispatch,notifications,POSITIVE_ONLY_READBACK,CALLER_REFERENCE,ad1bbcbb-c024-426d-8fea-ac5aa1a7f857,CONFIRMED_APPLIED,APPLIED,1,0,1,2420.002733,,0,0,,
b2_cas_only-mid_dispatch-notifications-8224495a-r5,p30,B2_CAS_ONLY,mid_dispatch,notifications,POSITIVE_ONLY_READBACK,CALLER_REFERENCE,ccf1779c-b94a-4f39-8806-f9339c66e2d7,CONFIRMED_APPLIED,APPLIED,1,0,1,2028.503688,,0,0,,
b2_cas_only-mid_dispatch-notifications-8224495a-r5,p30,B2_CAS_ONLY,mid_dispatch,notifications,POSITIVE_ONLY_READBACK,CALLER_REFERENCE,76e4eccd-bbe2-47ab-80e4-b301cfca9cc2,CONFIRMED_APPLIED,APPLIED,2,1,1,24937.050342,58687.0,1,0,,
b2_cas_only-mid_dispatch-notifications-8224495a-r5,p30,B2_CAS_ONLY,mid_dispatch,notifications,POSITIVE_ONLY_READBACK,CALLER_REFERENCE,6afe07a5-a65a-496b-b2fe-4cf2d08cadf7,CONFIRMED_APPLIED,APPLIED,1,0,1,2023.991645,,0,0,,
b2_cas_only-mid_dispatch-notifications-8224495a-r5,p30,B2_CAS_ONLY,mid_dispatch,notifications,POSITIVE_ONLY_READBACK,CALLER_REFERENCE,f95e6e1d-9a59-4e6a-beef-40835c361559,CONFIRMED_APPLIED,APPLIED,2,1,2,26975.818213,29232.0,1,0,,
b2_cas_only-mid_dispatch-notifications-8224495a-r6,p30,B2_CAS_ONLY,mid_dispatch,notifications,POSITIVE_ONLY_READBACK,CALLER_REFERENCE,4e4e2506-7a76-46e3-90d9-1ccc1fedf539,CONFIRMED_APPLIED,APPLIED,2,1,1,24840.575702,90925.0,1,0,,
b2_cas_only-mid_dispatch-notifications-8224495a-r6,p30,B2_CAS_ONLY,mid_dispatch,notifications,POSITIVE_ONLY_READBACK,CALLER_REFERENCE,525a81d6-ce12-4814-88d7-6f9f8cdd2003,CONFIRMED_APPLIED,APPLIED,2,1,1,24860.646179,63581.0,1,0,,
b2_cas_only-mid_dispatch-notifications-8224495a-r6,p30,B2_CAS_ONLY,mid_dispatch,notifications,POSITIVE_ONLY_READBACK,CALLER_REFERENCE,1bb1c2d5-392c-4ba1-aeb2-113a0a16c702,CONFIRMED_APPLIED,APPLIED,2,1,1,24888.340853,36178.0,1,0,,
b2_cas_only-mid_dispatch-notifications-8224495a-r6,p30,B2_CAS_ONLY,mid_dispatch,notifications,POSITIVE_ONLY_READBACK,CALLER_REFERENCE,dcae1bb5-d18a-45f4-8a9f-5551b0c77448,CONFIRMED_APPLIED,APPLIED,2,0,2,7027.784713,,1,0,,
b2_cas_only-mid_dispatch-notifications-8224495a-r6,p30,B2_CAS_ONLY,mid_dispatch,notifications,POSITIVE_ONLY_READBACK,CALLER_REFERENCE,aadcadf4-3a69-4954-9832-f282f80ec76a,CONFIRMED_APPLIED,APPLIED,1,0,1,2018.408291,,0,0,,
b2_cas_only-mid_dispatch-notifications-8224495a-r6,p30,B2_CAS_ONLY,mid_dispatch,notifications,POSITIVE_ONLY_READBACK,CALLER_REFERENCE,2893a204-a11b-4e7a-a309-e3cec599a2e0,CONFIRMED_APPLIED,APPLIED,2,1,1,24852.343822,90927.0,1,0,,
b2_cas_only-mid_dispatch-notifications-8224495a-r6,p30,B2_CAS_ONLY,mid_dispatch,notifications,POSITIVE_ONLY_READBACK,CALLER_REFERENCE,180f1e08-dbcf-4518-8375-766132adce02,CONFIRMED_APPLIED,APPLIED,1,0,2,4039.682705,,0,0,,
b2_cas_only-mid_dispatch-notifications-8224495a-r6,p30,B2_CAS_ONLY,mid_dispatch,notifications,POSITIVE_ONLY_READBACK,CALLER_REFERENCE,0cdb0709-dd28-4977-8491-15fb95a3a013,CONFIRMED_APPLIED,APPLIED,2,1,1,25279.142059,59533.0,1,0,,
b2_cas_only-mid_dispatch-notifications-8224495a-r6,p30,B2_CAS_ONLY,mid_dispatch,notifications,POSITIVE_ONLY_READBACK,CALLER_REFERENCE,8a0dfcf0-a3cd-490e-a403-c7d2b61f082a,CONFIRMED_APPLIED,APPLIED,1,0,1,2017.80564,,0,0,,
b2_cas_only-mid_dispatch-notifications-8224495a-r6,p30,B2_CAS_ONLY,mid_dispatch,notifications,POSITIVE_ONLY_READBACK,CALLER_REFERENCE,50b2caf7-91f1-408a-8af8-8b26e36ea121,CONFIRMED_APPLIED,APPLIED,1,0,1,2018.154415,,0,0,,
b2_cas_only-mid_dispatch-notifications-8224495a-r7,p30,B2_CAS_ONLY,mid_dispatch,notifications,POSITIVE_ONLY_READBACK,CALLER_REFERENCE,91786d96-0f51-4045-abd4-85c5df02f624,CONFIRMED_APPLIED,APPLIED,1,0,1,2423.974419,,0,0,,
b2_cas_only-mid_dispatch-notifications-8224495a-r7,p30,B2_CAS_ONLY,mid_dispatch,notifications,POSITIVE_ONLY_READBACK,CALLER_REFERENCE,5abbe9bc-5248-472d-874e-c18d61010b05,CONFIRMED_APPLIED,APPLIED,1,0,1,2028.394961,,0,0,,
b2_cas_only-mid_dispatch-notifications-8224495a-r7,p30,B2_CAS_ONLY,mid_dispatch,notifications,POSITIVE_ONLY_READBACK,CALLER_REFERENCE,dacf4ea9-7b74-4523-bd0f-3acc6f62cd6f,CONFIRMED_APPLIED,APPLIED,2,1,1,24461.255822,86547.0,1,0,,
b2_cas_only-mid_dispatch-notifications-8224495a-r7,p30,B2_CAS_ONLY,mid_dispatch,notifications,POSITIVE_ONLY_READBACK,CALLER_REFERENCE,6d185d49-404d-4a53-8d08-7471689ab36b,CONFIRMED_APPLIED,APPLIED,1,0,1,2019.344337,,0,0,,
b2_cas_only-mid_dispatch-notifications-8224495a-r7,p30,B2_CAS_ONLY,mid_dispatch,notifications,POSITIVE_ONLY_READBACK,CALLER_REFERENCE,a01776db-987a-47ec-bf24-a3f2967a77a8,CONFIRMED_APPLIED,APPLIED,2,1,1,23474.444024,57032.0,1,0,,
b2_cas_only-mid_dispatch-notifications-8224495a-r7,p30,B2_CAS_ONLY,mid_dispatch,notifications,POSITIVE_ONLY_READBACK,CALLER_REFERENCE,07fe3ee9-e8a6-4461-ad9b-7990ae8e1bcf,CONFIRMED_APPLIED,APPLIED,2,1,1,23712.441714,90987.0,1,0,,
b2_cas_only-mid_dispatch-notifications-8224495a-r7,p30,B2_CAS_ONLY,mid_dispatch,notifications,POSITIVE_ONLY_READBACK,CALLER_REFERENCE,38a31aa5-ce4f-4c7b-a20c-55b82127d4d5,CONFIRMED_APPLIED,APPLIED,2,0,2,7027.641941,,1,0,,
b2_cas_only-mid_dispatch-notifications-8224495a-r7,p30,B2_CAS_ONLY,mid_dispatch,notifications,POSITIVE_ONLY_READBACK,CALLER_REFERENCE,f006347c-0a13-467b-8224-8f85878c43dd,CONFIRMED_APPLIED,APPLIED,2,1,1,23177.753991,56508.0,1,0,,
b2_cas_only-mid_dispatch-notifications-8224495a-r7,p30,B2_CAS_ONLY,mid_dispatch,notifications,POSITIVE_ONLY_READBACK,CALLER_REFERENCE,d966f336-be24-4ad7-bb21-31f3ada03dda,CONFIRMED_APPLIED,APPLIED,2,1,1,24143.920789,29049.0,1,0,,
b2_cas_only-mid_dispatch-notifications-8224495a-r7,p30,B2_CAS_ONLY,mid_dispatch,notifications,POSITIVE_ONLY_READBACK,CALLER_REFERENCE,9b2670a9-0998-47b3-b4fc-5870db209d97,CONFIRMED_APPLIED,APPLIED,1,0,1,2015.682343,,0,0,,
b2_cas_only-mid_dispatch-notifications-8224495a-r8,p30,B2_CAS_ONLY,mid_dispatch,notifications,POSITIVE_ONLY_READBACK,CALLER_REFERENCE,c5e4fda8-3d2d-48d6-b44c-794d63fbd31e,CONFIRMED_APPLIED,APPLIED,1,0,1,2367.195798,,0,0,,
b2_cas_only-mid_dispatch-notifications-8224495a-r8,p30,B2_CAS_ONLY,mid_dispatch,notifications,POSITIVE_ONLY_READBACK,CALLER_REFERENCE,784bb3e7-42f3-4ccc-a532-be24d8661c0e,CONFIRMED_APPLIED,APPLIED,1,0,1,2023.801329,,0,0,,
b2_cas_only-mid_dispatch-notifications-8224495a-r8,p30,B2_CAS_ONLY,mid_dispatch,notifications,POSITIVE_ONLY_READBACK,CALLER_REFERENCE,3100f36e-bb5a-436b-b761-de1d5c6c88f5,CONFIRMED_APPLIED,APPLIED,1,0,1,2019.568306,,0,0,,
b2_cas_only-mid_dispatch-notifications-8224495a-r8,p30,B2_CAS_ONLY,mid_dispatch,notifications,POSITIVE_ONLY_READBACK,CALLER_REFERENCE,8f221ff8-c5a7-4e26-b706-24fb2ad025d6,CONFIRMED_APPLIED,APPLIED,2,0,2,7035.103741,,1,0,,
b2_cas_only-mid_dispatch-notifications-8224495a-r8,p30,B2_CAS_ONLY,mid_dispatch,notifications,POSITIVE_ONLY_READBACK,CALLER_REFERENCE,dae5a6d3-e895-4de5-afc5-869f520324d4,CONFIRMED_APPLIED,APPLIED,1,0,1,2020.333967,,0,0,,
b2_cas_only-mid_dispatch-notifications-8224495a-r8,p30,B2_CAS_ONLY,mid_dispatch,notifications,POSITIVE_ONLY_READBACK,CALLER_REFERENCE,0347b4c1-c142-4c40-99b6-9924c49bec88,CONFIRMED_APPLIED,APPLIED,2,1,1,23946.052486,55249.0,1,0,,
b2_cas_only-mid_dispatch-notifications-8224495a-r8,p30,B2_CAS_ONLY,mid_dispatch,notifications,POSITIVE_ONLY_READBACK,CALLER_REFERENCE,dff4d273-b9c1-4ad9-8686-eeb84f6a0379,CONFIRMED_APPLIED,APPLIED,3,0,3,12042.685525,,1,0,,
b2_cas_only-mid_dispatch-notifications-8224495a-r8,p30,B2_CAS_ONLY,mid_dispatch,notifications,POSITIVE_ONLY_READBACK,CALLER_REFERENCE,6f91907c-aab7-4bcf-aaf2-533122700a00,CONFIRMED_APPLIED,APPLIED,1,0,1,2014.069911,,0,0,,
b2_cas_only-mid_dispatch-notifications-8224495a-r8,p30,B2_CAS_ONLY,mid_dispatch,notifications,POSITIVE_ONLY_READBACK,CALLER_REFERENCE,6c84a728-256d-42bd-ade5-be67d11f5c5e,CONFIRMED_APPLIED,APPLIED,1,0,1,2018.249352,,0,0,,
b2_cas_only-mid_dispatch-notifications-8224495a-r8,p30,B2_CAS_ONLY,mid_dispatch,notifications,POSITIVE_ONLY_READBACK,CALLER_REFERENCE,a356de3f-c8ca-4bc0-9a10-930797af7f3d,CONFIRMED_APPLIED,APPLIED,3,0,3,12044.873366,,1,0,,
b2_cas_only-mid_dispatch-notifications-8224495a-r9,p30,B2_CAS_ONLY,mid_dispatch,notifications,POSITIVE_ONLY_READBACK,CALLER_REFERENCE,7c535dd0-25e6-46fd-8f51-22352830bcdc,CONFIRMED_APPLIED,APPLIED,1,0,1,2387.221747,,0,0,,
b2_cas_only-mid_dispatch-notifications-8224495a-r9,p30,B2_CAS_ONLY,mid_dispatch,notifications,POSITIVE_ONLY_READBACK,CALLER_REFERENCE,2e01e54e-f852-4a70-bc64-1f540be69cbd,CONFIRMED_APPLIED,APPLIED,3,1,2,29170.711818,114446.0,1,0,,
b2_cas_only-mid_dispatch-notifications-8224495a-r9,p30,B2_CAS_ONLY,mid_dispatch,notifications,POSITIVE_ONLY_READBACK,CALLER_REFERENCE,38cebdcc-49c5-498f-8a70-2877238c903b,CONFIRMED_APPLIED,APPLIED,2,1,1,24221.830717,81945.0,1,0,,
b2_cas_only-mid_dispatch-notifications-8224495a-r9,p30,B2_CAS_ONLY,mid_dispatch,notifications,POSITIVE_ONLY_READBACK,CALLER_REFERENCE,a9f4cd20-4e17-4437-8b08-50c57a48627d,CONFIRMED_APPLIED,APPLIED,2,1,1,23915.37557,54373.0,1,0,,
b2_cas_only-mid_dispatch-notifications-8224495a-r9,p30,B2_CAS_ONLY,mid_dispatch,notifications,POSITIVE_ONLY_READBACK,CALLER_REFERENCE,9d2223e8-8da4-413d-b4a5-b12ba56d3b97,CONFIRMED_APPLIED,APPLIED,2,1,1,24426.348921,27054.0,1,0,,
b2_cas_only-mid_dispatch-notifications-8224495a-r9,p30,B2_CAS_ONLY,mid_dispatch,notifications,POSITIVE_ONLY_READBACK,CALLER_REFERENCE,c35eaead-cd5e-4271-9809-f82c640d20a2,CONFIRMED_APPLIED,APPLIED,1,0,1,2399.026471,,0,0,,
b2_cas_only-mid_dispatch-notifications-8224495a-r9,p30,B2_CAS_ONLY,mid_dispatch,notifications,POSITIVE_ONLY_READBACK,CALLER_REFERENCE,2d4bc137-cffe-4b7e-8fd0-b328f1016931,CONFIRMED_APPLIED,APPLIED,1,0,1,2026.866035,,0,0,,
b2_cas_only-mid_dispatch-notifications-8224495a-r9,p30,B2_CAS_ONLY,mid_dispatch,notifications,POSITIVE_ONLY_READBACK,CALLER_REFERENCE,f44717ed-c925-44c8-a17c-508cfd8e5d94,CONFIRMED_APPLIED,APPLIED,2,0,3,9048.77325,,1,0,,
b2_cas_only-mid_dispatch-notifications-8224495a-r9,p30,B2_CAS_ONLY,mid_dispatch,notifications,POSITIVE_ONLY_READBACK,CALLER_REFERENCE,55b16374-4212-4de8-8f01-a4a5676eed1a,CONFIRMED_APPLIED,APPLIED,1,0,1,2018.06066,,0,0,,
b2_cas_only-mid_dispatch-notifications-8224495a-r9,p30,B2_CAS_ONLY,mid_dispatch,notifications,POSITIVE_ONLY_READBACK,CALLER_REFERENCE,f61485da-a31b-4be3-94f8-8b3cdb3feb31,CONFIRMED_APPLIED,APPLIED,1,0,1,2017.428061,,0,0,,
b2_cas_only-mid_dispatch-payments-a6396d5b-r0,p30,B2_CAS_ONLY,mid_dispatch,payments,AUTHORITATIVE_READBACK,CALLER_REFERENCE,0933c616-7877-4f76-b2cd-56fda076bd18,CONFIRMED_APPLIED,APPLIED,1,0,1,2499.904254,,0,0,,
b2_cas_only-mid_dispatch-payments-a6396d5b-r0,p30,B2_CAS_ONLY,mid_dispatch,payments,AUTHORITATIVE_READBACK,CALLER_REFERENCE,48717cf9-0ca3-48f1-98d7-178b00579dd8,CONFIRMED_APPLIED,APPLIED,1,0,1,2024.574265,,0,0,,
b2_cas_only-mid_dispatch-payments-a6396d5b-r0,p30,B2_CAS_ONLY,mid_dispatch,payments,AUTHORITATIVE_READBACK,CALLER_REFERENCE,b7afb1bb-4b4c-4af9-8253-1bfbb16b96e2,CONFIRMED_APPLIED,APPLIED,1,0,1,2025.174373,,0,0,,
b2_cas_only-mid_dispatch-payments-a6396d5b-r0,p30,B2_CAS_ONLY,mid_dispatch,payments,AUTHORITATIVE_READBACK,CALLER_REFERENCE,df1c0b55-3e94-40c7-b8f8-6a0feb91433e,CONFIRMED_APPLIED,APPLIED,1,0,1,2030.883979,,0,0,,
b2_cas_only-mid_dispatch-payments-a6396d5b-r0,p30,B2_CAS_ONLY,mid_dispatch,payments,AUTHORITATIVE_READBACK,CALLER_REFERENCE,7a4bf2ed-3453-4540-844f-3b277ebabfe4,CONFIRMED_APPLIED,APPLIED,1,0,1,2023.753816,,0,0,,
b2_cas_only-mid_dispatch-payments-a6396d5b-r0,p30,B2_CAS_ONLY,mid_dispatch,payments,AUTHORITATIVE_READBACK,CALLER_REFERENCE,fe153898-37ea-41d5-b19c-e0ac74b0f180,CONFIRMED_APPLIED,APPLIED,1,0,1,2513.894775,,0,0,,
b2_cas_only-mid_dispatch-payments-a6396d5b-r0,p30,B2_CAS_ONLY,mid_dispatch,payments,AUTHORITATIVE_READBACK,CALLER_REFERENCE,bd0d2790-4bfe-499e-99d9-40650fb554de,CONFIRMED_APPLIED,APPLIED,2,1,1,23318.070059,33246.0,1,0,,
b2_cas_only-mid_dispatch-payments-a6396d5b-r0,p30,B2_CAS_ONLY,mid_dispatch,payments,AUTHORITATIVE_READBACK,CALLER_REFERENCE,5edd0923-e19e-4305-85e6-0253033700d9,CONFIRMED_APPLIED,APPLIED,1,0,1,2026.209361,,0,0,,
b2_cas_only-mid_dispatch-payments-a6396d5b-r0,p30,B2_CAS_ONLY,mid_dispatch,payments,AUTHORITATIVE_READBACK,CALLER_REFERENCE,5eacaff5-7414-4adc-a554-1ab4d89138e2,CONFIRMED_APPLIED,APPLIED,1,0,1,2024.872742,,0,0,,
b2_cas_only-mid_dispatch-payments-a6396d5b-r0,p30,B2_CAS_ONLY,mid_dispatch,payments,AUTHORITATIVE_READBACK,CALLER_REFERENCE,3328e698-46d1-46e3-8313-9f1e5676cb8c,CONFIRMED_APPLIED,APPLIED,1,0,1,2021.88133,,0,0,,
b2_cas_only-mid_dispatch-payments-a6396d5b-r1,p30,B2_CAS_ONLY,mid_dispatch,payments,AUTHORITATIVE_READBACK,CALLER_REFERENCE,3b1f6d0a-1ecd-41ac-a9f9-f4e7e63f58bf,CONFIRMED_APPLIED,APPLIED,1,0,1,2427.675596,,0,0,,
b2_cas_only-mid_dispatch-payments-a6396d5b-r1,p30,B2_CAS_ONLY,mid_dispatch,payments,AUTHORITATIVE_READBACK,CALLER_REFERENCE,f5ddd363-4170-4ccd-a8f1-d5f1768a7ecc,CONFIRMED_APPLIED,APPLIED,1,0,1,2028.438996,,0,0,,
b2_cas_only-mid_dispatch-payments-a6396d5b-r1,p30,B2_CAS_ONLY,mid_dispatch,payments,AUTHORITATIVE_READBACK,CALLER_REFERENCE,9c7b3e6c-5da1-4afe-a533-227af361b4b0,CONFIRMED_APPLIED,APPLIED,1,0,1,2024.070069,,0,0,,
b2_cas_only-mid_dispatch-payments-a6396d5b-r1,p30,B2_CAS_ONLY,mid_dispatch,payments,AUTHORITATIVE_READBACK,CALLER_REFERENCE,329fe973-2e1b-4b05-9591-db3d30d168bf,CONFIRMED_APPLIED,APPLIED,2,1,1,22852.573575,59928.0,1,0,,
b2_cas_only-mid_dispatch-payments-a6396d5b-r1,p30,B2_CAS_ONLY,mid_dispatch,payments,AUTHORITATIVE_READBACK,CALLER_REFERENCE,1cce0bc6-11a1-4ec0-b06b-1142e176a17e,CONFIRMED_APPLIED,APPLIED,1,0,1,2028.963922,,0,0,,
b2_cas_only-mid_dispatch-payments-a6396d5b-r1,p30,B2_CAS_ONLY,mid_dispatch,payments,AUTHORITATIVE_READBACK,CALLER_REFERENCE,669ae6f8-8ab1-4a5c-92a8-ba727c42896b,CONFIRMED_APPLIED,APPLIED,1,0,1,2414.230998,,0,0,,
b2_cas_only-mid_dispatch-payments-a6396d5b-r1,p30,B2_CAS_ONLY,mid_dispatch,payments,AUTHORITATIVE_READBACK,CALLER_REFERENCE,cd781779-1fef-45c1-bbf1-1c35adec6716,CONFIRMED_APPLIED,APPLIED,2,0,2,7042.193356,,1,0,,
b2_cas_only-mid_dispatch-payments-a6396d5b-r1,p30,B2_CAS_ONLY,mid_dispatch,payments,AUTHORITATIVE_READBACK,CALLER_REFERENCE,19c1c389-e6d8-4604-a6fa-a11f4bc596ae,CONFIRMED_APPLIED,APPLIED,2,1,1,23312.945264,56952.0,1,0,,
b2_cas_only-mid_dispatch-payments-a6396d5b-r1,p30,B2_CAS_ONLY,mid_dispatch,payments,AUTHORITATIVE_READBACK,CALLER_REFERENCE,3eb2cb7b-4da0-4062-8c2e-1cf8f27db06c,CONFIRMED_APPLIED,APPLIED,1,0,1,2025.86774,,0,0,,
b2_cas_only-mid_dispatch-payments-a6396d5b-r1,p30,B2_CAS_ONLY,mid_dispatch,payments,AUTHORITATIVE_READBACK,CALLER_REFERENCE,eb9ee281-08a1-401e-a8dd-b21b95dafba9,CONFIRMED_APPLIED,APPLIED,2,1,1,23514.775633,27274.0,1,0,,
b2_cas_only-mid_dispatch-payments-a6396d5b-r10,p30,B2_CAS_ONLY,mid_dispatch,payments,AUTHORITATIVE_READBACK,CALLER_REFERENCE,b62d2683-a7b5-470f-a09d-6ca136d1c433,CONFIRMED_APPLIED,APPLIED,1,0,1,2651.48964,,0,0,,
b2_cas_only-mid_dispatch-payments-a6396d5b-r10,p30,B2_CAS_ONLY,mid_dispatch,payments,AUTHORITATIVE_READBACK,CALLER_REFERENCE,0614a5a0-bbbc-46de-a34e-599c12276a79,CONFIRMED_APPLIED,APPLIED,1,0,1,2026.196839,,0,0,,
b2_cas_only-mid_dispatch-payments-a6396d5b-r10,p30,B2_CAS_ONLY,mid_dispatch,payments,AUTHORITATIVE_READBACK,CALLER_REFERENCE,776ff807-e455-4069-9bca-0d415d2399ca,CONFIRMED_APPLIED,APPLIED,2,1,1,24385.404579,81412.0,1,0,,
b2_cas_only-mid_dispatch-payments-a6396d5b-r10,p30,B2_CAS_ONLY,mid_dispatch,payments,AUTHORITATIVE_READBACK,CALLER_REFERENCE,ee31d9b3-dd89-44c3-b6ad-2cc4024e76f6,CONFIRMED_APPLIED,APPLIED,2,1,1,24255.273141,53742.0,1,0,,
b2_cas_only-mid_dispatch-payments-a6396d5b-r10,p30,B2_CAS_ONLY,mid_dispatch,payments,AUTHORITATIVE_READBACK,CALLER_REFERENCE,bc699cea-8621-4cf7-a87a-be95ea3a1d99,CONFIRMED_APPLIED,APPLIED,1,0,1,2022.467561,,0,0,,
b2_cas_only-mid_dispatch-payments-a6396d5b-r10,p30,B2_CAS_ONLY,mid_dispatch,payments,AUTHORITATIVE_READBACK,CALLER_REFERENCE,52f1cf1d-fd22-469f-9b77-c3c9dd1945f3,CONFIRMED_APPLIED,APPLIED,1,1,1,23137.582107,86077.0,0,0,,
b2_cas_only-mid_dispatch-payments-a6396d5b-r10,p30,B2_CAS_ONLY,mid_dispatch,payments,AUTHORITATIVE_READBACK,CALLER_REFERENCE,3926c91d-b837-4813-b670-221bee68f423,CONFIRMED_APPLIED,APPLIED,1,1,1,23639.466577,58697.0,0,0,,
b2_cas_only-mid_dispatch-payments-a6396d5b-r10,p30,B2_CAS_ONLY,mid_dispatch,payments,AUTHORITATIVE_READBACK,CALLER_REFERENCE,5fd46712-9df8-40a7-9748-b69f13e2e4a6,CONFIRMED_APPLIED,APPLIED,1,0,1,2016.047879,,0,0,,
b2_cas_only-mid_dispatch-payments-a6396d5b-r10,p30,B2_CAS_ONLY,mid_dispatch,payments,AUTHORITATIVE_READBACK,CALLER_REFERENCE,e9e7f112-92ec-4f49-9e95-4e8162231dd9,CONFIRMED_APPLIED,APPLIED,2,1,1,23947.073393,29180.0,1,0,,
b2_cas_only-mid_dispatch-payments-a6396d5b-r10,p30,B2_CAS_ONLY,mid_dispatch,payments,AUTHORITATIVE_READBACK,CALLER_REFERENCE,a96cd158-d479-4cb3-a331-175736efaf16,CONFIRMED_APPLIED,APPLIED,1,0,1,2016.867945,,0,0,,
b2_cas_only-mid_dispatch-payments-a6396d5b-r11,p30,B2_CAS_ONLY,mid_dispatch,payments,AUTHORITATIVE_READBACK,CALLER_REFERENCE,e7c66c71-4799-47da-9fcb-69f4bcb3bf2e,CONFIRMED_APPLIED,APPLIED,1,0,1,2425.910797,,0,0,,
b2_cas_only-mid_dispatch-payments-a6396d5b-r11,p30,B2_CAS_ONLY,mid_dispatch,payments,AUTHORITATIVE_READBACK,CALLER_REFERENCE,9fa6e47f-32db-43dd-8499-15accab5ff83,CONFIRMED_APPLIED,APPLIED,1,0,1,2032.854411,,0,0,,
b2_cas_only-mid_dispatch-payments-a6396d5b-r11,p30,B2_CAS_ONLY,mid_dispatch,payments,AUTHORITATIVE_READBACK,CALLER_REFERENCE,b7c9d6bf-f9d6-428b-a059-9a51c8214dcd,CONFIRMED_APPLIED,APPLIED,3,1,2,28717.205129,36328.0,1,0,,
b2_cas_only-mid_dispatch-payments-a6396d5b-r11,p30,B2_CAS_ONLY,mid_dispatch,payments,AUTHORITATIVE_READBACK,CALLER_REFERENCE,d749ef08-7b83-4d29-b028-4a70f47d3b81,CONFIRMED_APPLIED,APPLIED,1,0,1,2020.233614,,0,0,,
b2_cas_only-mid_dispatch-payments-a6396d5b-r11,p30,B2_CAS_ONLY,mid_dispatch,payments,AUTHORITATIVE_READBACK,CALLER_REFERENCE,8142b635-e03c-49eb-9f4f-f1639e5a96fc,CONFIRMED_APPLIED,APPLIED,1,0,1,2017.548105,,0,0,,
b2_cas_only-mid_dispatch-payments-a6396d5b-r11,p30,B2_CAS_ONLY,mid_dispatch,payments,AUTHORITATIVE_READBACK,CALLER_REFERENCE,e0698527-a305-4310-9dbe-c9fa52ed9859,CONFIRMED_APPLIED,APPLIED,1,0,1,2413.077196,,0,0,,
b2_cas_only-mid_dispatch-payments-a6396d5b-r11,p30,B2_CAS_ONLY,mid_dispatch,payments,AUTHORITATIVE_READBACK,CALLER_REFERENCE,47b38afc-a46e-4742-bd3e-a5a9a4ea8e35,CONFIRMED_APPLIED,APPLIED,2,1,1,24025.359201,38378.0,1,0,,
b2_cas_only-mid_dispatch-payments-a6396d5b-r11,p30,B2_CAS_ONLY,mid_dispatch,payments,AUTHORITATIVE_READBACK,CALLER_REFERENCE,acb644c1-fdb2-477d-83ce-0a4377fb2fa4,CONFIRMED_APPLIED,APPLIED,1,0,1,2021.489403,,0,0,,
b2_cas_only-mid_dispatch-payments-a6396d5b-r11,p30,B2_CAS_ONLY,mid_dispatch,payments,AUTHORITATIVE_READBACK,CALLER_REFERENCE,aee1a157-a2a9-4d6a-9a1c-fdba93e92269,CONFIRMED_APPLIED,APPLIED,1,0,1,2020.411875,,0,0,,
b2_cas_only-mid_dispatch-payments-a6396d5b-r11,p30,B2_CAS_ONLY,mid_dispatch,payments,AUTHORITATIVE_READBACK,CALLER_REFERENCE,70916706-f4bf-4cd6-93a7-9ffdda2c7e24,CONFIRMED_APPLIED,APPLIED,2,0,2,7029.647653,,1,0,,
b2_cas_only-mid_dispatch-payments-a6396d5b-r12,p30,B2_CAS_ONLY,mid_dispatch,payments,AUTHORITATIVE_READBACK,CALLER_REFERENCE,ef7aa827-78a7-4757-b64c-87a838e53d17,CONFIRMED_APPLIED,APPLIED,2,1,1,21642.186903,66041.0,1,0,,
b2_cas_only-mid_dispatch-payments-a6396d5b-r12,p30,B2_CAS_ONLY,mid_dispatch,payments,AUTHORITATIVE_READBACK,CALLER_REFERENCE,8eb8ec0e-e746-4c23-8a36-53bc478b5329,CONFIRMED_APPLIED,APPLIED,1,0,1,2019.966223,,0,0,,
b2_cas_only-mid_dispatch-payments-a6396d5b-r12,p30,B2_CAS_ONLY,mid_dispatch,payments,AUTHORITATIVE_READBACK,CALLER_REFERENCE,592adfa3-ab83-45ee-a4fb-04822946fcf8,CONFIRMED_APPLIED,APPLIED,2,1,1,23976.651158,36527.0,1,0,,
b2_cas_only-mid_dispatch-payments-a6396d5b-r12,p30,B2_CAS_ONLY,mid_dispatch,payments,AUTHORITATIVE_READBACK,CALLER_REFERENCE,97f81619-55d3-4e03-88a5-564d70ccb236,CONFIRMED_APPLIED,APPLIED,1,0,2,4024.35437,,0,0,,
b2_cas_only-mid_dispatch-payments-a6396d5b-r12,p30,B2_CAS_ONLY,mid_dispatch,payments,AUTHORITATIVE_READBACK,CALLER_REFERENCE,d2f1f5f6-1dab-4e62-aae0-68df44850aa9,CONFIRMED_APPLIED,APPLIED,1,0,1,2016.658207,,0,0,,
b2_cas_only-mid_dispatch-payments-a6396d5b-r12,p30,B2_CAS_ONLY,mid_dispatch,payments,AUTHORITATIVE_READBACK,CALLER_REFERENCE,affab0e6-eb2d-4d45-9150-e2e0db240f54,CONFIRMED_APPLIED,APPLIED,1,0,1,2302.886369,,0,0,,
b2_cas_only-mid_dispatch-payments-a6396d5b-r12,p30,B2_CAS_ONLY,mid_dispatch,payments,AUTHORITATIVE_READBACK,CALLER_REFERENCE,e7b3b7da-616d-4633-b2a6-e25d20fb22fa,CONFIRMED_APPLIED,APPLIED,3,1,2,26923.758115,63748.0,1,0,,
b2_cas_only-mid_dispatch-payments-a6396d5b-r12,p30,B2_CAS_ONLY,mid_dispatch,payments,AUTHORITATIVE_READBACK,CALLER_REFERENCE,c5ba2d9d-d80a-4bbb-8da5-2138f970c9d5,CONFIRMED_APPLIED,APPLIED,2,1,1,24232.79958,31259.0,1,0,,
b2_cas_only-mid_dispatch-payments-a6396d5b-r12,p30,B2_CAS_ONLY,mid_dispatch,payments,AUTHORITATIVE_READBACK,CALLER_REFERENCE,3a4d9227-426d-4aed-99eb-c16f289bf4d5,CONFIRMED_APPLIED,APPLIED,1,0,1,2016.895335,,0,0,,
b2_cas_only-mid_dispatch-payments-a6396d5b-r12,p30,B2_CAS_ONLY,mid_dispatch,payments,AUTHORITATIVE_READBACK,CALLER_REFERENCE,bc078469-e84c-493f-a468-e124683d9abb,CONFIRMED_APPLIED,APPLIED,1,0,1,2021.609102,,0,0,,
b2_cas_only-mid_dispatch-payments-a6396d5b-r13,p30,B2_CAS_ONLY,mid_dispatch,payments,AUTHORITATIVE_READBACK,CALLER_REFERENCE,cf7a3a01-0c5e-4306-bb27-fa8e9a403da1,CONFIRMED_APPLIED,APPLIED,2,1,2,28739.417151,70661.0,1,0,,
b2_cas_only-mid_dispatch-payments-a6396d5b-r13,p30,B2_CAS_ONLY,mid_dispatch,payments,AUTHORITATIVE_READBACK,CALLER_REFERENCE,8b829987-ea20-437c-a244-4ac30155e440,CONFIRMED_APPLIED,APPLIED,1,0,2,4027.017936,,0,0,,
b2_cas_only-mid_dispatch-payments-a6396d5b-r13,p30,B2_CAS_ONLY,mid_dispatch,payments,AUTHORITATIVE_READBACK,CALLER_REFERENCE,add2f666-3664-4eaf-b573-c47ab7bc0b1d,CONFIRMED_APPLIED,APPLIED,1,0,1,2018.2698,,0,0,,
b2_cas_only-mid_dispatch-payments-a6396d5b-r13,p30,B2_CAS_ONLY,mid_dispatch,payments,AUTHORITATIVE_READBACK,CALLER_REFERENCE,0d3b68ee-0b48-4a89-b39f-7572dc723f97,CONFIRMED_APPLIED,APPLIED,1,0,1,2021.305546,,0,0,,
b2_cas_only-mid_dispatch-payments-a6396d5b-r13,p30,B2_CAS_ONLY,mid_dispatch,payments,AUTHORITATIVE_READBACK,CALLER_REFERENCE,1a524f5a-8b98-4eb4-b8f8-f54deca1ecc2,CONFIRMED_APPLIED,APPLIED,2,1,1,23096.964855,29618.0,1,0,,
b2_cas_only-mid_dispatch-payments-a6396d5b-r13,p30,B2_CAS_ONLY,mid_dispatch,payments,AUTHORITATIVE_READBACK,CALLER_REFERENCE,63d37da9-e9db-4b87-b099-2f03f06216af,CONFIRMED_APPLIED,APPLIED,2,0,2,7610.76184,,1,0,,
b2_cas_only-mid_dispatch-payments-a6396d5b-r13,p30,B2_CAS_ONLY,mid_dispatch,payments,AUTHORITATIVE_READBACK,CALLER_REFERENCE,4dcd964a-a1db-4ea9-a0c0-58db15d53443,CONFIRMED_APPLIED,APPLIED,1,0,1,2019.592868,,0,0,,
b2_cas_only-mid_dispatch-payments-a6396d5b-r13,p30,B2_CAS_ONLY,mid_dispatch,payments,AUTHORITATIVE_READBACK,CALLER_REFERENCE,6b88e91f-eee9-4774-8f08-638c902f575d,CONFIRMED_APPLIED,APPLIED,1,0,1,2023.578485,,0,0,,
b2_cas_only-mid_dispatch-payments-a6396d5b-r13,p30,B2_CAS_ONLY,mid_dispatch,payments,AUTHORITATIVE_READBACK,CALLER_REFERENCE,12d65fe4-df06-4fd2-b56b-92485bcbddb7,CONFIRMED_APPLIED,APPLIED,1,0,1,2021.223586,,0,0,,
b2_cas_only-mid_dispatch-payments-a6396d5b-r13,p30,B2_CAS_ONLY,mid_dispatch,payments,AUTHORITATIVE_READBACK,CALLER_REFERENCE,f63269b1-78c2-42f6-905e-c3821ebbb7ac,CONFIRMED_APPLIED,APPLIED,1,0,1,2020.258847,,0,0,,
b2_cas_only-mid_dispatch-payments-a6396d5b-r14,p30,B2_CAS_ONLY,mid_dispatch,payments,AUTHORITATIVE_READBACK,CALLER_REFERENCE,f25aa3d9-0e5b-4f56-b446-29da5a1099ce,CONFIRMED_APPLIED,APPLIED,1,0,1,2594.260336,,0,0,,
b2_cas_only-mid_dispatch-payments-a6396d5b-r14,p30,B2_CAS_ONLY,mid_dispatch,payments,AUTHORITATIVE_READBACK,CALLER_REFERENCE,24c1e7cb-f175-4e30-8129-4cec6b5165bc,CONFIRMED_APPLIED,APPLIED,2,1,1,19193.884916,90740.0,1,0,,
b2_cas_only-mid_dispatch-payments-a6396d5b-r14,p30,B2_CAS_ONLY,mid_dispatch,payments,AUTHORITATIVE_READBACK,CALLER_REFERENCE,ee7d4a8c-06d9-4d64-b12f-814ec13e2f52,CONFIRMED_APPLIED,APPLIED,1,0,1,2032.901835,,0,0,,
b2_cas_only-mid_dispatch-payments-a6396d5b-r14,p30,B2_CAS_ONLY,mid_dispatch,payments,AUTHORITATIVE_READBACK,CALLER_REFERENCE,56c6fb3f-981f-4aa1-9494-c46ec4a56739,CONFIRMED_APPLIED,APPLIED,3,1,2,24402.182476,60629.0,1,0,,
b2_cas_only-mid_dispatch-payments-a6396d5b-r14,p30,B2_CAS_ONLY,mid_dispatch,payments,AUTHORITATIVE_READBACK,CALLER_REFERENCE,42bd6a61-43e5-485b-893d-daf23d6b4118,CONFIRMED_APPLIED,APPLIED,2,1,1,19003.184091,27695.0,1,0,,
b2_cas_only-mid_dispatch-payments-a6396d5b-r14,p30,B2_CAS_ONLY,mid_dispatch,payments,AUTHORITATIVE_READBACK,CALLER_REFERENCE,19e52d34-153d-4f7b-81ee-900cee256089,CONFIRMED_APPLIED,APPLIED,2,0,2,7572.500501,,1,0,,
b2_cas_only-mid_dispatch-payments-a6396d5b-r14,p30,B2_CAS_ONLY,mid_dispatch,payments,AUTHORITATIVE_READBACK,CALLER_REFERENCE,f4991a3b-8526-4749-9248-35ef2ee00c34,CONFIRMED_APPLIED,APPLIED,1,0,1,2041.380719,,0,0,,
b2_cas_only-mid_dispatch-payments-a6396d5b-r14,p30,B2_CAS_ONLY,mid_dispatch,payments,AUTHORITATIVE_READBACK,CALLER_REFERENCE,22f1cac0-58a7-4f8a-9521-8fd8f6455864,CONFIRMED_APPLIED,APPLIED,1,0,1,2029.466983,,0,0,,
b2_cas_only-mid_dispatch-payments-a6396d5b-r14,p30,B2_CAS_ONLY,mid_dispatch,payments,AUTHORITATIVE_READBACK,CALLER_REFERENCE,691a707a-a879-46f4-ab51-e63aa6a56811,CONFIRMED_APPLIED,APPLIED,2,1,1,19273.802612,79210.0,1,0,,
b2_cas_only-mid_dispatch-payments-a6396d5b-r14,p30,B2_CAS_ONLY,mid_dispatch,payments,AUTHORITATIVE_READBACK,CALLER_REFERENCE,06fb43a5-8c5a-4446-a875-087f181ed088,CONFIRMED_APPLIED,APPLIED,1,0,1,2036.862769,,0,0,,
b2_cas_only-mid_dispatch-payments-a6396d5b-r2,p30,B2_CAS_ONLY,mid_dispatch,payments,AUTHORITATIVE_READBACK,CALLER_REFERENCE,3fda2798-438c-4c8d-a4e8-175a68d884fa,CONFIRMED_APPLIED,APPLIED,2,1,1,24874.224234,40183.0,1,0,,
b2_cas_only-mid_dispatch-payments-a6396d5b-r2,p30,B2_CAS_ONLY,mid_dispatch,payments,AUTHORITATIVE_READBACK,CALLER_REFERENCE,994bf227-292d-4346-bb58-b8e98edc0fbf,CONFIRMED_APPLIED,APPLIED,1,0,1,2017.93508,,0,0,,
b2_cas_only-mid_dispatch-payments-a6396d5b-r2,p30,B2_CAS_ONLY,mid_dispatch,payments,AUTHORITATIVE_READBACK,CALLER_REFERENCE,f9d05f48-8f23-4a4b-ae4d-ab9d22f68b9b,CONFIRMED_APPLIED,APPLIED,1,0,1,2019.609146,,0,0,,
b2_cas_only-mid_dispatch-payments-a6396d5b-r2,p30,B2_CAS_ONLY,mid_dispatch,payments,AUTHORITATIVE_READBACK,CALLER_REFERENCE,7ed87707-714a-44ea-a86d-d65fca5663d1,CONFIRMED_APPLIED,APPLIED,1,0,1,2023.686536,,0,0,,
b2_cas_only-mid_dispatch-payments-a6396d5b-r2,p30,B2_CAS_ONLY,mid_dispatch,payments,AUTHORITATIVE_READBACK,CALLER_REFERENCE,f7e788fe-b44b-4898-a6f6-1469cf110a14,CONFIRMED_APPLIED,APPLIED,2,0,2,7033.544817,,1,0,,
b2_cas_only-mid_dispatch-payments-a6396d5b-r2,p30,B2_CAS_ONLY,mid_dispatch,payments,AUTHORITATIVE_READBACK,CALLER_REFERENCE,a7925893-1ea4-4221-b250-a203f13073dd,CONFIRMED_APPLIED,APPLIED,1,0,1,2258.39706,,0,0,,
b2_cas_only-mid_dispatch-payments-a6396d5b-r2,p30,B2_CAS_ONLY,mid_dispatch,payments,AUTHORITATIVE_READBACK,CALLER_REFERENCE,de6f9fce-0ee7-4b64-a9e2-3818180fdc25,CONFIRMED_APPLIED,APPLIED,1,0,1,2020.584727,,0,0,,
b2_cas_only-mid_dispatch-payments-a6396d5b-r2,p30,B2_CAS_ONLY,mid_dispatch,payments,AUTHORITATIVE_READBACK,CALLER_REFERENCE,fc02a5ad-de3e-4656-9e84-cf14308831fa,CONFIRMED_APPLIED,APPLIED,1,0,1,2020.58097,,0,0,,
b2_cas_only-mid_dispatch-payments-a6396d5b-r2,p30,B2_CAS_ONLY,mid_dispatch,payments,AUTHORITATIVE_READBACK,CALLER_REFERENCE,63f30ace-b5b7-4939-a23f-b0acb17f0e87,CONFIRMED_APPLIED,APPLIED,1,0,1,2020.777552,,0,0,,
b2_cas_only-mid_dispatch-payments-a6396d5b-r2,p30,B2_CAS_ONLY,mid_dispatch,payments,AUTHORITATIVE_READBACK,CALLER_REFERENCE,6855f79e-b83e-4e43-8882-1362ae4bd67c,CONFIRMED_APPLIED,APPLIED,1,0,1,2015.193623,,0,0,,
b2_cas_only-mid_dispatch-payments-a6396d5b-r3,p30,B2_CAS_ONLY,mid_dispatch,payments,AUTHORITATIVE_READBACK,CALLER_REFERENCE,1317c471-da3f-4bf3-93fa-addf2abccc2a,CONFIRMED_APPLIED,APPLIED,1,0,1,2259.989942,,0,0,,
b2_cas_only-mid_dispatch-payments-a6396d5b-r3,p30,B2_CAS_ONLY,mid_dispatch,payments,AUTHORITATIVE_READBACK,CALLER_REFERENCE,8164a518-cfec-4589-8cb9-2ef1fb793535,CONFIRMED_APPLIED,APPLIED,1,0,1,2020.603385,,0,0,,
b2_cas_only-mid_dispatch-payments-a6396d5b-r3,p30,B2_CAS_ONLY,mid_dispatch,payments,AUTHORITATIVE_READBACK,CALLER_REFERENCE,2ac74b6a-ff5f-4fcb-abe3-77a55806cb7c,CONFIRMED_APPLIED,APPLIED,2,0,2,7029.951949,,1,0,,
b2_cas_only-mid_dispatch-payments-a6396d5b-r3,p30,B2_CAS_ONLY,mid_dispatch,payments,AUTHORITATIVE_READBACK,CALLER_REFERENCE,301788d2-1990-4652-adfe-91a04000751d,CONFIRMED_APPLIED,APPLIED,2,1,1,24928.919713,54420.0,1,0,,
b2_cas_only-mid_dispatch-payments-a6396d5b-r3,p30,B2_CAS_ONLY,mid_dispatch,payments,AUTHORITATIVE_READBACK,CALLER_REFERENCE,26ff11e4-5d9e-4a03-85f0-3909d89720e0,CONFIRMED_APPLIED,APPLIED,2,1,1,24679.235029,27013.0,1,0,,
b2_cas_only-mid_dispatch-payments-a6396d5b-r3,p30,B2_CAS_ONLY,mid_dispatch,payments,AUTHORITATIVE_READBACK,CALLER_REFERENCE,978360be-5c3f-4642-809a-c6df64a26aa8,CONFIRMED_APPLIED,APPLIED,1,0,1,2251.32409,,0,0,,
b2_cas_only-mid_dispatch-payments-a6396d5b-r3,p30,B2_CAS_ONLY,mid_dispatch,payments,AUTHORITATIVE_READBACK,CALLER_REFERENCE,d6a9fb13-f937-451b-ade1-752163c558bf,CONFIRMED_APPLIED,APPLIED,2,0,2,7028.617845,,1,0,,
b2_cas_only-mid_dispatch-payments-a6396d5b-r3,p30,B2_CAS_ONLY,mid_dispatch,payments,AUTHORITATIVE_READBACK,CALLER_REFERENCE,680d9648-dcbc-40f3-8f5b-4fa4d4b9df7e,CONFIRMED_APPLIED,APPLIED,2,1,1,25067.711414,56454.0,1,0,,
b2_cas_only-mid_dispatch-payments-a6396d5b-r3,p30,B2_CAS_ONLY,mid_dispatch,payments,AUTHORITATIVE_READBACK,CALLER_REFERENCE,2ce0d43e-c67e-4402-bace-09de046d7924,CONFIRMED_APPLIED,APPLIED,1,0,1,2014.90562,,0,0,,
b2_cas_only-mid_dispatch-payments-a6396d5b-r3,p30,B2_CAS_ONLY,mid_dispatch,payments,AUTHORITATIVE_READBACK,CALLER_REFERENCE,f028935c-e6f7-4c62-b9a1-3f8050535f6a,CONFIRMED_APPLIED,APPLIED,1,0,1,2021.129028,,0,0,,
b2_cas_only-mid_dispatch-payments-a6396d5b-r4,p30,B2_CAS_ONLY,mid_dispatch,payments,AUTHORITATIVE_READBACK,CALLER_REFERENCE,77d0d561-00bf-422e-9a19-93d7a638f7b3,CONFIRMED_APPLIED,APPLIED,1,0,1,2262.724671,,0,0,,
b2_cas_only-mid_dispatch-payments-a6396d5b-r4,p30,B2_CAS_ONLY,mid_dispatch,payments,AUTHORITATIVE_READBACK,CALLER_REFERENCE,eccec610-7c02-4842-af12-28ccbabd4343,CONFIRMED_APPLIED,APPLIED,3,1,2,29940.195349,65627.0,1,0,,
b2_cas_only-mid_dispatch-payments-a6396d5b-r4,p30,B2_CAS_ONLY,mid_dispatch,payments,AUTHORITATIVE_READBACK,CALLER_REFERENCE,d0d0674c-b02f-4785-9cd4-715e7c358011,CONFIRMED_APPLIED,APPLIED,1,0,1,2018.4943,,0,0,,
b2_cas_only-mid_dispatch-payments-a6396d5b-r4,p30,B2_CAS_ONLY,mid_dispatch,payments,AUTHORITATIVE_READBACK,CALLER_REFERENCE,9f1396bd-962a-47f3-8888-bf12d7c5a6d6,CONFIRMED_APPLIED,APPLIED,2,1,1,24947.351984,31271.0,1,0,,
b2_cas_only-mid_dispatch-payments-a6396d5b-r4,p30,B2_CAS_ONLY,mid_dispatch,payments,AUTHORITATIVE_READBACK,CALLER_REFERENCE,e70ecd72-0e48-4619-9a6b-094dd0d0b392,CONFIRMED_APPLIED,APPLIED,1,0,2,4028.788243,,0,0,,
b2_cas_only-mid_dispatch-payments-a6396d5b-r4,p30,B2_CAS_ONLY,mid_dispatch,payments,AUTHORITATIVE_READBACK,CALLER_REFERENCE,3f4eef19-6db6-4445-b385-63e678914c25,CONFIRMED_APPLIED,APPLIED,1,0,1,2254.367544,,0,0,,
b2_cas_only-mid_dispatch-payments-a6396d5b-r4,p30,B2_CAS_ONLY,mid_dispatch,payments,AUTHORITATIVE_READBACK,CALLER_REFERENCE,a162e843-fff9-4aeb-9d5a-7696c19723e5,CONFIRMED_APPLIED,APPLIED,1,0,1,2017.354925,,0,0,,
b2_cas_only-mid_dispatch-payments-a6396d5b-r4,p30,B2_CAS_ONLY,mid_dispatch,payments,AUTHORITATIVE_READBACK,CALLER_REFERENCE,f25b3f46-2beb-434b-bea7-615bde9b92f6,CONFIRMED_APPLIED,APPLIED,1,0,1,2019.767077,,0,0,,
b2_cas_only-mid_dispatch-payments-a6396d5b-r4,p30,B2_CAS_ONLY,mid_dispatch,payments,AUTHORITATIVE_READBACK,CALLER_REFERENCE,89739e56-0dda-43be-be7a-bcffe27d86ac,CONFIRMED_APPLIED,APPLIED,1,0,1,2017.69008,,0,0,,
b2_cas_only-mid_dispatch-payments-a6396d5b-r4,p30,B2_CAS_ONLY,mid_dispatch,payments,AUTHORITATIVE_READBACK,CALLER_REFERENCE,107595cc-c21a-4857-9351-ada4e93938a4,CONFIRMED_APPLIED,APPLIED,1,0,1,2018.206879,,0,0,,
b2_cas_only-mid_dispatch-payments-a6396d5b-r5,p30,B2_CAS_ONLY,mid_dispatch,payments,AUTHORITATIVE_READBACK,CALLER_REFERENCE,f7e0458d-4052-414b-a1d3-12e55478e297,CONFIRMED_APPLIED,APPLIED,1,0,1,2266.234744,,0,0,,
b2_cas_only-mid_dispatch-payments-a6396d5b-r5,p30,B2_CAS_ONLY,mid_dispatch,payments,AUTHORITATIVE_READBACK,CALLER_REFERENCE,0a5774ea-ad2c-41f9-ba40-f9cb0197a407,CONFIRMED_APPLIED,APPLIED,1,0,1,2020.183355,,0,0,,
b2_cas_only-mid_dispatch-payments-a6396d5b-r5,p30,B2_CAS_ONLY,mid_dispatch,payments,AUTHORITATIVE_READBACK,CALLER_REFERENCE,cc42b3df-39db-40f9-9cb0-3e9b5f8e95f2,CONFIRMED_APPLIED,APPLIED,2,0,2,7028.795529,,1,0,,
b2_cas_only-mid_dispatch-payments-a6396d5b-r5,p30,B2_CAS_ONLY,mid_dispatch,payments,AUTHORITATIVE_READBACK,CALLER_REFERENCE,1d1cc285-ec4e-4461-a594-2396893c047b,CONFIRMED_APPLIED,APPLIED,2,1,1,24901.675751,54607.0,1,0,,
b2_cas_only-mid_dispatch-payments-a6396d5b-r5,p30,B2_CAS_ONLY,mid_dispatch,payments,AUTHORITATIVE_READBACK,CALLER_REFERENCE,efaa1558-b905-405e-89af-7a66e9c12dbf,CONFIRMED_APPLIED,APPLIED,2,1,1,24905.962093,27145.0,1,0,,
b2_cas_only-mid_dispatch-payments-a6396d5b-r5,p30,B2_CAS_ONLY,mid_dispatch,payments,AUTHORITATIVE_READBACK,CALLER_REFERENCE,f7634890-bc2b-4531-9eee-2864e03fa5e8,CONFIRMED_APPLIED,APPLIED,2,1,1,24886.438245,65916.0,1,0,,
b2_cas_only-mid_dispatch-payments-a6396d5b-r5,p30,B2_CAS_ONLY,mid_dispatch,payments,AUTHORITATIVE_READBACK,CALLER_REFERENCE,b95a3d89-d41b-4327-9c52-a254f3493c76,CONFIRMED_APPLIED,APPLIED,1,0,1,2017.131513,,0,0,,
b2_cas_only-mid_dispatch-payments-a6396d5b-r5,p30,B2_CAS_ONLY,mid_dispatch,payments,AUTHORITATIVE_READBACK,CALLER_REFERENCE,dad71ca0-3361-4270-8371-00c3e1ff54a7,CONFIRMED_APPLIED,APPLIED,2,0,2,7028.753674,,1,0,,
b2_cas_only-mid_dispatch-payments-a6396d5b-r5,p30,B2_CAS_ONLY,mid_dispatch,payments,AUTHORITATIVE_READBACK,CALLER_REFERENCE,79f35b90-ffed-44e5-99c8-9820ec3a573b,CONFIRMED_APPLIED,APPLIED,1,0,1,2016.709452,,0,0,,
b2_cas_only-mid_dispatch-payments-a6396d5b-r5,p30,B2_CAS_ONLY,mid_dispatch,payments,AUTHORITATIVE_READBACK,CALLER_REFERENCE,fac2e09f-4fc1-4eef-b9d0-8f5f6ce1e785,CONFIRMED_APPLIED,APPLIED,1,0,1,2019.216445,,0,0,,
b2_cas_only-mid_dispatch-payments-a6396d5b-r6,p30,B2_CAS_ONLY,mid_dispatch,payments,AUTHORITATIVE_READBACK,CALLER_REFERENCE,0664a354-a65e-48d7-81f8-2ddb9ce598e3,CONFIRMED_APPLIED,APPLIED,1,0,1,2313.651266,,0,0,,
b2_cas_only-mid_dispatch-payments-a6396d5b-r6,p30,B2_CAS_ONLY,mid_dispatch,payments,AUTHORITATIVE_READBACK,CALLER_REFERENCE,e4338f70-2dee-48cf-af90-5d6b3ce20020,CONFIRMED_APPLIED,APPLIED,1,0,1,2023.196263,,0,0,,
b2_cas_only-mid_dispatch-payments-a6396d5b-r6,p30,B2_CAS_ONLY,mid_dispatch,payments,AUTHORITATIVE_READBACK,CALLER_REFERENCE,05e35de9-45cf-4a2e-8ea7-e1829f464983,CONFIRMED_APPLIED,APPLIED,1,0,1,2022.581857,,0,0,,
b2_cas_only-mid_dispatch-payments-a6396d5b-r6,p30,B2_CAS_ONLY,mid_dispatch,payments,AUTHORITATIVE_READBACK,CALLER_REFERENCE,2427747f-7645-4dac-9a64-4364113a8ec9,CONFIRMED_APPLIED,APPLIED,1,0,1,2018.772408,,0,0,,
b2_cas_only-mid_dispatch-payments-a6396d5b-r6,p30,B2_CAS_ONLY,mid_dispatch,payments,AUTHORITATIVE_READBACK,CALLER_REFERENCE,4338b699-aafe-4567-b873-2e4751bfad47,CONFIRMED_APPLIED,APPLIED,1,0,1,2020.482025,,0,0,,
b2_cas_only-mid_dispatch-payments-a6396d5b-r6,p30,B2_CAS_ONLY,mid_dispatch,payments,AUTHORITATIVE_READBACK,CALLER_REFERENCE,24b3cc15-aa4d-44f5-b94d-6fa26dc1aa85,CONFIRMED_APPLIED,APPLIED,1,0,1,2301.022132,,0,0,,
b2_cas_only-mid_dispatch-payments-a6396d5b-r6,p30,B2_CAS_ONLY,mid_dispatch,payments,AUTHORITATIVE_READBACK,CALLER_REFERENCE,373c9681-f1e4-453c-a802-f01acb60f665,CONFIRMED_APPLIED,APPLIED,1,0,1,2025.427301,,0,0,,
b2_cas_only-mid_dispatch-payments-a6396d5b-r6,p30,B2_CAS_ONLY,mid_dispatch,payments,AUTHORITATIVE_READBACK,CALLER_REFERENCE,521b4af8-4ba0-4305-9cbd-4a6fae1c007a,CONFIRMED_APPLIED,APPLIED,1,0,1,2021.722562,,0,0,,
b2_cas_only-mid_dispatch-payments-a6396d5b-r6,p30,B2_CAS_ONLY,mid_dispatch,payments,AUTHORITATIVE_READBACK,CALLER_REFERENCE,52d5e9f1-5491-41f9-8895-9a196cbd3056,CONFIRMED_APPLIED,APPLIED,1,0,1,2017.729858,,0,0,,
b2_cas_only-mid_dispatch-payments-a6396d5b-r6,p30,B2_CAS_ONLY,mid_dispatch,payments,AUTHORITATIVE_READBACK,CALLER_REFERENCE,ca4fce7a-8102-4e67-9500-13a255009cdf,CONFIRMED_APPLIED,APPLIED,1,0,1,2021.040002,,0,0,,
b2_cas_only-mid_dispatch-payments-a6396d5b-r7,p30,B2_CAS_ONLY,mid_dispatch,payments,AUTHORITATIVE_READBACK,CALLER_REFERENCE,25ed6054-2c6b-48f4-a11c-f611577c2c36,CONFIRMED_APPLIED,APPLIED,1,0,1,2387.424474,,0,0,,
b2_cas_only-mid_dispatch-payments-a6396d5b-r7,p30,B2_CAS_ONLY,mid_dispatch,payments,AUTHORITATIVE_READBACK,CALLER_REFERENCE,0a9d8ce4-973c-4b47-9859-ce42a8bb038b,CONFIRMED_APPLIED,APPLIED,2,1,1,23897.422715,68357.0,1,0,,
b2_cas_only-mid_dispatch-payments-a6396d5b-r7,p30,B2_CAS_ONLY,mid_dispatch,payments,AUTHORITATIVE_READBACK,CALLER_REFERENCE,2d6ce7ea-3544-436d-9945-1e9057ade258,CONFIRMED_APPLIED,APPLIED,1,0,1,2017.440823,,0,0,,
b2_cas_only-mid_dispatch-payments-a6396d5b-r7,p30,B2_CAS_ONLY,mid_dispatch,payments,AUTHORITATIVE_READBACK,CALLER_REFERENCE,0fb72618-e400-4027-81d9-c3dbbea42096,CONFIRMED_APPLIED,APPLIED,1,0,1,2017.639049,,0,0,,
b2_cas_only-mid_dispatch-payments-a6396d5b-r7,p30,B2_CAS_ONLY,mid_dispatch,payments,AUTHORITATIVE_READBACK,CALLER_REFERENCE,1e6c75ff-d011-45c5-81ca-c7f42bec4f49,CONFIRMED_APPLIED,APPLIED,2,0,2,7026.43691,,1,0,,
b2_cas_only-mid_dispatch-payments-a6396d5b-r7,p30,B2_CAS_ONLY,mid_dispatch,payments,AUTHORITATIVE_READBACK,CALLER_REFERENCE,3761576f-fa03-49ce-8499-2f4aba84faa8,CONFIRMED_APPLIED,APPLIED,4,1,3,33673.380278,70738.0,1,0,,
b2_cas_only-mid_dispatch-payments-a6396d5b-r7,p30,B2_CAS_ONLY,mid_dispatch,payments,AUTHORITATIVE_READBACK,CALLER_REFERENCE,8d9f62bf-a15c-46ed-b1d8-a7f5c41ec97d,CONFIRMED_APPLIED,APPLIED,1,0,1,2016.285034,,0,0,,
b2_cas_only-mid_dispatch-payments-a6396d5b-r7,p30,B2_CAS_ONLY,mid_dispatch,payments,AUTHORITATIVE_READBACK,CALLER_REFERENCE,add4e865-eb60-4a3e-9e1f-c0eba4908b02,CONFIRMED_APPLIED,APPLIED,1,0,1,2020.629008,,0,0,,
b2_cas_only-mid_dispatch-payments-a6396d5b-r7,p30,B2_CAS_ONLY,mid_dispatch,payments,AUTHORITATIVE_READBACK,CALLER_REFERENCE,c59e74bc-efcc-4e33-8a93-c92e0548306a,CONFIRMED_APPLIED,APPLIED,1,0,1,2017.257473,,0,0,,
b2_cas_only-mid_dispatch-payments-a6396d5b-r7,p30,B2_CAS_ONLY,mid_dispatch,payments,AUTHORITATIVE_READBACK,CALLER_REFERENCE,7a78401f-93ec-4895-b0dc-9e2eb038bf4e,CONFIRMED_APPLIED,APPLIED,2,1,1,24431.972016,27123.0,1,0,,
b2_cas_only-mid_dispatch-payments-a6396d5b-r8,p30,B2_CAS_ONLY,mid_dispatch,payments,AUTHORITATIVE_READBACK,CALLER_REFERENCE,fc9ed017-0b57-41a2-86c8-5236158fbf5c,CONFIRMED_APPLIED,APPLIED,1,1,1,24177.180212,67681.0,0,0,,
b2_cas_only-mid_dispatch-payments-a6396d5b-r8,p30,B2_CAS_ONLY,mid_dispatch,payments,AUTHORITATIVE_READBACK,CALLER_REFERENCE,b9c5429b-311e-4288-bfe4-edca4971f5fd,CONFIRMED_APPLIED,APPLIED,2,1,1,24393.955584,40163.0,1,0,,
b2_cas_only-mid_dispatch-payments-a6396d5b-r8,p30,B2_CAS_ONLY,mid_dispatch,payments,AUTHORITATIVE_READBACK,CALLER_REFERENCE,ec413943-6c43-4cab-8bb5-98a127095ad8,CONFIRMED_APPLIED,APPLIED,1,0,1,2017.485737,,0,0,,
b2_cas_only-mid_dispatch-payments-a6396d5b-r8,p30,B2_CAS_ONLY,mid_dispatch,payments,AUTHORITATIVE_READBACK,CALLER_REFERENCE,dd5d4a65-e5eb-44e0-9540-70a54a5d10d9,CONFIRMED_APPLIED,APPLIED,1,0,1,2019.173003,,0,0,,
b2_cas_only-mid_dispatch-payments-a6396d5b-r8,p30,B2_CAS_ONLY,mid_dispatch,payments,AUTHORITATIVE_READBACK,CALLER_REFERENCE,e5bf986f-3a28-486c-93f6-95ff3a968d24,CONFIRMED_APPLIED,APPLIED,1,0,1,2017.017562,,0,0,,
b2_cas_only-mid_dispatch-payments-a6396d5b-r8,p30,B2_CAS_ONLY,mid_dispatch,payments,AUTHORITATIVE_READBACK,CALLER_REFERENCE,1558fdbd-93e2-4add-9f16-2edb99b5142d,CONFIRMED_APPLIED,APPLIED,1,1,1,24166.217982,67684.0,0,0,,
b2_cas_only-mid_dispatch-payments-a6396d5b-r8,p30,B2_CAS_ONLY,mid_dispatch,payments,AUTHORITATIVE_READBACK,CALLER_REFERENCE,3f755808-6998-4704-8c7b-1fe817c3a859,CONFIRMED_APPLIED,APPLIED,2,0,2,7030.912988,,1,0,,
b2_cas_only-mid_dispatch-payments-a6396d5b-r8,p30,B2_CAS_ONLY,mid_dispatch,payments,AUTHORITATIVE_READBACK,CALLER_REFERENCE,99f0ef5f-b8fd-431e-9f2f-5bb199154e73,CONFIRMED_APPLIED,APPLIED,1,1,2,25899.465121,33114.0,0,0,,
b2_cas_only-mid_dispatch-payments-a6396d5b-r8,p30,B2_CAS_ONLY,mid_dispatch,payments,AUTHORITATIVE_READBACK,CALLER_REFERENCE,08b43b8c-3d9f-49f5-b7fc-3dd40525c44d,CONFIRMED_APPLIED,APPLIED,1,0,1,2023.473813,,0,0,,
b2_cas_only-mid_dispatch-payments-a6396d5b-r8,p30,B2_CAS_ONLY,mid_dispatch,payments,AUTHORITATIVE_READBACK,CALLER_REFERENCE,52010387-ac0b-4b89-8b99-6acb261efa48,CONFIRMED_APPLIED,APPLIED,1,0,1,2019.466832,,0,0,,
b2_cas_only-mid_dispatch-payments-a6396d5b-r9,p30,B2_CAS_ONLY,mid_dispatch,payments,AUTHORITATIVE_READBACK,CALLER_REFERENCE,adc5935c-f977-4b76-9e78-5f4f822466aa,CONFIRMED_APPLIED,APPLIED,1,0,1,2447.025793,,0,0,,
b2_cas_only-mid_dispatch-payments-a6396d5b-r9,p30,B2_CAS_ONLY,mid_dispatch,payments,AUTHORITATIVE_READBACK,CALLER_REFERENCE,77036379-de92-44b5-91df-3b956fef5f12,CONFIRMED_APPLIED,APPLIED,2,1,1,24227.665051,40180.0,1,0,,
b2_cas_only-mid_dispatch-payments-a6396d5b-r9,p30,B2_CAS_ONLY,mid_dispatch,payments,AUTHORITATIVE_READBACK,CALLER_REFERENCE,1c3ce9f7-5840-4048-ac04-2a57fcc3d3b2,CONFIRMED_APPLIED,APPLIED,1,0,2,4027.487466,,0,0,,
b2_cas_only-mid_dispatch-payments-a6396d5b-r9,p30,B2_CAS_ONLY,mid_dispatch,payments,AUTHORITATIVE_READBACK,CALLER_REFERENCE,f8319fbf-e5d7-4945-9611-6d7a0470793a,CONFIRMED_APPLIED,APPLIED,1,0,1,2017.548586,,0,0,,
b2_cas_only-mid_dispatch-payments-a6396d5b-r9,p30,B2_CAS_ONLY,mid_dispatch,payments,AUTHORITATIVE_READBACK,CALLER_REFERENCE,62a00c08-6b4e-4bc4-a16f-df1f5a53c5ec,CONFIRMED_APPLIED,APPLIED,1,0,1,2020.706749,,0,0,,
b2_cas_only-mid_dispatch-payments-a6396d5b-r9,p30,B2_CAS_ONLY,mid_dispatch,payments,AUTHORITATIVE_READBACK,CALLER_REFERENCE,ecb744d8-25a1-4f39-a07d-e0064a33ea5e,CONFIRMED_APPLIED,APPLIED,2,0,2,7408.920566,,1,0,,
b2_cas_only-mid_dispatch-payments-a6396d5b-r9,p30,B2_CAS_ONLY,mid_dispatch,payments,AUTHORITATIVE_READBACK,CALLER_REFERENCE,425fcd80-1ef4-44e0-8c4d-6bdf5a63ac79,CONFIRMED_APPLIED,APPLIED,2,1,1,24161.527123,35220.0,1,0,,
b2_cas_only-mid_dispatch-payments-a6396d5b-r9,p30,B2_CAS_ONLY,mid_dispatch,payments,AUTHORITATIVE_READBACK,CALLER_REFERENCE,f2331395-0a0a-4956-a70b-2dcbd5b91d7d,CONFIRMED_APPLIED,APPLIED,1,0,1,2017.996737,,0,0,,
b2_cas_only-mid_dispatch-payments-a6396d5b-r9,p30,B2_CAS_ONLY,mid_dispatch,payments,AUTHORITATIVE_READBACK,CALLER_REFERENCE,4cc600d9-69a2-41ab-b94a-96044185cfec,CONFIRMED_APPLIED,APPLIED,1,0,2,4027.710691,,0,0,,
b2_cas_only-mid_dispatch-payments-a6396d5b-r9,p30,B2_CAS_ONLY,mid_dispatch,payments,AUTHORITATIVE_READBACK,CALLER_REFERENCE,c3c881ed-f886-452c-9462-8cbf2f1f7c93,CONFIRMED_APPLIED,APPLIED,1,0,1,2016.927757,,0,0,,
b3_intent_no_barrier-mid_dispatch-ledger_postings-7edef399-r0,p30,B3_INTENT_NO_BARRIER,mid_dispatch,ledger_postings,NO_READBACK,CALLER_REFERENCE,2807c10f-150c-4ae7-ad45-38f4f43db806,DECLARED_AMBIGUOUS,PERMANENTLY_AMBIGUOUS,1,1,0,,35886.0,0,0,,1
b3_intent_no_barrier-mid_dispatch-ledger_postings-7edef399-r0,p30,B3_INTENT_NO_BARRIER,mid_dispatch,ledger_postings,NO_READBACK,CALLER_REFERENCE,5c5efc61-6793-4719-a234-f13176c7e75b,CONFIRMED_APPLIED,FIRED_CONFIRMED,1,0,1,2382.838092,,0,0,,0
b3_intent_no_barrier-mid_dispatch-ledger_postings-7edef399-r0,p30,B3_INTENT_NO_BARRIER,mid_dispatch,ledger_postings,NO_READBACK,CALLER_REFERENCE,68a0d6db-cbf4-4678-b9e5-3a9d4d2c91af,CONFIRMED_APPLIED,FIRED_CONFIRMED,1,0,1,2039.333028,,0,0,,0
b3_intent_no_barrier-mid_dispatch-ledger_postings-7edef399-r0,p30,B3_INTENT_NO_BARRIER,mid_dispatch,ledger_postings,NO_READBACK,CALLER_REFERENCE,82946239-151f-4ebf-808d-e475edc6f440,CONFIRMED_APPLIED,FIRED_CONFIRMED,1,0,1,2025.914382,,0,0,,0
b3_intent_no_barrier-mid_dispatch-ledger_postings-7edef399-r0,p30,B3_INTENT_NO_BARRIER,mid_dispatch,ledger_postings,NO_READBACK,CALLER_REFERENCE,cb91e28f-05f5-4fc0-b062-3c083901962a,CONFIRMED_APPLIED,FIRED_CONFIRMED,1,0,1,2033.343581,,0,0,,0
b3_intent_no_barrier-mid_dispatch-ledger_postings-7edef399-r0,p30,B3_INTENT_NO_BARRIER,mid_dispatch,ledger_postings,NO_READBACK,CALLER_REFERENCE,27f6ddaa-59aa-4376-96d8-973e779411ee,DECLARED_AMBIGUOUS,PERMANENTLY_AMBIGUOUS,1,1,0,,35885.0,0,0,,1
b3_intent_no_barrier-mid_dispatch-ledger_postings-7edef399-r0,p30,B3_INTENT_NO_BARRIER,mid_dispatch,ledger_postings,NO_READBACK,CALLER_REFERENCE,958dc993-43da-40ed-923b-92496edd1b79,CONFIRMED_APPLIED,FIRED_CONFIRMED,1,0,1,2364.402795,,0,0,,1
b3_intent_no_barrier-mid_dispatch-ledger_postings-7edef399-r0,p30,B3_INTENT_NO_BARRIER,mid_dispatch,ledger_postings,NO_READBACK,CALLER_REFERENCE,e3639520-df6b-4682-a96b-8383410570fa,CONFIRMED_APPLIED,FIRED_CONFIRMED,1,0,1,2035.323737,,0,0,,1
b3_intent_no_barrier-mid_dispatch-ledger_postings-7edef399-r0,p30,B3_INTENT_NO_BARRIER,mid_dispatch,ledger_postings,NO_READBACK,CALLER_REFERENCE,66a75a0b-51c4-4275-8aa0-7b12f33881a9,CONFIRMED_APPLIED,FIRED_CONFIRMED,1,0,1,2030.243403,,0,0,,1
b3_intent_no_barrier-mid_dispatch-ledger_postings-7edef399-r0,p30,B3_INTENT_NO_BARRIER,mid_dispatch,ledger_postings,NO_READBACK,CALLER_REFERENCE,287a1faa-1d1a-4f9f-b676-11c571b5891e,DECLARED_AMBIGUOUS,PERMANENTLY_AMBIGUOUS,1,1,0,,25906.0,0,0,,1
b3_intent_no_barrier-mid_dispatch-ledger_postings-7edef399-r1,p30,B3_INTENT_NO_BARRIER,mid_dispatch,ledger_postings,NO_READBACK,CALLER_REFERENCE,1a9dd41f-4172-4d77-b982-a7ab69ba5358,DECLARED_AMBIGUOUS,PERMANENTLY_AMBIGUOUS,1,1,0,,39102.0,0,0,,1
b3_intent_no_barrier-mid_dispatch-ledger_postings-7edef399-r1,p30,B3_INTENT_NO_BARRIER,mid_dispatch,ledger_postings,NO_READBACK,CALLER_REFERENCE,c8f89644-7210-40fc-b439-24873cb66bb2,CONFIRMED_APPLIED,FIRED_CONFIRMED,1,0,1,2545.2425,,0,0,,0
b3_intent_no_barrier-mid_dispatch-ledger_postings-7edef399-r1,p30,B3_INTENT_NO_BARRIER,mid_dispatch,ledger_postings,NO_READBACK,CALLER_REFERENCE,9d2657dd-dce3-4de4-b162-5cce4a2f3706,CONFIRMED_APPLIED,FIRED_CONFIRMED,1,0,1,2041.520316,,0,0,,0
b3_intent_no_barrier-mid_dispatch-ledger_postings-7edef399-r1,p30,B3_INTENT_NO_BARRIER,mid_dispatch,ledger_postings,NO_READBACK,CALLER_REFERENCE,96176504-7001-40c7-9a2c-4f35184a3e66,CONFIRMED_APPLIED,FIRED_CONFIRMED,1,0,1,2043.341721,,0,0,,0
b3_intent_no_barrier-mid_dispatch-ledger_postings-7edef399-r1,p30,B3_INTENT_NO_BARRIER,mid_dispatch,ledger_postings,NO_READBACK,CALLER_REFERENCE,47022ac6-8a76-4808-b8ba-4c8000af7a1b,CONFIRMED_APPLIED,FIRED_CONFIRMED,1,0,1,2043.894922,,0,0,,0
b3_intent_no_barrier-mid_dispatch-ledger_postings-7edef399-r1,p30,B3_INTENT_NO_BARRIER,mid_dispatch,ledger_postings,NO_READBACK,CALLER_REFERENCE,3ee73880-7d5e-4e11-a11b-b188bacbb415,CONFIRMED_APPLIED,FIRED_CONFIRMED,1,0,1,2482.888823,,0,0,,1
b3_intent_no_barrier-mid_dispatch-ledger_postings-7edef399-r1,p30,B3_INTENT_NO_BARRIER,mid_dispatch,ledger_postings,NO_READBACK,CALLER_REFERENCE,de1a79bb-d247-4938-a83a-1aa217d13e7a,DECLARED_AMBIGUOUS,PERMANENTLY_AMBIGUOUS,1,1,0,,36625.0,0,0,,1
b3_intent_no_barrier-mid_dispatch-ledger_postings-7edef399-r1,p30,B3_INTENT_NO_BARRIER,mid_dispatch,ledger_postings,NO_READBACK,CALLER_REFERENCE,da97dc92-9c0a-4f02-85ea-29f4a319948a,DECLARED_AMBIGUOUS,PERMANENTLY_AMBIGUOUS,0,1,0,,32424.0,0,0,,1
b3_intent_no_barrier-mid_dispatch-ledger_postings-7edef399-r1,p30,B3_INTENT_NO_BARRIER,mid_dispatch,ledger_postings,NO_READBACK,CALLER_REFERENCE,b367e7d0-9d58-49a2-961a-0170f4f30452,CONFIRMED_APPLIED,FIRED_CONFIRMED,1,0,1,2481.394653,,0,0,,1
b3_intent_no_barrier-mid_dispatch-ledger_postings-7edef399-r1,p30,B3_INTENT_NO_BARRIER,mid_dispatch,ledger_postings,NO_READBACK,CALLER_REFERENCE,9d920322-3317-41fd-8123-ff5df8f711d1,DECLARED_AMBIGUOUS,PERMANENTLY_AMBIGUOUS,1,1,0,,26178.0,0,0,,1
b3_intent_no_barrier-mid_dispatch-ledger_postings-7edef399-r10,p30,B3_INTENT_NO_BARRIER,mid_dispatch,ledger_postings,NO_READBACK,CALLER_REFERENCE,0eb55c9f-fe22-4ec5-a374-67eac2656ab9,DECLARED_AMBIGUOUS,PERMANENTLY_AMBIGUOUS,0,0,1,2572.899393,,0,0,,1
b3_intent_no_barrier-mid_dispatch-ledger_postings-7edef399-r10,p30,B3_INTENT_NO_BARRIER,mid_dispatch,ledger_postings,NO_READBACK,CALLER_REFERENCE,8d68aa2d-6fa9-4522-9cec-6b8836ad5264,DECLARED_AMBIGUOUS,PERMANENTLY_AMBIGUOUS,1,0,1,5034.899174,,0,0,,1
b3_intent_no_barrier-mid_dispatch-ledger_postings-7edef399-r10,p30,B3_INTENT_NO_BARRIER,mid_dispatch,ledger_postings,NO_READBACK,CALLER_REFERENCE,ee162d7b-a773-42ff-b557-ec61701dc998,DECLARED_AMBIGUOUS,PERMANENTLY_AMBIGUOUS,1,1,0,,33471.0,0,0,,1
b3_intent_no_barrier-mid_dispatch-ledger_postings-7edef399-r10,p30,B3_INTENT_NO_BARRIER,mid_dispatch,ledger_postings,NO_READBACK,CALLER_REFERENCE,1b5505ac-a5c2-407d-b056-4961555e19e5,DECLARED_AMBIGUOUS,PERMANENTLY_AMBIGUOUS,0,1,0,,29609.0,0,0,,1
b3_intent_no_barrier-mid_dispatch-ledger_postings-7edef399-r10,p30,B3_INTENT_NO_BARRIER,mid_dispatch,ledger_postings,NO_READBACK,CALLER_REFERENCE,199cdbb3-5e1d-47ec-a06e-8c127dd2b03c,CONFIRMED_APPLIED,FIRED_CONFIRMED,1,0,1,2406.257904,,0,0,,0
b3_intent_no_barrier-mid_dispatch-ledger_postings-7edef399-r10,p30,B3_INTENT_NO_BARRIER,mid_dispatch,ledger_postings,NO_READBACK,CALLER_REFERENCE,eb3b00b8-1ab3-459d-b18c-926ba494210f,DECLARED_AMBIGUOUS,PERMANENTLY_AMBIGUOUS,1,0,1,5564.086256,,0,0,,1
b3_intent_no_barrier-mid_dispatch-ledger_postings-7edef399-r10,p30,B3_INTENT_NO_BARRIER,mid_dispatch,ledger_postings,NO_READBACK,CALLER_REFERENCE,bf01d3f7-c0ee-4e70-b957-19270e2c720a,DECLARED_AMBIGUOUS,PERMANENTLY_AMBIGUOUS,1,1,0,,35523.0,0,0,,1
b3_intent_no_barrier-mid_dispatch-ledger_postings-7edef399-r10,p30,B3_INTENT_NO_BARRIER,mid_dispatch,ledger_postings,NO_READBACK,CALLER_REFERENCE,e31c47d9-772a-4a29-b053-98f406fc3be1,CONFIRMED_APPLIED,FIRED_CONFIRMED,1,0,1,2596.261813,,0,0,,0
b3_intent_no_barrier-mid_dispatch-ledger_postings-7edef399-r10,p30,B3_INTENT_NO_BARRIER,mid_dispatch,ledger_postings,NO_READBACK,CALLER_REFERENCE,5b2a2cd0-6d66-4f65-80e7-822a82a60d58,CONFIRMED_APPLIED,FIRED_CONFIRMED,1,0,1,2038.172875,,0,0,,0
b3_intent_no_barrier-mid_dispatch-ledger_postings-7edef399-r10,p30,B3_INTENT_NO_BARRIER,mid_dispatch,ledger_postings,NO_READBACK,CALLER_REFERENCE,a0a8855e-1f1f-4d7d-9aea-41c13c9b412a,CONFIRMED_APPLIED,FIRED_CONFIRMED,1,0,1,2034.849638,,0,0,,0
b3_intent_no_barrier-mid_dispatch-ledger_postings-7edef399-r11,p30,B3_INTENT_NO_BARRIER,mid_dispatch,ledger_postings,NO_READBACK,CALLER_REFERENCE,a80de92a-aeb7-469b-82b2-ca434aa8ffd3,DECLARED_AMBIGUOUS,PERMANENTLY_AMBIGUOUS,0,1,0,,40020.0,0,0,,1
b3_intent_no_barrier-mid_dispatch-ledger_postings-7edef399-r11,p30,B3_INTENT_NO_BARRIER,mid_dispatch,ledger_postings,NO_READBACK,CALLER_REFERENCE,5721d9cc-73cc-486c-a852-3d9d92af4b85,CONFIRMED_APPLIED,FIRED_CONFIRMED,1,0,1,2611.24591,,0,0,,1
b3_intent_no_barrier-mid_dispatch-ledger_postings-7edef399-r11,p30,B3_INTENT_NO_BARRIER,mid_dispatch,ledger_postings,NO_READBACK,CALLER_REFERENCE,e7cf54ff-8288-4b3f-9e9e-01109a8079e9,CONFIRMED_APPLIED,FIRED_CONFIRMED,1,0,1,2031.675794,,0,0,,1
b3_intent_no_barrier-mid_dispatch-ledger_postings-7edef399-r11,p30,B3_INTENT_NO_BARRIER,mid_dispatch,ledger_postings,NO_READBACK,CALLER_REFERENCE,42dc88c0-3f0f-4a9a-8f88-9fc7b1ccd60d,DECLARED_AMBIGUOUS,PERMANENTLY_AMBIGUOUS,1,1,0,,30635.0,0,0,,1
b3_intent_no_barrier-mid_dispatch-ledger_postings-7edef399-r11,p30,B3_INTENT_NO_BARRIER,mid_dispatch,ledger_postings,NO_READBACK,CALLER_REFERENCE,81e4ebe5-fc5d-4bf1-81f8-5360c1a723b5,CONFIRMED_APPLIED,FIRED_CONFIRMED,1,0,1,2489.856452,,0,0,,0
b3_intent_no_barrier-mid_dispatch-ledger_postings-7edef399-r11,p30,B3_INTENT_NO_BARRIER,mid_dispatch,ledger_postings,NO_READBACK,CALLER_REFERENCE,f6a24de7-7644-47c9-9e8a-1238e972ebba,DECLARED_AMBIGUOUS,PERMANENTLY_AMBIGUOUS,0,1,0,,40019.0,0,0,,1
b3_intent_no_barrier-mid_dispatch-ledger_postings-7edef399-r11,p30,B3_INTENT_NO_BARRIER,mid_dispatch,ledger_postings,NO_READBACK,CALLER_REFERENCE,da4d6ebf-70db-4b77-af78-f364bb671d35,CONFIRMED_APPLIED,FIRED_CONFIRMED,1,0,1,2589.728718,,0,0,,1
b3_intent_no_barrier-mid_dispatch-ledger_postings-7edef399-r11,p30,B3_INTENT_NO_BARRIER,mid_dispatch,ledger_postings,NO_READBACK,CALLER_REFERENCE,df25cf9c-4e01-4912-9582-e1d4f16105cd,CONFIRMED_APPLIED,FIRED_CONFIRMED,1,0,1,2032.193299,,0,0,,1
b3_intent_no_barrier-mid_dispatch-ledger_postings-7edef399-r11,p30,B3_INTENT_NO_BARRIER,mid_dispatch,ledger_postings,NO_READBACK,CALLER_REFERENCE,296ea62d-faac-4624-a7e7-693907c277ee,CONFIRMED_APPLIED,FIRED_CONFIRMED,1,0,1,2038.340895,,0,0,,1
b3_intent_no_barrier-mid_dispatch-ledger_postings-7edef399-r11,p30,B3_INTENT_NO_BARRIER,mid_dispatch,ledger_postings,NO_READBACK,CALLER_REFERENCE,34f58fe3-a0fc-43dc-af49-d292ade4c453,DECLARED_AMBIGUOUS,PERMANENTLY_AMBIGUOUS,1,1,0,,28606.0,0,0,,1
b3_intent_no_barrier-mid_dispatch-ledger_postings-7edef399-r12,p30,B3_INTENT_NO_BARRIER,mid_dispatch,ledger_postings,NO_READBACK,CALLER_REFERENCE,5d0169f6-5d10-4c43-b6a9-b481b9ffd918,CONFIRMED_APPLIED,FIRED_CONFIRMED,1,0,1,2425.845843,,0,0,,1
b3_intent_no_barrier-mid_dispatch-ledger_postings-7edef399-r12,p30,B3_INTENT_NO_BARRIER,mid_dispatch,ledger_postings,NO_READBACK,CALLER_REFERENCE,987c2a40-a2fc-4a77-9f8c-8c123c4193fe,CONFIRMED_APPLIED,FIRED_CONFIRMED,1,0,1,2043.525034,,0,0,,1
b3_intent_no_barrier-mid_dispatch-ledger_postings-7edef399-r12,p30,B3_INTENT_NO_BARRIER,mid_dispatch,ledger_postings,NO_READBACK,CALLER_REFERENCE,2bf4655e-bb57-4142-ba65-6ae76b7dd4d3,DECLARED_AMBIGUOUS,PERMANENTLY_AMBIGUOUS,1,1,0,,38392.0,0,0,,1
b3_intent_no_barrier-mid_dispatch-ledger_postings-7edef399-r12,p30,B3_INTENT_NO_BARRIER,mid_dispatch,ledger_postings,NO_READBACK,CALLER_REFERENCE,631b97ae-59fd-4764-b8dd-ae6f9296663c,DECLARED_AMBIGUOUS,PERMANENTLY_AMBIGUOUS,1,0,1,5462.305293,,0,0,,1
b3_intent_no_barrier-mid_dispatch-ledger_postings-7edef399-r12,p30,B3_INTENT_NO_BARRIER,mid_dispatch,ledger_postings,NO_READBACK,CALLER_REFERENCE,6282084f-e818-4703-825b-d65d55a82a0c,DECLARED_AMBIGUOUS,PERMANENTLY_AMBIGUOUS,1,1,0,,28668.0,0,0,,1
b3_intent_no_barrier-mid_dispatch-ledger_postings-7edef399-r12,p30,B3_INTENT_NO_BARRIER,mid_dispatch,ledger_postings,NO_READBACK,CALLER_REFERENCE,a1550e78-48ae-4835-b9ea-d5e1391cc043,CONFIRMED_APPLIED,FIRED_CONFIRMED,1,0,1,2432.430464,,0,0,,1
b3_intent_no_barrier-mid_dispatch-ledger_postings-7edef399-r12,p30,B3_INTENT_NO_BARRIER,mid_dispatch,ledger_postings,NO_READBACK,CALLER_REFERENCE,fc734015-247e-487a-9580-88dd553bb3ce,DECLARED_AMBIGUOUS,PERMANENTLY_AMBIGUOUS,1,1,0,,40444.0,0,0,,1
b3_intent_no_barrier-mid_dispatch-ledger_postings-7edef399-r12,p30,B3_INTENT_NO_BARRIER,mid_dispatch,ledger_postings,NO_READBACK,CALLER_REFERENCE,b8ec32e0-43fd-4e23-a4d1-23a5f69f80e1,DECLARED_AMBIGUOUS,PERMANENTLY_AMBIGUOUS,0,1,0,,36737.0,0,0,,1
b3_intent_no_barrier-mid_dispatch-ledger_postings-7edef399-r12,p30,B3_INTENT_NO_BARRIER,mid_dispatch,ledger_postings,NO_READBACK,CALLER_REFERENCE,86dee48d-98f0-452a-a7df-69cf758c5495,DECLARED_AMBIGUOUS,PERMANENTLY_AMBIGUOUS,1,1,0,,32915.0,0,0,,1
b3_intent_no_barrier-mid_dispatch-ledger_postings-7edef399-r12,p30,B3_INTENT_NO_BARRIER,mid_dispatch,ledger_postings,NO_READBACK,CALLER_REFERENCE,d7dc7bff-f8a1-497a-82f6-587a4fe0a736,DECLARED_AMBIGUOUS,PERMANENTLY_AMBIGUOUS,1,0,1,5533.661692,,0,0,,0
b3_intent_no_barrier-mid_dispatch-ledger_postings-7edef399-r13,p30,B3_INTENT_NO_BARRIER,mid_dispatch,ledger_postings,NO_READBACK,CALLER_REFERENCE,6edc5714-7f54-4695-b9c3-3d3b1a875fb7,CONFIRMED_APPLIED,FIRED_CONFIRMED,1,0,1,2916.463778,,0,0,,1
b3_intent_no_barrier-mid_dispatch-ledger_postings-7edef399-r13,p30,B3_INTENT_NO_BARRIER,mid_dispatch,ledger_postings,NO_READBACK,CALLER_REFERENCE,d9214bdc-bc44-49f7-af16-558f104368ed,DECLARED_AMBIGUOUS,PERMANENTLY_AMBIGUOUS,1,0,1,5032.201227,,0,0,,1
b3_intent_no_barrier-mid_dispatch-ledger_postings-7edef399-r13,p30,B3_INTENT_NO_BARRIER,mid_dispatch,ledger_postings,NO_READBACK,CALLER_REFERENCE,9f306d74-02db-4d04-807c-4ab0227e7d15,DECLARED_AMBIGUOUS,PERMANENTLY_AMBIGUOUS,1,1,0,,34591.0,0,0,,1
b3_intent_no_barrier-mid_dispatch-ledger_postings-7edef399-r13,p30,B3_INTENT_NO_BARRIER,mid_dispatch,ledger_postings,NO_READBACK,CALLER_REFERENCE,558aaec2-c370-4faf-ad36-555ea7743425,DECLARED_AMBIGUOUS,PERMANENTLY_AMBIGUOUS,1,1,0,,31521.0,0,0,,1
b3_intent_no_barrier-mid_dispatch-ledger_postings-7edef399-r13,p30,B3_INTENT_NO_BARRIER,mid_dispatch,ledger_postings,NO_READBACK,CALLER_REFERENCE,1fdcbc4a-fcff-4b4b-9648-3395ead260ac,CONFIRMED_APPLIED,FIRED_CONFIRMED,1,0,1,2457.183813,,0,0,,0
b3_intent_no_barrier-mid_dispatch-ledger_postings-7edef399-r13,p30,B3_INTENT_NO_BARRIER,mid_dispatch,ledger_postings,NO_READBACK,CALLER_REFERENCE,26b5ad18-6e87-42cc-b408-0271dd009ab1,DECLARED_AMBIGUOUS,PERMANENTLY_AMBIGUOUS,1,0,1,5861.280759,,0,0,,1
b3_intent_no_barrier-mid_dispatch-ledger_postings-7edef399-r13,p30,B3_INTENT_NO_BARRIER,mid_dispatch,ledger_postings,NO_READBACK,CALLER_REFERENCE,1aa8d6e4-622c-4e67-9c98-31cd4a3dc00b,DECLARED_AMBIGUOUS,PERMANENTLY_AMBIGUOUS,1,1,0,,36684.0,0,0,,1
b3_intent_no_barrier-mid_dispatch-ledger_postings-7edef399-r13,p30,B3_INTENT_NO_BARRIER,mid_dispatch,ledger_postings,NO_READBACK,CALLER_REFERENCE,1a6eb205-185f-40ac-96d8-f121fe6fc7b8,CONFIRMED_APPLIED,FIRED_CONFIRMED,1,0,1,2487.418044,,0,0,,0
b3_intent_no_barrier-mid_dispatch-ledger_postings-7edef399-r13,p30,B3_INTENT_NO_BARRIER,mid_dispatch,ledger_postings,NO_READBACK,CALLER_REFERENCE,eba59244-979f-4a90-b984-5d9328ae3285,CONFIRMED_APPLIED,FIRED_CONFIRMED,1,0,1,2036.091777,,0,0,,0
b3_intent_no_barrier-mid_dispatch-ledger_postings-7edef399-r13,p30,B3_INTENT_NO_BARRIER,mid_dispatch,ledger_postings,NO_READBACK,CALLER_REFERENCE,f6885181-4371-4a9f-8587-70ab41d84c91,CONFIRMED_APPLIED,FIRED_CONFIRMED,1,0,1,2042.799262,,0,0,,0
b3_intent_no_barrier-mid_dispatch-ledger_postings-7edef399-r14,p30,B3_INTENT_NO_BARRIER,mid_dispatch,ledger_postings,NO_READBACK,CALLER_REFERENCE,39ef0a10-9e82-4da6-8258-82946a4e1fe2,CONFIRMED_APPLIED,FIRED_CONFIRMED,1,0,1,2744.418061,,0,0,,1
b3_intent_no_barrier-mid_dispatch-ledger_postings-7edef399-r14,p30,B3_INTENT_NO_BARRIER,mid_dispatch,ledger_postings,NO_READBACK,CALLER_REFERENCE,aee43f67-3280-4e41-b77b-3a63e4ad3387,DECLARED_AMBIGUOUS,PERMANENTLY_AMBIGUOUS,1,1,0,,50201.0,0,0,,1
b3_intent_no_barrier-mid_dispatch-ledger_postings-7edef399-r14,p30,B3_INTENT_NO_BARRIER,mid_dispatch,ledger_postings,NO_READBACK,CALLER_REFERENCE,94c92c68-558c-4507-ad29-f9e3a7a4f12c,CONFIRMED_APPLIED,FIRED_CONFIRMED,1,0,1,2918.782729,,0,0,,1
b3_intent_no_barrier-mid_dispatch-ledger_postings-7edef399-r14,p30,B3_INTENT_NO_BARRIER,mid_dispatch,ledger_postings,NO_READBACK,CALLER_REFERENCE,38ca52b9-6932-48f8-9970-925f42c7a6d5,DECLARED_AMBIGUOUS,PERMANENTLY_AMBIGUOUS,1,0,1,5052.67821,,0,0,,1
b3_intent_no_barrier-mid_dispatch-ledger_postings-7edef399-r14,p30,B3_INTENT_NO_BARRIER,mid_dispatch,ledger_postings,NO_READBACK,CALLER_REFERENCE,647e4e97-cc14-43c7-94ea-532deec3f1d5,DECLARED_AMBIGUOUS,PERMANENTLY_AMBIGUOUS,1,1,0,,36124.0,0,0,,1
b3_intent_no_barrier-mid_dispatch-ledger_postings-7edef399-r14,p30,B3_INTENT_NO_BARRIER,mid_dispatch,ledger_postings,NO_READBACK,CALLER_REFERENCE,251cacd9-11f2-4314-8e44-f9f6c85c0fbd,DECLARED_AMBIGUOUS,PERMANENTLY_AMBIGUOUS,0,1,0,,52953.0,0,0,,1
b3_intent_no_barrier-mid_dispatch-ledger_postings-7edef399-r14,p30,B3_INTENT_NO_BARRIER,mid_dispatch,ledger_postings,NO_READBACK,CALLER_REFERENCE,ea1c3afa-92d5-42ba-9db6-fe05040c7754,DECLARED_AMBIGUOUS,PERMANENTLY_AMBIGUOUS,0,1,0,,47323.0,0,0,,1
b3_intent_no_barrier-mid_dispatch-ledger_postings-7edef399-r14,p30,B3_INTENT_NO_BARRIER,mid_dispatch,ledger_postings,NO_READBACK,CALLER_REFERENCE,0d1ceefd-84ee-40d9-81ee-26e96c5a2b51,DECLARED_AMBIGUOUS,PERMANENTLY_AMBIGUOUS,0,0,1,2769.509426,,0,0,,1
b3_intent_no_barrier-mid_dispatch-ledger_postings-7edef399-r14,p30,B3_INTENT_NO_BARRIER,mid_dispatch,ledger_postings,NO_READBACK,CALLER_REFERENCE,1c4ef8be-a1fc-4702-baeb-db32d75c2603,DECLARED_AMBIGUOUS,PERMANENTLY_AMBIGUOUS,1,0,1,5051.758213,,0,0,,1
b3_intent_no_barrier-mid_dispatch-ledger_postings-7edef399-r14,p30,B3_INTENT_NO_BARRIER,mid_dispatch,ledger_postings,NO_READBACK,CALLER_REFERENCE,4da2bb76-a5da-419a-bfb4-3058c485e2fa,DECLARED_AMBIGUOUS,PERMANENTLY_AMBIGUOUS,1,1,0,,30610.0,0,0,,1
b3_intent_no_barrier-mid_dispatch-ledger_postings-7edef399-r2,p30,B3_INTENT_NO_BARRIER,mid_dispatch,ledger_postings,NO_READBACK,CALLER_REFERENCE,e1e3ad9b-310b-4887-ab2c-05c4de41094e,DECLARED_AMBIGUOUS,PERMANENTLY_AMBIGUOUS,1,0,1,5346.277411,,0,0,,1
b3_intent_no_barrier-mid_dispatch-ledger_postings-7edef399-r2,p30,B3_INTENT_NO_BARRIER,mid_dispatch,ledger_postings,NO_READBACK,CALLER_REFERENCE,5e889d15-8afc-45c5-9a2c-46d10174268a,CONFIRMED_APPLIED,FIRED_CONFIRMED,1,0,1,2033.566941,,0,0,,1
b3_intent_no_barrier-mid_dispatch-ledger_postings-7edef399-r2,p30,B3_INTENT_NO_BARRIER,mid_dispatch,ledger_postings,NO_READBACK,CALLER_REFERENCE,18cd7306-bdea-413a-85bd-648a4b8411d4,CONFIRMED_APPLIED,FIRED_CONFIRMED,1,0,1,2035.965356,,0,0,,1
b3_intent_no_barrier-mid_dispatch-ledger_postings-7edef399-r2,p30,B3_INTENT_NO_BARRIER,mid_dispatch,ledger_postings,NO_READBACK,CALLER_REFERENCE,afbac5dc-6d66-4a5b-b21c-a5ecfc24ebb0,DECLARED_AMBIGUOUS,PERMANENTLY_AMBIGUOUS,1,1,0,,26586.0,0,0,,1
b3_intent_no_barrier-mid_dispatch-ledger_postings-7edef399-r2,p30,B3_INTENT_NO_BARRIER,mid_dispatch,ledger_postings,NO_READBACK,CALLER_REFERENCE,18361dd6-3a84-4c47-bf6c-6a4b1b61b987,CONFIRMED_APPLIED,FIRED_CONFIRMED,1,0,1,2324.018594,,0,0,,0
b3_intent_no_barrier-mid_dispatch-ledger_postings-7edef399-r2,p30,B3_INTENT_NO_BARRIER,mid_dispatch,ledger_postings,NO_READBACK,CALLER_REFERENCE,0fa35b8f-039f-42ff-9d11-d2b62276eff7,CONFIRMED_APPLIED,FIRED_CONFIRMED,1,0,1,2379.391921,,0,0,,1
b3_intent_no_barrier-mid_dispatch-ledger_postings-7edef399-r2,p30,B3_INTENT_NO_BARRIER,mid_dispatch,ledger_postings,NO_READBACK,CALLER_REFERENCE,e48610bb-9344-4be5-a29f-705f7ab79398,DECLARED_AMBIGUOUS,PERMANENTLY_AMBIGUOUS,0,0,1,2029.149192,,0,0,,1
b3_intent_no_barrier-mid_dispatch-ledger_postings-7edef399-r2,p30,B3_INTENT_NO_BARRIER,mid_dispatch,ledger_postings,NO_READBACK,CALLER_REFERENCE,e5de23b3-1d33-40e8-ab84-8ae6eac2ee4f,DECLARED_AMBIGUOUS,PERMANENTLY_AMBIGUOUS,1,1,0,,31598.0,0,0,,1
b3_intent_no_barrier-mid_dispatch-ledger_postings-7edef399-r2,p30,B3_INTENT_NO_BARRIER,mid_dispatch,ledger_postings,NO_READBACK,CALLER_REFERENCE,afdede75-d1a8-479e-8f63-ee06e64cf69a,DECLARED_AMBIGUOUS,PERMANENTLY_AMBIGUOUS,1,1,0,,29174.0,0,0,,1
b3_intent_no_barrier-mid_dispatch-ledger_postings-7edef399-r2,p30,B3_INTENT_NO_BARRIER,mid_dispatch,ledger_postings,NO_READBACK,CALLER_REFERENCE,de8bc86e-17c9-4f22-b168-738bd7a34a59,CONFIRMED_APPLIED,FIRED_CONFIRMED,1,0,1,2378.391837,,0,0,,0
b3_intent_no_barrier-mid_dispatch-ledger_postings-7edef399-r3,p30,B3_INTENT_NO_BARRIER,mid_dispatch,ledger_postings,NO_READBACK,CALLER_REFERENCE,6c4aebd7-f6c4-4099-ad52-c1d481a7d364,CONFIRMED_APPLIED,FIRED_CONFIRMED,1,0,1,2370.209032,,0,0,,1
b3_intent_no_barrier-mid_dispatch-ledger_postings-7edef399-r3,p30,B3_INTENT_NO_BARRIER,mid_dispatch,ledger_postings,NO_READBACK,CALLER_REFERENCE,44e4bc54-bf50-4a8f-89ab-00792270a5a0,DECLARED_AMBIGUOUS,PERMANENTLY_AMBIGUOUS,1,1,0,,37882.0,0,0,,1
b3_intent_no_barrier-mid_dispatch-ledger_postings-7edef399-r3,p30,B3_INTENT_NO_BARRIER,mid_dispatch,ledger_postings,NO_READBACK,CALLER_REFERENCE,bfacbc1b-b4d9-4f88-9e59-adecae5d9471,DECLARED_AMBIGUOUS,PERMANENTLY_AMBIGUOUS,1,1,0,,35052.0,0,0,,1
b3_intent_no_barrier-mid_dispatch-ledger_postings-7edef399-r3,p30,B3_INTENT_NO_BARRIER,mid_dispatch,ledger_postings,NO_READBACK,CALLER_REFERENCE,f2b70490-a9df-4879-9ef9-b670f1bbd503,CONFIRMED_APPLIED,FIRED_CONFIRMED,1,0,1,2315.882408,,0,0,,1
b3_intent_no_barrier-mid_dispatch-ledger_postings-7edef399-r3,p30,B3_INTENT_NO_BARRIER,mid_dispatch,ledger_postings,NO_READBACK,CALLER_REFERENCE,b50843cb-bb99-4632-b729-e0ab12eb5679,DECLARED_AMBIGUOUS,PERMANENTLY_AMBIGUOUS,1,1,0,,30046.0,0,0,,1
b3_intent_no_barrier-mid_dispatch-ledger_postings-7edef399-r3,p30,B3_INTENT_NO_BARRIER,mid_dispatch,ledger_postings,NO_READBACK,CALLER_REFERENCE,29391d82-dcea-4690-af5c-48595213fd17,DECLARED_AMBIGUOUS,PERMANENTLY_AMBIGUOUS,1,0,1,5304.721849,,0,0,,0
b3_intent_no_barrier-mid_dispatch-ledger_postings-7edef399-r3,p30,B3_INTENT_NO_BARRIER,mid_dispatch,ledger_postings,NO_READBACK,CALLER_REFERENCE,2bb61101-3261-458e-9ebd-a86531fd2aa0,DECLARED_AMBIGUOUS,PERMANENTLY_AMBIGUOUS,1,0,1,5026.661169,,0,0,,0
b3_intent_no_barrier-mid_dispatch-ledger_postings-7edef399-r3,p30,B3_INTENT_NO_BARRIER,mid_dispatch,ledger_postings,NO_READBACK,CALLER_REFERENCE,d571aa14-6beb-41f8-9a83-52200fbaf60c,DECLARED_AMBIGUOUS,PERMANENTLY_AMBIGUOUS,1,0,1,5020.891972,,0,0,,0
b3_intent_no_barrier-mid_dispatch-ledger_postings-7edef399-r3,p30,B3_INTENT_NO_BARRIER,mid_dispatch,ledger_postings,NO_READBACK,CALLER_REFERENCE,062d6f8b-c2a2-4372-85f3-ea0b498840c2,CONFIRMED_APPLIED,FIRED_CONFIRMED,1,0,1,2031.146254,,0,0,,0
b3_intent_no_barrier-mid_dispatch-ledger_postings-7edef399-r3,p30,B3_INTENT_NO_BARRIER,mid_dispatch,ledger_postings,NO_READBACK,CALLER_REFERENCE,9c85f4b0-67f0-4699-94f8-2ea54cfa0ede,DECLARED_AMBIGUOUS,PERMANENTLY_AMBIGUOUS,1,0,1,5022.571728,,0,0,,0
b3_intent_no_barrier-mid_dispatch-ledger_postings-7edef399-r4,p30,B3_INTENT_NO_BARRIER,mid_dispatch,ledger_postings,NO_READBACK,CALLER_REFERENCE,c61db3b9-474d-4061-8696-00aa887e72ad,CONFIRMED_APPLIED,FIRED_CONFIRMED,1,0,1,2364.176634,,0,0,,1
b3_intent_no_barrier-mid_dispatch-ledger_postings-7edef399-r4,p30,B3_INTENT_NO_BARRIER,mid_dispatch,ledger_postings,NO_READBACK,CALLER_REFERENCE,ffc03e37-3503-4bd7-8b72-226e5e920f5b,DECLARED_AMBIGUOUS,PERMANENTLY_AMBIGUOUS,1,1,0,,31795.0,0,0,,1
b3_intent_no_barrier-mid_dispatch-ledger_postings-7edef399-r4,p30,B3_INTENT_NO_BARRIER,mid_dispatch,ledger_postings,NO_READBACK,CALLER_REFERENCE,97b3aa39-c01e-407e-8e2f-13515818be47,CONFIRMED_APPLIED,FIRED_CONFIRMED,1,0,1,2351.990435,,0,0,,0
b3_intent_no_barrier-mid_dispatch-ledger_postings-7edef399-r4,p30,B3_INTENT_NO_BARRIER,mid_dispatch,ledger_postings,NO_READBACK,CALLER_REFERENCE,89c26eea-6a0a-4772-8961-0c9ffe4793ce,CONFIRMED_APPLIED,FIRED_CONFIRMED,1,0,1,2025.669165,,0,0,,0
b3_intent_no_barrier-mid_dispatch-ledger_postings-7edef399-r4,p30,B3_INTENT_NO_BARRIER,mid_dispatch,ledger_postings,NO_READBACK,CALLER_REFERENCE,3454961a-ed7f-4ec7-ac8c-0592fd6356cd,DECLARED_AMBIGUOUS,PERMANENTLY_AMBIGUOUS,1,0,1,5026.568687,,0,0,,0
b3_intent_no_barrier-mid_dispatch-ledger_postings-7edef399-r4,p30,B3_INTENT_NO_BARRIER,mid_dispatch,ledger_postings,NO_READBACK,CALLER_REFERENCE,22d81cd1-c6d8-44b7-a248-af90a3e96516,CONFIRMED_APPLIED,FIRED_CONFIRMED,1,0,1,2342.767573,,0,0,,1
b3_intent_no_barrier-mid_dispatch-ledger_postings-7edef399-r4,p30,B3_INTENT_NO_BARRIER,mid_dispatch,ledger_postings,NO_READBACK,CALLER_REFERENCE,b59d08be-488e-4f02-9b93-354657540a5a,CONFIRMED_APPLIED,FIRED_CONFIRMED,1,0,1,2045.687051,,0,0,,1
b3_intent_no_barrier-mid_dispatch-ledger_postings-7edef399-r4,p30,B3_INTENT_NO_BARRIER,mid_dispatch,ledger_postings,NO_READBACK,CALLER_REFERENCE,f438c8ce-ad2b-4f17-852f-39ad84ca83bd,DECLARED_AMBIGUOUS,PERMANENTLY_AMBIGUOUS,1,1,0,,29767.0,0,0,,1
b3_intent_no_barrier-mid_dispatch-ledger_postings-7edef399-r4,p30,B3_INTENT_NO_BARRIER,mid_dispatch,ledger_postings,NO_READBACK,CALLER_REFERENCE,36866bd5-3306-4799-a4b1-c6a1f36b5bb5,DECLARED_AMBIGUOUS,PERMANENTLY_AMBIGUOUS,1,1,0,,27177.0,0,0,,1
b3_intent_no_barrier-mid_dispatch-ledger_postings-7edef399-r4,p30,B3_INTENT_NO_BARRIER,mid_dispatch,ledger_postings,NO_READBACK,CALLER_REFERENCE,9e299619-9b65-4650-844f-d191c781e981,CONFIRMED_APPLIED,FIRED_CONFIRMED,1,0,1,2284.47363,,0,0,,0
b3_intent_no_barrier-mid_dispatch-ledger_postings-7edef399-r5,p30,B3_INTENT_NO_BARRIER,mid_dispatch,ledger_postings,NO_READBACK,CALLER_REFERENCE,1b246d7e-70d5-4227-87b5-befe2e3ac5ed,CONFIRMED_APPLIED,FIRED_CONFIRMED,1,0,1,2323.273234,,0,0,,1
b3_intent_no_barrier-mid_dispatch-ledger_postings-7edef399-r5,p30,B3_INTENT_NO_BARRIER,mid_dispatch,ledger_postings,NO_READBACK,CALLER_REFERENCE,a10decc0-9d84-4479-8e4e-f6aee1bd4ed6,DECLARED_AMBIGUOUS,PERMANENTLY_AMBIGUOUS,0,1,0,,34693.0,0,0,,1
b3_intent_no_barrier-mid_dispatch-ledger_postings-7edef399-r5,p30,B3_INTENT_NO_BARRIER,mid_dispatch,ledger_postings,NO_READBACK,CALLER_REFERENCE,37aed978-10f2-4ac7-bde3-8071bc6f64dc,CONFIRMED_APPLIED,FIRED_CONFIRMED,1,0,1,2289.757649,,0,0,,1
b3_intent_no_barrier-mid_dispatch-ledger_postings-7edef399-r5,p30,B3_INTENT_NO_BARRIER,mid_dispatch,ledger_postings,NO_READBACK,CALLER_REFERENCE,98db7d02-a191-41c5-a1ed-decf9b3cfd65,CONFIRMED_APPLIED,FIRED_CONFIRMED,1,0,1,2029.133187,,0,0,,1
b3_intent_no_barrier-mid_dispatch-ledger_postings-7edef399-r5,p30,B3_INTENT_NO_BARRIER,mid_dispatch,ledger_postings,NO_READBACK,CALLER_REFERENCE,d0d1328b-09e9-4dc7-82b3-d9a0e4756748,DECLARED_AMBIGUOUS,PERMANENTLY_AMBIGUOUS,1,1,0,,27765.0,0,0,,1
b3_intent_no_barrier-mid_dispatch-ledger_postings-7edef399-r5,p30,B3_INTENT_NO_BARRIER,mid_dispatch,ledger_postings,NO_READBACK,CALLER_REFERENCE,52b871f9-6b75-4ed4-9a81-1b8760de55b6,CONFIRMED_APPLIED,FIRED_CONFIRMED,1,0,1,2313.499633,,0,0,,1
b3_intent_no_barrier-mid_dispatch-ledger_postings-7edef399-r5,p30,B3_INTENT_NO_BARRIER,mid_dispatch,ledger_postings,NO_READBACK,CALLER_REFERENCE,b8e3396c-e78f-41ff-b9a6-72d3c22fcfa6,CONFIRMED_APPLIED,FIRED_CONFIRMED,1,0,1,2029.684372,,0,0,,1
b3_intent_no_barrier-mid_dispatch-ledger_postings-7edef399-r5,p30,B3_INTENT_NO_BARRIER,mid_dispatch,ledger_postings,NO_READBACK,CALLER_REFERENCE,41ea6dbe-a95d-4390-b540-4af92fce346e,CONFIRMED_APPLIED,FIRED_CONFIRMED,1,0,1,2028.946222,,0,0,,1
b3_intent_no_barrier-mid_dispatch-ledger_postings-7edef399-r5,p30,B3_INTENT_NO_BARRIER,mid_dispatch,ledger_postings,NO_READBACK,CALLER_REFERENCE,ee896999-401f-4e43-aba0-63eee45b5264,DECLARED_AMBIGUOUS,PERMANENTLY_AMBIGUOUS,1,1,0,,30613.0,0,0,,1
b3_intent_no_barrier-mid_dispatch-ledger_postings-7edef399-r5,p30,B3_INTENT_NO_BARRIER,mid_dispatch,ledger_postings,NO_READBACK,CALLER_REFERENCE,f35a5809-1caa-4843-b4cd-b1eb64990451,CONFIRMED_APPLIED,FIRED_CONFIRMED,1,0,1,2261.112262,,0,0,,0
b3_intent_no_barrier-mid_dispatch-ledger_postings-7edef399-r6,p30,B3_INTENT_NO_BARRIER,mid_dispatch,ledger_postings,NO_READBACK,CALLER_REFERENCE,42727541-a8e9-46f9-89bf-1e41e428d85b,DECLARED_AMBIGUOUS,PERMANENTLY_AMBIGUOUS,1,1,0,,37010.0,0,0,,1
b3_intent_no_barrier-mid_dispatch-ledger_postings-7edef399-r6,p30,B3_INTENT_NO_BARRIER,mid_dispatch,ledger_postings,NO_READBACK,CALLER_REFERENCE,49c01dd6-e4d9-4f4a-a095-4a819e7b527c,CONFIRMED_APPLIED,FIRED_CONFIRMED,1,0,1,2354.891943,,0,0,,1
b3_intent_no_barrier-mid_dispatch-ledger_postings-7edef399-r6,p30,B3_INTENT_NO_BARRIER,mid_dispatch,ledger_postings,NO_READBACK,CALLER_REFERENCE,d86ba7b3-b175-4300-a88c-5870c1c9da0b,DECLARED_AMBIGUOUS,PERMANENTLY_AMBIGUOUS,1,1,0,,32149.0,0,0,,1
b3_intent_no_barrier-mid_dispatch-ledger_postings-7edef399-r6,p30,B3_INTENT_NO_BARRIER,mid_dispatch,ledger_postings,NO_READBACK,CALLER_REFERENCE,c0b39f5f-0163-4611-8845-37911ef61a27,CONFIRMED_APPLIED,FIRED_CONFIRMED,1,0,1,2363.922473,,0,0,,0
b3_intent_no_barrier-mid_dispatch-ledger_postings-7edef399-r6,p30,B3_INTENT_NO_BARRIER,mid_dispatch,ledger_postings,NO_READBACK,CALLER_REFERENCE,586dd845-1d69-4e73-a2e7-2cf64d4d4e05,DECLARED_AMBIGUOUS,PERMANENTLY_AMBIGUOUS,1,0,1,5025.603177,,0,0,,0
b3_intent_no_barrier-mid_dispatch-ledger_postings-7edef399-r6,p30,B3_INTENT_NO_BARRIER,mid_dispatch,ledger_postings,NO_READBACK,CALLER_REFERENCE,4e62e2ea-03a0-43af-90ba-b9fe986edd39,CONFIRMED_APPLIED,FIRED_CONFIRMED,1,0,1,2391.351819,,0,0,,1
b3_intent_no_barrier-mid_dispatch-ledger_postings-7edef399-r6,p30,B3_INTENT_NO_BARRIER,mid_dispatch,ledger_postings,NO_READBACK,CALLER_REFERENCE,7df7e598-d382-48b3-aca6-31c624e730ec,CONFIRMED_APPLIED,FIRED_CONFIRMED,1,0,1,2043.308969,,0,0,,1
b3_intent_no_barrier-mid_dispatch-ledger_postings-7edef399-r6,p30,B3_INTENT_NO_BARRIER,mid_dispatch,ledger_postings,NO_READBACK,CALLER_REFERENCE,154c29c4-5675-4ea7-9e10-93689a9ef387,DECLARED_AMBIGUOUS,PERMANENTLY_AMBIGUOUS,1,1,0,,32566.0,0,0,,1
b3_intent_no_barrier-mid_dispatch-ledger_postings-7edef399-r6,p30,B3_INTENT_NO_BARRIER,mid_dispatch,ledger_postings,NO_READBACK,CALLER_REFERENCE,94012152-a6df-4803-aa54-232b9e5ede63,DECLARED_AMBIGUOUS,PERMANENTLY_AMBIGUOUS,1,1,0,,29669.0,0,0,,1
b3_intent_no_barrier-mid_dispatch-ledger_postings-7edef399-r6,p30,B3_INTENT_NO_BARRIER,mid_dispatch,ledger_postings,NO_READBACK,CALLER_REFERENCE,f9e4ef11-35cd-412b-bd9a-a015f8cb02ca,CONFIRMED_APPLIED,FIRED_CONFIRMED,1,0,1,2335.771739,,0,0,,0
b3_intent_no_barrier-mid_dispatch-ledger_postings-7edef399-r7,p30,B3_INTENT_NO_BARRIER,mid_dispatch,ledger_postings,NO_READBACK,CALLER_REFERENCE,7ee87cf1-c2b5-41b3-9b5a-69df7ae0b0e9,CONFIRMED_APPLIED,FIRED_CONFIRMED,1,0,1,2643.67267,,0,0,,1
b3_intent_no_barrier-mid_dispatch-ledger_postings-7edef399-r7,p30,B3_INTENT_NO_BARRIER,mid_dispatch,ledger_postings,NO_READBACK,CALLER_REFERENCE,af864a79-bd10-4a5a-b168-22f97b729ad0,DECLARED_AMBIGUOUS,PERMANENTLY_AMBIGUOUS,1,1,0,,36730.0,0,0,,1
b3_intent_no_barrier-mid_dispatch-ledger_postings-7edef399-r7,p30,B3_INTENT_NO_BARRIER,mid_dispatch,ledger_postings,NO_READBACK,CALLER_REFERENCE,ea115357-3377-4663-90eb-7f3412fa0806,CONFIRMED_APPLIED,FIRED_CONFIRMED,1,0,1,2766.914564,,0,0,,1
b3_intent_no_barrier-mid_dispatch-ledger_postings-7edef399-r7,p30,B3_INTENT_NO_BARRIER,mid_dispatch,ledger_postings,NO_READBACK,CALLER_REFERENCE,470cce4d-ae72-4304-a804-3b789d3773e6,DECLARED_AMBIGUOUS,PERMANENTLY_AMBIGUOUS,1,1,0,,29356.0,0,0,,1
b3_intent_no_barrier-mid_dispatch-ledger_postings-7edef399-r7,p30,B3_INTENT_NO_BARRIER,mid_dispatch,ledger_postings,NO_READBACK,CALLER_REFERENCE,3601a31b-d448-40e0-96db-788924f84358,DECLARED_AMBIGUOUS,PERMANENTLY_AMBIGUOUS,1,0,1,5451.124304,,0,0,,0
b3_intent_no_barrier-mid_dispatch-ledger_postings-7edef399-r7,p30,B3_INTENT_NO_BARRIER,mid_dispatch,ledger_postings,NO_READBACK,CALLER_REFERENCE,ee8d88ac-8276-418f-bf5e-1b7531ab5639,DECLARED_AMBIGUOUS,PERMANENTLY_AMBIGUOUS,0,1,0,,39361.0,0,0,,1
b3_intent_no_barrier-mid_dispatch-ledger_postings-7edef399-r7,p30,B3_INTENT_NO_BARRIER,mid_dispatch,ledger_postings,NO_READBACK,CALLER_REFERENCE,1e255f05-7fc0-4695-945a-a8c14d119ece,DECLARED_AMBIGUOUS,PERMANENTLY_AMBIGUOUS,0,0,1,2629.807479,,0,0,,1
b3_intent_no_barrier-mid_dispatch-ledger_postings-7edef399-r7,p30,B3_INTENT_NO_BARRIER,mid_dispatch,ledger_postings,NO_READBACK,CALLER_REFERENCE,1a4213a8-cec5-4816-9641-983f71277e4b,DECLARED_AMBIGUOUS,PERMANENTLY_AMBIGUOUS,1,1,0,,32518.0,0,0,,1
b3_intent_no_barrier-mid_dispatch-ledger_postings-7edef399-r7,p30,B3_INTENT_NO_BARRIER,mid_dispatch,ledger_postings,NO_READBACK,CALLER_REFERENCE,28a5a8f1-d608-473a-b3c2-308fb61c37ba,DECLARED_AMBIGUOUS,PERMANENTLY_AMBIGUOUS,1,0,1,7071.272094,,0,0,,0
b3_intent_no_barrier-mid_dispatch-ledger_postings-7edef399-r7,p30,B3_INTENT_NO_BARRIER,mid_dispatch,ledger_postings,NO_READBACK,CALLER_REFERENCE,5121a725-4c62-4d3a-87e3-8310e32e6cf2,CONFIRMED_APPLIED,FIRED_CONFIRMED,1,0,1,2040.891045,,0,0,,0
b3_intent_no_barrier-mid_dispatch-ledger_postings-7edef399-r8,p30,B3_INTENT_NO_BARRIER,mid_dispatch,ledger_postings,NO_READBACK,CALLER_REFERENCE,2713902b-265e-42c8-a631-9adca2e206e5,CONFIRMED_APPLIED,FIRED_CONFIRMED,1,0,1,2579.057686,,0,0,,1
b3_intent_no_barrier-mid_dispatch-ledger_postings-7edef399-r8,p30,B3_INTENT_NO_BARRIER,mid_dispatch,ledger_postings,NO_READBACK,CALLER_REFERENCE,56a36e80-3fbf-42ab-a704-07f6b04cab21,DECLARED_AMBIGUOUS,PERMANENTLY_AMBIGUOUS,1,1,0,,35065.0,0,0,,1
b3_intent_no_barrier-mid_dispatch-ledger_postings-7edef399-r8,p30,B3_INTENT_NO_BARRIER,mid_dispatch,ledger_postings,NO_READBACK,CALLER_REFERENCE,a1ffd43c-77c9-496d-b486-43b1d427df57,DECLARED_AMBIGUOUS,PERMANENTLY_AMBIGUOUS,0,1,0,,30751.0,0,0,,1
b3_intent_no_barrier-mid_dispatch-ledger_postings-7edef399-r8,p30,B3_INTENT_NO_BARRIER,mid_dispatch,ledger_postings,NO_READBACK,CALLER_REFERENCE,066eedb4-10a4-4afa-838b-bd22adc686e9,CONFIRMED_APPLIED,FIRED_CONFIRMED,1,0,1,2408.948445,,0,0,,0
b3_intent_no_barrier-mid_dispatch-ledger_postings-7edef399-r8,p30,B3_INTENT_NO_BARRIER,mid_dispatch,ledger_postings,NO_READBACK,CALLER_REFERENCE,e0588761-cbda-4d13-8536-c99e80f5a824,DECLARED_AMBIGUOUS,PERMANENTLY_AMBIGUOUS,1,0,1,5026.549982,,0,0,,0
b3_intent_no_barrier-mid_dispatch-ledger_postings-7edef399-r8,p30,B3_INTENT_NO_BARRIER,mid_dispatch,ledger_postings,NO_READBACK,CALLER_REFERENCE,0f5f8756-ab4d-45ae-9629-89b3a9d887d6,DECLARED_AMBIGUOUS,PERMANENTLY_AMBIGUOUS,0,1,0,,37640.0,0,0,,1
b3_intent_no_barrier-mid_dispatch-ledger_postings-7edef399-r8,p30,B3_INTENT_NO_BARRIER,mid_dispatch,ledger_postings,NO_READBACK,CALLER_REFERENCE,661cd40c-c9d9-4a50-8c48-e3828af16078,CONFIRMED_APPLIED,FIRED_CONFIRMED,1,0,1,2538.348902,,0,0,,0
b3_intent_no_barrier-mid_dispatch-ledger_postings-7edef399-r8,p30,B3_INTENT_NO_BARRIER,mid_dispatch,ledger_postings,NO_READBACK,CALLER_REFERENCE,60ea52ba-d015-4be0-9877-82afb300b8b6,CONFIRMED_APPLIED,FIRED_CONFIRMED,1,0,1,2041.466044,,0,0,,0
b3_intent_no_barrier-mid_dispatch-ledger_postings-7edef399-r8,p30,B3_INTENT_NO_BARRIER,mid_dispatch,ledger_postings,NO_READBACK,CALLER_REFERENCE,b491f048-06e4-4d99-8e05-89ac8daf16fe,CONFIRMED_APPLIED,FIRED_CONFIRMED,1,0,1,2038.070326,,0,0,,0
b3_intent_no_barrier-mid_dispatch-ledger_postings-7edef399-r8,p30,B3_INTENT_NO_BARRIER,mid_dispatch,ledger_postings,NO_READBACK,CALLER_REFERENCE,64c9a6a9-929f-45b6-bf3e-3e3be7aec4ac,CONFIRMED_APPLIED,FIRED_CONFIRMED,1,0,1,2033.571305,,0,0,,0
b3_intent_no_barrier-mid_dispatch-ledger_postings-7edef399-r9,p30,B3_INTENT_NO_BARRIER,mid_dispatch,ledger_postings,NO_READBACK,CALLER_REFERENCE,b1335d8a-08d6-423a-81ec-27857868e56f,CONFIRMED_APPLIED,FIRED_CONFIRMED,1,0,1,2562.319177,,0,0,,1
b3_intent_no_barrier-mid_dispatch-ledger_postings-7edef399-r9,p30,B3_INTENT_NO_BARRIER,mid_dispatch,ledger_postings,NO_READBACK,CALLER_REFERENCE,72ed6fff-465d-4878-8961-0f3d514e73c0,DECLARED_AMBIGUOUS,PERMANENTLY_AMBIGUOUS,1,1,0,,33452.0,0,0,,1
b3_intent_no_barrier-mid_dispatch-ledger_postings-7edef399-r9,p30,B3_INTENT_NO_BARRIER,mid_dispatch,ledger_postings,NO_READBACK,CALLER_REFERENCE,11df16bf-adf8-451a-9e4c-634e7e753e55,DECLARED_AMBIGUOUS,PERMANENTLY_AMBIGUOUS,1,0,1,5555.857583,,0,0,,0
b3_intent_no_barrier-mid_dispatch-ledger_postings-7edef399-r9,p30,B3_INTENT_NO_BARRIER,mid_dispatch,ledger_postings,NO_READBACK,CALLER_REFERENCE,cbe67ba8-a91d-4b90-9535-e7b5ab8b1a83,CONFIRMED_APPLIED,FIRED_CONFIRMED,1,0,1,2037.303821,,0,0,,0
b3_intent_no_barrier-mid_dispatch-ledger_postings-7edef399-r9,p30,B3_INTENT_NO_BARRIER,mid_dispatch,ledger_postings,NO_READBACK,CALLER_REFERENCE,38368ab8-2792-4310-9d5f-20bbc7a6782c,DECLARED_AMBIGUOUS,PERMANENTLY_AMBIGUOUS,0,0,1,2022.570204,,0,0,,0
b3_intent_no_barrier-mid_dispatch-ledger_postings-7edef399-r9,p30,B3_INTENT_NO_BARRIER,mid_dispatch,ledger_postings,NO_READBACK,CALLER_REFERENCE,23e8a5e4-3a81-46cb-a9d7-902c76ac55fa,CONFIRMED_APPLIED,FIRED_CONFIRMED,1,0,1,2578.536296,,0,0,,1
b3_intent_no_barrier-mid_dispatch-ledger_postings-7edef399-r9,p30,B3_INTENT_NO_BARRIER,mid_dispatch,ledger_postings,NO_READBACK,CALLER_REFERENCE,d71808e1-3eda-4727-9d6f-6039fcb5fa45,DECLARED_AMBIGUOUS,PERMANENTLY_AMBIGUOUS,1,0,1,5029.258408,,0,0,,1
b3_intent_no_barrier-mid_dispatch-ledger_postings-7edef399-r9,p30,B3_INTENT_NO_BARRIER,mid_dispatch,ledger_postings,NO_READBACK,CALLER_REFERENCE,078ae947-a9de-4ae7-a52f-4f2a31480db5,DECLARED_AMBIGUOUS,PERMANENTLY_AMBIGUOUS,1,1,0,,28401.0,0,0,,1
b3_intent_no_barrier-mid_dispatch-ledger_postings-7edef399-r9,p30,B3_INTENT_NO_BARRIER,mid_dispatch,ledger_postings,NO_READBACK,CALLER_REFERENCE,2dcad47b-e4e5-4225-a16e-701900ff2b2e,CONFIRMED_APPLIED,FIRED_CONFIRMED,1,0,1,2388.628509,,0,0,,0
b3_intent_no_barrier-mid_dispatch-ledger_postings-7edef399-r9,p30,B3_INTENT_NO_BARRIER,mid_dispatch,ledger_postings,NO_READBACK,CALLER_REFERENCE,4618a402-0c14-4780-ac58-ac5a3f240d25,DECLARED_AMBIGUOUS,PERMANENTLY_AMBIGUOUS,1,0,1,5019.181812,,0,0,,0
b3_intent_no_barrier-mid_dispatch-notifications-c3c553c0-r0,p30,B3_INTENT_NO_BARRIER,mid_dispatch,notifications,POSITIVE_ONLY_READBACK,CALLER_REFERENCE,d1c01aa0-b8ae-49bc-9665-dd7243b1e200,DECLARED_AMBIGUOUS,FIRED_UNCONFIRMED,0,1,0,,142854.0,0,0,,1
b3_intent_no_barrier-mid_dispatch-notifications-c3c553c0-r0,p30,B3_INTENT_NO_BARRIER,mid_dispatch,notifications,POSITIVE_ONLY_READBACK,CALLER_REFERENCE,bfd18a04-46a1-45ff-b59d-f37b679bf08f,CONFIRMED_APPLIED,FIRED_CONFIRMED,1,0,1,2623.883953,,0,0,,1
b3_intent_no_barrier-mid_dispatch-notifications-c3c553c0-r0,p30,B3_INTENT_NO_BARRIER,mid_dispatch,notifications,POSITIVE_ONLY_READBACK,CALLER_REFERENCE,7b855cdd-02ed-40a8-a663-4ab87322fdbf,CONFIRMED_APPLIED,FIRED_CONFIRMED,1,1,0,,135705.0,0,0,,1
b3_intent_no_barrier-mid_dispatch-notifications-c3c553c0-r0,p30,B3_INTENT_NO_BARRIER,mid_dispatch,notifications,POSITIVE_ONLY_READBACK,CALLER_REFERENCE,c6937c92-1b6e-4135-9b5a-1fb1e7cf2fce,CONFIRMED_APPLIED,FIRED_CONFIRMED,1,0,1,5686.973965,,0,0,,0
b3_intent_no_barrier-mid_dispatch-notifications-c3c553c0-r0,p30,B3_INTENT_NO_BARRIER,mid_dispatch,notifications,POSITIVE_ONLY_READBACK,CALLER_REFERENCE,3448a57f-86d2-4395-b897-87bda0a60c68,CONFIRMED_APPLIED,FIRED_CONFIRMED,1,0,1,5043.235956,,0,0,,0
b3_intent_no_barrier-mid_dispatch-notifications-c3c553c0-r0,p30,B3_INTENT_NO_BARRIER,mid_dispatch,notifications,POSITIVE_ONLY_READBACK,CALLER_REFERENCE,30b96109-3ccf-4358-95f0-9f64d94b0e27,CONFIRMED_APPLIED,FIRED_CONFIRMED,1,0,1,2725.380955,,0,0,,1
b3_intent_no_barrier-mid_dispatch-notifications-c3c553c0-r0,p30,B3_INTENT_NO_BARRIER,mid_dispatch,notifications,POSITIVE_ONLY_READBACK,CALLER_REFERENCE,d6a80f97-1224-4355-b513-2be4566bbf93,CONFIRMED_APPLIED,FIRED_CONFIRMED,1,1,0,,140157.0,0,0,,1
b3_intent_no_barrier-mid_dispatch-notifications-c3c553c0-r0,p30,B3_INTENT_NO_BARRIER,mid_dispatch,notifications,POSITIVE_ONLY_READBACK,CALLER_REFERENCE,a432f8e8-3fdc-4362-b2de-995d9a2b5599,DECLARED_AMBIGUOUS,FIRED_UNCONFIRMED,0,1,0,,135947.0,0,0,,1
b3_intent_no_barrier-mid_dispatch-notifications-c3c553c0-r0,p30,B3_INTENT_NO_BARRIER,mid_dispatch,notifications,POSITIVE_ONLY_READBACK,CALLER_REFERENCE,35b6fdd1-16f2-4884-b02b-5d301ca0c634,DECLARED_AMBIGUOUS,FIRED_UNCONFIRMED,0,1,0,,131606.0,0,0,,1
b3_intent_no_barrier-mid_dispatch-notifications-c3c553c0-r0,p30,B3_INTENT_NO_BARRIER,mid_dispatch,notifications,POSITIVE_ONLY_READBACK,CALLER_REFERENCE,84372472-1f1b-45d0-9049-0ff1562d71e8,CONFIRMED_APPLIED,FIRED_CONFIRMED,1,0,1,2529.973345,,0,0,,0
b3_intent_no_barrier-mid_dispatch-notifications-c3c553c0-r1,p30,B3_INTENT_NO_BARRIER,mid_dispatch,notifications,POSITIVE_ONLY_READBACK,CALLER_REFERENCE,c978e400-5db8-4633-96b5-bae40f15dfa9,CONFIRMED_APPLIED,FIRED_CONFIRMED,1,0,1,2471.984434,,0,0,,1
b3_intent_no_barrier-mid_dispatch-notifications-c3c553c0-r1,p30,B3_INTENT_NO_BARRIER,mid_dispatch,notifications,POSITIVE_ONLY_READBACK,CALLER_REFERENCE,a977024e-11f9-4d04-a0f1-f9d3c68658a6,CONFIRMED_APPLIED,FIRED_CONFIRMED,1,1,0,,32135.0,0,0,,1
b3_intent_no_barrier-mid_dispatch-notifications-c3c553c0-r1,p30,B3_INTENT_NO_BARRIER,mid_dispatch,notifications,POSITIVE_ONLY_READBACK,CALLER_REFERENCE,566d669f-a163-459d-bf56-7fae59c76ceb,CONFIRMED_APPLIED,FIRED_CONFIRMED,1,0,1,2492.690091,,0,0,,0
b3_intent_no_barrier-mid_dispatch-notifications-c3c553c0-r1,p30,B3_INTENT_NO_BARRIER,mid_dispatch,notifications,POSITIVE_ONLY_READBACK,CALLER_REFERENCE,37df019a-bc95-4aba-a75d-7f04b53f0fc2,CONFIRMED_APPLIED,FIRED_CONFIRMED,1,0,1,2039.126764,,0,0,,0
b3_intent_no_barrier-mid_dispatch-notifications-c3c553c0-r1,p30,B3_INTENT_NO_BARRIER,mid_dispatch,notifications,POSITIVE_ONLY_READBACK,CALLER_REFERENCE,c9c5ecf7-f74f-4599-a273-cb7fd87e2fcf,CONFIRMED_APPLIED,FIRED_CONFIRMED,1,0,1,2039.472051,,0,0,,0
b3_intent_no_barrier-mid_dispatch-notifications-c3c553c0-r1,p30,B3_INTENT_NO_BARRIER,mid_dispatch,notifications,POSITIVE_ONLY_READBACK,CALLER_REFERENCE,2791c0af-7f24-43ef-b487-53d753153f98,CONFIRMED_APPLIED,FIRED_CONFIRMED,1,1,0,,34602.0,0,0,,1
b3_intent_no_barrier-mid_dispatch-notifications-c3c553c0-r1,p30,B3_INTENT_NO_BARRIER,mid_dispatch,notifications,POSITIVE_ONLY_READBACK,CALLER_REFERENCE,66ad9560-43a7-4b30-9b2c-66f4e184d923,CONFIRMED_APPLIED,FIRED_CONFIRMED,1,0,1,2550.793019,,0,0,,1
b3_intent_no_barrier-mid_dispatch-notifications-c3c553c0-r1,p30,B3_INTENT_NO_BARRIER,mid_dispatch,notifications,POSITIVE_ONLY_READBACK,CALLER_REFERENCE,ee42ab07-e5d7-4769-a81b-b1a706d67f7c,CONFIRMED_APPLIED,FIRED_CONFIRMED,1,1,0,,27884.0,0,0,,1
b3_intent_no_barrier-mid_dispatch-notifications-c3c553c0-r1,p30,B3_INTENT_NO_BARRIER,mid_dispatch,notifications,POSITIVE_ONLY_READBACK,CALLER_REFERENCE,04b779e6-b8f2-4ec9-b813-4d891a331686,CONFIRMED_APPLIED,FIRED_CONFIRMED,1,0,1,2433.413362,,0,0,,0
b3_intent_no_barrier-mid_dispatch-notifications-c3c553c0-r1,p30,B3_INTENT_NO_BARRIER,mid_dispatch,notifications,POSITIVE_ONLY_READBACK,CALLER_REFERENCE,3bda5d85-24b2-4215-bec3-7149e16fa4c1,CONFIRMED_APPLIED,FIRED_CONFIRMED,1,0,1,2035.002624,,0,0,,0
b3_intent_no_barrier-mid_dispatch-notifications-c3c553c0-r10,p30,B3_INTENT_NO_BARRIER,mid_dispatch,notifications,POSITIVE_ONLY_READBACK,CALLER_REFERENCE,83cec162-ee87-476b-8432-3c1d1fe7f9f7,CONFIRMED_APPLIED,FIRED_CONFIRMED,1,0,1,2598.258427,,0,0,,1
b3_intent_no_barrier-mid_dispatch-notifications-c3c553c0-r10,p30,B3_INTENT_NO_BARRIER,mid_dispatch,notifications,POSITIVE_ONLY_READBACK,CALLER_REFERENCE,fa3745be-a032-42f3-835c-d788dbb79423,CONFIRMED_APPLIED,FIRED_CONFIRMED,1,0,1,2039.420144,,0,0,,1
b3_intent_no_barrier-mid_dispatch-notifications-c3c553c0-r10,p30,B3_INTENT_NO_BARRIER,mid_dispatch,notifications,POSITIVE_ONLY_READBACK,CALLER_REFERENCE,276ea495-a775-4280-981d-22a90085d464,CONFIRMED_APPLIED,FIRED_CONFIRMED,1,0,1,2043.095835,,0,0,,1
b3_intent_no_barrier-mid_dispatch-notifications-c3c553c0-r10,p30,B3_INTENT_NO_BARRIER,mid_dispatch,notifications,POSITIVE_ONLY_READBACK,CALLER_REFERENCE,81fbd414-a744-4543-91f1-498ddb3eb83e,CONFIRMED_APPLIED,FIRED_CONFIRMED,1,1,0,,28983.0,0,0,,1
b3_intent_no_barrier-mid_dispatch-notifications-c3c553c0-r10,p30,B3_INTENT_NO_BARRIER,mid_dispatch,notifications,POSITIVE_ONLY_READBACK,CALLER_REFERENCE,a9d88493-6f6e-4b9a-aa32-1f366764d475,CONFIRMED_APPLIED,FIRED_CONFIRMED,1,0,1,5440.28033,,0,0,,0
b3_intent_no_barrier-mid_dispatch-notifications-c3c553c0-r10,p30,B3_INTENT_NO_BARRIER,mid_dispatch,notifications,POSITIVE_ONLY_READBACK,CALLER_REFERENCE,7faed70b-6568-45e6-855a-e6f7a5df8823,CONFIRMED_APPLIED,FIRED_CONFIRMED,1,0,1,2580.12845,,0,0,,1
b3_intent_no_barrier-mid_dispatch-notifications-c3c553c0-r10,p30,B3_INTENT_NO_BARRIER,mid_dispatch,notifications,POSITIVE_ONLY_READBACK,CALLER_REFERENCE,ca8832b3-0637-46b7-8c44-3c742a69ed6e,CONFIRMED_APPLIED,FIRED_CONFIRMED,1,1,0,,33118.0,0,0,,1
b3_intent_no_barrier-mid_dispatch-notifications-c3c553c0-r10,p30,B3_INTENT_NO_BARRIER,mid_dispatch,notifications,POSITIVE_ONLY_READBACK,CALLER_REFERENCE,2f078a27-3935-40ec-86eb-14f321f64a8c,CONFIRMED_APPLIED,FIRED_CONFIRMED,1,0,1,2443.020556,,0,0,,0
b3_intent_no_barrier-mid_dispatch-notifications-c3c553c0-r10,p30,B3_INTENT_NO_BARRIER,mid_dispatch,notifications,POSITIVE_ONLY_READBACK,CALLER_REFERENCE,30d3e136-952c-4221-bb79-60a9c0e80184,CONFIRMED_APPLIED,FIRED_CONFIRMED,1,0,1,2047.286467,,0,0,,0
b3_intent_no_barrier-mid_dispatch-notifications-c3c553c0-r10,p30,B3_INTENT_NO_BARRIER,mid_dispatch,notifications,POSITIVE_ONLY_READBACK,CALLER_REFERENCE,97cb3827-6073-485e-b68c-c1eacaae1c93,CONFIRMED_APPLIED,FIRED_CONFIRMED,1,0,1,2040.928829,,0,0,,0
b3_intent_no_barrier-mid_dispatch-notifications-c3c553c0-r11,p30,B3_INTENT_NO_BARRIER,mid_dispatch,notifications,POSITIVE_ONLY_READBACK,CALLER_REFERENCE,2701be2f-cf5e-4568-b4e2-ed03a8893250,CONFIRMED_APPLIED,FIRED_CONFIRMED,1,0,1,2540.813104,,0,0,,0
b3_intent_no_barrier-mid_dispatch-notifications-c3c553c0-r11,p30,B3_INTENT_NO_BARRIER,mid_dispatch,notifications,POSITIVE_ONLY_READBACK,CALLER_REFERENCE,2b0b3f20-3a70-4900-a697-e4186febb975,DECLARED_AMBIGUOUS,FIRED_UNCONFIRMED,0,0,1,2025.54293,,0,0,,0
b3_intent_no_barrier-mid_dispatch-notifications-c3c553c0-r11,p30,B3_INTENT_NO_BARRIER,mid_dispatch,notifications,POSITIVE_ONLY_READBACK,CALLER_REFERENCE,2a767dd9-4145-42cc-beac-dbba1e304953,CONFIRMED_APPLIED,FIRED_CONFIRMED,1,0,1,2031.373554,,0,0,,0
b3_intent_no_barrier-mid_dispatch-notifications-c3c553c0-r11,p30,B3_INTENT_NO_BARRIER,mid_dispatch,notifications,POSITIVE_ONLY_READBACK,CALLER_REFERENCE,96740b51-0ad6-419c-b4fd-845b3f996252,CONFIRMED_APPLIED,FIRED_CONFIRMED,1,0,1,5031.687673,,0,0,,0
b3_intent_no_barrier-mid_dispatch-notifications-c3c553c0-r11,p30,B3_INTENT_NO_BARRIER,mid_dispatch,notifications,POSITIVE_ONLY_READBACK,CALLER_REFERENCE,3671fec0-31c1-46f5-baf8-5f5a890440b9,CONFIRMED_APPLIED,FIRED_CONFIRMED,1,0,1,2035.661329,,0,0,,0
b3_intent_no_barrier-mid_dispatch-notifications-c3c553c0-r11,p30,B3_INTENT_NO_BARRIER,mid_dispatch,notifications,POSITIVE_ONLY_READBACK,CALLER_REFERENCE,e160e65f-e96a-4587-9209-8bb597823f6d,CONFIRMED_APPLIED,FIRED_CONFIRMED,1,0,1,2559.926651,,0,0,,1
b3_intent_no_barrier-mid_dispatch-notifications-c3c553c0-r11,p30,B3_INTENT_NO_BARRIER,mid_dispatch,notifications,POSITIVE_ONLY_READBACK,CALLER_REFERENCE,27ef548d-7c23-43a6-a01c-c8a3571c2b1b,CONFIRMED_APPLIED,FIRED_CONFIRMED,1,0,1,2032.848425,,0,0,,1
b3_intent_no_barrier-mid_dispatch-notifications-c3c553c0-r11,p30,B3_INTENT_NO_BARRIER,mid_dispatch,notifications,POSITIVE_ONLY_READBACK,CALLER_REFERENCE,2c757982-f170-4b62-8057-ec3fc7c552f8,CONFIRMED_APPLIED,FIRED_CONFIRMED,1,1,0,,129464.0,0,0,,1
b3_intent_no_barrier-mid_dispatch-notifications-c3c553c0-r11,p30,B3_INTENT_NO_BARRIER,mid_dispatch,notifications,POSITIVE_ONLY_READBACK,CALLER_REFERENCE,c352900a-3514-4a7e-8b14-bffb704a2660,CONFIRMED_APPLIED,FIRED_CONFIRMED,1,1,0,,126307.0,0,0,,1
b3_intent_no_barrier-mid_dispatch-notifications-c3c553c0-r11,p30,B3_INTENT_NO_BARRIER,mid_dispatch,notifications,POSITIVE_ONLY_READBACK,CALLER_REFERENCE,d777d0d2-8d9c-4de3-95c6-32ea0afba745,CONFIRMED_APPLIED,FIRED_CONFIRMED,1,0,1,2462.489149,,0,0,,0
b3_intent_no_barrier-mid_dispatch-notifications-c3c553c0-r12,p30,B3_INTENT_NO_BARRIER,mid_dispatch,notifications,POSITIVE_ONLY_READBACK,CALLER_REFERENCE,103debd8-bb1b-4b9b-bfb5-0ec05f2df1df,CONFIRMED_APPLIED,FIRED_CONFIRMED,1,0,1,2370.97297,,0,0,,0
b3_intent_no_barrier-mid_dispatch-notifications-c3c553c0-r12,p30,B3_INTENT_NO_BARRIER,mid_dispatch,notifications,POSITIVE_ONLY_READBACK,CALLER_REFERENCE,e594cc00-532b-40ac-a361-4bae3fa2801d,CONFIRMED_APPLIED,FIRED_CONFIRMED,1,0,1,2030.670258,,0,0,,0
b3_intent_no_barrier-mid_dispatch-notifications-c3c553c0-r12,p30,B3_INTENT_NO_BARRIER,mid_dispatch,notifications,POSITIVE_ONLY_READBACK,CALLER_REFERENCE,3122c40d-9ed0-421f-9b06-ab5e0430834a,CONFIRMED_APPLIED,FIRED_CONFIRMED,1,0,1,2037.99413,,0,0,,0
b3_intent_no_barrier-mid_dispatch-notifications-c3c553c0-r12,p30,B3_INTENT_NO_BARRIER,mid_dispatch,notifications,POSITIVE_ONLY_READBACK,CALLER_REFERENCE,38c29ee7-dd28-433a-9638-f3d9491dc315,CONFIRMED_APPLIED,FIRED_CONFIRMED,1,0,1,5033.71019,,0,0,,0
b3_intent_no_barrier-mid_dispatch-notifications-c3c553c0-r12,p30,B3_INTENT_NO_BARRIER,mid_dispatch,notifications,POSITIVE_ONLY_READBACK,CALLER_REFERENCE,095bb531-b541-4543-a7b7-7c62005638a0,CONFIRMED_APPLIED,FIRED_CONFIRMED,1,0,1,2039.893537,,0,0,,0
b3_intent_no_barrier-mid_dispatch-notifications-c3c553c0-r12,p30,B3_INTENT_NO_BARRIER,mid_dispatch,notifications,POSITIVE_ONLY_READBACK,CALLER_REFERENCE,3a77dd7d-f722-4727-aa01-4a0152f164f6,CONFIRMED_APPLIED,FIRED_CONFIRMED,1,0,1,2513.759661,,0,0,,1
b3_intent_no_barrier-mid_dispatch-notifications-c3c553c0-r12,p30,B3_INTENT_NO_BARRIER,mid_dispatch,notifications,POSITIVE_ONLY_READBACK,CALLER_REFERENCE,e46aa302-1ad4-459a-9044-87e0ef7b48e8,CONFIRMED_APPLIED,FIRED_CONFIRMED,1,1,0,,27056.0,0,0,,1
b3_intent_no_barrier-mid_dispatch-notifications-c3c553c0-r12,p30,B3_INTENT_NO_BARRIER,mid_dispatch,notifications,POSITIVE_ONLY_READBACK,CALLER_REFERENCE,464ca82d-ee38-411d-996d-09a9039b86e8,CONFIRMED_APPLIED,FIRED_CONFIRMED,1,0,1,2330.151817,,0,0,,0
b3_intent_no_barrier-mid_dispatch-notifications-c3c553c0-r12,p30,B3_INTENT_NO_BARRIER,mid_dispatch,notifications,POSITIVE_ONLY_READBACK,CALLER_REFERENCE,f2ffac8a-c651-417d-a042-a2b64fec3858,CONFIRMED_APPLIED,FIRED_CONFIRMED,1,0,1,2031.643155,,0,0,,0
b3_intent_no_barrier-mid_dispatch-notifications-c3c553c0-r12,p30,B3_INTENT_NO_BARRIER,mid_dispatch,notifications,POSITIVE_ONLY_READBACK,CALLER_REFERENCE,2c428f63-8964-4522-8d7b-64d3226d9c52,CONFIRMED_APPLIED,FIRED_CONFIRMED,1,0,1,2040.467513,,0,0,,0
b3_intent_no_barrier-mid_dispatch-notifications-c3c553c0-r13,p30,B3_INTENT_NO_BARRIER,mid_dispatch,notifications,POSITIVE_ONLY_READBACK,CALLER_REFERENCE,8ecf837f-d0c1-4663-8cfa-889b9c3ca4e2,DECLARED_AMBIGUOUS,FIRED_UNCONFIRMED,0,1,0,,141184.0,0,0,,1
b3_intent_no_barrier-mid_dispatch-notifications-c3c553c0-r13,p30,B3_INTENT_NO_BARRIER,mid_dispatch,notifications,POSITIVE_ONLY_READBACK,CALLER_REFERENCE,514af27b-1ea0-48dd-9735-e5e6fce7b77f,CONFIRMED_APPLIED,FIRED_CONFIRMED,1,1,0,,137909.0,0,0,,1
b3_intent_no_barrier-mid_dispatch-notifications-c3c553c0-r13,p30,B3_INTENT_NO_BARRIER,mid_dispatch,notifications,POSITIVE_ONLY_READBACK,CALLER_REFERENCE,d9a328ef-5cad-443d-b9eb-853e32bb9944,CONFIRMED_APPLIED,FIRED_CONFIRMED,1,0,1,2602.955809,,0,0,,0
b3_intent_no_barrier-mid_dispatch-notifications-c3c553c0-r13,p30,B3_INTENT_NO_BARRIER,mid_dispatch,notifications,POSITIVE_ONLY_READBACK,CALLER_REFERENCE,cb064ea5-75ff-44c4-9676-f4b549e1dd96,CONFIRMED_APPLIED,FIRED_CONFIRMED,1,0,1,2047.612096,,0,0,,0
b3_intent_no_barrier-mid_dispatch-notifications-c3c553c0-r13,p30,B3_INTENT_NO_BARRIER,mid_dispatch,notifications,POSITIVE_ONLY_READBACK,CALLER_REFERENCE,19b38ef0-8105-479f-a3b2-594c381b154d,CONFIRMED_APPLIED,FIRED_CONFIRMED,1,0,1,2045.513462,,0,0,,0
b3_intent_no_barrier-mid_dispatch-notifications-c3c553c0-r13,p30,B3_INTENT_NO_BARRIER,mid_dispatch,notifications,POSITIVE_ONLY_READBACK,CALLER_REFERENCE,6c2b6696-474d-48f9-992a-4f8ae578d070,CONFIRMED_APPLIED,FIRED_CONFIRMED,1,0,1,2520.741358,,0,0,,1
b3_intent_no_barrier-mid_dispatch-notifications-c3c553c0-r13,p30,B3_INTENT_NO_BARRIER,mid_dispatch,notifications,POSITIVE_ONLY_READBACK,CALLER_REFERENCE,1ecbf1cd-b4fb-461d-b598-bd210571caad,CONFIRMED_APPLIED,FIRED_CONFIRMED,1,0,1,2044.66875,,0,0,,1
b3_intent_no_barrier-mid_dispatch-notifications-c3c553c0-r13,p30,B3_INTENT_NO_BARRIER,mid_dispatch,notifications,POSITIVE_ONLY_READBACK,CALLER_REFERENCE,0b229f0f-c6dd-4861-b7ba-1a8b3503cf46,CONFIRMED_APPLIED,FIRED_CONFIRMED,1,0,1,2032.370159,,0,0,,1
b3_intent_no_barrier-mid_dispatch-notifications-c3c553c0-r13,p30,B3_INTENT_NO_BARRIER,mid_dispatch,notifications,POSITIVE_ONLY_READBACK,CALLER_REFERENCE,d8893ed1-9d6a-4ed7-9156-b0a00a4256ce,CONFIRMED_APPLIED,FIRED_CONFIRMED,1,1,0,,134610.0,0,0,,1
b3_intent_no_barrier-mid_dispatch-notifications-c3c553c0-r13,p30,B3_INTENT_NO_BARRIER,mid_dispatch,notifications,POSITIVE_ONLY_READBACK,CALLER_REFERENCE,8d911ee5-8927-4b9f-85af-6fd7058657a3,CONFIRMED_APPLIED,FIRED_CONFIRMED,1,0,1,2442.136053,,0,0,,0
b3_intent_no_barrier-mid_dispatch-notifications-c3c553c0-r14,p30,B3_INTENT_NO_BARRIER,mid_dispatch,notifications,POSITIVE_ONLY_READBACK,CALLER_REFERENCE,1b274c6a-afcd-46ba-8ad5-f3aa096994b5,CONFIRMED_APPLIED,FIRED_CONFIRMED,1,0,1,3117.390647,,0,0,,1
b3_intent_no_barrier-mid_dispatch-notifications-c3c553c0-r14,p30,B3_INTENT_NO_BARRIER,mid_dispatch,notifications,POSITIVE_ONLY_READBACK,CALLER_REFERENCE,a8f5e4b6-d8ab-4c89-8e5c-f126cc7ec48f,CONFIRMED_APPLIED,FIRED_CONFIRMED,1,0,1,2078.377444,,0,0,,1
b3_intent_no_barrier-mid_dispatch-notifications-c3c553c0-r14,p30,B3_INTENT_NO_BARRIER,mid_dispatch,notifications,POSITIVE_ONLY_READBACK,CALLER_REFERENCE,7ff14159-53db-4dc0-93a6-076ee5f0c305,CONFIRMED_APPLIED,FIRED_CONFIRMED,1,1,0,,151747.0,0,0,,1
b3_intent_no_barrier-mid_dispatch-notifications-c3c553c0-r14,p30,B3_INTENT_NO_BARRIER,mid_dispatch,notifications,POSITIVE_ONLY_READBACK,CALLER_REFERENCE,0fbbd9af-2923-4bae-bebf-8fb396a5d845,CONFIRMED_APPLIED,FIRED_CONFIRMED,1,0,1,2747.137759,,0,0,,0
b3_intent_no_barrier-mid_dispatch-notifications-c3c553c0-r14,p30,B3_INTENT_NO_BARRIER,mid_dispatch,notifications,POSITIVE_ONLY_READBACK,CALLER_REFERENCE,133ea6f1-209e-4a9d-ba56-85b178e476fb,CONFIRMED_APPLIED,FIRED_CONFIRMED,1,0,1,2044.304872,,0,0,,0
b3_intent_no_barrier-mid_dispatch-notifications-c3c553c0-r14,p30,B3_INTENT_NO_BARRIER,mid_dispatch,notifications,POSITIVE_ONLY_READBACK,CALLER_REFERENCE,1ce5fb1f-b69f-4186-80f9-fa96443e946a,DECLARED_AMBIGUOUS,FIRED_UNCONFIRMED,0,1,0,,155943.0,0,0,,1
b3_intent_no_barrier-mid_dispatch-notifications-c3c553c0-r14,p30,B3_INTENT_NO_BARRIER,mid_dispatch,notifications,POSITIVE_ONLY_READBACK,CALLER_REFERENCE,4c45a1b2-cb29-47a8-a960-1bc046638f68,CONFIRMED_APPLIED,FIRED_CONFIRMED,1,0,1,2994.018167,,0,0,,1
b3_intent_no_barrier-mid_dispatch-notifications-c3c553c0-r14,p30,B3_INTENT_NO_BARRIER,mid_dispatch,notifications,POSITIVE_ONLY_READBACK,CALLER_REFERENCE,3bd6ba1a-1bc6-4b9a-b5b4-68701a6b4203,CONFIRMED_APPLIED,FIRED_CONFIRMED,1,0,1,5050.341232,,0,0,,1
b3_intent_no_barrier-mid_dispatch-notifications-c3c553c0-r14,p30,B3_INTENT_NO_BARRIER,mid_dispatch,notifications,POSITIVE_ONLY_READBACK,CALLER_REFERENCE,30bb2c05-d0d2-4a7a-a060-433f2c9d29ab,CONFIRMED_APPLIED,FIRED_CONFIRMED,1,1,0,,138734.0,0,0,,1
b3_intent_no_barrier-mid_dispatch-notifications-c3c553c0-r14,p30,B3_INTENT_NO_BARRIER,mid_dispatch,notifications,POSITIVE_ONLY_READBACK,CALLER_REFERENCE,f2100400-1a5a-4c44-af65-ca12449eb1ce,CONFIRMED_APPLIED,FIRED_CONFIRMED,1,0,1,2779.35691,,0,0,,0
b3_intent_no_barrier-mid_dispatch-notifications-c3c553c0-r2,p30,B3_INTENT_NO_BARRIER,mid_dispatch,notifications,POSITIVE_ONLY_READBACK,CALLER_REFERENCE,d447481d-5aa5-4672-908f-6dc4a4344982,CONFIRMED_APPLIED,FIRED_CONFIRMED,1,1,0,,42792.0,0,0,,1
b3_intent_no_barrier-mid_dispatch-notifications-c3c553c0-r2,p30,B3_INTENT_NO_BARRIER,mid_dispatch,notifications,POSITIVE_ONLY_READBACK,CALLER_REFERENCE,d189b4c2-94e3-4983-ab28-adc471bcd547,CONFIRMED_APPLIED,FIRED_CONFIRMED,1,1,0,,40179.0,0,0,,1
b3_intent_no_barrier-mid_dispatch-notifications-c3c553c0-r2,p30,B3_INTENT_NO_BARRIER,mid_dispatch,notifications,POSITIVE_ONLY_READBACK,CALLER_REFERENCE,33a09e2a-53e5-46a9-80eb-18b59a0ddaa6,CONFIRMED_APPLIED,FIRED_CONFIRMED,1,1,0,,37617.0,0,0,,1
b3_intent_no_barrier-mid_dispatch-notifications-c3c553c0-r2,p30,B3_INTENT_NO_BARRIER,mid_dispatch,notifications,POSITIVE_ONLY_READBACK,CALLER_REFERENCE,71a18e5d-ddf4-49da-9b9a-1b415373765c,CONFIRMED_APPLIED,FIRED_CONFIRMED,1,1,0,,34928.0,0,0,,1
b3_intent_no_barrier-mid_dispatch-notifications-c3c553c0-r2,p30,B3_INTENT_NO_BARRIER,mid_dispatch,notifications,POSITIVE_ONLY_READBACK,CALLER_REFERENCE,31701b93-4404-4260-8b90-5d9bf5a0f9e1,CONFIRMED_APPLIED,FIRED_CONFIRMED,1,0,1,2405.654244,,0,0,,0
b3_intent_no_barrier-mid_dispatch-notifications-c3c553c0-r2,p30,B3_INTENT_NO_BARRIER,mid_dispatch,notifications,POSITIVE_ONLY_READBACK,CALLER_REFERENCE,943faf48-756a-471e-8791-b17e4ba68043,CONFIRMED_APPLIED,FIRED_CONFIRMED,1,0,1,5341.225407,,0,0,,1
b3_intent_no_barrier-mid_dispatch-notifications-c3c553c0-r2,p30,B3_INTENT_NO_BARRIER,mid_dispatch,notifications,POSITIVE_ONLY_READBACK,CALLER_REFERENCE,63e02f82-739f-4963-88ff-b8a869422c50,CONFIRMED_APPLIED,FIRED_CONFIRMED,1,0,1,2030.164306,,0,0,,1
b3_intent_no_barrier-mid_dispatch-notifications-c3c553c0-r2,p30,B3_INTENT_NO_BARRIER,mid_dispatch,notifications,POSITIVE_ONLY_READBACK,CALLER_REFERENCE,74c71abf-6150-4acb-9cbc-66191f598b12,CONFIRMED_APPLIED,FIRED_CONFIRMED,1,0,1,2028.287464,,0,0,,1
b3_intent_no_barrier-mid_dispatch-notifications-c3c553c0-r2,p30,B3_INTENT_NO_BARRIER,mid_dispatch,notifications,POSITIVE_ONLY_READBACK,CALLER_REFERENCE,a506112c-43e5-4361-b8fb-ecd75a0ba221,CONFIRMED_APPLIED,FIRED_CONFIRMED,1,1,0,,32947.0,0,0,,1
b3_intent_no_barrier-mid_dispatch-notifications-c3c553c0-r2,p30,B3_INTENT_NO_BARRIER,mid_dispatch,notifications,POSITIVE_ONLY_READBACK,CALLER_REFERENCE,14d7a4a4-12b5-496a-8e1b-a2e5958ce3a6,CONFIRMED_APPLIED,FIRED_CONFIRMED,1,1,0,,30238.0,0,0,,1
b3_intent_no_barrier-mid_dispatch-notifications-c3c553c0-r3,p30,B3_INTENT_NO_BARRIER,mid_dispatch,notifications,POSITIVE_ONLY_READBACK,CALLER_REFERENCE,63cc692e-affc-42de-b27e-a4d626783940,CONFIRMED_APPLIED,FIRED_CONFIRMED,1,0,1,2361.829641,,0,0,,1
b3_intent_no_barrier-mid_dispatch-notifications-c3c553c0-r3,p30,B3_INTENT_NO_BARRIER,mid_dispatch,notifications,POSITIVE_ONLY_READBACK,CALLER_REFERENCE,bbbeae08-25a4-4509-9120-b8ac1d9de2b9,CONFIRMED_APPLIED,FIRED_CONFIRMED,1,0,1,2032.818788,,0,0,,1
b3_intent_no_barrier-mid_dispatch-notifications-c3c553c0-r3,p30,B3_INTENT_NO_BARRIER,mid_dispatch,notifications,POSITIVE_ONLY_READBACK,CALLER_REFERENCE,ba1e5a75-58ba-4bfa-8271-6f4759dfe41f,CONFIRMED_APPLIED,FIRED_CONFIRMED,1,1,0,,129911.0,0,0,,1
b3_intent_no_barrier-mid_dispatch-notifications-c3c553c0-r3,p30,B3_INTENT_NO_BARRIER,mid_dispatch,notifications,POSITIVE_ONLY_READBACK,CALLER_REFERENCE,9baa001d-c76a-4a88-a401-191e0ee8a28e,DECLARED_AMBIGUOUS,FIRED_UNCONFIRMED,0,0,1,2324.515307,,0,0,,1
b3_intent_no_barrier-mid_dispatch-notifications-c3c553c0-r3,p30,B3_INTENT_NO_BARRIER,mid_dispatch,notifications,POSITIVE_ONLY_READBACK,CALLER_REFERENCE,3fdf13df-3dbe-4107-bf3b-90b4037e690b,CONFIRMED_APPLIED,FIRED_CONFIRMED,1,1,0,,125122.0,0,0,,1
b3_intent_no_barrier-mid_dispatch-notifications-c3c553c0-r3,p30,B3_INTENT_NO_BARRIER,mid_dispatch,notifications,POSITIVE_ONLY_READBACK,CALLER_REFERENCE,400c7e30-05f7-4e83-bfd1-186e078deb3c,CONFIRMED_APPLIED,FIRED_CONFIRMED,1,1,0,,134297.0,0,0,,1
b3_intent_no_barrier-mid_dispatch-notifications-c3c553c0-r3,p30,B3_INTENT_NO_BARRIER,mid_dispatch,notifications,POSITIVE_ONLY_READBACK,CALLER_REFERENCE,c28fa324-155a-4555-8e04-bc0fd5115ed1,CONFIRMED_APPLIED,FIRED_CONFIRMED,1,0,1,5318.579233,,0,0,,0
b3_intent_no_barrier-mid_dispatch-notifications-c3c553c0-r3,p30,B3_INTENT_NO_BARRIER,mid_dispatch,notifications,POSITIVE_ONLY_READBACK,CALLER_REFERENCE,45241e41-2db5-42b2-bb87-c1b9a26730e6,CONFIRMED_APPLIED,FIRED_CONFIRMED,1,0,1,2026.822291,,0,0,,0
b3_intent_no_barrier-mid_dispatch-notifications-c3c553c0-r3,p30,B3_INTENT_NO_BARRIER,mid_dispatch,notifications,POSITIVE_ONLY_READBACK,CALLER_REFERENCE,2a258f86-d0d9-40ba-9dad-32e636f29975,CONFIRMED_APPLIED,FIRED_CONFIRMED,1,0,1,2024.915795,,0,0,,0
b3_intent_no_barrier-mid_dispatch-notifications-c3c553c0-r3,p30,B3_INTENT_NO_BARRIER,mid_dispatch,notifications,POSITIVE_ONLY_READBACK,CALLER_REFERENCE,33c5d661-b5ec-4b89-9342-4eab1b9be19c,CONFIRMED_APPLIED,FIRED_CONFIRMED,1,0,1,2025.445659,,0,0,,0
b3_intent_no_barrier-mid_dispatch-notifications-c3c553c0-r4,p30,B3_INTENT_NO_BARRIER,mid_dispatch,notifications,POSITIVE_ONLY_READBACK,CALLER_REFERENCE,e3d30c00-b5b9-4e3e-8b83-97f7a0d6743e,CONFIRMED_APPLIED,FIRED_CONFIRMED,1,0,1,2360.053071,,0,0,,1
b3_intent_no_barrier-mid_dispatch-notifications-c3c553c0-r4,p30,B3_INTENT_NO_BARRIER,mid_dispatch,notifications,POSITIVE_ONLY_READBACK,CALLER_REFERENCE,2daf1fa3-9ff9-4bf9-9042-e88c67b1cce9,CONFIRMED_APPLIED,FIRED_CONFIRMED,1,0,1,5023.704213,,0,0,,1
b3_intent_no_barrier-mid_dispatch-notifications-c3c553c0-r4,p30,B3_INTENT_NO_BARRIER,mid_dispatch,notifications,POSITIVE_ONLY_READBACK,CALLER_REFERENCE,797242c3-7314-442d-8388-7f7a7991ab7e,CONFIRMED_APPLIED,FIRED_CONFIRMED,1,1,0,,35667.0,0,0,,1
b3_intent_no_barrier-mid_dispatch-notifications-c3c553c0-r4,p30,B3_INTENT_NO_BARRIER,mid_dispatch,notifications,POSITIVE_ONLY_READBACK,CALLER_REFERENCE,45efc486-4589-4b51-a0cd-671987992897,CONFIRMED_APPLIED,FIRED_CONFIRMED,1,1,0,,32750.0,0,0,,1
b3_intent_no_barrier-mid_dispatch-notifications-c3c553c0-r4,p30,B3_INTENT_NO_BARRIER,mid_dispatch,notifications,POSITIVE_ONLY_READBACK,CALLER_REFERENCE,55c53985-093d-4700-9381-e2cadd7a20be,CONFIRMED_APPLIED,FIRED_CONFIRMED,1,1,0,,30178.0,0,0,,1
b3_intent_no_barrier-mid_dispatch-notifications-c3c553c0-r4,p30,B3_INTENT_NO_BARRIER,mid_dispatch,notifications,POSITIVE_ONLY_READBACK,CALLER_REFERENCE,7918089c-c011-4678-9bdc-8dbfe41c8694,CONFIRMED_APPLIED,FIRED_CONFIRMED,1,1,0,,43566.0,0,0,,1
b3_intent_no_barrier-mid_dispatch-notifications-c3c553c0-r4,p30,B3_INTENT_NO_BARRIER,mid_dispatch,notifications,POSITIVE_ONLY_READBACK,CALLER_REFERENCE,e0610f06-2387-4580-8c9c-c7e7e5c397e9,CONFIRMED_APPLIED,FIRED_CONFIRMED,1,1,0,,40968.0,0,0,,1
b3_intent_no_barrier-mid_dispatch-notifications-c3c553c0-r4,p30,B3_INTENT_NO_BARRIER,mid_dispatch,notifications,POSITIVE_ONLY_READBACK,CALLER_REFERENCE,ace12880-09cc-4b0b-afe6-0161c231522e,CONFIRMED_APPLIED,FIRED_CONFIRMED,1,0,1,2296.959608,,0,0,,1
b3_intent_no_barrier-mid_dispatch-notifications-c3c553c0-r4,p30,B3_INTENT_NO_BARRIER,mid_dispatch,notifications,POSITIVE_ONLY_READBACK,CALLER_REFERENCE,4dff756a-a409-4551-8673-3c9372877d91,CONFIRMED_APPLIED,FIRED_CONFIRMED,1,1,0,,36073.0,0,0,,1
b3_intent_no_barrier-mid_dispatch-notifications-c3c553c0-r4,p30,B3_INTENT_NO_BARRIER,mid_dispatch,notifications,POSITIVE_ONLY_READBACK,CALLER_REFERENCE,fc2e3a73-81e6-4d5d-a994-f1a16b2d3106,CONFIRMED_APPLIED,FIRED_CONFIRMED,1,1,0,,33156.0,0,0,,1
b3_intent_no_barrier-mid_dispatch-notifications-c3c553c0-r5,p30,B3_INTENT_NO_BARRIER,mid_dispatch,notifications,POSITIVE_ONLY_READBACK,CALLER_REFERENCE,68066041-718f-4aa1-817c-c93e01d21879,CONFIRMED_APPLIED,FIRED_CONFIRMED,1,0,1,5273.982021,,0,0,,1
b3_intent_no_barrier-mid_dispatch-notifications-c3c553c0-r5,p30,B3_INTENT_NO_BARRIER,mid_dispatch,notifications,POSITIVE_ONLY_READBACK,CALLER_REFERENCE,6122b6ce-3215-4844-81e4-e195c4fe8084,CONFIRMED_APPLIED,FIRED_CONFIRMED,1,0,1,2032.047445,,0,0,,1
b3_intent_no_barrier-mid_dispatch-notifications-c3c553c0-r5,p30,B3_INTENT_NO_BARRIER,mid_dispatch,notifications,POSITIVE_ONLY_READBACK,CALLER_REFERENCE,0c815f05-f1ad-45d3-936c-dae4eef04072,CONFIRMED_APPLIED,FIRED_CONFIRMED,1,0,1,2025.370434,,0,0,,1
b3_intent_no_barrier-mid_dispatch-notifications-c3c553c0-r5,p30,B3_INTENT_NO_BARRIER,mid_dispatch,notifications,POSITIVE_ONLY_READBACK,CALLER_REFERENCE,9112c87a-5eff-4568-85de-7e8c78cf25c1,DECLARED_AMBIGUOUS,FIRED_UNCONFIRMED,0,1,0,,126237.0,0,0,,1
b3_intent_no_barrier-mid_dispatch-notifications-c3c553c0-r5,p30,B3_INTENT_NO_BARRIER,mid_dispatch,notifications,POSITIVE_ONLY_READBACK,CALLER_REFERENCE,92043b7a-03ae-4115-b77a-67a80deca770,CONFIRMED_APPLIED,FIRED_CONFIRMED,1,1,0,,123709.0,0,0,,1
b3_intent_no_barrier-mid_dispatch-notifications-c3c553c0-r5,p30,B3_INTENT_NO_BARRIER,mid_dispatch,notifications,POSITIVE_ONLY_READBACK,CALLER_REFERENCE,06222d16-3186-4e6d-9274-fccfeebb1997,CONFIRMED_APPLIED,FIRED_CONFIRMED,1,1,0,,135565.0,0,0,,1
b3_intent_no_barrier-mid_dispatch-notifications-c3c553c0-r5,p30,B3_INTENT_NO_BARRIER,mid_dispatch,notifications,POSITIVE_ONLY_READBACK,CALLER_REFERENCE,34bc14c4-aeca-4c5f-9f14-63d6fae4b16d,CONFIRMED_APPLIED,FIRED_CONFIRMED,1,0,1,5297.103849,,0,0,,1
b3_intent_no_barrier-mid_dispatch-notifications-c3c553c0-r5,p30,B3_INTENT_NO_BARRIER,mid_dispatch,notifications,POSITIVE_ONLY_READBACK,CALLER_REFERENCE,0ef4ca8f-12b4-41bd-aa01-a4f2cd6793ec,CONFIRMED_APPLIED,FIRED_CONFIRMED,1,0,1,5026.440774,,0,0,,1
b3_intent_no_barrier-mid_dispatch-notifications-c3c553c0-r5,p30,B3_INTENT_NO_BARRIER,mid_dispatch,notifications,POSITIVE_ONLY_READBACK,CALLER_REFERENCE,148590cf-fe38-4037-b8f2-5c8f190e4bd2,CONFIRMED_APPLIED,FIRED_CONFIRMED,1,0,1,2035.637862,,0,0,,1
b3_intent_no_barrier-mid_dispatch-notifications-c3c553c0-r5,p30,B3_INTENT_NO_BARRIER,mid_dispatch,notifications,POSITIVE_ONLY_READBACK,CALLER_REFERENCE,c1ba3ed0-48df-4962-81a9-d8040c85c3aa,DECLARED_AMBIGUOUS,FIRED_UNCONFIRMED,0,1,0,,120694.0,0,0,,1
b3_intent_no_barrier-mid_dispatch-notifications-c3c553c0-r6,p30,B3_INTENT_NO_BARRIER,mid_dispatch,notifications,POSITIVE_ONLY_READBACK,CALLER_REFERENCE,98224802-1254-40b6-8df3-6f392b2cfae9,CONFIRMED_APPLIED,FIRED_CONFIRMED,1,0,1,2355.313374,,0,0,,0
b3_intent_no_barrier-mid_dispatch-notifications-c3c553c0-r6,p30,B3_INTENT_NO_BARRIER,mid_dispatch,notifications,POSITIVE_ONLY_READBACK,CALLER_REFERENCE,a0478705-f279-461e-88a0-f9cd520a378e,CONFIRMED_APPLIED,FIRED_CONFIRMED,1,0,1,2043.232149,,0,0,,0
b3_intent_no_barrier-mid_dispatch-notifications-c3c553c0-r6,p30,B3_INTENT_NO_BARRIER,mid_dispatch,notifications,POSITIVE_ONLY_READBACK,CALLER_REFERENCE,4d241098-53da-4618-b8e4-f19797a4a311,CONFIRMED_APPLIED,FIRED_CONFIRMED,1,0,1,2026.090606,,0,0,,0
b3_intent_no_barrier-mid_dispatch-notifications-c3c553c0-r6,p30,B3_INTENT_NO_BARRIER,mid_dispatch,notifications,POSITIVE_ONLY_READBACK,CALLER_REFERENCE,ee84aaae-9f99-4b68-bdf1-15cbee67e722,CONFIRMED_APPLIED,FIRED_CONFIRMED,1,0,1,2025.902195,,0,0,,0
b3_intent_no_barrier-mid_dispatch-notifications-c3c553c0-r6,p30,B3_INTENT_NO_BARRIER,mid_dispatch,notifications,POSITIVE_ONLY_READBACK,CALLER_REFERENCE,70c8ec0c-7f07-436c-ba1f-665fabc030e2,CONFIRMED_APPLIED,FIRED_CONFIRMED,1,0,1,2027.148212,,0,0,,0
b3_intent_no_barrier-mid_dispatch-notifications-c3c553c0-r6,p30,B3_INTENT_NO_BARRIER,mid_dispatch,notifications,POSITIVE_ONLY_READBACK,CALLER_REFERENCE,2e1d8675-d809-4ce4-813f-3f0da071b1fe,CONFIRMED_APPLIED,FIRED_CONFIRMED,1,0,1,2346.399751,,0,0,,1
b3_intent_no_barrier-mid_dispatch-notifications-c3c553c0-r6,p30,B3_INTENT_NO_BARRIER,mid_dispatch,notifications,POSITIVE_ONLY_READBACK,CALLER_REFERENCE,7221e580-25d5-45a4-a432-82a50587cf16,CONFIRMED_APPLIED,FIRED_CONFIRMED,1,0,1,5032.171314,,0,0,,1
b3_intent_no_barrier-mid_dispatch-notifications-c3c553c0-r6,p30,B3_INTENT_NO_BARRIER,mid_dispatch,notifications,POSITIVE_ONLY_READBACK,CALLER_REFERENCE,01bbd798-61d9-4f4d-834c-b30833e4d261,CONFIRMED_APPLIED,FIRED_CONFIRMED,1,1,0,,31251.0,0,0,,1
b3_intent_no_barrier-mid_dispatch-notifications-c3c553c0-r6,p30,B3_INTENT_NO_BARRIER,mid_dispatch,notifications,POSITIVE_ONLY_READBACK,CALLER_REFERENCE,d2be907b-c128-440a-b634-40013b7af29d,CONFIRMED_APPLIED,FIRED_CONFIRMED,1,1,0,,28798.0,0,0,,1
b3_intent_no_barrier-mid_dispatch-notifications-c3c553c0-r6,p30,B3_INTENT_NO_BARRIER,mid_dispatch,notifications,POSITIVE_ONLY_READBACK,CALLER_REFERENCE,88a62b4d-556d-4485-ac92-2cea9b27d2bf,CONFIRMED_APPLIED,FIRED_CONFIRMED,1,0,1,2270.07401,,0,0,,0
b3_intent_no_barrier-mid_dispatch-notifications-c3c553c0-r7,p30,B3_INTENT_NO_BARRIER,mid_dispatch,notifications,POSITIVE_ONLY_READBACK,CALLER_REFERENCE,ed53d7d9-2b53-4a10-a0e5-423759d01400,DECLARED_AMBIGUOUS,FIRED_UNCONFIRMED,0,1,0,,132506.0,0,0,,1
b3_intent_no_barrier-mid_dispatch-notifications-c3c553c0-r7,p30,B3_INTENT_NO_BARRIER,mid_dispatch,notifications,POSITIVE_ONLY_READBACK,CALLER_REFERENCE,29c6f464-a993-45db-8c42-e4140e29360f,CONFIRMED_APPLIED,FIRED_CONFIRMED,1,0,1,2530.039136,,0,0,,0
b3_intent_no_barrier-mid_dispatch-notifications-c3c553c0-r7,p30,B3_INTENT_NO_BARRIER,mid_dispatch,notifications,POSITIVE_ONLY_READBACK,CALLER_REFERENCE,11110193-6c93-493b-b7ad-4f53c7e86c7e,CONFIRMED_APPLIED,FIRED_CONFIRMED,1,0,1,2043.445668,,0,0,,0
b3_intent_no_barrier-mid_dispatch-notifications-c3c553c0-r7,p30,B3_INTENT_NO_BARRIER,mid_dispatch,notifications,POSITIVE_ONLY_READBACK,CALLER_REFERENCE,5fe4aee4-ef09-4787-9a4d-8941a4aab627,CONFIRMED_APPLIED,FIRED_CONFIRMED,1,0,1,2036.740528,,0,0,,0
b3_intent_no_barrier-mid_dispatch-notifications-c3c553c0-r7,p30,B3_INTENT_NO_BARRIER,mid_dispatch,notifications,POSITIVE_ONLY_READBACK,CALLER_REFERENCE,d0479638-679e-49de-88da-204d2c197c04,CONFIRMED_APPLIED,FIRED_CONFIRMED,1,0,1,2040.889453,,0,0,,0
b3_intent_no_barrier-mid_dispatch-notifications-c3c553c0-r7,p30,B3_INTENT_NO_BARRIER,mid_dispatch,notifications,POSITIVE_ONLY_READBACK,CALLER_REFERENCE,48151b32-34ff-454f-94a3-82a0b204618c,CONFIRMED_APPLIED,FIRED_CONFIRMED,1,0,1,2694.597042,,0,0,,1
b3_intent_no_barrier-mid_dispatch-notifications-c3c553c0-r7,p30,B3_INTENT_NO_BARRIER,mid_dispatch,notifications,POSITIVE_ONLY_READBACK,CALLER_REFERENCE,b6f31823-31b5-46ab-8032-3c5909acdf3d,CONFIRMED_APPLIED,FIRED_CONFIRMED,1,0,1,2042.172064,,0,0,,1
b3_intent_no_barrier-mid_dispatch-notifications-c3c553c0-r7,p30,B3_INTENT_NO_BARRIER,mid_dispatch,notifications,POSITIVE_ONLY_READBACK,CALLER_REFERENCE,ec94c862-0e81-4a1a-8dec-dd87746e0263,CONFIRMED_APPLIED,FIRED_CONFIRMED,1,1,0,,128637.0,0,0,,1
b3_intent_no_barrier-mid_dispatch-notifications-c3c553c0-r7,p30,B3_INTENT_NO_BARRIER,mid_dispatch,notifications,POSITIVE_ONLY_READBACK,CALLER_REFERENCE,bed90b76-da39-4f84-80e1-7eab70eb7c0e,DECLARED_AMBIGUOUS,FIRED_UNCONFIRMED,0,1,0,,124879.0,0,0,,1
b3_intent_no_barrier-mid_dispatch-notifications-c3c553c0-r7,p30,B3_INTENT_NO_BARRIER,mid_dispatch,notifications,POSITIVE_ONLY_READBACK,CALLER_REFERENCE,a6fe15bd-7453-4a5b-aa58-140d7d0b14c3,DECLARED_AMBIGUOUS,FIRED_UNCONFIRMED,0,1,0,,121412.0,0,0,,1
b3_intent_no_barrier-mid_dispatch-notifications-c3c553c0-r8,p30,B3_INTENT_NO_BARRIER,mid_dispatch,notifications,POSITIVE_ONLY_READBACK,CALLER_REFERENCE,6363beb4-8ad6-4227-8655-b9f9bb7a9b2d,CONFIRMED_APPLIED,FIRED_CONFIRMED,1,0,1,2734.082335,,0,0,,1
b3_intent_no_barrier-mid_dispatch-notifications-c3c553c0-r8,p30,B3_INTENT_NO_BARRIER,mid_dispatch,notifications,POSITIVE_ONLY_READBACK,CALLER_REFERENCE,6bc143dc-3c0d-4458-bf01-c0d94d2a5666,CONFIRMED_APPLIED,FIRED_CONFIRMED,1,0,1,2051.577481,,0,0,,1
b3_intent_no_barrier-mid_dispatch-notifications-c3c553c0-r8,p30,B3_INTENT_NO_BARRIER,mid_dispatch,notifications,POSITIVE_ONLY_READBACK,CALLER_REFERENCE,e3d03f3a-ddb3-473d-ac69-d65780c36d58,CONFIRMED_APPLIED,FIRED_CONFIRMED,1,1,0,,130888.0,0,0,,1
b3_intent_no_barrier-mid_dispatch-notifications-c3c553c0-r8,p30,B3_INTENT_NO_BARRIER,mid_dispatch,notifications,POSITIVE_ONLY_READBACK,CALLER_REFERENCE,97ffd718-1204-41f4-b74d-b1007dd3b2c0,DECLARED_AMBIGUOUS,FIRED_UNCONFIRMED,0,1,0,,127443.0,0,0,,1
b3_intent_no_barrier-mid_dispatch-notifications-c3c553c0-r8,p30,B3_INTENT_NO_BARRIER,mid_dispatch,notifications,POSITIVE_ONLY_READBACK,CALLER_REFERENCE,5a216f5a-544e-4b0e-b248-fb37fba228e5,CONFIRMED_APPLIED,FIRED_CONFIRMED,1,0,1,2531.374876,,0,0,,0
b3_intent_no_barrier-mid_dispatch-notifications-c3c553c0-r8,p30,B3_INTENT_NO_BARRIER,mid_dispatch,notifications,POSITIVE_ONLY_READBACK,CALLER_REFERENCE,630b9e40-9d1e-4eae-ad79-18fd28cafbfe,DECLARED_AMBIGUOUS,FIRED_UNCONFIRMED,0,1,0,,135664.0,0,0,,1
b3_intent_no_barrier-mid_dispatch-notifications-c3c553c0-r8,p30,B3_INTENT_NO_BARRIER,mid_dispatch,notifications,POSITIVE_ONLY_READBACK,CALLER_REFERENCE,b537bc4c-89f2-4b6c-94bb-8cdd73c1fc90,CONFIRMED_APPLIED,FIRED_CONFIRMED,1,0,1,2358.346638,,0,0,,1
b3_intent_no_barrier-mid_dispatch-notifications-c3c553c0-r8,p30,B3_INTENT_NO_BARRIER,mid_dispatch,notifications,POSITIVE_ONLY_READBACK,CALLER_REFERENCE,87ad0b2d-58fc-4589-899a-7a2666bd7a5d,CONFIRMED_APPLIED,FIRED_CONFIRMED,1,1,0,,129210.0,0,0,,1
b3_intent_no_barrier-mid_dispatch-notifications-c3c553c0-r8,p30,B3_INTENT_NO_BARRIER,mid_dispatch,notifications,POSITIVE_ONLY_READBACK,CALLER_REFERENCE,c569887f-8d53-4c6f-b5ee-2969fb0d4382,CONFIRMED_APPLIED,FIRED_CONFIRMED,1,0,1,2680.246852,,0,0,,1
b3_intent_no_barrier-mid_dispatch-notifications-c3c553c0-r8,p30,B3_INTENT_NO_BARRIER,mid_dispatch,notifications,POSITIVE_ONLY_READBACK,CALLER_REFERENCE,de55d5d2-9fb7-41e5-9711-8a7380ef6366,CONFIRMED_APPLIED,FIRED_CONFIRMED,1,1,0,,122128.0,0,0,,1
b3_intent_no_barrier-mid_dispatch-notifications-c3c553c0-r9,p30,B3_INTENT_NO_BARRIER,mid_dispatch,notifications,POSITIVE_ONLY_READBACK,CALLER_REFERENCE,9a481c93-4c0a-40a3-8678-9cefd36fdbad,DECLARED_AMBIGUOUS,FIRED_UNCONFIRMED,0,1,0,,135589.0,0,0,,1
b3_intent_no_barrier-mid_dispatch-notifications-c3c553c0-r9,p30,B3_INTENT_NO_BARRIER,mid_dispatch,notifications,POSITIVE_ONLY_READBACK,CALLER_REFERENCE,b22e9fff-f101-4b98-8c4a-611b7c992e84,CONFIRMED_APPLIED,FIRED_CONFIRMED,1,0,1,2463.322166,,0,0,,0
b3_intent_no_barrier-mid_dispatch-notifications-c3c553c0-r9,p30,B3_INTENT_NO_BARRIER,mid_dispatch,notifications,POSITIVE_ONLY_READBACK,CALLER_REFERENCE,44261279-5236-4ff5-bb1d-ca5c4141d907,CONFIRMED_APPLIED,FIRED_CONFIRMED,1,0,1,2025.741742,,0,0,,0
b3_intent_no_barrier-mid_dispatch-notifications-c3c553c0-r9,p30,B3_INTENT_NO_BARRIER,mid_dispatch,notifications,POSITIVE_ONLY_READBACK,CALLER_REFERENCE,a76b0e8c-b678-40fb-85d3-203c2a2ffbb5,CONFIRMED_APPLIED,FIRED_CONFIRMED,1,0,1,5023.579318,,0,0,,0
b3_intent_no_barrier-mid_dispatch-notifications-c3c553c0-r9,p30,B3_INTENT_NO_BARRIER,mid_dispatch,notifications,POSITIVE_ONLY_READBACK,CALLER_REFERENCE,33674126-80d4-4294-a1cf-623a01128cb5,CONFIRMED_APPLIED,FIRED_CONFIRMED,1,0,1,2030.005668,,0,0,,0
b3_intent_no_barrier-mid_dispatch-notifications-c3c553c0-r9,p30,B3_INTENT_NO_BARRIER,mid_dispatch,notifications,POSITIVE_ONLY_READBACK,CALLER_REFERENCE,ac6eece8-afc0-44ff-8e68-bbaa801f61e8,CONFIRMED_APPLIED,FIRED_CONFIRMED,1,0,1,2561.597589,,0,0,,1
b3_intent_no_barrier-mid_dispatch-notifications-c3c553c0-r9,p30,B3_INTENT_NO_BARRIER,mid_dispatch,notifications,POSITIVE_ONLY_READBACK,CALLER_REFERENCE,cb414df3-dad4-459c-820d-640b5a91fd9f,DECLARED_AMBIGUOUS,FIRED_UNCONFIRMED,0,0,1,2032.229047,,0,0,,1
b3_intent_no_barrier-mid_dispatch-notifications-c3c553c0-r9,p30,B3_INTENT_NO_BARRIER,mid_dispatch,notifications,POSITIVE_ONLY_READBACK,CALLER_REFERENCE,a6746fbb-c462-4fa0-b2f5-cb73a6f890c8,CONFIRMED_APPLIED,FIRED_CONFIRMED,1,0,1,2031.980879,,0,0,,1
b3_intent_no_barrier-mid_dispatch-notifications-c3c553c0-r9,p30,B3_INTENT_NO_BARRIER,mid_dispatch,notifications,POSITIVE_ONLY_READBACK,CALLER_REFERENCE,c214912e-868f-433f-94e7-8195c15a72b5,CONFIRMED_APPLIED,FIRED_CONFIRMED,1,0,1,2027.368969,,0,0,,1
b3_intent_no_barrier-mid_dispatch-notifications-c3c553c0-r9,p30,B3_INTENT_NO_BARRIER,mid_dispatch,notifications,POSITIVE_ONLY_READBACK,CALLER_REFERENCE,01bad9ed-5c54-44ea-9dcd-9e09793eb3a6,CONFIRMED_APPLIED,FIRED_CONFIRMED,1,1,0,,126972.0,0,0,,1
b3_intent_no_barrier-mid_dispatch-payments-ff856d1d-r0,p30,B3_INTENT_NO_BARRIER,mid_dispatch,payments,AUTHORITATIVE_READBACK,CALLER_REFERENCE,85378f1e-abfa-44a9-9f16-0c2bf67a3a53,CONFIRMED_APPLIED,FIRED_CONFIRMED,1,0,1,2609.218679,,0,0,,0
b3_intent_no_barrier-mid_dispatch-payments-ff856d1d-r0,p30,B3_INTENT_NO_BARRIER,mid_dispatch,payments,AUTHORITATIVE_READBACK,CALLER_REFERENCE,85d84db7-7773-474a-bb65-4617a1d611a1,CONFIRMED_APPLIED,FIRED_CONFIRMED,1,0,1,2042.618617,,0,0,,0
b3_intent_no_barrier-mid_dispatch-payments-ff856d1d-r0,p30,B3_INTENT_NO_BARRIER,mid_dispatch,payments,AUTHORITATIVE_READBACK,CALLER_REFERENCE,9ac414cd-13fc-4620-9fc6-b15c7e76a3be,CONFIRMED_APPLIED,FIRED_CONFIRMED,1,0,1,2052.861222,,0,0,,0
b3_intent_no_barrier-mid_dispatch-payments-ff856d1d-r0,p30,B3_INTENT_NO_BARRIER,mid_dispatch,payments,AUTHORITATIVE_READBACK,CALLER_REFERENCE,736758b2-6a43-4a32-b957-ae0bdb2d8c57,CONFIRMED_APPLIED,FIRED_CONFIRMED,1,0,1,2042.183751,,0,0,,0
b3_intent_no_barrier-mid_dispatch-payments-ff856d1d-r0,p30,B3_INTENT_NO_BARRIER,mid_dispatch,payments,AUTHORITATIVE_READBACK,CALLER_REFERENCE,67d6c04b-c857-414d-a108-9ce8725fa489,CONFIRMED_APPLIED,FIRED_CONFIRMED,1,0,1,5029.961288,,0,0,,0
b3_intent_no_barrier-mid_dispatch-payments-ff856d1d-r0,p30,B3_INTENT_NO_BARRIER,mid_dispatch,payments,AUTHORITATIVE_READBACK,CALLER_REFERENCE,b5c19c07-cd8a-4a03-97fd-c85662fcbc4a,CONFIRMED_NOT_APPLIED,FAILED_CONFIRMED,0,1,0,,45088.0,0,0,,1
b3_intent_no_barrier-mid_dispatch-payments-ff856d1d-r0,p30,B3_INTENT_NO_BARRIER,mid_dispatch,payments,AUTHORITATIVE_READBACK,CALLER_REFERENCE,864356b9-f92a-4e21-9552-796af989f7de,CONFIRMED_APPLIED,FIRED_CONFIRMED,1,0,1,2543.18814,,0,0,,1
b3_intent_no_barrier-mid_dispatch-payments-ff856d1d-r0,p30,B3_INTENT_NO_BARRIER,mid_dispatch,payments,AUTHORITATIVE_READBACK,CALLER_REFERENCE,7a93e9f9-a345-4d76-9a2a-f9a8b586e58a,CONFIRMED_APPLIED,FIRED_CONFIRMED,1,0,1,5031.886438,,0,0,,1
b3_intent_no_barrier-mid_dispatch-payments-ff856d1d-r0,p30,B3_INTENT_NO_BARRIER,mid_dispatch,payments,AUTHORITATIVE_READBACK,CALLER_REFERENCE,d7f505cb-5bc9-4234-974f-4cc3368a7c39,CONFIRMED_APPLIED,FIRED_CONFIRMED,1,0,1,5030.112873,,0,0,,1
b3_intent_no_barrier-mid_dispatch-payments-ff856d1d-r0,p30,B3_INTENT_NO_BARRIER,mid_dispatch,payments,AUTHORITATIVE_READBACK,CALLER_REFERENCE,b2b25acd-1236-4eeb-8aad-320ba5655824,CONFIRMED_APPLIED,FIRED_CONFIRMED,1,1,0,,28241.0,0,0,,1
b3_intent_no_barrier-mid_dispatch-payments-ff856d1d-r1,p30,B3_INTENT_NO_BARRIER,mid_dispatch,payments,AUTHORITATIVE_READBACK,CALLER_REFERENCE,f1a92ea3-51a4-46fb-8ba0-251b64e82318,CONFIRMED_APPLIED,FIRED_CONFIRMED,1,0,1,2485.467658,,0,0,,0
b3_intent_no_barrier-mid_dispatch-payments-ff856d1d-r1,p30,B3_INTENT_NO_BARRIER,mid_dispatch,payments,AUTHORITATIVE_READBACK,CALLER_REFERENCE,42624aa1-5204-4909-b804-d1eb30fde30d,CONFIRMED_NOT_APPLIED,FAILED_CONFIRMED,0,0,1,2030.927332,,0,0,,0
b3_intent_no_barrier-mid_dispatch-payments-ff856d1d-r1,p30,B3_INTENT_NO_BARRIER,mid_dispatch,payments,AUTHORITATIVE_READBACK,CALLER_REFERENCE,a0caa312-ffeb-46d7-bb3e-1da61ba4f7be,CONFIRMED_APPLIED,FIRED_CONFIRMED,1,0,1,2039.294445,,0,0,,0
b3_intent_no_barrier-mid_dispatch-payments-ff856d1d-r1,p30,B3_INTENT_NO_BARRIER,mid_dispatch,payments,AUTHORITATIVE_READBACK,CALLER_REFERENCE,183d4b13-1b65-4997-9c1f-ee91e882a497,CONFIRMED_APPLIED,FIRED_CONFIRMED,1,0,1,2033.178913,,0,0,,0
b3_intent_no_barrier-mid_dispatch-payments-ff856d1d-r1,p30,B3_INTENT_NO_BARRIER,mid_dispatch,payments,AUTHORITATIVE_READBACK,CALLER_REFERENCE,ddaa345b-baa6-4179-8d9c-7c30cba5525e,CONFIRMED_APPLIED,FIRED_CONFIRMED,1,0,1,2034.982845,,0,0,,0
b3_intent_no_barrier-mid_dispatch-payments-ff856d1d-r1,p30,B3_INTENT_NO_BARRIER,mid_dispatch,payments,AUTHORITATIVE_READBACK,CALLER_REFERENCE,4c46f72f-ed80-48f8-a43c-c9844362d930,CONFIRMED_APPLIED,FIRED_CONFIRMED,1,0,1,2498.928942,,0,0,,1
b3_intent_no_barrier-mid_dispatch-payments-ff856d1d-r1,p30,B3_INTENT_NO_BARRIER,mid_dispatch,payments,AUTHORITATIVE_READBACK,CALLER_REFERENCE,b392b095-c1c6-4992-80f0-82419a1abd78,CONFIRMED_APPLIED,FIRED_CONFIRMED,1,1,0,,25948.0,0,0,,1
b3_intent_no_barrier-mid_dispatch-payments-ff856d1d-r1,p30,B3_INTENT_NO_BARRIER,mid_dispatch,payments,AUTHORITATIVE_READBACK,CALLER_REFERENCE,1341c890-0b49-4dbb-8600-aed42d8c80c1,CONFIRMED_APPLIED,FIRED_CONFIRMED,1,0,1,2492.889572,,0,0,,0
b3_intent_no_barrier-mid_dispatch-payments-ff856d1d-r1,p30,B3_INTENT_NO_BARRIER,mid_dispatch,payments,AUTHORITATIVE_READBACK,CALLER_REFERENCE,99ff2346-24ae-4beb-bb40-f9f54c1a289c,CONFIRMED_APPLIED,FIRED_CONFIRMED,1,0,1,2036.616771,,0,0,,0
b3_intent_no_barrier-mid_dispatch-payments-ff856d1d-r1,p30,B3_INTENT_NO_BARRIER,mid_dispatch,payments,AUTHORITATIVE_READBACK,CALLER_REFERENCE,88528a7e-bf2a-4ec0-94f9-82783b93fbf0,CONFIRMED_APPLIED,FIRED_CONFIRMED,1,0,1,2035.906084,,0,0,,0
b3_intent_no_barrier-mid_dispatch-payments-ff856d1d-r10,p30,B3_INTENT_NO_BARRIER,mid_dispatch,payments,AUTHORITATIVE_READBACK,CALLER_REFERENCE,d2bdf558-0755-45be-875e-bba7d488e224,CONFIRMED_NOT_APPLIED,FAILED_CONFIRMED,0,1,0,,44244.0,0,0,,1
b3_intent_no_barrier-mid_dispatch-payments-ff856d1d-r10,p30,B3_INTENT_NO_BARRIER,mid_dispatch,payments,AUTHORITATIVE_READBACK,CALLER_REFERENCE,0d7891b3-15c2-4059-836b-4034feb013d7,CONFIRMED_NOT_APPLIED,FAILED_CONFIRMED,0,1,0,,39541.0,0,0,,1
b3_intent_no_barrier-mid_dispatch-payments-ff856d1d-r10,p30,B3_INTENT_NO_BARRIER,mid_dispatch,payments,AUTHORITATIVE_READBACK,CALLER_REFERENCE,d736ae8c-69ff-402e-aa51-791ed7792701,CONFIRMED_APPLIED,FIRED_CONFIRMED,1,0,1,2537.28398,,0,0,,1
b3_intent_no_barrier-mid_dispatch-payments-ff856d1d-r10,p30,B3_INTENT_NO_BARRIER,mid_dispatch,payments,AUTHORITATIVE_READBACK,CALLER_REFERENCE,0d42b8f5-77d6-47f2-a870-58bc4d801d08,CONFIRMED_APPLIED,FIRED_CONFIRMED,1,0,1,5027.870925,,0,0,,1
b3_intent_no_barrier-mid_dispatch-payments-ff856d1d-r10,p30,B3_INTENT_NO_BARRIER,mid_dispatch,payments,AUTHORITATIVE_READBACK,CALLER_REFERENCE,21b663d1-f446-4562-bbef-1393c5fe3af0,CONFIRMED_APPLIED,FIRED_CONFIRMED,1,1,0,,28193.0,0,0,,1
b3_intent_no_barrier-mid_dispatch-payments-ff856d1d-r10,p30,B3_INTENT_NO_BARRIER,mid_dispatch,payments,AUTHORITATIVE_READBACK,CALLER_REFERENCE,0a75c327-364f-4e0e-9a55-3ac7542b116f,CONFIRMED_NOT_APPLIED,FAILED_CONFIRMED,0,1,0,,45021.0,0,0,,1
b3_intent_no_barrier-mid_dispatch-payments-ff856d1d-r10,p30,B3_INTENT_NO_BARRIER,mid_dispatch,payments,AUTHORITATIVE_READBACK,CALLER_REFERENCE,bb4002fc-32d5-4a75-ae18-7d0a98473bc2,CONFIRMED_APPLIED,FIRED_CONFIRMED,1,0,1,2664.416995,,0,0,,1
b3_intent_no_barrier-mid_dispatch-payments-ff856d1d-r10,p30,B3_INTENT_NO_BARRIER,mid_dispatch,payments,AUTHORITATIVE_READBACK,CALLER_REFERENCE,68b40e78-a23c-4f3d-a70e-610eae535504,CONFIRMED_APPLIED,FIRED_CONFIRMED,1,1,0,,37676.0,0,0,,1
b3_intent_no_barrier-mid_dispatch-payments-ff856d1d-r10,p30,B3_INTENT_NO_BARRIER,mid_dispatch,payments,AUTHORITATIVE_READBACK,CALLER_REFERENCE,6ad5737f-830e-44fe-ae62-23362bb3c3eb,CONFIRMED_APPLIED,FIRED_CONFIRMED,1,0,1,2416.184995,,0,0,,0
b3_intent_no_barrier-mid_dispatch-payments-ff856d1d-r10,p30,B3_INTENT_NO_BARRIER,mid_dispatch,payments,AUTHORITATIVE_READBACK,CALLER_REFERENCE,1807d761-f517-4b58-a953-a32e6ab6e7c8,CONFIRMED_APPLIED,FIRED_CONFIRMED,1,0,1,2032.558044,,0,0,,0
b3_intent_no_barrier-mid_dispatch-payments-ff856d1d-r11,p30,B3_INTENT_NO_BARRIER,mid_dispatch,payments,AUTHORITATIVE_READBACK,CALLER_REFERENCE,2911c4a3-69b1-48e6-862a-eca53ba019dd,CONFIRMED_APPLIED,FIRED_CONFIRMED,1,0,1,2569.989028,,0,0,,1
b3_intent_no_barrier-mid_dispatch-payments-ff856d1d-r11,p30,B3_INTENT_NO_BARRIER,mid_dispatch,payments,AUTHORITATIVE_READBACK,CALLER_REFERENCE,753d7584-c84b-4483-a852-a1a64276cfe0,CONFIRMED_APPLIED,FIRED_CONFIRMED,1,0,1,2038.862055,,0,0,,1
b3_intent_no_barrier-mid_dispatch-payments-ff856d1d-r11,p30,B3_INTENT_NO_BARRIER,mid_dispatch,payments,AUTHORITATIVE_READBACK,CALLER_REFERENCE,5e63522e-f07a-47bd-a905-5cc2074ed28a,CONFIRMED_APPLIED,FIRED_CONFIRMED,1,0,1,2037.780273,,0,0,,1
b3_intent_no_barrier-mid_dispatch-payments-ff856d1d-r11,p30,B3_INTENT_NO_BARRIER,mid_dispatch,payments,AUTHORITATIVE_READBACK,CALLER_REFERENCE,14af335a-57e0-4768-9961-c7fa4b7a32d1,CONFIRMED_APPLIED,FIRED_CONFIRMED,1,0,1,2034.974072,,0,0,,1
b3_intent_no_barrier-mid_dispatch-payments-ff856d1d-r11,p30,B3_INTENT_NO_BARRIER,mid_dispatch,payments,AUTHORITATIVE_READBACK,CALLER_REFERENCE,8c923dc8-3eeb-4b87-b370-b90278046f8b,CONFIRMED_APPLIED,FIRED_CONFIRMED,1,1,0,,29809.0,0,0,,1
b3_intent_no_barrier-mid_dispatch-payments-ff856d1d-r11,p30,B3_INTENT_NO_BARRIER,mid_dispatch,payments,AUTHORITATIVE_READBACK,CALLER_REFERENCE,262a6848-d76f-4838-a07a-7fb611309012,CONFIRMED_NOT_APPLIED,FAILED_CONFIRMED,0,1,0,,38472.0,0,0,,1
b3_intent_no_barrier-mid_dispatch-payments-ff856d1d-r11,p30,B3_INTENT_NO_BARRIER,mid_dispatch,payments,AUTHORITATIVE_READBACK,CALLER_REFERENCE,1f013bab-79c9-4783-b50e-6a3ba4e51c00,CONFIRMED_APPLIED,FIRED_CONFIRMED,1,1,0,,34695.0,0,0,,1
b3_intent_no_barrier-mid_dispatch-payments-ff856d1d-r11,p30,B3_INTENT_NO_BARRIER,mid_dispatch,payments,AUTHORITATIVE_READBACK,CALLER_REFERENCE,05c98ab9-45a3-4810-bc79-3c5367dc2b6f,CONFIRMED_APPLIED,FIRED_CONFIRMED,1,0,1,2461.393776,,0,0,,0
b3_intent_no_barrier-mid_dispatch-payments-ff856d1d-r11,p30,B3_INTENT_NO_BARRIER,mid_dispatch,payments,AUTHORITATIVE_READBACK,CALLER_REFERENCE,a3c62997-cb92-4d6e-a2ec-ffb0a4c56fa2,CONFIRMED_APPLIED,FIRED_CONFIRMED,1,0,1,5027.54606,,0,0,,0
b3_intent_no_barrier-mid_dispatch-payments-ff856d1d-r11,p30,B3_INTENT_NO_BARRIER,mid_dispatch,payments,AUTHORITATIVE_READBACK,CALLER_REFERENCE,cc3a0799-6aef-417a-a369-b7bcd09104ea,CONFIRMED_APPLIED,FIRED_CONFIRMED,1,0,1,2032.28871,,0,0,,0
b3_intent_no_barrier-mid_dispatch-payments-ff856d1d-r12,p30,B3_INTENT_NO_BARRIER,mid_dispatch,payments,AUTHORITATIVE_READBACK,CALLER_REFERENCE,e9767c7c-7606-48fb-b903-17005c926bea,CONFIRMED_NOT_APPLIED,FAILED_CONFIRMED,0,0,1,2364.862942,,0,0,,
b3_intent_no_barrier-mid_dispatch-payments-ff856d1d-r12,p30,B3_INTENT_NO_BARRIER,mid_dispatch,payments,AUTHORITATIVE_READBACK,CALLER_REFERENCE,1394863b-4bc2-46cb-b792-357dd9416e97,CONFIRMED_APPLIED,FIRED_CONFIRMED,1,0,1,5023.12244,,0,0,,
b3_intent_no_barrier-mid_dispatch-payments-ff856d1d-r12,p30,B3_INTENT_NO_BARRIER,mid_dispatch,payments,AUTHORITATIVE_READBACK,CALLER_REFERENCE,74fdffe2-2246-4133-8699-c2fc5d159081,CONFIRMED_APPLIED,FIRED_CONFIRMED,1,0,1,2049.33564,,0,0,,
b3_intent_no_barrier-mid_dispatch-payments-ff856d1d-r12,p30,B3_INTENT_NO_BARRIER,mid_dispatch,payments,AUTHORITATIVE_READBACK,CALLER_REFERENCE,b3b1bb58-9443-4e0a-aeef-8b643ca61079,CONFIRMED_APPLIED,FIRED_CONFIRMED,1,0,1,2048.707727,,0,0,,
b3_intent_no_barrier-mid_dispatch-payments-ff856d1d-r12,p30,B3_INTENT_NO_BARRIER,mid_dispatch,payments,AUTHORITATIVE_READBACK,CALLER_REFERENCE,3fc38f9c-c6d8-4db9-be13-0c0e5eb0fbf1,CONFIRMED_APPLIED,FIRED_CONFIRMED,1,0,1,5028.913929,,0,0,,
b3_intent_no_barrier-mid_dispatch-payments-ff856d1d-r12,p30,B3_INTENT_NO_BARRIER,mid_dispatch,payments,AUTHORITATIVE_READBACK,CALLER_REFERENCE,f3cbd597-d00e-40b2-9e68-ac761d3586ed,CONFIRMED_APPLIED,FIRED_CONFIRMED,1,0,1,5360.757425,,0,0,,
b3_intent_no_barrier-mid_dispatch-payments-ff856d1d-r12,p30,B3_INTENT_NO_BARRIER,mid_dispatch,payments,AUTHORITATIVE_READBACK,CALLER_REFERENCE,9a248b04-37c9-4744-8e98-eeaccbb35ed1,CONFIRMED_APPLIED,FIRED_CONFIRMED,1,0,1,2035.89835,,0,0,,
b3_intent_no_barrier-mid_dispatch-payments-ff856d1d-r12,p30,B3_INTENT_NO_BARRIER,mid_dispatch,payments,AUTHORITATIVE_READBACK,CALLER_REFERENCE,215ba7a6-2485-4e67-9a45-3074dd78a8a4,CONFIRMED_APPLIED,FIRED_CONFIRMED,1,0,1,2067.170093,,0,0,,
b3_intent_no_barrier-mid_dispatch-payments-ff856d1d-r12,p30,B3_INTENT_NO_BARRIER,mid_dispatch,payments,AUTHORITATIVE_READBACK,CALLER_REFERENCE,1e03bcae-4207-48d4-a6c2-4bff8b6bfe0b,CONFIRMED_APPLIED,FIRED_CONFIRMED,1,0,1,2037.887136,,0,0,,
b3_intent_no_barrier-mid_dispatch-payments-ff856d1d-r12,p30,B3_INTENT_NO_BARRIER,mid_dispatch,payments,AUTHORITATIVE_READBACK,CALLER_REFERENCE,0c0ef854-d8a3-434b-94a9-c1b537b626dd,CONFIRMED_APPLIED,FIRED_CONFIRMED,1,0,1,2051.303448,,0,0,,
b3_intent_no_barrier-mid_dispatch-payments-ff856d1d-r13,p30,B3_INTENT_NO_BARRIER,mid_dispatch,payments,AUTHORITATIVE_READBACK,CALLER_REFERENCE,d778b4ec-58f3-4747-b82f-8087d6422aaf,CONFIRMED_NOT_APPLIED,FAILED_CONFIRMED,0,1,0,,37889.0,0,0,,1
b3_intent_no_barrier-mid_dispatch-payments-ff856d1d-r13,p30,B3_INTENT_NO_BARRIER,mid_dispatch,payments,AUTHORITATIVE_READBACK,CALLER_REFERENCE,9ff63f4d-fb83-4090-a872-23a6e4b9c030,CONFIRMED_APPLIED,FIRED_CONFIRMED,1,0,1,2646.862276,,0,0,,1
b3_intent_no_barrier-mid_dispatch-payments-ff856d1d-r13,p30,B3_INTENT_NO_BARRIER,mid_dispatch,payments,AUTHORITATIVE_READBACK,CALLER_REFERENCE,112df69b-a4da-4095-a73c-c45c6a4629d3,CONFIRMED_APPLIED,FIRED_CONFIRMED,1,0,1,2044.8421,,0,0,,1
b3_intent_no_barrier-mid_dispatch-payments-ff856d1d-r13,p30,B3_INTENT_NO_BARRIER,mid_dispatch,payments,AUTHORITATIVE_READBACK,CALLER_REFERENCE,15c44107-fbb6-4eb0-b8d8-2cdbaa07a09a,CONFIRMED_APPLIED,FIRED_CONFIRMED,1,1,0,,29037.0,0,0,,1
b3_intent_no_barrier-mid_dispatch-payments-ff856d1d-r13,p30,B3_INTENT_NO_BARRIER,mid_dispatch,payments,AUTHORITATIVE_READBACK,CALLER_REFERENCE,0b47f0b3-816f-4fdd-a246-2b09d7761aaf,CONFIRMED_APPLIED,FIRED_CONFIRMED,1,0,1,2371.59189,,0,0,,0
b3_intent_no_barrier-mid_dispatch-payments-ff856d1d-r13,p30,B3_INTENT_NO_BARRIER,mid_dispatch,payments,AUTHORITATIVE_READBACK,CALLER_REFERENCE,39baf15f-613c-42ff-a620-447868675c22,CONFIRMED_APPLIED,FIRED_CONFIRMED,1,0,1,2707.157191,,0,0,,1
b3_intent_no_barrier-mid_dispatch-payments-ff856d1d-r13,p30,B3_INTENT_NO_BARRIER,mid_dispatch,payments,AUTHORITATIVE_READBACK,CALLER_REFERENCE,0777944f-2f16-4bb1-92a8-c1ea263e8686,CONFIRMED_APPLIED,FIRED_CONFIRMED,1,1,0,,35913.0,0,0,,1
b3_intent_no_barrier-mid_dispatch-payments-ff856d1d-r13,p30,B3_INTENT_NO_BARRIER,mid_dispatch,payments,AUTHORITATIVE_READBACK,CALLER_REFERENCE,63165d86-867a-49e9-98a0-332ee33177ff,CONFIRMED_APPLIED,FIRED_CONFIRMED,1,0,1,2610.414851,,0,0,,0
b3_intent_no_barrier-mid_dispatch-payments-ff856d1d-r13,p30,B3_INTENT_NO_BARRIER,mid_dispatch,payments,AUTHORITATIVE_READBACK,CALLER_REFERENCE,01541a38-3dea-4361-aea0-48cfa2de74af,CONFIRMED_APPLIED,FIRED_CONFIRMED,1,0,1,2025.921344,,0,0,,0
b3_intent_no_barrier-mid_dispatch-payments-ff856d1d-r13,p30,B3_INTENT_NO_BARRIER,mid_dispatch,payments,AUTHORITATIVE_READBACK,CALLER_REFERENCE,19bb79a8-3a67-49a0-9c08-062756b59017,CONFIRMED_APPLIED,FIRED_CONFIRMED,1,0,1,2026.583566,,0,0,,0
b3_intent_no_barrier-mid_dispatch-payments-ff856d1d-r14,p30,B3_INTENT_NO_BARRIER,mid_dispatch,payments,AUTHORITATIVE_READBACK,CALLER_REFERENCE,d54f6b85-42f4-4f12-8662-94e34216c683,CONFIRMED_APPLIED,FIRED_CONFIRMED,1,0,1,2861.439298,,0,0,,1
b3_intent_no_barrier-mid_dispatch-payments-ff856d1d-r14,p30,B3_INTENT_NO_BARRIER,mid_dispatch,payments,AUTHORITATIVE_READBACK,CALLER_REFERENCE,bcdfe6e0-f1c0-49bd-a787-9031362099d8,CONFIRMED_APPLIED,FIRED_CONFIRMED,1,0,1,2052.446059,,0,0,,1
b3_intent_no_barrier-mid_dispatch-payments-ff856d1d-r14,p30,B3_INTENT_NO_BARRIER,mid_dispatch,payments,AUTHORITATIVE_READBACK,CALLER_REFERENCE,4aaee521-1f3d-4cac-a0f7-dc68893083ee,CONFIRMED_APPLIED,FIRED_CONFIRMED,1,1,0,,30528.0,0,0,,1
b3_intent_no_barrier-mid_dispatch-payments-ff856d1d-r14,p30,B3_INTENT_NO_BARRIER,mid_dispatch,payments,AUTHORITATIVE_READBACK,CALLER_REFERENCE,5e86dabe-857f-4d50-978d-7e0014f21dd0,CONFIRMED_APPLIED,FIRED_CONFIRMED,1,0,1,3168.779544,,0,0,,0
b3_intent_no_barrier-mid_dispatch-payments-ff856d1d-r14,p30,B3_INTENT_NO_BARRIER,mid_dispatch,payments,AUTHORITATIVE_READBACK,CALLER_REFERENCE,d5492cfc-3b9d-49c2-8feb-ff8da4dd009a,CONFIRMED_APPLIED,FIRED_CONFIRMED,1,0,1,2073.84825,,0,0,,0
b3_intent_no_barrier-mid_dispatch-payments-ff856d1d-r14,p30,B3_INTENT_NO_BARRIER,mid_dispatch,payments,AUTHORITATIVE_READBACK,CALLER_REFERENCE,9675c309-a005-4a97-9327-2919759ef994,CONFIRMED_NOT_APPLIED,FAILED_CONFIRMED,0,1,0,,35428.0,0,0,,1
b3_intent_no_barrier-mid_dispatch-payments-ff856d1d-r14,p30,B3_INTENT_NO_BARRIER,mid_dispatch,payments,AUTHORITATIVE_READBACK,CALLER_REFERENCE,7a276587-2ebc-4ca8-978f-2b753daa2fb1,CONFIRMED_NOT_APPLIED,FAILED_CONFIRMED,0,1,0,,29524.0,0,0,,1
b3_intent_no_barrier-mid_dispatch-payments-ff856d1d-r14,p30,B3_INTENT_NO_BARRIER,mid_dispatch,payments,AUTHORITATIVE_READBACK,CALLER_REFERENCE,ba1f333d-48e2-4983-9920-65336387fa01,CONFIRMED_APPLIED,FIRED_CONFIRMED,1,0,1,3155.685005,,0,0,,0
b3_intent_no_barrier-mid_dispatch-payments-ff856d1d-r14,p30,B3_INTENT_NO_BARRIER,mid_dispatch,payments,AUTHORITATIVE_READBACK,CALLER_REFERENCE,4d6c8a09-26e5-4b65-af46-918f18ea1111,CONFIRMED_APPLIED,FIRED_CONFIRMED,1,0,1,2056.672719,,0,0,,0
b3_intent_no_barrier-mid_dispatch-payments-ff856d1d-r14,p30,B3_INTENT_NO_BARRIER,mid_dispatch,payments,AUTHORITATIVE_READBACK,CALLER_REFERENCE,9abed7e1-ad68-454b-84ef-09acf2d780f5,CONFIRMED_APPLIED,FIRED_CONFIRMED,1,0,1,2047.288539,,0,0,,0
b3_intent_no_barrier-mid_dispatch-payments-ff856d1d-r2,p30,B3_INTENT_NO_BARRIER,mid_dispatch,payments,AUTHORITATIVE_READBACK,CALLER_REFERENCE,3aab6475-0a38-4753-ac1d-26281a39123f,CONFIRMED_APPLIED,FIRED_CONFIRMED,1,0,1,2318.61015,,0,0,,1
b3_intent_no_barrier-mid_dispatch-payments-ff856d1d-r2,p30,B3_INTENT_NO_BARRIER,mid_dispatch,payments,AUTHORITATIVE_READBACK,CALLER_REFERENCE,452e8404-dd94-492d-929f-792510f56f88,CONFIRMED_APPLIED,FIRED_CONFIRMED,1,0,1,2026.861677,,0,0,,1
b3_intent_no_barrier-mid_dispatch-payments-ff856d1d-r2,p30,B3_INTENT_NO_BARRIER,mid_dispatch,payments,AUTHORITATIVE_READBACK,CALLER_REFERENCE,9a00cb6b-42b5-4fd3-a200-767db22675df,CONFIRMED_APPLIED,FIRED_CONFIRMED,1,0,1,2027.137612,,0,0,,1
b3_intent_no_barrier-mid_dispatch-payments-ff856d1d-r2,p30,B3_INTENT_NO_BARRIER,mid_dispatch,payments,AUTHORITATIVE_READBACK,CALLER_REFERENCE,beebe8a6-3b5f-466e-9699-54864469d4f5,CONFIRMED_APPLIED,FIRED_CONFIRMED,1,1,0,,29530.0,0,0,,1
b3_intent_no_barrier-mid_dispatch-payments-ff856d1d-r2,p30,B3_INTENT_NO_BARRIER,mid_dispatch,payments,AUTHORITATIVE_READBACK,CALLER_REFERENCE,98a2c19b-6ebf-4a78-b9ea-8843a25f3280,CONFIRMED_APPLIED,FIRED_CONFIRMED,1,0,1,2279.892835,,0,0,,0
b3_intent_no_barrier-mid_dispatch-payments-ff856d1d-r2,p30,B3_INTENT_NO_BARRIER,mid_dispatch,payments,AUTHORITATIVE_READBACK,CALLER_REFERENCE,6deb8e6e-4840-416a-b01c-d4e451939296,CONFIRMED_APPLIED,FIRED_CONFIRMED,1,0,1,2362.814218,,0,0,,1
b3_intent_no_barrier-mid_dispatch-payments-ff856d1d-r2,p30,B3_INTENT_NO_BARRIER,mid_dispatch,payments,AUTHORITATIVE_READBACK,CALLER_REFERENCE,fe2a644b-a8de-4342-b2c0-9d36de264363,CONFIRMED_APPLIED,FIRED_CONFIRMED,1,0,1,2026.760847,,0,0,,1
b3_intent_no_barrier-mid_dispatch-payments-ff856d1d-r2,p30,B3_INTENT_NO_BARRIER,mid_dispatch,payments,AUTHORITATIVE_READBACK,CALLER_REFERENCE,28d7b6df-df72-463f-9cf1-5cf22825f8e5,CONFIRMED_NOT_APPLIED,FAILED_CONFIRMED,0,1,0,,31829.0,0,0,,1
b3_intent_no_barrier-mid_dispatch-payments-ff856d1d-r2,p30,B3_INTENT_NO_BARRIER,mid_dispatch,payments,AUTHORITATIVE_READBACK,CALLER_REFERENCE,467976b3-983e-4581-a7e1-64626466ceb5,CONFIRMED_APPLIED,FIRED_CONFIRMED,1,0,1,2352.837827,,0,0,,0
b3_intent_no_barrier-mid_dispatch-payments-ff856d1d-r2,p30,B3_INTENT_NO_BARRIER,mid_dispatch,payments,AUTHORITATIVE_READBACK,CALLER_REFERENCE,7a469bf9-fdf7-479a-af3c-486441aac2bf,CONFIRMED_APPLIED,FIRED_CONFIRMED,1,0,1,5024.253797,,0,0,,0
b3_intent_no_barrier-mid_dispatch-payments-ff856d1d-r3,p30,B3_INTENT_NO_BARRIER,mid_dispatch,payments,AUTHORITATIVE_READBACK,CALLER_REFERENCE,4aade206-e8cc-46ab-9eed-5dfec514f7fe,CONFIRMED_APPLIED,FIRED_CONFIRMED,1,0,1,2497.629485,,0,0,,0
b3_intent_no_barrier-mid_dispatch-payments-ff856d1d-r3,p30,B3_INTENT_NO_BARRIER,mid_dispatch,payments,AUTHORITATIVE_READBACK,CALLER_REFERENCE,45038e9e-0fd8-4550-be9d-8ad7edceb865,CONFIRMED_APPLIED,FIRED_CONFIRMED,1,0,1,2033.892861,,0,0,,0
b3_intent_no_barrier-mid_dispatch-payments-ff856d1d-r3,p30,B3_INTENT_NO_BARRIER,mid_dispatch,payments,AUTHORITATIVE_READBACK,CALLER_REFERENCE,eabbc86e-c67e-4ad9-a1de-10fa87f6667b,CONFIRMED_APPLIED,FIRED_CONFIRMED,1,0,1,2027.844584,,0,0,,0
b3_intent_no_barrier-mid_dispatch-payments-ff856d1d-r3,p30,B3_INTENT_NO_BARRIER,mid_dispatch,payments,AUTHORITATIVE_READBACK,CALLER_REFERENCE,a589e244-ed91-495e-a01f-941d9d5f8132,CONFIRMED_APPLIED,FIRED_CONFIRMED,1,0,1,2034.978752,,0,0,,0
b3_intent_no_barrier-mid_dispatch-payments-ff856d1d-r3,p30,B3_INTENT_NO_BARRIER,mid_dispatch,payments,AUTHORITATIVE_READBACK,CALLER_REFERENCE,dc48d5e6-aa32-4c7d-9588-ff2047d180ad,CONFIRMED_APPLIED,FIRED_CONFIRMED,1,0,1,2024.993898,,0,0,,0
b3_intent_no_barrier-mid_dispatch-payments-ff856d1d-r3,p30,B3_INTENT_NO_BARRIER,mid_dispatch,payments,AUTHORITATIVE_READBACK,CALLER_REFERENCE,12fbf3f8-f3c8-45e8-84ab-a4be7a8022fc,CONFIRMED_APPLIED,FIRED_CONFIRMED,1,0,1,5354.32784,,0,0,,1
b3_intent_no_barrier-mid_dispatch-payments-ff856d1d-r3,p30,B3_INTENT_NO_BARRIER,mid_dispatch,payments,AUTHORITATIVE_READBACK,CALLER_REFERENCE,db351667-fc9b-4128-970d-04f64ebe846e,CONFIRMED_NOT_APPLIED,FAILED_CONFIRMED,0,0,1,2024.834037,,0,0,,1
b3_intent_no_barrier-mid_dispatch-payments-ff856d1d-r3,p30,B3_INTENT_NO_BARRIER,mid_dispatch,payments,AUTHORITATIVE_READBACK,CALLER_REFERENCE,55c7db8a-2279-438e-950b-20be460cd2ff,CONFIRMED_APPLIED,FIRED_CONFIRMED,1,0,1,2025.181743,,0,0,,1
b3_intent_no_barrier-mid_dispatch-payments-ff856d1d-r3,p30,B3_INTENT_NO_BARRIER,mid_dispatch,payments,AUTHORITATIVE_READBACK,CALLER_REFERENCE,6de1a73a-78d8-48c4-a5ed-474e6e42b454,CONFIRMED_APPLIED,FIRED_CONFIRMED,1,0,1,2027.321508,,0,0,,1
b3_intent_no_barrier-mid_dispatch-payments-ff856d1d-r3,p30,B3_INTENT_NO_BARRIER,mid_dispatch,payments,AUTHORITATIVE_READBACK,CALLER_REFERENCE,d4603dea-0f99-4f52-a098-821c7b68d1b5,CONFIRMED_APPLIED,FIRED_CONFIRMED,1,1,0,,26160.0,0,0,,1
b3_intent_no_barrier-mid_dispatch-payments-ff856d1d-r4,p30,B3_INTENT_NO_BARRIER,mid_dispatch,payments,AUTHORITATIVE_READBACK,CALLER_REFERENCE,bf643c70-a3c9-426a-b7d3-3e123c619cd8,CONFIRMED_APPLIED,FIRED_CONFIRMED,1,0,1,2313.593656,,0,0,,1
b3_intent_no_barrier-mid_dispatch-payments-ff856d1d-r4,p30,B3_INTENT_NO_BARRIER,mid_dispatch,payments,AUTHORITATIVE_READBACK,CALLER_REFERENCE,e4bd1b21-d70f-4bc3-9ae4-39ba6a95df00,CONFIRMED_APPLIED,FIRED_CONFIRMED,1,1,0,,31700.0,0,0,,1
b3_intent_no_barrier-mid_dispatch-payments-ff856d1d-r4,p30,B3_INTENT_NO_BARRIER,mid_dispatch,payments,AUTHORITATIVE_READBACK,CALLER_REFERENCE,ce08c8d6-c923-4e76-b246-8d7764663fc9,CONFIRMED_APPLIED,FIRED_CONFIRMED,1,0,1,2367.654519,,0,0,,0
b3_intent_no_barrier-mid_dispatch-payments-ff856d1d-r4,p30,B3_INTENT_NO_BARRIER,mid_dispatch,payments,AUTHORITATIVE_READBACK,CALLER_REFERENCE,28da9ea5-b3ef-4e0e-af34-63e42a41222a,CONFIRMED_APPLIED,FIRED_CONFIRMED,1,0,1,2030.251469,,0,0,,0
b3_intent_no_barrier-mid_dispatch-payments-ff856d1d-r4,p30,B3_INTENT_NO_BARRIER,mid_dispatch,payments,AUTHORITATIVE_READBACK,CALLER_REFERENCE,66126cb9-7c50-4892-ae50-203a720c0b4e,CONFIRMED_APPLIED,FIRED_CONFIRMED,1,0,1,5021.398221,,0,0,,0
b3_intent_no_barrier-mid_dispatch-payments-ff856d1d-r4,p30,B3_INTENT_NO_BARRIER,mid_dispatch,payments,AUTHORITATIVE_READBACK,CALLER_REFERENCE,f5b025b0-180e-4d1b-a763-f14bdb3bfbc1,CONFIRMED_APPLIED,FIRED_CONFIRMED,1,1,0,,34008.0,0,0,,1
b3_intent_no_barrier-mid_dispatch-payments-ff856d1d-r4,p30,B3_INTENT_NO_BARRIER,mid_dispatch,payments,AUTHORITATIVE_READBACK,CALLER_REFERENCE,2ee38fa6-c073-4a73-801b-ffe05f3f683c,CONFIRMED_APPLIED,FIRED_CONFIRMED,1,0,1,2411.781803,,0,0,,1
b3_intent_no_barrier-mid_dispatch-payments-ff856d1d-r4,p30,B3_INTENT_NO_BARRIER,mid_dispatch,payments,AUTHORITATIVE_READBACK,CALLER_REFERENCE,1e98407f-3de3-46ad-b2a3-aaf268da2f99,CONFIRMED_APPLIED,FIRED_CONFIRMED,1,0,1,2035.062979,,0,0,,1
b3_intent_no_barrier-mid_dispatch-payments-ff856d1d-r4,p30,B3_INTENT_NO_BARRIER,mid_dispatch,payments,AUTHORITATIVE_READBACK,CALLER_REFERENCE,079e8c7a-e9b1-48c5-8831-7244ad305074,CONFIRMED_APPLIED,FIRED_CONFIRMED,1,1,0,,26845.0,0,0,,1
b3_intent_no_barrier-mid_dispatch-payments-ff856d1d-r4,p30,B3_INTENT_NO_BARRIER,mid_dispatch,payments,AUTHORITATIVE_READBACK,CALLER_REFERENCE,184f690e-313e-438e-8dc4-dcb71dd1c70e,CONFIRMED_NOT_APPLIED,FAILED_CONFIRMED,0,0,1,2374.518385,,0,0,,0
b3_intent_no_barrier-mid_dispatch-payments-ff856d1d-r5,p30,B3_INTENT_NO_BARRIER,mid_dispatch,payments,AUTHORITATIVE_READBACK,CALLER_REFERENCE,b68c185c-6c39-4edb-8393-2808f9f48fbe,CONFIRMED_APPLIED,FIRED_CONFIRMED,1,1,0,,37111.0,0,0,,1
b3_intent_no_barrier-mid_dispatch-payments-ff856d1d-r5,p30,B3_INTENT_NO_BARRIER,mid_dispatch,payments,AUTHORITATIVE_READBACK,CALLER_REFERENCE,05dd0eb9-fa63-4862-af1d-afe61f79e353,CONFIRMED_APPLIED,FIRED_CONFIRMED,1,0,1,5402.285512,,0,0,,1
b3_intent_no_barrier-mid_dispatch-payments-ff856d1d-r5,p30,B3_INTENT_NO_BARRIER,mid_dispatch,payments,AUTHORITATIVE_READBACK,CALLER_REFERENCE,18a6ad2c-d7e3-45d2-bef7-83dc839e5c09,CONFIRMED_APPLIED,FIRED_CONFIRMED,1,1,0,,28822.0,0,0,,1
b3_intent_no_barrier-mid_dispatch-payments-ff856d1d-r5,p30,B3_INTENT_NO_BARRIER,mid_dispatch,payments,AUTHORITATIVE_READBACK,CALLER_REFERENCE,1cfe9ee3-fafe-4f21-8929-c0a608ac6270,CONFIRMED_APPLIED,FIRED_CONFIRMED,1,0,1,2384.48434,,0,0,,0
b3_intent_no_barrier-mid_dispatch-payments-ff856d1d-r5,p30,B3_INTENT_NO_BARRIER,mid_dispatch,payments,AUTHORITATIVE_READBACK,CALLER_REFERENCE,0641aba5-936c-447a-80ca-e66c7ba45cc8,CONFIRMED_APPLIED,FIRED_CONFIRMED,1,0,1,2028.711121,,0,0,,0
b3_intent_no_barrier-mid_dispatch-payments-ff856d1d-r5,p30,B3_INTENT_NO_BARRIER,mid_dispatch,payments,AUTHORITATIVE_READBACK,CALLER_REFERENCE,9821c243-fa0e-4532-97cc-9cd3a3223574,CONFIRMED_APPLIED,FIRED_CONFIRMED,1,0,1,2451.158379,,0,0,,1
b3_intent_no_barrier-mid_dispatch-payments-ff856d1d-r5,p30,B3_INTENT_NO_BARRIER,mid_dispatch,payments,AUTHORITATIVE_READBACK,CALLER_REFERENCE,64652679-faf1-4fbd-8cad-f93d65846b26,CONFIRMED_APPLIED,FIRED_CONFIRMED,1,1,0,,35172.0,0,0,,1
b3_intent_no_barrier-mid_dispatch-payments-ff856d1d-r5,p30,B3_INTENT_NO_BARRIER,mid_dispatch,payments,AUTHORITATIVE_READBACK,CALLER_REFERENCE,88ed6da4-4e9e-4371-b64d-aee4e59e5553,CONFIRMED_APPLIED,FIRED_CONFIRMED,1,0,1,2270.135232,,0,0,,0
b3_intent_no_barrier-mid_dispatch-payments-ff856d1d-r5,p30,B3_INTENT_NO_BARRIER,mid_dispatch,payments,AUTHORITATIVE_READBACK,CALLER_REFERENCE,221ec6b9-d592-4040-9d52-790baf5128d8,CONFIRMED_APPLIED,FIRED_CONFIRMED,1,0,1,2026.542492,,0,0,,0
b3_intent_no_barrier-mid_dispatch-payments-ff856d1d-r5,p30,B3_INTENT_NO_BARRIER,mid_dispatch,payments,AUTHORITATIVE_READBACK,CALLER_REFERENCE,253cfacd-8833-4e75-b2c9-9266b66061e4,CONFIRMED_APPLIED,FIRED_CONFIRMED,1,0,1,2027.78186,,0,0,,0
b3_intent_no_barrier-mid_dispatch-payments-ff856d1d-r6,p30,B3_INTENT_NO_BARRIER,mid_dispatch,payments,AUTHORITATIVE_READBACK,CALLER_REFERENCE,9f273698-5a33-4592-85f6-a92d87b8b067,CONFIRMED_APPLIED,FIRED_CONFIRMED,1,0,1,2311.078126,,0,0,,1
b3_intent_no_barrier-mid_dispatch-payments-ff856d1d-r6,p30,B3_INTENT_NO_BARRIER,mid_dispatch,payments,AUTHORITATIVE_READBACK,CALLER_REFERENCE,55428296-c3ec-4762-81aa-a390175df83e,CONFIRMED_APPLIED,FIRED_CONFIRMED,1,0,1,2032.240505,,0,0,,1
b3_intent_no_barrier-mid_dispatch-payments-ff856d1d-r6,p30,B3_INTENT_NO_BARRIER,mid_dispatch,payments,AUTHORITATIVE_READBACK,CALLER_REFERENCE,771f4744-8487-4f04-bbc5-ce9ab6ecf01e,CONFIRMED_APPLIED,FIRED_CONFIRMED,1,0,1,2030.888382,,0,0,,1
b3_intent_no_barrier-mid_dispatch-payments-ff856d1d-r6,p30,B3_INTENT_NO_BARRIER,mid_dispatch,payments,AUTHORITATIVE_READBACK,CALLER_REFERENCE,e435b639-3ee9-40b0-b968-7486b34a68f3,CONFIRMED_APPLIED,FIRED_CONFIRMED,1,1,0,,31842.0,0,0,,1
b3_intent_no_barrier-mid_dispatch-payments-ff856d1d-r6,p30,B3_INTENT_NO_BARRIER,mid_dispatch,payments,AUTHORITATIVE_READBACK,CALLER_REFERENCE,21f8b37b-e88e-44eb-b2ee-4d11eaf0ae13,CONFIRMED_APPLIED,FIRED_CONFIRMED,1,1,0,,28953.0,0,0,,1
b3_intent_no_barrier-mid_dispatch-payments-ff856d1d-r6,p30,B3_INTENT_NO_BARRIER,mid_dispatch,payments,AUTHORITATIVE_READBACK,CALLER_REFERENCE,4c10b6f8-80ff-458d-95e5-4f3ef31bf291,CONFIRMED_APPLIED,FIRED_CONFIRMED,1,1,0,,38240.0,0,0,,1
b3_intent_no_barrier-mid_dispatch-payments-ff856d1d-r6,p30,B3_INTENT_NO_BARRIER,mid_dispatch,payments,AUTHORITATIVE_READBACK,CALLER_REFERENCE,1dbc569b-ea09-486e-b7d9-c1ac425e8f2d,CONFIRMED_APPLIED,FIRED_CONFIRMED,1,0,1,2316.018414,,0,0,,1
b3_intent_no_barrier-mid_dispatch-payments-ff856d1d-r6,p30,B3_INTENT_NO_BARRIER,mid_dispatch,payments,AUTHORITATIVE_READBACK,CALLER_REFERENCE,775cedfb-16c4-44ae-b1c8-51e6e8264044,CONFIRMED_NOT_APPLIED,FAILED_CONFIRMED,0,0,1,2021.427297,,0,0,,1
b3_intent_no_barrier-mid_dispatch-payments-ff856d1d-r6,p30,B3_INTENT_NO_BARRIER,mid_dispatch,payments,AUTHORITATIVE_READBACK,CALLER_REFERENCE,cb4c0e01-abf0-47b6-bfbf-a3826f699100,CONFIRMED_APPLIED,FIRED_CONFIRMED,1,1,0,,31217.0,0,0,,1
b3_intent_no_barrier-mid_dispatch-payments-ff856d1d-r6,p30,B3_INTENT_NO_BARRIER,mid_dispatch,payments,AUTHORITATIVE_READBACK,CALLER_REFERENCE,d3cfad59-082a-4de8-b28f-4cc5473a42e9,CONFIRMED_APPLIED,FIRED_CONFIRMED,1,1,0,,28178.0,0,0,,1
b3_intent_no_barrier-mid_dispatch-payments-ff856d1d-r7,p30,B3_INTENT_NO_BARRIER,mid_dispatch,payments,AUTHORITATIVE_READBACK,CALLER_REFERENCE,66ea3136-9792-430e-941b-d5743c753021,CONFIRMED_NOT_APPLIED,FAILED_CONFIRMED,0,1,0,,35722.0,0,0,,1
b3_intent_no_barrier-mid_dispatch-payments-ff856d1d-r7,p30,B3_INTENT_NO_BARRIER,mid_dispatch,payments,AUTHORITATIVE_READBACK,CALLER_REFERENCE,fd94673c-89f5-4624-9848-2c1a82b7ebec,CONFIRMED_APPLIED,FIRED_CONFIRMED,1,0,1,2512.605207,,0,0,,1
b3_intent_no_barrier-mid_dispatch-payments-ff856d1d-r7,p30,B3_INTENT_NO_BARRIER,mid_dispatch,payments,AUTHORITATIVE_READBACK,CALLER_REFERENCE,e8988ab1-49c7-4833-8a13-1c0b2be2e977,CONFIRMED_APPLIED,FIRED_CONFIRMED,1,0,1,2027.451003,,0,0,,1
b3_intent_no_barrier-mid_dispatch-payments-ff856d1d-r7,p30,B3_INTENT_NO_BARRIER,mid_dispatch,payments,AUTHORITATIVE_READBACK,CALLER_REFERENCE,5aac7daf-3e97-4fe5-b8cb-986e69bb0247,CONFIRMED_APPLIED,FIRED_CONFIRMED,1,1,0,,26460.0,0,0,,1
b3_intent_no_barrier-mid_dispatch-payments-ff856d1d-r7,p30,B3_INTENT_NO_BARRIER,mid_dispatch,payments,AUTHORITATIVE_READBACK,CALLER_REFERENCE,2f10e75d-31b7-4f90-a7a2-75faf9b6d9d3,CONFIRMED_APPLIED,FIRED_CONFIRMED,1,0,1,5456.962701,,0,0,,0
b3_intent_no_barrier-mid_dispatch-payments-ff856d1d-r7,p30,B3_INTENT_NO_BARRIER,mid_dispatch,payments,AUTHORITATIVE_READBACK,CALLER_REFERENCE,b1124315-8b37-4086-8135-5768e73148f4,CONFIRMED_NOT_APPLIED,FAILED_CONFIRMED,0,1,0,,36753.0,0,0,,1
b3_intent_no_barrier-mid_dispatch-payments-ff856d1d-r7,p30,B3_INTENT_NO_BARRIER,mid_dispatch,payments,AUTHORITATIVE_READBACK,CALLER_REFERENCE,268070cb-bb5a-44da-a051-1dc5d731aac4,CONFIRMED_APPLIED,FIRED_CONFIRMED,1,0,1,2669.362851,,0,0,,0
b3_intent_no_barrier-mid_dispatch-payments-ff856d1d-r7,p30,B3_INTENT_NO_BARRIER,mid_dispatch,payments,AUTHORITATIVE_READBACK,CALLER_REFERENCE,8e909fbe-6254-4bdd-b192-7cbef6b4c2a3,CONFIRMED_APPLIED,FIRED_CONFIRMED,1,0,1,2029.914634,,0,0,,0
b3_intent_no_barrier-mid_dispatch-payments-ff856d1d-r7,p30,B3_INTENT_NO_BARRIER,mid_dispatch,payments,AUTHORITATIVE_READBACK,CALLER_REFERENCE,fd8870fc-fe67-49d9-9a45-833b1849e4be,CONFIRMED_APPLIED,FIRED_CONFIRMED,1,0,1,2033.603387,,0,0,,0
b3_intent_no_barrier-mid_dispatch-payments-ff856d1d-r7,p30,B3_INTENT_NO_BARRIER,mid_dispatch,payments,AUTHORITATIVE_READBACK,CALLER_REFERENCE,04807e5a-84ed-47d9-b67f-d42f3a42faee,CONFIRMED_NOT_APPLIED,FAILED_CONFIRMED,0,0,1,2037.828204,,0,0,,0
b3_intent_no_barrier-mid_dispatch-payments-ff856d1d-r8,p30,B3_INTENT_NO_BARRIER,mid_dispatch,payments,AUTHORITATIVE_READBACK,CALLER_REFERENCE,7dee716d-dbe6-4d54-9276-8a86234e5463,CONFIRMED_APPLIED,FIRED_CONFIRMED,1,0,1,2575.703412,,0,0,,1
b3_intent_no_barrier-mid_dispatch-payments-ff856d1d-r8,p30,B3_INTENT_NO_BARRIER,mid_dispatch,payments,AUTHORITATIVE_READBACK,CALLER_REFERENCE,b5c398af-d870-4000-80d2-93a121c177b0,CONFIRMED_APPLIED,FIRED_CONFIRMED,1,0,1,2043.339939,,0,0,,1
b3_intent_no_barrier-mid_dispatch-payments-ff856d1d-r8,p30,B3_INTENT_NO_BARRIER,mid_dispatch,payments,AUTHORITATIVE_READBACK,CALLER_REFERENCE,f2a595fa-46fd-4981-9ce9-ec0d6e345b90,CONFIRMED_APPLIED,FIRED_CONFIRMED,1,0,1,2029.764236,,0,0,,1
b3_intent_no_barrier-mid_dispatch-payments-ff856d1d-r8,p30,B3_INTENT_NO_BARRIER,mid_dispatch,payments,AUTHORITATIVE_READBACK,CALLER_REFERENCE,730e5176-f8ce-471f-ab7d-50ca25fc3650,CONFIRMED_APPLIED,FIRED_CONFIRMED,1,0,1,2036.775172,,0,0,,1
b3_intent_no_barrier-mid_dispatch-payments-ff856d1d-r8,p30,B3_INTENT_NO_BARRIER,mid_dispatch,payments,AUTHORITATIVE_READBACK,CALLER_REFERENCE,653e1f56-16ec-45ec-ad49-c27a82b5ecd2,CONFIRMED_APPLIED,FIRED_CONFIRMED,1,1,0,,29235.0,0,0,,1
b3_intent_no_barrier-mid_dispatch-payments-ff856d1d-r8,p30,B3_INTENT_NO_BARRIER,mid_dispatch,payments,AUTHORITATIVE_READBACK,CALLER_REFERENCE,4b049ce7-6083-453e-90ae-4e11c18dab88,CONFIRMED_APPLIED,FIRED_CONFIRMED,1,0,1,2552.206691,,0,0,,1
b3_intent_no_barrier-mid_dispatch-payments-ff856d1d-r8,p30,B3_INTENT_NO_BARRIER,mid_dispatch,payments,AUTHORITATIVE_READBACK,CALLER_REFERENCE,d2dd59a2-d7a8-4ea6-8325-58ce2755319e,CONFIRMED_APPLIED,FIRED_CONFIRMED,1,0,1,2048.18632,,0,0,,1
b3_intent_no_barrier-mid_dispatch-payments-ff856d1d-r8,p30,B3_INTENT_NO_BARRIER,mid_dispatch,payments,AUTHORITATIVE_READBACK,CALLER_REFERENCE,43ecdfeb-d5fd-4c01-9388-8a142d31deb4,CONFIRMED_APPLIED,FIRED_CONFIRMED,1,0,1,2031.092209,,0,0,,1
b3_intent_no_barrier-mid_dispatch-payments-ff856d1d-r8,p30,B3_INTENT_NO_BARRIER,mid_dispatch,payments,AUTHORITATIVE_READBACK,CALLER_REFERENCE,05d887ad-0cff-4cf8-b300-c2d02ea100fc,CONFIRMED_APPLIED,FIRED_CONFIRMED,1,1,0,,31291.0,0,0,,1
b3_intent_no_barrier-mid_dispatch-payments-ff856d1d-r8,p30,B3_INTENT_NO_BARRIER,mid_dispatch,payments,AUTHORITATIVE_READBACK,CALLER_REFERENCE,9df75b53-3e51-4aee-bd36-a44eb7f9d22b,CONFIRMED_APPLIED,FIRED_CONFIRMED,1,1,0,,28184.0,0,0,,1
b3_intent_no_barrier-mid_dispatch-payments-ff856d1d-r9,p30,B3_INTENT_NO_BARRIER,mid_dispatch,payments,AUTHORITATIVE_READBACK,CALLER_REFERENCE,58aa3b74-b7c8-4315-b6a1-1ef6e09fcef4,CONFIRMED_APPLIED,FIRED_CONFIRMED,1,0,1,5495.822684,,0,0,,1
b3_intent_no_barrier-mid_dispatch-payments-ff856d1d-r9,p30,B3_INTENT_NO_BARRIER,mid_dispatch,payments,AUTHORITATIVE_READBACK,CALLER_REFERENCE,780e6347-fe03-432d-bdbd-872c839203e5,CONFIRMED_APPLIED,FIRED_CONFIRMED,1,1,0,,38506.0,0,0,,1
b3_intent_no_barrier-mid_dispatch-payments-ff856d1d-r9,p30,B3_INTENT_NO_BARRIER,mid_dispatch,payments,AUTHORITATIVE_READBACK,CALLER_REFERENCE,72e47a40-467d-4860-838f-1ccdbba62a4d,CONFIRMED_APPLIED,FIRED_CONFIRMED,1,0,1,2492.262322,,0,0,,1
b3_intent_no_barrier-mid_dispatch-payments-ff856d1d-r9,p30,B3_INTENT_NO_BARRIER,mid_dispatch,payments,AUTHORITATIVE_READBACK,CALLER_REFERENCE,1ba787f0-79a3-4fab-9335-0d187eca9d1a,CONFIRMED_APPLIED,FIRED_CONFIRMED,1,1,0,,32857.0,0,0,,1
b3_intent_no_barrier-mid_dispatch-payments-ff856d1d-r9,p30,B3_INTENT_NO_BARRIER,mid_dispatch,payments,AUTHORITATIVE_READBACK,CALLER_REFERENCE,1679b8e7-793f-4418-b328-c217096c9dbc,CONFIRMED_NOT_APPLIED,FAILED_CONFIRMED,0,1,0,,28521.0,0,0,,1
b3_intent_no_barrier-mid_dispatch-payments-ff856d1d-r9,p30,B3_INTENT_NO_BARRIER,mid_dispatch,payments,AUTHORITATIVE_READBACK,CALLER_REFERENCE,e11d6de3-93fe-4562-bdf4-a68f079369c1,CONFIRMED_APPLIED,FIRED_CONFIRMED,1,0,1,2543.010549,,0,0,,1
b3_intent_no_barrier-mid_dispatch-payments-ff856d1d-r9,p30,B3_INTENT_NO_BARRIER,mid_dispatch,payments,AUTHORITATIVE_READBACK,CALLER_REFERENCE,f912fb93-c1a4-41d4-b030-8e6a79bda12c,CONFIRMED_APPLIED,FIRED_CONFIRMED,1,0,1,5024.428377,,0,0,,1
b3_intent_no_barrier-mid_dispatch-payments-ff856d1d-r9,p30,B3_INTENT_NO_BARRIER,mid_dispatch,payments,AUTHORITATIVE_READBACK,CALLER_REFERENCE,fc4198c0-83a8-4121-8c6c-6ba4d9d41429,CONFIRMED_APPLIED,FIRED_CONFIRMED,1,1,0,,36432.0,0,0,,1
b3_intent_no_barrier-mid_dispatch-payments-ff856d1d-r9,p30,B3_INTENT_NO_BARRIER,mid_dispatch,payments,AUTHORITATIVE_READBACK,CALLER_REFERENCE,2f7e6b19-8c7d-4fa9-9388-8ce74bd6cbb5,CONFIRMED_NOT_APPLIED,FAILED_CONFIRMED,0,1,0,,32650.0,0,0,,1
b3_intent_no_barrier-mid_dispatch-payments-ff856d1d-r9,p30,B3_INTENT_NO_BARRIER,mid_dispatch,payments,AUTHORITATIVE_READBACK,CALLER_REFERENCE,d281dce1-1469-4bcf-a954-e92fbc582a66,CONFIRMED_APPLIED,FIRED_CONFIRMED,1,0,1,2542.860944,,0,0,,0
b4_durable_workflow-mid_dispatch-ledger_postings-d029ae2a-r0,p30,B4_DURABLE_WORKFLOW,mid_dispatch,ledger_postings,NO_READBACK,CALLER_REFERENCE,ccf4a4ad-2a4b-4fca-bcf0-e542520596d9,CONFIRMED_APPLIED,APPLIED,3,0,3,13982.385015,,1,0,,
b4_durable_workflow-mid_dispatch-ledger_postings-d029ae2a-r0,p30,B4_DURABLE_WORKFLOW,mid_dispatch,ledger_postings,NO_READBACK,CALLER_REFERENCE,a19f3279-1d43-4f78-b846-fc6de7a36a6f,CONFIRMED_APPLIED,APPLIED,1,0,1,4017.101702,,0,0,,
b4_durable_workflow-mid_dispatch-ledger_postings-d029ae2a-r0,p30,B4_DURABLE_WORKFLOW,mid_dispatch,ledger_postings,NO_READBACK,CALLER_REFERENCE,5192d5ed-448f-4013-a3cf-8309a3a82810,CONFIRMED_APPLIED,APPLIED,2,1,1,24183.569616,61723.0,1,0,,
b4_durable_workflow-mid_dispatch-ledger_postings-d029ae2a-r0,p30,B4_DURABLE_WORKFLOW,mid_dispatch,ledger_postings,NO_READBACK,CALLER_REFERENCE,ef6fa2db-5a1b-445e-82b8-997f8aaacb03,CONFIRMED_APPLIED,APPLIED,2,1,1,22795.644449,31747.0,1,0,,
b4_durable_workflow-mid_dispatch-ledger_postings-d029ae2a-r0,p30,B4_DURABLE_WORKFLOW,mid_dispatch,ledger_postings,NO_READBACK,CALLER_REFERENCE,fcd64af1-f6bd-4e43-a2bd-f2bf4cf5b719,CONFIRMED_APPLIED,APPLIED,1,0,1,4094.790986,,0,0,,
b4_durable_workflow-mid_dispatch-ledger_postings-d029ae2a-r0,p30,B4_DURABLE_WORKFLOW,mid_dispatch,ledger_postings,NO_READBACK,CALLER_REFERENCE,82e2140f-f95f-48b9-9352-c6a46561c66c,CONFIRMED_APPLIED,APPLIED,1,0,1,4042.941977,,0,0,,
b4_durable_workflow-mid_dispatch-ledger_postings-d029ae2a-r0,p30,B4_DURABLE_WORKFLOW,mid_dispatch,ledger_postings,NO_READBACK,CALLER_REFERENCE,a1684dc7-b007-4fb9-a8aa-5b8c8fe2590d,CONFIRMED_APPLIED,APPLIED,1,0,1,3921.461159,,0,0,,
b4_durable_workflow-mid_dispatch-ledger_postings-d029ae2a-r0,p30,B4_DURABLE_WORKFLOW,mid_dispatch,ledger_postings,NO_READBACK,CALLER_REFERENCE,b77bbc8c-d513-4e09-b4bb-ab99f4f60bef,CONFIRMED_APPLIED,APPLIED,1,0,1,4008.404044,,0,0,,
b4_durable_workflow-mid_dispatch-ledger_postings-d029ae2a-r0,p30,B4_DURABLE_WORKFLOW,mid_dispatch,ledger_postings,NO_READBACK,CALLER_REFERENCE,eea10404-aaaf-46d4-81c5-3e176ace6fe7,CONFIRMED_APPLIED,APPLIED,2,0,2,9044.541661,,1,0,,
b4_durable_workflow-mid_dispatch-ledger_postings-d029ae2a-r0,p30,B4_DURABLE_WORKFLOW,mid_dispatch,ledger_postings,NO_READBACK,CALLER_REFERENCE,7ddeb1f7-c8b1-4c0f-b235-f467e5918145,CONFIRMED_APPLIED,APPLIED,1,0,1,3820.453512,,0,0,,
b4_durable_workflow-mid_dispatch-ledger_postings-d029ae2a-r1,p30,B4_DURABLE_WORKFLOW,mid_dispatch,ledger_postings,NO_READBACK,CALLER_REFERENCE,652db829-dab2-4151-8188-f9e9b668940e,CONFIRMED_APPLIED,APPLIED,1,0,1,3633.753891,,0,0,,
b4_durable_workflow-mid_dispatch-ledger_postings-d029ae2a-r1,p30,B4_DURABLE_WORKFLOW,mid_dispatch,ledger_postings,NO_READBACK,CALLER_REFERENCE,31c531d5-6180-4342-9822-74c1e6e558f1,CONFIRMED_APPLIED,APPLIED,2,0,3,10943.223396,,1,0,,
b4_durable_workflow-mid_dispatch-ledger_postings-d029ae2a-r1,p30,B4_DURABLE_WORKFLOW,mid_dispatch,ledger_postings,NO_READBACK,CALLER_REFERENCE,a156fbda-f7e3-4d17-9a4a-6b939d17ec55,CONFIRMED_APPLIED,APPLIED,1,0,1,4023.407018,,0,0,,
b4_durable_workflow-mid_dispatch-ledger_postings-d029ae2a-r1,p30,B4_DURABLE_WORKFLOW,mid_dispatch,ledger_postings,NO_READBACK,CALLER_REFERENCE,97a87871-b872-4da3-b863-08c9ffbaed26,CONFIRMED_APPLIED,APPLIED,3,1,2,29455.154341,36810.0,1,0,,
b4_durable_workflow-mid_dispatch-ledger_postings-d029ae2a-r1,p30,B4_DURABLE_WORKFLOW,mid_dispatch,ledger_postings,NO_READBACK,CALLER_REFERENCE,5034dc8d-924a-4ce8-8fab-e1129a15c22d,CONFIRMED_APPLIED,APPLIED,1,0,1,4013.223731,,0,0,,
b4_durable_workflow-mid_dispatch-ledger_postings-d029ae2a-r1,p30,B4_DURABLE_WORKFLOW,mid_dispatch,ledger_postings,NO_READBACK,CALLER_REFERENCE,6f466e09-f745-4d5a-a092-99bfc2dbd08c,CONFIRMED_APPLIED,APPLIED,1,0,1,3634.269603,,0,0,,
b4_durable_workflow-mid_dispatch-ledger_postings-d029ae2a-r1,p30,B4_DURABLE_WORKFLOW,mid_dispatch,ledger_postings,NO_READBACK,CALLER_REFERENCE,07d13b97-c0af-480b-a8c8-22a7a2123ed5,CONFIRMED_APPLIED,APPLIED,1,0,1,4022.339798,,0,0,,
b4_durable_workflow-mid_dispatch-ledger_postings-d029ae2a-r1,p30,B4_DURABLE_WORKFLOW,mid_dispatch,ledger_postings,NO_READBACK,CALLER_REFERENCE,8a7dff45-a3f0-433e-9cc6-6d5425e2489b,CONFIRMED_APPLIED,APPLIED,2,1,1,24343.884714,47730.0,1,0,,
b4_durable_workflow-mid_dispatch-ledger_postings-d029ae2a-r1,p30,B4_DURABLE_WORKFLOW,mid_dispatch,ledger_postings,NO_READBACK,CALLER_REFERENCE,e2db52d4-6f6f-451e-9310-c272cc1d9165,CONFIRMED_APPLIED,APPLIED,1,0,2,5974.262227,,0,0,,
b4_durable_workflow-mid_dispatch-ledger_postings-d029ae2a-r1,p30,B4_DURABLE_WORKFLOW,mid_dispatch,ledger_postings,NO_READBACK,CALLER_REFERENCE,5fb040c8-debe-426e-8653-58089a6cfef5,CONFIRMED_APPLIED,APPLIED,1,0,1,4071.726606,,0,0,,
b4_durable_workflow-mid_dispatch-ledger_postings-d029ae2a-r10,p30,B4_DURABLE_WORKFLOW,mid_dispatch,ledger_postings,NO_READBACK,CALLER_REFERENCE,b33b02f6-6a0b-4a5f-acb8-4705d5f16e54,CONFIRMED_APPLIED,APPLIED,1,0,1,3264.472489,,0,0,,
b4_durable_workflow-mid_dispatch-ledger_postings-d029ae2a-r10,p30,B4_DURABLE_WORKFLOW,mid_dispatch,ledger_postings,NO_READBACK,CALLER_REFERENCE,76ccc247-4f5e-4ef5-aab0-96d3490f71cb,CONFIRMED_APPLIED,APPLIED,4,1,3,34746.744906,84840.0,1,0,,
b4_durable_workflow-mid_dispatch-ledger_postings-d029ae2a-r10,p30,B4_DURABLE_WORKFLOW,mid_dispatch,ledger_postings,NO_READBACK,CALLER_REFERENCE,69ee5fa8-17d7-41f9-975d-bea9113ed45f,CONFIRMED_APPLIED,APPLIED,4,1,3,33771.388487,45715.0,1,0,,
b4_durable_workflow-mid_dispatch-ledger_postings-d029ae2a-r10,p30,B4_DURABLE_WORKFLOW,mid_dispatch,ledger_postings,NO_READBACK,CALLER_REFERENCE,fb9eeafe-d5d6-4a68-8b6f-7051129eb54f,CONFIRMED_APPLIED,APPLIED,1,0,1,3919.39308,,0,0,,
b4_durable_workflow-mid_dispatch-ledger_postings-d029ae2a-r10,p30,B4_DURABLE_WORKFLOW,mid_dispatch,ledger_postings,NO_READBACK,CALLER_REFERENCE,1782eb98-0c71-466f-8c56-83714b5d3e3c,CONFIRMED_APPLIED,APPLIED,1,0,1,4016.665812,,0,0,,
b4_durable_workflow-mid_dispatch-ledger_postings-d029ae2a-r10,p30,B4_DURABLE_WORKFLOW,mid_dispatch,ledger_postings,NO_READBACK,CALLER_REFERENCE,2df837a1-b1e0-43b9-be8c-02f8ef442425,CONFIRMED_APPLIED,APPLIED,1,1,1,25500.849181,88664.0,0,0,,
b4_durable_workflow-mid_dispatch-ledger_postings-d029ae2a-r10,p30,B4_DURABLE_WORKFLOW,mid_dispatch,ledger_postings,NO_READBACK,CALLER_REFERENCE,dc3e5616-bd6d-481c-adeb-7d0c9359f353,CONFIRMED_APPLIED,APPLIED,1,0,1,3912.476622,,0,0,,
b4_durable_workflow-mid_dispatch-ledger_postings-d029ae2a-r10,p30,B4_DURABLE_WORKFLOW,mid_dispatch,ledger_postings,NO_READBACK,CALLER_REFERENCE,bb4a0a14-4ce4-4c4f-aa4b-e9deed46f2a4,CONFIRMED_APPLIED,APPLIED,1,0,1,3932.897137,,0,0,,
b4_durable_workflow-mid_dispatch-ledger_postings-d029ae2a-r10,p30,B4_DURABLE_WORKFLOW,mid_dispatch,ledger_postings,NO_READBACK,CALLER_REFERENCE,3aeb63da-9bc5-4780-bcd1-0f3034ad6b5f,CONFIRMED_APPLIED,APPLIED,1,0,1,4092.89331,,0,0,,
b4_durable_workflow-mid_dispatch-ledger_postings-d029ae2a-r10,p30,B4_DURABLE_WORKFLOW,mid_dispatch,ledger_postings,NO_READBACK,CALLER_REFERENCE,5651cead-b77f-40c1-be1e-ac14dbbcff81,CONFIRMED_APPLIED,APPLIED,2,1,1,24007.012802,46722.0,1,0,,
b4_durable_workflow-mid_dispatch-ledger_postings-d029ae2a-r11,p30,B4_DURABLE_WORKFLOW,mid_dispatch,ledger_postings,NO_READBACK,CALLER_REFERENCE,96f3f5fc-b585-4855-836c-ae76c78b2ea3,CONFIRMED_APPLIED,APPLIED,3,1,3,35107.167937,80635.0,1,0,,
b4_durable_workflow-mid_dispatch-ledger_postings-d029ae2a-r11,p30,B4_DURABLE_WORKFLOW,mid_dispatch,ledger_postings,NO_READBACK,CALLER_REFERENCE,4e719354-deab-4270-bf51-1c8cf11f4285,CONFIRMED_APPLIED,APPLIED,1,0,1,3812.744037,,0,0,,
b4_durable_workflow-mid_dispatch-ledger_postings-d029ae2a-r11,p30,B4_DURABLE_WORKFLOW,mid_dispatch,ledger_postings,NO_READBACK,CALLER_REFERENCE,a1df5374-b1f7-4990-a781-aecbc8774adb,CONFIRMED_APPLIED,APPLIED,1,0,2,6044.80945,,0,0,,
b4_durable_workflow-mid_dispatch-ledger_postings-d029ae2a-r11,p30,B4_DURABLE_WORKFLOW,mid_dispatch,ledger_postings,NO_READBACK,CALLER_REFERENCE,09126023-059b-4c0a-82d6-3934fe71c779,CONFIRMED_APPLIED,APPLIED,1,0,1,4013.629619,,0,0,,
b4_durable_workflow-mid_dispatch-ledger_postings-d029ae2a-r11,p30,B4_DURABLE_WORKFLOW,mid_dispatch,ledger_postings,NO_READBACK,CALLER_REFERENCE,f5149118-43e5-49b3-ab92-11a902a2ef77,CONFIRMED_APPLIED,APPLIED,2,1,1,23644.826933,27701.0,1,0,,
b4_durable_workflow-mid_dispatch-ledger_postings-d029ae2a-r11,p30,B4_DURABLE_WORKFLOW,mid_dispatch,ledger_postings,NO_READBACK,CALLER_REFERENCE,fe7104f3-b537-415b-a8c6-c2e8aad91316,CONFIRMED_APPLIED,APPLIED,2,1,1,25059.695752,80639.0,1,0,,
b4_durable_workflow-mid_dispatch-ledger_postings-d029ae2a-r11,p30,B4_DURABLE_WORKFLOW,mid_dispatch,ledger_postings,NO_READBACK,CALLER_REFERENCE,5e97fa13-170a-498d-9c0e-ae955282cda0,CONFIRMED_APPLIED,APPLIED,1,0,1,4018.323765,,0,0,,
b4_durable_workflow-mid_dispatch-ledger_postings-d029ae2a-r11,p30,B4_DURABLE_WORKFLOW,mid_dispatch,ledger_postings,NO_READBACK,CALLER_REFERENCE,3f3acff4-8944-4676-9b97-dfe1948533f7,CONFIRMED_APPLIED,APPLIED,1,0,1,4016.465881,,0,0,,
b4_durable_workflow-mid_dispatch-ledger_postings-d029ae2a-r11,p30,B4_DURABLE_WORKFLOW,mid_dispatch,ledger_postings,NO_READBACK,CALLER_REFERENCE,928a1e12-ff3e-4ea4-9c87-8b2d63773c9f,CONFIRMED_APPLIED,APPLIED,2,1,1,23036.832729,43626.0,1,0,,
b4_durable_workflow-mid_dispatch-ledger_postings-d029ae2a-r11,p30,B4_DURABLE_WORKFLOW,mid_dispatch,ledger_postings,NO_READBACK,CALLER_REFERENCE,fc0f96aa-b44b-46d5-b1cf-3874c99e4c53,CONFIRMED_APPLIED,APPLIED,1,0,1,3922.823278,,0,0,,
b4_durable_workflow-mid_dispatch-ledger_postings-d029ae2a-r12,p30,B4_DURABLE_WORKFLOW,mid_dispatch,ledger_postings,NO_READBACK,CALLER_REFERENCE,b95d5fc8-24b8-4971-a5e9-9e8665183e15,CONFIRMED_APPLIED,APPLIED,1,0,1,3580.659523,,0,0,,
b4_durable_workflow-mid_dispatch-ledger_postings-d029ae2a-r12,p30,B4_DURABLE_WORKFLOW,mid_dispatch,ledger_postings,NO_READBACK,CALLER_REFERENCE,c35a985d-76a0-4fcd-a41f-4b048c14cb62,CONFIRMED_APPLIED,APPLIED,1,0,1,4113.663208,,0,0,,
b4_durable_workflow-mid_dispatch-ledger_postings-d029ae2a-r12,p30,B4_DURABLE_WORKFLOW,mid_dispatch,ledger_postings,NO_READBACK,CALLER_REFERENCE,2221d36f-33ee-4382-95d6-9df60a4ea5c6,CONFIRMED_APPLIED,APPLIED,1,0,1,3919.415598,,0,0,,
b4_durable_workflow-mid_dispatch-ledger_postings-d029ae2a-r12,p30,B4_DURABLE_WORKFLOW,mid_dispatch,ledger_postings,NO_READBACK,CALLER_REFERENCE,f9f1171b-4596-4c1c-8334-d94717ef12d6,CONFIRMED_APPLIED,APPLIED,3,1,2,25435.571071,62791.0,1,0,,
b4_durable_workflow-mid_dispatch-ledger_postings-d029ae2a-r12,p30,B4_DURABLE_WORKFLOW,mid_dispatch,ledger_postings,NO_READBACK,CALLER_REFERENCE,63ddd5a1-ee49-4464-ba86-f7db407c2a5c,CONFIRMED_APPLIED,APPLIED,1,0,1,4018.457879,,0,0,,
b4_durable_workflow-mid_dispatch-ledger_postings-d029ae2a-r12,p30,B4_DURABLE_WORKFLOW,mid_dispatch,ledger_postings,NO_READBACK,CALLER_REFERENCE,7d7675fa-bba8-4f30-8d68-41d13b022d33,CONFIRMED_APPLIED,APPLIED,1,0,1,3580.058977,,0,0,,
b4_durable_workflow-mid_dispatch-ledger_postings-d029ae2a-r12,p30,B4_DURABLE_WORKFLOW,mid_dispatch,ledger_postings,NO_READBACK,CALLER_REFERENCE,e46e9fd4-1371-4233-b962-1aa0fdd14830,CONFIRMED_APPLIED,APPLIED,3,1,2,25988.084785,72665.0,1,0,,
b4_durable_workflow-mid_dispatch-ledger_postings-d029ae2a-r12,p30,B4_DURABLE_WORKFLOW,mid_dispatch,ledger_postings,NO_READBACK,CALLER_REFERENCE,ddad71f2-df24-4dfb-baba-7c8fd22da54f,CONFIRMED_APPLIED,APPLIED,2,1,1,24640.809721,37830.0,1,0,,
b4_durable_workflow-mid_dispatch-ledger_postings-d029ae2a-r12,p30,B4_DURABLE_WORKFLOW,mid_dispatch,ledger_postings,NO_READBACK,CALLER_REFERENCE,22988c7f-4d3d-434b-9b7e-764dbfb9f29a,CONFIRMED_APPLIED,APPLIED,1,0,1,4035.12299,,0,0,,
b4_durable_workflow-mid_dispatch-ledger_postings-d029ae2a-r12,p30,B4_DURABLE_WORKFLOW,mid_dispatch,ledger_postings,NO_READBACK,CALLER_REFERENCE,ac592877-29d1-469e-9f70-7af402efeb73,CONFIRMED_APPLIED,APPLIED,1,0,1,4089.487637,,0,0,,
b4_durable_workflow-mid_dispatch-ledger_postings-d029ae2a-r13,p30,B4_DURABLE_WORKFLOW,mid_dispatch,ledger_postings,NO_READBACK,CALLER_REFERENCE,ef0dcfdf-44ea-4154-9d0e-b2a2816d759d,CONFIRMED_APPLIED,APPLIED,1,1,1,27100.341785,74000.0,0,0,,
b4_durable_workflow-mid_dispatch-ledger_postings-d029ae2a-r13,p30,B4_DURABLE_WORKFLOW,mid_dispatch,ledger_postings,NO_READBACK,CALLER_REFERENCE,60c5b137-c650-4f59-afa3-1e1479f94f27,CONFIRMED_APPLIED,APPLIED,1,0,1,3960.422001,,0,0,,
b4_durable_workflow-mid_dispatch-ledger_postings-d029ae2a-r13,p30,B4_DURABLE_WORKFLOW,mid_dispatch,ledger_postings,NO_READBACK,CALLER_REFERENCE,8d84ab76-4842-4644-93fb-c24d5b4d4efe,CONFIRMED_APPLIED,APPLIED,2,1,1,10007.483239,35764.0,1,0,,
b4_durable_workflow-mid_dispatch-ledger_postings-d029ae2a-r13,p30,B4_DURABLE_WORKFLOW,mid_dispatch,ledger_postings,NO_READBACK,CALLER_REFERENCE,ee6c5c4e-7cb2-4da8-8534-914994e649eb,CONFIRMED_APPLIED,APPLIED,1,0,1,4108.644964,,0,0,,
b4_durable_workflow-mid_dispatch-ledger_postings-d029ae2a-r13,p30,B4_DURABLE_WORKFLOW,mid_dispatch,ledger_postings,NO_READBACK,CALLER_REFERENCE,cba28315-46f4-45bd-b6c6-298b01cc3908,CONFIRMED_APPLIED,APPLIED,1,0,1,4012.744259,,0,0,,
b4_durable_workflow-mid_dispatch-ledger_postings-d029ae2a-r13,p30,B4_DURABLE_WORKFLOW,mid_dispatch,ledger_postings,NO_READBACK,CALLER_REFERENCE,0d53947f-fb18-4a4d-ad78-acb5f2017929,CONFIRMED_APPLIED,APPLIED,1,1,1,27108.023678,74005.0,0,0,,
b4_durable_workflow-mid_dispatch-ledger_postings-d029ae2a-r13,p30,B4_DURABLE_WORKFLOW,mid_dispatch,ledger_postings,NO_READBACK,CALLER_REFERENCE,3305ff2a-f800-4aad-abdb-10c0f582b416,CONFIRMED_APPLIED,APPLIED,1,0,1,3954.089821,,0,0,,
b4_durable_workflow-mid_dispatch-ledger_postings-d029ae2a-r13,p30,B4_DURABLE_WORKFLOW,mid_dispatch,ledger_postings,NO_READBACK,CALLER_REFERENCE,8859a3d2-795f-4a40-84e5-bae672d8e6a1,CONFIRMED_APPLIED,APPLIED,1,0,1,4063.31876,,0,0,,
b4_durable_workflow-mid_dispatch-ledger_postings-d029ae2a-r13,p30,B4_DURABLE_WORKFLOW,mid_dispatch,ledger_postings,NO_READBACK,CALLER_REFERENCE,bce14343-5c12-4831-aee3-2fe3a8f808f0,CONFIRMED_APPLIED,APPLIED,1,0,1,3941.852393,,0,0,,
b4_durable_workflow-mid_dispatch-ledger_postings-d029ae2a-r13,p30,B4_DURABLE_WORKFLOW,mid_dispatch,ledger_postings,NO_READBACK,CALLER_REFERENCE,92185c7a-4dd6-4a47-bea2-2ab297be927c,CONFIRMED_APPLIED,APPLIED,1,0,1,3913.098665,,0,0,,
b4_durable_workflow-mid_dispatch-ledger_postings-d029ae2a-r14,p30,B4_DURABLE_WORKFLOW,mid_dispatch,ledger_postings,NO_READBACK,CALLER_REFERENCE,895d7b84-93e3-4937-ae42-e9f503772610,CONFIRMED_APPLIED,APPLIED,1,1,1,22447.963923,74759.0,0,0,,
b4_durable_workflow-mid_dispatch-ledger_postings-d029ae2a-r14,p30,B4_DURABLE_WORKFLOW,mid_dispatch,ledger_postings,NO_READBACK,CALLER_REFERENCE,c25c48bc-6372-47dd-bdf9-1ffc32779e66,CONFIRMED_APPLIED,APPLIED,1,0,1,4021.631173,,0,0,,
b4_durable_workflow-mid_dispatch-ledger_postings-d029ae2a-r14,p30,B4_DURABLE_WORKFLOW,mid_dispatch,ledger_postings,NO_READBACK,CALLER_REFERENCE,501f47e7-64a1-4c89-8ec8-a0177d6b1995,UNVERIFIED_FAILURE,SCHEDULED,0,0,0,,,0,0,,
b4_durable_workflow-mid_dispatch-ledger_postings-d029ae2a-r14,p30,B4_DURABLE_WORKFLOW,mid_dispatch,ledger_postings,NO_READBACK,CALLER_REFERENCE,57981ab5-8fad-46f8-a11e-57721c7b1c2c,CONFIRMED_APPLIED,APPLIED,1,0,1,3915.317629,,0,0,,
b4_durable_workflow-mid_dispatch-ledger_postings-d029ae2a-r14,p30,B4_DURABLE_WORKFLOW,mid_dispatch,ledger_postings,NO_READBACK,CALLER_REFERENCE,58fadcd4-4e43-4ac2-8da0-44173c3dda10,CONFIRMED_APPLIED,APPLIED,1,0,1,4012.675856,,0,0,,
b4_durable_workflow-mid_dispatch-ledger_postings-d029ae2a-r14,p30,B4_DURABLE_WORKFLOW,mid_dispatch,ledger_postings,NO_READBACK,CALLER_REFERENCE,26f86868-1a02-49b0-9a9b-48a679c305e1,CONFIRMED_APPLIED,APPLIED,1,0,2,5725.935901,,0,0,,
b4_durable_workflow-mid_dispatch-ledger_postings-d029ae2a-r14,p30,B4_DURABLE_WORKFLOW,mid_dispatch,ledger_postings,NO_READBACK,CALLER_REFERENCE,da5bf570-0f72-4234-a7a0-6d36d75a4c53,CONFIRMED_APPLIED,APPLIED,2,1,1,23946.356857,66777.0,1,0,,
b4_durable_workflow-mid_dispatch-ledger_postings-d029ae2a-r14,p30,B4_DURABLE_WORKFLOW,mid_dispatch,ledger_postings,NO_READBACK,CALLER_REFERENCE,393b36a2-204e-4344-8d62-12f0ebb6ff97,CONFIRMED_APPLIED,APPLIED,1,0,1,3913.540913,,0,0,,
b4_durable_workflow-mid_dispatch-ledger_postings-d029ae2a-r14,p30,B4_DURABLE_WORKFLOW,mid_dispatch,ledger_postings,NO_READBACK,CALLER_REFERENCE,b212fbed-720e-4f05-878e-8fa1cf5ce157,CONFIRMED_APPLIED,APPLIED,2,1,1,21451.042801,31812.0,1,0,,
b4_durable_workflow-mid_dispatch-ledger_postings-d029ae2a-r14,p30,B4_DURABLE_WORKFLOW,mid_dispatch,ledger_postings,NO_READBACK,CALLER_REFERENCE,04b7c138-124a-4596-9ebe-3916ac9aad68,CONFIRMED_APPLIED,APPLIED,1,0,1,4014.791971,,0,0,,
b4_durable_workflow-mid_dispatch-ledger_postings-d029ae2a-r2,p30,B4_DURABLE_WORKFLOW,mid_dispatch,ledger_postings,NO_READBACK,CALLER_REFERENCE,934df07f-594e-473e-975f-66ebac7d9492,CONFIRMED_APPLIED,APPLIED,2,1,1,24792.325878,78669.0,1,0,,
b4_durable_workflow-mid_dispatch-ledger_postings-d029ae2a-r2,p30,B4_DURABLE_WORKFLOW,mid_dispatch,ledger_postings,NO_READBACK,CALLER_REFERENCE,a12c639a-5098-4986-96ca-2cfa1c3eb21d,CONFIRMED_APPLIED,APPLIED,1,0,1,3949.762974,,0,0,,
b4_durable_workflow-mid_dispatch-ledger_postings-d029ae2a-r2,p30,B4_DURABLE_WORKFLOW,mid_dispatch,ledger_postings,NO_READBACK,CALLER_REFERENCE,20fe30ad-f2f1-4f58-b15d-2e7bafdd11d5,CONFIRMED_APPLIED,APPLIED,1,0,1,3985.271784,,0,0,,
b4_durable_workflow-mid_dispatch-ledger_postings-d029ae2a-r2,p30,B4_DURABLE_WORKFLOW,mid_dispatch,ledger_postings,NO_READBACK,CALLER_REFERENCE,58c7676f-d092-4058-b0c5-f03c142aab88,CONFIRMED_APPLIED,APPLIED,2,0,3,10957.12121,,1,0,,
b4_durable_workflow-mid_dispatch-ledger_postings-d029ae2a-r2,p30,B4_DURABLE_WORKFLOW,mid_dispatch,ledger_postings,NO_READBACK,CALLER_REFERENCE,09b521f9-ef2a-475e-ba6a-088d33a20440,CONFIRMED_APPLIED,APPLIED,1,0,1,4019.804714,,0,0,,
b4_durable_workflow-mid_dispatch-ledger_postings-d029ae2a-r2,p30,B4_DURABLE_WORKFLOW,mid_dispatch,ledger_postings,NO_READBACK,CALLER_REFERENCE,8824e0ea-f15c-4c2d-98ad-fdb6e5015249,CONFIRMED_APPLIED,APPLIED,2,1,1,24790.280562,78673.0,1,0,,
b4_durable_workflow-mid_dispatch-ledger_postings-d029ae2a-r2,p30,B4_DURABLE_WORKFLOW,mid_dispatch,ledger_postings,NO_READBACK,CALLER_REFERENCE,c38c5c5f-93a0-4faa-960a-c3a78cb8505e,CONFIRMED_APPLIED,APPLIED,3,1,2,30212.902051,49672.0,1,0,,
b4_durable_workflow-mid_dispatch-ledger_postings-d029ae2a-r2,p30,B4_DURABLE_WORKFLOW,mid_dispatch,ledger_postings,NO_READBACK,CALLER_REFERENCE,364a6f5e-0905-48aa-b9c0-0dac31fc46d9,CONFIRMED_APPLIED,APPLIED,1,0,1,4075.53017,,0,0,,
b4_durable_workflow-mid_dispatch-ledger_postings-d029ae2a-r2,p30,B4_DURABLE_WORKFLOW,mid_dispatch,ledger_postings,NO_READBACK,CALLER_REFERENCE,477a4226-d5f3-44b8-b857-57bd19f673ca,CONFIRMED_APPLIED,APPLIED,1,0,1,3913.608499,,0,0,,
b4_durable_workflow-mid_dispatch-ledger_postings-d029ae2a-r2,p30,B4_DURABLE_WORKFLOW,mid_dispatch,ledger_postings,NO_READBACK,CALLER_REFERENCE,3dec031f-ca62-4831-b2af-079e6d910d81,CONFIRMED_APPLIED,APPLIED,2,0,2,9028.607176,,1,0,,
b4_durable_workflow-mid_dispatch-ledger_postings-d029ae2a-r3,p30,B4_DURABLE_WORKFLOW,mid_dispatch,ledger_postings,NO_READBACK,CALLER_REFERENCE,ecb037c2-503e-487d-8fd6-ce981aef44bc,CONFIRMED_APPLIED,APPLIED,1,0,1,3931.352551,,0,0,,
b4_durable_workflow-mid_dispatch-ledger_postings-d029ae2a-r3,p30,B4_DURABLE_WORKFLOW,mid_dispatch,ledger_postings,NO_READBACK,CALLER_REFERENCE,c04c0a81-fe47-4892-ac76-378c3b2410b3,CONFIRMED_APPLIED,APPLIED,1,0,1,3914.724833,,0,0,,
b4_durable_workflow-mid_dispatch-ledger_postings-d029ae2a-r3,p30,B4_DURABLE_WORKFLOW,mid_dispatch,ledger_postings,NO_READBACK,CALLER_REFERENCE,81e36bc1-8a8b-4d0c-8926-aa01ac524cf3,CONFIRMED_APPLIED,APPLIED,1,0,1,4020.60819,,0,0,,
b4_durable_workflow-mid_dispatch-ledger_postings-d029ae2a-r3,p30,B4_DURABLE_WORKFLOW,mid_dispatch,ledger_postings,NO_READBACK,CALLER_REFERENCE,aea52c0f-a75c-4f48-8abe-de0c1b3a1aa5,CONFIRMED_APPLIED,APPLIED,1,0,1,3918.037979,,0,0,,
b4_durable_workflow-mid_dispatch-ledger_postings-d029ae2a-r3,p30,B4_DURABLE_WORKFLOW,mid_dispatch,ledger_postings,NO_READBACK,CALLER_REFERENCE,49d4bee6-f7c7-4b8c-b68e-298c236741c9,CONFIRMED_APPLIED,APPLIED,1,0,1,4022.955045,,0,0,,
b4_durable_workflow-mid_dispatch-ledger_postings-d029ae2a-r3,p30,B4_DURABLE_WORKFLOW,mid_dispatch,ledger_postings,NO_READBACK,CALLER_REFERENCE,b6c1fc7c-494f-4095-bff2-4c2bda0fe1fe,CONFIRMED_APPLIED,APPLIED,1,0,1,3931.583334,,0,0,,
b4_durable_workflow-mid_dispatch-ledger_postings-d029ae2a-r3,p30,B4_DURABLE_WORKFLOW,mid_dispatch,ledger_postings,NO_READBACK,CALLER_REFERENCE,62665640-0a40-4708-a02a-a94064945af7,CONFIRMED_APPLIED,APPLIED,2,1,1,25379.931583,64617.0,1,0,,
b4_durable_workflow-mid_dispatch-ledger_postings-d029ae2a-r3,p30,B4_DURABLE_WORKFLOW,mid_dispatch,ledger_postings,NO_READBACK,CALLER_REFERENCE,47f9156d-eaf8-49c9-9556-6bffe7f1154f,CONFIRMED_APPLIED,APPLIED,1,0,1,4088.918957,,0,0,,
b4_durable_workflow-mid_dispatch-ledger_postings-d029ae2a-r3,p30,B4_DURABLE_WORKFLOW,mid_dispatch,ledger_postings,NO_READBACK,CALLER_REFERENCE,bfc7459d-c3d2-47ca-b0ae-205a3cdb600a,CONFIRMED_APPLIED,APPLIED,1,0,1,4014.719835,,0,0,,
b4_durable_workflow-mid_dispatch-ledger_postings-d029ae2a-r3,p30,B4_DURABLE_WORKFLOW,mid_dispatch,ledger_postings,NO_READBACK,CALLER_REFERENCE,658c8c07-8346-4686-bbba-1bad7d842cbb,CONFIRMED_APPLIED,APPLIED,2,1,1,25310.12858,27603.0,1,0,,
b4_durable_workflow-mid_dispatch-ledger_postings-d029ae2a-r4,p30,B4_DURABLE_WORKFLOW,mid_dispatch,ledger_postings,NO_READBACK,CALLER_REFERENCE,cea1b51e-2668-49eb-bd16-63bec055c50e,CONFIRMED_APPLIED,APPLIED,2,1,1,25209.320552,73541.0,1,0,,
b4_durable_workflow-mid_dispatch-ledger_postings-d029ae2a-r4,p30,B4_DURABLE_WORKFLOW,mid_dispatch,ledger_postings,NO_READBACK,CALLER_REFERENCE,0d308a40-a669-4278-ace4-1109ed464b8b,CONFIRMED_APPLIED,APPLIED,1,0,1,4018.275759,,0,0,,
b4_durable_workflow-mid_dispatch-ledger_postings-d029ae2a-r4,p30,B4_DURABLE_WORKFLOW,mid_dispatch,ledger_postings,NO_READBACK,CALLER_REFERENCE,75e634ef-2205-4608-b846-a6f134f35f7e,CONFIRMED_APPLIED,APPLIED,1,0,1,3987.864224,,0,0,,
b4_durable_workflow-mid_dispatch-ledger_postings-d029ae2a-r4,p30,B4_DURABLE_WORKFLOW,mid_dispatch,ledger_postings,NO_READBACK,CALLER_REFERENCE,0bff6742-28bd-45d7-9705-74a0dd15bd41,CONFIRMED_APPLIED,APPLIED,2,1,1,25549.864029,36647.0,1,0,,
b4_durable_workflow-mid_dispatch-ledger_postings-d029ae2a-r4,p30,B4_DURABLE_WORKFLOW,mid_dispatch,ledger_postings,NO_READBACK,CALLER_REFERENCE,a8f60405-e31f-4514-ab76-bc8a28347b87,CONFIRMED_APPLIED,APPLIED,2,0,2,8819.294405,,1,0,,
b4_durable_workflow-mid_dispatch-ledger_postings-d029ae2a-r4,p30,B4_DURABLE_WORKFLOW,mid_dispatch,ledger_postings,NO_READBACK,CALLER_REFERENCE,7eccaf77-4b75-4f75-b6fb-c1d47b852d77,CONFIRMED_APPLIED,APPLIED,1,0,1,3496.064835,,0,0,,
b4_durable_workflow-mid_dispatch-ledger_postings-d029ae2a-r4,p30,B4_DURABLE_WORKFLOW,mid_dispatch,ledger_postings,NO_READBACK,CALLER_REFERENCE,7e3db47f-208e-43ca-b457-2dee195c305d,CONFIRMED_APPLIED,APPLIED,1,0,1,4108.525199,,0,0,,
b4_durable_workflow-mid_dispatch-ledger_postings-d029ae2a-r4,p30,B4_DURABLE_WORKFLOW,mid_dispatch,ledger_postings,NO_READBACK,CALLER_REFERENCE,aaeefe61-8f43-4811-b364-a5f791dcea3b,CONFIRMED_APPLIED,APPLIED,3,0,3,13907.703487,,1,0,,
b4_durable_workflow-mid_dispatch-ledger_postings-d029ae2a-r4,p30,B4_DURABLE_WORKFLOW,mid_dispatch,ledger_postings,NO_READBACK,CALLER_REFERENCE,31a0e30f-e785-479d-9424-decfd0764da2,CONFIRMED_APPLIED,APPLIED,2,1,1,25157.034672,51674.0,1,0,,
b4_durable_workflow-mid_dispatch-ledger_postings-d029ae2a-r4,p30,B4_DURABLE_WORKFLOW,mid_dispatch,ledger_postings,NO_READBACK,CALLER_REFERENCE,ba5afc65-9f94-472b-8d11-a5872100b396,CONFIRMED_APPLIED,APPLIED,1,0,1,4024.956638,,0,0,,
b4_durable_workflow-mid_dispatch-ledger_postings-d029ae2a-r5,p30,B4_DURABLE_WORKFLOW,mid_dispatch,ledger_postings,NO_READBACK,CALLER_REFERENCE,0dadb34a-5f6c-41f8-8fc8-7ffc0d0fab06,CONFIRMED_APPLIED,APPLIED,1,0,1,3798.851641,,0,0,,
b4_durable_workflow-mid_dispatch-ledger_postings-d029ae2a-r5,p30,B4_DURABLE_WORKFLOW,mid_dispatch,ledger_postings,NO_READBACK,CALLER_REFERENCE,62eb5715-b840-4939-869c-88215b052958,CONFIRMED_APPLIED,APPLIED,2,1,1,25481.280038,69804.0,1,0,,
b4_durable_workflow-mid_dispatch-ledger_postings-d029ae2a-r5,p30,B4_DURABLE_WORKFLOW,mid_dispatch,ledger_postings,NO_READBACK,CALLER_REFERENCE,9f7dd32f-a187-4b55-9651-29c3c134f738,CONFIRMED_APPLIED,APPLIED,2,1,1,25230.15271,40751.0,1,0,,
b4_durable_workflow-mid_dispatch-ledger_postings-d029ae2a-r5,p30,B4_DURABLE_WORKFLOW,mid_dispatch,ledger_postings,NO_READBACK,CALLER_REFERENCE,b4632e60-bbef-4c6a-8417-2b4eaaa4455d,CONFIRMED_APPLIED,APPLIED,2,0,2,9176.766419,,1,0,,
b4_durable_workflow-mid_dispatch-ledger_postings-d029ae2a-r5,p30,B4_DURABLE_WORKFLOW,mid_dispatch,ledger_postings,NO_READBACK,CALLER_REFERENCE,a37826b7-9792-474a-abb1-36e950d04df6,CONFIRMED_APPLIED,APPLIED,1,0,1,4016.974761,,0,0,,
b4_durable_workflow-mid_dispatch-ledger_postings-d029ae2a-r5,p30,B4_DURABLE_WORKFLOW,mid_dispatch,ledger_postings,NO_READBACK,CALLER_REFERENCE,6ff49fb4-49ad-4b31-8c9d-f9ca65ab8704,CONFIRMED_APPLIED,APPLIED,2,1,1,25334.413746,73725.0,1,0,,
b4_durable_workflow-mid_dispatch-ledger_postings-d029ae2a-r5,p30,B4_DURABLE_WORKFLOW,mid_dispatch,ledger_postings,NO_READBACK,CALLER_REFERENCE,22a6652d-27c0-493b-920c-9b024669971f,CONFIRMED_APPLIED,APPLIED,1,0,2,6124.263912,,0,0,,
b4_durable_workflow-mid_dispatch-ledger_postings-d029ae2a-r5,p30,B4_DURABLE_WORKFLOW,mid_dispatch,ledger_postings,NO_READBACK,CALLER_REFERENCE,88e5e14c-fe2f-42bc-98e9-d67bd834bd27,CONFIRMED_APPLIED,APPLIED,1,0,1,3917.266304,,0,0,,
b4_durable_workflow-mid_dispatch-ledger_postings-d029ae2a-r5,p30,B4_DURABLE_WORKFLOW,mid_dispatch,ledger_postings,NO_READBACK,CALLER_REFERENCE,a224c70f-6ff4-4b16-aaa6-0b7ab6d73d4a,CONFIRMED_APPLIED,APPLIED,1,0,1,3931.926191,,0,0,,
b4_durable_workflow-mid_dispatch-ledger_postings-d029ae2a-r5,p30,B4_DURABLE_WORKFLOW,mid_dispatch,ledger_postings,NO_READBACK,CALLER_REFERENCE,adf1c437-b13f-4f98-838b-022afb975968,CONFIRMED_APPLIED,APPLIED,1,0,1,4017.47321,,0,0,,
b4_durable_workflow-mid_dispatch-ledger_postings-d029ae2a-r6,p30,B4_DURABLE_WORKFLOW,mid_dispatch,ledger_postings,NO_READBACK,CALLER_REFERENCE,91ecd270-6049-4503-99db-abea337a6b4c,CONFIRMED_APPLIED,APPLIED,1,1,1,25410.857774,110651.0,0,0,,
b4_durable_workflow-mid_dispatch-ledger_postings-d029ae2a-r6,p30,B4_DURABLE_WORKFLOW,mid_dispatch,ledger_postings,NO_READBACK,CALLER_REFERENCE,bf46e3fc-e173-4881-bbfa-bb774b335e12,CONFIRMED_APPLIED,APPLIED,2,1,2,27489.403718,81635.0,1,0,,
b4_durable_workflow-mid_dispatch-ledger_postings-d029ae2a-r6,p30,B4_DURABLE_WORKFLOW,mid_dispatch,ledger_postings,NO_READBACK,CALLER_REFERENCE,6395d7f3-1065-4233-ae77-043a717e9f60,CONFIRMED_APPLIED,APPLIED,2,0,2,8932.075349,,1,0,,
b4_durable_workflow-mid_dispatch-ledger_postings-d029ae2a-r6,p30,B4_DURABLE_WORKFLOW,mid_dispatch,ledger_postings,NO_READBACK,CALLER_REFERENCE,822403ce-c6c9-416e-9ace-86210e1592eb,CONFIRMED_APPLIED,APPLIED,3,0,3,13962.902321,,1,0,,
b4_durable_workflow-mid_dispatch-ledger_postings-d029ae2a-r6,p30,B4_DURABLE_WORKFLOW,mid_dispatch,ledger_postings,NO_READBACK,CALLER_REFERENCE,4b956e25-6400-406c-a5e6-e429144a0067,CONFIRMED_APPLIED,APPLIED,2,1,1,25332.647665,27661.0,1,0,,
b4_durable_workflow-mid_dispatch-ledger_postings-d029ae2a-r6,p30,B4_DURABLE_WORKFLOW,mid_dispatch,ledger_postings,NO_READBACK,CALLER_REFERENCE,0d87c45c-6645-49bb-b93c-5863329e4733,CONFIRMED_APPLIED,APPLIED,1,0,1,3672.640087,,0,0,,
b4_durable_workflow-mid_dispatch-ledger_postings-d029ae2a-r6,p30,B4_DURABLE_WORKFLOW,mid_dispatch,ledger_postings,NO_READBACK,CALLER_REFERENCE,4ab1d8ad-e55f-4fae-990b-8ace32beb345,CONFIRMED_APPLIED,APPLIED,1,0,1,4081.819952,,0,0,,
b4_durable_workflow-mid_dispatch-ledger_postings-d029ae2a-r6,p30,B4_DURABLE_WORKFLOW,mid_dispatch,ledger_postings,NO_READBACK,CALLER_REFERENCE,f3212ceb-c7a0-450e-988e-bc7dffe6d4a2,CONFIRMED_APPLIED,APPLIED,2,1,1,25491.137865,102719.0,1,0,,
b4_durable_workflow-mid_dispatch-ledger_postings-d029ae2a-r6,p30,B4_DURABLE_WORKFLOW,mid_dispatch,ledger_postings,NO_READBACK,CALLER_REFERENCE,dc14bbaa-ef9e-4c82-a914-90b1eaa892b1,CONFIRMED_APPLIED,APPLIED,1,0,1,3941.396032,,0,0,,
b4_durable_workflow-mid_dispatch-ledger_postings-d029ae2a-r6,p30,B4_DURABLE_WORKFLOW,mid_dispatch,ledger_postings,NO_READBACK,CALLER_REFERENCE,376b4612-fb9e-493a-805d-c886b84256fd,CONFIRMED_APPLIED,APPLIED,1,0,1,4098.709871,,0,0,,
b4_durable_workflow-mid_dispatch-ledger_postings-d029ae2a-r7,p30,B4_DURABLE_WORKFLOW,mid_dispatch,ledger_postings,NO_READBACK,CALLER_REFERENCE,2f7fefcc-78b9-40f2-baaa-c43e808ab33a,CONFIRMED_APPLIED,APPLIED,2,1,1,24595.480404,98758.0,1,0,,
b4_durable_workflow-mid_dispatch-ledger_postings-d029ae2a-r7,p30,B4_DURABLE_WORKFLOW,mid_dispatch,ledger_postings,NO_READBACK,CALLER_REFERENCE,bd718c7f-7dfb-4f6f-afcd-341174b0c7b2,CONFIRMED_APPLIED,APPLIED,1,0,1,4073.075218,,0,0,,
b4_durable_workflow-mid_dispatch-ledger_postings-d029ae2a-r7,p30,B4_DURABLE_WORKFLOW,mid_dispatch,ledger_postings,NO_READBACK,CALLER_REFERENCE,4c2851ee-257d-4fb4-908e-03e72115c055,CONFIRMED_APPLIED,APPLIED,2,1,1,25029.166636,65815.0,1,0,,
b4_durable_workflow-mid_dispatch-ledger_postings-d029ae2a-r7,p30,B4_DURABLE_WORKFLOW,mid_dispatch,ledger_postings,NO_READBACK,CALLER_REFERENCE,dc30a1d3-e10a-4162-87bb-ce9e1fb1744a,CONFIRMED_APPLIED,APPLIED,3,1,2,30106.238785,36847.0,1,0,,
b4_durable_workflow-mid_dispatch-ledger_postings-d029ae2a-r7,p30,B4_DURABLE_WORKFLOW,mid_dispatch,ledger_postings,NO_READBACK,CALLER_REFERENCE,774c9b97-3c89-43fd-ab1d-a44cd5a38f00,CONFIRMED_APPLIED,APPLIED,1,0,1,4010.691229,,0,0,,
b4_durable_workflow-mid_dispatch-ledger_postings-d029ae2a-r7,p30,B4_DURABLE_WORKFLOW,mid_dispatch,ledger_postings,NO_READBACK,CALLER_REFERENCE,e37ce315-219f-444f-bb17-9771aca93d42,CONFIRMED_APPLIED,APPLIED,2,0,2,8952.058932,,1,0,,
b4_durable_workflow-mid_dispatch-ledger_postings-d029ae2a-r7,p30,B4_DURABLE_WORKFLOW,mid_dispatch,ledger_postings,NO_READBACK,CALLER_REFERENCE,6b8789d5-9618-4888-95b6-27f30369b032,CONFIRMED_APPLIED,APPLIED,1,0,1,3983.506079,,0,0,,
b4_durable_workflow-mid_dispatch-ledger_postings-d029ae2a-r7,p30,B4_DURABLE_WORKFLOW,mid_dispatch,ledger_postings,NO_READBACK,CALLER_REFERENCE,81f229c4-c7ec-45e1-a72d-c05a034b7303,CONFIRMED_APPLIED,APPLIED,2,0,3,10963.870078,,1,0,,
b4_durable_workflow-mid_dispatch-ledger_postings-d029ae2a-r7,p30,B4_DURABLE_WORKFLOW,mid_dispatch,ledger_postings,NO_READBACK,CALLER_REFERENCE,484bc6d6-b26d-4b98-b7ae-4399a084affb,CONFIRMED_APPLIED,APPLIED,2,1,1,24847.443725,74764.0,1,0,,
b4_durable_workflow-mid_dispatch-ledger_postings-d029ae2a-r7,p30,B4_DURABLE_WORKFLOW,mid_dispatch,ledger_postings,NO_READBACK,CALLER_REFERENCE,0919f3bc-d15b-4b31-a9cc-72891844831f,CONFIRMED_APPLIED,APPLIED,1,0,1,3972.121812,,0,0,,
b4_durable_workflow-mid_dispatch-ledger_postings-d029ae2a-r8,p30,B4_DURABLE_WORKFLOW,mid_dispatch,ledger_postings,NO_READBACK,CALLER_REFERENCE,268ebc93-70ac-439d-a741-82605710666c,CONFIRMED_APPLIED,APPLIED,1,0,1,3942.806412,,0,0,,
b4_durable_workflow-mid_dispatch-ledger_postings-d029ae2a-r8,p30,B4_DURABLE_WORKFLOW,mid_dispatch,ledger_postings,NO_READBACK,CALLER_REFERENCE,74fb24d7-2958-47bb-b772-40eef0927745,CONFIRMED_APPLIED,APPLIED,2,1,1,24933.880055,49691.0,1,0,,
b4_durable_workflow-mid_dispatch-ledger_postings-d029ae2a-r8,p30,B4_DURABLE_WORKFLOW,mid_dispatch,ledger_postings,NO_READBACK,CALLER_REFERENCE,bc820bfb-887d-4742-9983-91fded6499ec,CONFIRMED_APPLIED,APPLIED,2,0,2,9029.350491,,1,0,,
b4_durable_workflow-mid_dispatch-ledger_postings-d029ae2a-r8,p30,B4_DURABLE_WORKFLOW,mid_dispatch,ledger_postings,NO_READBACK,CALLER_REFERENCE,fc36b86f-8098-4af8-85d9-76627884665e,CONFIRMED_APPLIED,APPLIED,1,0,1,3833.585459,,0,0,,
b4_durable_workflow-mid_dispatch-ledger_postings-d029ae2a-r8,p30,B4_DURABLE_WORKFLOW,mid_dispatch,ledger_postings,NO_READBACK,CALLER_REFERENCE,36f72aef-1eea-4d13-a4de-ea845f140613,CONFIRMED_APPLIED,APPLIED,2,0,2,9125.222593,,1,0,,
b4_durable_workflow-mid_dispatch-ledger_postings-d029ae2a-r8,p30,B4_DURABLE_WORKFLOW,mid_dispatch,ledger_postings,NO_READBACK,CALLER_REFERENCE,006d8bcc-e3fb-4a59-82c0-6f83701c1ede,CONFIRMED_APPLIED,APPLIED,1,0,1,3943.666746,,0,0,,
b4_durable_workflow-mid_dispatch-ledger_postings-d029ae2a-r8,p30,B4_DURABLE_WORKFLOW,mid_dispatch,ledger_postings,NO_READBACK,CALLER_REFERENCE,ad7d4c18-cc12-4705-8f40-02d124a27c19,CONFIRMED_APPLIED,APPLIED,1,0,1,4011.24246,,0,0,,
b4_durable_workflow-mid_dispatch-ledger_postings-d029ae2a-r8,p30,B4_DURABLE_WORKFLOW,mid_dispatch,ledger_postings,NO_READBACK,CALLER_REFERENCE,9a663d64-82c2-47a5-b6be-7995b963cfd0,CONFIRMED_APPLIED,APPLIED,1,0,1,3794.765366,,0,0,,
b4_durable_workflow-mid_dispatch-ledger_postings-d029ae2a-r8,p30,B4_DURABLE_WORKFLOW,mid_dispatch,ledger_postings,NO_READBACK,CALLER_REFERENCE,fcd022b0-9dec-4ddd-b061-c179a955a613,CONFIRMED_APPLIED,APPLIED,1,0,1,4124.242735,,0,0,,
b4_durable_workflow-mid_dispatch-ledger_postings-d029ae2a-r8,p30,B4_DURABLE_WORKFLOW,mid_dispatch,ledger_postings,NO_READBACK,CALLER_REFERENCE,8640a310-c8a2-44cc-a52a-704061779060,CONFIRMED_APPLIED,APPLIED,1,0,1,3950.260495,,0,0,,
b4_durable_workflow-mid_dispatch-ledger_postings-d029ae2a-r9,p30,B4_DURABLE_WORKFLOW,mid_dispatch,ledger_postings,NO_READBACK,CALLER_REFERENCE,098afc6e-c9ad-465e-af9d-c9e885fe2541,CONFIRMED_APPLIED,APPLIED,1,0,1,3524.214971,,0,0,,
b4_durable_workflow-mid_dispatch-ledger_postings-d029ae2a-r9,p30,B4_DURABLE_WORKFLOW,mid_dispatch,ledger_postings,NO_READBACK,CALLER_REFERENCE,f5037510-3a61-405e-9a59-f1a6b147cac4,CONFIRMED_APPLIED,APPLIED,2,0,2,8932.966153,,1,0,,
b4_durable_workflow-mid_dispatch-ledger_postings-d029ae2a-r9,p30,B4_DURABLE_WORKFLOW,mid_dispatch,ledger_postings,NO_READBACK,CALLER_REFERENCE,7d515388-4f6e-4c29-9d68-b40cfb63fda9,CONFIRMED_APPLIED,APPLIED,2,1,1,25021.777009,61763.0,1,0,,
b4_durable_workflow-mid_dispatch-ledger_postings-d029ae2a-r9,p30,B4_DURABLE_WORKFLOW,mid_dispatch,ledger_postings,NO_READBACK,CALLER_REFERENCE,e524df08-c7b5-401c-ac7b-96b517ff9bef,CONFIRMED_APPLIED,APPLIED,1,0,1,3916.055653,,0,0,,
b4_durable_workflow-mid_dispatch-ledger_postings-d029ae2a-r9,p30,B4_DURABLE_WORKFLOW,mid_dispatch,ledger_postings,NO_READBACK,CALLER_REFERENCE,f7708cb5-b2d5-47f0-86bb-b9785bf7cb24,CONFIRMED_APPLIED,APPLIED,2,1,1,21893.898318,28909.0,1,0,,
b4_durable_workflow-mid_dispatch-ledger_postings-d029ae2a-r9,p30,B4_DURABLE_WORKFLOW,mid_dispatch,ledger_postings,NO_READBACK,CALLER_REFERENCE,6cf0ea36-43ed-45ba-8c1f-7a925f1a710e,CONFIRMED_APPLIED,APPLIED,1,0,1,3523.863719,,0,0,,
b4_durable_workflow-mid_dispatch-ledger_postings-d029ae2a-r9,p30,B4_DURABLE_WORKFLOW,mid_dispatch,ledger_postings,NO_READBACK,CALLER_REFERENCE,0675c5b4-bc2f-46e1-a665-ceb30d6980fa,CONFIRMED_APPLIED,APPLIED,1,0,1,4013.35758,,0,0,,
b4_durable_workflow-mid_dispatch-ledger_postings-d029ae2a-r9,p30,B4_DURABLE_WORKFLOW,mid_dispatch,ledger_postings,NO_READBACK,CALLER_REFERENCE,317807f6-4ed0-4069-9741-f24dec20e7a9,UNVERIFIED_FAILURE,FAILED,2,0,3,13863.267213,,1,1,,
b4_durable_workflow-mid_dispatch-ledger_postings-d029ae2a-r9,p30,B4_DURABLE_WORKFLOW,mid_dispatch,ledger_postings,NO_READBACK,CALLER_REFERENCE,cc91d429-7b08-4b36-9af7-bbea02f5396c,CONFIRMED_APPLIED,APPLIED,1,0,1,3921.712117,,0,0,,
b4_durable_workflow-mid_dispatch-ledger_postings-d029ae2a-r9,p30,B4_DURABLE_WORKFLOW,mid_dispatch,ledger_postings,NO_READBACK,CALLER_REFERENCE,e1e79048-b77a-442d-ae5f-da8bb492c263,CONFIRMED_APPLIED,APPLIED,1,0,1,4020.597393,,0,0,,
b4_durable_workflow-mid_dispatch-notifications-f0e7af7d-r0,p30,B4_DURABLE_WORKFLOW,mid_dispatch,notifications,POSITIVE_ONLY_READBACK,CALLER_REFERENCE,0336efbc-60ac-4277-900e-959cb95620c1,CONFIRMED_APPLIED,APPLIED,1,1,1,23563.436198,73227.0,0,0,,
b4_durable_workflow-mid_dispatch-notifications-f0e7af7d-r0,p30,B4_DURABLE_WORKFLOW,mid_dispatch,notifications,POSITIVE_ONLY_READBACK,CALLER_REFERENCE,71b88f9d-004e-49a3-b428-11f9872a70b2,CONFIRMED_APPLIED,APPLIED,1,0,1,4023.911967,,0,0,,
b4_durable_workflow-mid_dispatch-notifications-f0e7af7d-r0,p30,B4_DURABLE_WORKFLOW,mid_dispatch,notifications,POSITIVE_ONLY_READBACK,CALLER_REFERENCE,261f3553-02b2-437c-86c1-ebccfa5cc533,CONFIRMED_APPLIED,APPLIED,1,0,1,4114.468744,,0,0,,
b4_durable_workflow-mid_dispatch-notifications-f0e7af7d-r0,p30,B4_DURABLE_WORKFLOW,mid_dispatch,notifications,POSITIVE_ONLY_READBACK,CALLER_REFERENCE,46eea4ad-7f56-4b98-acef-e8b90204f6e7,CONFIRMED_APPLIED,APPLIED,1,0,1,3835.379367,,0,0,,
b4_durable_workflow-mid_dispatch-notifications-f0e7af7d-r0,p30,B4_DURABLE_WORKFLOW,mid_dispatch,notifications,POSITIVE_ONLY_READBACK,CALLER_REFERENCE,8045f6a5-cc14-42dd-940e-f2b9d192d53a,CONFIRMED_APPLIED,APPLIED,1,1,1,26800.261349,32339.0,0,0,,
b4_durable_workflow-mid_dispatch-notifications-f0e7af7d-r0,p30,B4_DURABLE_WORKFLOW,mid_dispatch,notifications,POSITIVE_ONLY_READBACK,CALLER_REFERENCE,3e4a7c26-8fe0-4994-a1bf-3b51a27bdb50,CONFIRMED_APPLIED,APPLIED,1,0,1,3706.923026,,0,0,,
b4_durable_workflow-mid_dispatch-notifications-f0e7af7d-r0,p30,B4_DURABLE_WORKFLOW,mid_dispatch,notifications,POSITIVE_ONLY_READBACK,CALLER_REFERENCE,dfb78ba8-59fd-483e-bdff-3c6bead4d9d8,CONFIRMED_APPLIED,APPLIED,1,0,1,4016.133476,,0,0,,
b4_durable_workflow-mid_dispatch-notifications-f0e7af7d-r0,p30,B4_DURABLE_WORKFLOW,mid_dispatch,notifications,POSITIVE_ONLY_READBACK,CALLER_REFERENCE,34cef494-1fd0-47d8-b0a4-2bf173fc7b53,CONFIRMED_APPLIED,APPLIED,2,1,1,23544.889741,65238.0,1,0,,
b4_durable_workflow-mid_dispatch-notifications-f0e7af7d-r0,p30,B4_DURABLE_WORKFLOW,mid_dispatch,notifications,POSITIVE_ONLY_READBACK,CALLER_REFERENCE,af661bf7-c777-48bb-97c0-7c84736e0d78,CONFIRMED_APPLIED,APPLIED,2,1,1,25382.713903,36238.0,1,0,,
b4_durable_workflow-mid_dispatch-notifications-f0e7af7d-r0,p30,B4_DURABLE_WORKFLOW,mid_dispatch,notifications,POSITIVE_ONLY_READBACK,CALLER_REFERENCE,da9daa8d-055e-45d1-959e-6becd5124d7f,CONFIRMED_APPLIED,APPLIED,1,0,1,4016.416724,,0,0,,
b4_durable_workflow-mid_dispatch-notifications-f0e7af7d-r1,p30,B4_DURABLE_WORKFLOW,mid_dispatch,notifications,POSITIVE_ONLY_READBACK,CALLER_REFERENCE,24c3c394-78cd-46a6-8d0b-a41bce35ab07,CONFIRMED_APPLIED,APPLIED,2,0,2,8596.639742,,1,0,,
b4_durable_workflow-mid_dispatch-notifications-f0e7af7d-r1,p30,B4_DURABLE_WORKFLOW,mid_dispatch,notifications,POSITIVE_ONLY_READBACK,CALLER_REFERENCE,c65e978b-95da-4f0c-b7d5-52490eaee4c8,CONFIRMED_APPLIED,APPLIED,1,0,1,4142.207476,,0,0,,
b4_durable_workflow-mid_dispatch-notifications-f0e7af7d-r1,p30,B4_DURABLE_WORKFLOW,mid_dispatch,notifications,POSITIVE_ONLY_READBACK,CALLER_REFERENCE,860e8f56-6284-4f0f-9a18-6aef263759d5,CONFIRMED_APPLIED,APPLIED,2,1,1,24112.986973,85571.0,1,0,,
b4_durable_workflow-mid_dispatch-notifications-f0e7af7d-r1,p30,B4_DURABLE_WORKFLOW,mid_dispatch,notifications,POSITIVE_ONLY_READBACK,CALLER_REFERENCE,a3e8a124-ad65-47a2-86eb-78bf4fec9f24,CONFIRMED_APPLIED,APPLIED,2,1,1,24451.007023,56559.0,1,0,,
b4_durable_workflow-mid_dispatch-notifications-f0e7af7d-r1,p30,B4_DURABLE_WORKFLOW,mid_dispatch,notifications,POSITIVE_ONLY_READBACK,CALLER_REFERENCE,816dd2aa-3700-4d5f-8492-c2af0d0ecf9e,CONFIRMED_APPLIED,APPLIED,2,1,1,24453.99989,27596.0,1,0,,
b4_durable_workflow-mid_dispatch-notifications-f0e7af7d-r1,p30,B4_DURABLE_WORKFLOW,mid_dispatch,notifications,POSITIVE_ONLY_READBACK,CALLER_REFERENCE,eb608fd7-cd27-4624-acb7-0bc3b6fc6258,CONFIRMED_APPLIED,APPLIED,1,0,1,3774.863387,,0,0,,
b4_durable_workflow-mid_dispatch-notifications-f0e7af7d-r1,p30,B4_DURABLE_WORKFLOW,mid_dispatch,notifications,POSITIVE_ONLY_READBACK,CALLER_REFERENCE,cad505c1-d5e4-46d5-b31a-ac92fb5aa186,CONFIRMED_APPLIED,APPLIED,2,0,2,8963.978612,,1,0,,
b4_durable_workflow-mid_dispatch-notifications-f0e7af7d-r1,p30,B4_DURABLE_WORKFLOW,mid_dispatch,notifications,POSITIVE_ONLY_READBACK,CALLER_REFERENCE,9195ae3b-38e7-412d-bbf4-d6e3de6baff7,CONFIRMED_APPLIED,APPLIED,1,0,1,4090.829844,,0,0,,
b4_durable_workflow-mid_dispatch-notifications-f0e7af7d-r1,p30,B4_DURABLE_WORKFLOW,mid_dispatch,notifications,POSITIVE_ONLY_READBACK,CALLER_REFERENCE,0e91e256-7c7f-4e26-8bcf-beed527daa99,CONFIRMED_APPLIED,APPLIED,1,0,1,3820.137844,,0,0,,
b4_durable_workflow-mid_dispatch-notifications-f0e7af7d-r1,p30,B4_DURABLE_WORKFLOW,mid_dispatch,notifications,POSITIVE_ONLY_READBACK,CALLER_REFERENCE,2fc6b9d5-7b8b-45ce-8d25-bc50226ab3b9,CONFIRMED_APPLIED,APPLIED,2,1,1,24506.511086,77693.0,1,0,,
b4_durable_workflow-mid_dispatch-notifications-f0e7af7d-r10,p30,B4_DURABLE_WORKFLOW,mid_dispatch,notifications,POSITIVE_ONLY_READBACK,CALLER_REFERENCE,77b87e36-160b-4d1b-941d-43f3f7115b7f,CONFIRMED_APPLIED,APPLIED,1,0,1,3808.921674,,0,0,,
b4_durable_workflow-mid_dispatch-notifications-f0e7af7d-r10,p30,B4_DURABLE_WORKFLOW,mid_dispatch,notifications,POSITIVE_ONLY_READBACK,CALLER_REFERENCE,343366ab-9213-4aa4-8bf3-aeb135242bf5,CONFIRMED_APPLIED,APPLIED,2,1,1,24931.127147,39600.0,1,0,,
b4_durable_workflow-mid_dispatch-notifications-f0e7af7d-r10,p30,B4_DURABLE_WORKFLOW,mid_dispatch,notifications,POSITIVE_ONLY_READBACK,CALLER_REFERENCE,08724540-9704-4af8-accc-c4beb6e35184,CONFIRMED_APPLIED,APPLIED,1,0,1,4014.733611,,0,0,,
b4_durable_workflow-mid_dispatch-notifications-f0e7af7d-r10,p30,B4_DURABLE_WORKFLOW,mid_dispatch,notifications,POSITIVE_ONLY_READBACK,CALLER_REFERENCE,606e66df-91be-4d5c-9e92-0c0b04104534,CONFIRMED_APPLIED,APPLIED,1,0,1,4012.971662,,0,0,,
b4_durable_workflow-mid_dispatch-notifications-f0e7af7d-r10,p30,B4_DURABLE_WORKFLOW,mid_dispatch,notifications,POSITIVE_ONLY_READBACK,CALLER_REFERENCE,21dce598-d9bd-4bf0-b4d7-0875d08d9e3a,CONFIRMED_APPLIED,APPLIED,1,0,1,3913.1039,,0,0,,
b4_durable_workflow-mid_dispatch-notifications-f0e7af7d-r10,p30,B4_DURABLE_WORKFLOW,mid_dispatch,notifications,POSITIVE_ONLY_READBACK,CALLER_REFERENCE,14b8abe0-8100-4282-8581-084f0c225650,CONFIRMED_APPLIED,APPLIED,1,0,1,3809.452717,,0,0,,
b4_durable_workflow-mid_dispatch-notifications-f0e7af7d-r10,p30,B4_DURABLE_WORKFLOW,mid_dispatch,notifications,POSITIVE_ONLY_READBACK,CALLER_REFERENCE,dbae6084-aed9-40da-b7dd-c6643207c5c6,CONFIRMED_APPLIED,APPLIED,2,0,2,8831.253629,,1,0,,
b4_durable_workflow-mid_dispatch-notifications-f0e7af7d-r10,p30,B4_DURABLE_WORKFLOW,mid_dispatch,notifications,POSITIVE_ONLY_READBACK,CALLER_REFERENCE,cee346ef-d237-4f2b-9bfc-3626cfe62e11,CONFIRMED_APPLIED,APPLIED,2,0,2,9047.613156,,1,0,,
b4_durable_workflow-mid_dispatch-notifications-f0e7af7d-r10,p30,B4_DURABLE_WORKFLOW,mid_dispatch,notifications,POSITIVE_ONLY_READBACK,CALLER_REFERENCE,3271473a-1165-4c95-82ae-1a3b3c8d47a1,CONFIRMED_APPLIED,APPLIED,1,0,2,5980.072145,,0,0,,
b4_durable_workflow-mid_dispatch-notifications-f0e7af7d-r10,p30,B4_DURABLE_WORKFLOW,mid_dispatch,notifications,POSITIVE_ONLY_READBACK,CALLER_REFERENCE,802ef485-acd4-4f2a-9a90-941af8eb5f3c,CONFIRMED_APPLIED,APPLIED,1,0,1,4072.467262,,0,0,,
b4_durable_workflow-mid_dispatch-notifications-f0e7af7d-r11,p30,B4_DURABLE_WORKFLOW,mid_dispatch,notifications,POSITIVE_ONLY_READBACK,CALLER_REFERENCE,ce0fe164-ff97-4f8f-8a31-24223218672e,CONFIRMED_APPLIED,APPLIED,1,0,1,3446.499118,,0,0,,
b4_durable_workflow-mid_dispatch-notifications-f0e7af7d-r11,p30,B4_DURABLE_WORKFLOW,mid_dispatch,notifications,POSITIVE_ONLY_READBACK,CALLER_REFERENCE,1f598c59-c412-41cd-9b2f-5ec868f71773,CONFIRMED_APPLIED,APPLIED,1,0,1,4192.292234,,0,0,,
b4_durable_workflow-mid_dispatch-notifications-f0e7af7d-r11,p30,B4_DURABLE_WORKFLOW,mid_dispatch,notifications,POSITIVE_ONLY_READBACK,CALLER_REFERENCE,674fe047-d162-485e-af08-e9fd0b49620b,CONFIRMED_APPLIED,APPLIED,1,0,1,3920.903584,,0,0,,
b4_durable_workflow-mid_dispatch-notifications-f0e7af7d-r11,p30,B4_DURABLE_WORKFLOW,mid_dispatch,notifications,POSITIVE_ONLY_READBACK,CALLER_REFERENCE,a3b71cf6-0d08-419f-9f90-961e93218f26,CONFIRMED_APPLIED,APPLIED,2,1,1,23401.866294,31780.0,1,0,,
b4_durable_workflow-mid_dispatch-notifications-f0e7af7d-r11,p30,B4_DURABLE_WORKFLOW,mid_dispatch,notifications,POSITIVE_ONLY_READBACK,CALLER_REFERENCE,1a1bf4fa-2409-4388-ab2a-fd5930db3d5e,CONFIRMED_APPLIED,APPLIED,1,0,1,4200.782248,,0,0,,
b4_durable_workflow-mid_dispatch-notifications-f0e7af7d-r11,p30,B4_DURABLE_WORKFLOW,mid_dispatch,notifications,POSITIVE_ONLY_READBACK,CALLER_REFERENCE,08cea596-875d-4aee-af05-008d5bc4d0a5,CONFIRMED_APPLIED,APPLIED,1,0,1,3446.005749,,0,0,,
b4_durable_workflow-mid_dispatch-notifications-f0e7af7d-r11,p30,B4_DURABLE_WORKFLOW,mid_dispatch,notifications,POSITIVE_ONLY_READBACK,CALLER_REFERENCE,fd635ed3-e36e-4bfe-b257-d952a9c7cd0d,CONFIRMED_APPLIED,APPLIED,1,0,1,4192.614606,,0,0,,
b4_durable_workflow-mid_dispatch-notifications-f0e7af7d-r11,p30,B4_DURABLE_WORKFLOW,mid_dispatch,notifications,POSITIVE_ONLY_READBACK,CALLER_REFERENCE,8ad4bf8a-72be-409c-a603-ec489cd5e878,CONFIRMED_APPLIED,APPLIED,2,1,1,23630.697358,35699.0,1,0,,
b4_durable_workflow-mid_dispatch-notifications-f0e7af7d-r11,p30,B4_DURABLE_WORKFLOW,mid_dispatch,notifications,POSITIVE_ONLY_READBACK,CALLER_REFERENCE,1566eb8d-ddf5-434d-b3a2-457bb79189c3,CONFIRMED_APPLIED,APPLIED,1,0,1,3772.641248,,0,0,,
b4_durable_workflow-mid_dispatch-notifications-f0e7af7d-r11,p30,B4_DURABLE_WORKFLOW,mid_dispatch,notifications,POSITIVE_ONLY_READBACK,CALLER_REFERENCE,0f3ec918-3d64-49c5-a123-8f6c7a342303,CONFIRMED_APPLIED,APPLIED,1,0,1,4200.99458,,0,0,,
b4_durable_workflow-mid_dispatch-notifications-f0e7af7d-r12,p30,B4_DURABLE_WORKFLOW,mid_dispatch,notifications,POSITIVE_ONLY_READBACK,CALLER_REFERENCE,9ae00d9c-5129-4bc5-bcc8-99ab49c32648,CONFIRMED_APPLIED,APPLIED,1,0,2,5459.191954,,0,0,,
b4_durable_workflow-mid_dispatch-notifications-f0e7af7d-r12,p30,B4_DURABLE_WORKFLOW,mid_dispatch,notifications,POSITIVE_ONLY_READBACK,CALLER_REFERENCE,7fc9b247-eaec-4e41-b5c3-f52caa87e8a1,CONFIRMED_APPLIED,APPLIED,3,0,3,14051.382727,,1,0,,
b4_durable_workflow-mid_dispatch-notifications-f0e7af7d-r12,p30,B4_DURABLE_WORKFLOW,mid_dispatch,notifications,POSITIVE_ONLY_READBACK,CALLER_REFERENCE,585e3d0e-2bd3-45d8-ba06-ca957da66238,CONFIRMED_APPLIED,APPLIED,1,0,1,4020.723183,,0,0,,
b4_durable_workflow-mid_dispatch-notifications-f0e7af7d-r12,p30,B4_DURABLE_WORKFLOW,mid_dispatch,notifications,POSITIVE_ONLY_READBACK,CALLER_REFERENCE,3a76614e-c5bb-405c-a8b6-d96481f49e76,CONFIRMED_APPLIED,APPLIED,1,0,2,5929.634273,,0,0,,
b4_durable_workflow-mid_dispatch-notifications-f0e7af7d-r12,p30,B4_DURABLE_WORKFLOW,mid_dispatch,notifications,POSITIVE_ONLY_READBACK,CALLER_REFERENCE,55c0626a-cd96-49e4-a972-1f3587ebe8b5,CONFIRMED_APPLIED,APPLIED,1,0,1,4019.311002,,0,0,,
b4_durable_workflow-mid_dispatch-notifications-f0e7af7d-r12,p30,B4_DURABLE_WORKFLOW,mid_dispatch,notifications,POSITIVE_ONLY_READBACK,CALLER_REFERENCE,264dce6f-ffa6-484d-98df-8eec14915192,CONFIRMED_APPLIED,APPLIED,1,0,1,3452.671752,,0,0,,
b4_durable_workflow-mid_dispatch-notifications-f0e7af7d-r12,p30,B4_DURABLE_WORKFLOW,mid_dispatch,notifications,POSITIVE_ONLY_READBACK,CALLER_REFERENCE,b903c8f4-8b39-4be1-9c87-92098fbfad9c,CONFIRMED_APPLIED,APPLIED,2,0,2,8835.437728,,1,0,,
b4_durable_workflow-mid_dispatch-notifications-f0e7af7d-r12,p30,B4_DURABLE_WORKFLOW,mid_dispatch,notifications,POSITIVE_ONLY_READBACK,CALLER_REFERENCE,c22eadfe-1b62-4b77-b9a3-d229282d914b,UNVERIFIED_FAILURE,SCHEDULED,0,0,0,,,0,0,,
b4_durable_workflow-mid_dispatch-notifications-f0e7af7d-r12,p30,B4_DURABLE_WORKFLOW,mid_dispatch,notifications,POSITIVE_ONLY_READBACK,CALLER_REFERENCE,c91d00e2-e90d-4afc-aadb-1fe9a707d46f,CONFIRMED_APPLIED,APPLIED,2,1,1,24479.510592,31794.0,1,0,,
b4_durable_workflow-mid_dispatch-notifications-f0e7af7d-r12,p30,B4_DURABLE_WORKFLOW,mid_dispatch,notifications,POSITIVE_ONLY_READBACK,CALLER_REFERENCE,9a4dc2a2-9945-4bb5-8cee-69cfa771c6b3,CONFIRMED_APPLIED,APPLIED,1,0,1,3888.032213,,0,0,,
b4_durable_workflow-mid_dispatch-notifications-f0e7af7d-r13,p30,B4_DURABLE_WORKFLOW,mid_dispatch,notifications,POSITIVE_ONLY_READBACK,CALLER_REFERENCE,797cf0b0-6d3b-4e9d-8955-126cf933feaf,CONFIRMED_APPLIED,APPLIED,1,1,1,24704.119754,113301.0,0,0,,
b4_durable_workflow-mid_dispatch-notifications-f0e7af7d-r13,p30,B4_DURABLE_WORKFLOW,mid_dispatch,notifications,POSITIVE_ONLY_READBACK,CALLER_REFERENCE,666b8cc7-c2c9-4faa-9de0-ec1ca861ceeb,CONFIRMED_APPLIED,APPLIED,1,0,1,4031.903505,,0,0,,
b4_durable_workflow-mid_dispatch-notifications-f0e7af7d-r13,p30,B4_DURABLE_WORKFLOW,mid_dispatch,notifications,POSITIVE_ONLY_READBACK,CALLER_REFERENCE,047464e9-a2ad-42b0-8c48-1658b96ac88b,CONFIRMED_APPLIED,APPLIED,1,0,1,3933.324739,,0,0,,
b4_durable_workflow-mid_dispatch-notifications-f0e7af7d-r13,p30,B4_DURABLE_WORKFLOW,mid_dispatch,notifications,POSITIVE_ONLY_READBACK,CALLER_REFERENCE,c1833394-917a-4144-a377-4728e90aea3a,CONFIRMED_APPLIED,APPLIED,2,0,3,10958.958573,,1,0,,
b4_durable_workflow-mid_dispatch-notifications-f0e7af7d-r13,p30,B4_DURABLE_WORKFLOW,mid_dispatch,notifications,POSITIVE_ONLY_READBACK,CALLER_REFERENCE,9d079fd3-2fb9-4cf3-86d1-82f9044b23d3,CONFIRMED_APPLIED,APPLIED,2,1,1,15882.80827,59226.0,1,0,,
b4_durable_workflow-mid_dispatch-notifications-f0e7af7d-r13,p30,B4_DURABLE_WORKFLOW,mid_dispatch,notifications,POSITIVE_ONLY_READBACK,CALLER_REFERENCE,26b4c30b-8d51-425f-9850-0111189f8ebc,CONFIRMED_APPLIED,APPLIED,1,1,1,24558.011507,113321.0,0,0,,
b4_durable_workflow-mid_dispatch-notifications-f0e7af7d-r13,p30,B4_DURABLE_WORKFLOW,mid_dispatch,notifications,POSITIVE_ONLY_READBACK,CALLER_REFERENCE,2164bce2-6de8-47cc-908d-8a09941fc2ae,CONFIRMED_APPLIED,APPLIED,2,1,1,3726.308159,78268.0,1,0,,
b4_durable_workflow-mid_dispatch-notifications-f0e7af7d-r13,p30,B4_DURABLE_WORKFLOW,mid_dispatch,notifications,POSITIVE_ONLY_READBACK,CALLER_REFERENCE,59026b80-4c96-45c9-85f4-2e6be579b2be,CONFIRMED_APPLIED,APPLIED,1,0,1,4022.678538,,0,0,,
b4_durable_workflow-mid_dispatch-notifications-f0e7af7d-r13,p30,B4_DURABLE_WORKFLOW,mid_dispatch,notifications,POSITIVE_ONLY_READBACK,CALLER_REFERENCE,b1d0f6af-531c-42f9-ae54-4fe4dd7b2d64,CONFIRMED_APPLIED,APPLIED,2,1,1,28601.706263,40364.0,1,0,,
b4_durable_workflow-mid_dispatch-notifications-f0e7af7d-r13,p30,B4_DURABLE_WORKFLOW,mid_dispatch,notifications,POSITIVE_ONLY_READBACK,CALLER_REFERENCE,a75d9a38-5fb1-4120-9571-e4c1417919e7,CONFIRMED_APPLIED,APPLIED,1,0,1,3906.280165,,0,0,,
b4_durable_workflow-mid_dispatch-notifications-f0e7af7d-r14,p30,B4_DURABLE_WORKFLOW,mid_dispatch,notifications,POSITIVE_ONLY_READBACK,CALLER_REFERENCE,8eaaad5c-4709-4a80-89dd-f4c314dff816,CONFIRMED_APPLIED,APPLIED,1,0,1,3669.960213,,0,0,,
b4_durable_workflow-mid_dispatch-notifications-f0e7af7d-r14,p30,B4_DURABLE_WORKFLOW,mid_dispatch,notifications,POSITIVE_ONLY_READBACK,CALLER_REFERENCE,fa3599ea-6230-4158-b866-683f87bf9991,CONFIRMED_APPLIED,APPLIED,1,0,1,3204.811823,,0,0,,
b4_durable_workflow-mid_dispatch-notifications-f0e7af7d-r14,p30,B4_DURABLE_WORKFLOW,mid_dispatch,notifications,POSITIVE_ONLY_READBACK,CALLER_REFERENCE,b2df329a-d494-4c39-9d0a-bf9934bea610,CONFIRMED_APPLIED,APPLIED,4,1,3,33135.845934,77758.0,1,0,,
b4_durable_workflow-mid_dispatch-notifications-f0e7af7d-r14,p30,B4_DURABLE_WORKFLOW,mid_dispatch,notifications,POSITIVE_ONLY_READBACK,CALLER_REFERENCE,a44c0fcb-bd2e-4c7f-8cae-acddd9e7b4ee,CONFIRMED_APPLIED,APPLIED,2,1,1,19996.529068,36770.0,1,0,,
b4_durable_workflow-mid_dispatch-notifications-f0e7af7d-r14,p30,B4_DURABLE_WORKFLOW,mid_dispatch,notifications,POSITIVE_ONLY_READBACK,CALLER_REFERENCE,04ad2e7f-50e6-4cf5-8a33-68a1b2e87ff4,CONFIRMED_APPLIED,APPLIED,2,0,2,8928.71511,,1,0,,
b4_durable_workflow-mid_dispatch-notifications-f0e7af7d-r14,p30,B4_DURABLE_WORKFLOW,mid_dispatch,notifications,POSITIVE_ONLY_READBACK,CALLER_REFERENCE,35d80ef2-1559-4ba7-bcd0-69a7c1a3ee57,CONFIRMED_APPLIED,APPLIED,1,1,1,20124.727776,86757.0,0,0,,
b4_durable_workflow-mid_dispatch-notifications-f0e7af7d-r14,p30,B4_DURABLE_WORKFLOW,mid_dispatch,notifications,POSITIVE_ONLY_READBACK,CALLER_REFERENCE,f1db0422-00f9-48a1-91a2-7734db4534d0,CONFIRMED_APPLIED,APPLIED,1,0,1,4020.22108,,0,0,,
b4_durable_workflow-mid_dispatch-notifications-f0e7af7d-r14,p30,B4_DURABLE_WORKFLOW,mid_dispatch,notifications,POSITIVE_ONLY_READBACK,CALLER_REFERENCE,b85d3d73-bef9-4261-b507-f5d1c234405c,CONFIRMED_APPLIED,APPLIED,2,1,1,22290.591517,53896.0,1,0,,
b4_durable_workflow-mid_dispatch-notifications-f0e7af7d-r14,p30,B4_DURABLE_WORKFLOW,mid_dispatch,notifications,POSITIVE_ONLY_READBACK,CALLER_REFERENCE,29df0e44-6678-4ab7-b127-0f6502223da5,CONFIRMED_APPLIED,APPLIED,1,0,1,3975.472881,,0,0,,
b4_durable_workflow-mid_dispatch-notifications-f0e7af7d-r14,p30,B4_DURABLE_WORKFLOW,mid_dispatch,notifications,POSITIVE_ONLY_READBACK,CALLER_REFERENCE,8526ab98-8eba-4401-a529-810c5ca8b231,CONFIRMED_APPLIED,APPLIED,1,0,1,4066.379673,,0,0,,
b4_durable_workflow-mid_dispatch-notifications-f0e7af7d-r2,p30,B4_DURABLE_WORKFLOW,mid_dispatch,notifications,POSITIVE_ONLY_READBACK,CALLER_REFERENCE,130c024b-d294-45ca-94e6-4ed80155ee5c,CONFIRMED_APPLIED,APPLIED,1,0,1,3907.097816,,0,0,,
b4_durable_workflow-mid_dispatch-notifications-f0e7af7d-r2,p30,B4_DURABLE_WORKFLOW,mid_dispatch,notifications,POSITIVE_ONLY_READBACK,CALLER_REFERENCE,0974f088-d1a2-44af-962f-f7bfe80a5937,CONFIRMED_APPLIED,APPLIED,1,0,1,3936.128317,,0,0,,
b4_durable_workflow-mid_dispatch-notifications-f0e7af7d-r2,p30,B4_DURABLE_WORKFLOW,mid_dispatch,notifications,POSITIVE_ONLY_READBACK,CALLER_REFERENCE,b68dc1c7-79cd-45ff-924a-f0b41cac550a,CONFIRMED_APPLIED,APPLIED,1,0,1,3999.011039,,0,0,,
b4_durable_workflow-mid_dispatch-notifications-f0e7af7d-r2,p30,B4_DURABLE_WORKFLOW,mid_dispatch,notifications,POSITIVE_ONLY_READBACK,CALLER_REFERENCE,bbae754b-d5f7-4494-b6d0-16209d05285f,CONFIRMED_APPLIED,APPLIED,2,1,1,25389.701261,81671.0,1,0,,
b4_durable_workflow-mid_dispatch-notifications-f0e7af7d-r2,p30,B4_DURABLE_WORKFLOW,mid_dispatch,notifications,POSITIVE_ONLY_READBACK,CALLER_REFERENCE,964d4584-fe4e-4452-a91a-c2a380157607,CONFIRMED_APPLIED,APPLIED,2,0,2,8987.495269,,1,0,,
b4_durable_workflow-mid_dispatch-notifications-f0e7af7d-r2,p30,B4_DURABLE_WORKFLOW,mid_dispatch,notifications,POSITIVE_ONLY_READBACK,CALLER_REFERENCE,d63287c2-ef27-482e-9fed-c1f85a3ff34c,CONFIRMED_APPLIED,APPLIED,1,0,1,3906.876349,,0,0,,
b4_durable_workflow-mid_dispatch-notifications-f0e7af7d-r2,p30,B4_DURABLE_WORKFLOW,mid_dispatch,notifications,POSITIVE_ONLY_READBACK,CALLER_REFERENCE,bfc9c9b5-fe1e-4857-bb1b-606ff78232f6,CONFIRMED_APPLIED,APPLIED,2,1,1,25425.974059,89641.0,1,0,,
b4_durable_workflow-mid_dispatch-notifications-f0e7af7d-r2,p30,B4_DURABLE_WORKFLOW,mid_dispatch,notifications,POSITIVE_ONLY_READBACK,CALLER_REFERENCE,723003b5-68d4-49db-8a6a-60a604c27f43,CONFIRMED_APPLIED,APPLIED,2,1,1,25498.624884,60755.0,1,0,,
b4_durable_workflow-mid_dispatch-notifications-f0e7af7d-r2,p30,B4_DURABLE_WORKFLOW,mid_dispatch,notifications,POSITIVE_ONLY_READBACK,CALLER_REFERENCE,6937f2b2-5ad6-40d6-aa74-8f9a2098fa9c,CONFIRMED_APPLIED,APPLIED,1,0,1,4001.63708,,0,0,,
b4_durable_workflow-mid_dispatch-notifications-f0e7af7d-r2,p30,B4_DURABLE_WORKFLOW,mid_dispatch,notifications,POSITIVE_ONLY_READBACK,CALLER_REFERENCE,8d3a5d90-d466-4413-afc3-514aea7ed6e9,CONFIRMED_APPLIED,APPLIED,2,1,1,25564.04319,27765.0,1,0,,
b4_durable_workflow-mid_dispatch-notifications-f0e7af7d-r3,p30,B4_DURABLE_WORKFLOW,mid_dispatch,notifications,POSITIVE_ONLY_READBACK,CALLER_REFERENCE,44c48d51-2b2e-450d-86b4-8202827bfc35,CONFIRMED_APPLIED,APPLIED,1,0,1,3887.583841,,0,0,,
b4_durable_workflow-mid_dispatch-notifications-f0e7af7d-r3,p30,B4_DURABLE_WORKFLOW,mid_dispatch,notifications,POSITIVE_ONLY_READBACK,CALLER_REFERENCE,f97469a4-8e4b-418b-b9f8-0b4dee1a91ae,CONFIRMED_APPLIED,APPLIED,4,1,3,35477.069266,99771.0,1,0,,
b4_durable_workflow-mid_dispatch-notifications-f0e7af7d-r3,p30,B4_DURABLE_WORKFLOW,mid_dispatch,notifications,POSITIVE_ONLY_READBACK,CALLER_REFERENCE,cded67bb-a5ee-4ebf-b904-ead541e46b79,CONFIRMED_APPLIED,APPLIED,1,0,1,4017.251827,,0,0,,
b4_durable_workflow-mid_dispatch-notifications-f0e7af7d-r3,p30,B4_DURABLE_WORKFLOW,mid_dispatch,notifications,POSITIVE_ONLY_READBACK,CALLER_REFERENCE,68ae26da-da87-404f-baf1-a9d9befa39b7,CONFIRMED_APPLIED,APPLIED,2,1,1,25394.441594,56733.0,1,0,,
b4_durable_workflow-mid_dispatch-notifications-f0e7af7d-r3,p30,B4_DURABLE_WORKFLOW,mid_dispatch,notifications,POSITIVE_ONLY_READBACK,CALLER_REFERENCE,88629a72-1f9a-4467-bf13-6e9ba0b1f7ca,CONFIRMED_APPLIED,APPLIED,2,1,1,25487.160738,27766.0,1,0,,
b4_durable_workflow-mid_dispatch-notifications-f0e7af7d-r3,p30,B4_DURABLE_WORKFLOW,mid_dispatch,notifications,POSITIVE_ONLY_READBACK,CALLER_REFERENCE,d007c04f-5344-4f40-8d02-35f8edcc8901,CONFIRMED_APPLIED,APPLIED,1,0,1,3887.772796,,0,0,,
b4_durable_workflow-mid_dispatch-notifications-f0e7af7d-r3,p30,B4_DURABLE_WORKFLOW,mid_dispatch,notifications,POSITIVE_ONLY_READBACK,CALLER_REFERENCE,b1984210-f98d-4df0-b1f1-77c0de665eb5,CONFIRMED_APPLIED,APPLIED,1,0,1,4018.234594,,0,0,,
b4_durable_workflow-mid_dispatch-notifications-f0e7af7d-r3,p30,B4_DURABLE_WORKFLOW,mid_dispatch,notifications,POSITIVE_ONLY_READBACK,CALLER_REFERENCE,68e30c51-f98e-4109-b1e9-9a05fd81b774,CONFIRMED_APPLIED,APPLIED,1,0,1,3924.468853,,0,0,,
b4_durable_workflow-mid_dispatch-notifications-f0e7af7d-r3,p30,B4_DURABLE_WORKFLOW,mid_dispatch,notifications,POSITIVE_ONLY_READBACK,CALLER_REFERENCE,f08c2039-9aaa-42d1-bea5-6caaa4e13e34,CONFIRMED_APPLIED,APPLIED,1,0,1,4017.801061,,0,0,,
b4_durable_workflow-mid_dispatch-notifications-f0e7af7d-r3,p30,B4_DURABLE_WORKFLOW,mid_dispatch,notifications,POSITIVE_ONLY_READBACK,CALLER_REFERENCE,633ef791-e96f-4677-90fe-223e7cc7adcc,CONFIRMED_APPLIED,APPLIED,1,0,1,3919.414182,,0,0,,
b4_durable_workflow-mid_dispatch-notifications-f0e7af7d-r4,p30,B4_DURABLE_WORKFLOW,mid_dispatch,notifications,POSITIVE_ONLY_READBACK,CALLER_REFERENCE,c273fde0-325d-4081-98f6-72962f4440cf,CONFIRMED_APPLIED,APPLIED,1,0,1,3772.363169,,0,0,,
b4_durable_workflow-mid_dispatch-notifications-f0e7af7d-r4,p30,B4_DURABLE_WORKFLOW,mid_dispatch,notifications,POSITIVE_ONLY_READBACK,CALLER_REFERENCE,d346f448-eb17-4367-ad05-f196b5bf24aa,CONFIRMED_APPLIED,APPLIED,2,0,2,8842.140374,,1,0,,
b4_durable_workflow-mid_dispatch-notifications-f0e7af7d-r4,p30,B4_DURABLE_WORKFLOW,mid_dispatch,notifications,POSITIVE_ONLY_READBACK,CALLER_REFERENCE,8d6dd909-65a3-43bc-b9bc-51ae46467e21,CONFIRMED_APPLIED,APPLIED,1,0,1,4123.253847,,0,0,,
b4_durable_workflow-mid_dispatch-notifications-f0e7af7d-r4,p30,B4_DURABLE_WORKFLOW,mid_dispatch,notifications,POSITIVE_ONLY_READBACK,CALLER_REFERENCE,bc7e73ee-c3e3-4ba5-8c17-191cf9e3e288,CONFIRMED_APPLIED,APPLIED,1,0,1,4019.162149,,0,0,,
b4_durable_workflow-mid_dispatch-notifications-f0e7af7d-r4,p30,B4_DURABLE_WORKFLOW,mid_dispatch,notifications,POSITIVE_ONLY_READBACK,CALLER_REFERENCE,00554084-dcf7-46ee-9bc6-bbbbecd1b6a9,CONFIRMED_APPLIED,APPLIED,1,0,1,4020.484062,,0,0,,
b4_durable_workflow-mid_dispatch-notifications-f0e7af7d-r4,p30,B4_DURABLE_WORKFLOW,mid_dispatch,notifications,POSITIVE_ONLY_READBACK,CALLER_REFERENCE,e21b9054-eb93-4395-80a8-2e0ef19c8192,CONFIRMED_APPLIED,APPLIED,1,0,1,3772.557505,,0,0,,
b4_durable_workflow-mid_dispatch-notifications-f0e7af7d-r4,p30,B4_DURABLE_WORKFLOW,mid_dispatch,notifications,POSITIVE_ONLY_READBACK,CALLER_REFERENCE,aec54aa0-98aa-4423-bcc2-93e1d3b48bb5,CONFIRMED_APPLIED,APPLIED,1,0,1,3915.404182,,0,0,,
b4_durable_workflow-mid_dispatch-notifications-f0e7af7d-r4,p30,B4_DURABLE_WORKFLOW,mid_dispatch,notifications,POSITIVE_ONLY_READBACK,CALLER_REFERENCE,4fd60e71-2e7e-4f59-be7f-d071976e93d4,CONFIRMED_APPLIED,APPLIED,2,1,1,25723.00966,87914.0,1,0,,
b4_durable_workflow-mid_dispatch-notifications-f0e7af7d-r4,p30,B4_DURABLE_WORKFLOW,mid_dispatch,notifications,POSITIVE_ONLY_READBACK,CALLER_REFERENCE,a35a42de-a94c-40d9-a55d-41693ae0471a,CONFIRMED_APPLIED,APPLIED,2,1,1,25450.932573,58669.0,1,0,,
b4_durable_workflow-mid_dispatch-notifications-f0e7af7d-r4,p30,B4_DURABLE_WORKFLOW,mid_dispatch,notifications,POSITIVE_ONLY_READBACK,CALLER_REFERENCE,13774d25-3c13-473d-b03b-210124065a30,CONFIRMED_APPLIED,APPLIED,2,1,2,27314.213802,29692.0,1,0,,
b4_durable_workflow-mid_dispatch-notifications-f0e7af7d-r5,p30,B4_DURABLE_WORKFLOW,mid_dispatch,notifications,POSITIVE_ONLY_READBACK,CALLER_REFERENCE,436f3883-19ff-45d6-91fa-1c48bb88878c,CONFIRMED_APPLIED,APPLIED,2,1,3,32489.553079,107675.0,1,0,,
b4_durable_workflow-mid_dispatch-notifications-f0e7af7d-r5,p30,B4_DURABLE_WORKFLOW,mid_dispatch,notifications,POSITIVE_ONLY_READBACK,CALLER_REFERENCE,f69a4e1b-efe0-4393-ab1e-7d41b9f649c8,CONFIRMED_APPLIED,APPLIED,3,1,2,30447.902647,71692.0,1,0,,
b4_durable_workflow-mid_dispatch-notifications-f0e7af7d-r5,p30,B4_DURABLE_WORKFLOW,mid_dispatch,notifications,POSITIVE_ONLY_READBACK,CALLER_REFERENCE,2933113a-dd45-46bd-b9aa-2e941942dd87,CONFIRMED_APPLIED,APPLIED,2,1,1,25652.625147,37754.0,1,0,,
b4_durable_workflow-mid_dispatch-notifications-f0e7af7d-r5,p30,B4_DURABLE_WORKFLOW,mid_dispatch,notifications,POSITIVE_ONLY_READBACK,CALLER_REFERENCE,2df56c57-7fff-4e26-8150-dad3f7b88be4,CONFIRMED_APPLIED,APPLIED,1,0,2,5921.624099,,0,0,,
b4_durable_workflow-mid_dispatch-notifications-f0e7af7d-r5,p30,B4_DURABLE_WORKFLOW,mid_dispatch,notifications,POSITIVE_ONLY_READBACK,CALLER_REFERENCE,c86bc17f-a1b5-44ca-8c2a-f1d9f1dc20ad,CONFIRMED_APPLIED,APPLIED,1,0,1,3931.648264,,0,0,,
b4_durable_workflow-mid_dispatch-notifications-f0e7af7d-r5,p30,B4_DURABLE_WORKFLOW,mid_dispatch,notifications,POSITIVE_ONLY_READBACK,CALLER_REFERENCE,adf85c0f-d3b8-4e14-8ac0-120241072b55,CONFIRMED_APPLIED,APPLIED,2,1,2,27647.482099,107678.0,1,0,,
b4_durable_workflow-mid_dispatch-notifications-f0e7af7d-r5,p30,B4_DURABLE_WORKFLOW,mid_dispatch,notifications,POSITIVE_ONLY_READBACK,CALLER_REFERENCE,1e3f0d2a-b372-48fa-a5a6-8a139f54152f,CONFIRMED_APPLIED,APPLIED,1,0,1,3814.709191,,0,0,,
b4_durable_workflow-mid_dispatch-notifications-f0e7af7d-r5,p30,B4_DURABLE_WORKFLOW,mid_dispatch,notifications,POSITIVE_ONLY_READBACK,CALLER_REFERENCE,26020e66-e287-4afe-aab3-49edb26e6b01,CONFIRMED_APPLIED,APPLIED,1,0,1,4110.17255,,0,0,,
b4_durable_workflow-mid_dispatch-notifications-f0e7af7d-r5,p30,B4_DURABLE_WORKFLOW,mid_dispatch,notifications,POSITIVE_ONLY_READBACK,CALLER_REFERENCE,60dcad94-9648-419a-a5fa-1ab1cd37b809,CONFIRMED_APPLIED,APPLIED,1,0,1,4020.111762,,0,0,,
b4_durable_workflow-mid_dispatch-notifications-f0e7af7d-r5,p30,B4_DURABLE_WORKFLOW,mid_dispatch,notifications,POSITIVE_ONLY_READBACK,CALLER_REFERENCE,a2c55376-6990-4209-9b2a-1bff84f0c472,CONFIRMED_APPLIED,APPLIED,2,0,2,8854.820366,,1,0,,
b4_durable_workflow-mid_dispatch-notifications-f0e7af7d-r6,p30,B4_DURABLE_WORKFLOW,mid_dispatch,notifications,POSITIVE_ONLY_READBACK,CALLER_REFERENCE,0cd18c09-947a-4989-88bb-0ca5f028eca6,CONFIRMED_APPLIED,APPLIED,2,1,1,25321.357102,73746.0,1,0,,
b4_durable_workflow-mid_dispatch-notifications-f0e7af7d-r6,p30,B4_DURABLE_WORKFLOW,mid_dispatch,notifications,POSITIVE_ONLY_READBACK,CALLER_REFERENCE,b42aec0d-e2e0-4697-8e3b-3413d0c77929,CONFIRMED_APPLIED,APPLIED,2,1,1,25547.809925,44853.0,1,0,,
b4_durable_workflow-mid_dispatch-notifications-f0e7af7d-r6,p30,B4_DURABLE_WORKFLOW,mid_dispatch,notifications,POSITIVE_ONLY_READBACK,CALLER_REFERENCE,3681a8bf-9231-4b03-93fc-174284f4dc15,CONFIRMED_APPLIED,APPLIED,1,0,1,4015.383742,,0,0,,
b4_durable_workflow-mid_dispatch-notifications-f0e7af7d-r6,p30,B4_DURABLE_WORKFLOW,mid_dispatch,notifications,POSITIVE_ONLY_READBACK,CALLER_REFERENCE,d13106e3-9e54-45a7-aa5c-9478ec01f8c6,CONFIRMED_APPLIED,APPLIED,1,0,1,3915.372175,,0,0,,
b4_durable_workflow-mid_dispatch-notifications-f0e7af7d-r6,p30,B4_DURABLE_WORKFLOW,mid_dispatch,notifications,POSITIVE_ONLY_READBACK,CALLER_REFERENCE,e9c9185d-b11e-46a2-a58f-413856193f8f,CONFIRMED_APPLIED,APPLIED,2,0,2,9031.017862,,1,0,,
b4_durable_workflow-mid_dispatch-notifications-f0e7af7d-r6,p30,B4_DURABLE_WORKFLOW,mid_dispatch,notifications,POSITIVE_ONLY_READBACK,CALLER_REFERENCE,80771a6e-c77a-418b-8ffc-95ca6dfc99f1,CONFIRMED_APPLIED,APPLIED,2,1,1,25358.165809,73748.0,1,0,,
b4_durable_workflow-mid_dispatch-notifications-f0e7af7d-r6,p30,B4_DURABLE_WORKFLOW,mid_dispatch,notifications,POSITIVE_ONLY_READBACK,CALLER_REFERENCE,d69759a1-f32c-49d4-a293-d148e568ca5f,CONFIRMED_APPLIED,APPLIED,1,0,1,4002.629282,,0,0,,
b4_durable_workflow-mid_dispatch-notifications-f0e7af7d-r6,p30,B4_DURABLE_WORKFLOW,mid_dispatch,notifications,POSITIVE_ONLY_READBACK,CALLER_REFERENCE,df7b9102-2bf6-49a0-98d9-366daa717d35,CONFIRMED_APPLIED,APPLIED,2,0,2,9046.323839,,1,0,,
b4_durable_workflow-mid_dispatch-notifications-f0e7af7d-r6,p30,B4_DURABLE_WORKFLOW,mid_dispatch,notifications,POSITIVE_ONLY_READBACK,CALLER_REFERENCE,847b8fef-9e9b-467e-be5c-b6eb23ca48c6,CONFIRMED_APPLIED,APPLIED,2,0,2,8862.632807,,1,0,,
b4_durable_workflow-mid_dispatch-notifications-f0e7af7d-r6,p30,B4_DURABLE_WORKFLOW,mid_dispatch,notifications,POSITIVE_ONLY_READBACK,CALLER_REFERENCE,fe547e52-1031-4645-bcbe-dcc2e9671ae6,CONFIRMED_APPLIED,APPLIED,1,0,1,4125.638066,,0,0,,
b4_durable_workflow-mid_dispatch-notifications-f0e7af7d-r7,p30,B4_DURABLE_WORKFLOW,mid_dispatch,notifications,POSITIVE_ONLY_READBACK,CALLER_REFERENCE,f8279795-32b7-4e3e-90df-4139043f9656,CONFIRMED_APPLIED,APPLIED,1,0,1,4177.743904,,0,0,,
b4_durable_workflow-mid_dispatch-notifications-f0e7af7d-r7,p30,B4_DURABLE_WORKFLOW,mid_dispatch,notifications,POSITIVE_ONLY_READBACK,CALLER_REFERENCE,e44479ed-3b92-4311-8136-e46b1e4b70a5,CONFIRMED_APPLIED,APPLIED,1,0,1,3910.878839,,0,0,,
b4_durable_workflow-mid_dispatch-notifications-f0e7af7d-r7,p30,B4_DURABLE_WORKFLOW,mid_dispatch,notifications,POSITIVE_ONLY_READBACK,CALLER_REFERENCE,2106c93c-c9a6-477c-baa3-9bb6fc32941d,CONFIRMED_APPLIED,APPLIED,1,0,1,4015.612222,,0,0,,
b4_durable_workflow-mid_dispatch-notifications-f0e7af7d-r7,p30,B4_DURABLE_WORKFLOW,mid_dispatch,notifications,POSITIVE_ONLY_READBACK,CALLER_REFERENCE,2b8debc6-ddae-4f39-a324-69037a2ada08,CONFIRMED_APPLIED,APPLIED,2,1,1,24544.576553,56795.0,1,0,,
b4_durable_workflow-mid_dispatch-notifications-f0e7af7d-r7,p30,B4_DURABLE_WORKFLOW,mid_dispatch,notifications,POSITIVE_ONLY_READBACK,CALLER_REFERENCE,7166b01e-feeb-4bdf-990b-2bc274c59d61,CONFIRMED_APPLIED,APPLIED,1,0,1,3932.51011,,0,0,,
b4_durable_workflow-mid_dispatch-notifications-f0e7af7d-r7,p30,B4_DURABLE_WORKFLOW,mid_dispatch,notifications,POSITIVE_ONLY_READBACK,CALLER_REFERENCE,5cc749cc-dd8c-4db1-838e-4641649a6629,CONFIRMED_APPLIED,APPLIED,1,0,1,4177.487018,,0,0,,
b4_durable_workflow-mid_dispatch-notifications-f0e7af7d-r7,p30,B4_DURABLE_WORKFLOW,mid_dispatch,notifications,POSITIVE_ONLY_READBACK,CALLER_REFERENCE,cb3f5efa-5666-4d92-9bd5-b4bfa1c495c3,CONFIRMED_APPLIED,APPLIED,1,0,1,3911.013964,,0,0,,
b4_durable_workflow-mid_dispatch-notifications-f0e7af7d-r7,p30,B4_DURABLE_WORKFLOW,mid_dispatch,notifications,POSITIVE_ONLY_READBACK,CALLER_REFERENCE,9aaf5201-f3f8-4e97-9825-128e85b90a72,CONFIRMED_APPLIED,APPLIED,2,1,1,24270.064668,60774.0,1,0,,
b4_durable_workflow-mid_dispatch-notifications-f0e7af7d-r7,p30,B4_DURABLE_WORKFLOW,mid_dispatch,notifications,POSITIVE_ONLY_READBACK,CALLER_REFERENCE,af9b6f6a-3205-46a8-b98e-f55bffaa8c86,CONFIRMED_APPLIED,APPLIED,2,1,1,24870.18684,31777.0,1,0,,
b4_durable_workflow-mid_dispatch-notifications-f0e7af7d-r7,p30,B4_DURABLE_WORKFLOW,mid_dispatch,notifications,POSITIVE_ONLY_READBACK,CALLER_REFERENCE,92859486-a40a-4753-8aca-0b4fc3e6606b,CONFIRMED_APPLIED,APPLIED,1,0,1,4016.662986,,0,0,,
b4_durable_workflow-mid_dispatch-notifications-f0e7af7d-r8,p30,B4_DURABLE_WORKFLOW,mid_dispatch,notifications,POSITIVE_ONLY_READBACK,CALLER_REFERENCE,e473cc83-8ab4-4677-baa9-245981fcf2bd,CONFIRMED_APPLIED,APPLIED,1,1,1,24507.516513,123708.0,0,0,,
b4_durable_workflow-mid_dispatch-notifications-f0e7af7d-r8,p30,B4_DURABLE_WORKFLOW,mid_dispatch,notifications,POSITIVE_ONLY_READBACK,CALLER_REFERENCE,8d6f317a-fd94-4950-a2f2-a98c19fc4302,CONFIRMED_APPLIED,APPLIED,2,0,2,9053.087194,,1,0,,
b4_durable_workflow-mid_dispatch-notifications-f0e7af7d-r8,p30,B4_DURABLE_WORKFLOW,mid_dispatch,notifications,POSITIVE_ONLY_READBACK,CALLER_REFERENCE,313861fe-b7d3-4b78-8f53-e9eec9434477,CONFIRMED_APPLIED,APPLIED,2,1,1,24454.932288,85676.0,1,0,,
b4_durable_workflow-mid_dispatch-notifications-f0e7af7d-r8,p30,B4_DURABLE_WORKFLOW,mid_dispatch,notifications,POSITIVE_ONLY_READBACK,CALLER_REFERENCE,b09d3486-b804-4b46-81be-784db8a5fae5,CONFIRMED_APPLIED,APPLIED,1,1,1,25082.118702,56687.0,0,0,,
b4_durable_workflow-mid_dispatch-notifications-f0e7af7d-r8,p30,B4_DURABLE_WORKFLOW,mid_dispatch,notifications,POSITIVE_ONLY_READBACK,CALLER_REFERENCE,53ebb780-9dfc-493b-83e9-a72160ae48aa,CONFIRMED_APPLIED,APPLIED,2,1,1,24882.347872,27699.0,1,0,,
b4_durable_workflow-mid_dispatch-notifications-f0e7af7d-r8,p30,B4_DURABLE_WORKFLOW,mid_dispatch,notifications,POSITIVE_ONLY_READBACK,CALLER_REFERENCE,65178912-f7e8-4574-90cf-f25a117a2403,CONFIRMED_APPLIED,APPLIED,2,1,1,24506.461779,123709.0,1,0,,
b4_durable_workflow-mid_dispatch-notifications-f0e7af7d-r8,p30,B4_DURABLE_WORKFLOW,mid_dispatch,notifications,POSITIVE_ONLY_READBACK,CALLER_REFERENCE,bfb36679-dea8-4678-ad3f-c1f3a8209032,CONFIRMED_APPLIED,APPLIED,1,0,1,4023.923283,,0,0,,
b4_durable_workflow-mid_dispatch-notifications-f0e7af7d-r8,p30,B4_DURABLE_WORKFLOW,mid_dispatch,notifications,POSITIVE_ONLY_READBACK,CALLER_REFERENCE,6527aa64-9a03-4d65-8be7-ddbd85d21bde,CONFIRMED_APPLIED,APPLIED,1,0,2,6032.537002,,0,0,,
b4_durable_workflow-mid_dispatch-notifications-f0e7af7d-r8,p30,B4_DURABLE_WORKFLOW,mid_dispatch,notifications,POSITIVE_ONLY_READBACK,CALLER_REFERENCE,4cfe3d09-0cf9-4ae3-bf06-4c20121f8676,CONFIRMED_APPLIED,APPLIED,1,0,1,3814.371054,,0,0,,
b4_durable_workflow-mid_dispatch-notifications-f0e7af7d-r8,p30,B4_DURABLE_WORKFLOW,mid_dispatch,notifications,POSITIVE_ONLY_READBACK,CALLER_REFERENCE,0862f4c6-185a-422c-a41c-26ea72be0bdc,CONFIRMED_APPLIED,APPLIED,1,0,1,4019.016215,,0,0,,
b4_durable_workflow-mid_dispatch-notifications-f0e7af7d-r9,p30,B4_DURABLE_WORKFLOW,mid_dispatch,notifications,POSITIVE_ONLY_READBACK,CALLER_REFERENCE,613e658e-dcb4-47e2-aadd-51fbe3523f4f,CONFIRMED_APPLIED,APPLIED,1,0,1,3546.008398,,0,0,,
b4_durable_workflow-mid_dispatch-notifications-f0e7af7d-r9,p30,B4_DURABLE_WORKFLOW,mid_dispatch,notifications,POSITIVE_ONLY_READBACK,CALLER_REFERENCE,3492cb1d-f59d-472e-8a9a-0c094fef5885,CONFIRMED_APPLIED,APPLIED,1,0,1,4012.774702,,0,0,,
b4_durable_workflow-mid_dispatch-notifications-f0e7af7d-r9,p30,B4_DURABLE_WORKFLOW,mid_dispatch,notifications,POSITIVE_ONLY_READBACK,CALLER_REFERENCE,e4bfa70e-8259-4597-a33d-581d936f817d,CONFIRMED_APPLIED,APPLIED,1,0,2,5923.572959,,0,0,,
b4_durable_workflow-mid_dispatch-notifications-f0e7af7d-r9,p30,B4_DURABLE_WORKFLOW,mid_dispatch,notifications,POSITIVE_ONLY_READBACK,CALLER_REFERENCE,f8a9efed-533f-48ac-a122-6f7786b07477,CONFIRMED_APPLIED,APPLIED,1,0,1,3852.626487,,0,0,,
b4_durable_workflow-mid_dispatch-notifications-f0e7af7d-r9,p30,B4_DURABLE_WORKFLOW,mid_dispatch,notifications,POSITIVE_ONLY_READBACK,CALLER_REFERENCE,e8560b03-c2a8-4ead-99bb-30ca3dc4e343,CONFIRMED_APPLIED,APPLIED,2,1,2,26906.50407,55918.0,1,0,,
b4_durable_workflow-mid_dispatch-notifications-f0e7af7d-r9,p30,B4_DURABLE_WORKFLOW,mid_dispatch,notifications,POSITIVE_ONLY_READBACK,CALLER_REFERENCE,6ae10dd1-3655-49f2-8120-9d89e1e0b4bd,CONFIRMED_APPLIED,APPLIED,1,0,1,3545.68441,,0,0,,
b4_durable_workflow-mid_dispatch-notifications-f0e7af7d-r9,p30,B4_DURABLE_WORKFLOW,mid_dispatch,notifications,POSITIVE_ONLY_READBACK,CALLER_REFERENCE,f37ecc4f-779f-41a6-9212-3158ded325f8,CONFIRMED_APPLIED,APPLIED,1,0,1,4012.824436,,0,0,,
b4_durable_workflow-mid_dispatch-notifications-f0e7af7d-r9,p30,B4_DURABLE_WORKFLOW,mid_dispatch,notifications,POSITIVE_ONLY_READBACK,CALLER_REFERENCE,039a5cfa-0568-48f8-8c5f-7fad7a8a9aee,CONFIRMED_APPLIED,APPLIED,1,0,1,4015.242958,,0,0,,
b4_durable_workflow-mid_dispatch-notifications-f0e7af7d-r9,p30,B4_DURABLE_WORKFLOW,mid_dispatch,notifications,POSITIVE_ONLY_READBACK,CALLER_REFERENCE,025045e6-3b08-4d81-b13b-9075fba9b181,CONFIRMED_APPLIED,APPLIED,2,1,1,24809.219548,61805.0,1,0,,
b4_durable_workflow-mid_dispatch-notifications-f0e7af7d-r9,p30,B4_DURABLE_WORKFLOW,mid_dispatch,notifications,POSITIVE_ONLY_READBACK,CALLER_REFERENCE,13598c82-6e0c-4554-a694-63d2f1a6484a,CONFIRMED_APPLIED,APPLIED,3,1,2,30080.758304,32904.0,1,0,,
b4_durable_workflow-mid_dispatch-payments-7738b828-r0,p30,B4_DURABLE_WORKFLOW,mid_dispatch,payments,AUTHORITATIVE_READBACK,CALLER_REFERENCE,3f803a15-054e-411d-b8f4-a0ee41dd1e20,CONFIRMED_APPLIED,APPLIED,1,1,1,20952.399874,68829.0,0,0,,
b4_durable_workflow-mid_dispatch-payments-7738b828-r0,p30,B4_DURABLE_WORKFLOW,mid_dispatch,payments,AUTHORITATIVE_READBACK,CALLER_REFERENCE,ae57dd40-b9fc-4af3-af75-da557f8615ff,CONFIRMED_APPLIED,APPLIED,1,0,1,4018.916728,,0,0,,
b4_durable_workflow-mid_dispatch-payments-7738b828-r0,p30,B4_DURABLE_WORKFLOW,mid_dispatch,payments,AUTHORITATIVE_READBACK,CALLER_REFERENCE,9a5bf618-a0c4-466e-8c7f-2022fbc6a23b,CONFIRMED_APPLIED,APPLIED,1,0,1,4021.017992,,0,0,,
b4_durable_workflow-mid_dispatch-payments-7738b828-r0,p30,B4_DURABLE_WORKFLOW,mid_dispatch,payments,AUTHORITATIVE_READBACK,CALLER_REFERENCE,46aa5b8b-9db0-48d8-8731-58e902b10d90,CONFIRMED_APPLIED,APPLIED,2,1,1,21383.59267,31758.0,1,0,,
b4_durable_workflow-mid_dispatch-payments-7738b828-r0,p30,B4_DURABLE_WORKFLOW,mid_dispatch,payments,AUTHORITATIVE_READBACK,CALLER_REFERENCE,a7f306e4-914e-4167-828e-86175b00bfc1,CONFIRMED_APPLIED,APPLIED,1,0,1,4017.260142,,0,0,,
b4_durable_workflow-mid_dispatch-payments-7738b828-r0,p30,B4_DURABLE_WORKFLOW,mid_dispatch,payments,AUTHORITATIVE_READBACK,CALLER_REFERENCE,476f1c14-92ff-4bb9-8341-8870b2d8c099,CONFIRMED_APPLIED,APPLIED,2,0,3,11761.011051,,1,0,,
b4_durable_workflow-mid_dispatch-payments-7738b828-r0,p30,B4_DURABLE_WORKFLOW,mid_dispatch,payments,AUTHORITATIVE_READBACK,CALLER_REFERENCE,4687ede1-3aa2-4adc-b823-61c352e09193,CONFIRMED_APPLIED,APPLIED,1,0,1,4023.735554,,0,0,,
b4_durable_workflow-mid_dispatch-payments-7738b828-r0,p30,B4_DURABLE_WORKFLOW,mid_dispatch,payments,AUTHORITATIVE_READBACK,CALLER_REFERENCE,eefec4a0-446f-433a-a0d2-8b480ee1753d,CONFIRMED_APPLIED,APPLIED,2,0,2,8984.150436,,1,0,,
b4_durable_workflow-mid_dispatch-payments-7738b828-r0,p30,B4_DURABLE_WORKFLOW,mid_dispatch,payments,AUTHORITATIVE_READBACK,CALLER_REFERENCE,56cf65d2-84c9-4827-9f47-6b973dfdb2b0,CONFIRMED_APPLIED,APPLIED,1,0,1,4078.792964,,0,0,,
b4_durable_workflow-mid_dispatch-payments-7738b828-r0,p30,B4_DURABLE_WORKFLOW,mid_dispatch,payments,AUTHORITATIVE_READBACK,CALLER_REFERENCE,d22d9347-9b7a-4284-8fa2-72cf225b6df3,CONFIRMED_APPLIED,APPLIED,1,0,1,4018.99652,,0,0,,
b4_durable_workflow-mid_dispatch-payments-7738b828-r1,p30,B4_DURABLE_WORKFLOW,mid_dispatch,payments,AUTHORITATIVE_READBACK,CALLER_REFERENCE,04862531-b3de-4d89-aabf-e444dde3e698,CONFIRMED_APPLIED,APPLIED,1,0,1,4074.577607,,0,0,,
b4_durable_workflow-mid_dispatch-payments-7738b828-r1,p30,B4_DURABLE_WORKFLOW,mid_dispatch,payments,AUTHORITATIVE_READBACK,CALLER_REFERENCE,08767ef5-a2b8-464b-88e9-bcd488f640f7,CONFIRMED_APPLIED,APPLIED,1,0,1,3920.250296,,0,0,,
b4_durable_workflow-mid_dispatch-payments-7738b828-r1,p30,B4_DURABLE_WORKFLOW,mid_dispatch,payments,AUTHORITATIVE_READBACK,CALLER_REFERENCE,99f5fa66-cc6b-442b-932d-93099e755dab,CONFIRMED_APPLIED,APPLIED,3,1,2,29742.135492,40627.0,1,0,,
b4_durable_workflow-mid_dispatch-payments-7738b828-r1,p30,B4_DURABLE_WORKFLOW,mid_dispatch,payments,AUTHORITATIVE_READBACK,CALLER_REFERENCE,41cc44dc-01a3-43ed-a4f5-1e635f73822f,CONFIRMED_APPLIED,APPLIED,1,0,1,4015.326787,,0,0,,
b4_durable_workflow-mid_dispatch-payments-7738b828-r1,p30,B4_DURABLE_WORKFLOW,mid_dispatch,payments,AUTHORITATIVE_READBACK,CALLER_REFERENCE,df93def4-b407-488a-a009-0478c5fe6da8,CONFIRMED_APPLIED,APPLIED,1,0,1,3808.782153,,0,0,,
b4_durable_workflow-mid_dispatch-payments-7738b828-r1,p30,B4_DURABLE_WORKFLOW,mid_dispatch,payments,AUTHORITATIVE_READBACK,CALLER_REFERENCE,46cd6517-ece3-4d31-9bfa-acb8de11a30d,CONFIRMED_APPLIED,APPLIED,2,1,1,24481.013079,48567.0,1,0,,
b4_durable_workflow-mid_dispatch-payments-7738b828-r1,p30,B4_DURABLE_WORKFLOW,mid_dispatch,payments,AUTHORITATIVE_READBACK,CALLER_REFERENCE,9737b94a-64bd-4383-9b17-a88870992939,CONFIRMED_APPLIED,APPLIED,1,0,1,4021.389663,,0,0,,
b4_durable_workflow-mid_dispatch-payments-7738b828-r1,p30,B4_DURABLE_WORKFLOW,mid_dispatch,payments,AUTHORITATIVE_READBACK,CALLER_REFERENCE,75413b19-9728-434b-bd82-094e139e05b5,CONFIRMED_APPLIED,APPLIED,1,0,1,4109.811483,,0,0,,
b4_durable_workflow-mid_dispatch-payments-7738b828-r1,p30,B4_DURABLE_WORKFLOW,mid_dispatch,payments,AUTHORITATIVE_READBACK,CALLER_REFERENCE,dbfdfe41-db76-472e-ad1d-28e61a9e62cf,CONFIRMED_APPLIED,APPLIED,1,0,1,4013.432438,,0,0,,
b4_durable_workflow-mid_dispatch-payments-7738b828-r1,p30,B4_DURABLE_WORKFLOW,mid_dispatch,payments,AUTHORITATIVE_READBACK,CALLER_REFERENCE,129c41c0-1ec4-4678-9eb4-bf6bfb04ddbd,CONFIRMED_APPLIED,APPLIED,1,0,1,4015.651224,,0,0,,
b4_durable_workflow-mid_dispatch-payments-7738b828-r10,p30,B4_DURABLE_WORKFLOW,mid_dispatch,payments,AUTHORITATIVE_READBACK,CALLER_REFERENCE,0b2713e3-3255-4311-ad1a-69ed6c108bed,CONFIRMED_APPLIED,APPLIED,1,0,1,3992.21041,,0,0,,
b4_durable_workflow-mid_dispatch-payments-7738b828-r10,p30,B4_DURABLE_WORKFLOW,mid_dispatch,payments,AUTHORITATIVE_READBACK,CALLER_REFERENCE,33f087e5-c996-4b17-806d-d484d6c5050a,CONFIRMED_APPLIED,APPLIED,1,0,1,3953.572433,,0,0,,
b4_durable_workflow-mid_dispatch-payments-7738b828-r10,p30,B4_DURABLE_WORKFLOW,mid_dispatch,payments,AUTHORITATIVE_READBACK,CALLER_REFERENCE,fe597aba-e064-4f77-9e31-6322b8680cb2,CONFIRMED_APPLIED,APPLIED,1,0,1,3987.629754,,0,0,,
b4_durable_workflow-mid_dispatch-payments-7738b828-r10,p30,B4_DURABLE_WORKFLOW,mid_dispatch,payments,AUTHORITATIVE_READBACK,CALLER_REFERENCE,1f07ea43-838f-460e-8911-c052c3b9f00b,CONFIRMED_APPLIED,APPLIED,1,0,1,3853.926389,,0,0,,
b4_durable_workflow-mid_dispatch-payments-7738b828-r10,p30,B4_DURABLE_WORKFLOW,mid_dispatch,payments,AUTHORITATIVE_READBACK,CALLER_REFERENCE,ef25c74c-49de-4e81-a87e-8d367ae7ecab,CONFIRMED_APPLIED,APPLIED,1,0,1,4085.009156,,0,0,,
b4_durable_workflow-mid_dispatch-payments-7738b828-r10,p30,B4_DURABLE_WORKFLOW,mid_dispatch,payments,AUTHORITATIVE_READBACK,CALLER_REFERENCE,36de5988-01b3-4a15-813e-06aec46f08ba,CONFIRMED_APPLIED,APPLIED,3,1,2,29764.624949,73738.0,1,0,,
b4_durable_workflow-mid_dispatch-payments-7738b828-r10,p30,B4_DURABLE_WORKFLOW,mid_dispatch,payments,AUTHORITATIVE_READBACK,CALLER_REFERENCE,a304a3ef-e7d7-43cb-bcb7-50fa1cfe4f8e,CONFIRMED_APPLIED,APPLIED,1,0,1,4018.508791,,0,0,,
b4_durable_workflow-mid_dispatch-payments-7738b828-r10,p30,B4_DURABLE_WORKFLOW,mid_dispatch,payments,AUTHORITATIVE_READBACK,CALLER_REFERENCE,979aa598-135a-4599-b81f-06ab09b6b0aa,CONFIRMED_APPLIED,APPLIED,2,1,1,20733.777481,35719.0,1,0,,
b4_durable_workflow-mid_dispatch-payments-7738b828-r10,p30,B4_DURABLE_WORKFLOW,mid_dispatch,payments,AUTHORITATIVE_READBACK,CALLER_REFERENCE,1e957b1f-02c2-4489-acda-f713d025862f,CONFIRMED_APPLIED,APPLIED,1,0,1,4015.597686,,0,0,,
b4_durable_workflow-mid_dispatch-payments-7738b828-r10,p30,B4_DURABLE_WORKFLOW,mid_dispatch,payments,AUTHORITATIVE_READBACK,CALLER_REFERENCE,c891e5c9-df5a-4d76-a629-b17400ec86e2,CONFIRMED_APPLIED,APPLIED,1,0,1,4014.085232,,0,0,,
b4_durable_workflow-mid_dispatch-payments-7738b828-r11,p30,B4_DURABLE_WORKFLOW,mid_dispatch,payments,AUTHORITATIVE_READBACK,CALLER_REFERENCE,56b454d7-bb67-400d-8344-020facae93c0,CONFIRMED_APPLIED,APPLIED,1,0,1,3520.126605,,0,0,,
b4_durable_workflow-mid_dispatch-payments-7738b828-r11,p30,B4_DURABLE_WORKFLOW,mid_dispatch,payments,AUTHORITATIVE_READBACK,CALLER_REFERENCE,5457167e-585b-4366-9126-bc4ea15da566,CONFIRMED_APPLIED,APPLIED,1,0,1,4016.122348,,0,0,,
b4_durable_workflow-mid_dispatch-payments-7738b828-r11,p30,B4_DURABLE_WORKFLOW,mid_dispatch,payments,AUTHORITATIVE_READBACK,CALLER_REFERENCE,caf182b7-a6d2-4b8d-a99a-5124c6836059,CONFIRMED_APPLIED,APPLIED,1,0,1,4013.727977,,0,0,,
b4_durable_workflow-mid_dispatch-payments-7738b828-r11,p30,B4_DURABLE_WORKFLOW,mid_dispatch,payments,AUTHORITATIVE_READBACK,CALLER_REFERENCE,c1d688c7-fee2-4aac-8695-bff1f77148fb,CONFIRMED_APPLIED,APPLIED,1,0,1,4015.515777,,0,0,,
b4_durable_workflow-mid_dispatch-payments-7738b828-r11,p30,B4_DURABLE_WORKFLOW,mid_dispatch,payments,AUTHORITATIVE_READBACK,CALLER_REFERENCE,a67db87d-ccf6-4f28-a6f5-ceb0addf8535,CONFIRMED_APPLIED,APPLIED,3,1,2,28419.443044,32645.0,1,0,,
b4_durable_workflow-mid_dispatch-payments-7738b828-r11,p30,B4_DURABLE_WORKFLOW,mid_dispatch,payments,AUTHORITATIVE_READBACK,CALLER_REFERENCE,6c4f0fa1-6513-45e4-b699-8cff53dc7678,CONFIRMED_APPLIED,APPLIED,1,0,1,3518.850352,,0,0,,
b4_durable_workflow-mid_dispatch-payments-7738b828-r11,p30,B4_DURABLE_WORKFLOW,mid_dispatch,payments,AUTHORITATIVE_READBACK,CALLER_REFERENCE,35e1fc7c-08fd-4f14-9391-fd15367201e2,CONFIRMED_APPLIED,APPLIED,1,0,1,4015.790872,,0,0,,
b4_durable_workflow-mid_dispatch-payments-7738b828-r11,p30,B4_DURABLE_WORKFLOW,mid_dispatch,payments,AUTHORITATIVE_READBACK,CALLER_REFERENCE,4f90dcf5-9dd4-4902-8372-2a5862b11e80,CONFIRMED_APPLIED,APPLIED,1,0,1,4013.634511,,0,0,,
b4_durable_workflow-mid_dispatch-payments-7738b828-r11,p30,B4_DURABLE_WORKFLOW,mid_dispatch,payments,AUTHORITATIVE_READBACK,CALLER_REFERENCE,9752943c-c1db-4ee1-aedf-cfbf346d905a,CONFIRMED_APPLIED,APPLIED,2,0,2,8804.068728,,1,0,,
b4_durable_workflow-mid_dispatch-payments-7738b828-r11,p30,B4_DURABLE_WORKFLOW,mid_dispatch,payments,AUTHORITATIVE_READBACK,CALLER_REFERENCE,9fd472fa-6181-4f54-8b38-d456dca8d6f3,CONFIRMED_APPLIED,APPLIED,1,0,1,4061.251758,,0,0,,
b4_durable_workflow-mid_dispatch-payments-7738b828-r12,p30,B4_DURABLE_WORKFLOW,mid_dispatch,payments,AUTHORITATIVE_READBACK,CALLER_REFERENCE,c17ee41b-6bcc-4dd6-ae87-a150a386e898,CONFIRMED_APPLIED,APPLIED,1,0,1,5098.839731,,0,0,,
b4_durable_workflow-mid_dispatch-payments-7738b828-r12,p30,B4_DURABLE_WORKFLOW,mid_dispatch,payments,AUTHORITATIVE_READBACK,CALLER_REFERENCE,2f92b661-cdcc-4608-8c1c-f1139fa3f300,CONFIRMED_APPLIED,APPLIED,1,0,1,4019.036873,,0,0,,
b4_durable_workflow-mid_dispatch-payments-7738b828-r12,p30,B4_DURABLE_WORKFLOW,mid_dispatch,payments,AUTHORITATIVE_READBACK,CALLER_REFERENCE,6bab5624-60d4-4ba1-b7c9-ebd349117dd4,CONFIRMED_APPLIED,APPLIED,2,1,1,17350.352388,91705.0,1,0,,
b4_durable_workflow-mid_dispatch-payments-7738b828-r12,p30,B4_DURABLE_WORKFLOW,mid_dispatch,payments,AUTHORITATIVE_READBACK,CALLER_REFERENCE,2a305383-e7e3-46e6-8494-8e3c80017ff3,CONFIRMED_APPLIED,APPLIED,2,1,1,24555.760909,60700.0,1,0,,
b4_durable_workflow-mid_dispatch-payments-7738b828-r12,p30,B4_DURABLE_WORKFLOW,mid_dispatch,payments,AUTHORITATIVE_READBACK,CALLER_REFERENCE,2384891f-f65b-4a77-927c-37edb3a5935c,CONFIRMED_APPLIED,APPLIED,2,1,1,25000.939602,29819.0,1,0,,
b4_durable_workflow-mid_dispatch-payments-7738b828-r12,p30,B4_DURABLE_WORKFLOW,mid_dispatch,payments,AUTHORITATIVE_READBACK,CALLER_REFERENCE,b01d95bd-14e8-4ae6-bd0e-abc57753eb69,CONFIRMED_APPLIED,APPLIED,1,0,1,5098.928088,,0,0,,
b4_durable_workflow-mid_dispatch-payments-7738b828-r12,p30,B4_DURABLE_WORKFLOW,mid_dispatch,payments,AUTHORITATIVE_READBACK,CALLER_REFERENCE,33e5e2cb-6bf1-4793-a98a-57d309e401f0,CONFIRMED_APPLIED,APPLIED,2,0,2,9048.325183,,1,0,,
b4_durable_workflow-mid_dispatch-payments-7738b828-r12,p30,B4_DURABLE_WORKFLOW,mid_dispatch,payments,AUTHORITATIVE_READBACK,CALLER_REFERENCE,3ddb0bb4-2ac4-4abf-89e2-7595050a8fde,CONFIRMED_APPLIED,APPLIED,1,0,1,3880.35922,,0,0,,
b4_durable_workflow-mid_dispatch-payments-7738b828-r12,p30,B4_DURABLE_WORKFLOW,mid_dispatch,payments,AUTHORITATIVE_READBACK,CALLER_REFERENCE,a36c9c11-d0af-4c00-af00-be7426c9fc63,CONFIRMED_APPLIED,APPLIED,1,0,1,4074.220353,,0,0,,
b4_durable_workflow-mid_dispatch-payments-7738b828-r12,p30,B4_DURABLE_WORKFLOW,mid_dispatch,payments,AUTHORITATIVE_READBACK,CALLER_REFERENCE,28196585-ab62-4e25-a3fd-b663f0533f5f,CONFIRMED_APPLIED,APPLIED,1,0,1,3990.799792,,0,0,,
b4_durable_workflow-mid_dispatch-payments-7738b828-r13,p30,B4_DURABLE_WORKFLOW,mid_dispatch,payments,AUTHORITATIVE_READBACK,CALLER_REFERENCE,75f0c8e2-9a5b-42e6-b339-73b799f5e942,CONFIRMED_APPLIED,APPLIED,2,1,2,26271.4298,83678.0,1,0,,
b4_durable_workflow-mid_dispatch-payments-7738b828-r13,p30,B4_DURABLE_WORKFLOW,mid_dispatch,payments,AUTHORITATIVE_READBACK,CALLER_REFERENCE,e0f070d6-ff6f-4385-bf9b-ef58c846708d,CONFIRMED_APPLIED,APPLIED,2,1,1,21364.935548,49770.0,1,0,,
b4_durable_workflow-mid_dispatch-payments-7738b828-r13,p30,B4_DURABLE_WORKFLOW,mid_dispatch,payments,AUTHORITATIVE_READBACK,CALLER_REFERENCE,403b08bb-9e5d-4b84-9097-e1747df9d4d5,CONFIRMED_APPLIED,APPLIED,1,0,1,4014.734055,,0,0,,
b4_durable_workflow-mid_dispatch-payments-7738b828-r13,p30,B4_DURABLE_WORKFLOW,mid_dispatch,payments,AUTHORITATIVE_READBACK,CALLER_REFERENCE,8e39b850-1835-4034-ba84-6e2f3cb3cf68,CONFIRMED_APPLIED,APPLIED,3,0,3,14020.090033,,1,0,,
b4_durable_workflow-mid_dispatch-payments-7738b828-r13,p30,B4_DURABLE_WORKFLOW,mid_dispatch,payments,AUTHORITATIVE_READBACK,CALLER_REFERENCE,0cb4cf3b-8488-4bf3-8a60-c114b078c6f1,CONFIRMED_APPLIED,APPLIED,1,0,1,4031.404966,,0,0,,
b4_durable_workflow-mid_dispatch-payments-7738b828-r13,p30,B4_DURABLE_WORKFLOW,mid_dispatch,payments,AUTHORITATIVE_READBACK,CALLER_REFERENCE,3bfc5dd7-2540-48b3-9439-38175c99051e,CONFIRMED_APPLIED,APPLIED,1,0,2,5343.122495,,0,0,,
b4_durable_workflow-mid_dispatch-payments-7738b828-r13,p30,B4_DURABLE_WORKFLOW,mid_dispatch,payments,AUTHORITATIVE_READBACK,CALLER_REFERENCE,e4eb83c5-011c-4046-8221-aa9aa3a93eb1,CONFIRMED_APPLIED,APPLIED,1,0,2,6030.158608,,0,0,,
b4_durable_workflow-mid_dispatch-payments-7738b828-r13,p30,B4_DURABLE_WORKFLOW,mid_dispatch,payments,AUTHORITATIVE_READBACK,CALLER_REFERENCE,109b3b2f-a0b5-4eb3-8d65-26958392e95e,CONFIRMED_APPLIED,APPLIED,1,0,2,6032.377899,,0,0,,
b4_durable_workflow-mid_dispatch-payments-7738b828-r13,p30,B4_DURABLE_WORKFLOW,mid_dispatch,payments,AUTHORITATIVE_READBACK,CALLER_REFERENCE,006a51ac-8858-47f0-8172-8c457969addc,CONFIRMED_APPLIED,APPLIED,1,0,1,4020.324086,,0,0,,
b4_durable_workflow-mid_dispatch-payments-7738b828-r13,p30,B4_DURABLE_WORKFLOW,mid_dispatch,payments,AUTHORITATIVE_READBACK,CALLER_REFERENCE,39f7c56d-8656-426e-9786-b68e92f1d124,CONFIRMED_APPLIED,APPLIED,1,0,1,3615.113254,,0,0,,
b4_durable_workflow-mid_dispatch-payments-7738b828-r14,p30,B4_DURABLE_WORKFLOW,mid_dispatch,payments,AUTHORITATIVE_READBACK,CALLER_REFERENCE,ceedf6cd-be96-4059-b3b6-9a6cd7507889,CONFIRMED_APPLIED,APPLIED,1,0,1,3375.396198,,0,0,,
b4_durable_workflow-mid_dispatch-payments-7738b828-r14,p30,B4_DURABLE_WORKFLOW,mid_dispatch,payments,AUTHORITATIVE_READBACK,CALLER_REFERENCE,854f29bf-1c6d-472a-bda1-6dd9724937c6,CONFIRMED_APPLIED,APPLIED,2,1,1,22241.184691,64651.0,1,0,,
b4_durable_workflow-mid_dispatch-payments-7738b828-r14,p30,B4_DURABLE_WORKFLOW,mid_dispatch,payments,AUTHORITATIVE_READBACK,CALLER_REFERENCE,7c4a7265-9e6f-4ff6-9fc7-f7362d42dd4b,CONFIRMED_APPLIED,APPLIED,1,1,1,22273.357871,35611.0,0,0,,
b4_durable_workflow-mid_dispatch-payments-7738b828-r14,p30,B4_DURABLE_WORKFLOW,mid_dispatch,payments,AUTHORITATIVE_READBACK,CALLER_REFERENCE,fe4007eb-05b2-4677-a960-6050e6237a43,CONFIRMED_APPLIED,APPLIED,1,0,1,4013.441885,,0,0,,
b4_durable_workflow-mid_dispatch-payments-7738b828-r14,p30,B4_DURABLE_WORKFLOW,mid_dispatch,payments,AUTHORITATIVE_READBACK,CALLER_REFERENCE,82e83725-f98c-46f4-b12e-6efa569c5bda,CONFIRMED_APPLIED,APPLIED,1,0,1,3872.74839,,0,0,,
b4_durable_workflow-mid_dispatch-payments-7738b828-r14,p30,B4_DURABLE_WORKFLOW,mid_dispatch,payments,AUTHORITATIVE_READBACK,CALLER_REFERENCE,c5d7a007-a138-46c4-9ee1-cefd102fc6a3,CONFIRMED_APPLIED,APPLIED,1,0,1,3375.704368,,0,0,,
b4_durable_workflow-mid_dispatch-payments-7738b828-r14,p30,B4_DURABLE_WORKFLOW,mid_dispatch,payments,AUTHORITATIVE_READBACK,CALLER_REFERENCE,8f986e4c-4282-40d8-a021-d7cd973450e9,CONFIRMED_APPLIED,APPLIED,2,0,2,8932.734024,,1,0,,
b4_durable_workflow-mid_dispatch-payments-7738b828-r14,p30,B4_DURABLE_WORKFLOW,mid_dispatch,payments,AUTHORITATIVE_READBACK,CALLER_REFERENCE,8eae5fe6-b94a-4e17-a829-68f7251cc160,CONFIRMED_APPLIED,APPLIED,1,0,1,3547.520773,,0,0,,
b4_durable_workflow-mid_dispatch-payments-7738b828-r14,p30,B4_DURABLE_WORKFLOW,mid_dispatch,payments,AUTHORITATIVE_READBACK,CALLER_REFERENCE,b8353ceb-d59e-464e-b633-edef291452ff,UNVERIFIED_FAILURE,SCHEDULED,0,0,0,,,0,0,,
b4_durable_workflow-mid_dispatch-payments-7738b828-r14,p30,B4_DURABLE_WORKFLOW,mid_dispatch,payments,AUTHORITATIVE_READBACK,CALLER_REFERENCE,22c83ac8-59cd-4edb-bf52-787746b7777d,CONFIRMED_APPLIED,APPLIED,1,0,1,3617.164692,,0,0,,
b4_durable_workflow-mid_dispatch-payments-7738b828-r2,p30,B4_DURABLE_WORKFLOW,mid_dispatch,payments,AUTHORITATIVE_READBACK,CALLER_REFERENCE,91a5f1bf-6f33-439f-991a-75736f951a03,CONFIRMED_APPLIED,APPLIED,1,0,1,3700.042102,,0,0,,
b4_durable_workflow-mid_dispatch-payments-7738b828-r2,p30,B4_DURABLE_WORKFLOW,mid_dispatch,payments,AUTHORITATIVE_READBACK,CALLER_REFERENCE,c323f433-19bc-426e-95ca-ea0d814e17f0,CONFIRMED_APPLIED,APPLIED,1,0,1,3924.483467,,0,0,,
b4_durable_workflow-mid_dispatch-payments-7738b828-r2,p30,B4_DURABLE_WORKFLOW,mid_dispatch,payments,AUTHORITATIVE_READBACK,CALLER_REFERENCE,acaea5e5-c227-4147-bc88-6a36b78aa8d6,CONFIRMED_APPLIED,APPLIED,1,0,1,4022.414357,,0,0,,
b4_durable_workflow-mid_dispatch-payments-7738b828-r2,p30,B4_DURABLE_WORKFLOW,mid_dispatch,payments,AUTHORITATIVE_READBACK,CALLER_REFERENCE,0e8c435a-7604-4b96-97c0-a1da5ebdc815,CONFIRMED_APPLIED,APPLIED,1,0,1,4023.856458,,0,0,,
b4_durable_workflow-mid_dispatch-payments-7738b828-r2,p30,B4_DURABLE_WORKFLOW,mid_dispatch,payments,AUTHORITATIVE_READBACK,CALLER_REFERENCE,041ca73a-0c58-4728-a6c8-1e6f74b8d024,CONFIRMED_APPLIED,APPLIED,2,1,1,25407.684729,107800.0,1,0,,
b4_durable_workflow-mid_dispatch-payments-7738b828-r2,p30,B4_DURABLE_WORKFLOW,mid_dispatch,payments,AUTHORITATIVE_READBACK,CALLER_REFERENCE,1623357f-5a72-4ef5-b9ad-bbad46fbb6ee,CONFIRMED_APPLIED,APPLIED,2,1,1,25347.577251,123786.0,1,0,,
b4_durable_workflow-mid_dispatch-payments-7738b828-r2,p30,B4_DURABLE_WORKFLOW,mid_dispatch,payments,AUTHORITATIVE_READBACK,CALLER_REFERENCE,8ffb3964-936f-4db9-baaa-a3b92ce28bd7,CONFIRMED_APPLIED,APPLIED,2,1,1,25617.509231,94794.0,1,0,,
b4_durable_workflow-mid_dispatch-payments-7738b828-r2,p30,B4_DURABLE_WORKFLOW,mid_dispatch,payments,AUTHORITATIVE_READBACK,CALLER_REFERENCE,1254f655-e442-46b5-9f5e-dd422503fcab,CONFIRMED_APPLIED,APPLIED,2,1,1,25476.571757,65734.0,1,0,,
b4_durable_workflow-mid_dispatch-payments-7738b828-r2,p30,B4_DURABLE_WORKFLOW,mid_dispatch,payments,AUTHORITATIVE_READBACK,CALLER_REFERENCE,ede96e38-ff60-4c55-a4d0-1c103d041cb3,CONFIRMED_APPLIED,APPLIED,1,0,1,3914.190467,,0,0,,
b4_durable_workflow-mid_dispatch-payments-7738b828-r2,p30,B4_DURABLE_WORKFLOW,mid_dispatch,payments,AUTHORITATIVE_READBACK,CALLER_REFERENCE,ca1ae671-93fc-43b5-8f23-b6e67a5f0587,CONFIRMED_APPLIED,APPLIED,3,1,2,30429.4678,32722.0,1,0,,
b4_durable_workflow-mid_dispatch-payments-7738b828-r3,p30,B4_DURABLE_WORKFLOW,mid_dispatch,payments,AUTHORITATIVE_READBACK,CALLER_REFERENCE,bb28870a-fe96-44f2-b025-98b0aa3a1b0f,CONFIRMED_APPLIED,APPLIED,3,0,3,13540.609276,,1,0,,
b4_durable_workflow-mid_dispatch-payments-7738b828-r3,p30,B4_DURABLE_WORKFLOW,mid_dispatch,payments,AUTHORITATIVE_READBACK,CALLER_REFERENCE,7feea2d4-10d3-4afb-9fd8-689d93b920bf,CONFIRMED_APPLIED,APPLIED,1,0,1,3920.56615,,0,0,,
b4_durable_workflow-mid_dispatch-payments-7738b828-r3,p30,B4_DURABLE_WORKFLOW,mid_dispatch,payments,AUTHORITATIVE_READBACK,CALLER_REFERENCE,9eb8555d-1593-4c00-a4b3-9c8779945d53,CONFIRMED_APPLIED,APPLIED,2,0,2,9065.014865,,1,0,,
b4_durable_workflow-mid_dispatch-payments-7738b828-r3,p30,B4_DURABLE_WORKFLOW,mid_dispatch,payments,AUTHORITATIVE_READBACK,CALLER_REFERENCE,f8b6f15b-33b2-46df-9944-3e29e04ed5f0,CONFIRMED_APPLIED,APPLIED,1,0,1,4017.104474,,0,0,,
b4_durable_workflow-mid_dispatch-payments-7738b828-r3,p30,B4_DURABLE_WORKFLOW,mid_dispatch,payments,AUTHORITATIVE_READBACK,CALLER_REFERENCE,10815461-6fe9-4afa-960f-a912e1936afc,CONFIRMED_APPLIED,APPLIED,2,1,1,25354.149315,27649.0,1,0,,
b4_durable_workflow-mid_dispatch-payments-7738b828-r3,p30,B4_DURABLE_WORKFLOW,mid_dispatch,payments,AUTHORITATIVE_READBACK,CALLER_REFERENCE,f79998f7-42c6-4b48-85f5-39b2fbf5650f,CONFIRMED_APPLIED,APPLIED,1,0,1,3602.308681,,0,0,,
b4_durable_workflow-mid_dispatch-payments-7738b828-r3,p30,B4_DURABLE_WORKFLOW,mid_dispatch,payments,AUTHORITATIVE_READBACK,CALLER_REFERENCE,d4b41d22-55eb-4a79-b5dc-eb88465fa576,CONFIRMED_APPLIED,APPLIED,1,0,1,4014.026817,,0,0,,
b4_durable_workflow-mid_dispatch-payments-7738b828-r3,p30,B4_DURABLE_WORKFLOW,mid_dispatch,payments,AUTHORITATIVE_READBACK,CALLER_REFERENCE,505ba854-e7ea-4469-9892-07246e024cdf,CONFIRMED_APPLIED,APPLIED,2,1,1,25370.456183,50603.0,1,0,,
b4_durable_workflow-mid_dispatch-payments-7738b828-r3,p30,B4_DURABLE_WORKFLOW,mid_dispatch,payments,AUTHORITATIVE_READBACK,CALLER_REFERENCE,f1a4fed9-be7c-4c9a-928e-cb86622c27f2,CONFIRMED_APPLIED,APPLIED,1,0,1,3918.497308,,0,0,,
b4_durable_workflow-mid_dispatch-payments-7738b828-r3,p30,B4_DURABLE_WORKFLOW,mid_dispatch,payments,AUTHORITATIVE_READBACK,CALLER_REFERENCE,5b8d3757-4a15-42d0-8eda-28d915d99bb5,CONFIRMED_APPLIED,APPLIED,1,0,1,3927.63187,,0,0,,
b4_durable_workflow-mid_dispatch-payments-7738b828-r4,p30,B4_DURABLE_WORKFLOW,mid_dispatch,payments,AUTHORITATIVE_READBACK,CALLER_REFERENCE,030ef576-426d-4873-9cf9-f00d5d8bcc37,CONFIRMED_APPLIED,APPLIED,1,0,1,3420.864695,,0,0,,
b4_durable_workflow-mid_dispatch-payments-7738b828-r4,p30,B4_DURABLE_WORKFLOW,mid_dispatch,payments,AUTHORITATIVE_READBACK,CALLER_REFERENCE,4967ac13-66fc-4504-adde-0f77e595c984,CONFIRMED_APPLIED,APPLIED,2,0,2,8846.415674,,1,0,,
b4_durable_workflow-mid_dispatch-payments-7738b828-r4,p30,B4_DURABLE_WORKFLOW,mid_dispatch,payments,AUTHORITATIVE_READBACK,CALLER_REFERENCE,250f6178-6f0e-4a7c-83be-b3814dd0681e,CONFIRMED_APPLIED,APPLIED,1,0,1,3996.47308,,0,0,,
b4_durable_workflow-mid_dispatch-payments-7738b828-r4,p30,B4_DURABLE_WORKFLOW,mid_dispatch,payments,AUTHORITATIVE_READBACK,CALLER_REFERENCE,069b53b0-87ee-4d63-ace7-7593defafdbf,CONFIRMED_APPLIED,APPLIED,2,1,1,25490.273817,56767.0,1,0,,
b4_durable_workflow-mid_dispatch-payments-7738b828-r4,p30,B4_DURABLE_WORKFLOW,mid_dispatch,payments,AUTHORITATIVE_READBACK,CALLER_REFERENCE,9c8b6995-9055-44ee-923e-eb0c7a2a4cc3,CONFIRMED_APPLIED,APPLIED,2,1,1,25560.694577,27776.0,1,0,,
b4_durable_workflow-mid_dispatch-payments-7738b828-r4,p30,B4_DURABLE_WORKFLOW,mid_dispatch,payments,AUTHORITATIVE_READBACK,CALLER_REFERENCE,773b04a4-59d4-4e5b-a9e2-0c81ab935b48,CONFIRMED_APPLIED,APPLIED,2,1,1,25329.802547,73652.0,1,0,,
b4_durable_workflow-mid_dispatch-payments-7738b828-r4,p30,B4_DURABLE_WORKFLOW,mid_dispatch,payments,AUTHORITATIVE_READBACK,CALLER_REFERENCE,05d8e83f-faa6-401a-81b3-bdd506730674,CONFIRMED_APPLIED,APPLIED,1,0,1,4018.983807,,0,0,,
b4_durable_workflow-mid_dispatch-payments-7738b828-r4,p30,B4_DURABLE_WORKFLOW,mid_dispatch,payments,AUTHORITATIVE_READBACK,CALLER_REFERENCE,568f3114-77b6-4655-820b-6bafa778e58a,CONFIRMED_APPLIED,APPLIED,2,1,1,25417.504513,40703.0,1,0,,
b4_durable_workflow-mid_dispatch-payments-7738b828-r4,p30,B4_DURABLE_WORKFLOW,mid_dispatch,payments,AUTHORITATIVE_READBACK,CALLER_REFERENCE,c99112b2-cf1f-4b13-848e-fb1873ff6a66,CONFIRMED_APPLIED,APPLIED,1,0,1,4019.479209,,0,0,,
b4_durable_workflow-mid_dispatch-payments-7738b828-r4,p30,B4_DURABLE_WORKFLOW,mid_dispatch,payments,AUTHORITATIVE_READBACK,CALLER_REFERENCE,cff62ebb-dd9d-45d9-b824-7b04c4a666fa,CONFIRMED_APPLIED,APPLIED,1,0,1,3954.447208,,0,0,,
b4_durable_workflow-mid_dispatch-payments-7738b828-r5,p30,B4_DURABLE_WORKFLOW,mid_dispatch,payments,AUTHORITATIVE_READBACK,CALLER_REFERENCE,930623e7-22ef-4b1c-922f-54a5ebae3ea3,CONFIRMED_APPLIED,APPLIED,2,1,1,25653.958187,93535.0,1,0,,
b4_durable_workflow-mid_dispatch-payments-7738b828-r5,p30,B4_DURABLE_WORKFLOW,mid_dispatch,payments,AUTHORITATIVE_READBACK,CALLER_REFERENCE,dd7c34ef-5fb1-4b49-a157-a04523506d24,CONFIRMED_APPLIED,APPLIED,1,0,1,4070.522523,,0,0,,
b4_durable_workflow-mid_dispatch-payments-7738b828-r5,p30,B4_DURABLE_WORKFLOW,mid_dispatch,payments,AUTHORITATIVE_READBACK,CALLER_REFERENCE,a1a5f046-0a3b-4996-8087-c8f2d55542d4,CONFIRMED_APPLIED,APPLIED,2,1,1,22078.102617,60541.0,1,0,,
b4_durable_workflow-mid_dispatch-payments-7738b828-r5,p30,B4_DURABLE_WORKFLOW,mid_dispatch,payments,AUTHORITATIVE_READBACK,CALLER_REFERENCE,67622347-f70b-437c-8527-be6bdceb1d6c,CONFIRMED_APPLIED,APPLIED,2,1,1,25616.563211,31685.0,1,0,,
b4_durable_workflow-mid_dispatch-payments-7738b828-r5,p30,B4_DURABLE_WORKFLOW,mid_dispatch,payments,AUTHORITATIVE_READBACK,CALLER_REFERENCE,1e80f732-c394-4b36-9f50-599311b89fc9,CONFIRMED_APPLIED,APPLIED,1,0,1,3915.938763,,0,0,,
b4_durable_workflow-mid_dispatch-payments-7738b828-r5,p30,B4_DURABLE_WORKFLOW,mid_dispatch,payments,AUTHORITATIVE_READBACK,CALLER_REFERENCE,a580c5ae-058a-48cd-9a6d-60fe637e9484,CONFIRMED_APPLIED,APPLIED,2,1,1,25653.973858,93537.0,1,0,,
b4_durable_workflow-mid_dispatch-payments-7738b828-r5,p30,B4_DURABLE_WORKFLOW,mid_dispatch,payments,AUTHORITATIVE_READBACK,CALLER_REFERENCE,e57b62f6-0aaa-4250-adad-b19e9bea4bbd,CONFIRMED_APPLIED,APPLIED,1,0,1,4070.480748,,0,0,,
b4_durable_workflow-mid_dispatch-payments-7738b828-r5,p30,B4_DURABLE_WORKFLOW,mid_dispatch,payments,AUTHORITATIVE_READBACK,CALLER_REFERENCE,4b8bf31d-ae49-4048-b7f4-eb17c73da2cd,CONFIRMED_APPLIED,APPLIED,1,0,1,4013.712977,,0,0,,
b4_durable_workflow-mid_dispatch-payments-7738b828-r5,p30,B4_DURABLE_WORKFLOW,mid_dispatch,payments,AUTHORITATIVE_READBACK,CALLER_REFERENCE,471134e6-a400-48c6-b0b2-5efe9e2b9271,CONFIRMED_APPLIED,APPLIED,1,0,1,3915.30238,,0,0,,
b4_durable_workflow-mid_dispatch-payments-7738b828-r5,p30,B4_DURABLE_WORKFLOW,mid_dispatch,payments,AUTHORITATIVE_READBACK,CALLER_REFERENCE,22b85fec-c0bf-49b2-a149-e925e3f20891,CONFIRMED_APPLIED,APPLIED,1,0,1,3919.905096,,0,0,,
b4_durable_workflow-mid_dispatch-payments-7738b828-r6,p30,B4_DURABLE_WORKFLOW,mid_dispatch,payments,AUTHORITATIVE_READBACK,CALLER_REFERENCE,2ed5d403-761b-452f-b488-c745c3429113,CONFIRMED_APPLIED,APPLIED,2,1,1,25763.256927,78632.0,1,0,,
b4_durable_workflow-mid_dispatch-payments-7738b828-r6,p30,B4_DURABLE_WORKFLOW,mid_dispatch,payments,AUTHORITATIVE_READBACK,CALLER_REFERENCE,6f722b61-cc47-4d91-a721-60a22101d509,CONFIRMED_APPLIED,APPLIED,1,0,1,4012.993494,,0,0,,
b4_durable_workflow-mid_dispatch-payments-7738b828-r6,p30,B4_DURABLE_WORKFLOW,mid_dispatch,payments,AUTHORITATIVE_READBACK,CALLER_REFERENCE,b015254c-293f-41c8-8941-16bcdc896185,CONFIRMED_APPLIED,APPLIED,1,0,1,4015.316009,,0,0,,
b4_durable_workflow-mid_dispatch-payments-7738b828-r6,p30,B4_DURABLE_WORKFLOW,mid_dispatch,payments,AUTHORITATIVE_READBACK,CALLER_REFERENCE,460ca1f4-8f86-4d1c-bf6d-ed4eeb3234f2,CONFIRMED_APPLIED,APPLIED,1,0,1,4026.191886,,0,0,,
b4_durable_workflow-mid_dispatch-payments-7738b828-r6,p30,B4_DURABLE_WORKFLOW,mid_dispatch,payments,AUTHORITATIVE_READBACK,CALLER_REFERENCE,33aa9782-df0d-4a1a-95ad-ffeaafccf98c,CONFIRMED_APPLIED,APPLIED,1,0,1,3914.327949,,0,0,,
b4_durable_workflow-mid_dispatch-payments-7738b828-r6,p30,B4_DURABLE_WORKFLOW,mid_dispatch,payments,AUTHORITATIVE_READBACK,CALLER_REFERENCE,dda49340-4ec7-4653-b5c8-331c05e2d289,CONFIRMED_APPLIED,APPLIED,2,1,1,25763.180456,78636.0,1,0,,
b4_durable_workflow-mid_dispatch-payments-7738b828-r6,p30,B4_DURABLE_WORKFLOW,mid_dispatch,payments,AUTHORITATIVE_READBACK,CALLER_REFERENCE,880084fa-052e-4155-aa24-b95f3affe908,CONFIRMED_APPLIED,APPLIED,3,0,3,13916.288133,,1,0,,
b4_durable_workflow-mid_dispatch-payments-7738b828-r6,p30,B4_DURABLE_WORKFLOW,mid_dispatch,payments,AUTHORITATIVE_READBACK,CALLER_REFERENCE,859cd87b-6c74-4cc5-a0d1-efd9c037c30b,CONFIRMED_APPLIED,APPLIED,1,0,1,4069.422336,,0,0,,
b4_durable_workflow-mid_dispatch-payments-7738b828-r6,p30,B4_DURABLE_WORKFLOW,mid_dispatch,payments,AUTHORITATIVE_READBACK,CALLER_REFERENCE,02ba48bd-9bf6-41ad-a40a-87f705edc2d7,CONFIRMED_APPLIED,APPLIED,1,0,1,4015.032865,,0,0,,
b4_durable_workflow-mid_dispatch-payments-7738b828-r6,p30,B4_DURABLE_WORKFLOW,mid_dispatch,payments,AUTHORITATIVE_READBACK,CALLER_REFERENCE,58868bb7-98c6-4164-a5ca-9d3f8ec6402d,CONFIRMED_APPLIED,APPLIED,2,1,1,25396.520008,27626.0,1,0,,
b4_durable_workflow-mid_dispatch-payments-7738b828-r7,p30,B4_DURABLE_WORKFLOW,mid_dispatch,payments,AUTHORITATIVE_READBACK,CALLER_REFERENCE,eccecc65-1b83-498a-bed0-315ae654b095,CONFIRMED_APPLIED,APPLIED,2,1,1,25644.991819,99845.0,1,0,,
b4_durable_workflow-mid_dispatch-payments-7738b828-r7,p30,B4_DURABLE_WORKFLOW,mid_dispatch,payments,AUTHORITATIVE_READBACK,CALLER_REFERENCE,9222f850-0211-4da4-bcfc-a846cc8ee616,CONFIRMED_APPLIED,APPLIED,3,1,2,29427.562823,69812.0,1,0,,
b4_durable_workflow-mid_dispatch-payments-7738b828-r7,p30,B4_DURABLE_WORKFLOW,mid_dispatch,payments,AUTHORITATIVE_READBACK,CALLER_REFERENCE,a36fd43b-44aa-4f19-b2d5-e9fea8e09a8f,CONFIRMED_APPLIED,APPLIED,1,0,1,4014.167961,,0,0,,
b4_durable_workflow-mid_dispatch-payments-7738b828-r7,p30,B4_DURABLE_WORKFLOW,mid_dispatch,payments,AUTHORITATIVE_READBACK,CALLER_REFERENCE,fd4c6e29-0798-4bdc-bdb1-f580b7678e16,CONFIRMED_APPLIED,APPLIED,1,0,1,4012.991724,,0,0,,
b4_durable_workflow-mid_dispatch-payments-7738b828-r7,p30,B4_DURABLE_WORKFLOW,mid_dispatch,payments,AUTHORITATIVE_READBACK,CALLER_REFERENCE,95bf857a-bba8-4a2d-8c16-3671202a0c6d,CONFIRMED_APPLIED,APPLIED,2,1,1,24448.919723,27677.0,1,0,,
b4_durable_workflow-mid_dispatch-payments-7738b828-r7,p30,B4_DURABLE_WORKFLOW,mid_dispatch,payments,AUTHORITATIVE_READBACK,CALLER_REFERENCE,76edb62c-f0d8-485b-9f31-42aea6387872,CONFIRMED_APPLIED,APPLIED,1,0,1,3318.084555,,0,0,,
b4_durable_workflow-mid_dispatch-payments-7738b828-r7,p30,B4_DURABLE_WORKFLOW,mid_dispatch,payments,AUTHORITATIVE_READBACK,CALLER_REFERENCE,12b93e38-cec1-453b-9e26-bc6661c8f29a,CONFIRMED_APPLIED,APPLIED,1,0,1,3961.628909,,0,0,,
b4_durable_workflow-mid_dispatch-payments-7738b828-r7,p30,B4_DURABLE_WORKFLOW,mid_dispatch,payments,AUTHORITATIVE_READBACK,CALLER_REFERENCE,59b8bbba-fab7-4613-9421-498c28fb0539,CONFIRMED_APPLIED,APPLIED,1,0,1,3919.540766,,0,0,,
b4_durable_workflow-mid_dispatch-payments-7738b828-r7,p30,B4_DURABLE_WORKFLOW,mid_dispatch,payments,AUTHORITATIVE_READBACK,CALLER_REFERENCE,41b96464-07fa-4413-9d9f-1079728bb733,CONFIRMED_APPLIED,APPLIED,1,0,1,4118.949282,,0,0,,
b4_durable_workflow-mid_dispatch-payments-7738b828-r7,p30,B4_DURABLE_WORKFLOW,mid_dispatch,payments,AUTHORITATIVE_READBACK,CALLER_REFERENCE,d80c6e50-751b-4d52-862e-aea949a60634,CONFIRMED_APPLIED,APPLIED,2,1,1,23617.280829,83723.0,1,0,,
b4_durable_workflow-mid_dispatch-payments-7738b828-r8,p30,B4_DURABLE_WORKFLOW,mid_dispatch,payments,AUTHORITATIVE_READBACK,CALLER_REFERENCE,0de9d037-3af2-4541-8cf7-5673b5279fb3,CONFIRMED_APPLIED,APPLIED,2,1,1,24423.943535,43735.0,1,0,,
b4_durable_workflow-mid_dispatch-payments-7738b828-r8,p30,B4_DURABLE_WORKFLOW,mid_dispatch,payments,AUTHORITATIVE_READBACK,CALLER_REFERENCE,bf6a869b-627b-4e1a-abf9-5c7530f46149,CONFIRMED_APPLIED,APPLIED,1,0,1,4114.826501,,0,0,,
b4_durable_workflow-mid_dispatch-payments-7738b828-r8,p30,B4_DURABLE_WORKFLOW,mid_dispatch,payments,AUTHORITATIVE_READBACK,CALLER_REFERENCE,29678e8c-ce21-447e-9a41-f369c75ef696,CONFIRMED_APPLIED,APPLIED,1,0,1,3729.868994,,0,0,,
b4_durable_workflow-mid_dispatch-payments-7738b828-r8,p30,B4_DURABLE_WORKFLOW,mid_dispatch,payments,AUTHORITATIVE_READBACK,CALLER_REFERENCE,eb876e23-b3eb-4219-8462-20b56fbd8b7c,CONFIRMED_APPLIED,APPLIED,1,0,1,4133.792112,,0,0,,
b4_durable_workflow-mid_dispatch-payments-7738b828-r8,p30,B4_DURABLE_WORKFLOW,mid_dispatch,payments,AUTHORITATIVE_READBACK,CALLER_REFERENCE,0a227f8c-4040-43a8-b811-35ca583dff84,CONFIRMED_APPLIED,APPLIED,1,0,1,4078.18933,,0,0,,
b4_durable_workflow-mid_dispatch-payments-7738b828-r8,p30,B4_DURABLE_WORKFLOW,mid_dispatch,payments,AUTHORITATIVE_READBACK,CALLER_REFERENCE,ee068dc1-8f1c-4af3-99c3-facbaa55e59f,CONFIRMED_APPLIED,APPLIED,1,0,1,3431.245166,,0,0,,
b4_durable_workflow-mid_dispatch-payments-7738b828-r8,p30,B4_DURABLE_WORKFLOW,mid_dispatch,payments,AUTHORITATIVE_READBACK,CALLER_REFERENCE,fd6797de-fe93-40e7-9f68-a807c5d27b04,CONFIRMED_APPLIED,APPLIED,1,1,1,25050.692696,39981.0,0,0,,
b4_durable_workflow-mid_dispatch-payments-7738b828-r8,p30,B4_DURABLE_WORKFLOW,mid_dispatch,payments,AUTHORITATIVE_READBACK,CALLER_REFERENCE,1621937c-8548-4d4b-84ea-cb0824d41d2a,CONFIRMED_APPLIED,APPLIED,1,0,1,3729.964441,,0,0,,
b4_durable_workflow-mid_dispatch-payments-7738b828-r8,p30,B4_DURABLE_WORKFLOW,mid_dispatch,payments,AUTHORITATIVE_READBACK,CALLER_REFERENCE,27d1e5ea-96d8-4335-a1a5-9136323e0131,CONFIRMED_APPLIED,APPLIED,1,0,1,4133.832892,,0,0,,
b4_durable_workflow-mid_dispatch-payments-7738b828-r8,p30,B4_DURABLE_WORKFLOW,mid_dispatch,payments,AUTHORITATIVE_READBACK,CALLER_REFERENCE,a41f8c90-e0bc-442d-9bb8-7eedb5ca4d68,CONFIRMED_APPLIED,APPLIED,1,0,1,4078.28409,,0,0,,
b4_durable_workflow-mid_dispatch-payments-7738b828-r9,p30,B4_DURABLE_WORKFLOW,mid_dispatch,payments,AUTHORITATIVE_READBACK,CALLER_REFERENCE,bcadef5e-2fb7-4177-aaaf-8def304419b9,CONFIRMED_APPLIED,APPLIED,2,1,1,24994.552127,118724.0,1,0,,
b4_durable_workflow-mid_dispatch-payments-7738b828-r9,p30,B4_DURABLE_WORKFLOW,mid_dispatch,payments,AUTHORITATIVE_READBACK,CALLER_REFERENCE,11756f81-51dd-4f80-bca9-d71796688654,CONFIRMED_APPLIED,APPLIED,1,0,1,4013.579636,,0,0,,
b4_durable_workflow-mid_dispatch-payments-7738b828-r9,p30,B4_DURABLE_WORKFLOW,mid_dispatch,payments,AUTHORITATIVE_READBACK,CALLER_REFERENCE,f2b9f313-ac57-49de-bd62-0c21f208e4d9,CONFIRMED_APPLIED,APPLIED,2,1,1,24446.053795,85731.0,1,0,,
b4_durable_workflow-mid_dispatch-payments-7738b828-r9,p30,B4_DURABLE_WORKFLOW,mid_dispatch,payments,AUTHORITATIVE_READBACK,CALLER_REFERENCE,620a101a-a802-4467-b24f-dc4b77965a1a,CONFIRMED_APPLIED,APPLIED,1,0,1,4020.504176,,0,0,,
b4_durable_workflow-mid_dispatch-payments-7738b828-r9,p30,B4_DURABLE_WORKFLOW,mid_dispatch,payments,AUTHORITATIVE_READBACK,CALLER_REFERENCE,dc44225b-429f-4af1-9974-4b62c952341e,CONFIRMED_APPLIED,APPLIED,1,0,1,4084.007552,,0,0,,
b4_durable_workflow-mid_dispatch-payments-7738b828-r9,p30,B4_DURABLE_WORKFLOW,mid_dispatch,payments,AUTHORITATIVE_READBACK,CALLER_REFERENCE,62321612-a563-4ae1-9f04-80801047752c,CONFIRMED_APPLIED,APPLIED,2,1,1,24995.32573,118727.0,1,0,,
b4_durable_workflow-mid_dispatch-payments-7738b828-r9,p30,B4_DURABLE_WORKFLOW,mid_dispatch,payments,AUTHORITATIVE_READBACK,CALLER_REFERENCE,70df7e69-151d-43b0-952e-0ba6068c2748,CONFIRMED_APPLIED,APPLIED,3,0,3,13931.559026,,1,0,,
b4_durable_workflow-mid_dispatch-payments-7738b828-r9,p30,B4_DURABLE_WORKFLOW,mid_dispatch,payments,AUTHORITATIVE_READBACK,CALLER_REFERENCE,a39af748-74a1-49d6-b838-ab0a1fe940b7,UNVERIFIED_FAILURE,FAILED,4,1,3,37910.785341,75758.0,1,1,,
b4_durable_workflow-mid_dispatch-payments-7738b828-r9,p30,B4_DURABLE_WORKFLOW,mid_dispatch,payments,AUTHORITATIVE_READBACK,CALLER_REFERENCE,6c3beda0-75c5-4040-95a1-b63997ebc2ac,CONFIRMED_APPLIED,APPLIED,1,0,1,4015.350186,,0,0,,
b4_durable_workflow-mid_dispatch-payments-7738b828-r9,p30,B4_DURABLE_WORKFLOW,mid_dispatch,payments,AUTHORITATIVE_READBACK,CALLER_REFERENCE,baafdab7-8ec9-411a-bc5e-6b4eacac2b03,CONFIRMED_APPLIED,APPLIED,2,1,2,26824.461717,29688.0,1,0,,
b4b_durable_workflow_at_most_once-mid_dispatch-ledger_postings-efa5a3d4-r0,p30,B4B_DURABLE_WORKFLOW_AT_MOST_ONCE,mid_dispatch,ledger_postings,NO_READBACK,CALLER_REFERENCE,0e0b482a-dab6-451c-ba10-46f767b67780,CONFIRMED_APPLIED,APPLIED,1,0,1,3664.591465,,0,0,,
b4b_durable_workflow_at_most_once-mid_dispatch-ledger_postings-efa5a3d4-r0,p30,B4B_DURABLE_WORKFLOW_AT_MOST_ONCE,mid_dispatch,ledger_postings,NO_READBACK,CALLER_REFERENCE,5de19a2c-2216-4e10-8c8e-cffa8a65c34f,UNVERIFIED_FAILURE,FAILED,1,0,1,7030.224295,,0,1,,
b4b_durable_workflow_at_most_once-mid_dispatch-ledger_postings-efa5a3d4-r0,p30,B4B_DURABLE_WORKFLOW_AT_MOST_ONCE,mid_dispatch,ledger_postings,NO_READBACK,CALLER_REFERENCE,23e4c1ff-12db-4f71-a84e-28d325c65436,UNVERIFIED_FAILURE,TIMED_OUT,1,1,0,20442.409677,54784.0,0,1,,
b4b_durable_workflow_at_most_once-mid_dispatch-ledger_postings-efa5a3d4-r0,p30,B4B_DURABLE_WORKFLOW_AT_MOST_ONCE,mid_dispatch,ledger_postings,NO_READBACK,CALLER_REFERENCE,81cef6b4-6b35-418c-b884-e5f43eb4444f,UNVERIFIED_FAILURE,TIMED_OUT,1,1,0,21921.709426,28827.0,0,1,,
b4b_durable_workflow_at_most_once-mid_dispatch-ledger_postings-efa5a3d4-r0,p30,B4B_DURABLE_WORKFLOW_AT_MOST_ONCE,mid_dispatch,ledger_postings,NO_READBACK,CALLER_REFERENCE,5171d1ac-533f-4955-9284-e0ab7cbdf59a,CONFIRMED_APPLIED,APPLIED,1,0,1,4017.943783,,0,0,,
b4b_durable_workflow_at_most_once-mid_dispatch-ledger_postings-efa5a3d4-r0,p30,B4B_DURABLE_WORKFLOW_AT_MOST_ONCE,mid_dispatch,ledger_postings,NO_READBACK,CALLER_REFERENCE,d9d07e7e-dbf6-4585-9c58-bd4bc7db813e,CONFIRMED_APPLIED,APPLIED,1,0,1,3664.661976,,0,0,,
b4b_durable_workflow_at_most_once-mid_dispatch-ledger_postings-efa5a3d4-r0,p30,B4B_DURABLE_WORKFLOW_AT_MOST_ONCE,mid_dispatch,ledger_postings,NO_READBACK,CALLER_REFERENCE,218c6012-215a-4b21-ab96-75dada2524ed,CONFIRMED_APPLIED,APPLIED,1,0,1,4017.990235,,0,0,,
b4b_durable_workflow_at_most_once-mid_dispatch-ledger_postings-efa5a3d4-r0,p30,B4B_DURABLE_WORKFLOW_AT_MOST_ONCE,mid_dispatch,ledger_postings,NO_READBACK,CALLER_REFERENCE,c0f1b16c-0f98-489f-b67e-d7667a3005ad,CONFIRMED_APPLIED,APPLIED,1,0,1,4015.70843,,0,0,,
b4b_durable_workflow_at_most_once-mid_dispatch-ledger_postings-efa5a3d4-r0,p30,B4B_DURABLE_WORKFLOW_AT_MOST_ONCE,mid_dispatch,ledger_postings,NO_READBACK,CALLER_REFERENCE,6c4e9805-1dbc-46fd-a50a-5821c858a8f8,CONFIRMED_APPLIED,APPLIED,1,0,1,4012.560928,,0,0,,
b4b_durable_workflow_at_most_once-mid_dispatch-ledger_postings-efa5a3d4-r0,p30,B4B_DURABLE_WORKFLOW_AT_MOST_ONCE,mid_dispatch,ledger_postings,NO_READBACK,CALLER_REFERENCE,d1ea676c-77cc-46c3-9c71-235ab7f04f17,CONFIRMED_APPLIED,APPLIED,1,0,1,3734.382758,,0,0,,
b4b_durable_workflow_at_most_once-mid_dispatch-ledger_postings-efa5a3d4-r1,p30,B4B_DURABLE_WORKFLOW_AT_MOST_ONCE,mid_dispatch,ledger_postings,NO_READBACK,CALLER_REFERENCE,ab9e4502-ecfc-4326-81e6-c12c12cf1989,UNVERIFIED_FAILURE,TIMED_OUT,1,1,0,21302.126225,43873.0,0,1,,
b4b_durable_workflow_at_most_once-mid_dispatch-ledger_postings-efa5a3d4-r1,p30,B4B_DURABLE_WORKFLOW_AT_MOST_ONCE,mid_dispatch,ledger_postings,NO_READBACK,CALLER_REFERENCE,168c4381-58ae-489e-8667-bbf2be3317ea,UNVERIFIED_FAILURE,FAILED,1,0,1,7002.906102,,0,1,,
b4b_durable_workflow_at_most_once-mid_dispatch-ledger_postings-efa5a3d4-r1,p30,B4B_DURABLE_WORKFLOW_AT_MOST_ONCE,mid_dispatch,ledger_postings,NO_READBACK,CALLER_REFERENCE,5ce74283-7536-413b-ad08-286b2e663bf2,CONFIRMED_APPLIED,APPLIED,1,0,1,3922.228073,,0,0,,
b4b_durable_workflow_at_most_once-mid_dispatch-ledger_postings-efa5a3d4-r1,p30,B4B_DURABLE_WORKFLOW_AT_MOST_ONCE,mid_dispatch,ledger_postings,NO_READBACK,CALLER_REFERENCE,d5b6eef1-a37c-4e8a-9254-e2cf0dd69b48,CONFIRMED_APPLIED,APPLIED,1,0,1,4118.088927,,0,0,,
b4b_durable_workflow_at_most_once-mid_dispatch-ledger_postings-efa5a3d4-r1,p30,B4B_DURABLE_WORKFLOW_AT_MOST_ONCE,mid_dispatch,ledger_postings,NO_READBACK,CALLER_REFERENCE,e0cabfab-1bba-42f4-b4a2-6670fafc1161,CONFIRMED_APPLIED,APPLIED,1,0,1,4014.57258,,0,0,,
b4b_durable_workflow_at_most_once-mid_dispatch-ledger_postings-efa5a3d4-r1,p30,B4B_DURABLE_WORKFLOW_AT_MOST_ONCE,mid_dispatch,ledger_postings,NO_READBACK,CALLER_REFERENCE,8d8f3ba9-9090-44a8-b4e0-a2ad7d662398,UNVERIFIED_FAILURE,FAILED,0,0,1,3364.952227,,0,0,,
b4b_durable_workflow_at_most_once-mid_dispatch-ledger_postings-efa5a3d4-r1,p30,B4B_DURABLE_WORKFLOW_AT_MOST_ONCE,mid_dispatch,ledger_postings,NO_READBACK,CALLER_REFERENCE,216d7e33-db7f-4b34-8d93-3181593377e9,CONFIRMED_APPLIED,APPLIED,1,0,1,3890.376181,,0,0,,
b4b_durable_workflow_at_most_once-mid_dispatch-ledger_postings-efa5a3d4-r1,p30,B4B_DURABLE_WORKFLOW_AT_MOST_ONCE,mid_dispatch,ledger_postings,NO_READBACK,CALLER_REFERENCE,82d87119-f5c2-419e-98da-c07d072983cd,CONFIRMED_APPLIED,APPLIED,1,0,1,4020.460597,,0,0,,
b4b_durable_workflow_at_most_once-mid_dispatch-ledger_postings-efa5a3d4-r1,p30,B4B_DURABLE_WORKFLOW_AT_MOST_ONCE,mid_dispatch,ledger_postings,NO_READBACK,CALLER_REFERENCE,25edbff9-ba4c-462c-9eb4-f9319c4641ce,UNVERIFIED_FAILURE,TIMED_OUT,1,1,0,21336.648056,31819.0,0,1,,
b4b_durable_workflow_at_most_once-mid_dispatch-ledger_postings-efa5a3d4-r1,p30,B4B_DURABLE_WORKFLOW_AT_MOST_ONCE,mid_dispatch,ledger_postings,NO_READBACK,CALLER_REFERENCE,a15a8be5-bb2e-43ba-81db-1d2bd24d4bfa,CONFIRMED_APPLIED,APPLIED,1,0,1,4016.096825,,0,0,,
b4b_durable_workflow_at_most_once-mid_dispatch-ledger_postings-efa5a3d4-r10,p30,B4B_DURABLE_WORKFLOW_AT_MOST_ONCE,mid_dispatch,ledger_postings,NO_READBACK,CALLER_REFERENCE,16755ba5-9fc5-43c1-9587-e57b3d765686,UNVERIFIED_FAILURE,TIMED_OUT,1,1,0,21357.601167,84699.0,0,1,,
b4b_durable_workflow_at_most_once-mid_dispatch-ledger_postings-efa5a3d4-r10,p30,B4B_DURABLE_WORKFLOW_AT_MOST_ONCE,mid_dispatch,ledger_postings,NO_READBACK,CALLER_REFERENCE,269a5417-b716-46fd-8573-685e96ec01ac,UNVERIFIED_FAILURE,TIMED_OUT,1,1,0,21253.899885,58802.0,0,1,,
b4b_durable_workflow_at_most_once-mid_dispatch-ledger_postings-efa5a3d4-r10,p30,B4B_DURABLE_WORKFLOW_AT_MOST_ONCE,mid_dispatch,ledger_postings,NO_READBACK,CALLER_REFERENCE,cf0a7a86-1e31-41b2-8aed-da055cf286f9,UNVERIFIED_FAILURE,FAILED,0,0,1,4020.427875,,0,0,,
b4b_durable_workflow_at_most_once-mid_dispatch-ledger_postings-efa5a3d4-r10,p30,B4B_DURABLE_WORKFLOW_AT_MOST_ONCE,mid_dispatch,ledger_postings,NO_READBACK,CALLER_REFERENCE,08afb035-6a72-4572-a990-582c08721d72,UNVERIFIED_FAILURE,TIMED_OUT,1,1,0,21740.284146,28787.0,0,1,,
b4b_durable_workflow_at_most_once-mid_dispatch-ledger_postings-efa5a3d4-r10,p30,B4B_DURABLE_WORKFLOW_AT_MOST_ONCE,mid_dispatch,ledger_postings,NO_READBACK,CALLER_REFERENCE,ed1a8ec9-df0d-4107-9a32-5ab5b9a73c8a,CONFIRMED_APPLIED,APPLIED,1,0,1,4016.778537,,0,0,,
b4b_durable_workflow_at_most_once-mid_dispatch-ledger_postings-efa5a3d4-r10,p30,B4B_DURABLE_WORKFLOW_AT_MOST_ONCE,mid_dispatch,ledger_postings,NO_READBACK,CALLER_REFERENCE,44ee6fff-466c-43a1-adba-541f2c08a7e3,CONFIRMED_APPLIED,APPLIED,1,0,1,4060.521098,,0,0,,
b4b_durable_workflow_at_most_once-mid_dispatch-ledger_postings-efa5a3d4-r10,p30,B4B_DURABLE_WORKFLOW_AT_MOST_ONCE,mid_dispatch,ledger_postings,NO_READBACK,CALLER_REFERENCE,9ef52baa-45ae-4307-8b22-87b292c5e8a9,CONFIRMED_APPLIED,APPLIED,1,0,1,3818.705086,,0,0,,
b4b_durable_workflow_at_most_once-mid_dispatch-ledger_postings-efa5a3d4-r10,p30,B4B_DURABLE_WORKFLOW_AT_MOST_ONCE,mid_dispatch,ledger_postings,NO_READBACK,CALLER_REFERENCE,9659a6f4-550d-4d76-9157-714e73f431e9,UNVERIFIED_FAILURE,TIMED_OUT,1,1,0,21951.810236,76867.0,0,1,,
b4b_durable_workflow_at_most_once-mid_dispatch-ledger_postings-efa5a3d4-r10,p30,B4B_DURABLE_WORKFLOW_AT_MOST_ONCE,mid_dispatch,ledger_postings,NO_READBACK,CALLER_REFERENCE,f2d3b3d1-9e8f-4c63-b765-b4656df0787f,UNVERIFIED_FAILURE,TIMED_OUT,1,1,0,21675.750532,50826.0,0,1,,
b4b_durable_workflow_at_most_once-mid_dispatch-ledger_postings-efa5a3d4-r10,p30,B4B_DURABLE_WORKFLOW_AT_MOST_ONCE,mid_dispatch,ledger_postings,NO_READBACK,CALLER_REFERENCE,56f47ac5-11e6-455e-b6e9-f0d4ec0d202b,CONFIRMED_APPLIED,APPLIED,1,0,1,3921.489696,,0,0,,
b4b_durable_workflow_at_most_once-mid_dispatch-ledger_postings-efa5a3d4-r11,p30,B4B_DURABLE_WORKFLOW_AT_MOST_ONCE,mid_dispatch,ledger_postings,NO_READBACK,CALLER_REFERENCE,1ecfd028-d268-40b1-a296-f5c80cb869b6,CONFIRMED_APPLIED,APPLIED,1,0,1,3943.941526,,0,0,,
b4b_durable_workflow_at_most_once-mid_dispatch-ledger_postings-efa5a3d4-r11,p30,B4B_DURABLE_WORKFLOW_AT_MOST_ONCE,mid_dispatch,ledger_postings,NO_READBACK,CALLER_REFERENCE,2f86f016-fc40-4c4a-8a91-be9f104c54ae,UNVERIFIED_FAILURE,FAILED,1,0,1,6847.547656,,0,1,,
b4b_durable_workflow_at_most_once-mid_dispatch-ledger_postings-efa5a3d4-r11,p30,B4B_DURABLE_WORKFLOW_AT_MOST_ONCE,mid_dispatch,ledger_postings,NO_READBACK,CALLER_REFERENCE,35033447-2423-410d-b9a4-a12b2ba7bab6,UNVERIFIED_FAILURE,TIMED_OUT,1,1,0,21111.807401,51792.0,0,1,,
b4b_durable_workflow_at_most_once-mid_dispatch-ledger_postings-efa5a3d4-r11,p30,B4B_DURABLE_WORKFLOW_AT_MOST_ONCE,mid_dispatch,ledger_postings,NO_READBACK,CALLER_REFERENCE,e91d6fce-4c1f-42d9-8237-19c3ff9e381b,CONFIRMED_APPLIED,APPLIED,1,0,1,4101.574476,,0,0,,
b4b_durable_workflow_at_most_once-mid_dispatch-ledger_postings-efa5a3d4-r11,p30,B4B_DURABLE_WORKFLOW_AT_MOST_ONCE,mid_dispatch,ledger_postings,NO_READBACK,CALLER_REFERENCE,cec109b9-0ec7-4c30-8d4d-af7e6d4778fe,CONFIRMED_APPLIED,APPLIED,1,0,1,4043.347729,,0,0,,
b4b_durable_workflow_at_most_once-mid_dispatch-ledger_postings-efa5a3d4-r11,p30,B4B_DURABLE_WORKFLOW_AT_MOST_ONCE,mid_dispatch,ledger_postings,NO_READBACK,CALLER_REFERENCE,24ff6d95-2bc3-4579-9fa2-a4ae766e7c33,CONFIRMED_APPLIED,APPLIED,1,0,1,3944.258844,,0,0,,
b4b_durable_workflow_at_most_once-mid_dispatch-ledger_postings-efa5a3d4-r11,p30,B4B_DURABLE_WORKFLOW_AT_MOST_ONCE,mid_dispatch,ledger_postings,NO_READBACK,CALLER_REFERENCE,408892c2-3ef9-4651-9652-3438890e1a5e,UNVERIFIED_FAILURE,TIMED_OUT,1,1,0,21052.066288,58669.0,0,1,,
b4b_durable_workflow_at_most_once-mid_dispatch-ledger_postings-efa5a3d4-r11,p30,B4B_DURABLE_WORKFLOW_AT_MOST_ONCE,mid_dispatch,ledger_postings,NO_READBACK,CALLER_REFERENCE,303ee605-ad55-41b8-91b3-f86eb3275bdf,UNVERIFIED_FAILURE,TIMED_OUT,1,1,0,21976.223947,32670.0,0,1,,
b4b_durable_workflow_at_most_once-mid_dispatch-ledger_postings-efa5a3d4-r11,p30,B4B_DURABLE_WORKFLOW_AT_MOST_ONCE,mid_dispatch,ledger_postings,NO_READBACK,CALLER_REFERENCE,7a7ce561-6e58-4f02-a137-d67322b5c5d3,CONFIRMED_APPLIED,APPLIED,1,0,1,4013.324663,,0,0,,
b4b_durable_workflow_at_most_once-mid_dispatch-ledger_postings-efa5a3d4-r11,p30,B4B_DURABLE_WORKFLOW_AT_MOST_ONCE,mid_dispatch,ledger_postings,NO_READBACK,CALLER_REFERENCE,bc4f0f46-7211-4af4-83e9-439ff096937b,CONFIRMED_APPLIED,APPLIED,1,0,1,3915.921947,,0,0,,
b4b_durable_workflow_at_most_once-mid_dispatch-ledger_postings-efa5a3d4-r12,p30,B4B_DURABLE_WORKFLOW_AT_MOST_ONCE,mid_dispatch,ledger_postings,NO_READBACK,CALLER_REFERENCE,78645683-8bd3-46fd-85f9-08129e491e4b,CONFIRMED_APPLIED,APPLIED,1,0,1,4226.75989,,0,0,,
b4b_durable_workflow_at_most_once-mid_dispatch-ledger_postings-efa5a3d4-r12,p30,B4B_DURABLE_WORKFLOW_AT_MOST_ONCE,mid_dispatch,ledger_postings,NO_READBACK,CALLER_REFERENCE,2b505a46-f211-4201-90a3-fc1a4e7ae092,CONFIRMED_APPLIED,APPLIED,1,0,1,3983.667754,,0,0,,
b4b_durable_workflow_at_most_once-mid_dispatch-ledger_postings-efa5a3d4-r12,p30,B4B_DURABLE_WORKFLOW_AT_MOST_ONCE,mid_dispatch,ledger_postings,NO_READBACK,CALLER_REFERENCE,01e7a027-81b1-4ddb-8ad2-58eb6a6e66c4,UNVERIFIED_FAILURE,FAILED,1,0,1,6943.182037,,0,1,,
b4b_durable_workflow_at_most_once-mid_dispatch-ledger_postings-efa5a3d4-r12,p30,B4B_DURABLE_WORKFLOW_AT_MOST_ONCE,mid_dispatch,ledger_postings,NO_READBACK,CALLER_REFERENCE,2ede793a-6290-4507-a976-de2fb9134524,CONFIRMED_APPLIED,APPLIED,1,0,1,4026.190963,,0,0,,
b4b_durable_workflow_at_most_once-mid_dispatch-ledger_postings-efa5a3d4-r12,p30,B4B_DURABLE_WORKFLOW_AT_MOST_ONCE,mid_dispatch,ledger_postings,NO_READBACK,CALLER_REFERENCE,4c1039f8-5cf5-4d62-a67b-1298f79eeaad,CONFIRMED_APPLIED,APPLIED,1,0,1,4021.987843,,0,0,,
b4b_durable_workflow_at_most_once-mid_dispatch-ledger_postings-efa5a3d4-r12,p30,B4B_DURABLE_WORKFLOW_AT_MOST_ONCE,mid_dispatch,ledger_postings,NO_READBACK,CALLER_REFERENCE,7d28bca4-e5c2-4e93-b1cc-64b2dd56eec5,UNVERIFIED_FAILURE,FAILED,1,0,1,7091.387022,,0,1,,
b4b_durable_workflow_at_most_once-mid_dispatch-ledger_postings-efa5a3d4-r12,p30,B4B_DURABLE_WORKFLOW_AT_MOST_ONCE,mid_dispatch,ledger_postings,NO_READBACK,CALLER_REFERENCE,5150825c-605d-4e2c-aabe-d026cc93ee33,UNVERIFIED_FAILURE,TIMED_OUT,1,1,0,,59697.0,0,1,,
b4b_durable_workflow_at_most_once-mid_dispatch-ledger_postings-efa5a3d4-r12,p30,B4B_DURABLE_WORKFLOW_AT_MOST_ONCE,mid_dispatch,ledger_postings,NO_READBACK,CALLER_REFERENCE,ba4239d4-27df-42de-95c3-3db569a96566,CONFIRMED_APPLIED,APPLIED,1,0,1,3915.268497,,0,0,,
b4b_durable_workflow_at_most_once-mid_dispatch-ledger_postings-efa5a3d4-r12,p30,B4B_DURABLE_WORKFLOW_AT_MOST_ONCE,mid_dispatch,ledger_postings,NO_READBACK,CALLER_REFERENCE,806f8d43-d2f4-414e-a998-12612e80473d,CONFIRMED_APPLIED,APPLIED,1,0,1,4012.629341,,0,0,,
b4b_durable_workflow_at_most_once-mid_dispatch-ledger_postings-efa5a3d4-r12,p30,B4B_DURABLE_WORKFLOW_AT_MOST_ONCE,mid_dispatch,ledger_postings,NO_READBACK,CALLER_REFERENCE,87850008-0eed-4203-a845-3a0d421d7b14,UNVERIFIED_FAILURE,TIMED_OUT,1,1,0,19239.625209,24658.0,0,1,,
b4b_durable_workflow_at_most_once-mid_dispatch-ledger_postings-efa5a3d4-r13,p30,B4B_DURABLE_WORKFLOW_AT_MOST_ONCE,mid_dispatch,ledger_postings,NO_READBACK,CALLER_REFERENCE,00465542-4f42-4306-87af-8856c696bf37,UNVERIFIED_FAILURE,FAILED,0,0,1,3864.471247,,0,0,,
b4b_durable_workflow_at_most_once-mid_dispatch-ledger_postings-efa5a3d4-r13,p30,B4B_DURABLE_WORKFLOW_AT_MOST_ONCE,mid_dispatch,ledger_postings,NO_READBACK,CALLER_REFERENCE,249a1f01-cb6c-43de-a6ab-71bd5fec7139,UNVERIFIED_FAILURE,FAILED,1,0,1,6853.76715,,0,1,,
b4b_durable_workflow_at_most_once-mid_dispatch-ledger_postings-efa5a3d4-r13,p30,B4B_DURABLE_WORKFLOW_AT_MOST_ONCE,mid_dispatch,ledger_postings,NO_READBACK,CALLER_REFERENCE,014fa57c-73d7-42da-9a5c-d9141f7ca64f,CONFIRMED_APPLIED,APPLIED,1,0,1,4115.341702,,0,0,,
b4b_durable_workflow_at_most_once-mid_dispatch-ledger_postings-efa5a3d4-r13,p30,B4B_DURABLE_WORKFLOW_AT_MOST_ONCE,mid_dispatch,ledger_postings,NO_READBACK,CALLER_REFERENCE,c99d1da0-c5bd-4a0d-be34-2b5f87844122,UNVERIFIED_FAILURE,TIMED_OUT,1,1,0,19903.79846,50733.0,0,1,,
b4b_durable_workflow_at_most_once-mid_dispatch-ledger_postings-efa5a3d4-r13,p30,B4B_DURABLE_WORKFLOW_AT_MOST_ONCE,mid_dispatch,ledger_postings,NO_READBACK,CALLER_REFERENCE,e90ec430-83c6-45bb-ad35-446e34abb823,CONFIRMED_APPLIED,APPLIED,1,0,1,3886.788926,,0,0,,
b4b_durable_workflow_at_most_once-mid_dispatch-ledger_postings-efa5a3d4-r13,p30,B4B_DURABLE_WORKFLOW_AT_MOST_ONCE,mid_dispatch,ledger_postings,NO_READBACK,CALLER_REFERENCE,d2db2aac-f5a6-4611-a2a5-317422312b17,CONFIRMED_APPLIED,APPLIED,1,0,1,3883.738732,,0,0,,
b4b_durable_workflow_at_most_once-mid_dispatch-ledger_postings-efa5a3d4-r13,p30,B4B_DURABLE_WORKFLOW_AT_MOST_ONCE,mid_dispatch,ledger_postings,NO_READBACK,CALLER_REFERENCE,2082f24f-1ae1-4899-b2ba-96e6de80632c,UNVERIFIED_FAILURE,FAILED,1,0,1,6853.694777,,0,1,,
b4b_durable_workflow_at_most_once-mid_dispatch-ledger_postings-efa5a3d4-r13,p30,B4B_DURABLE_WORKFLOW_AT_MOST_ONCE,mid_dispatch,ledger_postings,NO_READBACK,CALLER_REFERENCE,0e8b7c3e-fc83-4e24-8d33-07c62fb6fe75,CONFIRMED_APPLIED,APPLIED,1,0,1,4115.45703,,0,0,,
b4b_durable_workflow_at_most_once-mid_dispatch-ledger_postings-efa5a3d4-r13,p30,B4B_DURABLE_WORKFLOW_AT_MOST_ONCE,mid_dispatch,ledger_postings,NO_READBACK,CALLER_REFERENCE,20be6498-9887-49e4-8098-99a41ec9fa4f,UNVERIFIED_FAILURE,TIMED_OUT,1,1,0,19904.122115,50735.0,0,1,,
b4b_durable_workflow_at_most_once-mid_dispatch-ledger_postings-efa5a3d4-r13,p30,B4B_DURABLE_WORKFLOW_AT_MOST_ONCE,mid_dispatch,ledger_postings,NO_READBACK,CALLER_REFERENCE,991f3016-af1f-4a3f-84dd-35908c500076,UNVERIFIED_FAILURE,TIMED_OUT,1,1,0,19916.275439,24730.0,0,1,,
b4b_durable_workflow_at_most_once-mid_dispatch-ledger_postings-efa5a3d4-r14,p30,B4B_DURABLE_WORKFLOW_AT_MOST_ONCE,mid_dispatch,ledger_postings,NO_READBACK,CALLER_REFERENCE,053b9393-9108-4099-af4e-36b143bb8550,CONFIRMED_APPLIED,APPLIED,1,0,1,4406.539865,,0,0,,
b4b_durable_workflow_at_most_once-mid_dispatch-ledger_postings-efa5a3d4-r14,p30,B4B_DURABLE_WORKFLOW_AT_MOST_ONCE,mid_dispatch,ledger_postings,NO_READBACK,CALLER_REFERENCE,fb4e5948-99d1-4485-b492-b3a591c1657b,CONFIRMED_APPLIED,APPLIED,1,0,1,3842.077803,,0,0,,
b4b_durable_workflow_at_most_once-mid_dispatch-ledger_postings-efa5a3d4-r14,p30,B4B_DURABLE_WORKFLOW_AT_MOST_ONCE,mid_dispatch,ledger_postings,NO_READBACK,CALLER_REFERENCE,260d4507-d169-43df-9393-be1a7ed00f64,UNVERIFIED_FAILURE,TIMED_OUT,1,1,0,514.153626,63618.0,0,1,,
b4b_durable_workflow_at_most_once-mid_dispatch-ledger_postings-efa5a3d4-r14,p30,B4B_DURABLE_WORKFLOW_AT_MOST_ONCE,mid_dispatch,ledger_postings,NO_READBACK,CALLER_REFERENCE,461bdf4b-92bc-4d40-a9f3-4a056c634a9a,CONFIRMED_APPLIED,APPLIED,1,0,1,6056.564785,,0,0,,
b4b_durable_workflow_at_most_once-mid_dispatch-ledger_postings-efa5a3d4-r14,p30,B4B_DURABLE_WORKFLOW_AT_MOST_ONCE,mid_dispatch,ledger_postings,NO_READBACK,CALLER_REFERENCE,8a4e7973-e1ef-4c85-91cd-5c89d196f9fc,CONFIRMED_APPLIED,APPLIED,1,0,1,3918.656859,,0,0,,
b4b_durable_workflow_at_most_once-mid_dispatch-ledger_postings-efa5a3d4-r14,p30,B4B_DURABLE_WORKFLOW_AT_MOST_ONCE,mid_dispatch,ledger_postings,NO_READBACK,CALLER_REFERENCE,b4617592-768f-46f8-aa42-cb6b70f1b39b,UNVERIFIED_FAILURE,FAILED,0,0,1,4406.529269,,0,0,,
b4b_durable_workflow_at_most_once-mid_dispatch-ledger_postings-efa5a3d4-r14,p30,B4B_DURABLE_WORKFLOW_AT_MOST_ONCE,mid_dispatch,ledger_postings,NO_READBACK,CALLER_REFERENCE,05ffaae1-c7db-4738-939a-74dea69894c4,CONFIRMED_APPLIED,APPLIED,1,0,1,3842.25685,,0,0,,
b4b_durable_workflow_at_most_once-mid_dispatch-ledger_postings-efa5a3d4-r14,p30,B4B_DURABLE_WORKFLOW_AT_MOST_ONCE,mid_dispatch,ledger_postings,NO_READBACK,CALLER_REFERENCE,c80af285-d5f5-4237-b93f-ffe3ba3457dd,CONFIRMED_APPLIED,APPLIED,1,0,1,4110.661937,,0,0,,
b4b_durable_workflow_at_most_once-mid_dispatch-ledger_postings-efa5a3d4-r14,p30,B4B_DURABLE_WORKFLOW_AT_MOST_ONCE,mid_dispatch,ledger_postings,NO_READBACK,CALLER_REFERENCE,81b10e5b-d1a9-4427-8630-ec4f9cbf197e,UNVERIFIED_FAILURE,TIMED_OUT,1,1,0,514.190608,59681.0,0,1,,
b4b_durable_workflow_at_most_once-mid_dispatch-ledger_postings-efa5a3d4-r14,p30,B4B_DURABLE_WORKFLOW_AT_MOST_ONCE,mid_dispatch,ledger_postings,NO_READBACK,CALLER_REFERENCE,1dd6d1dd-b83c-459f-babd-b9c55252e632,UNVERIFIED_FAILURE,TIMED_OUT,0,1,0,15095.170263,25738.0,0,0,,
b4b_durable_workflow_at_most_once-mid_dispatch-ledger_postings-efa5a3d4-r2,p30,B4B_DURABLE_WORKFLOW_AT_MOST_ONCE,mid_dispatch,ledger_postings,NO_READBACK,CALLER_REFERENCE,c6f0b40c-682b-4890-b08c-37ef249d46cb,UNVERIFIED_FAILURE,TIMED_OUT,0,1,0,22795.1955,106696.0,0,0,,
b4b_durable_workflow_at_most_once-mid_dispatch-ledger_postings-efa5a3d4-r2,p30,B4B_DURABLE_WORKFLOW_AT_MOST_ONCE,mid_dispatch,ledger_postings,NO_READBACK,CALLER_REFERENCE,37a07e0b-29ee-4089-a8ee-cf9667943199,UNVERIFIED_FAILURE,TIMED_OUT,1,1,0,22335.770662,80594.0,0,1,,
b4b_durable_workflow_at_most_once-mid_dispatch-ledger_postings-efa5a3d4-r2,p30,B4B_DURABLE_WORKFLOW_AT_MOST_ONCE,mid_dispatch,ledger_postings,NO_READBACK,CALLER_REFERENCE,58d1c473-4354-4036-bae1-d8070a32a954,CONFIRMED_APPLIED,APPLIED,1,0,1,4019.634766,,0,0,,
b4b_durable_workflow_at_most_once-mid_dispatch-ledger_postings-efa5a3d4-r2,p30,B4B_DURABLE_WORKFLOW_AT_MOST_ONCE,mid_dispatch,ledger_postings,NO_READBACK,CALLER_REFERENCE,652e6041-284a-417f-96ee-b557a6a938f7,UNVERIFIED_FAILURE,TIMED_OUT,1,1,0,22701.043658,50610.0,0,1,,
b4b_durable_workflow_at_most_once-mid_dispatch-ledger_postings-efa5a3d4-r2,p30,B4B_DURABLE_WORKFLOW_AT_MOST_ONCE,mid_dispatch,ledger_postings,NO_READBACK,CALLER_REFERENCE,0d6f8e9f-9f8b-42ab-949d-4e9e4b723ce0,CONFIRMED_APPLIED,APPLIED,1,0,1,3983.236373,,0,0,,
b4b_durable_workflow_at_most_once-mid_dispatch-ledger_postings-efa5a3d4-r2,p30,B4B_DURABLE_WORKFLOW_AT_MOST_ONCE,mid_dispatch,ledger_postings,NO_READBACK,CALLER_REFERENCE,b01a9c89-3dfd-48ed-b77f-d975818bcbba,UNVERIFIED_FAILURE,TIMED_OUT,1,1,0,22795.594134,106699.0,0,1,,
b4b_durable_workflow_at_most_once-mid_dispatch-ledger_postings-efa5a3d4-r2,p30,B4B_DURABLE_WORKFLOW_AT_MOST_ONCE,mid_dispatch,ledger_postings,NO_READBACK,CALLER_REFERENCE,2a5f37e7-c1ec-4657-8a38-d6794704add8,CONFIRMED_APPLIED,APPLIED,1,0,1,3849.763898,,0,0,,
b4b_durable_workflow_at_most_once-mid_dispatch-ledger_postings-efa5a3d4-r2,p30,B4B_DURABLE_WORKFLOW_AT_MOST_ONCE,mid_dispatch,ledger_postings,NO_READBACK,CALLER_REFERENCE,faa59238-93b4-4fff-86d3-79285fee41b5,UNVERIFIED_FAILURE,TIMED_OUT,1,1,0,22616.119248,76749.0,0,1,,
b4b_durable_workflow_at_most_once-mid_dispatch-ledger_postings-efa5a3d4-r2,p30,B4B_DURABLE_WORKFLOW_AT_MOST_ONCE,mid_dispatch,ledger_postings,NO_READBACK,CALLER_REFERENCE,fd59072d-28c0-4cda-a74a-d27caf3d265f,UNVERIFIED_FAILURE,TIMED_OUT,0,1,0,22699.619523,50618.0,0,0,,
b4b_durable_workflow_at_most_once-mid_dispatch-ledger_postings-efa5a3d4-r2,p30,B4B_DURABLE_WORKFLOW_AT_MOST_ONCE,mid_dispatch,ledger_postings,NO_READBACK,CALLER_REFERENCE,1ac5c5f0-bc5d-408c-9bd9-0b90238f97a9,UNVERIFIED_FAILURE,TIMED_OUT,1,1,0,22449.85543,24649.0,0,1,,
b4b_durable_workflow_at_most_once-mid_dispatch-ledger_postings-efa5a3d4-r3,p30,B4B_DURABLE_WORKFLOW_AT_MOST_ONCE,mid_dispatch,ledger_postings,NO_READBACK,CALLER_REFERENCE,45b344c1-163e-4d91-b15c-8df82d550f36,UNVERIFIED_FAILURE,TIMED_OUT,1,1,0,22370.348077,43475.0,0,1,,
b4b_durable_workflow_at_most_once-mid_dispatch-ledger_postings-efa5a3d4-r3,p30,B4B_DURABLE_WORKFLOW_AT_MOST_ONCE,mid_dispatch,ledger_postings,NO_READBACK,CALLER_REFERENCE,ac195ea5-97ec-4092-8edd-a4edd637c227,UNVERIFIED_FAILURE,FAILED,1,0,1,6930.685891,,0,1,,
b4b_durable_workflow_at_most_once-mid_dispatch-ledger_postings-efa5a3d4-r3,p30,B4B_DURABLE_WORKFLOW_AT_MOST_ONCE,mid_dispatch,ledger_postings,NO_READBACK,CALLER_REFERENCE,8473bacd-824b-4498-817d-0d3fc67dec3e,CONFIRMED_APPLIED,APPLIED,1,0,1,4023.093269,,0,0,,
b4b_durable_workflow_at_most_once-mid_dispatch-ledger_postings-efa5a3d4-r3,p30,B4B_DURABLE_WORKFLOW_AT_MOST_ONCE,mid_dispatch,ledger_postings,NO_READBACK,CALLER_REFERENCE,89723e1d-5178-4edb-aa74-d3eddcfd4373,CONFIRMED_APPLIED,APPLIED,1,0,1,4018.787946,,0,0,,
b4b_durable_workflow_at_most_once-mid_dispatch-ledger_postings-efa5a3d4-r3,p30,B4B_DURABLE_WORKFLOW_AT_MOST_ONCE,mid_dispatch,ledger_postings,NO_READBACK,CALLER_REFERENCE,31ff97ec-88ac-4812-9015-aa20f2bfcdb3,CONFIRMED_APPLIED,APPLIED,1,0,1,3834.353636,,0,0,,
b4b_durable_workflow_at_most_once-mid_dispatch-ledger_postings-efa5a3d4-r3,p30,B4B_DURABLE_WORKFLOW_AT_MOST_ONCE,mid_dispatch,ledger_postings,NO_READBACK,CALLER_REFERENCE,f443f419-b7f3-4840-bbd1-96e4c809d42b,UNVERIFIED_FAILURE,FAILED,1,0,1,6279.807115,,0,1,,
b4b_durable_workflow_at_most_once-mid_dispatch-ledger_postings-efa5a3d4-r3,p30,B4B_DURABLE_WORKFLOW_AT_MOST_ONCE,mid_dispatch,ledger_postings,NO_READBACK,CALLER_REFERENCE,0f579632-abe4-44b5-be3a-3385bc765308,CONFIRMED_APPLIED,APPLIED,1,0,1,3994.814595,,0,0,,
b4b_durable_workflow_at_most_once-mid_dispatch-ledger_postings-efa5a3d4-r3,p30,B4B_DURABLE_WORKFLOW_AT_MOST_ONCE,mid_dispatch,ledger_postings,NO_READBACK,CALLER_REFERENCE,38ac8615-841f-49e9-a0b2-207fc0446926,CONFIRMED_APPLIED,APPLIED,1,0,1,4044.882427,,0,0,,
b4b_durable_workflow_at_most_once-mid_dispatch-ledger_postings-efa5a3d4-r3,p30,B4B_DURABLE_WORKFLOW_AT_MOST_ONCE,mid_dispatch,ledger_postings,NO_READBACK,CALLER_REFERENCE,ecfd372c-5f5c-42f2-8efd-039ee87eb207,CONFIRMED_APPLIED,APPLIED,1,0,1,4017.372402,,0,0,,
b4b_durable_workflow_at_most_once-mid_dispatch-ledger_postings-efa5a3d4-r3,p30,B4B_DURABLE_WORKFLOW_AT_MOST_ONCE,mid_dispatch,ledger_postings,NO_READBACK,CALLER_REFERENCE,af89ebef-f93d-40d7-8b59-b61268533c48,CONFIRMED_APPLIED,APPLIED,1,0,1,4019.874797,,0,0,,
b4b_durable_workflow_at_most_once-mid_dispatch-ledger_postings-efa5a3d4-r4,p30,B4B_DURABLE_WORKFLOW_AT_MOST_ONCE,mid_dispatch,ledger_postings,NO_READBACK,CALLER_REFERENCE,3161402a-7b68-4e09-b71b-1dbf666ada15,UNVERIFIED_FAILURE,TIMED_OUT,1,1,0,22358.422708,84630.0,0,1,,
b4b_durable_workflow_at_most_once-mid_dispatch-ledger_postings-efa5a3d4-r4,p30,B4B_DURABLE_WORKFLOW_AT_MOST_ONCE,mid_dispatch,ledger_postings,NO_READBACK,CALLER_REFERENCE,60bf0fa9-9f35-4be5-a9c2-01c294191062,CONFIRMED_APPLIED,APPLIED,1,0,1,4016.446382,,0,0,,
b4b_durable_workflow_at_most_once-mid_dispatch-ledger_postings-efa5a3d4-r4,p30,B4B_DURABLE_WORKFLOW_AT_MOST_ONCE,mid_dispatch,ledger_postings,NO_READBACK,CALLER_REFERENCE,ca2bc15a-6db7-43c6-b655-65cffa59f61b,CONFIRMED_APPLIED,APPLIED,1,0,1,4019.494184,,0,0,,
b4b_durable_workflow_at_most_once-mid_dispatch-ledger_postings-efa5a3d4-r4,p30,B4B_DURABLE_WORKFLOW_AT_MOST_ONCE,mid_dispatch,ledger_postings,NO_READBACK,CALLER_REFERENCE,b8464fb8-e7a3-45f6-811c-959c7c9c4de8,UNVERIFIED_FAILURE,FAILED,1,0,1,6833.790685,,0,1,,
b4b_durable_workflow_at_most_once-mid_dispatch-ledger_postings-efa5a3d4-r4,p30,B4B_DURABLE_WORKFLOW_AT_MOST_ONCE,mid_dispatch,ledger_postings,NO_READBACK,CALLER_REFERENCE,919c78a7-0cc7-4225-9660-6938337ddffb,CONFIRMED_APPLIED,APPLIED,1,0,1,4025.369853,,0,0,,
b4b_durable_workflow_at_most_once-mid_dispatch-ledger_postings-efa5a3d4-r4,p30,B4B_DURABLE_WORKFLOW_AT_MOST_ONCE,mid_dispatch,ledger_postings,NO_READBACK,CALLER_REFERENCE,6791af7f-2835-46bb-9d3f-b660e8fdf21c,CONFIRMED_APPLIED,APPLIED,1,0,1,3331.056344,,0,0,,
b4b_durable_workflow_at_most_once-mid_dispatch-ledger_postings-efa5a3d4-r4,p30,B4B_DURABLE_WORKFLOW_AT_MOST_ONCE,mid_dispatch,ledger_postings,NO_READBACK,CALLER_REFERENCE,5bdd9f74-45ad-4a07-832f-d311647fc55e,CONFIRMED_APPLIED,APPLIED,1,0,1,3942.175027,,0,0,,
b4b_durable_workflow_at_most_once-mid_dispatch-ledger_postings-efa5a3d4-r4,p30,B4B_DURABLE_WORKFLOW_AT_MOST_ONCE,mid_dispatch,ledger_postings,NO_READBACK,CALLER_REFERENCE,7457bb6b-53f5-4935-aa29-9bb6990aeb05,UNVERIFIED_FAILURE,TIMED_OUT,1,1,0,22565.078457,76749.0,0,1,,
b4b_durable_workflow_at_most_once-mid_dispatch-ledger_postings-efa5a3d4-r4,p30,B4B_DURABLE_WORKFLOW_AT_MOST_ONCE,mid_dispatch,ledger_postings,NO_READBACK,CALLER_REFERENCE,ebc6382f-2973-49a4-a637-e8281aa26a75,UNVERIFIED_FAILURE,TIMED_OUT,1,1,0,22413.227628,50629.0,0,1,,
b4b_durable_workflow_at_most_once-mid_dispatch-ledger_postings-efa5a3d4-r4,p30,B4B_DURABLE_WORKFLOW_AT_MOST_ONCE,mid_dispatch,ledger_postings,NO_READBACK,CALLER_REFERENCE,8d8af32a-0442-4f7f-bae3-6be07d334348,UNVERIFIED_FAILURE,TIMED_OUT,1,1,0,22452.20813,24657.0,0,1,,
b4b_durable_workflow_at_most_once-mid_dispatch-ledger_postings-efa5a3d4-r5,p30,B4B_DURABLE_WORKFLOW_AT_MOST_ONCE,mid_dispatch,ledger_postings,NO_READBACK,CALLER_REFERENCE,1e847134-fdaf-435b-b0c0-35b247fdd6db,UNVERIFIED_FAILURE,TIMED_OUT,1,1,0,22517.331992,84744.0,0,1,,
b4b_durable_workflow_at_most_once-mid_dispatch-ledger_postings-efa5a3d4-r5,p30,B4B_DURABLE_WORKFLOW_AT_MOST_ONCE,mid_dispatch,ledger_postings,NO_READBACK,CALLER_REFERENCE,ac028532-b80d-4830-8e75-b83ae4a30e0f,UNVERIFIED_FAILURE,TIMED_OUT,1,1,0,22495.877247,58791.0,0,1,,
b4b_durable_workflow_at_most_once-mid_dispatch-ledger_postings-efa5a3d4-r5,p30,B4B_DURABLE_WORKFLOW_AT_MOST_ONCE,mid_dispatch,ledger_postings,NO_READBACK,CALLER_REFERENCE,aff88125-bf69-4ea7-bb5e-3e11a870c9f1,CONFIRMED_APPLIED,APPLIED,1,0,1,4018.697775,,0,0,,
b4b_durable_workflow_at_most_once-mid_dispatch-ledger_postings-efa5a3d4-r5,p30,B4B_DURABLE_WORKFLOW_AT_MOST_ONCE,mid_dispatch,ledger_postings,NO_READBACK,CALLER_REFERENCE,89241843-79a0-4917-8b27-e5bb06d8ed98,UNVERIFIED_FAILURE,TIMED_OUT,1,1,0,22475.292008,28777.0,0,1,,
b4b_durable_workflow_at_most_once-mid_dispatch-ledger_postings-efa5a3d4-r5,p30,B4B_DURABLE_WORKFLOW_AT_MOST_ONCE,mid_dispatch,ledger_postings,NO_READBACK,CALLER_REFERENCE,f0d08d10-6cdb-400a-bce9-794065fff1b4,UNVERIFIED_FAILURE,FAILED,0,0,1,4012.069486,,0,0,,
b4b_durable_workflow_at_most_once-mid_dispatch-ledger_postings-efa5a3d4-r5,p30,B4B_DURABLE_WORKFLOW_AT_MOST_ONCE,mid_dispatch,ledger_postings,NO_READBACK,CALLER_REFERENCE,cc335469-7caf-4f6f-bb75-a5913f883dc4,UNVERIFIED_FAILURE,TIMED_OUT,1,1,0,22533.420581,84748.0,0,1,,
b4b_durable_workflow_at_most_once-mid_dispatch-ledger_postings-efa5a3d4-r5,p30,B4B_DURABLE_WORKFLOW_AT_MOST_ONCE,mid_dispatch,ledger_postings,NO_READBACK,CALLER_REFERENCE,4b566735-b066-4d3c-b46f-d03180225d2a,CONFIRMED_APPLIED,APPLIED,1,0,1,3988.049326,,0,0,,
b4b_durable_workflow_at_most_once-mid_dispatch-ledger_postings-efa5a3d4-r5,p30,B4B_DURABLE_WORKFLOW_AT_MOST_ONCE,mid_dispatch,ledger_postings,NO_READBACK,CALLER_REFERENCE,a8f66b36-0afb-4c5e-aa07-76b3a1f4d35f,CONFIRMED_APPLIED,APPLIED,1,0,1,4046.010568,,0,0,,
b4b_durable_workflow_at_most_once-mid_dispatch-ledger_postings-efa5a3d4-r5,p30,B4B_DURABLE_WORKFLOW_AT_MOST_ONCE,mid_dispatch,ledger_postings,NO_READBACK,CALLER_REFERENCE,986349a1-acad-4915-a143-ad60057ad8f5,UNVERIFIED_FAILURE,TIMED_OUT,1,1,0,22461.276835,50772.0,0,1,,
b4b_durable_workflow_at_most_once-mid_dispatch-ledger_postings-efa5a3d4-r5,p30,B4B_DURABLE_WORKFLOW_AT_MOST_ONCE,mid_dispatch,ledger_postings,NO_READBACK,CALLER_REFERENCE,a7b883bd-e587-49cf-b346-dfb6bedbb76a,CONFIRMED_APPLIED,APPLIED,1,0,1,3853.033628,,0,0,,
b4b_durable_workflow_at_most_once-mid_dispatch-ledger_postings-efa5a3d4-r6,p30,B4B_DURABLE_WORKFLOW_AT_MOST_ONCE,mid_dispatch,ledger_postings,NO_READBACK,CALLER_REFERENCE,0b0cf607-8462-4fd5-9184-282cc0443689,CONFIRMED_APPLIED,APPLIED,1,0,1,3737.614818,,0,0,,
b4b_durable_workflow_at_most_once-mid_dispatch-ledger_postings-efa5a3d4-r6,p30,B4B_DURABLE_WORKFLOW_AT_MOST_ONCE,mid_dispatch,ledger_postings,NO_READBACK,CALLER_REFERENCE,8997ff36-dc0d-49df-9ffe-2d338066f49e,UNVERIFIED_FAILURE,TIMED_OUT,1,1,0,22407.459705,83834.0,0,1,,
b4b_durable_workflow_at_most_once-mid_dispatch-ledger_postings-efa5a3d4-r6,p30,B4B_DURABLE_WORKFLOW_AT_MOST_ONCE,mid_dispatch,ledger_postings,NO_READBACK,CALLER_REFERENCE,2b4bc401-efa5-423d-adc6-8c5ccca73648,CONFIRMED_APPLIED,APPLIED,1,0,1,4104.173245,,0,0,,
b4b_durable_workflow_at_most_once-mid_dispatch-ledger_postings-efa5a3d4-r6,p30,B4B_DURABLE_WORKFLOW_AT_MOST_ONCE,mid_dispatch,ledger_postings,NO_READBACK,CALLER_REFERENCE,59240dc4-13b0-4633-b1d4-edaadd30456a,CONFIRMED_APPLIED,APPLIED,1,0,1,4018.310768,,0,0,,
b4b_durable_workflow_at_most_once-mid_dispatch-ledger_postings-efa5a3d4-r6,p30,B4B_DURABLE_WORKFLOW_AT_MOST_ONCE,mid_dispatch,ledger_postings,NO_READBACK,CALLER_REFERENCE,a77653cd-1b2b-4960-85cf-19cdadd804ff,CONFIRMED_APPLIED,APPLIED,1,0,1,4020.842393,,0,0,,
b4b_durable_workflow_at_most_once-mid_dispatch-ledger_postings-efa5a3d4-r6,p30,B4B_DURABLE_WORKFLOW_AT_MOST_ONCE,mid_dispatch,ledger_postings,NO_READBACK,CALLER_REFERENCE,9306cc91-16b5-4839-a285-cde21ee48c91,UNVERIFIED_FAILURE,TIMED_OUT,1,1,0,22375.000442,87750.0,0,1,,
b4b_durable_workflow_at_most_once-mid_dispatch-ledger_postings-efa5a3d4-r6,p30,B4B_DURABLE_WORKFLOW_AT_MOST_ONCE,mid_dispatch,ledger_postings,NO_READBACK,CALLER_REFERENCE,93c040bc-b06a-4d67-b0a3-242678284ce8,CONFIRMED_APPLIED,APPLIED,1,0,1,3826.729989,,0,0,,
b4b_durable_workflow_at_most_once-mid_dispatch-ledger_postings-efa5a3d4-r6,p30,B4B_DURABLE_WORKFLOW_AT_MOST_ONCE,mid_dispatch,ledger_postings,NO_READBACK,CALLER_REFERENCE,9194f90d-880b-461c-a594-cc1832f265c5,UNVERIFIED_FAILURE,TIMED_OUT,1,1,0,22670.21338,57925.0,0,1,,
b4b_durable_workflow_at_most_once-mid_dispatch-ledger_postings-efa5a3d4-r6,p30,B4B_DURABLE_WORKFLOW_AT_MOST_ONCE,mid_dispatch,ledger_postings,NO_READBACK,CALLER_REFERENCE,ac9813d9-da7a-4d4a-912e-6611be55ad8e,UNVERIFIED_FAILURE,FAILED,1,0,1,6924.203269,,0,1,,
b4b_durable_workflow_at_most_once-mid_dispatch-ledger_postings-efa5a3d4-r6,p30,B4B_DURABLE_WORKFLOW_AT_MOST_ONCE,mid_dispatch,ledger_postings,NO_READBACK,CALLER_REFERENCE,8559ba35-eb8e-4764-bd3b-a0cee42b56fd,UNVERIFIED_FAILURE,TIMED_OUT,1,1,0,22497.833248,24764.0,0,1,,
b4b_durable_workflow_at_most_once-mid_dispatch-ledger_postings-efa5a3d4-r7,p30,B4B_DURABLE_WORKFLOW_AT_MOST_ONCE,mid_dispatch,ledger_postings,NO_READBACK,CALLER_REFERENCE,8580a3a9-a938-4e80-991a-0ba3a2ecafa5,UNVERIFIED_FAILURE,FAILED,1,0,1,7195.643642,,0,1,,
b4b_durable_workflow_at_most_once-mid_dispatch-ledger_postings-efa5a3d4-r7,p30,B4B_DURABLE_WORKFLOW_AT_MOST_ONCE,mid_dispatch,ledger_postings,NO_READBACK,CALLER_REFERENCE,314a086e-f1ab-4f5a-a685-c4c76de42954,UNVERIFIED_FAILURE,FAILED,0,0,1,3920.681843,,0,0,,
b4b_durable_workflow_at_most_once-mid_dispatch-ledger_postings-efa5a3d4-r7,p30,B4B_DURABLE_WORKFLOW_AT_MOST_ONCE,mid_dispatch,ledger_postings,NO_READBACK,CALLER_REFERENCE,13e3dcc3-7ce3-4b15-b55a-80677564c54a,CONFIRMED_APPLIED,APPLIED,1,0,1,4019.702726,,0,0,,
b4b_durable_workflow_at_most_once-mid_dispatch-ledger_postings-efa5a3d4-r7,p30,B4B_DURABLE_WORKFLOW_AT_MOST_ONCE,mid_dispatch,ledger_postings,NO_READBACK,CALLER_REFERENCE,62daa711-7940-45e0-9b31-7eb423470f43,UNVERIFIED_FAILURE,TIMED_OUT,1,1,0,21864.03377,50793.0,0,1,,
b4b_durable_workflow_at_most_once-mid_dispatch-ledger_postings-efa5a3d4-r7,p30,B4B_DURABLE_WORKFLOW_AT_MOST_ONCE,mid_dispatch,ledger_postings,NO_READBACK,CALLER_REFERENCE,7961a477-69d0-488f-b057-98c055848322,CONFIRMED_APPLIED,APPLIED,1,0,1,4012.643883,,0,0,,
b4b_durable_workflow_at_most_once-mid_dispatch-ledger_postings-efa5a3d4-r7,p30,B4B_DURABLE_WORKFLOW_AT_MOST_ONCE,mid_dispatch,ledger_postings,NO_READBACK,CALLER_REFERENCE,ee001ca5-376c-4203-b9d5-8e35403259ab,CONFIRMED_APPLIED,APPLIED,1,0,1,4134.721329,,0,0,,
b4b_durable_workflow_at_most_once-mid_dispatch-ledger_postings-efa5a3d4-r7,p30,B4B_DURABLE_WORKFLOW_AT_MOST_ONCE,mid_dispatch,ledger_postings,NO_READBACK,CALLER_REFERENCE,a19d0305-771c-4f98-994c-08cfba0d0db0,UNVERIFIED_FAILURE,TIMED_OUT,1,1,0,21574.279971,61760.0,0,1,,
b4b_durable_workflow_at_most_once-mid_dispatch-ledger_postings-efa5a3d4-r7,p30,B4B_DURABLE_WORKFLOW_AT_MOST_ONCE,mid_dispatch,ledger_postings,NO_READBACK,CALLER_REFERENCE,a579091c-7bb3-4948-9412-965c09a6b4c7,UNVERIFIED_FAILURE,FAILED,1,0,1,7034.69257,,0,1,,
b4b_durable_workflow_at_most_once-mid_dispatch-ledger_postings-efa5a3d4-r7,p30,B4B_DURABLE_WORKFLOW_AT_MOST_ONCE,mid_dispatch,ledger_postings,NO_READBACK,CALLER_REFERENCE,29711a99-b566-4b76-8a2f-0b9a2ceda11b,CONFIRMED_APPLIED,APPLIED,1,0,1,4018.165204,,0,0,,
b4b_durable_workflow_at_most_once-mid_dispatch-ledger_postings-efa5a3d4-r7,p30,B4B_DURABLE_WORKFLOW_AT_MOST_ONCE,mid_dispatch,ledger_postings,NO_READBACK,CALLER_REFERENCE,5c95cfd1-a7ee-4e28-986d-09749147983b,UNVERIFIED_FAILURE,TIMED_OUT,1,1,0,21724.271827,24724.0,0,1,,
b4b_durable_workflow_at_most_once-mid_dispatch-ledger_postings-efa5a3d4-r8,p30,B4B_DURABLE_WORKFLOW_AT_MOST_ONCE,mid_dispatch,ledger_postings,NO_READBACK,CALLER_REFERENCE,3869d001-420b-4caa-9793-0ecb780f54ff,CONFIRMED_APPLIED,APPLIED,1,0,1,4206.658478,,0,0,,
b4b_durable_workflow_at_most_once-mid_dispatch-ledger_postings-efa5a3d4-r8,p30,B4B_DURABLE_WORKFLOW_AT_MOST_ONCE,mid_dispatch,ledger_postings,NO_READBACK,CALLER_REFERENCE,a25aec59-8593-424b-adca-e0fb5d769b08,CONFIRMED_APPLIED,APPLIED,1,0,1,4013.87755,,0,0,,
b4b_durable_workflow_at_most_once-mid_dispatch-ledger_postings-efa5a3d4-r8,p30,B4B_DURABLE_WORKFLOW_AT_MOST_ONCE,mid_dispatch,ledger_postings,NO_READBACK,CALLER_REFERENCE,2a436ae1-3a32-4cc8-ba4d-365482bf46d1,UNVERIFIED_FAILURE,FAILED,0,0,1,4013.168721,,0,0,,
b4b_durable_workflow_at_most_once-mid_dispatch-ledger_postings-efa5a3d4-r8,p30,B4B_DURABLE_WORKFLOW_AT_MOST_ONCE,mid_dispatch,ledger_postings,NO_READBACK,CALLER_REFERENCE,ea0bf432-c695-4f64-8dac-d627188b33a2,UNVERIFIED_FAILURE,FAILED,1,0,1,6927.720642,,0,1,,
b4b_durable_workflow_at_most_once-mid_dispatch-ledger_postings-efa5a3d4-r8,p30,B4B_DURABLE_WORKFLOW_AT_MOST_ONCE,mid_dispatch,ledger_postings,NO_READBACK,CALLER_REFERENCE,ad394573-0272-477e-ac4e-7e75d2093a0b,CONFIRMED_APPLIED,APPLIED,1,0,1,3924.019415,,0,0,,
b4b_durable_workflow_at_most_once-mid_dispatch-ledger_postings-efa5a3d4-r8,p30,B4B_DURABLE_WORKFLOW_AT_MOST_ONCE,mid_dispatch,ledger_postings,NO_READBACK,CALLER_REFERENCE,b073db64-4f22-49a5-9509-29b340f404eb,CONFIRMED_APPLIED,APPLIED,1,0,1,4207.01342,,0,0,,
b4b_durable_workflow_at_most_once-mid_dispatch-ledger_postings-efa5a3d4-r8,p30,B4B_DURABLE_WORKFLOW_AT_MOST_ONCE,mid_dispatch,ledger_postings,NO_READBACK,CALLER_REFERENCE,e55fcc6e-0793-46b5-be2a-28fa4b5c0e4e,CONFIRMED_APPLIED,APPLIED,1,0,1,4013.631671,,0,0,,
b4b_durable_workflow_at_most_once-mid_dispatch-ledger_postings-efa5a3d4-r8,p30,B4B_DURABLE_WORKFLOW_AT_MOST_ONCE,mid_dispatch,ledger_postings,NO_READBACK,CALLER_REFERENCE,6abe627f-3328-42c2-a291-7efaa8a6f191,UNVERIFIED_FAILURE,FAILED,0,0,1,4013.127412,,0,0,,
b4b_durable_workflow_at_most_once-mid_dispatch-ledger_postings-efa5a3d4-r8,p30,B4B_DURABLE_WORKFLOW_AT_MOST_ONCE,mid_dispatch,ledger_postings,NO_READBACK,CALLER_REFERENCE,74af411f-a170-4115-bc36-be4270dd6573,UNVERIFIED_FAILURE,TIMED_OUT,1,1,0,21752.622996,50735.0,0,1,,
b4b_durable_workflow_at_most_once-mid_dispatch-ledger_postings-efa5a3d4-r8,p30,B4B_DURABLE_WORKFLOW_AT_MOST_ONCE,mid_dispatch,ledger_postings,NO_READBACK,CALLER_REFERENCE,c747e31c-5d2d-4ef8-9b93-f3fd8430bdea,UNVERIFIED_FAILURE,TIMED_OUT,1,1,0,21574.056682,24766.0,0,1,,
b4b_durable_workflow_at_most_once-mid_dispatch-ledger_postings-efa5a3d4-r9,p30,B4B_DURABLE_WORKFLOW_AT_MOST_ONCE,mid_dispatch,ledger_postings,NO_READBACK,CALLER_REFERENCE,8cf58957-ace9-4dc8-baa9-3fb233c7de19,UNVERIFIED_FAILURE,FAILED,1,0,1,6639.239169,,0,1,,
b4b_durable_workflow_at_most_once-mid_dispatch-ledger_postings-efa5a3d4-r9,p30,B4B_DURABLE_WORKFLOW_AT_MOST_ONCE,mid_dispatch,ledger_postings,NO_READBACK,CALLER_REFERENCE,764486be-1869-4430-84fe-dbd043ded499,UNVERIFIED_FAILURE,FAILED,1,0,1,6934.307379,,0,1,,
b4b_durable_workflow_at_most_once-mid_dispatch-ledger_postings-efa5a3d4-r9,p30,B4B_DURABLE_WORKFLOW_AT_MOST_ONCE,mid_dispatch,ledger_postings,NO_READBACK,CALLER_REFERENCE,69feb24c-7c56-4882-a953-754015b5c9b4,CONFIRMED_APPLIED,APPLIED,1,0,1,4018.182064,,0,0,,
b4b_durable_workflow_at_most_once-mid_dispatch-ledger_postings-efa5a3d4-r9,p30,B4B_DURABLE_WORKFLOW_AT_MOST_ONCE,mid_dispatch,ledger_postings,NO_READBACK,CALLER_REFERENCE,55bbbf1d-df73-4ac9-8ca0-90c7c1d18e4b,UNVERIFIED_FAILURE,FAILED,1,0,1,7034.557434,,0,1,,
b4b_durable_workflow_at_most_once-mid_dispatch-ledger_postings-efa5a3d4-r9,p30,B4B_DURABLE_WORKFLOW_AT_MOST_ONCE,mid_dispatch,ledger_postings,NO_READBACK,CALLER_REFERENCE,fc2bfd11-2d71-4364-9435-1fb438099126,UNVERIFIED_FAILURE,TIMED_OUT,1,1,0,21857.62178,37821.0,0,1,,
b4b_durable_workflow_at_most_once-mid_dispatch-ledger_postings-efa5a3d4-r9,p30,B4B_DURABLE_WORKFLOW_AT_MOST_ONCE,mid_dispatch,ledger_postings,NO_READBACK,CALLER_REFERENCE,993397a6-73a4-4897-9f13-70c65aa5e430,CONFIRMED_APPLIED,APPLIED,1,0,1,3718.216548,,0,0,,
b4b_durable_workflow_at_most_once-mid_dispatch-ledger_postings-efa5a3d4-r9,p30,B4B_DURABLE_WORKFLOW_AT_MOST_ONCE,mid_dispatch,ledger_postings,NO_READBACK,CALLER_REFERENCE,dcd1ae70-f35a-4b33-b004-0923256173ad,CONFIRMED_APPLIED,APPLIED,1,0,1,3844.79186,,0,0,,
b4b_durable_workflow_at_most_once-mid_dispatch-ledger_postings-efa5a3d4-r9,p30,B4B_DURABLE_WORKFLOW_AT_MOST_ONCE,mid_dispatch,ledger_postings,NO_READBACK,CALLER_REFERENCE,601111b3-7ccd-4424-b5d9-5cf0f8c6c574,UNVERIFIED_FAILURE,TIMED_OUT,1,1,0,22021.126265,54864.0,0,1,,
b4b_durable_workflow_at_most_once-mid_dispatch-ledger_postings-efa5a3d4-r9,p30,B4B_DURABLE_WORKFLOW_AT_MOST_ONCE,mid_dispatch,ledger_postings,NO_READBACK,CALLER_REFERENCE,1c459f29-b414-4e91-841e-c2c2a28cb7a6,UNVERIFIED_FAILURE,TIMED_OUT,1,1,0,21727.316712,28831.0,0,1,,
b4b_durable_workflow_at_most_once-mid_dispatch-ledger_postings-efa5a3d4-r9,p30,B4B_DURABLE_WORKFLOW_AT_MOST_ONCE,mid_dispatch,ledger_postings,NO_READBACK,CALLER_REFERENCE,8f6c49d0-1d5b-4432-8146-ce14ae5d48ff,CONFIRMED_APPLIED,APPLIED,1,0,1,4018.033325,,0,0,,
b4b_durable_workflow_at_most_once-mid_dispatch-notifications-7881842b-r0,p30,B4B_DURABLE_WORKFLOW_AT_MOST_ONCE,mid_dispatch,notifications,POSITIVE_ONLY_READBACK,CALLER_REFERENCE,103cb28a-a5f3-44e1-810a-54f7237a4fcc,CONFIRMED_APPLIED,APPLIED,1,0,1,3952.838721,,0,0,,
b4b_durable_workflow_at_most_once-mid_dispatch-notifications-7881842b-r0,p30,B4B_DURABLE_WORKFLOW_AT_MOST_ONCE,mid_dispatch,notifications,POSITIVE_ONLY_READBACK,CALLER_REFERENCE,9830e1ef-36b4-41ab-a0e0-3fd1e868e812,CONFIRMED_APPLIED,APPLIED,1,0,1,3918.062099,,0,0,,
b4b_durable_workflow_at_most_once-mid_dispatch-notifications-7881842b-r0,p30,B4B_DURABLE_WORKFLOW_AT_MOST_ONCE,mid_dispatch,notifications,POSITIVE_ONLY_READBACK,CALLER_REFERENCE,44a5ead0-b90e-45b9-81b1-ebb093e6c8be,UNVERIFIED_FAILURE,TIMED_OUT,0,1,0,19009.94731,54864.0,0,0,,
b4b_durable_workflow_at_most_once-mid_dispatch-notifications-7881842b-r0,p30,B4B_DURABLE_WORKFLOW_AT_MOST_ONCE,mid_dispatch,notifications,POSITIVE_ONLY_READBACK,CALLER_REFERENCE,12c3bd9a-4063-472a-9756-ecd2184163d4,CONFIRMED_APPLIED,APPLIED,1,0,1,3947.415894,,0,0,,
b4b_durable_workflow_at_most_once-mid_dispatch-notifications-7881842b-r0,p30,B4B_DURABLE_WORKFLOW_AT_MOST_ONCE,mid_dispatch,notifications,POSITIVE_ONLY_READBACK,CALLER_REFERENCE,9502a0a5-b662-4bf7-a31a-31369b73ce6c,CONFIRMED_APPLIED,APPLIED,1,0,1,3922.531061,,0,0,,
b4b_durable_workflow_at_most_once-mid_dispatch-notifications-7881842b-r0,p30,B4B_DURABLE_WORKFLOW_AT_MOST_ONCE,mid_dispatch,notifications,POSITIVE_ONLY_READBACK,CALLER_REFERENCE,9fdf55a9-5e43-459b-aabf-260f18aaed8c,UNVERIFIED_FAILURE,TIMED_OUT,0,1,0,19348.018152,62802.0,0,0,,
b4b_durable_workflow_at_most_once-mid_dispatch-notifications-7881842b-r0,p30,B4B_DURABLE_WORKFLOW_AT_MOST_ONCE,mid_dispatch,notifications,POSITIVE_ONLY_READBACK,CALLER_REFERENCE,7937c643-474b-44c1-88b0-297306445c8e,UNVERIFIED_FAILURE,TIMED_OUT,0,1,0,19373.002125,36927.0,0,0,,
b4b_durable_workflow_at_most_once-mid_dispatch-notifications-7881842b-r0,p30,B4B_DURABLE_WORKFLOW_AT_MOST_ONCE,mid_dispatch,notifications,POSITIVE_ONLY_READBACK,CALLER_REFERENCE,94b7bef0-a893-4372-b901-a45fe4a7b36a,CONFIRMED_APPLIED,APPLIED,1,0,1,4093.872491,,0,0,,
b4b_durable_workflow_at_most_once-mid_dispatch-notifications-7881842b-r0,p30,B4B_DURABLE_WORKFLOW_AT_MOST_ONCE,mid_dispatch,notifications,POSITIVE_ONLY_READBACK,CALLER_REFERENCE,10ec8557-4147-4441-b4d4-e2419e8f8d96,CONFIRMED_APPLIED,APPLIED,1,0,1,4015.193618,,0,0,,
b4b_durable_workflow_at_most_once-mid_dispatch-notifications-7881842b-r0,p30,B4B_DURABLE_WORKFLOW_AT_MOST_ONCE,mid_dispatch,notifications,POSITIVE_ONLY_READBACK,CALLER_REFERENCE,e42d6951-ca6f-42ed-85a0-00914e6cf905,CONFIRMED_APPLIED,APPLIED,1,0,1,4014.715324,,0,0,,
b4b_durable_workflow_at_most_once-mid_dispatch-notifications-7881842b-r1,p30,B4B_DURABLE_WORKFLOW_AT_MOST_ONCE,mid_dispatch,notifications,POSITIVE_ONLY_READBACK,CALLER_REFERENCE,7720c576-a97e-4d39-9f69-67be12e0c010,UNVERIFIED_FAILURE,FAILED,1,0,1,6798.885631,,0,1,,
b4b_durable_workflow_at_most_once-mid_dispatch-notifications-7881842b-r1,p30,B4B_DURABLE_WORKFLOW_AT_MOST_ONCE,mid_dispatch,notifications,POSITIVE_ONLY_READBACK,CALLER_REFERENCE,6185200f-beba-4bd1-8da6-1793a21ca4ec,UNVERIFIED_FAILURE,TIMED_OUT,1,1,0,21439.336131,58755.0,0,1,,
b4b_durable_workflow_at_most_once-mid_dispatch-notifications-7881842b-r1,p30,B4B_DURABLE_WORKFLOW_AT_MOST_ONCE,mid_dispatch,notifications,POSITIVE_ONLY_READBACK,CALLER_REFERENCE,1b4233cb-a93a-4b59-ad1c-2d69aab7f2ec,CONFIRMED_APPLIED,APPLIED,1,0,1,4105.858161,,0,0,,
b4b_durable_workflow_at_most_once-mid_dispatch-notifications-7881842b-r1,p30,B4B_DURABLE_WORKFLOW_AT_MOST_ONCE,mid_dispatch,notifications,POSITIVE_ONLY_READBACK,CALLER_REFERENCE,52701f30-dcff-4491-926f-8f7780c85381,UNVERIFIED_FAILURE,TIMED_OUT,1,1,0,21399.062017,28678.0,0,1,,
b4b_durable_workflow_at_most_once-mid_dispatch-notifications-7881842b-r1,p30,B4B_DURABLE_WORKFLOW_AT_MOST_ONCE,mid_dispatch,notifications,POSITIVE_ONLY_READBACK,CALLER_REFERENCE,31911768-185d-4800-b30c-01f598c76370,CONFIRMED_APPLIED,APPLIED,1,0,1,4014.685427,,0,0,,
b4b_durable_workflow_at_most_once-mid_dispatch-notifications-7881842b-r1,p30,B4B_DURABLE_WORKFLOW_AT_MOST_ONCE,mid_dispatch,notifications,POSITIVE_ONLY_READBACK,CALLER_REFERENCE,d59f7826-a085-455d-a1bf-de395ba7162a,UNVERIFIED_FAILURE,TIMED_OUT,1,1,0,20907.648296,65690.0,0,1,,
b4b_durable_workflow_at_most_once-mid_dispatch-notifications-7881842b-r1,p30,B4B_DURABLE_WORKFLOW_AT_MOST_ONCE,mid_dispatch,notifications,POSITIVE_ONLY_READBACK,CALLER_REFERENCE,095f1148-2f5c-46d2-a294-78042af6c0cb,CONFIRMED_APPLIED,APPLIED,1,0,1,4023.326673,,0,0,,
b4b_durable_workflow_at_most_once-mid_dispatch-notifications-7881842b-r1,p30,B4B_DURABLE_WORKFLOW_AT_MOST_ONCE,mid_dispatch,notifications,POSITIVE_ONLY_READBACK,CALLER_REFERENCE,99f24587-cd65-433b-8a75-4189533678ec,CONFIRMED_APPLIED,APPLIED,1,0,1,4118.605631,,0,0,,
b4b_durable_workflow_at_most_once-mid_dispatch-notifications-7881842b-r1,p30,B4B_DURABLE_WORKFLOW_AT_MOST_ONCE,mid_dispatch,notifications,POSITIVE_ONLY_READBACK,CALLER_REFERENCE,e852881b-6cd2-497e-954f-2b5ea8649878,UNVERIFIED_FAILURE,TIMED_OUT,0,1,0,21350.935488,31690.0,0,0,,
b4b_durable_workflow_at_most_once-mid_dispatch-notifications-7881842b-r1,p30,B4B_DURABLE_WORKFLOW_AT_MOST_ONCE,mid_dispatch,notifications,POSITIVE_ONLY_READBACK,CALLER_REFERENCE,9ed75051-d2b6-489f-9701-827bb7373915,CONFIRMED_APPLIED,APPLIED,1,0,1,4050.743773,,0,0,,
b4b_durable_workflow_at_most_once-mid_dispatch-notifications-7881842b-r10,p30,B4B_DURABLE_WORKFLOW_AT_MOST_ONCE,mid_dispatch,notifications,POSITIVE_ONLY_READBACK,CALLER_REFERENCE,e800ce5d-6ae1-47fe-a03f-396d2e7adc70,CONFIRMED_APPLIED,APPLIED,1,0,1,4183.5659,,0,0,,
b4b_durable_workflow_at_most_once-mid_dispatch-notifications-7881842b-r10,p30,B4B_DURABLE_WORKFLOW_AT_MOST_ONCE,mid_dispatch,notifications,POSITIVE_ONLY_READBACK,CALLER_REFERENCE,71a523fa-67e8-4b7d-b391-c036309e825b,CONFIRMED_APPLIED,APPLIED,1,0,1,4020.485302,,0,0,,
b4b_durable_workflow_at_most_once-mid_dispatch-notifications-7881842b-r10,p30,B4B_DURABLE_WORKFLOW_AT_MOST_ONCE,mid_dispatch,notifications,POSITIVE_ONLY_READBACK,CALLER_REFERENCE,bf65f4ac-62e9-4301-989f-07e2b51b9af7,CONFIRMED_APPLIED,APPLIED,1,0,1,3833.290503,,0,0,,
b4b_durable_workflow_at_most_once-mid_dispatch-notifications-7881842b-r10,p30,B4B_DURABLE_WORKFLOW_AT_MOST_ONCE,mid_dispatch,notifications,POSITIVE_ONLY_READBACK,CALLER_REFERENCE,b580eff7-9bb6-4ec8-94c8-af182acbf58e,CONFIRMED_APPLIED,APPLIED,1,0,1,4019.896891,,0,0,,
b4b_durable_workflow_at_most_once-mid_dispatch-notifications-7881842b-r10,p30,B4B_DURABLE_WORKFLOW_AT_MOST_ONCE,mid_dispatch,notifications,POSITIVE_ONLY_READBACK,CALLER_REFERENCE,8109928a-0969-436a-bdca-4f72df83d035,UNVERIFIED_FAILURE,TIMED_OUT,1,1,0,21682.889233,24790.0,0,1,,
b4b_durable_workflow_at_most_once-mid_dispatch-notifications-7881842b-r10,p30,B4B_DURABLE_WORKFLOW_AT_MOST_ONCE,mid_dispatch,notifications,POSITIVE_ONLY_READBACK,CALLER_REFERENCE,836225c7-a279-4b45-899f-0f8626ac18b8,CONFIRMED_APPLIED,APPLIED,1,0,1,4182.654255,,0,0,,
b4b_durable_workflow_at_most_once-mid_dispatch-notifications-7881842b-r10,p30,B4B_DURABLE_WORKFLOW_AT_MOST_ONCE,mid_dispatch,notifications,POSITIVE_ONLY_READBACK,CALLER_REFERENCE,3ea3b7a6-8f1b-46e8-95b1-39744fcc38ce,UNVERIFIED_FAILURE,TIMED_OUT,1,1,0,21763.296293,36667.0,0,1,,
b4b_durable_workflow_at_most_once-mid_dispatch-notifications-7881842b-r10,p30,B4B_DURABLE_WORKFLOW_AT_MOST_ONCE,mid_dispatch,notifications,POSITIVE_ONLY_READBACK,CALLER_REFERENCE,8661768b-3c27-422b-aa1c-53e8824c544c,CONFIRMED_APPLIED,APPLIED,1,0,1,4018.189705,,0,0,,
b4b_durable_workflow_at_most_once-mid_dispatch-notifications-7881842b-r10,p30,B4B_DURABLE_WORKFLOW_AT_MOST_ONCE,mid_dispatch,notifications,POSITIVE_ONLY_READBACK,CALLER_REFERENCE,a59deb25-7b9d-4215-8a4c-ad5999658218,CONFIRMED_APPLIED,APPLIED,1,0,1,4025.979044,,0,0,,
b4b_durable_workflow_at_most_once-mid_dispatch-notifications-7881842b-r10,p30,B4B_DURABLE_WORKFLOW_AT_MOST_ONCE,mid_dispatch,notifications,POSITIVE_ONLY_READBACK,CALLER_REFERENCE,4d7db987-72b3-4881-9329-b2d5f094050b,CONFIRMED_APPLIED,APPLIED,1,0,1,4027.594656,,0,0,,
b4b_durable_workflow_at_most_once-mid_dispatch-notifications-7881842b-r11,p30,B4B_DURABLE_WORKFLOW_AT_MOST_ONCE,mid_dispatch,notifications,POSITIVE_ONLY_READBACK,CALLER_REFERENCE,58541080-39ac-4c1b-8391-ac66d567378a,CONFIRMED_APPLIED,APPLIED,1,0,1,3535.552898,,0,0,,
b4b_durable_workflow_at_most_once-mid_dispatch-notifications-7881842b-r11,p30,B4B_DURABLE_WORKFLOW_AT_MOST_ONCE,mid_dispatch,notifications,POSITIVE_ONLY_READBACK,CALLER_REFERENCE,89505a32-33a9-47e1-beb2-9a89a459974f,UNVERIFIED_FAILURE,TIMED_OUT,1,1,0,21938.147646,58727.0,0,1,,
b4b_durable_workflow_at_most_once-mid_dispatch-notifications-7881842b-r11,p30,B4B_DURABLE_WORKFLOW_AT_MOST_ONCE,mid_dispatch,notifications,POSITIVE_ONLY_READBACK,CALLER_REFERENCE,18e37226-a82d-432b-a192-ecb3493ee5cd,CONFIRMED_APPLIED,APPLIED,1,0,1,3931.881198,,0,0,,
b4b_durable_workflow_at_most_once-mid_dispatch-notifications-7881842b-r11,p30,B4B_DURABLE_WORKFLOW_AT_MOST_ONCE,mid_dispatch,notifications,POSITIVE_ONLY_READBACK,CALLER_REFERENCE,0b8787b6-b1bb-4f86-bb95-3b4fcb8a69d4,UNVERIFIED_FAILURE,TIMED_OUT,0,1,0,21885.338721,28815.0,0,0,,
b4b_durable_workflow_at_most_once-mid_dispatch-notifications-7881842b-r11,p30,B4B_DURABLE_WORKFLOW_AT_MOST_ONCE,mid_dispatch,notifications,POSITIVE_ONLY_READBACK,CALLER_REFERENCE,c5fe310a-8435-42c1-a8f9-8a20788a57cd,CONFIRMED_APPLIED,APPLIED,1,0,1,4095.732678,,0,0,,
b4b_durable_workflow_at_most_once-mid_dispatch-notifications-7881842b-r11,p30,B4B_DURABLE_WORKFLOW_AT_MOST_ONCE,mid_dispatch,notifications,POSITIVE_ONLY_READBACK,CALLER_REFERENCE,8dd2c512-2085-4fcd-9186-885dc058fef4,CONFIRMED_APPLIED,APPLIED,1,0,1,3535.971853,,0,0,,
b4b_durable_workflow_at_most_once-mid_dispatch-notifications-7881842b-r11,p30,B4B_DURABLE_WORKFLOW_AT_MOST_ONCE,mid_dispatch,notifications,POSITIVE_ONLY_READBACK,CALLER_REFERENCE,96cb5984-bc5c-4f16-86ea-7fcdb788a010,UNVERIFIED_FAILURE,FAILED,1,0,1,6928.412821,,0,1,,
b4b_durable_workflow_at_most_once-mid_dispatch-notifications-7881842b-r11,p30,B4B_DURABLE_WORKFLOW_AT_MOST_ONCE,mid_dispatch,notifications,POSITIVE_ONLY_READBACK,CALLER_REFERENCE,047ff7a5-be18-41e5-9cde-260733bd5074,UNVERIFIED_FAILURE,TIMED_OUT,1,1,0,21879.945649,51800.0,0,1,,
b4b_durable_workflow_at_most_once-mid_dispatch-notifications-7881842b-r11,p30,B4B_DURABLE_WORKFLOW_AT_MOST_ONCE,mid_dispatch,notifications,POSITIVE_ONLY_READBACK,CALLER_REFERENCE,a03c34db-c763-4178-8b4c-8b6fba81f53f,UNVERIFIED_FAILURE,FAILED,1,0,1,6832.097867,,0,1,,
b4b_durable_workflow_at_most_once-mid_dispatch-notifications-7881842b-r11,p30,B4B_DURABLE_WORKFLOW_AT_MOST_ONCE,mid_dispatch,notifications,POSITIVE_ONLY_READBACK,CALLER_REFERENCE,7fee109c-ad5e-4ac1-9015-4c57635bc181,CONFIRMED_APPLIED,APPLIED,1,0,1,4121.120619,,0,0,,
b4b_durable_workflow_at_most_once-mid_dispatch-notifications-7881842b-r12,p30,B4B_DURABLE_WORKFLOW_AT_MOST_ONCE,mid_dispatch,notifications,POSITIVE_ONLY_READBACK,CALLER_REFERENCE,129579a0-af4e-4b8b-be13-54c54aa0f432,CONFIRMED_APPLIED,APPLIED,1,0,1,3585.704418,,0,0,,
b4b_durable_workflow_at_most_once-mid_dispatch-notifications-7881842b-r12,p30,B4B_DURABLE_WORKFLOW_AT_MOST_ONCE,mid_dispatch,notifications,POSITIVE_ONLY_READBACK,CALLER_REFERENCE,d739f8b3-c030-4683-9d43-96898148a964,UNVERIFIED_FAILURE,TIMED_OUT,1,1,0,21189.627027,107661.0,0,1,,
b4b_durable_workflow_at_most_once-mid_dispatch-notifications-7881842b-r12,p30,B4B_DURABLE_WORKFLOW_AT_MOST_ONCE,mid_dispatch,notifications,POSITIVE_ONLY_READBACK,CALLER_REFERENCE,d08aff43-254c-4a79-bdb4-ffeb315c57f2,CONFIRMED_APPLIED,APPLIED,1,0,1,9924.87892,,0,0,,
b4b_durable_workflow_at_most_once-mid_dispatch-notifications-7881842b-r12,p30,B4B_DURABLE_WORKFLOW_AT_MOST_ONCE,mid_dispatch,notifications,POSITIVE_ONLY_READBACK,CALLER_REFERENCE,eb96ff65-43f4-40aa-af20-0268d95a0f9d,UNVERIFIED_FAILURE,TIMED_OUT,1,1,0,3729.55611,69573.0,0,1,,
b4b_durable_workflow_at_most_once-mid_dispatch-notifications-7881842b-r12,p30,B4B_DURABLE_WORKFLOW_AT_MOST_ONCE,mid_dispatch,notifications,POSITIVE_ONLY_READBACK,CALLER_REFERENCE,8c89403c-9291-4e8e-a37e-66eb1692ba3b,UNVERIFIED_FAILURE,FAILED,0,0,1,4029.37024,,0,0,,
b4b_durable_workflow_at_most_once-mid_dispatch-notifications-7881842b-r12,p30,B4B_DURABLE_WORKFLOW_AT_MOST_ONCE,mid_dispatch,notifications,POSITIVE_ONLY_READBACK,CALLER_REFERENCE,752cd61a-e0de-4bde-ad48-91075ece4530,CONFIRMED_APPLIED,APPLIED,1,0,1,3584.192693,,0,0,,
b4b_durable_workflow_at_most_once-mid_dispatch-notifications-7881842b-r12,p30,B4B_DURABLE_WORKFLOW_AT_MOST_ONCE,mid_dispatch,notifications,POSITIVE_ONLY_READBACK,CALLER_REFERENCE,0ad03ea6-667f-4a2b-ada7-de438bf47995,UNVERIFIED_FAILURE,TIMED_OUT,1,1,0,21188.392486,107663.0,0,1,,
b4b_durable_workflow_at_most_once-mid_dispatch-notifications-7881842b-r12,p30,B4B_DURABLE_WORKFLOW_AT_MOST_ONCE,mid_dispatch,notifications,POSITIVE_ONLY_READBACK,CALLER_REFERENCE,1105f892-f5dc-42ae-bdd5-645117aa0282,UNVERIFIED_FAILURE,TIMED_OUT,0,1,0,325.399044,81636.0,0,0,,
b4b_durable_workflow_at_most_once-mid_dispatch-notifications-7881842b-r12,p30,B4B_DURABLE_WORKFLOW_AT_MOST_ONCE,mid_dispatch,notifications,POSITIVE_ONLY_READBACK,CALLER_REFERENCE,f99decbd-8c0d-4615-a4bb-df19a5c8e0d9,UNVERIFIED_FAILURE,TIMED_OUT,0,1,0,17147.429228,50681.0,0,0,,
b4b_durable_workflow_at_most_once-mid_dispatch-notifications-7881842b-r12,p30,B4B_DURABLE_WORKFLOW_AT_MOST_ONCE,mid_dispatch,notifications,POSITIVE_ONLY_READBACK,CALLER_REFERENCE,8d72dddf-7eff-421b-885c-c7891c5c1699,UNVERIFIED_FAILURE,TIMED_OUT,0,1,0,20667.171869,24629.0,0,0,,
b4b_durable_workflow_at_most_once-mid_dispatch-notifications-7881842b-r13,p30,B4B_DURABLE_WORKFLOW_AT_MOST_ONCE,mid_dispatch,notifications,POSITIVE_ONLY_READBACK,CALLER_REFERENCE,f90b4b4e-9346-4479-962e-29caa211a8fc,CONFIRMED_APPLIED,APPLIED,1,0,1,3768.653038,,0,0,,
b4b_durable_workflow_at_most_once-mid_dispatch-notifications-7881842b-r13,p30,B4B_DURABLE_WORKFLOW_AT_MOST_ONCE,mid_dispatch,notifications,POSITIVE_ONLY_READBACK,CALLER_REFERENCE,23e18f4e-1ee0-4834-90f3-73edbd116c99,CONFIRMED_APPLIED,APPLIED,1,0,1,3916.242436,,0,0,,
b4b_durable_workflow_at_most_once-mid_dispatch-notifications-7881842b-r13,p30,B4B_DURABLE_WORKFLOW_AT_MOST_ONCE,mid_dispatch,notifications,POSITIVE_ONLY_READBACK,CALLER_REFERENCE,148c82a3-f721-4109-84d0-f1c8d5b512e2,UNVERIFIED_FAILURE,TIMED_OUT,1,1,0,19358.965157,76898.0,0,1,,
b4b_durable_workflow_at_most_once-mid_dispatch-notifications-7881842b-r13,p30,B4B_DURABLE_WORKFLOW_AT_MOST_ONCE,mid_dispatch,notifications,POSITIVE_ONLY_READBACK,CALLER_REFERENCE,297e6cbd-866d-4d8c-98cc-610f5ebeabb7,UNVERIFIED_FAILURE,TIMED_OUT,1,1,0,19258.313565,50741.0,0,1,,
b4b_durable_workflow_at_most_once-mid_dispatch-notifications-7881842b-r13,p30,B4B_DURABLE_WORKFLOW_AT_MOST_ONCE,mid_dispatch,notifications,POSITIVE_ONLY_READBACK,CALLER_REFERENCE,efd1b5b5-f800-48d8-b40b-f99544cf7da4,UNVERIFIED_FAILURE,TIMED_OUT,1,1,0,19278.288149,24753.0,0,1,,
b4b_durable_workflow_at_most_once-mid_dispatch-notifications-7881842b-r13,p30,B4B_DURABLE_WORKFLOW_AT_MOST_ONCE,mid_dispatch,notifications,POSITIVE_ONLY_READBACK,CALLER_REFERENCE,d4401c57-faf0-4870-ab6a-fd3b9c61cd29,CONFIRMED_APPLIED,APPLIED,1,0,1,3768.521841,,0,0,,
b4b_durable_workflow_at_most_once-mid_dispatch-notifications-7881842b-r13,p30,B4B_DURABLE_WORKFLOW_AT_MOST_ONCE,mid_dispatch,notifications,POSITIVE_ONLY_READBACK,CALLER_REFERENCE,1b2856dc-1a7f-4a70-8bca-9262c5af91aa,UNVERIFIED_FAILURE,TIMED_OUT,1,1,0,18040.108695,80754.0,0,1,,
b4b_durable_workflow_at_most_once-mid_dispatch-notifications-7881842b-r13,p30,B4B_DURABLE_WORKFLOW_AT_MOST_ONCE,mid_dispatch,notifications,POSITIVE_ONLY_READBACK,CALLER_REFERENCE,b89c03e9-45d0-4497-81f6-9842e2bcb434,CONFIRMED_APPLIED,APPLIED,1,0,1,4032.157496,,0,0,,
b4b_durable_workflow_at_most_once-mid_dispatch-notifications-7881842b-r13,p30,B4B_DURABLE_WORKFLOW_AT_MOST_ONCE,mid_dispatch,notifications,POSITIVE_ONLY_READBACK,CALLER_REFERENCE,a0b4a67a-f9ac-47d5-9c27-44aab406aa39,CONFIRMED_APPLIED,APPLIED,1,0,1,3911.904125,,0,0,,
b4b_durable_workflow_at_most_once-mid_dispatch-notifications-7881842b-r13,p30,B4B_DURABLE_WORKFLOW_AT_MOST_ONCE,mid_dispatch,notifications,POSITIVE_ONLY_READBACK,CALLER_REFERENCE,e2c5a1dd-386f-41ff-b34c-f7052cf2e71e,CONFIRMED_APPLIED,APPLIED,1,0,1,3999.449857,,0,0,,
b4b_durable_workflow_at_most_once-mid_dispatch-notifications-7881842b-r14,p30,B4B_DURABLE_WORKFLOW_AT_MOST_ONCE,mid_dispatch,notifications,POSITIVE_ONLY_READBACK,CALLER_REFERENCE,fc75e6ec-de2f-4440-ba63-8306c1cb3501,UNVERIFIED_FAILURE,TIMED_OUT,0,1,0,18876.722092,70721.0,0,0,,
b4b_durable_workflow_at_most_once-mid_dispatch-notifications-7881842b-r14,p30,B4B_DURABLE_WORKFLOW_AT_MOST_ONCE,mid_dispatch,notifications,POSITIVE_ONLY_READBACK,CALLER_REFERENCE,f89d15de-f848-4096-a950-70d1f50e36ed,UNVERIFIED_FAILURE,FAILED,1,0,1,7446.727119,,0,1,,
b4b_durable_workflow_at_most_once-mid_dispatch-notifications-7881842b-r14,p30,B4B_DURABLE_WORKFLOW_AT_MOST_ONCE,mid_dispatch,notifications,POSITIVE_ONLY_READBACK,CALLER_REFERENCE,80ac2025-25f8-4fe4-80be-c381f4e26b3c,CONFIRMED_APPLIED,APPLIED,1,0,1,4014.322113,,0,0,,
b4b_durable_workflow_at_most_once-mid_dispatch-notifications-7881842b-r14,p30,B4B_DURABLE_WORKFLOW_AT_MOST_ONCE,mid_dispatch,notifications,POSITIVE_ONLY_READBACK,CALLER_REFERENCE,10c21ba1-74e8-401e-ba88-6a90dd9cecd5,UNVERIFIED_FAILURE,FAILED,1,0,1,6839.362056,,0,1,,
b4b_durable_workflow_at_most_once-mid_dispatch-notifications-7881842b-r14,p30,B4B_DURABLE_WORKFLOW_AT_MOST_ONCE,mid_dispatch,notifications,POSITIVE_ONLY_READBACK,CALLER_REFERENCE,42619743-7129-4f8a-8a7a-3512c5925b66,UNVERIFIED_FAILURE,TIMED_OUT,1,1,0,17324.614269,24880.0,0,1,,
b4b_durable_workflow_at_most_once-mid_dispatch-notifications-7881842b-r14,p30,B4B_DURABLE_WORKFLOW_AT_MOST_ONCE,mid_dispatch,notifications,POSITIVE_ONLY_READBACK,CALLER_REFERENCE,c83a0a44-c8d2-4cf7-9028-c95e7f053293,CONFIRMED_APPLIED,APPLIED,1,0,1,4923.906872,,0,0,,
b4b_durable_workflow_at_most_once-mid_dispatch-notifications-7881842b-r14,p30,B4B_DURABLE_WORKFLOW_AT_MOST_ONCE,mid_dispatch,notifications,POSITIVE_ONLY_READBACK,CALLER_REFERENCE,d2201e25-aa9f-4e47-a5a4-a00d38257063,UNVERIFIED_FAILURE,TIMED_OUT,1,1,0,18193.012599,65812.0,0,1,,
b4b_durable_workflow_at_most_once-mid_dispatch-notifications-7881842b-r14,p30,B4B_DURABLE_WORKFLOW_AT_MOST_ONCE,mid_dispatch,notifications,POSITIVE_ONLY_READBACK,CALLER_REFERENCE,58ffa391-3ec4-4424-8c31-433a380f6e56,CONFIRMED_APPLIED,APPLIED,1,0,1,5093.396144,,0,0,,
b4b_durable_workflow_at_most_once-mid_dispatch-notifications-7881842b-r14,p30,B4B_DURABLE_WORKFLOW_AT_MOST_ONCE,mid_dispatch,notifications,POSITIVE_ONLY_READBACK,CALLER_REFERENCE,4455ab73-40dc-425a-aeff-d223c55bac47,CONFIRMED_APPLIED,APPLIED,1,0,1,4015.393283,,0,0,,
b4b_durable_workflow_at_most_once-mid_dispatch-notifications-7881842b-r14,p30,B4B_DURABLE_WORKFLOW_AT_MOST_ONCE,mid_dispatch,notifications,POSITIVE_ONLY_READBACK,CALLER_REFERENCE,3c022fa7-d143-41a7-9d6e-993d02e3776c,CONFIRMED_APPLIED,APPLIED,1,0,1,3913.291222,,0,0,,
b4b_durable_workflow_at_most_once-mid_dispatch-notifications-7881842b-r2,p30,B4B_DURABLE_WORKFLOW_AT_MOST_ONCE,mid_dispatch,notifications,POSITIVE_ONLY_READBACK,CALLER_REFERENCE,a956144d-2723-44ea-97a8-8796d26bdf53,UNVERIFIED_FAILURE,FAILED,1,0,1,6388.758322,,0,1,,
b4b_durable_workflow_at_most_once-mid_dispatch-notifications-7881842b-r2,p30,B4B_DURABLE_WORKFLOW_AT_MOST_ONCE,mid_dispatch,notifications,POSITIVE_ONLY_READBACK,CALLER_REFERENCE,3750b4e9-7dcc-4769-8771-d9a041cc3135,CONFIRMED_APPLIED,APPLIED,1,0,1,4016.958012,,0,0,,
b4b_durable_workflow_at_most_once-mid_dispatch-notifications-7881842b-r2,p30,B4B_DURABLE_WORKFLOW_AT_MOST_ONCE,mid_dispatch,notifications,POSITIVE_ONLY_READBACK,CALLER_REFERENCE,5c1324a0-e292-4511-889a-7e2c0dc5ad4f,CONFIRMED_APPLIED,APPLIED,1,0,1,4016.83678,,0,0,,
b4b_durable_workflow_at_most_once-mid_dispatch-notifications-7881842b-r2,p30,B4B_DURABLE_WORKFLOW_AT_MOST_ONCE,mid_dispatch,notifications,POSITIVE_ONLY_READBACK,CALLER_REFERENCE,cd4c21ea-d5fc-43ab-a058-ec1b471ff262,UNVERIFIED_FAILURE,TIMED_OUT,1,1,0,22518.398375,69779.0,0,1,,
b4b_durable_workflow_at_most_once-mid_dispatch-notifications-7881842b-r2,p30,B4B_DURABLE_WORKFLOW_AT_MOST_ONCE,mid_dispatch,notifications,POSITIVE_ONLY_READBACK,CALLER_REFERENCE,d9f4a9e9-0300-4bf0-8c07-c6d3b60e3a8d,CONFIRMED_APPLIED,APPLIED,1,0,1,4016.515718,,0,0,,
b4b_durable_workflow_at_most_once-mid_dispatch-notifications-7881842b-r2,p30,B4B_DURABLE_WORKFLOW_AT_MOST_ONCE,mid_dispatch,notifications,POSITIVE_ONLY_READBACK,CALLER_REFERENCE,1325ad12-0940-47e0-b303-e886fce7e3ef,UNVERIFIED_FAILURE,TIMED_OUT,1,1,0,22464.574743,84757.0,0,1,,
b4b_durable_workflow_at_most_once-mid_dispatch-notifications-7881842b-r2,p30,B4B_DURABLE_WORKFLOW_AT_MOST_ONCE,mid_dispatch,notifications,POSITIVE_ONLY_READBACK,CALLER_REFERENCE,b366be3d-d095-4bb2-a212-b6ea8f2bd8ab,UNVERIFIED_FAILURE,TIMED_OUT,1,1,0,22573.378906,58823.0,0,1,,
b4b_durable_workflow_at_most_once-mid_dispatch-notifications-7881842b-r2,p30,B4B_DURABLE_WORKFLOW_AT_MOST_ONCE,mid_dispatch,notifications,POSITIVE_ONLY_READBACK,CALLER_REFERENCE,0cc5488f-6abf-4def-82ce-ec8f1c4f426a,CONFIRMED_APPLIED,APPLIED,1,0,1,4017.860879,,0,0,,
b4b_durable_workflow_at_most_once-mid_dispatch-notifications-7881842b-r2,p30,B4B_DURABLE_WORKFLOW_AT_MOST_ONCE,mid_dispatch,notifications,POSITIVE_ONLY_READBACK,CALLER_REFERENCE,7cec31c7-6fc2-4cca-8351-326b2c9767db,CONFIRMED_APPLIED,APPLIED,1,0,1,3920.306225,,0,0,,
b4b_durable_workflow_at_most_once-mid_dispatch-notifications-7881842b-r2,p30,B4B_DURABLE_WORKFLOW_AT_MOST_ONCE,mid_dispatch,notifications,POSITIVE_ONLY_READBACK,CALLER_REFERENCE,210ddb3e-3a8a-46dc-800f-7fc175a8ba9c,UNVERIFIED_FAILURE,TIMED_OUT,1,1,0,22692.301757,24892.0,0,1,,
b4b_durable_workflow_at_most_once-mid_dispatch-notifications-7881842b-r3,p30,B4B_DURABLE_WORKFLOW_AT_MOST_ONCE,mid_dispatch,notifications,POSITIVE_ONLY_READBACK,CALLER_REFERENCE,0d5193dd-d77a-4fc4-ad4e-91cd7b33919d,CONFIRMED_APPLIED,APPLIED,1,0,1,3400.092318,,0,0,,
b4b_durable_workflow_at_most_once-mid_dispatch-notifications-7881842b-r3,p30,B4B_DURABLE_WORKFLOW_AT_MOST_ONCE,mid_dispatch,notifications,POSITIVE_ONLY_READBACK,CALLER_REFERENCE,83323cc0-05ab-40ed-8482-b6ae0fc6b067,CONFIRMED_APPLIED,APPLIED,1,0,1,3918.015451,,0,0,,
b4b_durable_workflow_at_most_once-mid_dispatch-notifications-7881842b-r3,p30,B4B_DURABLE_WORKFLOW_AT_MOST_ONCE,mid_dispatch,notifications,POSITIVE_ONLY_READBACK,CALLER_REFERENCE,d2007af8-fba7-410a-86bb-8360c1d06b8e,CONFIRMED_APPLIED,APPLIED,1,0,1,3915.01133,,0,0,,
b4b_durable_workflow_at_most_once-mid_dispatch-notifications-7881842b-r3,p30,B4B_DURABLE_WORKFLOW_AT_MOST_ONCE,mid_dispatch,notifications,POSITIVE_ONLY_READBACK,CALLER_REFERENCE,8215531c-fc11-49d0-ac18-5dbcb0fa647d,CONFIRMED_APPLIED,APPLIED,1,0,1,4005.035915,,0,0,,
b4b_durable_workflow_at_most_once-mid_dispatch-notifications-7881842b-r3,p30,B4B_DURABLE_WORKFLOW_AT_MOST_ONCE,mid_dispatch,notifications,POSITIVE_ONLY_READBACK,CALLER_REFERENCE,531372f8-806b-4b7d-b95a-b5fe69927909,UNVERIFIED_FAILURE,TIMED_OUT,1,1,0,22510.918893,27802.0,0,1,,
b4b_durable_workflow_at_most_once-mid_dispatch-notifications-7881842b-r3,p30,B4B_DURABLE_WORKFLOW_AT_MOST_ONCE,mid_dispatch,notifications,POSITIVE_ONLY_READBACK,CALLER_REFERENCE,7d311e45-d74a-43e9-8ee0-a37756e60a0b,UNVERIFIED_FAILURE,FAILED,1,0,1,6313.043642,,0,1,,
b4b_durable_workflow_at_most_once-mid_dispatch-notifications-7881842b-r3,p30,B4B_DURABLE_WORKFLOW_AT_MOST_ONCE,mid_dispatch,notifications,POSITIVE_ONLY_READBACK,CALLER_REFERENCE,3294975b-2010-4753-8536-aa9d55dead90,CONFIRMED_APPLIED,APPLIED,1,0,1,4016.046513,,0,0,,
b4b_durable_workflow_at_most_once-mid_dispatch-notifications-7881842b-r3,p30,B4B_DURABLE_WORKFLOW_AT_MOST_ONCE,mid_dispatch,notifications,POSITIVE_ONLY_READBACK,CALLER_REFERENCE,5c25a791-a830-461a-a943-70bd77fdb350,UNVERIFIED_FAILURE,TIMED_OUT,1,1,0,22531.12035,32819.0,0,1,,
b4b_durable_workflow_at_most_once-mid_dispatch-notifications-7881842b-r3,p30,B4B_DURABLE_WORKFLOW_AT_MOST_ONCE,mid_dispatch,notifications,POSITIVE_ONLY_READBACK,CALLER_REFERENCE,0226a266-231a-4e82-815d-222c0eab2846,CONFIRMED_APPLIED,APPLIED,1,0,1,4019.903381,,0,0,,
b4b_durable_workflow_at_most_once-mid_dispatch-notifications-7881842b-r3,p30,B4B_DURABLE_WORKFLOW_AT_MOST_ONCE,mid_dispatch,notifications,POSITIVE_ONLY_READBACK,CALLER_REFERENCE,f0ba5e00-35bf-46b8-b255-5e8eca94968e,CONFIRMED_APPLIED,APPLIED,1,0,1,4114.103536,,0,0,,
b4b_durable_workflow_at_most_once-mid_dispatch-notifications-7881842b-r4,p30,B4B_DURABLE_WORKFLOW_AT_MOST_ONCE,mid_dispatch,notifications,POSITIVE_ONLY_READBACK,CALLER_REFERENCE,8215050a-3f88-457b-9ede-f8ab73974d1a,UNVERIFIED_FAILURE,TIMED_OUT,1,1,0,22298.206214,62575.0,0,1,,
b4b_durable_workflow_at_most_once-mid_dispatch-notifications-7881842b-r4,p30,B4B_DURABLE_WORKFLOW_AT_MOST_ONCE,mid_dispatch,notifications,POSITIVE_ONLY_READBACK,CALLER_REFERENCE,be2b02ae-acfe-40fd-ae6e-38677f97dc25,CONFIRMED_APPLIED,APPLIED,1,0,1,4065.935829,,0,0,,
b4b_durable_workflow_at_most_once-mid_dispatch-notifications-7881842b-r4,p30,B4B_DURABLE_WORKFLOW_AT_MOST_ONCE,mid_dispatch,notifications,POSITIVE_ONLY_READBACK,CALLER_REFERENCE,e268b91e-899e-4dde-9331-c8b19e6b9b65,CONFIRMED_APPLIED,APPLIED,1,0,1,3984.861911,,0,0,,
b4b_durable_workflow_at_most_once-mid_dispatch-notifications-7881842b-r4,p30,B4B_DURABLE_WORKFLOW_AT_MOST_ONCE,mid_dispatch,notifications,POSITIVE_ONLY_READBACK,CALLER_REFERENCE,f4050205-cc45-4c6a-9c24-bc379b99f390,UNVERIFIED_FAILURE,TIMED_OUT,1,1,0,22201.046327,28690.0,0,1,,
b4b_durable_workflow_at_most_once-mid_dispatch-notifications-7881842b-r4,p30,B4B_DURABLE_WORKFLOW_AT_MOST_ONCE,mid_dispatch,notifications,POSITIVE_ONLY_READBACK,CALLER_REFERENCE,71a84f69-f958-438c-9c75-0ba4b357604a,CONFIRMED_APPLIED,APPLIED,1,0,1,4108.365992,,0,0,,
b4b_durable_workflow_at_most_once-mid_dispatch-notifications-7881842b-r4,p30,B4B_DURABLE_WORKFLOW_AT_MOST_ONCE,mid_dispatch,notifications,POSITIVE_ONLY_READBACK,CALLER_REFERENCE,017c2e8e-1004-497e-a284-c46be7f4bf17,CONFIRMED_APPLIED,APPLIED,1,0,1,3567.599426,,0,0,,
b4b_durable_workflow_at_most_once-mid_dispatch-notifications-7881842b-r4,p30,B4B_DURABLE_WORKFLOW_AT_MOST_ONCE,mid_dispatch,notifications,POSITIVE_ONLY_READBACK,CALLER_REFERENCE,5a1500a0-403d-453c-ae04-1c7c36e24904,UNVERIFIED_FAILURE,FAILED,0,0,1,4021.589825,,0,0,,
b4b_durable_workflow_at_most_once-mid_dispatch-notifications-7881842b-r4,p30,B4B_DURABLE_WORKFLOW_AT_MOST_ONCE,mid_dispatch,notifications,POSITIVE_ONLY_READBACK,CALLER_REFERENCE,7e2fcf60-ff8b-46a4-9359-268410a2da5b,UNVERIFIED_FAILURE,FAILED,1,0,1,7040.916922,,0,1,,
b4b_durable_workflow_at_most_once-mid_dispatch-notifications-7881842b-r4,p30,B4B_DURABLE_WORKFLOW_AT_MOST_ONCE,mid_dispatch,notifications,POSITIVE_ONLY_READBACK,CALLER_REFERENCE,46fb152d-1bb5-487c-b822-bedb15714f21,CONFIRMED_APPLIED,APPLIED,1,0,1,4021.456852,,0,0,,
b4b_durable_workflow_at_most_once-mid_dispatch-notifications-7881842b-r4,p30,B4B_DURABLE_WORKFLOW_AT_MOST_ONCE,mid_dispatch,notifications,POSITIVE_ONLY_READBACK,CALLER_REFERENCE,b4fd8b9f-3b96-477a-9ed0-9889c031cf42,UNVERIFIED_FAILURE,TIMED_OUT,1,1,0,22583.470683,43747.0,0,1,,
b4b_durable_workflow_at_most_once-mid_dispatch-notifications-7881842b-r5,p30,B4B_DURABLE_WORKFLOW_AT_MOST_ONCE,mid_dispatch,notifications,POSITIVE_ONLY_READBACK,CALLER_REFERENCE,6da01ea7-faef-456e-8625-e121a594ffdb,CONFIRMED_APPLIED,APPLIED,1,0,1,3486.826807,,0,0,,
b4b_durable_workflow_at_most_once-mid_dispatch-notifications-7881842b-r5,p30,B4B_DURABLE_WORKFLOW_AT_MOST_ONCE,mid_dispatch,notifications,POSITIVE_ONLY_READBACK,CALLER_REFERENCE,eed68de7-39ec-4bbb-87aa-32d3a3c2522c,UNVERIFIED_FAILURE,TIMED_OUT,1,1,0,22560.60713,42878.0,0,1,,
b4b_durable_workflow_at_most_once-mid_dispatch-notifications-7881842b-r5,p30,B4B_DURABLE_WORKFLOW_AT_MOST_ONCE,mid_dispatch,notifications,POSITIVE_ONLY_READBACK,CALLER_REFERENCE,1b5d8da8-6827-467f-86a5-df753b77a49d,CONFIRMED_APPLIED,APPLIED,1,0,1,3922.360469,,0,0,,
b4b_durable_workflow_at_most_once-mid_dispatch-notifications-7881842b-r5,p30,B4B_DURABLE_WORKFLOW_AT_MOST_ONCE,mid_dispatch,notifications,POSITIVE_ONLY_READBACK,CALLER_REFERENCE,1c791dd0-2ac5-42c3-a768-18e78dabcae9,UNVERIFIED_FAILURE,FAILED,1,0,1,6860.867135,,0,1,,
b4b_durable_workflow_at_most_once-mid_dispatch-notifications-7881842b-r5,p30,B4B_DURABLE_WORKFLOW_AT_MOST_ONCE,mid_dispatch,notifications,POSITIVE_ONLY_READBACK,CALLER_REFERENCE,a8183cc1-c7cd-4c12-adb6-3eaa6a0a8dc0,UNVERIFIED_FAILURE,FAILED,1,0,1,7193.434147,,0,1,,
b4b_durable_workflow_at_most_once-mid_dispatch-notifications-7881842b-r5,p30,B4B_DURABLE_WORKFLOW_AT_MOST_ONCE,mid_dispatch,notifications,POSITIVE_ONLY_READBACK,CALLER_REFERENCE,0d1816bd-c707-4cec-8e45-04a552e1210e,UNVERIFIED_FAILURE,FAILED,1,0,1,6573.159097,,0,1,,
b4b_durable_workflow_at_most_once-mid_dispatch-notifications-7881842b-r5,p30,B4B_DURABLE_WORKFLOW_AT_MOST_ONCE,mid_dispatch,notifications,POSITIVE_ONLY_READBACK,CALLER_REFERENCE,098f72ce-fe53-466d-bf43-cc7794472cdc,CONFIRMED_APPLIED,APPLIED,1,0,1,4073.471102,,0,0,,
b4b_durable_workflow_at_most_once-mid_dispatch-notifications-7881842b-r5,p30,B4B_DURABLE_WORKFLOW_AT_MOST_ONCE,mid_dispatch,notifications,POSITIVE_ONLY_READBACK,CALLER_REFERENCE,11197422-3e79-46fd-823a-afaf54fd9efe,UNVERIFIED_FAILURE,FAILED,1,0,1,7031.84765,,0,1,,
b4b_durable_workflow_at_most_once-mid_dispatch-notifications-7881842b-r5,p30,B4B_DURABLE_WORKFLOW_AT_MOST_ONCE,mid_dispatch,notifications,POSITIVE_ONLY_READBACK,CALLER_REFERENCE,aa7b768d-0f07-450f-8f98-ef663218ee5c,CONFIRMED_APPLIED,APPLIED,1,0,1,3868.501529,,0,0,,
b4b_durable_workflow_at_most_once-mid_dispatch-notifications-7881842b-r5,p30,B4B_DURABLE_WORKFLOW_AT_MOST_ONCE,mid_dispatch,notifications,POSITIVE_ONLY_READBACK,CALLER_REFERENCE,e1859cea-603b-43a5-956a-b975d87273a2,UNVERIFIED_FAILURE,FAILED,1,0,1,7133.688762,,0,1,,
b4b_durable_workflow_at_most_once-mid_dispatch-notifications-7881842b-r6,p30,B4B_DURABLE_WORKFLOW_AT_MOST_ONCE,mid_dispatch,notifications,POSITIVE_ONLY_READBACK,CALLER_REFERENCE,d4d98fed-1038-4feb-b29a-2698cb9a1f76,UNVERIFIED_FAILURE,TIMED_OUT,1,1,0,22435.11611,65704.0,0,1,,
b4b_durable_workflow_at_most_once-mid_dispatch-notifications-7881842b-r6,p30,B4B_DURABLE_WORKFLOW_AT_MOST_ONCE,mid_dispatch,notifications,POSITIVE_ONLY_READBACK,CALLER_REFERENCE,6e1cfd36-cb34-4e8e-b76e-cc6b77ecb00a,CONFIRMED_APPLIED,APPLIED,1,0,1,4023.538609,,0,0,,
b4b_durable_workflow_at_most_once-mid_dispatch-notifications-7881842b-r6,p30,B4B_DURABLE_WORKFLOW_AT_MOST_ONCE,mid_dispatch,notifications,POSITIVE_ONLY_READBACK,CALLER_REFERENCE,d6a0916a-3ffe-4982-8fda-121561a9351b,CONFIRMED_APPLIED,APPLIED,1,0,1,4014.7121,,0,0,,
b4b_durable_workflow_at_most_once-mid_dispatch-notifications-7881842b-r6,p30,B4B_DURABLE_WORKFLOW_AT_MOST_ONCE,mid_dispatch,notifications,POSITIVE_ONLY_READBACK,CALLER_REFERENCE,e9f27f27-f40a-4d04-9ade-f8ceef2a88e8,CONFIRMED_APPLIED,APPLIED,1,0,1,3912.884248,,0,0,,
b4b_durable_workflow_at_most_once-mid_dispatch-notifications-7881842b-r6,p30,B4B_DURABLE_WORKFLOW_AT_MOST_ONCE,mid_dispatch,notifications,POSITIVE_ONLY_READBACK,CALLER_REFERENCE,8405ce88-81fa-4747-b7e8-a3f395baaefe,UNVERIFIED_FAILURE,FAILED,1,0,1,6947.142323,,0,1,,
b4b_durable_workflow_at_most_once-mid_dispatch-notifications-7881842b-r6,p30,B4B_DURABLE_WORKFLOW_AT_MOST_ONCE,mid_dispatch,notifications,POSITIVE_ONLY_READBACK,CALLER_REFERENCE,c3d1b50c-6776-4e83-934a-4cae4b47c7b3,CONFIRMED_APPLIED,APPLIED,1,0,1,3466.150586,,0,0,,
b4b_durable_workflow_at_most_once-mid_dispatch-notifications-7881842b-r6,p30,B4B_DURABLE_WORKFLOW_AT_MOST_ONCE,mid_dispatch,notifications,POSITIVE_ONLY_READBACK,CALLER_REFERENCE,15e1a080-036d-4f13-9124-afcff086e630,UNVERIFIED_FAILURE,TIMED_OUT,1,1,0,22624.39518,61878.0,0,1,,
b4b_durable_workflow_at_most_once-mid_dispatch-notifications-7881842b-r6,p30,B4B_DURABLE_WORKFLOW_AT_MOST_ONCE,mid_dispatch,notifications,POSITIVE_ONLY_READBACK,CALLER_REFERENCE,fa36c303-44f5-4599-a246-cf3c9137832c,CONFIRMED_APPLIED,APPLIED,1,0,1,4014.708335,,0,0,,
b4b_durable_workflow_at_most_once-mid_dispatch-notifications-7881842b-r6,p30,B4B_DURABLE_WORKFLOW_AT_MOST_ONCE,mid_dispatch,notifications,POSITIVE_ONLY_READBACK,CALLER_REFERENCE,362f9a76-52f1-418e-a8d1-421cc4861d14,UNVERIFIED_FAILURE,TIMED_OUT,1,1,0,22467.170642,31678.0,0,1,,
b4b_durable_workflow_at_most_once-mid_dispatch-notifications-7881842b-r6,p30,B4B_DURABLE_WORKFLOW_AT_MOST_ONCE,mid_dispatch,notifications,POSITIVE_ONLY_READBACK,CALLER_REFERENCE,6f58b814-5102-4a55-9366-db00788e9e5f,UNVERIFIED_FAILURE,FAILED,1,0,1,7021.153943,,0,1,,
b4b_durable_workflow_at_most_once-mid_dispatch-notifications-7881842b-r7,p30,B4B_DURABLE_WORKFLOW_AT_MOST_ONCE,mid_dispatch,notifications,POSITIVE_ONLY_READBACK,CALLER_REFERENCE,5194869c-2c91-474f-bcaf-0bc74d788685,UNVERIFIED_FAILURE,TIMED_OUT,1,1,0,21634.870608,87747.0,0,1,,
b4b_durable_workflow_at_most_once-mid_dispatch-notifications-7881842b-r7,p30,B4B_DURABLE_WORKFLOW_AT_MOST_ONCE,mid_dispatch,notifications,POSITIVE_ONLY_READBACK,CALLER_REFERENCE,74798231-769b-4c5e-a301-f4b9e372b0cb,UNVERIFIED_FAILURE,TIMED_OUT,0,1,0,17523.575474,61705.0,0,0,,
b4b_durable_workflow_at_most_once-mid_dispatch-notifications-7881842b-r7,p30,B4B_DURABLE_WORKFLOW_AT_MOST_ONCE,mid_dispatch,notifications,POSITIVE_ONLY_READBACK,CALLER_REFERENCE,8fecbeaa-7c6a-4bef-a76e-9b194077e2ef,UNVERIFIED_FAILURE,TIMED_OUT,0,1,0,21411.976586,35743.0,0,0,,
b4b_durable_workflow_at_most_once-mid_dispatch-notifications-7881842b-r7,p30,B4B_DURABLE_WORKFLOW_AT_MOST_ONCE,mid_dispatch,notifications,POSITIVE_ONLY_READBACK,CALLER_REFERENCE,33aa494e-25d1-46df-8b18-60ce77aed6ed,UNVERIFIED_FAILURE,FAILED,1,0,1,7033.435837,,0,1,,
b4b_durable_workflow_at_most_once-mid_dispatch-notifications-7881842b-r7,p30,B4B_DURABLE_WORKFLOW_AT_MOST_ONCE,mid_dispatch,notifications,POSITIVE_ONLY_READBACK,CALLER_REFERENCE,6509de42-571b-45c4-825a-edfc22062228,CONFIRMED_APPLIED,APPLIED,1,0,1,4117.980953,,0,0,,
b4b_durable_workflow_at_most_once-mid_dispatch-notifications-7881842b-r7,p30,B4B_DURABLE_WORKFLOW_AT_MOST_ONCE,mid_dispatch,notifications,POSITIVE_ONLY_READBACK,CALLER_REFERENCE,453c08a6-4a4b-4eb9-a331-03d2c918b790,UNVERIFIED_FAILURE,TIMED_OUT,1,1,0,21634.743642,87750.0,0,1,,
b4b_durable_workflow_at_most_once-mid_dispatch-notifications-7881842b-r7,p30,B4B_DURABLE_WORKFLOW_AT_MOST_ONCE,mid_dispatch,notifications,POSITIVE_ONLY_READBACK,CALLER_REFERENCE,5cb08b96-86c6-4855-8057-f9050a8c657a,UNVERIFIED_FAILURE,TIMED_OUT,0,1,0,17523.529664,61707.0,0,0,,
b4b_durable_workflow_at_most_once-mid_dispatch-notifications-7881842b-r7,p30,B4B_DURABLE_WORKFLOW_AT_MOST_ONCE,mid_dispatch,notifications,POSITIVE_ONLY_READBACK,CALLER_REFERENCE,e8814774-a425-4b57-a5e1-143de2e50a78,CONFIRMED_APPLIED,APPLIED,1,0,1,4014.011122,,0,0,,
b4b_durable_workflow_at_most_once-mid_dispatch-notifications-7881842b-r7,p30,B4B_DURABLE_WORKFLOW_AT_MOST_ONCE,mid_dispatch,notifications,POSITIVE_ONLY_READBACK,CALLER_REFERENCE,b1ae0e39-f4b1-46b0-88ab-a2a1628cfade,CONFIRMED_APPLIED,APPLIED,1,0,1,3946.24122,,0,0,,
b4b_durable_workflow_at_most_once-mid_dispatch-notifications-7881842b-r7,p30,B4B_DURABLE_WORKFLOW_AT_MOST_ONCE,mid_dispatch,notifications,POSITIVE_ONLY_READBACK,CALLER_REFERENCE,a0eaf609-3eed-4009-a4b4-073dddc738e9,UNVERIFIED_FAILURE,TIMED_OUT,1,1,0,22073.713903,27880.0,0,1,,
b4b_durable_workflow_at_most_once-mid_dispatch-notifications-7881842b-r8,p30,B4B_DURABLE_WORKFLOW_AT_MOST_ONCE,mid_dispatch,notifications,POSITIVE_ONLY_READBACK,CALLER_REFERENCE,3b341e5e-66e7-4261-a50c-0aecc4fabf8e,CONFIRMED_APPLIED,APPLIED,1,0,1,3200.216852,,0,0,,
b4b_durable_workflow_at_most_once-mid_dispatch-notifications-7881842b-r8,p30,B4B_DURABLE_WORKFLOW_AT_MOST_ONCE,mid_dispatch,notifications,POSITIVE_ONLY_READBACK,CALLER_REFERENCE,1460a781-0ff0-423e-9f2a-e45dd1dfcf9c,UNVERIFIED_FAILURE,TIMED_OUT,0,1,0,22071.932276,59609.0,0,0,,
b4b_durable_workflow_at_most_once-mid_dispatch-notifications-7881842b-r8,p30,B4B_DURABLE_WORKFLOW_AT_MOST_ONCE,mid_dispatch,notifications,POSITIVE_ONLY_READBACK,CALLER_REFERENCE,988fedf0-0ace-4997-84ce-1ac4d7525e8f,UNVERIFIED_FAILURE,TIMED_OUT,1,1,0,21877.125072,33559.0,0,1,,
b4b_durable_workflow_at_most_once-mid_dispatch-notifications-7881842b-r8,p30,B4B_DURABLE_WORKFLOW_AT_MOST_ONCE,mid_dispatch,notifications,POSITIVE_ONLY_READBACK,CALLER_REFERENCE,f0edc5c6-c665-4087-a6d9-e35f001a72dc,CONFIRMED_APPLIED,APPLIED,1,0,1,5016.038943,,0,0,,
b4b_durable_workflow_at_most_once-mid_dispatch-notifications-7881842b-r8,p30,B4B_DURABLE_WORKFLOW_AT_MOST_ONCE,mid_dispatch,notifications,POSITIVE_ONLY_READBACK,CALLER_REFERENCE,987b93d3-e09f-40a7-91ab-42537e61fb51,CONFIRMED_APPLIED,APPLIED,1,0,1,3733.699042,,0,0,,
b4b_durable_workflow_at_most_once-mid_dispatch-notifications-7881842b-r8,p30,B4B_DURABLE_WORKFLOW_AT_MOST_ONCE,mid_dispatch,notifications,POSITIVE_ONLY_READBACK,CALLER_REFERENCE,be3bce9b-c848-4b82-b183-9e9d20bc05cd,CONFIRMED_APPLIED,APPLIED,1,0,1,3200.279949,,0,0,,
b4b_durable_workflow_at_most_once-mid_dispatch-notifications-7881842b-r8,p30,B4B_DURABLE_WORKFLOW_AT_MOST_ONCE,mid_dispatch,notifications,POSITIVE_ONLY_READBACK,CALLER_REFERENCE,3e3a491f-68c8-4a2c-94e5-03a6af707f10,UNVERIFIED_FAILURE,FAILED,1,0,1,6986.695197,,0,1,,
b4b_durable_workflow_at_most_once-mid_dispatch-notifications-7881842b-r8,p30,B4B_DURABLE_WORKFLOW_AT_MOST_ONCE,mid_dispatch,notifications,POSITIVE_ONLY_READBACK,CALLER_REFERENCE,d0e44c73-bdd1-4a12-9d81-3ded222e60ef,CONFIRMED_APPLIED,APPLIED,1,0,1,4021.354163,,0,0,,
b4b_durable_workflow_at_most_once-mid_dispatch-notifications-7881842b-r8,p30,B4B_DURABLE_WORKFLOW_AT_MOST_ONCE,mid_dispatch,notifications,POSITIVE_ONLY_READBACK,CALLER_REFERENCE,e9f17b6a-0e30-4c50-8373-733872fcda95,CONFIRMED_APPLIED,APPLIED,1,0,1,4020.271116,,0,0,,
b4b_durable_workflow_at_most_once-mid_dispatch-notifications-7881842b-r8,p30,B4B_DURABLE_WORKFLOW_AT_MOST_ONCE,mid_dispatch,notifications,POSITIVE_ONLY_READBACK,CALLER_REFERENCE,61ff99ff-439e-4006-b7b6-f07aa97168e1,CONFIRMED_APPLIED,APPLIED,1,0,1,4021.491632,,0,0,,
b4b_durable_workflow_at_most_once-mid_dispatch-notifications-7881842b-r9,p30,B4B_DURABLE_WORKFLOW_AT_MOST_ONCE,mid_dispatch,notifications,POSITIVE_ONLY_READBACK,CALLER_REFERENCE,ba645867-d6da-469c-b0c8-5acb6bd2a48d,UNVERIFIED_FAILURE,TIMED_OUT,1,1,0,21833.174235,65702.0,0,1,,
b4b_durable_workflow_at_most_once-mid_dispatch-notifications-7881842b-r9,p30,B4B_DURABLE_WORKFLOW_AT_MOST_ONCE,mid_dispatch,notifications,POSITIVE_ONLY_READBACK,CALLER_REFERENCE,46f01673-7b9a-4910-a807-fc63c6674268,CONFIRMED_APPLIED,APPLIED,1,0,1,4111.596154,,0,0,,
b4b_durable_workflow_at_most_once-mid_dispatch-notifications-7881842b-r9,p30,B4B_DURABLE_WORKFLOW_AT_MOST_ONCE,mid_dispatch,notifications,POSITIVE_ONLY_READBACK,CALLER_REFERENCE,3101888f-ac01-4b8a-bcbc-b49859797b21,UNVERIFIED_FAILURE,TIMED_OUT,1,1,0,21672.609737,35717.0,0,1,,
b4b_durable_workflow_at_most_once-mid_dispatch-notifications-7881842b-r9,p30,B4B_DURABLE_WORKFLOW_AT_MOST_ONCE,mid_dispatch,notifications,POSITIVE_ONLY_READBACK,CALLER_REFERENCE,a1cc4c89-4e46-4b14-b7d7-90ba11bc72b3,CONFIRMED_APPLIED,APPLIED,1,0,1,3944.01735,,0,0,,
b4b_durable_workflow_at_most_once-mid_dispatch-notifications-7881842b-r9,p30,B4B_DURABLE_WORKFLOW_AT_MOST_ONCE,mid_dispatch,notifications,POSITIVE_ONLY_READBACK,CALLER_REFERENCE,5b232d6f-817f-4914-a774-0bf3e702b48f,CONFIRMED_APPLIED,APPLIED,1,0,1,4116.731166,,0,0,,
b4b_durable_workflow_at_most_once-mid_dispatch-notifications-7881842b-r9,p30,B4B_DURABLE_WORKFLOW_AT_MOST_ONCE,mid_dispatch,notifications,POSITIVE_ONLY_READBACK,CALLER_REFERENCE,c25d9014-1db5-4ad7-8727-5c508867a34e,UNVERIFIED_FAILURE,TIMED_OUT,1,1,0,21834.219479,65704.0,0,1,,
b4b_durable_workflow_at_most_once-mid_dispatch-notifications-7881842b-r9,p30,B4B_DURABLE_WORKFLOW_AT_MOST_ONCE,mid_dispatch,notifications,POSITIVE_ONLY_READBACK,CALLER_REFERENCE,f7638bd0-00fe-4e2f-813c-bb62c2bf71fd,CONFIRMED_APPLIED,APPLIED,1,0,1,4111.520842,,0,0,,
b4b_durable_workflow_at_most_once-mid_dispatch-notifications-7881842b-r9,p30,B4B_DURABLE_WORKFLOW_AT_MOST_ONCE,mid_dispatch,notifications,POSITIVE_ONLY_READBACK,CALLER_REFERENCE,a5df60d3-ddac-4170-a30f-1014c1c9faa4,UNVERIFIED_FAILURE,FAILED,1,0,1,6927.311888,,0,1,,
b4b_durable_workflow_at_most_once-mid_dispatch-notifications-7881842b-r9,p30,B4B_DURABLE_WORKFLOW_AT_MOST_ONCE,mid_dispatch,notifications,POSITIVE_ONLY_READBACK,CALLER_REFERENCE,80ffb21e-a39a-4361-973b-a5cbc32866a4,UNVERIFIED_FAILURE,TIMED_OUT,1,1,0,21700.214936,28697.0,0,1,,
b4b_durable_workflow_at_most_once-mid_dispatch-notifications-7881842b-r9,p30,B4B_DURABLE_WORKFLOW_AT_MOST_ONCE,mid_dispatch,notifications,POSITIVE_ONLY_READBACK,CALLER_REFERENCE,edba86a2-ae27-4cd0-a220-c1d6369d127a,CONFIRMED_APPLIED,APPLIED,1,0,1,4107.190841,,0,0,,
b4b_durable_workflow_at_most_once-mid_dispatch-payments-4dd025be-r0,p30,B4B_DURABLE_WORKFLOW_AT_MOST_ONCE,mid_dispatch,payments,AUTHORITATIVE_READBACK,CALLER_REFERENCE,471189df-762c-4ef8-b161-9603ab61d25f,UNVERIFIED_FAILURE,TIMED_OUT,0,1,0,19778.321122,62939.0,0,0,,
b4b_durable_workflow_at_most_once-mid_dispatch-payments-4dd025be-r0,p30,B4B_DURABLE_WORKFLOW_AT_MOST_ONCE,mid_dispatch,payments,AUTHORITATIVE_READBACK,CALLER_REFERENCE,19848123-cc5e-4d90-98b1-b94659370703,CONFIRMED_APPLIED,APPLIED,1,0,1,4053.216177,,0,0,,
b4b_durable_workflow_at_most_once-mid_dispatch-payments-4dd025be-r0,p30,B4B_DURABLE_WORKFLOW_AT_MOST_ONCE,mid_dispatch,payments,AUTHORITATIVE_READBACK,CALLER_REFERENCE,d74ae18b-c8ae-4d1a-8acd-746a3b8b1f5c,UNVERIFIED_FAILURE,TIMED_OUT,1,1,0,20013.365464,32740.0,0,1,,
b4b_durable_workflow_at_most_once-mid_dispatch-payments-4dd025be-r0,p30,B4B_DURABLE_WORKFLOW_AT_MOST_ONCE,mid_dispatch,payments,AUTHORITATIVE_READBACK,CALLER_REFERENCE,dd66fdb5-d161-4e33-bef2-d0bf8395e311,CONFIRMED_APPLIED,APPLIED,1,0,1,4016.094083,,0,0,,
b4b_durable_workflow_at_most_once-mid_dispatch-payments-4dd025be-r0,p30,B4B_DURABLE_WORKFLOW_AT_MOST_ONCE,mid_dispatch,payments,AUTHORITATIVE_READBACK,CALLER_REFERENCE,9d9bf8e1-8a5f-45b6-8ef9-0261a2e3d0bf,CONFIRMED_APPLIED,APPLIED,1,0,1,4023.769834,,0,0,,
b4b_durable_workflow_at_most_once-mid_dispatch-payments-4dd025be-r0,p30,B4B_DURABLE_WORKFLOW_AT_MOST_ONCE,mid_dispatch,payments,AUTHORITATIVE_READBACK,CALLER_REFERENCE,0986bb3f-0cb2-4d65-83a2-a542931f18e8,CONFIRMED_APPLIED,APPLIED,1,0,1,4072.425331,,0,0,,
b4b_durable_workflow_at_most_once-mid_dispatch-payments-4dd025be-r0,p30,B4B_DURABLE_WORKFLOW_AT_MOST_ONCE,mid_dispatch,payments,AUTHORITATIVE_READBACK,CALLER_REFERENCE,669e03c0-3399-476f-b3e7-26bee6049e49,UNVERIFIED_FAILURE,TIMED_OUT,1,1,0,19386.817421,58753.0,0,1,,
b4b_durable_workflow_at_most_once-mid_dispatch-payments-4dd025be-r0,p30,B4B_DURABLE_WORKFLOW_AT_MOST_ONCE,mid_dispatch,payments,AUTHORITATIVE_READBACK,CALLER_REFERENCE,770dadd3-e407-473a-abdd-5df7f670360f,CONFIRMED_APPLIED,APPLIED,1,0,1,5041.78981,,0,0,,
b4b_durable_workflow_at_most_once-mid_dispatch-payments-4dd025be-r0,p30,B4B_DURABLE_WORKFLOW_AT_MOST_ONCE,mid_dispatch,payments,AUTHORITATIVE_READBACK,CALLER_REFERENCE,67bfabb4-0378-48ac-a74c-1fdecadded5a,CONFIRMED_APPLIED,APPLIED,1,0,1,3923.284361,,0,0,,
b4b_durable_workflow_at_most_once-mid_dispatch-payments-4dd025be-r0,p30,B4B_DURABLE_WORKFLOW_AT_MOST_ONCE,mid_dispatch,payments,AUTHORITATIVE_READBACK,CALLER_REFERENCE,46eba45f-e727-4b27-80bd-47b1105223b6,CONFIRMED_APPLIED,APPLIED,1,0,1,3920.643887,,0,0,,
b4b_durable_workflow_at_most_once-mid_dispatch-payments-4dd025be-r1,p30,B4B_DURABLE_WORKFLOW_AT_MOST_ONCE,mid_dispatch,payments,AUTHORITATIVE_READBACK,CALLER_REFERENCE,98b37e48-f610-4e20-b41b-cef3a2bc4079,UNVERIFIED_FAILURE,FAILED,0,0,1,3749.318017,,0,0,,
b4b_durable_workflow_at_most_once-mid_dispatch-payments-4dd025be-r1,p30,B4B_DURABLE_WORKFLOW_AT_MOST_ONCE,mid_dispatch,payments,AUTHORITATIVE_READBACK,CALLER_REFERENCE,88a01d64-667f-429a-a20d-37ebcd8600c4,CONFIRMED_APPLIED,APPLIED,1,0,1,3923.585917,,0,0,,
b4b_durable_workflow_at_most_once-mid_dispatch-payments-4dd025be-r1,p30,B4B_DURABLE_WORKFLOW_AT_MOST_ONCE,mid_dispatch,payments,AUTHORITATIVE_READBACK,CALLER_REFERENCE,6d8444c5-228d-4edb-a10b-94fb91ca126e,CONFIRMED_APPLIED,APPLIED,1,0,1,4020.574508,,0,0,,
b4b_durable_workflow_at_most_once-mid_dispatch-payments-4dd025be-r1,p30,B4B_DURABLE_WORKFLOW_AT_MOST_ONCE,mid_dispatch,payments,AUTHORITATIVE_READBACK,CALLER_REFERENCE,0323f960-0f39-466a-a7de-16c52a9b759d,CONFIRMED_APPLIED,APPLIED,1,0,1,3957.63398,,0,0,,
b4b_durable_workflow_at_most_once-mid_dispatch-payments-4dd025be-r1,p30,B4B_DURABLE_WORKFLOW_AT_MOST_ONCE,mid_dispatch,payments,AUTHORITATIVE_READBACK,CALLER_REFERENCE,19a2c9d1-aa03-4d59-ae01-1b2c3a723685,CONFIRMED_APPLIED,APPLIED,1,0,1,4019.29759,,0,0,,
b4b_durable_workflow_at_most_once-mid_dispatch-payments-4dd025be-r1,p30,B4B_DURABLE_WORKFLOW_AT_MOST_ONCE,mid_dispatch,payments,AUTHORITATIVE_READBACK,CALLER_REFERENCE,90e27790-d63e-4153-b13e-5b4a16348b03,UNVERIFIED_FAILURE,TIMED_OUT,1,1,0,21336.952902,65783.0,0,1,,
b4b_durable_workflow_at_most_once-mid_dispatch-payments-4dd025be-r1,p30,B4B_DURABLE_WORKFLOW_AT_MOST_ONCE,mid_dispatch,payments,AUTHORITATIVE_READBACK,CALLER_REFERENCE,ac39659d-469e-4e2b-a7df-40a370f05276,UNVERIFIED_FAILURE,FAILED,1,0,1,7089.677724,,0,1,,
b4b_durable_workflow_at_most_once-mid_dispatch-payments-4dd025be-r1,p30,B4B_DURABLE_WORKFLOW_AT_MOST_ONCE,mid_dispatch,payments,AUTHORITATIVE_READBACK,CALLER_REFERENCE,3149e0b1-79bd-49e7-a04c-544031e05764,UNVERIFIED_FAILURE,TIMED_OUT,1,1,0,21017.245626,32700.0,0,1,,
b4b_durable_workflow_at_most_once-mid_dispatch-payments-4dd025be-r1,p30,B4B_DURABLE_WORKFLOW_AT_MOST_ONCE,mid_dispatch,payments,AUTHORITATIVE_READBACK,CALLER_REFERENCE,c339e9eb-45c5-4f2f-8283-e55dcc11364c,CONFIRMED_APPLIED,APPLIED,1,0,1,4132.469305,,0,0,,
b4b_durable_workflow_at_most_once-mid_dispatch-payments-4dd025be-r1,p30,B4B_DURABLE_WORKFLOW_AT_MOST_ONCE,mid_dispatch,payments,AUTHORITATIVE_READBACK,CALLER_REFERENCE,adc0a5ab-014e-4ed9-8ce7-b70083ab05bc,CONFIRMED_APPLIED,APPLIED,1,0,1,4011.75,,0,0,,
b4b_durable_workflow_at_most_once-mid_dispatch-payments-4dd025be-r10,p30,B4B_DURABLE_WORKFLOW_AT_MOST_ONCE,mid_dispatch,payments,AUTHORITATIVE_READBACK,CALLER_REFERENCE,03915811-cde0-4f80-a40c-c2321854679e,UNVERIFIED_FAILURE,TIMED_OUT,1,1,0,21889.904287,40842.0,0,1,,
b4b_durable_workflow_at_most_once-mid_dispatch-payments-4dd025be-r10,p30,B4B_DURABLE_WORKFLOW_AT_MOST_ONCE,mid_dispatch,payments,AUTHORITATIVE_READBACK,CALLER_REFERENCE,e76c358e-752f-4df1-973b-48bc58be65a8,CONFIRMED_APPLIED,APPLIED,1,0,1,3914.897841,,0,0,,
b4b_durable_workflow_at_most_once-mid_dispatch-payments-4dd025be-r10,p30,B4B_DURABLE_WORKFLOW_AT_MOST_ONCE,mid_dispatch,payments,AUTHORITATIVE_READBACK,CALLER_REFERENCE,e57549c5-4687-40dd-8611-3217f97b3854,CONFIRMED_APPLIED,APPLIED,1,0,1,4026.691145,,0,0,,
b4b_durable_workflow_at_most_once-mid_dispatch-payments-4dd025be-r10,p30,B4B_DURABLE_WORKFLOW_AT_MOST_ONCE,mid_dispatch,payments,AUTHORITATIVE_READBACK,CALLER_REFERENCE,f04ff74a-3210-4846-b993-526cf85fb0d9,CONFIRMED_APPLIED,APPLIED,1,0,1,4100.326415,,0,0,,
b4b_durable_workflow_at_most_once-mid_dispatch-payments-4dd025be-r10,p30,B4B_DURABLE_WORKFLOW_AT_MOST_ONCE,mid_dispatch,payments,AUTHORITATIVE_READBACK,CALLER_REFERENCE,2fbf7871-4cd7-42e3-a5f1-078694eae3a3,CONFIRMED_APPLIED,APPLIED,1,0,1,3914.983609,,0,0,,
b4b_durable_workflow_at_most_once-mid_dispatch-payments-4dd025be-r10,p30,B4B_DURABLE_WORKFLOW_AT_MOST_ONCE,mid_dispatch,payments,AUTHORITATIVE_READBACK,CALLER_REFERENCE,ceda186e-350a-4606-b1c2-a9a9e8416671,CONFIRMED_APPLIED,APPLIED,1,0,1,3951.589104,,0,0,,
b4b_durable_workflow_at_most_once-mid_dispatch-payments-4dd025be-r10,p30,B4B_DURABLE_WORKFLOW_AT_MOST_ONCE,mid_dispatch,payments,AUTHORITATIVE_READBACK,CALLER_REFERENCE,8e4e624b-9a2e-426c-bc17-065a4d687e32,CONFIRMED_APPLIED,APPLIED,1,0,1,3970.503869,,0,0,,
b4b_durable_workflow_at_most_once-mid_dispatch-payments-4dd025be-r10,p30,B4B_DURABLE_WORKFLOW_AT_MOST_ONCE,mid_dispatch,payments,AUTHORITATIVE_READBACK,CALLER_REFERENCE,6c52d085-e802-4e71-ae7f-d0303600ca09,CONFIRMED_APPLIED,APPLIED,1,0,1,3920.817499,,0,0,,
b4b_durable_workflow_at_most_once-mid_dispatch-payments-4dd025be-r10,p30,B4B_DURABLE_WORKFLOW_AT_MOST_ONCE,mid_dispatch,payments,AUTHORITATIVE_READBACK,CALLER_REFERENCE,741ffc7c-a713-410c-9e6b-e95df78e7782,CONFIRMED_APPLIED,APPLIED,1,0,1,4026.396766,,0,0,,
b4b_durable_workflow_at_most_once-mid_dispatch-payments-4dd025be-r10,p30,B4B_DURABLE_WORKFLOW_AT_MOST_ONCE,mid_dispatch,payments,AUTHORITATIVE_READBACK,CALLER_REFERENCE,f7fd2d19-fc2c-4f07-a14d-8911b7bcb6f1,CONFIRMED_APPLIED,APPLIED,1,0,1,4003.863183,,0,0,,
b4b_durable_workflow_at_most_once-mid_dispatch-payments-4dd025be-r11,p30,B4B_DURABLE_WORKFLOW_AT_MOST_ONCE,mid_dispatch,payments,AUTHORITATIVE_READBACK,CALLER_REFERENCE,63a24f86-dc21-4c39-82ba-65b6c88509fa,UNVERIFIED_FAILURE,TIMED_OUT,0,1,0,21707.696275,84724.0,0,0,,
b4b_durable_workflow_at_most_once-mid_dispatch-payments-4dd025be-r11,p30,B4B_DURABLE_WORKFLOW_AT_MOST_ONCE,mid_dispatch,payments,AUTHORITATIVE_READBACK,CALLER_REFERENCE,cc252e26-f3f5-4dfd-ae7c-3e159c3ef732,CONFIRMED_APPLIED,APPLIED,1,0,1,3915.737562,,0,0,,
b4b_durable_workflow_at_most_once-mid_dispatch-payments-4dd025be-r11,p30,B4B_DURABLE_WORKFLOW_AT_MOST_ONCE,mid_dispatch,payments,AUTHORITATIVE_READBACK,CALLER_REFERENCE,109e4dfd-2caa-40b7-8a0a-2a5b09398bc0,UNVERIFIED_FAILURE,TIMED_OUT,1,1,0,21862.760036,54831.0,0,1,,
b4b_durable_workflow_at_most_once-mid_dispatch-payments-4dd025be-r11,p30,B4B_DURABLE_WORKFLOW_AT_MOST_ONCE,mid_dispatch,payments,AUTHORITATIVE_READBACK,CALLER_REFERENCE,0adc2c69-7f2f-4be2-8ae7-c871bc149ada,CONFIRMED_APPLIED,APPLIED,1,0,1,3914.191445,,0,0,,
b4b_durable_workflow_at_most_once-mid_dispatch-payments-4dd025be-r11,p30,B4B_DURABLE_WORKFLOW_AT_MOST_ONCE,mid_dispatch,payments,AUTHORITATIVE_READBACK,CALLER_REFERENCE,e12031db-08d3-4668-ba2f-15aaa069531e,CONFIRMED_APPLIED,APPLIED,1,0,1,3880.224845,,0,0,,
b4b_durable_workflow_at_most_once-mid_dispatch-payments-4dd025be-r11,p30,B4B_DURABLE_WORKFLOW_AT_MOST_ONCE,mid_dispatch,payments,AUTHORITATIVE_READBACK,CALLER_REFERENCE,d64bf6b8-1553-4c30-be46-9a17d0c7dda0,UNVERIFIED_FAILURE,TIMED_OUT,1,1,0,21707.76654,84727.0,0,1,,
b4b_durable_workflow_at_most_once-mid_dispatch-payments-4dd025be-r11,p30,B4B_DURABLE_WORKFLOW_AT_MOST_ONCE,mid_dispatch,payments,AUTHORITATIVE_READBACK,CALLER_REFERENCE,f316571a-5cfe-4a79-bcff-7ceb78b517e4,UNVERIFIED_FAILURE,TIMED_OUT,1,1,0,21757.671949,58683.0,0,1,,
b4b_durable_workflow_at_most_once-mid_dispatch-payments-4dd025be-r11,p30,B4B_DURABLE_WORKFLOW_AT_MOST_ONCE,mid_dispatch,payments,AUTHORITATIVE_READBACK,CALLER_REFERENCE,221b2b9f-6665-463c-99ec-0eb63baf559e,CONFIRMED_APPLIED,APPLIED,1,0,1,4119.236512,,0,0,,
b4b_durable_workflow_at_most_once-mid_dispatch-payments-4dd025be-r11,p30,B4B_DURABLE_WORKFLOW_AT_MOST_ONCE,mid_dispatch,payments,AUTHORITATIVE_READBACK,CALLER_REFERENCE,0043b6f3-8a54-4b41-9e21-9f62d85fc2ed,CONFIRMED_APPLIED,APPLIED,1,0,1,3914.306018,,0,0,,
b4b_durable_workflow_at_most_once-mid_dispatch-payments-4dd025be-r11,p30,B4B_DURABLE_WORKFLOW_AT_MOST_ONCE,mid_dispatch,payments,AUTHORITATIVE_READBACK,CALLER_REFERENCE,8fc1899a-3b84-46b5-973f-ee3dcdc3384e,UNVERIFIED_FAILURE,TIMED_OUT,1,1,0,22038.185039,24836.0,0,1,,
b4b_durable_workflow_at_most_once-mid_dispatch-payments-4dd025be-r12,p30,B4B_DURABLE_WORKFLOW_AT_MOST_ONCE,mid_dispatch,payments,AUTHORITATIVE_READBACK,CALLER_REFERENCE,12d4907a-7bdc-4c5f-91b5-afa725dd788a,CONFIRMED_APPLIED,APPLIED,1,0,1,3765.557697,,0,0,,
b4b_durable_workflow_at_most_once-mid_dispatch-payments-4dd025be-r12,p30,B4B_DURABLE_WORKFLOW_AT_MOST_ONCE,mid_dispatch,payments,AUTHORITATIVE_READBACK,CALLER_REFERENCE,9612075d-630d-4661-920d-93d77a682981,CONFIRMED_APPLIED,APPLIED,1,0,1,4012.253206,,0,0,,
b4b_durable_workflow_at_most_once-mid_dispatch-payments-4dd025be-r12,p30,B4B_DURABLE_WORKFLOW_AT_MOST_ONCE,mid_dispatch,payments,AUTHORITATIVE_READBACK,CALLER_REFERENCE,7bb35f8e-1510-4210-a884-4e9bf8851a02,CONFIRMED_APPLIED,APPLIED,1,0,1,4014.516641,,0,0,,
b4b_durable_workflow_at_most_once-mid_dispatch-payments-4dd025be-r12,p30,B4B_DURABLE_WORKFLOW_AT_MOST_ONCE,mid_dispatch,payments,AUTHORITATIVE_READBACK,CALLER_REFERENCE,0c5b473d-9c8a-4507-b22d-530f5f713061,UNVERIFIED_FAILURE,TIMED_OUT,1,1,0,17454.274623,50551.0,0,1,,
b4b_durable_workflow_at_most_once-mid_dispatch-payments-4dd025be-r12,p30,B4B_DURABLE_WORKFLOW_AT_MOST_ONCE,mid_dispatch,payments,AUTHORITATIVE_READBACK,CALLER_REFERENCE,d6c2a19b-a071-44c9-b548-5d8ad9c14821,UNVERIFIED_FAILURE,TIMED_OUT,0,1,0,15980.872768,24523.0,0,0,,
b4b_durable_workflow_at_most_once-mid_dispatch-payments-4dd025be-r12,p30,B4B_DURABLE_WORKFLOW_AT_MOST_ONCE,mid_dispatch,payments,AUTHORITATIVE_READBACK,CALLER_REFERENCE,00efffc1-cdc5-4a81-9ad6-00d28e14dd7b,CONFIRMED_APPLIED,APPLIED,1,0,1,3765.551944,,0,0,,
b4b_durable_workflow_at_most_once-mid_dispatch-payments-4dd025be-r12,p30,B4B_DURABLE_WORKFLOW_AT_MOST_ONCE,mid_dispatch,payments,AUTHORITATIVE_READBACK,CALLER_REFERENCE,ed527bbf-19eb-4d43-94aa-5aabd84eb6f7,CONFIRMED_APPLIED,APPLIED,1,0,1,4012.384084,,0,0,,
b4b_durable_workflow_at_most_once-mid_dispatch-payments-4dd025be-r12,p30,B4B_DURABLE_WORKFLOW_AT_MOST_ONCE,mid_dispatch,payments,AUTHORITATIVE_READBACK,CALLER_REFERENCE,f7dd2b0d-c121-4764-9729-9825e403edf1,CONFIRMED_APPLIED,APPLIED,1,0,1,4014.540824,,0,0,,
b4b_durable_workflow_at_most_once-mid_dispatch-payments-4dd025be-r12,p30,B4B_DURABLE_WORKFLOW_AT_MOST_ONCE,mid_dispatch,payments,AUTHORITATIVE_READBACK,CALLER_REFERENCE,ba626601-f35f-4935-b20a-cfc1d2d4e8b3,CONFIRMED_APPLIED,APPLIED,1,0,1,4014.051397,,0,0,,
b4b_durable_workflow_at_most_once-mid_dispatch-payments-4dd025be-r12,p30,B4B_DURABLE_WORKFLOW_AT_MOST_ONCE,mid_dispatch,payments,AUTHORITATIVE_READBACK,CALLER_REFERENCE,029ff28a-6d1c-47d2-99fd-646d09763c34,CONFIRMED_APPLIED,APPLIED,1,0,1,4115.46237,,0,0,,
b4b_durable_workflow_at_most_once-mid_dispatch-payments-4dd025be-r13,p30,B4B_DURABLE_WORKFLOW_AT_MOST_ONCE,mid_dispatch,payments,AUTHORITATIVE_READBACK,CALLER_REFERENCE,ca6a8500-77fc-44e8-8d4e-3fedade1c112,CONFIRMED_APPLIED,APPLIED,1,0,1,3676.002607,,0,0,,
b4b_durable_workflow_at_most_once-mid_dispatch-payments-4dd025be-r13,p30,B4B_DURABLE_WORKFLOW_AT_MOST_ONCE,mid_dispatch,payments,AUTHORITATIVE_READBACK,CALLER_REFERENCE,c0a9970c-91e5-41a0-ba7f-8459ee655030,CONFIRMED_APPLIED,APPLIED,1,0,1,3903.184257,,0,0,,
b4b_durable_workflow_at_most_once-mid_dispatch-payments-4dd025be-r13,p30,B4B_DURABLE_WORKFLOW_AT_MOST_ONCE,mid_dispatch,payments,AUTHORITATIVE_READBACK,CALLER_REFERENCE,726e7070-d66f-4243-991c-d2c49955ffba,UNVERIFIED_FAILURE,FAILED,1,0,1,7130.048004,,0,1,,
b4b_durable_workflow_at_most_once-mid_dispatch-payments-4dd025be-r13,p30,B4B_DURABLE_WORKFLOW_AT_MOST_ONCE,mid_dispatch,payments,AUTHORITATIVE_READBACK,CALLER_REFERENCE,34472489-43e5-49df-8b3d-ceac67ad3109,CONFIRMED_APPLIED,APPLIED,1,0,1,3214.794758,,0,0,,
b4b_durable_workflow_at_most_once-mid_dispatch-payments-4dd025be-r13,p30,B4B_DURABLE_WORKFLOW_AT_MOST_ONCE,mid_dispatch,payments,AUTHORITATIVE_READBACK,CALLER_REFERENCE,f427ced0-b5f0-4d2b-88e4-1f68b97c2240,CONFIRMED_APPLIED,APPLIED,1,0,1,3280.223246,,0,0,,
b4b_durable_workflow_at_most_once-mid_dispatch-payments-4dd025be-r13,p30,B4B_DURABLE_WORKFLOW_AT_MOST_ONCE,mid_dispatch,payments,AUTHORITATIVE_READBACK,CALLER_REFERENCE,89f141a6-d09c-4c3b-b33c-bd0d92a1a73f,CONFIRMED_APPLIED,APPLIED,1,0,1,3676.193606,,0,0,,
b4b_durable_workflow_at_most_once-mid_dispatch-payments-4dd025be-r13,p30,B4B_DURABLE_WORKFLOW_AT_MOST_ONCE,mid_dispatch,payments,AUTHORITATIVE_READBACK,CALLER_REFERENCE,0c8a2469-02bb-4bd5-b001-7b21e9d680f3,UNVERIFIED_FAILURE,FAILED,1,0,1,7018.48057,,0,1,,
b4b_durable_workflow_at_most_once-mid_dispatch-payments-4dd025be-r13,p30,B4B_DURABLE_WORKFLOW_AT_MOST_ONCE,mid_dispatch,payments,AUTHORITATIVE_READBACK,CALLER_REFERENCE,beb92546-bf72-48c3-966f-b1913e0c2504,UNVERIFIED_FAILURE,TIMED_OUT,1,1,0,17422.013897,32747.0,0,1,,
b4b_durable_workflow_at_most_once-mid_dispatch-payments-4dd025be-r13,p30,B4B_DURABLE_WORKFLOW_AT_MOST_ONCE,mid_dispatch,payments,AUTHORITATIVE_READBACK,CALLER_REFERENCE,76d93425-d145-446e-8971-85d9b7dd6341,CONFIRMED_APPLIED,APPLIED,1,0,1,4012.41237,,0,0,,
b4b_durable_workflow_at_most_once-mid_dispatch-payments-4dd025be-r13,p30,B4B_DURABLE_WORKFLOW_AT_MOST_ONCE,mid_dispatch,payments,AUTHORITATIVE_READBACK,CALLER_REFERENCE,45806215-9088-404f-b89e-11bb43bd7962,UNVERIFIED_FAILURE,FAILED,0,0,1,3913.874401,,0,0,,
b4b_durable_workflow_at_most_once-mid_dispatch-payments-4dd025be-r14,p30,B4B_DURABLE_WORKFLOW_AT_MOST_ONCE,mid_dispatch,payments,AUTHORITATIVE_READBACK,CALLER_REFERENCE,bb4ae0a2-6e56-4651-89f4-395432449d17,CONFIRMED_APPLIED,APPLIED,1,0,1,3891.639248,,0,0,,
b4b_durable_workflow_at_most_once-mid_dispatch-payments-4dd025be-r14,p30,B4B_DURABLE_WORKFLOW_AT_MOST_ONCE,mid_dispatch,payments,AUTHORITATIVE_READBACK,CALLER_REFERENCE,940f858d-1723-4d46-8d20-fd5218e37439,CONFIRMED_APPLIED,APPLIED,1,0,1,3983.068155,,0,0,,
b4b_durable_workflow_at_most_once-mid_dispatch-payments-4dd025be-r14,p30,B4B_DURABLE_WORKFLOW_AT_MOST_ONCE,mid_dispatch,payments,AUTHORITATIVE_READBACK,CALLER_REFERENCE,956c8540-32b1-4caa-9a1a-f088e4624033,CONFIRMED_APPLIED,APPLIED,1,0,1,3977.649589,,0,0,,
b4b_durable_workflow_at_most_once-mid_dispatch-payments-4dd025be-r14,p30,B4B_DURABLE_WORKFLOW_AT_MOST_ONCE,mid_dispatch,payments,AUTHORITATIVE_READBACK,CALLER_REFERENCE,6168bee0-4da8-439f-a2fe-3959d6522349,UNVERIFIED_FAILURE,TIMED_OUT,1,1,0,16967.945846,94903.0,0,1,,
b4b_durable_workflow_at_most_once-mid_dispatch-payments-4dd025be-r14,p30,B4B_DURABLE_WORKFLOW_AT_MOST_ONCE,mid_dispatch,payments,AUTHORITATIVE_READBACK,CALLER_REFERENCE,d704190b-1956-46ca-94d4-4e59ce7ed4c2,UNVERIFIED_FAILURE,TIMED_OUT,0,1,0,18167.953245,68890.0,0,0,,
b4b_durable_workflow_at_most_once-mid_dispatch-payments-4dd025be-r14,p30,B4B_DURABLE_WORKFLOW_AT_MOST_ONCE,mid_dispatch,payments,AUTHORITATIVE_READBACK,CALLER_REFERENCE,7a0033f2-5244-451a-b3a9-d827c9baafda,UNVERIFIED_FAILURE,TIMED_OUT,0,1,0,19968.906995,106934.0,0,0,,
b4b_durable_workflow_at_most_once-mid_dispatch-payments-4dd025be-r14,p30,B4B_DURABLE_WORKFLOW_AT_MOST_ONCE,mid_dispatch,payments,AUTHORITATIVE_READBACK,CALLER_REFERENCE,257cb6a6-5fba-40a9-8b33-cc7beb09ca3a,UNVERIFIED_FAILURE,TIMED_OUT,0,1,0,17575.488659,80829.0,0,0,,
b4b_durable_workflow_at_most_once-mid_dispatch-payments-4dd025be-r14,p30,B4B_DURABLE_WORKFLOW_AT_MOST_ONCE,mid_dispatch,payments,AUTHORITATIVE_READBACK,CALLER_REFERENCE,62c9f736-d338-4cc3-92c7-ac76ff050787,UNVERIFIED_FAILURE,TIMED_OUT,0,1,0,19257.147707,54893.0,0,0,,
b4b_durable_workflow_at_most_once-mid_dispatch-payments-4dd025be-r14,p30,B4B_DURABLE_WORKFLOW_AT_MOST_ONCE,mid_dispatch,payments,AUTHORITATIVE_READBACK,CALLER_REFERENCE,0a2c0f8a-925d-44be-85b0-1fc3264f214c,UNVERIFIED_FAILURE,TIMED_OUT,0,1,0,18941.913704,28718.0,0,0,,
b4b_durable_workflow_at_most_once-mid_dispatch-payments-4dd025be-r14,p30,B4B_DURABLE_WORKFLOW_AT_MOST_ONCE,mid_dispatch,payments,AUTHORITATIVE_READBACK,CALLER_REFERENCE,35d9aafb-dadf-4e5f-b61c-a35d5ccc35f2,CONFIRMED_APPLIED,APPLIED,1,0,1,4015.096467,,0,0,,
b4b_durable_workflow_at_most_once-mid_dispatch-payments-4dd025be-r2,p30,B4B_DURABLE_WORKFLOW_AT_MOST_ONCE,mid_dispatch,payments,AUTHORITATIVE_READBACK,CALLER_REFERENCE,6db7e057-a511-4f1a-a93e-416ed7911777,CONFIRMED_APPLIED,APPLIED,1,0,1,3391.952188,,0,0,,
b4b_durable_workflow_at_most_once-mid_dispatch-payments-4dd025be-r2,p30,B4B_DURABLE_WORKFLOW_AT_MOST_ONCE,mid_dispatch,payments,AUTHORITATIVE_READBACK,CALLER_REFERENCE,21bda6a0-0b50-435a-bacd-72c48489eea2,UNVERIFIED_FAILURE,FAILED,0,0,1,4108.409104,,0,0,,
b4b_durable_workflow_at_most_once-mid_dispatch-payments-4dd025be-r2,p30,B4B_DURABLE_WORKFLOW_AT_MOST_ONCE,mid_dispatch,payments,AUTHORITATIVE_READBACK,CALLER_REFERENCE,8c15ad88-0b77-48e1-a1c5-5873a14240cf,UNVERIFIED_FAILURE,FAILED,0,0,1,4028.268679,,0,0,,
b4b_durable_workflow_at_most_once-mid_dispatch-payments-4dd025be-r2,p30,B4B_DURABLE_WORKFLOW_AT_MOST_ONCE,mid_dispatch,payments,AUTHORITATIVE_READBACK,CALLER_REFERENCE,57fff637-434f-441d-a143-9a07d2e1407d,CONFIRMED_APPLIED,APPLIED,1,0,1,4014.677818,,0,0,,
b4b_durable_workflow_at_most_once-mid_dispatch-payments-4dd025be-r2,p30,B4B_DURABLE_WORKFLOW_AT_MOST_ONCE,mid_dispatch,payments,AUTHORITATIVE_READBACK,CALLER_REFERENCE,4e961b2a-a22b-44f9-b15a-abd802a7a0a6,CONFIRMED_APPLIED,APPLIED,1,0,1,4019.994517,,0,0,,
b4b_durable_workflow_at_most_once-mid_dispatch-payments-4dd025be-r2,p30,B4B_DURABLE_WORKFLOW_AT_MOST_ONCE,mid_dispatch,payments,AUTHORITATIVE_READBACK,CALLER_REFERENCE,b50cfb22-07c8-4962-8f48-8a743908fbc8,CONFIRMED_APPLIED,APPLIED,1,0,1,3391.98553,,0,0,,
b4b_durable_workflow_at_most_once-mid_dispatch-payments-4dd025be-r2,p30,B4B_DURABLE_WORKFLOW_AT_MOST_ONCE,mid_dispatch,payments,AUTHORITATIVE_READBACK,CALLER_REFERENCE,a2c1c5e3-dec0-4717-b504-a22095c8734e,CONFIRMED_APPLIED,APPLIED,1,0,1,4108.350038,,0,0,,
b4b_durable_workflow_at_most_once-mid_dispatch-payments-4dd025be-r2,p30,B4B_DURABLE_WORKFLOW_AT_MOST_ONCE,mid_dispatch,payments,AUTHORITATIVE_READBACK,CALLER_REFERENCE,360c90b8-de05-48df-b7bb-a6f8fcdfb14d,UNVERIFIED_FAILURE,FAILED,1,0,1,7037.745279,,0,1,,
b4b_durable_workflow_at_most_once-mid_dispatch-payments-4dd025be-r2,p30,B4B_DURABLE_WORKFLOW_AT_MOST_ONCE,mid_dispatch,payments,AUTHORITATIVE_READBACK,CALLER_REFERENCE,19e44580-ce4c-45cf-804a-1d36156af4c0,CONFIRMED_APPLIED,APPLIED,1,0,1,4022.035013,,0,0,,
b4b_durable_workflow_at_most_once-mid_dispatch-payments-4dd025be-r2,p30,B4B_DURABLE_WORKFLOW_AT_MOST_ONCE,mid_dispatch,payments,AUTHORITATIVE_READBACK,CALLER_REFERENCE,3583e20e-b6e6-49b5-8755-22185ce89efc,UNVERIFIED_FAILURE,TIMED_OUT,1,1,0,22312.969352,24578.0,0,1,,
b4b_durable_workflow_at_most_once-mid_dispatch-payments-4dd025be-r3,p30,B4B_DURABLE_WORKFLOW_AT_MOST_ONCE,mid_dispatch,payments,AUTHORITATIVE_READBACK,CALLER_REFERENCE,52528c14-9024-4441-b856-330d531e9752,CONFIRMED_APPLIED,APPLIED,1,0,1,3463.290146,,0,0,,
b4b_durable_workflow_at_most_once-mid_dispatch-payments-4dd025be-r3,p30,B4B_DURABLE_WORKFLOW_AT_MOST_ONCE,mid_dispatch,payments,AUTHORITATIVE_READBACK,CALLER_REFERENCE,908de904-24b6-43a7-a1a3-65e2b9b4a387,UNVERIFIED_FAILURE,FAILED,1,0,1,7039.551677,,0,1,,
b4b_durable_workflow_at_most_once-mid_dispatch-payments-4dd025be-r3,p30,B4B_DURABLE_WORKFLOW_AT_MOST_ONCE,mid_dispatch,payments,AUTHORITATIVE_READBACK,CALLER_REFERENCE,b231c2d1-67e3-438c-ac64-a92202222005,UNVERIFIED_FAILURE,TIMED_OUT,1,1,0,22420.782934,54464.0,0,1,,
b4b_durable_workflow_at_most_once-mid_dispatch-payments-4dd025be-r3,p30,B4B_DURABLE_WORKFLOW_AT_MOST_ONCE,mid_dispatch,payments,AUTHORITATIVE_READBACK,CALLER_REFERENCE,8ead3d2e-063d-47c8-83cf-40d505f2e74f,CONFIRMED_APPLIED,APPLIED,1,0,1,4026.266176,,0,0,,
b4b_durable_workflow_at_most_once-mid_dispatch-payments-4dd025be-r3,p30,B4B_DURABLE_WORKFLOW_AT_MOST_ONCE,mid_dispatch,payments,AUTHORITATIVE_READBACK,CALLER_REFERENCE,824a8567-bd6e-4266-9d0c-f92f0bd71a3c,UNVERIFIED_FAILURE,TIMED_OUT,1,1,0,22393.139712,24481.0,0,1,,
b4b_durable_workflow_at_most_once-mid_dispatch-payments-4dd025be-r3,p30,B4B_DURABLE_WORKFLOW_AT_MOST_ONCE,mid_dispatch,payments,AUTHORITATIVE_READBACK,CALLER_REFERENCE,ea32704d-41d0-4eec-95f0-8af27e580ac9,CONFIRMED_APPLIED,APPLIED,1,0,1,3465.931326,,0,0,,
b4b_durable_workflow_at_most_once-mid_dispatch-payments-4dd025be-r3,p30,B4B_DURABLE_WORKFLOW_AT_MOST_ONCE,mid_dispatch,payments,AUTHORITATIVE_READBACK,CALLER_REFERENCE,a7879963-f2f1-4b57-bbcf-bf652515ddf9,CONFIRMED_APPLIED,APPLIED,1,0,1,4022.61679,,0,0,,
b4b_durable_workflow_at_most_once-mid_dispatch-payments-4dd025be-r3,p30,B4B_DURABLE_WORKFLOW_AT_MOST_ONCE,mid_dispatch,payments,AUTHORITATIVE_READBACK,CALLER_REFERENCE,3f306352-2fc6-4e12-8c11-5e5941d151cd,CONFIRMED_APPLIED,APPLIED,1,0,1,4022.431543,,0,0,,
b4b_durable_workflow_at_most_once-mid_dispatch-payments-4dd025be-r3,p30,B4B_DURABLE_WORKFLOW_AT_MOST_ONCE,mid_dispatch,payments,AUTHORITATIVE_READBACK,CALLER_REFERENCE,04b46d8a-6840-41c8-98e0-0f40d1bbbcac,CONFIRMED_APPLIED,APPLIED,1,0,1,3913.351326,,0,0,,
b4b_durable_workflow_at_most_once-mid_dispatch-payments-4dd025be-r3,p30,B4B_DURABLE_WORKFLOW_AT_MOST_ONCE,mid_dispatch,payments,AUTHORITATIVE_READBACK,CALLER_REFERENCE,ef34602a-9597-4422-bd1c-c23d6456b8d4,UNVERIFIED_FAILURE,TIMED_OUT,1,1,0,22565.153664,49547.0,0,1,,
b4b_durable_workflow_at_most_once-mid_dispatch-payments-4dd025be-r4,p30,B4B_DURABLE_WORKFLOW_AT_MOST_ONCE,mid_dispatch,payments,AUTHORITATIVE_READBACK,CALLER_REFERENCE,cb47b0d5-8070-4d40-bca2-251362539e19,CONFIRMED_APPLIED,APPLIED,1,0,1,3595.357401,,0,0,,
b4b_durable_workflow_at_most_once-mid_dispatch-payments-4dd025be-r4,p30,B4B_DURABLE_WORKFLOW_AT_MOST_ONCE,mid_dispatch,payments,AUTHORITATIVE_READBACK,CALLER_REFERENCE,b79b128a-2837-40b1-a731-3a855ea9fa4f,UNVERIFIED_FAILURE,FAILED,1,0,1,6997.57707,,0,1,,
b4b_durable_workflow_at_most_once-mid_dispatch-payments-4dd025be-r4,p30,B4B_DURABLE_WORKFLOW_AT_MOST_ONCE,mid_dispatch,payments,AUTHORITATIVE_READBACK,CALLER_REFERENCE,d854b14b-c020-46b9-b54a-a36f466deb8d,CONFIRMED_APPLIED,APPLIED,1,0,1,4017.686627,,0,0,,
b4b_durable_workflow_at_most_once-mid_dispatch-payments-4dd025be-r4,p30,B4B_DURABLE_WORKFLOW_AT_MOST_ONCE,mid_dispatch,payments,AUTHORITATIVE_READBACK,CALLER_REFERENCE,ffa5f432-307f-40c0-8b7b-18109b758757,CONFIRMED_APPLIED,APPLIED,1,0,1,4019.613656,,0,0,,
b4b_durable_workflow_at_most_once-mid_dispatch-payments-4dd025be-r4,p30,B4B_DURABLE_WORKFLOW_AT_MOST_ONCE,mid_dispatch,payments,AUTHORITATIVE_READBACK,CALLER_REFERENCE,d2bbd1bb-1dbc-4108-9921-628d5c6d29f7,UNVERIFIED_FAILURE,FAILED,1,0,1,6876.922478,,0,1,,
b4b_durable_workflow_at_most_once-mid_dispatch-payments-4dd025be-r4,p30,B4B_DURABLE_WORKFLOW_AT_MOST_ONCE,mid_dispatch,payments,AUTHORITATIVE_READBACK,CALLER_REFERENCE,88627e32-9181-474b-ba0c-501e76e53d59,UNVERIFIED_FAILURE,TIMED_OUT,1,1,0,22204.217308,84708.0,0,1,,
b4b_durable_workflow_at_most_once-mid_dispatch-payments-4dd025be-r4,p30,B4B_DURABLE_WORKFLOW_AT_MOST_ONCE,mid_dispatch,payments,AUTHORITATIVE_READBACK,CALLER_REFERENCE,097a1b28-a344-4417-8a41-576f74e2adc7,CONFIRMED_APPLIED,APPLIED,1,0,1,4113.374307,,0,0,,
b4b_durable_workflow_at_most_once-mid_dispatch-payments-4dd025be-r4,p30,B4B_DURABLE_WORKFLOW_AT_MOST_ONCE,mid_dispatch,payments,AUTHORITATIVE_READBACK,CALLER_REFERENCE,573b1d4a-f88f-4829-816d-eb634785f1f4,UNVERIFIED_FAILURE,TIMED_OUT,1,1,0,22629.817232,54730.0,0,1,,
b4b_durable_workflow_at_most_once-mid_dispatch-payments-4dd025be-r4,p30,B4B_DURABLE_WORKFLOW_AT_MOST_ONCE,mid_dispatch,payments,AUTHORITATIVE_READBACK,CALLER_REFERENCE,e7de8761-6bf9-4a8e-8631-68a3200b6c5b,UNVERIFIED_FAILURE,TIMED_OUT,1,1,0,22421.47721,28767.0,0,1,,
b4b_durable_workflow_at_most_once-mid_dispatch-payments-4dd025be-r4,p30,B4B_DURABLE_WORKFLOW_AT_MOST_ONCE,mid_dispatch,payments,AUTHORITATIVE_READBACK,CALLER_REFERENCE,79138a87-2d4e-45d3-9cfd-22157a687ee6,CONFIRMED_APPLIED,APPLIED,1,0,1,4016.413838,,0,0,,
b4b_durable_workflow_at_most_once-mid_dispatch-payments-4dd025be-r5,p30,B4B_DURABLE_WORKFLOW_AT_MOST_ONCE,mid_dispatch,payments,AUTHORITATIVE_READBACK,CALLER_REFERENCE,256d4b76-0826-429f-820f-5b5b0cddf7d5,UNVERIFIED_FAILURE,FAILED,0,0,1,3749.83591,,0,0,,
b4b_durable_workflow_at_most_once-mid_dispatch-payments-4dd025be-r5,p30,B4B_DURABLE_WORKFLOW_AT_MOST_ONCE,mid_dispatch,payments,AUTHORITATIVE_READBACK,CALLER_REFERENCE,dba3f8c3-73ad-4815-9ab1-509977bf89aa,CONFIRMED_APPLIED,APPLIED,1,0,1,3929.484815,,0,0,,
b4b_durable_workflow_at_most_once-mid_dispatch-payments-4dd025be-r5,p30,B4B_DURABLE_WORKFLOW_AT_MOST_ONCE,mid_dispatch,payments,AUTHORITATIVE_READBACK,CALLER_REFERENCE,561f365f-4f26-444e-aa0c-91f3e3f01f52,CONFIRMED_APPLIED,APPLIED,1,0,1,4007.112732,,0,0,,
b4b_durable_workflow_at_most_once-mid_dispatch-payments-4dd025be-r5,p30,B4B_DURABLE_WORKFLOW_AT_MOST_ONCE,mid_dispatch,payments,AUTHORITATIVE_READBACK,CALLER_REFERENCE,6a6bbf6a-fff8-413e-85be-d1a1d08e6e62,CONFIRMED_APPLIED,APPLIED,1,0,1,4018.30948,,0,0,,
b4b_durable_workflow_at_most_once-mid_dispatch-payments-4dd025be-r5,p30,B4B_DURABLE_WORKFLOW_AT_MOST_ONCE,mid_dispatch,payments,AUTHORITATIVE_READBACK,CALLER_REFERENCE,9b71cd98-7510-4dc7-b18f-dfb104c003f0,CONFIRMED_APPLIED,APPLIED,1,0,1,4020.768302,,0,0,,
b4b_durable_workflow_at_most_once-mid_dispatch-payments-4dd025be-r5,p30,B4B_DURABLE_WORKFLOW_AT_MOST_ONCE,mid_dispatch,payments,AUTHORITATIVE_READBACK,CALLER_REFERENCE,061f97d7-02d6-46bc-b1b9-bdfb3fcf532a,UNVERIFIED_FAILURE,TIMED_OUT,0,1,0,22421.604661,65688.0,0,0,,
b4b_durable_workflow_at_most_once-mid_dispatch-payments-4dd025be-r5,p30,B4B_DURABLE_WORKFLOW_AT_MOST_ONCE,mid_dispatch,payments,AUTHORITATIVE_READBACK,CALLER_REFERENCE,c12da325-aca7-44bd-9614-7d73c9b654be,UNVERIFIED_FAILURE,TIMED_OUT,1,1,0,22585.89922,39725.0,0,1,,
b4b_durable_workflow_at_most_once-mid_dispatch-payments-4dd025be-r5,p30,B4B_DURABLE_WORKFLOW_AT_MOST_ONCE,mid_dispatch,payments,AUTHORITATIVE_READBACK,CALLER_REFERENCE,a94c5f5c-d071-49a5-914a-f8e3870ecf8c,CONFIRMED_APPLIED,APPLIED,1,0,1,3922.151654,,0,0,,
b4b_durable_workflow_at_most_once-mid_dispatch-payments-4dd025be-r5,p30,B4B_DURABLE_WORKFLOW_AT_MOST_ONCE,mid_dispatch,payments,AUTHORITATIVE_READBACK,CALLER_REFERENCE,ff4192d2-5a41-4a3a-a37c-e5277287cb6d,CONFIRMED_APPLIED,APPLIED,1,0,1,4020.466467,,0,0,,
b4b_durable_workflow_at_most_once-mid_dispatch-payments-4dd025be-r5,p30,B4B_DURABLE_WORKFLOW_AT_MOST_ONCE,mid_dispatch,payments,AUTHORITATIVE_READBACK,CALLER_REFERENCE,9e9a394f-ada7-4a8e-a507-4b2a3524932a,UNVERIFIED_FAILURE,FAILED,1,0,1,7024.932837,,0,1,,
b4b_durable_workflow_at_most_once-mid_dispatch-payments-4dd025be-r6,p30,B4B_DURABLE_WORKFLOW_AT_MOST_ONCE,mid_dispatch,payments,AUTHORITATIVE_READBACK,CALLER_REFERENCE,3383ea72-c57a-4484-b531-db9ae95a1bff,UNVERIFIED_FAILURE,TIMED_OUT,1,1,0,22420.867744,65755.0,0,1,,
b4b_durable_workflow_at_most_once-mid_dispatch-payments-4dd025be-r6,p30,B4B_DURABLE_WORKFLOW_AT_MOST_ONCE,mid_dispatch,payments,AUTHORITATIVE_READBACK,CALLER_REFERENCE,5b0792fc-5ea9-451a-a0fa-a1871cea6616,CONFIRMED_APPLIED,APPLIED,1,0,1,3961.337637,,0,0,,
b4b_durable_workflow_at_most_once-mid_dispatch-payments-4dd025be-r6,p30,B4B_DURABLE_WORKFLOW_AT_MOST_ONCE,mid_dispatch,payments,AUTHORITATIVE_READBACK,CALLER_REFERENCE,b2a27735-bc26-48bb-bc60-06d5cb1c3558,CONFIRMED_APPLIED,APPLIED,1,0,1,4019.03972,,0,0,,
b4b_durable_workflow_at_most_once-mid_dispatch-payments-4dd025be-r6,p30,B4B_DURABLE_WORKFLOW_AT_MOST_ONCE,mid_dispatch,payments,AUTHORITATIVE_READBACK,CALLER_REFERENCE,a3e1d8ae-97bd-49f6-8504-6c0bf6c1ff99,UNVERIFIED_FAILURE,TIMED_OUT,1,1,0,22426.562977,31829.0,0,1,,
b4b_durable_workflow_at_most_once-mid_dispatch-payments-4dd025be-r6,p30,B4B_DURABLE_WORKFLOW_AT_MOST_ONCE,mid_dispatch,payments,AUTHORITATIVE_READBACK,CALLER_REFERENCE,3246a5a5-67bc-433d-b203-20ef998fe8f5,UNVERIFIED_FAILURE,FAILED,1,0,1,7170.871281,,0,1,,
b4b_durable_workflow_at_most_once-mid_dispatch-payments-4dd025be-r6,p30,B4B_DURABLE_WORKFLOW_AT_MOST_ONCE,mid_dispatch,payments,AUTHORITATIVE_READBACK,CALLER_REFERENCE,f63db8d3-837e-4ee7-80f9-0eed49154020,CONFIRMED_APPLIED,APPLIED,1,0,1,4098.239509,,0,0,,
b4b_durable_workflow_at_most_once-mid_dispatch-payments-4dd025be-r6,p30,B4B_DURABLE_WORKFLOW_AT_MOST_ONCE,mid_dispatch,payments,AUTHORITATIVE_READBACK,CALLER_REFERENCE,5cb408e0-a6a7-4440-866b-5ee916ad021d,UNVERIFIED_FAILURE,FAILED,1,0,1,6959.394089,,0,1,,
b4b_durable_workflow_at_most_once-mid_dispatch-payments-4dd025be-r6,p30,B4B_DURABLE_WORKFLOW_AT_MOST_ONCE,mid_dispatch,payments,AUTHORITATIVE_READBACK,CALLER_REFERENCE,03825d68-8d5d-4a19-b1d2-2bddf3126a71,UNVERIFIED_FAILURE,TIMED_OUT,1,1,0,22612.329037,54869.0,0,1,,
b4b_durable_workflow_at_most_once-mid_dispatch-payments-4dd025be-r6,p30,B4B_DURABLE_WORKFLOW_AT_MOST_ONCE,mid_dispatch,payments,AUTHORITATIVE_READBACK,CALLER_REFERENCE,1c65467b-99c6-406b-a6e5-7be8e34478ec,UNVERIFIED_FAILURE,FAILED,0,0,1,3896.273414,,0,0,,
b4b_durable_workflow_at_most_once-mid_dispatch-payments-4dd025be-r6,p30,B4B_DURABLE_WORKFLOW_AT_MOST_ONCE,mid_dispatch,payments,AUTHORITATIVE_READBACK,CALLER_REFERENCE,4db34af1-f1f0-4160-a3c5-3b0dbf326c90,UNVERIFIED_FAILURE,TIMED_OUT,1,1,0,22479.645704,24789.0,0,1,,
b4b_durable_workflow_at_most_once-mid_dispatch-payments-4dd025be-r7,p30,B4B_DURABLE_WORKFLOW_AT_MOST_ONCE,mid_dispatch,payments,AUTHORITATIVE_READBACK,CALLER_REFERENCE,97eeaf91-2bee-47ce-8060-d48ebbbdb1ec,CONFIRMED_APPLIED,APPLIED,1,0,1,3754.234687,,0,0,,
b4b_durable_workflow_at_most_once-mid_dispatch-payments-4dd025be-r7,p30,B4B_DURABLE_WORKFLOW_AT_MOST_ONCE,mid_dispatch,payments,AUTHORITATIVE_READBACK,CALLER_REFERENCE,ac388321-384e-4da0-81b4-2b3cef84e283,UNVERIFIED_FAILURE,FAILED,1,0,1,6934.646231,,0,1,,
b4b_durable_workflow_at_most_once-mid_dispatch-payments-4dd025be-r7,p30,B4B_DURABLE_WORKFLOW_AT_MOST_ONCE,mid_dispatch,payments,AUTHORITATIVE_READBACK,CALLER_REFERENCE,7dd07f0c-a090-4694-8835-d39e5d2e2979,UNVERIFIED_FAILURE,TIMED_OUT,1,1,0,21497.172294,54789.0,0,1,,
b4b_durable_workflow_at_most_once-mid_dispatch-payments-4dd025be-r7,p30,B4B_DURABLE_WORKFLOW_AT_MOST_ONCE,mid_dispatch,payments,AUTHORITATIVE_READBACK,CALLER_REFERENCE,0beb4c22-fe96-47ca-b274-17a5cd6dc391,CONFIRMED_APPLIED,APPLIED,1,0,1,4022.213046,,0,0,,
b4b_durable_workflow_at_most_once-mid_dispatch-payments-4dd025be-r7,p30,B4B_DURABLE_WORKFLOW_AT_MOST_ONCE,mid_dispatch,payments,AUTHORITATIVE_READBACK,CALLER_REFERENCE,a3fe15e7-45fa-4d47-8b9b-3d6919f69bf8,UNVERIFIED_FAILURE,TIMED_OUT,1,1,0,22035.752994,24755.0,0,1,,
b4b_durable_workflow_at_most_once-mid_dispatch-payments-4dd025be-r7,p30,B4B_DURABLE_WORKFLOW_AT_MOST_ONCE,mid_dispatch,payments,AUTHORITATIVE_READBACK,CALLER_REFERENCE,84033635-74b1-4cc2-a516-881ba4994628,CONFIRMED_APPLIED,APPLIED,1,0,1,3754.220196,,0,0,,
b4b_durable_workflow_at_most_once-mid_dispatch-payments-4dd025be-r7,p30,B4B_DURABLE_WORKFLOW_AT_MOST_ONCE,mid_dispatch,payments,AUTHORITATIVE_READBACK,CALLER_REFERENCE,45fca0a6-29f8-4234-94bc-a4f9310ec1af,CONFIRMED_APPLIED,APPLIED,1,0,1,4021.154094,,0,0,,
b4b_durable_workflow_at_most_once-mid_dispatch-payments-4dd025be-r7,p30,B4B_DURABLE_WORKFLOW_AT_MOST_ONCE,mid_dispatch,payments,AUTHORITATIVE_READBACK,CALLER_REFERENCE,c72eaa20-fbfd-4efc-8208-70b4157890ac,CONFIRMED_APPLIED,APPLIED,1,0,1,3917.806219,,0,0,,
b4b_durable_workflow_at_most_once-mid_dispatch-payments-4dd025be-r7,p30,B4B_DURABLE_WORKFLOW_AT_MOST_ONCE,mid_dispatch,payments,AUTHORITATIVE_READBACK,CALLER_REFERENCE,9438c722-81c1-40c6-99d2-4eb4b24e1779,CONFIRMED_APPLIED,APPLIED,1,0,1,3860.943144,,0,0,,
b4b_durable_workflow_at_most_once-mid_dispatch-payments-4dd025be-r7,p30,B4B_DURABLE_WORKFLOW_AT_MOST_ONCE,mid_dispatch,payments,AUTHORITATIVE_READBACK,CALLER_REFERENCE,e74c0b33-d391-4b8e-a810-4a5df3794fe5,UNVERIFIED_FAILURE,TIMED_OUT,1,1,0,21931.016284,49898.0,0,1,,
b4b_durable_workflow_at_most_once-mid_dispatch-payments-4dd025be-r8,p30,B4B_DURABLE_WORKFLOW_AT_MOST_ONCE,mid_dispatch,payments,AUTHORITATIVE_READBACK,CALLER_REFERENCE,bad96983-6f7f-45e3-bee4-1bc829cfcaeb,UNVERIFIED_FAILURE,FAILED,1,0,1,6329.637452,,0,1,,
b4b_durable_workflow_at_most_once-mid_dispatch-payments-4dd025be-r8,p30,B4B_DURABLE_WORKFLOW_AT_MOST_ONCE,mid_dispatch,payments,AUTHORITATIVE_READBACK,CALLER_REFERENCE,0ec7faa5-cbc2-4a13-9364-09f4f3822364,CONFIRMED_APPLIED,APPLIED,1,0,1,3914.321369,,0,0,,
b4b_durable_workflow_at_most_once-mid_dispatch-payments-4dd025be-r8,p30,B4B_DURABLE_WORKFLOW_AT_MOST_ONCE,mid_dispatch,payments,AUTHORITATIVE_READBACK,CALLER_REFERENCE,0a6b939e-db64-43a0-ac23-c8669e552947,CONFIRMED_APPLIED,APPLIED,1,0,1,4012.030076,,0,0,,
b4b_durable_workflow_at_most_once-mid_dispatch-payments-4dd025be-r8,p30,B4B_DURABLE_WORKFLOW_AT_MOST_ONCE,mid_dispatch,payments,AUTHORITATIVE_READBACK,CALLER_REFERENCE,92eef5d7-0859-46fc-85b1-fbef2893a233,UNVERIFIED_FAILURE,FAILED,1,0,1,7036.882138,,0,1,,
b4b_durable_workflow_at_most_once-mid_dispatch-payments-4dd025be-r8,p30,B4B_DURABLE_WORKFLOW_AT_MOST_ONCE,mid_dispatch,payments,AUTHORITATIVE_READBACK,CALLER_REFERENCE,d29be74e-7aaf-492f-9dba-94a1b02c4ceb,UNVERIFIED_FAILURE,TIMED_OUT,1,1,0,21835.648771,24637.0,0,1,,
b4b_durable_workflow_at_most_once-mid_dispatch-payments-4dd025be-r8,p30,B4B_DURABLE_WORKFLOW_AT_MOST_ONCE,mid_dispatch,payments,AUTHORITATIVE_READBACK,CALLER_REFERENCE,a00a7a26-a0fa-4fe3-bca5-cb2c47e46445,CONFIRMED_APPLIED,APPLIED,1,0,1,3318.328145,,0,0,,
b4b_durable_workflow_at_most_once-mid_dispatch-payments-4dd025be-r8,p30,B4B_DURABLE_WORKFLOW_AT_MOST_ONCE,mid_dispatch,payments,AUTHORITATIVE_READBACK,CALLER_REFERENCE,64377b70-c489-4e7b-a376-b827bd266583,CONFIRMED_APPLIED,APPLIED,1,0,1,4013.080937,,0,0,,
b4b_durable_workflow_at_most_once-mid_dispatch-payments-4dd025be-r8,p30,B4B_DURABLE_WORKFLOW_AT_MOST_ONCE,mid_dispatch,payments,AUTHORITATIVE_READBACK,CALLER_REFERENCE,51f0d687-9943-4e6f-ab20-114709cd8431,UNVERIFIED_FAILURE,FAILED,1,0,1,6923.811882,,0,1,,
b4b_durable_workflow_at_most_once-mid_dispatch-payments-4dd025be-r8,p30,B4B_DURABLE_WORKFLOW_AT_MOST_ONCE,mid_dispatch,payments,AUTHORITATIVE_READBACK,CALLER_REFERENCE,31133696-3712-4397-9d6d-8868efe171b2,CONFIRMED_APPLIED,APPLIED,1,0,1,4017.541048,,0,0,,
b4b_durable_workflow_at_most_once-mid_dispatch-payments-4dd025be-r8,p30,B4B_DURABLE_WORKFLOW_AT_MOST_ONCE,mid_dispatch,payments,AUTHORITATIVE_READBACK,CALLER_REFERENCE,ed0d0055-58e9-4591-b965-57f8d2c75cda,CONFIRMED_APPLIED,APPLIED,1,0,1,4023.132743,,0,0,,
b4b_durable_workflow_at_most_once-mid_dispatch-payments-4dd025be-r9,p30,B4B_DURABLE_WORKFLOW_AT_MOST_ONCE,mid_dispatch,payments,AUTHORITATIVE_READBACK,CALLER_REFERENCE,7c47271e-49fa-47a7-84fa-48b287987fc8,CONFIRMED_APPLIED,APPLIED,1,0,1,4086.836178,,0,0,,
b4b_durable_workflow_at_most_once-mid_dispatch-payments-4dd025be-r9,p30,B4B_DURABLE_WORKFLOW_AT_MOST_ONCE,mid_dispatch,payments,AUTHORITATIVE_READBACK,CALLER_REFERENCE,4dd66339-e010-4e29-9535-a7519c1ace2d,UNVERIFIED_FAILURE,TIMED_OUT,1,1,0,21874.292425,58634.0,0,1,,
b4b_durable_workflow_at_most_once-mid_dispatch-payments-4dd025be-r9,p30,B4B_DURABLE_WORKFLOW_AT_MOST_ONCE,mid_dispatch,payments,AUTHORITATIVE_READBACK,CALLER_REFERENCE,8e6c96da-7a32-41c5-b4a6-f9b19b53d1ac,CONFIRMED_APPLIED,APPLIED,1,0,1,3919.823691,,0,0,,
b4b_durable_workflow_at_most_once-mid_dispatch-payments-4dd025be-r9,p30,B4B_DURABLE_WORKFLOW_AT_MOST_ONCE,mid_dispatch,payments,AUTHORITATIVE_READBACK,CALLER_REFERENCE,e5582d15-cf38-4c06-87d1-310913553496,UNVERIFIED_FAILURE,TIMED_OUT,1,1,0,21815.175284,28644.0,0,1,,
b4b_durable_workflow_at_most_once-mid_dispatch-payments-4dd025be-r9,p30,B4B_DURABLE_WORKFLOW_AT_MOST_ONCE,mid_dispatch,payments,AUTHORITATIVE_READBACK,CALLER_REFERENCE,fc32a90c-5033-4af1-966b-96d096f8891b,CONFIRMED_APPLIED,APPLIED,1,0,1,3781.435597,,0,0,,
b4b_durable_workflow_at_most_once-mid_dispatch-payments-4dd025be-r9,p30,B4B_DURABLE_WORKFLOW_AT_MOST_ONCE,mid_dispatch,payments,AUTHORITATIVE_READBACK,CALLER_REFERENCE,2dfeb691-a509-412e-ad34-06b0712f4f2d,CONFIRMED_APPLIED,APPLIED,1,0,1,4086.831323,,0,0,,
b4b_durable_workflow_at_most_once-mid_dispatch-payments-4dd025be-r9,p30,B4B_DURABLE_WORKFLOW_AT_MOST_ONCE,mid_dispatch,payments,AUTHORITATIVE_READBACK,CALLER_REFERENCE,ec58fae5-62cf-44bd-98ce-da4e36f71531,CONFIRMED_APPLIED,APPLIED,1,0,1,4122.522944,,0,0,,
b4b_durable_workflow_at_most_once-mid_dispatch-payments-4dd025be-r9,p30,B4B_DURABLE_WORKFLOW_AT_MOST_ONCE,mid_dispatch,payments,AUTHORITATIVE_READBACK,CALLER_REFERENCE,f741f3a2-4154-42fa-8759-4a8b2afad869,CONFIRMED_APPLIED,APPLIED,1,0,1,3921.663263,,0,0,,
b4b_durable_workflow_at_most_once-mid_dispatch-payments-4dd025be-r9,p30,B4B_DURABLE_WORKFLOW_AT_MOST_ONCE,mid_dispatch,payments,AUTHORITATIVE_READBACK,CALLER_REFERENCE,a2d5281f-f5b1-4ed0-8401-7eafe4b00a74,UNVERIFIED_FAILURE,TIMED_OUT,1,1,0,21768.340023,50618.0,0,1,,
b4b_durable_workflow_at_most_once-mid_dispatch-payments-4dd025be-r9,p30,B4B_DURABLE_WORKFLOW_AT_MOST_ONCE,mid_dispatch,payments,AUTHORITATIVE_READBACK,CALLER_REFERENCE,b07820b3-46a3-4a7e-8391-411df8e88bc5,CONFIRMED_APPLIED,APPLIED,1,0,1,3968.164126,,0,0,,
