run_id,regime,system,crash_point,endpoint,response_class,readback_keying,execution_id,outcome_class,status,applied_effects,crashed,dispatch_attempts,step_latency_ms,recovery_latency_ms,undetected_duplicate,lost_effect
aep_full-after_barrier_before_dispatch-ledger_postings-b890c47d-r0,(session-3),AEP_FULL,after_barrier_before_dispatch,ledger_postings,NO_READBACK,CALLER_REFERENCE,93d716c2-6c04-4e50-abe9-bcbcfd75ed5a,DECLARED_AMBIGUOUS,PERMANENTLY_AMBIGUOUS,0,1,0,,32338.0,0,0
aep_full-after_barrier_before_dispatch-ledger_postings-b890c47d-r0,(session-3),AEP_FULL,after_barrier_before_dispatch,ledger_postings,NO_READBACK,CALLER_REFERENCE,f5850a57-6cc4-4275-8f01-cdde875c3d55,DECLARED_AMBIGUOUS,PERMANENTLY_AMBIGUOUS,0,1,0,,31331.0,0,0
aep_full-after_barrier_before_dispatch-ledger_postings-b890c47d-r0,(session-3),AEP_FULL,after_barrier_before_dispatch,ledger_postings,NO_READBACK,CALLER_REFERENCE,1f0dbcfc-70b0-4a3c-aac6-8bae50d8c7aa,DECLARED_AMBIGUOUS,PERMANENTLY_AMBIGUOUS,0,1,0,,30319.0,0,0
aep_full-after_barrier_before_dispatch-ledger_postings-b890c47d-r0,(session-3),AEP_FULL,after_barrier_before_dispatch,ledger_postings,NO_READBACK,CALLER_REFERENCE,d8352a39-9665-423d-af00-e5662f8ec999,DECLARED_AMBIGUOUS,PERMANENTLY_AMBIGUOUS,0,1,0,,29311.0,0,0
aep_full-after_barrier_before_dispatch-ledger_postings-b890c47d-r0,(session-3),AEP_FULL,after_barrier_before_dispatch,ledger_postings,NO_READBACK,CALLER_REFERENCE,062ac5e4-e26b-4958-a204-2f997f3e9b17,DECLARED_AMBIGUOUS,PERMANENTLY_AMBIGUOUS,0,1,0,,28302.0,0,0
aep_full-after_barrier_before_dispatch-ledger_postings-b890c47d-r0,(session-3),AEP_FULL,after_barrier_before_dispatch,ledger_postings,NO_READBACK,CALLER_REFERENCE,74b3a40c-e1c4-4deb-b00a-17599198bca0,DECLARED_AMBIGUOUS,PERMANENTLY_AMBIGUOUS,0,1,0,,32338.0,0,0
aep_full-after_barrier_before_dispatch-ledger_postings-b890c47d-r0,(session-3),AEP_FULL,after_barrier_before_dispatch,ledger_postings,NO_READBACK,CALLER_REFERENCE,f94608e4-5c33-4776-9567-ef7528895bbe,DECLARED_AMBIGUOUS,PERMANENTLY_AMBIGUOUS,0,1,0,,31331.0,0,0
aep_full-after_barrier_before_dispatch-ledger_postings-b890c47d-r0,(session-3),AEP_FULL,after_barrier_before_dispatch,ledger_postings,NO_READBACK,CALLER_REFERENCE,3a0bc574-ec03-40ae-a008-9614502c1349,DECLARED_AMBIGUOUS,PERMANENTLY_AMBIGUOUS,0,1,0,,30319.0,0,0
aep_full-after_barrier_before_dispatch-ledger_postings-b890c47d-r0,(session-3),AEP_FULL,after_barrier_before_dispatch,ledger_postings,NO_READBACK,CALLER_REFERENCE,8ea05782-6823-4736-8f02-86f7283a2092,DECLARED_AMBIGUOUS,PERMANENTLY_AMBIGUOUS,0,1,0,,29311.0,0,0
aep_full-after_barrier_before_dispatch-ledger_postings-b890c47d-r0,(session-3),AEP_FULL,after_barrier_before_dispatch,ledger_postings,NO_READBACK,CALLER_REFERENCE,c7a9c6d7-35f9-4329-ae19-6b991b33caf9,DECLARED_AMBIGUOUS,PERMANENTLY_AMBIGUOUS,0,1,0,,28302.0,0,0
aep_full-after_barrier_before_dispatch-ledger_postings-b890c47d-r1,(session-3),AEP_FULL,after_barrier_before_dispatch,ledger_postings,NO_READBACK,CALLER_REFERENCE,402e4b10-8bb3-4b92-9b61-f7e8fae4fb26,DECLARED_AMBIGUOUS,PERMANENTLY_AMBIGUOUS,0,1,0,,31218.0,0,0
aep_full-after_barrier_before_dispatch-ledger_postings-b890c47d-r1,(session-3),AEP_FULL,after_barrier_before_dispatch,ledger_postings,NO_READBACK,CALLER_REFERENCE,e216a047-cd39-4a18-a677-28ad497eeec6,DECLARED_AMBIGUOUS,PERMANENTLY_AMBIGUOUS,0,1,0,,29450.0,0,0
aep_full-after_barrier_before_dispatch-ledger_postings-b890c47d-r1,(session-3),AEP_FULL,after_barrier_before_dispatch,ledger_postings,NO_READBACK,CALLER_REFERENCE,bf5e8fc6-ebd2-4cb0-841f-70bd2a9b4129,DECLARED_AMBIGUOUS,PERMANENTLY_AMBIGUOUS,0,1,0,,28359.0,0,0
aep_full-after_barrier_before_dispatch-ledger_postings-b890c47d-r1,(session-3),AEP_FULL,after_barrier_before_dispatch,ledger_postings,NO_READBACK,CALLER_REFERENCE,6a7bddc5-887f-4689-b9c2-3003bbad2861,DECLARED_AMBIGUOUS,PERMANENTLY_AMBIGUOUS,0,1,0,,27300.0,0,0
aep_full-after_barrier_before_dispatch-ledger_postings-b890c47d-r1,(session-3),AEP_FULL,after_barrier_before_dispatch,ledger_postings,NO_READBACK,CALLER_REFERENCE,69b50301-52e4-4fc4-81f2-f9ad9c29fb56,DECLARED_AMBIGUOUS,PERMANENTLY_AMBIGUOUS,0,1,0,,26293.0,0,0
aep_full-after_barrier_before_dispatch-ledger_postings-b890c47d-r1,(session-3),AEP_FULL,after_barrier_before_dispatch,ledger_postings,NO_READBACK,CALLER_REFERENCE,56337e5a-e198-4f9a-9276-fbed6963ebf8,DECLARED_AMBIGUOUS,PERMANENTLY_AMBIGUOUS,0,1,0,,31219.0,0,0
aep_full-after_barrier_before_dispatch-ledger_postings-b890c47d-r1,(session-3),AEP_FULL,after_barrier_before_dispatch,ledger_postings,NO_READBACK,CALLER_REFERENCE,5f9f09c9-139a-469a-a570-30001361835c,DECLARED_AMBIGUOUS,PERMANENTLY_AMBIGUOUS,0,1,0,,30322.0,0,0
aep_full-after_barrier_before_dispatch-ledger_postings-b890c47d-r1,(session-3),AEP_FULL,after_barrier_before_dispatch,ledger_postings,NO_READBACK,CALLER_REFERENCE,0f20ab1d-019e-4f32-bed6-b44cf9e20f36,DECLARED_AMBIGUOUS,PERMANENTLY_AMBIGUOUS,0,1,0,,29450.0,0,0
aep_full-after_barrier_before_dispatch-ledger_postings-b890c47d-r1,(session-3),AEP_FULL,after_barrier_before_dispatch,ledger_postings,NO_READBACK,CALLER_REFERENCE,fda5c730-e170-451b-81e7-b1aad8ef7ef0,DECLARED_AMBIGUOUS,PERMANENTLY_AMBIGUOUS,0,1,0,,28358.0,0,0
aep_full-after_barrier_before_dispatch-ledger_postings-b890c47d-r1,(session-3),AEP_FULL,after_barrier_before_dispatch,ledger_postings,NO_READBACK,CALLER_REFERENCE,5cf965a8-ede2-4f0a-8c5e-3db841ccf5e4,DECLARED_AMBIGUOUS,PERMANENTLY_AMBIGUOUS,0,1,0,,27301.0,0,0
aep_full-after_barrier_before_dispatch-ledger_postings-b890c47d-r2,(session-3),AEP_FULL,after_barrier_before_dispatch,ledger_postings,NO_READBACK,CALLER_REFERENCE,22785ee0-2d8b-4215-b3dc-8d06dc9fe1d3,DECLARED_AMBIGUOUS,PERMANENTLY_AMBIGUOUS,0,1,0,,32413.0,0,0
aep_full-after_barrier_before_dispatch-ledger_postings-b890c47d-r2,(session-3),AEP_FULL,after_barrier_before_dispatch,ledger_postings,NO_READBACK,CALLER_REFERENCE,1f5570e0-04df-41e3-9f3b-e9d34985592a,DECLARED_AMBIGUOUS,PERMANENTLY_AMBIGUOUS,0,1,0,,31313.0,0,0
aep_full-after_barrier_before_dispatch-ledger_postings-b890c47d-r2,(session-3),AEP_FULL,after_barrier_before_dispatch,ledger_postings,NO_READBACK,CALLER_REFERENCE,9d01c7e5-4f4d-48cf-838b-058d1cf00420,DECLARED_AMBIGUOUS,PERMANENTLY_AMBIGUOUS,0,1,0,,30333.0,0,0
aep_full-after_barrier_before_dispatch-ledger_postings-b890c47d-r2,(session-3),AEP_FULL,after_barrier_before_dispatch,ledger_postings,NO_READBACK,CALLER_REFERENCE,ea11de29-1c23-40ce-87e3-5bde70775b19,DECLARED_AMBIGUOUS,PERMANENTLY_AMBIGUOUS,0,1,0,,29325.0,0,0
aep_full-after_barrier_before_dispatch-ledger_postings-b890c47d-r2,(session-3),AEP_FULL,after_barrier_before_dispatch,ledger_postings,NO_READBACK,CALLER_REFERENCE,c6bab219-b7fc-4417-ae22-936b75683c16,DECLARED_AMBIGUOUS,PERMANENTLY_AMBIGUOUS,0,1,0,,28317.0,0,0
aep_full-after_barrier_before_dispatch-ledger_postings-b890c47d-r2,(session-3),AEP_FULL,after_barrier_before_dispatch,ledger_postings,NO_READBACK,CALLER_REFERENCE,1780aa99-497f-4945-9146-76e0a8135e53,DECLARED_AMBIGUOUS,PERMANENTLY_AMBIGUOUS,0,1,0,,32413.0,0,0
aep_full-after_barrier_before_dispatch-ledger_postings-b890c47d-r2,(session-3),AEP_FULL,after_barrier_before_dispatch,ledger_postings,NO_READBACK,CALLER_REFERENCE,71e74444-da48-491b-a53c-aa4f15c74e60,DECLARED_AMBIGUOUS,PERMANENTLY_AMBIGUOUS,0,1,0,,31314.0,0,0
aep_full-after_barrier_before_dispatch-ledger_postings-b890c47d-r2,(session-3),AEP_FULL,after_barrier_before_dispatch,ledger_postings,NO_READBACK,CALLER_REFERENCE,58bfd574-662f-44f4-ba17-7209d95d6668,DECLARED_AMBIGUOUS,PERMANENTLY_AMBIGUOUS,0,1,0,,30331.0,0,0
aep_full-after_barrier_before_dispatch-ledger_postings-b890c47d-r2,(session-3),AEP_FULL,after_barrier_before_dispatch,ledger_postings,NO_READBACK,CALLER_REFERENCE,5251b91f-bd04-4c2c-9543-a8cee0058415,DECLARED_AMBIGUOUS,PERMANENTLY_AMBIGUOUS,0,1,0,,29323.0,0,0
aep_full-after_barrier_before_dispatch-ledger_postings-b890c47d-r2,(session-3),AEP_FULL,after_barrier_before_dispatch,ledger_postings,NO_READBACK,CALLER_REFERENCE,4827ec3a-9318-4831-aff0-ade38d15b609,DECLARED_AMBIGUOUS,PERMANENTLY_AMBIGUOUS,0,1,0,,28317.0,0,0
aep_full-after_barrier_before_dispatch-notifications-283a53b7-r0,(session-3),AEP_FULL,after_barrier_before_dispatch,notifications,POSITIVE_ONLY_READBACK,CALLER_REFERENCE,3cee38bc-ac4c-4ebd-9847-52966034a558,DECLARED_AMBIGUOUS,FIRED_UNCONFIRMED,0,1,0,,126055.0,0,0
aep_full-after_barrier_before_dispatch-notifications-283a53b7-r0,(session-3),AEP_FULL,after_barrier_before_dispatch,notifications,POSITIVE_ONLY_READBACK,CALLER_REFERENCE,dcd0c2d9-546d-422a-b870-97b51bc99740,DECLARED_AMBIGUOUS,FIRED_UNCONFIRMED,0,1,0,,125050.0,0,0
aep_full-after_barrier_before_dispatch-notifications-283a53b7-r0,(session-3),AEP_FULL,after_barrier_before_dispatch,notifications,POSITIVE_ONLY_READBACK,CALLER_REFERENCE,31cf6cce-b274-4146-9552-71ff3068556d,DECLARED_AMBIGUOUS,FIRED_UNCONFIRMED,0,1,0,,124054.0,0,0
aep_full-after_barrier_before_dispatch-notifications-283a53b7-r0,(session-3),AEP_FULL,after_barrier_before_dispatch,notifications,POSITIVE_ONLY_READBACK,CALLER_REFERENCE,ae9e2b17-e692-4855-9163-c58eac88b604,DECLARED_AMBIGUOUS,FIRED_UNCONFIRMED,0,1,0,,122038.0,0,0
aep_full-after_barrier_before_dispatch-notifications-283a53b7-r0,(session-3),AEP_FULL,after_barrier_before_dispatch,notifications,POSITIVE_ONLY_READBACK,CALLER_REFERENCE,973bdc95-55e7-48fd-b070-e9b4058830f9,DECLARED_AMBIGUOUS,FIRED_UNCONFIRMED,0,1,0,,121144.0,0,0
aep_full-after_barrier_before_dispatch-notifications-283a53b7-r0,(session-3),AEP_FULL,after_barrier_before_dispatch,notifications,POSITIVE_ONLY_READBACK,CALLER_REFERENCE,156b79e7-16af-4077-9d36-cddb1664dc1d,DECLARED_AMBIGUOUS,FIRED_UNCONFIRMED,0,1,0,,126065.0,0,0
aep_full-after_barrier_before_dispatch-notifications-283a53b7-r0,(session-3),AEP_FULL,after_barrier_before_dispatch,notifications,POSITIVE_ONLY_READBACK,CALLER_REFERENCE,23fdc2ad-5de2-44aa-bceb-ef36a7804c81,DECLARED_AMBIGUOUS,FIRED_UNCONFIRMED,0,1,0,,125057.0,0,0
aep_full-after_barrier_before_dispatch-notifications-283a53b7-r0,(session-3),AEP_FULL,after_barrier_before_dispatch,notifications,POSITIVE_ONLY_READBACK,CALLER_REFERENCE,6d17eda1-0b59-4a0d-b422-26c5b88d39d7,DECLARED_AMBIGUOUS,FIRED_UNCONFIRMED,0,1,0,,124066.0,0,0
aep_full-after_barrier_before_dispatch-notifications-283a53b7-r0,(session-3),AEP_FULL,after_barrier_before_dispatch,notifications,POSITIVE_ONLY_READBACK,CALLER_REFERENCE,064bfe5f-8ae6-467f-b7c6-5226fe052ab1,DECLARED_AMBIGUOUS,FIRED_UNCONFIRMED,0,1,0,,122048.0,0,0
aep_full-after_barrier_before_dispatch-notifications-283a53b7-r0,(session-3),AEP_FULL,after_barrier_before_dispatch,notifications,POSITIVE_ONLY_READBACK,CALLER_REFERENCE,b704d231-9fc6-4f8f-ad12-ab98a1cf0a97,DECLARED_AMBIGUOUS,FIRED_UNCONFIRMED,0,1,0,,121154.0,0,0
aep_full-after_barrier_before_dispatch-notifications-283a53b7-r1,(session-3),AEP_FULL,after_barrier_before_dispatch,notifications,POSITIVE_ONLY_READBACK,CALLER_REFERENCE,4fcba36d-4860-436a-960e-1d6edd611804,DECLARED_AMBIGUOUS,FIRED_UNCONFIRMED,0,1,0,,125159.0,0,0
aep_full-after_barrier_before_dispatch-notifications-283a53b7-r1,(session-3),AEP_FULL,after_barrier_before_dispatch,notifications,POSITIVE_ONLY_READBACK,CALLER_REFERENCE,81a7481a-cf2f-4237-aa92-1e81b6d87829,DECLARED_AMBIGUOUS,FIRED_UNCONFIRMED,0,1,0,,124216.0,0,0
aep_full-after_barrier_before_dispatch-notifications-283a53b7-r1,(session-3),AEP_FULL,after_barrier_before_dispatch,notifications,POSITIVE_ONLY_READBACK,CALLER_REFERENCE,1cd4489b-bac7-4a9f-9378-d19fb283088c,DECLARED_AMBIGUOUS,FIRED_UNCONFIRMED,0,1,0,,123146.0,0,0
aep_full-after_barrier_before_dispatch-notifications-283a53b7-r1,(session-3),AEP_FULL,after_barrier_before_dispatch,notifications,POSITIVE_ONLY_READBACK,CALLER_REFERENCE,8ee836f0-ab8c-4a64-81a1-90970349fdbd,DECLARED_AMBIGUOUS,FIRED_UNCONFIRMED,0,1,0,,122140.0,0,0
aep_full-after_barrier_before_dispatch-notifications-283a53b7-r1,(session-3),AEP_FULL,after_barrier_before_dispatch,notifications,POSITIVE_ONLY_READBACK,CALLER_REFERENCE,f1f96d7f-e237-4277-9140-b39306ec77bf,DECLARED_AMBIGUOUS,FIRED_UNCONFIRMED,0,1,0,,121133.0,0,0
aep_full-after_barrier_before_dispatch-notifications-283a53b7-r1,(session-3),AEP_FULL,after_barrier_before_dispatch,notifications,POSITIVE_ONLY_READBACK,CALLER_REFERENCE,ca619e8e-621e-4d9a-a2c7-3c3fb89ebafe,DECLARED_AMBIGUOUS,FIRED_UNCONFIRMED,0,1,0,,125166.0,0,0
aep_full-after_barrier_before_dispatch-notifications-283a53b7-r1,(session-3),AEP_FULL,after_barrier_before_dispatch,notifications,POSITIVE_ONLY_READBACK,CALLER_REFERENCE,48d03764-5a4d-46ca-9a1c-a294ff5e7966,DECLARED_AMBIGUOUS,FIRED_UNCONFIRMED,0,1,0,,124222.0,0,0
aep_full-after_barrier_before_dispatch-notifications-283a53b7-r1,(session-3),AEP_FULL,after_barrier_before_dispatch,notifications,POSITIVE_ONLY_READBACK,CALLER_REFERENCE,726967aa-5747-484d-83f0-bef00613db04,DECLARED_AMBIGUOUS,FIRED_UNCONFIRMED,0,1,0,,123152.0,0,0
aep_full-after_barrier_before_dispatch-notifications-283a53b7-r1,(session-3),AEP_FULL,after_barrier_before_dispatch,notifications,POSITIVE_ONLY_READBACK,CALLER_REFERENCE,102c3330-c5e5-43bb-a7bd-42c03f74287b,DECLARED_AMBIGUOUS,FIRED_UNCONFIRMED,0,1,0,,122146.0,0,0
aep_full-after_barrier_before_dispatch-notifications-283a53b7-r1,(session-3),AEP_FULL,after_barrier_before_dispatch,notifications,POSITIVE_ONLY_READBACK,CALLER_REFERENCE,4295c826-915d-442c-91bc-93d7a91100a2,DECLARED_AMBIGUOUS,FIRED_UNCONFIRMED,0,1,0,,121139.0,0,0
aep_full-after_barrier_before_dispatch-notifications-283a53b7-r2,(session-3),AEP_FULL,after_barrier_before_dispatch,notifications,POSITIVE_ONLY_READBACK,CALLER_REFERENCE,3b789cdb-9b98-401d-863c-266ffcf5844a,DECLARED_AMBIGUOUS,FIRED_UNCONFIRMED,0,1,0,,125035.0,0,0
aep_full-after_barrier_before_dispatch-notifications-283a53b7-r2,(session-3),AEP_FULL,after_barrier_before_dispatch,notifications,POSITIVE_ONLY_READBACK,CALLER_REFERENCE,4cd1b413-e868-4430-add3-2b88b8113314,DECLARED_AMBIGUOUS,FIRED_UNCONFIRMED,0,1,0,,124111.0,0,0
aep_full-after_barrier_before_dispatch-notifications-283a53b7-r2,(session-3),AEP_FULL,after_barrier_before_dispatch,notifications,POSITIVE_ONLY_READBACK,CALLER_REFERENCE,a3398dd6-5d0a-4639-af2d-b1081f965e4e,DECLARED_AMBIGUOUS,FIRED_UNCONFIRMED,0,1,0,,123021.0,0,0
aep_full-after_barrier_before_dispatch-notifications-283a53b7-r2,(session-3),AEP_FULL,after_barrier_before_dispatch,notifications,POSITIVE_ONLY_READBACK,CALLER_REFERENCE,67471974-2bcc-4c11-af61-ab1b9450555a,DECLARED_AMBIGUOUS,FIRED_UNCONFIRMED,0,1,0,,122127.0,0,0
aep_full-after_barrier_before_dispatch-notifications-283a53b7-r2,(session-3),AEP_FULL,after_barrier_before_dispatch,notifications,POSITIVE_ONLY_READBACK,CALLER_REFERENCE,87a0724c-4659-48dd-96d9-cf1468caa05a,DECLARED_AMBIGUOUS,FIRED_UNCONFIRMED,0,1,0,,121143.0,0,0
aep_full-after_barrier_before_dispatch-notifications-283a53b7-r2,(session-3),AEP_FULL,after_barrier_before_dispatch,notifications,POSITIVE_ONLY_READBACK,CALLER_REFERENCE,f2bbb3fd-fb08-4b69-ab72-a8e37311e6d2,DECLARED_AMBIGUOUS,FIRED_UNCONFIRMED,0,1,0,,125047.0,0,0
aep_full-after_barrier_before_dispatch-notifications-283a53b7-r2,(session-3),AEP_FULL,after_barrier_before_dispatch,notifications,POSITIVE_ONLY_READBACK,CALLER_REFERENCE,55eb8255-b9f6-4aa7-8e2b-e78007c0af51,DECLARED_AMBIGUOUS,FIRED_UNCONFIRMED,0,1,0,,124123.0,0,0
aep_full-after_barrier_before_dispatch-notifications-283a53b7-r2,(session-3),AEP_FULL,after_barrier_before_dispatch,notifications,POSITIVE_ONLY_READBACK,CALLER_REFERENCE,c1df3a98-82f5-4195-978d-2da3d4b6c330,DECLARED_AMBIGUOUS,FIRED_UNCONFIRMED,0,1,0,,123035.0,0,0
aep_full-after_barrier_before_dispatch-notifications-283a53b7-r2,(session-3),AEP_FULL,after_barrier_before_dispatch,notifications,POSITIVE_ONLY_READBACK,CALLER_REFERENCE,271001a8-6b1e-4271-b74b-1ddb1d40afa1,DECLARED_AMBIGUOUS,FIRED_UNCONFIRMED,0,1,0,,122141.0,0,0
aep_full-after_barrier_before_dispatch-notifications-283a53b7-r2,(session-3),AEP_FULL,after_barrier_before_dispatch,notifications,POSITIVE_ONLY_READBACK,CALLER_REFERENCE,a22bae73-e197-485b-8910-dfff1ddbf57c,DECLARED_AMBIGUOUS,FIRED_UNCONFIRMED,0,1,0,,121157.0,0,0
aep_full-after_barrier_before_dispatch-payments-59673812-r0,(session-3),AEP_FULL,after_barrier_before_dispatch,payments,AUTHORITATIVE_READBACK,CALLER_REFERENCE,59f55687-80dd-4b67-86b8-a26616fd1100,CONFIRMED_NOT_APPLIED,FAILED_CONFIRMED,0,1,0,,32629.0,0,0
aep_full-after_barrier_before_dispatch-payments-59673812-r0,(session-3),AEP_FULL,after_barrier_before_dispatch,payments,AUTHORITATIVE_READBACK,CALLER_REFERENCE,46954601-916d-4bb5-9ff5-caf394d6dca8,CONFIRMED_NOT_APPLIED,FAILED_CONFIRMED,0,1,0,,31619.0,0,0
aep_full-after_barrier_before_dispatch-payments-59673812-r0,(session-3),AEP_FULL,after_barrier_before_dispatch,payments,AUTHORITATIVE_READBACK,CALLER_REFERENCE,1ce89858-3d4e-4963-b8e1-1dc6d42a102f,CONFIRMED_NOT_APPLIED,FAILED_CONFIRMED,0,1,0,,30610.0,0,0
aep_full-after_barrier_before_dispatch-payments-59673812-r0,(session-3),AEP_FULL,after_barrier_before_dispatch,payments,AUTHORITATIVE_READBACK,CALLER_REFERENCE,32255cc5-4da0-4577-ac72-0e1326f9daf0,CONFIRMED_NOT_APPLIED,FAILED_CONFIRMED,0,1,0,,29607.0,0,0
aep_full-after_barrier_before_dispatch-payments-59673812-r0,(session-3),AEP_FULL,after_barrier_before_dispatch,payments,AUTHORITATIVE_READBACK,CALLER_REFERENCE,35e8770b-1012-4dad-9248-488857296fac,CONFIRMED_NOT_APPLIED,FAILED_CONFIRMED,0,1,0,,28600.0,0,0
aep_full-after_barrier_before_dispatch-payments-59673812-r0,(session-3),AEP_FULL,after_barrier_before_dispatch,payments,AUTHORITATIVE_READBACK,CALLER_REFERENCE,0930b22a-0e4e-496a-aac7-10d7faaeee7e,CONFIRMED_NOT_APPLIED,FAILED_CONFIRMED,0,1,0,,32629.0,0,0
aep_full-after_barrier_before_dispatch-payments-59673812-r0,(session-3),AEP_FULL,after_barrier_before_dispatch,payments,AUTHORITATIVE_READBACK,CALLER_REFERENCE,f29c86bd-9e6d-48db-a8a9-d436fd4f256d,CONFIRMED_NOT_APPLIED,FAILED_CONFIRMED,0,1,0,,31619.0,0,0
aep_full-after_barrier_before_dispatch-payments-59673812-r0,(session-3),AEP_FULL,after_barrier_before_dispatch,payments,AUTHORITATIVE_READBACK,CALLER_REFERENCE,26489a2a-d556-4d7b-bfc5-e9c8cfb3e3fc,CONFIRMED_NOT_APPLIED,FAILED_CONFIRMED,0,1,0,,30610.0,0,0
aep_full-after_barrier_before_dispatch-payments-59673812-r0,(session-3),AEP_FULL,after_barrier_before_dispatch,payments,AUTHORITATIVE_READBACK,CALLER_REFERENCE,de5e5bc0-f544-4633-827d-b066431e46bd,CONFIRMED_NOT_APPLIED,FAILED_CONFIRMED,0,1,0,,29608.0,0,0
aep_full-after_barrier_before_dispatch-payments-59673812-r0,(session-3),AEP_FULL,after_barrier_before_dispatch,payments,AUTHORITATIVE_READBACK,CALLER_REFERENCE,3ac8dabe-254c-4be6-b579-2edb20967e9e,CONFIRMED_NOT_APPLIED,FAILED_CONFIRMED,0,1,0,,28600.0,0,0
aep_full-after_barrier_before_dispatch-payments-59673812-r1,(session-3),AEP_FULL,after_barrier_before_dispatch,payments,AUTHORITATIVE_READBACK,CALLER_REFERENCE,06b657a3-3510-4f7a-9c0c-ff7033661d78,CONFIRMED_NOT_APPLIED,FAILED_CONFIRMED,0,1,0,,31340.0,0,0
aep_full-after_barrier_before_dispatch-payments-59673812-r1,(session-3),AEP_FULL,after_barrier_before_dispatch,payments,AUTHORITATIVE_READBACK,CALLER_REFERENCE,fb487c7b-c14a-4e32-9b77-607aad691ac5,CONFIRMED_NOT_APPLIED,FAILED_CONFIRMED,0,1,0,,30337.0,0,0
aep_full-after_barrier_before_dispatch-payments-59673812-r1,(session-3),AEP_FULL,after_barrier_before_dispatch,payments,AUTHORITATIVE_READBACK,CALLER_REFERENCE,8729c6ba-7dc7-42ec-994d-0cafcee4204c,CONFIRMED_NOT_APPLIED,FAILED_CONFIRMED,0,1,0,,29322.0,0,0
aep_full-after_barrier_before_dispatch-payments-59673812-r1,(session-3),AEP_FULL,after_barrier_before_dispatch,payments,AUTHORITATIVE_READBACK,CALLER_REFERENCE,2e4c3a4d-53b5-492d-91ff-dcd5980326a8,CONFIRMED_NOT_APPLIED,FAILED_CONFIRMED,0,1,0,,27308.0,0,0
aep_full-after_barrier_before_dispatch-payments-59673812-r1,(session-3),AEP_FULL,after_barrier_before_dispatch,payments,AUTHORITATIVE_READBACK,CALLER_REFERENCE,0cc5bcd7-6968-45c0-9091-5b79195a3db4,CONFIRMED_NOT_APPLIED,FAILED_CONFIRMED,0,1,0,,26410.0,0,0
aep_full-after_barrier_before_dispatch-payments-59673812-r1,(session-3),AEP_FULL,after_barrier_before_dispatch,payments,AUTHORITATIVE_READBACK,CALLER_REFERENCE,da5263bb-9fca-4b01-8c76-2b028d34eb3e,CONFIRMED_NOT_APPLIED,FAILED_CONFIRMED,0,1,0,,31340.0,0,0
aep_full-after_barrier_before_dispatch-payments-59673812-r1,(session-3),AEP_FULL,after_barrier_before_dispatch,payments,AUTHORITATIVE_READBACK,CALLER_REFERENCE,790fea47-ef5e-4cac-a65b-87c15f5ffeec,CONFIRMED_NOT_APPLIED,FAILED_CONFIRMED,0,1,0,,30335.0,0,0
aep_full-after_barrier_before_dispatch-payments-59673812-r1,(session-3),AEP_FULL,after_barrier_before_dispatch,payments,AUTHORITATIVE_READBACK,CALLER_REFERENCE,8c69b473-ff7c-4b5f-9ca5-54085c41b304,CONFIRMED_NOT_APPLIED,FAILED_CONFIRMED,0,1,0,,29324.0,0,0
aep_full-after_barrier_before_dispatch-payments-59673812-r1,(session-3),AEP_FULL,after_barrier_before_dispatch,payments,AUTHORITATIVE_READBACK,CALLER_REFERENCE,59c3e678-22d1-4a09-b969-964a009c8282,CONFIRMED_NOT_APPLIED,FAILED_CONFIRMED,0,1,0,,28579.0,0,0
aep_full-after_barrier_before_dispatch-payments-59673812-r1,(session-3),AEP_FULL,after_barrier_before_dispatch,payments,AUTHORITATIVE_READBACK,CALLER_REFERENCE,6fdc7b55-3494-48ae-ba0f-1c4f0650cb48,CONFIRMED_NOT_APPLIED,FAILED_CONFIRMED,0,1,0,,27308.0,0,0
aep_full-after_barrier_before_dispatch-payments-59673812-r2,(session-3),AEP_FULL,after_barrier_before_dispatch,payments,AUTHORITATIVE_READBACK,CALLER_REFERENCE,2c7e9b9d-62cd-42ef-b923-fe5e9c80c5fb,CONFIRMED_NOT_APPLIED,FAILED_CONFIRMED,0,1,0,,32234.0,0,0
aep_full-after_barrier_before_dispatch-payments-59673812-r2,(session-3),AEP_FULL,after_barrier_before_dispatch,payments,AUTHORITATIVE_READBACK,CALLER_REFERENCE,5c2bc0f3-4541-4adf-a30d-78296574110f,CONFIRMED_NOT_APPLIED,FAILED_CONFIRMED,0,1,0,,31223.0,0,0
aep_full-after_barrier_before_dispatch-payments-59673812-r2,(session-3),AEP_FULL,after_barrier_before_dispatch,payments,AUTHORITATIVE_READBACK,CALLER_REFERENCE,4a28d543-b0eb-4ec1-ae7b-95601e00eae4,CONFIRMED_NOT_APPLIED,FAILED_CONFIRMED,0,1,0,,30224.0,0,0
aep_full-after_barrier_before_dispatch-payments-59673812-r2,(session-3),AEP_FULL,after_barrier_before_dispatch,payments,AUTHORITATIVE_READBACK,CALLER_REFERENCE,e4a070bc-ad4e-4953-8ef2-b7d1ff94258e,CONFIRMED_NOT_APPLIED,FAILED_CONFIRMED,0,1,0,,29210.0,0,0
aep_full-after_barrier_before_dispatch-payments-59673812-r2,(session-3),AEP_FULL,after_barrier_before_dispatch,payments,AUTHORITATIVE_READBACK,CALLER_REFERENCE,d1f77e3d-d7c7-4294-88aa-07e50f10c1b8,CONFIRMED_NOT_APPLIED,FAILED_CONFIRMED,0,1,0,,28307.0,0,0
aep_full-after_barrier_before_dispatch-payments-59673812-r2,(session-3),AEP_FULL,after_barrier_before_dispatch,payments,AUTHORITATIVE_READBACK,CALLER_REFERENCE,9d74ad8f-de86-4364-a802-55c0abc49a36,CONFIRMED_NOT_APPLIED,FAILED_CONFIRMED,0,1,0,,32235.0,0,0
aep_full-after_barrier_before_dispatch-payments-59673812-r2,(session-3),AEP_FULL,after_barrier_before_dispatch,payments,AUTHORITATIVE_READBACK,CALLER_REFERENCE,873f7ed2-e18b-419e-8459-a17e252c391c,CONFIRMED_NOT_APPLIED,FAILED_CONFIRMED,0,1,0,,31223.0,0,0
aep_full-after_barrier_before_dispatch-payments-59673812-r2,(session-3),AEP_FULL,after_barrier_before_dispatch,payments,AUTHORITATIVE_READBACK,CALLER_REFERENCE,ea6c1f1c-aadd-4df3-8668-fb2d4cb581d4,CONFIRMED_NOT_APPLIED,FAILED_CONFIRMED,0,1,0,,30224.0,0,0
aep_full-after_barrier_before_dispatch-payments-59673812-r2,(session-3),AEP_FULL,after_barrier_before_dispatch,payments,AUTHORITATIVE_READBACK,CALLER_REFERENCE,f7bddf31-2fc9-4fdc-83f7-5cc307a9d0e7,CONFIRMED_NOT_APPLIED,FAILED_CONFIRMED,0,1,0,,29208.0,0,0
aep_full-after_barrier_before_dispatch-payments-59673812-r2,(session-3),AEP_FULL,after_barrier_before_dispatch,payments,AUTHORITATIVE_READBACK,CALLER_REFERENCE,dafa16f0-03ae-4bb6-be96-62aceff44046,CONFIRMED_NOT_APPLIED,FAILED_CONFIRMED,0,1,0,,28305.0,0,0
aep_full-after_intent_before_barrier-ledger_postings-f1b0f955-r0,(session-3),AEP_FULL,after_intent_before_barrier,ledger_postings,NO_READBACK,CALLER_REFERENCE,c6c6ad0d-4ee3-44bb-b655-8936bb3edd8e,DECLARED_AMBIGUOUS,PERMANENTLY_AMBIGUOUS,0,1,0,,32325.0,0,0
aep_full-after_intent_before_barrier-ledger_postings-f1b0f955-r0,(session-3),AEP_FULL,after_intent_before_barrier,ledger_postings,NO_READBACK,CALLER_REFERENCE,256d6bc2-6b19-42ac-b617-0ea4b5cd0fe4,DECLARED_AMBIGUOUS,PERMANENTLY_AMBIGUOUS,0,1,0,,31775.0,0,0
aep_full-after_intent_before_barrier-ledger_postings-f1b0f955-r0,(session-3),AEP_FULL,after_intent_before_barrier,ledger_postings,NO_READBACK,CALLER_REFERENCE,e15e9f5b-9e50-441d-9b96-1ec1b208e3e7,DECLARED_AMBIGUOUS,PERMANENTLY_AMBIGUOUS,0,1,0,,31266.0,0,0
aep_full-after_intent_before_barrier-ledger_postings-f1b0f955-r0,(session-3),AEP_FULL,after_intent_before_barrier,ledger_postings,NO_READBACK,CALLER_REFERENCE,fe58c453-6eec-43ba-907e-2db756d1606a,DECLARED_AMBIGUOUS,PERMANENTLY_AMBIGUOUS,0,1,0,,30748.0,0,0
aep_full-after_intent_before_barrier-ledger_postings-f1b0f955-r0,(session-3),AEP_FULL,after_intent_before_barrier,ledger_postings,NO_READBACK,CALLER_REFERENCE,1c23abc9-8893-4107-91ce-66a54efd54d6,DECLARED_AMBIGUOUS,PERMANENTLY_AMBIGUOUS,0,1,0,,30205.0,0,0
aep_full-after_intent_before_barrier-ledger_postings-f1b0f955-r0,(session-3),AEP_FULL,after_intent_before_barrier,ledger_postings,NO_READBACK,CALLER_REFERENCE,0de9b517-1a98-4c69-9587-f8f9b0e71b35,DECLARED_AMBIGUOUS,PERMANENTLY_AMBIGUOUS,0,1,0,,32340.0,0,0
aep_full-after_intent_before_barrier-ledger_postings-f1b0f955-r0,(session-3),AEP_FULL,after_intent_before_barrier,ledger_postings,NO_READBACK,CALLER_REFERENCE,f113e89a-dc0b-4c5f-bcce-7117e98a276b,DECLARED_AMBIGUOUS,PERMANENTLY_AMBIGUOUS,0,1,0,,31774.0,0,0
aep_full-after_intent_before_barrier-ledger_postings-f1b0f955-r0,(session-3),AEP_FULL,after_intent_before_barrier,ledger_postings,NO_READBACK,CALLER_REFERENCE,31452506-f5ea-4c07-9c72-de54d3b9876b,DECLARED_AMBIGUOUS,PERMANENTLY_AMBIGUOUS,0,1,0,,31277.0,0,0
aep_full-after_intent_before_barrier-ledger_postings-f1b0f955-r0,(session-3),AEP_FULL,after_intent_before_barrier,ledger_postings,NO_READBACK,CALLER_REFERENCE,f05fd016-bf5d-4f27-85c9-519ad0a62968,DECLARED_AMBIGUOUS,PERMANENTLY_AMBIGUOUS,0,1,0,,30767.0,0,0
aep_full-after_intent_before_barrier-ledger_postings-f1b0f955-r0,(session-3),AEP_FULL,after_intent_before_barrier,ledger_postings,NO_READBACK,CALLER_REFERENCE,dd7ab630-993a-47e3-a021-2158601de9e3,DECLARED_AMBIGUOUS,PERMANENTLY_AMBIGUOUS,0,1,0,,30231.0,0,0
aep_full-after_intent_before_barrier-ledger_postings-f1b0f955-r1,(session-3),AEP_FULL,after_intent_before_barrier,ledger_postings,NO_READBACK,CALLER_REFERENCE,a07e4ad2-598a-47d8-b68e-d7e5a08f3c54,DECLARED_AMBIGUOUS,PERMANENTLY_AMBIGUOUS,0,1,0,,32817.0,0,0
aep_full-after_intent_before_barrier-ledger_postings-f1b0f955-r1,(session-3),AEP_FULL,after_intent_before_barrier,ledger_postings,NO_READBACK,CALLER_REFERENCE,adfaaa1d-5b24-4cc2-a7c9-191d52a5bc88,DECLARED_AMBIGUOUS,PERMANENTLY_AMBIGUOUS,0,1,0,,32360.0,0,0
aep_full-after_intent_before_barrier-ledger_postings-f1b0f955-r1,(session-3),AEP_FULL,after_intent_before_barrier,ledger_postings,NO_READBACK,CALLER_REFERENCE,cd80f103-0a9c-4cc1-bc95-4da565cfa5e3,DECLARED_AMBIGUOUS,PERMANENTLY_AMBIGUOUS,0,1,0,,31866.0,0,0
aep_full-after_intent_before_barrier-ledger_postings-f1b0f955-r1,(session-3),AEP_FULL,after_intent_before_barrier,ledger_postings,NO_READBACK,CALLER_REFERENCE,2c30597b-bd95-4754-bfaa-abd9717a63e0,DECLARED_AMBIGUOUS,PERMANENTLY_AMBIGUOUS,0,1,0,,31259.0,0,0
aep_full-after_intent_before_barrier-ledger_postings-f1b0f955-r1,(session-3),AEP_FULL,after_intent_before_barrier,ledger_postings,NO_READBACK,CALLER_REFERENCE,faf8cf8b-d71e-4f4d-951a-efaf38eb0ef6,DECLARED_AMBIGUOUS,PERMANENTLY_AMBIGUOUS,0,1,0,,30239.0,0,0
aep_full-after_intent_before_barrier-ledger_postings-f1b0f955-r1,(session-3),AEP_FULL,after_intent_before_barrier,ledger_postings,NO_READBACK,CALLER_REFERENCE,6846ea59-5525-46b8-9a91-44655a2b8810,DECLARED_AMBIGUOUS,PERMANENTLY_AMBIGUOUS,0,1,0,,32828.0,0,0
aep_full-after_intent_before_barrier-ledger_postings-f1b0f955-r1,(session-3),AEP_FULL,after_intent_before_barrier,ledger_postings,NO_READBACK,CALLER_REFERENCE,21e7aad6-c79d-45f4-92e0-166e0d12be83,DECLARED_AMBIGUOUS,PERMANENTLY_AMBIGUOUS,0,1,0,,32370.0,0,0
aep_full-after_intent_before_barrier-ledger_postings-f1b0f955-r1,(session-3),AEP_FULL,after_intent_before_barrier,ledger_postings,NO_READBACK,CALLER_REFERENCE,8c09cc78-4854-42db-beeb-35f5455fd3bd,DECLARED_AMBIGUOUS,PERMANENTLY_AMBIGUOUS,0,1,0,,31888.0,0,0
aep_full-after_intent_before_barrier-ledger_postings-f1b0f955-r1,(session-3),AEP_FULL,after_intent_before_barrier,ledger_postings,NO_READBACK,CALLER_REFERENCE,eba9d65d-1d42-4ac8-abb6-b14d55fba6e2,DECLARED_AMBIGUOUS,PERMANENTLY_AMBIGUOUS,0,1,0,,31289.0,0,0
aep_full-after_intent_before_barrier-ledger_postings-f1b0f955-r1,(session-3),AEP_FULL,after_intent_before_barrier,ledger_postings,NO_READBACK,CALLER_REFERENCE,69aad699-77cd-4631-a53b-e65ed66f578c,DECLARED_AMBIGUOUS,PERMANENTLY_AMBIGUOUS,0,1,0,,30327.0,0,0
aep_full-after_intent_before_barrier-ledger_postings-f1b0f955-r2,(session-3),AEP_FULL,after_intent_before_barrier,ledger_postings,NO_READBACK,CALLER_REFERENCE,0572416b-1a11-4899-be58-0efc91dccb66,DECLARED_AMBIGUOUS,PERMANENTLY_AMBIGUOUS,0,1,0,,32452.0,0,0
aep_full-after_intent_before_barrier-ledger_postings-f1b0f955-r2,(session-3),AEP_FULL,after_intent_before_barrier,ledger_postings,NO_READBACK,CALLER_REFERENCE,d4753d21-7bb3-4c52-b60f-de38fbb6f796,DECLARED_AMBIGUOUS,PERMANENTLY_AMBIGUOUS,0,1,0,,31941.0,0,0
aep_full-after_intent_before_barrier-ledger_postings-f1b0f955-r2,(session-3),AEP_FULL,after_intent_before_barrier,ledger_postings,NO_READBACK,CALLER_REFERENCE,0f7e0e76-2b3c-48fe-841f-81ad4cdc0a2e,DECLARED_AMBIGUOUS,PERMANENTLY_AMBIGUOUS,0,1,0,,31411.0,0,0
aep_full-after_intent_before_barrier-ledger_postings-f1b0f955-r2,(session-3),AEP_FULL,after_intent_before_barrier,ledger_postings,NO_READBACK,CALLER_REFERENCE,407b2e5b-a3db-4bef-a167-0d8b3568f1ad,DECLARED_AMBIGUOUS,PERMANENTLY_AMBIGUOUS,0,1,0,,30849.0,0,0
aep_full-after_intent_before_barrier-ledger_postings-f1b0f955-r2,(session-3),AEP_FULL,after_intent_before_barrier,ledger_postings,NO_READBACK,CALLER_REFERENCE,54d2b40c-0d96-488d-98cb-319f3b0dc50d,DECLARED_AMBIGUOUS,PERMANENTLY_AMBIGUOUS,0,1,0,,30217.0,0,0
aep_full-after_intent_before_barrier-ledger_postings-f1b0f955-r2,(session-3),AEP_FULL,after_intent_before_barrier,ledger_postings,NO_READBACK,CALLER_REFERENCE,1feb1ed5-7f39-46bb-8779-124632bcf198,DECLARED_AMBIGUOUS,PERMANENTLY_AMBIGUOUS,0,1,0,,32415.0,0,0
aep_full-after_intent_before_barrier-ledger_postings-f1b0f955-r2,(session-3),AEP_FULL,after_intent_before_barrier,ledger_postings,NO_READBACK,CALLER_REFERENCE,4b12bb6d-0a5b-45d2-80a1-81dbcc4d9917,DECLARED_AMBIGUOUS,PERMANENTLY_AMBIGUOUS,0,1,0,,31912.0,0,0
aep_full-after_intent_before_barrier-ledger_postings-f1b0f955-r2,(session-3),AEP_FULL,after_intent_before_barrier,ledger_postings,NO_READBACK,CALLER_REFERENCE,aa0077b5-9321-4601-94a2-80c1e408a1fd,DECLARED_AMBIGUOUS,PERMANENTLY_AMBIGUOUS,0,1,0,,31401.0,0,0
aep_full-after_intent_before_barrier-ledger_postings-f1b0f955-r2,(session-3),AEP_FULL,after_intent_before_barrier,ledger_postings,NO_READBACK,CALLER_REFERENCE,b9ae95cb-8b61-43e4-a012-e55ecc2d27e4,DECLARED_AMBIGUOUS,PERMANENTLY_AMBIGUOUS,0,1,0,,30844.0,0,0
aep_full-after_intent_before_barrier-ledger_postings-f1b0f955-r2,(session-3),AEP_FULL,after_intent_before_barrier,ledger_postings,NO_READBACK,CALLER_REFERENCE,76746dc7-4036-4561-bf82-8b3e5e0ba8ba,DECLARED_AMBIGUOUS,PERMANENTLY_AMBIGUOUS,0,1,0,,30209.0,0,0
aep_full-after_intent_before_barrier-notifications-5b685744-r0,(session-3),AEP_FULL,after_intent_before_barrier,notifications,POSITIVE_ONLY_READBACK,CALLER_REFERENCE,ee15b0d5-1a99-4034-b88e-5fd26ac7990e,DECLARED_AMBIGUOUS,FIRED_UNCONFIRMED,0,1,0,,123948.0,0,0
aep_full-after_intent_before_barrier-notifications-5b685744-r0,(session-3),AEP_FULL,after_intent_before_barrier,notifications,POSITIVE_ONLY_READBACK,CALLER_REFERENCE,3d37cab5-875b-425e-a277-dcb1e91f3c81,DECLARED_AMBIGUOUS,FIRED_UNCONFIRMED,0,1,0,,123319.0,0,0
aep_full-after_intent_before_barrier-notifications-5b685744-r0,(session-3),AEP_FULL,after_intent_before_barrier,notifications,POSITIVE_ONLY_READBACK,CALLER_REFERENCE,37ea257b-64ca-4fa3-8eb8-18a55f32baab,DECLARED_AMBIGUOUS,FIRED_UNCONFIRMED,0,1,0,,122749.0,0,0
aep_full-after_intent_before_barrier-notifications-5b685744-r0,(session-3),AEP_FULL,after_intent_before_barrier,notifications,POSITIVE_ONLY_READBACK,CALLER_REFERENCE,0a21f0ac-67ae-45f4-be41-b052909a794e,DECLARED_AMBIGUOUS,FIRED_UNCONFIRMED,0,1,0,,121730.0,0,0
aep_full-after_intent_before_barrier-notifications-5b685744-r0,(session-3),AEP_FULL,after_intent_before_barrier,notifications,POSITIVE_ONLY_READBACK,CALLER_REFERENCE,06135159-b5fb-4490-a354-6e5f812d4720,DECLARED_AMBIGUOUS,FIRED_UNCONFIRMED,0,1,0,,121155.0,0,0
aep_full-after_intent_before_barrier-notifications-5b685744-r0,(session-3),AEP_FULL,after_intent_before_barrier,notifications,POSITIVE_ONLY_READBACK,CALLER_REFERENCE,ff88b89a-64b9-4658-8531-624a92a9a48d,DECLARED_AMBIGUOUS,FIRED_UNCONFIRMED,0,1,0,,123955.0,0,0
aep_full-after_intent_before_barrier-notifications-5b685744-r0,(session-3),AEP_FULL,after_intent_before_barrier,notifications,POSITIVE_ONLY_READBACK,CALLER_REFERENCE,51aca509-0667-40c5-9267-fe0487e4e8de,DECLARED_AMBIGUOUS,FIRED_UNCONFIRMED,0,1,0,,123309.0,0,0
aep_full-after_intent_before_barrier-notifications-5b685744-r0,(session-3),AEP_FULL,after_intent_before_barrier,notifications,POSITIVE_ONLY_READBACK,CALLER_REFERENCE,0cc8f774-79f9-4763-a764-f74611c841ba,DECLARED_AMBIGUOUS,FIRED_UNCONFIRMED,0,1,0,,122721.0,0,0
aep_full-after_intent_before_barrier-notifications-5b685744-r0,(session-3),AEP_FULL,after_intent_before_barrier,notifications,POSITIVE_ONLY_READBACK,CALLER_REFERENCE,0a29bef7-24bf-410b-b50f-17f08decaabf,DECLARED_AMBIGUOUS,FIRED_UNCONFIRMED,0,1,0,,121745.0,0,0
aep_full-after_intent_before_barrier-notifications-5b685744-r0,(session-3),AEP_FULL,after_intent_before_barrier,notifications,POSITIVE_ONLY_READBACK,CALLER_REFERENCE,e47c0ad6-858a-4586-8dec-8f0683df1712,DECLARED_AMBIGUOUS,FIRED_UNCONFIRMED,0,1,0,,121138.0,0,0
aep_full-after_intent_before_barrier-notifications-5b685744-r1,(session-3),AEP_FULL,after_intent_before_barrier,notifications,POSITIVE_ONLY_READBACK,CALLER_REFERENCE,5671d5da-e983-46f1-a594-ae8d9e8b36a6,DECLARED_AMBIGUOUS,FIRED_UNCONFIRMED,0,1,0,,123171.0,0,0
aep_full-after_intent_before_barrier-notifications-5b685744-r1,(session-3),AEP_FULL,after_intent_before_barrier,notifications,POSITIVE_ONLY_READBACK,CALLER_REFERENCE,e285985f-f740-4ce5-a2f9-fed37be2773d,DECLARED_AMBIGUOUS,FIRED_UNCONFIRMED,0,1,0,,122668.0,0,0
aep_full-after_intent_before_barrier-notifications-5b685744-r1,(session-3),AEP_FULL,after_intent_before_barrier,notifications,POSITIVE_ONLY_READBACK,CALLER_REFERENCE,1f79cb03-b808-4cbe-8a5d-6aa8369bbdb2,DECLARED_AMBIGUOUS,FIRED_UNCONFIRMED,0,1,0,,122207.0,0,0
aep_full-after_intent_before_barrier-notifications-5b685744-r1,(session-3),AEP_FULL,after_intent_before_barrier,notifications,POSITIVE_ONLY_READBACK,CALLER_REFERENCE,155123f8-94e7-4f4a-8a5d-150a8cdc8444,DECLARED_AMBIGUOUS,FIRED_UNCONFIRMED,0,1,0,,121619.0,0,0
aep_full-after_intent_before_barrier-notifications-5b685744-r1,(session-3),AEP_FULL,after_intent_before_barrier,notifications,POSITIVE_ONLY_READBACK,CALLER_REFERENCE,7994e046-e2a9-4de3-9d31-83c5958eb483,DECLARED_AMBIGUOUS,FIRED_UNCONFIRMED,0,1,0,,121020.0,0,0
aep_full-after_intent_before_barrier-notifications-5b685744-r1,(session-3),AEP_FULL,after_intent_before_barrier,notifications,POSITIVE_ONLY_READBACK,CALLER_REFERENCE,9a24f9ef-f055-44de-8e31-763f71f47ff2,DECLARED_AMBIGUOUS,FIRED_UNCONFIRMED,0,1,0,,123124.0,0,0
aep_full-after_intent_before_barrier-notifications-5b685744-r1,(session-3),AEP_FULL,after_intent_before_barrier,notifications,POSITIVE_ONLY_READBACK,CALLER_REFERENCE,61c49eae-9a0a-4a50-ba6c-f332cee8aafe,DECLARED_AMBIGUOUS,FIRED_UNCONFIRMED,0,1,0,,122649.0,0,0
aep_full-after_intent_before_barrier-notifications-5b685744-r1,(session-3),AEP_FULL,after_intent_before_barrier,notifications,POSITIVE_ONLY_READBACK,CALLER_REFERENCE,ac2daf20-ad74-4317-b729-74f74064fcdc,DECLARED_AMBIGUOUS,FIRED_UNCONFIRMED,0,1,0,,122190.0,0,0
aep_full-after_intent_before_barrier-notifications-5b685744-r1,(session-3),AEP_FULL,after_intent_before_barrier,notifications,POSITIVE_ONLY_READBACK,CALLER_REFERENCE,db019da5-fdbc-407e-aa20-07f1e033cf63,DECLARED_AMBIGUOUS,FIRED_UNCONFIRMED,0,1,0,,121570.0,0,0
aep_full-after_intent_before_barrier-notifications-5b685744-r1,(session-3),AEP_FULL,after_intent_before_barrier,notifications,POSITIVE_ONLY_READBACK,CALLER_REFERENCE,2659fea6-0d9a-43eb-92c0-859893ea403d,DECLARED_AMBIGUOUS,FIRED_UNCONFIRMED,0,1,0,,121000.0,0,0
aep_full-after_intent_before_barrier-notifications-5b685744-r2,(session-3),AEP_FULL,after_intent_before_barrier,notifications,POSITIVE_ONLY_READBACK,CALLER_REFERENCE,50c7e416-d3fe-410d-943b-b79ddf224542,DECLARED_AMBIGUOUS,FIRED_UNCONFIRMED,0,1,0,,123194.0,0,0
aep_full-after_intent_before_barrier-notifications-5b685744-r2,(session-3),AEP_FULL,after_intent_before_barrier,notifications,POSITIVE_ONLY_READBACK,CALLER_REFERENCE,f4454d3e-b4ed-4fa2-b3e3-a440d0fefdf8,DECLARED_AMBIGUOUS,FIRED_UNCONFIRMED,0,1,0,,122688.0,0,0
aep_full-after_intent_before_barrier-notifications-5b685744-r2,(session-3),AEP_FULL,after_intent_before_barrier,notifications,POSITIVE_ONLY_READBACK,CALLER_REFERENCE,f8d7d7bb-0ec3-4ee3-9025-332bebba7e15,DECLARED_AMBIGUOUS,FIRED_UNCONFIRMED,0,1,0,,122182.0,0,0
aep_full-after_intent_before_barrier-notifications-5b685744-r2,(session-3),AEP_FULL,after_intent_before_barrier,notifications,POSITIVE_ONLY_READBACK,CALLER_REFERENCE,700dc519-bdfb-4d6b-ada2-d4a794fa4cb5,DECLARED_AMBIGUOUS,FIRED_UNCONFIRMED,0,1,0,,121653.0,0,0
aep_full-after_intent_before_barrier-notifications-5b685744-r2,(session-3),AEP_FULL,after_intent_before_barrier,notifications,POSITIVE_ONLY_READBACK,CALLER_REFERENCE,e24255b3-9942-410d-86a4-4a231bb22e29,DECLARED_AMBIGUOUS,FIRED_UNCONFIRMED,0,1,0,,121127.0,0,0
aep_full-after_intent_before_barrier-notifications-5b685744-r2,(session-3),AEP_FULL,after_intent_before_barrier,notifications,POSITIVE_ONLY_READBACK,CALLER_REFERENCE,702fd949-36c9-483d-b3b4-e0efc0c5cb9e,DECLARED_AMBIGUOUS,FIRED_UNCONFIRMED,0,1,0,,123206.0,0,0
aep_full-after_intent_before_barrier-notifications-5b685744-r2,(session-3),AEP_FULL,after_intent_before_barrier,notifications,POSITIVE_ONLY_READBACK,CALLER_REFERENCE,2fadfd3a-5b7c-4db4-ad30-a6ab2127dfa6,DECLARED_AMBIGUOUS,FIRED_UNCONFIRMED,0,1,0,,122710.0,0,0
aep_full-after_intent_before_barrier-notifications-5b685744-r2,(session-3),AEP_FULL,after_intent_before_barrier,notifications,POSITIVE_ONLY_READBACK,CALLER_REFERENCE,5a3dae43-29da-4046-b741-d01d7e092461,DECLARED_AMBIGUOUS,FIRED_UNCONFIRMED,0,1,0,,122182.0,0,0
aep_full-after_intent_before_barrier-notifications-5b685744-r2,(session-3),AEP_FULL,after_intent_before_barrier,notifications,POSITIVE_ONLY_READBACK,CALLER_REFERENCE,e254978b-92cf-40e7-9d98-fea1550ca8bf,DECLARED_AMBIGUOUS,FIRED_UNCONFIRMED,0,1,0,,121650.0,0,0
aep_full-after_intent_before_barrier-notifications-5b685744-r2,(session-3),AEP_FULL,after_intent_before_barrier,notifications,POSITIVE_ONLY_READBACK,CALLER_REFERENCE,30ffb0a0-8ce9-403a-9677-fea978ce191b,DECLARED_AMBIGUOUS,FIRED_UNCONFIRMED,0,1,0,,121149.0,0,0
aep_full-after_intent_before_barrier-payments-c509310b-r0,(session-3),AEP_FULL,after_intent_before_barrier,payments,AUTHORITATIVE_READBACK,CALLER_REFERENCE,c3db6b4a-4934-45da-9340-728c58c88f90,CONFIRMED_NOT_APPLIED,FAILED_CONFIRMED,0,1,0,,32285.0,0,0
aep_full-after_intent_before_barrier-payments-c509310b-r0,(session-3),AEP_FULL,after_intent_before_barrier,payments,AUTHORITATIVE_READBACK,CALLER_REFERENCE,b28295aa-900a-4d5b-aa9a-b52f95fa9711,CONFIRMED_NOT_APPLIED,FAILED_CONFIRMED,0,1,0,,31813.0,0,0
aep_full-after_intent_before_barrier-payments-c509310b-r0,(session-3),AEP_FULL,after_intent_before_barrier,payments,AUTHORITATIVE_READBACK,CALLER_REFERENCE,f1796601-cbc5-45ac-8824-63de9aa9fc38,CONFIRMED_NOT_APPLIED,FAILED_CONFIRMED,0,1,0,,31364.0,0,0
aep_full-after_intent_before_barrier-payments-c509310b-r0,(session-3),AEP_FULL,after_intent_before_barrier,payments,AUTHORITATIVE_READBACK,CALLER_REFERENCE,12439006-6d28-4fe2-b106-92d53d1518dc,CONFIRMED_NOT_APPLIED,FAILED_CONFIRMED,0,1,0,,30864.0,0,0
aep_full-after_intent_before_barrier-payments-c509310b-r0,(session-3),AEP_FULL,after_intent_before_barrier,payments,AUTHORITATIVE_READBACK,CALLER_REFERENCE,c7e632a3-390f-4f6c-ac6d-c3794f47c9e4,CONFIRMED_NOT_APPLIED,FAILED_CONFIRMED,0,1,0,,30350.0,0,0
aep_full-after_intent_before_barrier-payments-c509310b-r0,(session-3),AEP_FULL,after_intent_before_barrier,payments,AUTHORITATIVE_READBACK,CALLER_REFERENCE,11c1a0c1-27e9-40cb-b6be-9bfe4a92f800,CONFIRMED_NOT_APPLIED,FAILED_CONFIRMED,0,1,0,,32314.0,0,0
aep_full-after_intent_before_barrier-payments-c509310b-r0,(session-3),AEP_FULL,after_intent_before_barrier,payments,AUTHORITATIVE_READBACK,CALLER_REFERENCE,3e2dd917-6699-4c12-9946-9dbdb600a794,CONFIRMED_NOT_APPLIED,FAILED_CONFIRMED,0,1,0,,31826.0,0,0
aep_full-after_intent_before_barrier-payments-c509310b-r0,(session-3),AEP_FULL,after_intent_before_barrier,payments,AUTHORITATIVE_READBACK,CALLER_REFERENCE,60213f09-1a62-4e18-9668-7d2783e3f3df,CONFIRMED_NOT_APPLIED,FAILED_CONFIRMED,0,1,0,,31369.0,0,0
aep_full-after_intent_before_barrier-payments-c509310b-r0,(session-3),AEP_FULL,after_intent_before_barrier,payments,AUTHORITATIVE_READBACK,CALLER_REFERENCE,b2afe3c5-ed7e-4d20-aaa4-cfa190f2b7a8,CONFIRMED_NOT_APPLIED,FAILED_CONFIRMED,0,1,0,,30866.0,0,0
aep_full-after_intent_before_barrier-payments-c509310b-r0,(session-3),AEP_FULL,after_intent_before_barrier,payments,AUTHORITATIVE_READBACK,CALLER_REFERENCE,c0315a80-5461-46d1-bccb-0b25d4a1f700,CONFIRMED_NOT_APPLIED,FAILED_CONFIRMED,0,1,0,,30343.0,0,0
aep_full-after_intent_before_barrier-payments-c509310b-r1,(session-3),AEP_FULL,after_intent_before_barrier,payments,AUTHORITATIVE_READBACK,CALLER_REFERENCE,441477d4-3a69-4b8e-b135-d75d6450e3f0,CONFIRMED_NOT_APPLIED,FAILED_CONFIRMED,0,1,0,,32598.0,0,0
aep_full-after_intent_before_barrier-payments-c509310b-r1,(session-3),AEP_FULL,after_intent_before_barrier,payments,AUTHORITATIVE_READBACK,CALLER_REFERENCE,33403c69-ee25-409b-9479-49f9f1086882,CONFIRMED_NOT_APPLIED,FAILED_CONFIRMED,0,1,0,,32165.0,0,0
aep_full-after_intent_before_barrier-payments-c509310b-r1,(session-3),AEP_FULL,after_intent_before_barrier,payments,AUTHORITATIVE_READBACK,CALLER_REFERENCE,cbca3271-300b-44ff-b6c8-e08423115696,CONFIRMED_NOT_APPLIED,FAILED_CONFIRMED,0,1,0,,31678.0,0,0
aep_full-after_intent_before_barrier-payments-c509310b-r1,(session-3),AEP_FULL,after_intent_before_barrier,payments,AUTHORITATIVE_READBACK,CALLER_REFERENCE,686b0aef-4c81-414f-a3cb-c043abde3560,CONFIRMED_NOT_APPLIED,FAILED_CONFIRMED,0,1,0,,31234.0,0,0
aep_full-after_intent_before_barrier-payments-c509310b-r1,(session-3),AEP_FULL,after_intent_before_barrier,payments,AUTHORITATIVE_READBACK,CALLER_REFERENCE,2995d65f-1f47-40b4-9c95-74a42ca3adc6,CONFIRMED_NOT_APPLIED,FAILED_CONFIRMED,0,1,0,,30628.0,0,0
aep_full-after_intent_before_barrier-payments-c509310b-r1,(session-3),AEP_FULL,after_intent_before_barrier,payments,AUTHORITATIVE_READBACK,CALLER_REFERENCE,a2babfc8-5a98-4b70-8a2c-dc256aab1363,CONFIRMED_NOT_APPLIED,FAILED_CONFIRMED,0,1,0,,32603.0,0,0
aep_full-after_intent_before_barrier-payments-c509310b-r1,(session-3),AEP_FULL,after_intent_before_barrier,payments,AUTHORITATIVE_READBACK,CALLER_REFERENCE,430f0a59-a534-4e91-bacc-072e356ce5f2,CONFIRMED_NOT_APPLIED,FAILED_CONFIRMED,0,1,0,,32165.0,0,0
aep_full-after_intent_before_barrier-payments-c509310b-r1,(session-3),AEP_FULL,after_intent_before_barrier,payments,AUTHORITATIVE_READBACK,CALLER_REFERENCE,9c1d4a93-fd05-4a0e-be1b-c1035784a81f,CONFIRMED_NOT_APPLIED,FAILED_CONFIRMED,0,1,0,,31703.0,0,0
aep_full-after_intent_before_barrier-payments-c509310b-r1,(session-3),AEP_FULL,after_intent_before_barrier,payments,AUTHORITATIVE_READBACK,CALLER_REFERENCE,d5380099-a602-4c17-bfce-01f825139098,CONFIRMED_NOT_APPLIED,FAILED_CONFIRMED,0,1,0,,31250.0,0,0
aep_full-after_intent_before_barrier-payments-c509310b-r1,(session-3),AEP_FULL,after_intent_before_barrier,payments,AUTHORITATIVE_READBACK,CALLER_REFERENCE,fa1d4cb8-0add-4dd3-bd6c-479c42a13c75,CONFIRMED_NOT_APPLIED,FAILED_CONFIRMED,0,1,0,,30652.0,0,0
aep_full-after_intent_before_barrier-payments-c509310b-r2,(session-3),AEP_FULL,after_intent_before_barrier,payments,AUTHORITATIVE_READBACK,CALLER_REFERENCE,2614b7a7-41a8-47fb-bf0b-b7dcc2325c0a,CONFIRMED_NOT_APPLIED,FAILED_CONFIRMED,0,1,0,,35257.0,0,0
aep_full-after_intent_before_barrier-payments-c509310b-r2,(session-3),AEP_FULL,after_intent_before_barrier,payments,AUTHORITATIVE_READBACK,CALLER_REFERENCE,eff10f51-0ea3-4a59-935e-114ac67bfea2,CONFIRMED_NOT_APPLIED,FAILED_CONFIRMED,0,1,0,,33919.0,0,0
aep_full-after_intent_before_barrier-payments-c509310b-r2,(session-3),AEP_FULL,after_intent_before_barrier,payments,AUTHORITATIVE_READBACK,CALLER_REFERENCE,7f035316-0081-419d-9d99-3ab645fa577f,CONFIRMED_NOT_APPLIED,FAILED_CONFIRMED,0,1,0,,32664.0,0,0
aep_full-after_intent_before_barrier-payments-c509310b-r2,(session-3),AEP_FULL,after_intent_before_barrier,payments,AUTHORITATIVE_READBACK,CALLER_REFERENCE,f60bb652-6b06-4e0c-87e2-65fca899bef6,CONFIRMED_NOT_APPLIED,FAILED_CONFIRMED,0,1,0,,31521.0,0,0
aep_full-after_intent_before_barrier-payments-c509310b-r2,(session-3),AEP_FULL,after_intent_before_barrier,payments,AUTHORITATIVE_READBACK,CALLER_REFERENCE,e9ade47f-6f42-4a98-a9f8-828a4dc6b243,CONFIRMED_NOT_APPLIED,FAILED_CONFIRMED,0,1,0,,30759.0,0,0
aep_full-after_intent_before_barrier-payments-c509310b-r2,(session-3),AEP_FULL,after_intent_before_barrier,payments,AUTHORITATIVE_READBACK,CALLER_REFERENCE,37947112-b4c6-410f-b3c6-386bf7fa7ea5,CONFIRMED_NOT_APPLIED,FAILED_CONFIRMED,0,1,0,,35267.0,0,0
aep_full-after_intent_before_barrier-payments-c509310b-r2,(session-3),AEP_FULL,after_intent_before_barrier,payments,AUTHORITATIVE_READBACK,CALLER_REFERENCE,a1cb8c78-2b8e-4362-879d-b79bc2620cc4,CONFIRMED_NOT_APPLIED,FAILED_CONFIRMED,0,1,0,,33478.0,0,0
aep_full-after_intent_before_barrier-payments-c509310b-r2,(session-3),AEP_FULL,after_intent_before_barrier,payments,AUTHORITATIVE_READBACK,CALLER_REFERENCE,97980246-adee-4852-ac63-dcc0762e840a,CONFIRMED_NOT_APPLIED,FAILED_CONFIRMED,0,1,0,,32278.0,0,0
aep_full-after_intent_before_barrier-payments-c509310b-r2,(session-3),AEP_FULL,after_intent_before_barrier,payments,AUTHORITATIVE_READBACK,CALLER_REFERENCE,5926d5c8-e0de-4710-a2d2-e41fdd138b64,CONFIRMED_NOT_APPLIED,FAILED_CONFIRMED,0,1,0,,31114.0,0,0
aep_full-after_intent_before_barrier-payments-c509310b-r2,(session-3),AEP_FULL,after_intent_before_barrier,payments,AUTHORITATIVE_READBACK,CALLER_REFERENCE,cf7e04a0-4f85-4cd5-99bf-714fff25404a,CONFIRMED_NOT_APPLIED,FAILED_CONFIRMED,0,1,0,,30311.0,0,0
aep_full-after_resolution_before_barrier-ledger_postings-318d0a3a-r0,(session-3),AEP_FULL,after_resolution_before_barrier,ledger_postings,NO_READBACK,CALLER_REFERENCE,b6e444ea-9811-4ba6-99f4-a60bcc7d79fd,CONFIRMED_APPLIED,FIRED_CONFIRMED,1,1,0,,39937.0,0,0
aep_full-after_resolution_before_barrier-ledger_postings-318d0a3a-r0,(session-3),AEP_FULL,after_resolution_before_barrier,ledger_postings,NO_READBACK,CALLER_REFERENCE,5316033b-ccaa-4004-9036-5a112cde00ea,DECLARED_AMBIGUOUS,PERMANENTLY_AMBIGUOUS,0,1,0,,37059.0,0,0
aep_full-after_resolution_before_barrier-ledger_postings-318d0a3a-r0,(session-3),AEP_FULL,after_resolution_before_barrier,ledger_postings,NO_READBACK,CALLER_REFERENCE,4f7b97fb-bb7f-47b6-90ab-162852a5cc92,CONFIRMED_APPLIED,FIRED_CONFIRMED,1,1,0,,33004.0,0,0
aep_full-after_resolution_before_barrier-ledger_postings-318d0a3a-r0,(session-3),AEP_FULL,after_resolution_before_barrier,ledger_postings,NO_READBACK,CALLER_REFERENCE,9c80c28c-f680-469a-99b4-69b80128dee9,CONFIRMED_APPLIED,FIRED_CONFIRMED,1,1,0,,28999.0,0,0
aep_full-after_resolution_before_barrier-ledger_postings-318d0a3a-r0,(session-3),AEP_FULL,after_resolution_before_barrier,ledger_postings,NO_READBACK,CALLER_REFERENCE,bf4884f2-79ac-413e-bd97-20a571d00ba0,DECLARED_AMBIGUOUS,PERMANENTLY_AMBIGUOUS,1,1,0,,23182.0,0,0
aep_full-after_resolution_before_barrier-ledger_postings-318d0a3a-r0,(session-3),AEP_FULL,after_resolution_before_barrier,ledger_postings,NO_READBACK,CALLER_REFERENCE,a24e11b0-5d3b-4d84-973b-e221fc8bb17b,DECLARED_AMBIGUOUS,PERMANENTLY_AMBIGUOUS,1,1,0,,36942.0,0,0
aep_full-after_resolution_before_barrier-ledger_postings-318d0a3a-r0,(session-3),AEP_FULL,after_resolution_before_barrier,ledger_postings,NO_READBACK,CALLER_REFERENCE,4503676b-9f27-48c5-994b-b0e686ec61e0,DECLARED_AMBIGUOUS,PERMANENTLY_AMBIGUOUS,1,1,0,,30020.0,0,0
aep_full-after_resolution_before_barrier-ledger_postings-318d0a3a-r0,(session-3),AEP_FULL,after_resolution_before_barrier,ledger_postings,NO_READBACK,CALLER_REFERENCE,44b5941c-bd7e-4feb-a10c-adb8c7dc70ed,DECLARED_AMBIGUOUS,PERMANENTLY_AMBIGUOUS,0,1,0,,27059.0,0,0
aep_full-after_resolution_before_barrier-ledger_postings-318d0a3a-r0,(session-3),AEP_FULL,after_resolution_before_barrier,ledger_postings,NO_READBACK,CALLER_REFERENCE,0f0243c9-7bb9-48ad-a6fd-28adf8c8edf2,DECLARED_AMBIGUOUS,PERMANENTLY_AMBIGUOUS,1,1,0,,21073.0,0,0
aep_full-after_resolution_before_barrier-ledger_postings-318d0a3a-r0,(session-3),AEP_FULL,after_resolution_before_barrier,ledger_postings,NO_READBACK,CALLER_REFERENCE,e22b38f9-3921-4ef1-b7c9-4b19e913fc33,CONFIRMED_APPLIED,FIRED_CONFIRMED,1,1,0,,18202.0,0,0
aep_full-after_resolution_before_barrier-ledger_postings-318d0a3a-r1,(session-3),AEP_FULL,after_resolution_before_barrier,ledger_postings,NO_READBACK,CALLER_REFERENCE,faf0cf56-a912-42ba-b691-8dea59249524,CONFIRMED_APPLIED,FIRED_CONFIRMED,1,1,0,,42198.0,0,0
aep_full-after_resolution_before_barrier-ledger_postings-318d0a3a-r1,(session-3),AEP_FULL,after_resolution_before_barrier,ledger_postings,NO_READBACK,CALLER_REFERENCE,d81a27bb-e9c2-4cf8-9ded-7b5e73c2c42f,DECLARED_AMBIGUOUS,PERMANENTLY_AMBIGUOUS,1,1,0,,36144.0,0,0
aep_full-after_resolution_before_barrier-ledger_postings-318d0a3a-r1,(session-3),AEP_FULL,after_resolution_before_barrier,ledger_postings,NO_READBACK,CALLER_REFERENCE,9e600bbc-32aa-4a19-ac4f-307acae9a863,DECLARED_AMBIGUOUS,PERMANENTLY_AMBIGUOUS,1,1,0,,30241.0,0,0
aep_full-after_resolution_before_barrier-ledger_postings-318d0a3a-r1,(session-3),AEP_FULL,after_resolution_before_barrier,ledger_postings,NO_READBACK,CALLER_REFERENCE,47115417-cb36-40c8-9bb0-3733eaf4b93b,DECLARED_AMBIGUOUS,PERMANENTLY_AMBIGUOUS,0,1,0,,27047.0,0,0
aep_full-after_resolution_before_barrier-ledger_postings-318d0a3a-r1,(session-3),AEP_FULL,after_resolution_before_barrier,ledger_postings,NO_READBACK,CALLER_REFERENCE,dc944113-5b21-4eed-b358-073dcf56c780,DECLARED_AMBIGUOUS,PERMANENTLY_AMBIGUOUS,1,1,0,,20159.0,0,0
aep_full-after_resolution_before_barrier-ledger_postings-318d0a3a-r1,(session-3),AEP_FULL,after_resolution_before_barrier,ledger_postings,NO_READBACK,CALLER_REFERENCE,e6690997-3867-4d04-aefd-b329778da4df,CONFIRMED_APPLIED,FIRED_CONFIRMED,1,1,0,,42198.0,0,0
aep_full-after_resolution_before_barrier-ledger_postings-318d0a3a-r1,(session-3),AEP_FULL,after_resolution_before_barrier,ledger_postings,NO_READBACK,CALLER_REFERENCE,9e5a1542-1b07-46b5-a368-395947c832f0,CONFIRMED_APPLIED,FIRED_CONFIRMED,1,1,0,,39146.0,0,0
aep_full-after_resolution_before_barrier-ledger_postings-318d0a3a-r1,(session-3),AEP_FULL,after_resolution_before_barrier,ledger_postings,NO_READBACK,CALLER_REFERENCE,1405205e-0327-4c4c-8880-17a1bdb7fbc9,CONFIRMED_APPLIED,FIRED_CONFIRMED,1,1,0,,36154.0,0,0
aep_full-after_resolution_before_barrier-ledger_postings-318d0a3a-r1,(session-3),AEP_FULL,after_resolution_before_barrier,ledger_postings,NO_READBACK,CALLER_REFERENCE,7db86b57-5b25-4fb4-849f-ec3234d893ef,CONFIRMED_APPLIED,FIRED_CONFIRMED,1,1,0,,33247.0,0,0
aep_full-after_resolution_before_barrier-ledger_postings-318d0a3a-r1,(session-3),AEP_FULL,after_resolution_before_barrier,ledger_postings,NO_READBACK,CALLER_REFERENCE,6989c326-49e3-44f9-81b7-ba3be43d9969,CONFIRMED_APPLIED,FIRED_CONFIRMED,1,1,0,,30073.0,0,0
aep_full-after_resolution_before_barrier-ledger_postings-318d0a3a-r2,(session-3),AEP_FULL,after_resolution_before_barrier,ledger_postings,NO_READBACK,CALLER_REFERENCE,a47414f6-a38a-45fe-ac84-ffb8138e58ca,CONFIRMED_APPLIED,FIRED_CONFIRMED,1,1,0,,13183.0,0,0
aep_full-after_resolution_before_barrier-ledger_postings-318d0a3a-r2,(session-3),AEP_FULL,after_resolution_before_barrier,ledger_postings,NO_READBACK,CALLER_REFERENCE,acce185e-2881-4e39-9ba7-f1208831835f,CONFIRMED_APPLIED,FIRED_CONFIRMED,1,1,0,,10019.0,0,0
aep_full-after_resolution_before_barrier-ledger_postings-318d0a3a-r2,(session-3),AEP_FULL,after_resolution_before_barrier,ledger_postings,NO_READBACK,CALLER_REFERENCE,1f5b5498-3e8a-4466-b10c-695cb4dd934f,CONFIRMED_APPLIED,FIRED_CONFIRMED,1,1,0,,7291.0,0,0
aep_full-after_resolution_before_barrier-ledger_postings-318d0a3a-r2,(session-3),AEP_FULL,after_resolution_before_barrier,ledger_postings,NO_READBACK,CALLER_REFERENCE,0074ab75-49b1-478d-8dce-18779cbe6fa5,CONFIRMED_APPLIED,FIRED_CONFIRMED,1,1,0,,4048.0,0,0
aep_full-after_resolution_before_barrier-ledger_postings-318d0a3a-r2,(session-3),AEP_FULL,after_resolution_before_barrier,ledger_postings,NO_READBACK,CALLER_REFERENCE,c5e34f4a-278c-483b-a869-bdf98261dd02,CONFIRMED_APPLIED,FIRED_CONFIRMED,1,1,0,,42.0,0,0
aep_full-after_resolution_before_barrier-ledger_postings-318d0a3a-r2,(session-3),AEP_FULL,after_resolution_before_barrier,ledger_postings,NO_READBACK,CALLER_REFERENCE,4430c6f3-871f-4e85-a6d0-627d1a3df354,CONFIRMED_APPLIED,FIRED_CONFIRMED,1,1,0,,13180.0,0,0
aep_full-after_resolution_before_barrier-ledger_postings-318d0a3a-r2,(session-3),AEP_FULL,after_resolution_before_barrier,ledger_postings,NO_READBACK,CALLER_REFERENCE,00fb04fc-a92d-4adc-be3e-cbaddce90f06,CONFIRMED_APPLIED,FIRED_CONFIRMED,1,1,0,,10027.0,0,0
aep_full-after_resolution_before_barrier-ledger_postings-318d0a3a-r2,(session-3),AEP_FULL,after_resolution_before_barrier,ledger_postings,NO_READBACK,CALLER_REFERENCE,52e1fbe4-cf67-414e-8ba1-9dfdd53214ab,CONFIRMED_APPLIED,FIRED_CONFIRMED,1,1,0,,7287.0,0,0
aep_full-after_resolution_before_barrier-ledger_postings-318d0a3a-r2,(session-3),AEP_FULL,after_resolution_before_barrier,ledger_postings,NO_READBACK,CALLER_REFERENCE,ee21150f-b94c-4e9c-ac02-07d3ad46606b,CONFIRMED_APPLIED,FIRED_CONFIRMED,1,1,0,,4043.0,0,0
aep_full-after_resolution_before_barrier-ledger_postings-318d0a3a-r2,(session-3),AEP_FULL,after_resolution_before_barrier,ledger_postings,NO_READBACK,CALLER_REFERENCE,02987027-db56-4306-91c9-e948013a73d1,CONFIRMED_APPLIED,FIRED_CONFIRMED,1,1,0,,30.0,0,0
aep_full-after_resolution_before_barrier-notifications-44b2b53c-r0,(session-3),AEP_FULL,after_resolution_before_barrier,notifications,POSITIVE_ONLY_READBACK,CALLER_REFERENCE,ae106c7a-9bf1-4a6d-98d2-d1b9defe9eee,CONFIRMED_APPLIED,FIRED_CONFIRMED,1,1,0,,134039.0,0,0
aep_full-after_resolution_before_barrier-notifications-44b2b53c-r0,(session-3),AEP_FULL,after_resolution_before_barrier,notifications,POSITIVE_ONLY_READBACK,CALLER_REFERENCE,ea4e0616-56bd-48a3-b2e8-187a7726b5f4,CONFIRMED_APPLIED,FIRED_CONFIRMED,1,1,0,,130988.0,0,0
aep_full-after_resolution_before_barrier-notifications-44b2b53c-r0,(session-3),AEP_FULL,after_resolution_before_barrier,notifications,POSITIVE_ONLY_READBACK,CALLER_REFERENCE,f2d5a983-36e9-4b1f-a7cd-984581fbb04f,CONFIRMED_APPLIED,FIRED_CONFIRMED,1,1,0,,127046.0,0,0
aep_full-after_resolution_before_barrier-notifications-44b2b53c-r0,(session-3),AEP_FULL,after_resolution_before_barrier,notifications,POSITIVE_ONLY_READBACK,CALLER_REFERENCE,41997b24-4d93-4765-bdb2-46957d1d8873,CONFIRMED_APPLIED,FIRED_CONFIRMED,1,1,0,,124081.0,0,0
aep_full-after_resolution_before_barrier-notifications-44b2b53c-r0,(session-3),AEP_FULL,after_resolution_before_barrier,notifications,POSITIVE_ONLY_READBACK,CALLER_REFERENCE,c5495a75-2a48-4cb2-aa4b-0e1cf1c7ebcb,CONFIRMED_APPLIED,FIRED_CONFIRMED,1,1,0,,120997.0,0,0
aep_full-after_resolution_before_barrier-notifications-44b2b53c-r0,(session-3),AEP_FULL,after_resolution_before_barrier,notifications,POSITIVE_ONLY_READBACK,CALLER_REFERENCE,994d46d7-ee96-42e5-ab60-a1f9d7a570d3,CONFIRMED_APPLIED,FIRED_CONFIRMED,1,1,0,,137048.0,0,0
aep_full-after_resolution_before_barrier-notifications-44b2b53c-r0,(session-3),AEP_FULL,after_resolution_before_barrier,notifications,POSITIVE_ONLY_READBACK,CALLER_REFERENCE,a69b8f69-f851-42b2-b8e8-99a5fc756d0d,CONFIRMED_APPLIED,FIRED_CONFIRMED,1,1,0,,133073.0,0,0
aep_full-after_resolution_before_barrier-notifications-44b2b53c-r0,(session-3),AEP_FULL,after_resolution_before_barrier,notifications,POSITIVE_ONLY_READBACK,CALLER_REFERENCE,6ee89986-c0db-4c00-8f97-a4dc9e3f1cd8,DECLARED_AMBIGUOUS,FIRED_UNCONFIRMED,0,1,0,,130019.0,0,0
aep_full-after_resolution_before_barrier-notifications-44b2b53c-r0,(session-3),AEP_FULL,after_resolution_before_barrier,notifications,POSITIVE_ONLY_READBACK,CALLER_REFERENCE,79f04106-5627-4912-8f1c-4460e929523c,CONFIRMED_APPLIED,FIRED_CONFIRMED,1,1,0,,127063.0,0,0
aep_full-after_resolution_before_barrier-notifications-44b2b53c-r0,(session-3),AEP_FULL,after_resolution_before_barrier,notifications,POSITIVE_ONLY_READBACK,CALLER_REFERENCE,5bfdbc27-9566-4a59-bf0e-c995e17d01c2,CONFIRMED_APPLIED,FIRED_CONFIRMED,1,1,0,,121100.0,0,0
aep_full-after_resolution_before_barrier-notifications-44b2b53c-r1,(session-3),AEP_FULL,after_resolution_before_barrier,notifications,POSITIVE_ONLY_READBACK,CALLER_REFERENCE,5a8d6ba8-cbcc-4fac-9122-2032b45087c5,CONFIRMED_APPLIED,FIRED_CONFIRMED,1,1,0,,35371.0,0,0
aep_full-after_resolution_before_barrier-notifications-44b2b53c-r1,(session-3),AEP_FULL,after_resolution_before_barrier,notifications,POSITIVE_ONLY_READBACK,CALLER_REFERENCE,6fb85484-252a-4494-9920-b6d3e274db05,CONFIRMED_APPLIED,FIRED_CONFIRMED,1,1,0,,32059.0,0,0
aep_full-after_resolution_before_barrier-notifications-44b2b53c-r1,(session-3),AEP_FULL,after_resolution_before_barrier,notifications,POSITIVE_ONLY_READBACK,CALLER_REFERENCE,351939a6-6d17-490d-aa3e-48b058003d70,CONFIRMED_APPLIED,FIRED_CONFIRMED,1,1,0,,29366.0,0,0
aep_full-after_resolution_before_barrier-notifications-44b2b53c-r1,(session-3),AEP_FULL,after_resolution_before_barrier,notifications,POSITIVE_ONLY_READBACK,CALLER_REFERENCE,4964f905-52d4-4e86-bd86-e2aebcce32ad,CONFIRMED_APPLIED,FIRED_CONFIRMED,1,1,0,,26115.0,0,0
aep_full-after_resolution_before_barrier-notifications-44b2b53c-r1,(session-3),AEP_FULL,after_resolution_before_barrier,notifications,POSITIVE_ONLY_READBACK,CALLER_REFERENCE,17bcf68d-033c-4284-804a-289de4af4c6f,CONFIRMED_APPLIED,FIRED_CONFIRMED,1,1,0,,20265.0,0,0
aep_full-after_resolution_before_barrier-notifications-44b2b53c-r1,(session-3),AEP_FULL,after_resolution_before_barrier,notifications,POSITIVE_ONLY_READBACK,CALLER_REFERENCE,913b0724-5e7e-45da-981a-1163793e1910,CONFIRMED_APPLIED,FIRED_CONFIRMED,1,1,0,,34063.0,0,0
aep_full-after_resolution_before_barrier-notifications-44b2b53c-r1,(session-3),AEP_FULL,after_resolution_before_barrier,notifications,POSITIVE_ONLY_READBACK,CALLER_REFERENCE,29c06bc5-d32f-4af3-be48-b6932da667f2,CONFIRMED_APPLIED,FIRED_CONFIRMED,1,1,0,,30175.0,0,0
aep_full-after_resolution_before_barrier-notifications-44b2b53c-r1,(session-3),AEP_FULL,after_resolution_before_barrier,notifications,POSITIVE_ONLY_READBACK,CALLER_REFERENCE,426c907c-a8a1-4307-92e2-e2aa0047ef1b,CONFIRMED_APPLIED,FIRED_CONFIRMED,1,1,0,,24314.0,0,0
aep_full-after_resolution_before_barrier-notifications-44b2b53c-r1,(session-3),AEP_FULL,after_resolution_before_barrier,notifications,POSITIVE_ONLY_READBACK,CALLER_REFERENCE,e641fb25-ecf1-468b-bae0-d30e07fe7835,CONFIRMED_APPLIED,FIRED_CONFIRMED,1,1,0,,21259.0,0,0
aep_full-after_resolution_before_barrier-notifications-44b2b53c-r1,(session-3),AEP_FULL,after_resolution_before_barrier,notifications,POSITIVE_ONLY_READBACK,CALLER_REFERENCE,780af0b8-977b-4705-859f-7a4c92a49886,CONFIRMED_APPLIED,FIRED_CONFIRMED,1,1,0,,18153.0,0,0
aep_full-after_resolution_before_barrier-notifications-44b2b53c-r2,(session-3),AEP_FULL,after_resolution_before_barrier,notifications,POSITIVE_ONLY_READBACK,CALLER_REFERENCE,d132652b-ff54-4649-a0b2-723c41649f17,CONFIRMED_APPLIED,FIRED_CONFIRMED,1,1,0,,199903.0,0,0
aep_full-after_resolution_before_barrier-notifications-44b2b53c-r2,(session-3),AEP_FULL,after_resolution_before_barrier,notifications,POSITIVE_ONLY_READBACK,CALLER_REFERENCE,4bde6332-8f65-49d8-9db3-7132a103ea6f,CONFIRMED_APPLIED,FIRED_CONFIRMED,1,1,0,,196891.0,0,0
aep_full-after_resolution_before_barrier-notifications-44b2b53c-r2,(session-3),AEP_FULL,after_resolution_before_barrier,notifications,POSITIVE_ONLY_READBACK,CALLER_REFERENCE,cdc5fb9b-86b8-4d32-aa4f-663ba62a9786,CONFIRMED_APPLIED,FIRED_CONFIRMED,1,1,0,,193858.0,0,0
aep_full-after_resolution_before_barrier-notifications-44b2b53c-r2,(session-3),AEP_FULL,after_resolution_before_barrier,notifications,POSITIVE_ONLY_READBACK,CALLER_REFERENCE,08811e7e-f268-4a7d-82fb-8ca86030cd78,CONFIRMED_APPLIED,FIRED_CONFIRMED,1,1,0,,187967.0,0,0
aep_full-after_resolution_before_barrier-notifications-44b2b53c-r2,(session-3),AEP_FULL,after_resolution_before_barrier,notifications,POSITIVE_ONLY_READBACK,CALLER_REFERENCE,2b52501b-409c-44d1-abb0-c845d27dc16f,CONFIRMED_APPLIED,FIRED_CONFIRMED,1,1,0,,184835.0,0,0
aep_full-after_resolution_before_barrier-notifications-44b2b53c-r2,(session-3),AEP_FULL,after_resolution_before_barrier,notifications,POSITIVE_ONLY_READBACK,CALLER_REFERENCE,f577da8a-7057-4ac8-b3e9-d701fadd5909,CONFIRMED_APPLIED,FIRED_CONFIRMED,1,1,0,,199911.0,0,0
aep_full-after_resolution_before_barrier-notifications-44b2b53c-r2,(session-3),AEP_FULL,after_resolution_before_barrier,notifications,POSITIVE_ONLY_READBACK,CALLER_REFERENCE,5def4fd9-85e3-408d-9a3b-f2e38acfb6d6,CONFIRMED_APPLIED,FIRED_CONFIRMED,1,1,0,,196893.0,0,0
aep_full-after_resolution_before_barrier-notifications-44b2b53c-r2,(session-3),AEP_FULL,after_resolution_before_barrier,notifications,POSITIVE_ONLY_READBACK,CALLER_REFERENCE,0310691b-c563-4e0b-8c4b-b1691b4647dd,CONFIRMED_APPLIED,FIRED_CONFIRMED,1,1,0,,193871.0,0,0
aep_full-after_resolution_before_barrier-notifications-44b2b53c-r2,(session-3),AEP_FULL,after_resolution_before_barrier,notifications,POSITIVE_ONLY_READBACK,CALLER_REFERENCE,200a9115-9d44-42a9-a131-2e66e457e6f2,DECLARED_AMBIGUOUS,FIRED_UNCONFIRMED,0,1,0,,190983.0,0,0
aep_full-after_resolution_before_barrier-notifications-44b2b53c-r2,(session-3),AEP_FULL,after_resolution_before_barrier,notifications,POSITIVE_ONLY_READBACK,CALLER_REFERENCE,dd99ae28-e6c8-4de3-b447-0ee587b85761,CONFIRMED_APPLIED,FIRED_CONFIRMED,1,1,0,,187886.0,0,0
aep_full-after_resolution_before_barrier-payments-8897ef4b-r0,(session-3),AEP_FULL,after_resolution_before_barrier,payments,AUTHORITATIVE_READBACK,CALLER_REFERENCE,5f42a11b-a892-41bf-8f5b-ee8cb752403a,CONFIRMED_APPLIED,FIRED_CONFIRMED,1,1,0,,39222.0,0,0
aep_full-after_resolution_before_barrier-payments-8897ef4b-r0,(session-3),AEP_FULL,after_resolution_before_barrier,payments,AUTHORITATIVE_READBACK,CALLER_REFERENCE,007e5bde-94e4-4366-8c78-c23264f14bf9,CONFIRMED_APPLIED,FIRED_CONFIRMED,1,1,0,,35222.0,0,0
aep_full-after_resolution_before_barrier-payments-8897ef4b-r0,(session-3),AEP_FULL,after_resolution_before_barrier,payments,AUTHORITATIVE_READBACK,CALLER_REFERENCE,37d6b5ad-3983-4ff8-9ced-13283e35c6ec,CONFIRMED_APPLIED,FIRED_CONFIRMED,1,1,0,,31320.0,0,0
aep_full-after_resolution_before_barrier-payments-8897ef4b-r0,(session-3),AEP_FULL,after_resolution_before_barrier,payments,AUTHORITATIVE_READBACK,CALLER_REFERENCE,c231a087-a1f7-4745-be18-8c92bed30dee,CONFIRMED_APPLIED,FIRED_CONFIRMED,1,1,0,,27222.0,0,0
aep_full-after_resolution_before_barrier-payments-8897ef4b-r0,(session-3),AEP_FULL,after_resolution_before_barrier,payments,AUTHORITATIVE_READBACK,CALLER_REFERENCE,9c8a4879-266d-4777-9d77-e8725b8ad145,CONFIRMED_APPLIED,FIRED_CONFIRMED,1,1,0,,23275.0,0,0
aep_full-after_resolution_before_barrier-payments-8897ef4b-r0,(session-3),AEP_FULL,after_resolution_before_barrier,payments,AUTHORITATIVE_READBACK,CALLER_REFERENCE,2253b66a-8dde-4802-bc68-260642a94ed2,CONFIRMED_APPLIED,FIRED_CONFIRMED,1,1,0,,39216.0,0,0
aep_full-after_resolution_before_barrier-payments-8897ef4b-r0,(session-3),AEP_FULL,after_resolution_before_barrier,payments,AUTHORITATIVE_READBACK,CALLER_REFERENCE,a0122753-7112-48de-96f1-46028247f19d,CONFIRMED_NOT_APPLIED,FAILED_CONFIRMED,0,1,0,,35215.0,0,0
aep_full-after_resolution_before_barrier-payments-8897ef4b-r0,(session-3),AEP_FULL,after_resolution_before_barrier,payments,AUTHORITATIVE_READBACK,CALLER_REFERENCE,c3618e04-7e99-4ba1-91f5-106e189b64e5,CONFIRMED_APPLIED,FIRED_CONFIRMED,1,1,0,,31324.0,0,0
aep_full-after_resolution_before_barrier-payments-8897ef4b-r0,(session-3),AEP_FULL,after_resolution_before_barrier,payments,AUTHORITATIVE_READBACK,CALLER_REFERENCE,24bf55f7-b165-4f48-9262-0790b8b9ccce,CONFIRMED_APPLIED,FIRED_CONFIRMED,1,1,0,,27225.0,0,0
aep_full-after_resolution_before_barrier-payments-8897ef4b-r0,(session-3),AEP_FULL,after_resolution_before_barrier,payments,AUTHORITATIVE_READBACK,CALLER_REFERENCE,843174c7-7386-4f26-9444-07279070f03e,CONFIRMED_APPLIED,FIRED_CONFIRMED,1,1,0,,20273.0,0,0
aep_full-after_resolution_before_barrier-payments-8897ef4b-r1,(session-3),AEP_FULL,after_resolution_before_barrier,payments,AUTHORITATIVE_READBACK,CALLER_REFERENCE,b357e681-954d-4f63-911f-4d325def76d0,CONFIRMED_APPLIED,FIRED_CONFIRMED,1,1,0,,36205.0,0,0
aep_full-after_resolution_before_barrier-payments-8897ef4b-r1,(session-3),AEP_FULL,after_resolution_before_barrier,payments,AUTHORITATIVE_READBACK,CALLER_REFERENCE,31d3e50a-cb8d-4fd2-a6e6-c1a92e360acf,CONFIRMED_APPLIED,FIRED_CONFIRMED,1,1,0,,33217.0,0,0
aep_full-after_resolution_before_barrier-payments-8897ef4b-r1,(session-3),AEP_FULL,after_resolution_before_barrier,payments,AUTHORITATIVE_READBACK,CALLER_REFERENCE,2cd075b7-3787-4e54-943b-264ea0d08714,CONFIRMED_APPLIED,FIRED_CONFIRMED,1,1,0,,29144.0,0,0
aep_full-after_resolution_before_barrier-payments-8897ef4b-r1,(session-3),AEP_FULL,after_resolution_before_barrier,payments,AUTHORITATIVE_READBACK,CALLER_REFERENCE,596a0a42-b7e4-47fd-b6b1-543909ee5cca,CONFIRMED_APPLIED,FIRED_CONFIRMED,1,1,0,,26233.0,0,0
aep_full-after_resolution_before_barrier-payments-8897ef4b-r1,(session-3),AEP_FULL,after_resolution_before_barrier,payments,AUTHORITATIVE_READBACK,CALLER_REFERENCE,b7db563a-3b94-4c2b-aa68-9605fdc07b54,CONFIRMED_APPLIED,FIRED_CONFIRMED,1,1,0,,23186.0,0,0
aep_full-after_resolution_before_barrier-payments-8897ef4b-r1,(session-3),AEP_FULL,after_resolution_before_barrier,payments,AUTHORITATIVE_READBACK,CALLER_REFERENCE,416ce342-7e3e-4f2f-9dd2-b4b5f59b0c1c,CONFIRMED_APPLIED,FIRED_CONFIRMED,1,1,0,,36205.0,0,0
aep_full-after_resolution_before_barrier-payments-8897ef4b-r1,(session-3),AEP_FULL,after_resolution_before_barrier,payments,AUTHORITATIVE_READBACK,CALLER_REFERENCE,9efe54d2-13ac-4ce7-9d4d-a12f78b8ad9b,CONFIRMED_APPLIED,FIRED_CONFIRMED,1,1,0,,33213.0,0,0
aep_full-after_resolution_before_barrier-payments-8897ef4b-r1,(session-3),AEP_FULL,after_resolution_before_barrier,payments,AUTHORITATIVE_READBACK,CALLER_REFERENCE,6b0355c6-d158-4b35-945a-509ffe25ad88,CONFIRMED_APPLIED,FIRED_CONFIRMED,1,1,0,,29137.0,0,0
aep_full-after_resolution_before_barrier-payments-8897ef4b-r1,(session-3),AEP_FULL,after_resolution_before_barrier,payments,AUTHORITATIVE_READBACK,CALLER_REFERENCE,33409d8e-8cce-4a46-8429-2d77b43e7197,CONFIRMED_APPLIED,FIRED_CONFIRMED,1,1,0,,26239.0,0,0
aep_full-after_resolution_before_barrier-payments-8897ef4b-r1,(session-3),AEP_FULL,after_resolution_before_barrier,payments,AUTHORITATIVE_READBACK,CALLER_REFERENCE,58028800-c00f-4c01-95ca-5e2d292aa96a,CONFIRMED_APPLIED,FIRED_CONFIRMED,1,1,0,,20192.0,0,0
aep_full-after_resolution_before_barrier-payments-8897ef4b-r2,(session-3),AEP_FULL,after_resolution_before_barrier,payments,AUTHORITATIVE_READBACK,CALLER_REFERENCE,53a73229-cddc-43da-a9f1-291e839cefbb,CONFIRMED_APPLIED,FIRED_CONFIRMED,1,1,0,,33978.0,0,0
aep_full-after_resolution_before_barrier-payments-8897ef4b-r2,(session-3),AEP_FULL,after_resolution_before_barrier,payments,AUTHORITATIVE_READBACK,CALLER_REFERENCE,6af17b19-5df7-441f-90b7-4edde32209ab,CONFIRMED_APPLIED,FIRED_CONFIRMED,1,1,0,,30979.0,0,0
aep_full-after_resolution_before_barrier-payments-8897ef4b-r2,(session-3),AEP_FULL,after_resolution_before_barrier,payments,AUTHORITATIVE_READBACK,CALLER_REFERENCE,f213b3de-1456-4af7-9259-f25415aef443,CONFIRMED_APPLIED,FIRED_CONFIRMED,1,1,0,,26996.0,0,0
aep_full-after_resolution_before_barrier-payments-8897ef4b-r2,(session-3),AEP_FULL,after_resolution_before_barrier,payments,AUTHORITATIVE_READBACK,CALLER_REFERENCE,5f31ccef-2be2-4da9-b47b-ec5b83c167a9,CONFIRMED_APPLIED,FIRED_CONFIRMED,1,1,0,,20991.0,0,0
aep_full-after_resolution_before_barrier-payments-8897ef4b-r2,(session-3),AEP_FULL,after_resolution_before_barrier,payments,AUTHORITATIVE_READBACK,CALLER_REFERENCE,68a182f7-d84a-48a7-af7d-38a3758e1121,CONFIRMED_APPLIED,FIRED_CONFIRMED,1,1,0,,18190.0,0,0
aep_full-after_resolution_before_barrier-payments-8897ef4b-r2,(session-3),AEP_FULL,after_resolution_before_barrier,payments,AUTHORITATIVE_READBACK,CALLER_REFERENCE,44c21f73-6e51-439b-ae93-7b53738df8f7,CONFIRMED_APPLIED,FIRED_CONFIRMED,1,1,0,,33970.0,0,0
aep_full-after_resolution_before_barrier-payments-8897ef4b-r2,(session-3),AEP_FULL,after_resolution_before_barrier,payments,AUTHORITATIVE_READBACK,CALLER_REFERENCE,523e5b4f-c732-485b-9c85-c7d41d607143,CONFIRMED_APPLIED,FIRED_CONFIRMED,1,1,0,,30982.0,0,0
aep_full-after_resolution_before_barrier-payments-8897ef4b-r2,(session-3),AEP_FULL,after_resolution_before_barrier,payments,AUTHORITATIVE_READBACK,CALLER_REFERENCE,5cbd93fb-ef9c-4c09-840e-8d09157ffcc5,CONFIRMED_APPLIED,FIRED_CONFIRMED,1,1,0,,27001.0,0,0
aep_full-after_resolution_before_barrier-payments-8897ef4b-r2,(session-3),AEP_FULL,after_resolution_before_barrier,payments,AUTHORITATIVE_READBACK,CALLER_REFERENCE,b53ee752-fab3-4c14-8dc4-4ae58f79067a,CONFIRMED_APPLIED,FIRED_CONFIRMED,1,1,0,,23988.0,0,0
aep_full-after_resolution_before_barrier-payments-8897ef4b-r2,(session-3),AEP_FULL,after_resolution_before_barrier,payments,AUTHORITATIVE_READBACK,CALLER_REFERENCE,6a6d9f38-2297-4eeb-beac-ed428110d745,CONFIRMED_APPLIED,FIRED_CONFIRMED,1,1,0,,20053.0,0,0
aep_full-after_response_before_resolution-ledger_postings-9aa36b96-r0,(session-3),AEP_FULL,after_response_before_resolution,ledger_postings,NO_READBACK,CALLER_REFERENCE,0279142a-7bdc-442f-89ee-bfc8cd424f83,DECLARED_AMBIGUOUS,PERMANENTLY_AMBIGUOUS,1,1,0,,40278.0,0,0
aep_full-after_response_before_resolution-ledger_postings-9aa36b96-r0,(session-3),AEP_FULL,after_response_before_resolution,ledger_postings,NO_READBACK,CALLER_REFERENCE,aed996dd-6d89-41ba-bf37-1aa2dcfd3bb7,DECLARED_AMBIGUOUS,PERMANENTLY_AMBIGUOUS,1,1,0,,36207.0,0,0
aep_full-after_response_before_resolution-ledger_postings-9aa36b96-r0,(session-3),AEP_FULL,after_response_before_resolution,ledger_postings,NO_READBACK,CALLER_REFERENCE,c83203eb-878a-4d61-a469-472dc5ccd21d,DECLARED_AMBIGUOUS,PERMANENTLY_AMBIGUOUS,1,1,0,,33378.0,0,0
aep_full-after_response_before_resolution-ledger_postings-9aa36b96-r0,(session-3),AEP_FULL,after_response_before_resolution,ledger_postings,NO_READBACK,CALLER_REFERENCE,9418c4a2-e4f1-4841-beb1-0d266eb81046,DECLARED_AMBIGUOUS,PERMANENTLY_AMBIGUOUS,1,1,0,,30383.0,0,0
aep_full-after_response_before_resolution-ledger_postings-9aa36b96-r0,(session-3),AEP_FULL,after_response_before_resolution,ledger_postings,NO_READBACK,CALLER_REFERENCE,604f14e7-d30a-45c9-a941-891249ff2007,DECLARED_AMBIGUOUS,PERMANENTLY_AMBIGUOUS,1,1,0,,27189.0,0,0
aep_full-after_response_before_resolution-ledger_postings-9aa36b96-r0,(session-3),AEP_FULL,after_response_before_resolution,ledger_postings,NO_READBACK,CALLER_REFERENCE,01ee891c-e31c-42d7-8673-1c6c5bdd83dd,DECLARED_AMBIGUOUS,PERMANENTLY_AMBIGUOUS,1,1,0,,40278.0,0,0
aep_full-after_response_before_resolution-ledger_postings-9aa36b96-r0,(session-3),AEP_FULL,after_response_before_resolution,ledger_postings,NO_READBACK,CALLER_REFERENCE,499f7d62-1db6-48c6-b059-21338932265a,DECLARED_AMBIGUOUS,PERMANENTLY_AMBIGUOUS,1,1,0,,36204.0,0,0
aep_full-after_response_before_resolution-ledger_postings-9aa36b96-r0,(session-3),AEP_FULL,after_response_before_resolution,ledger_postings,NO_READBACK,CALLER_REFERENCE,8502ccfe-b415-4671-8350-0475588206d1,DECLARED_AMBIGUOUS,PERMANENTLY_AMBIGUOUS,1,1,0,,33376.0,0,0
aep_full-after_response_before_resolution-ledger_postings-9aa36b96-r0,(session-3),AEP_FULL,after_response_before_resolution,ledger_postings,NO_READBACK,CALLER_REFERENCE,f97fb6e0-ac34-4cd1-a770-545f5e1fed05,DECLARED_AMBIGUOUS,PERMANENTLY_AMBIGUOUS,1,1,0,,30389.0,0,0
aep_full-after_response_before_resolution-ledger_postings-9aa36b96-r0,(session-3),AEP_FULL,after_response_before_resolution,ledger_postings,NO_READBACK,CALLER_REFERENCE,7877503c-2360-4414-a6a3-7c17f05130fe,DECLARED_AMBIGUOUS,PERMANENTLY_AMBIGUOUS,1,1,0,,24280.0,0,0
aep_full-after_response_before_resolution-ledger_postings-9aa36b96-r1,(session-3),AEP_FULL,after_response_before_resolution,ledger_postings,NO_READBACK,CALLER_REFERENCE,6d4c4d51-9bda-406a-9757-6c688d9b4ff8,DECLARED_AMBIGUOUS,PERMANENTLY_AMBIGUOUS,1,1,0,,42240.0,0,0
aep_full-after_response_before_resolution-ledger_postings-9aa36b96-r1,(session-3),AEP_FULL,after_response_before_resolution,ledger_postings,NO_READBACK,CALLER_REFERENCE,7abaea00-798f-4355-aed9-8f930270ecf5,DECLARED_AMBIGUOUS,PERMANENTLY_AMBIGUOUS,1,1,0,,39213.0,0,0
aep_full-after_response_before_resolution-ledger_postings-9aa36b96-r1,(session-3),AEP_FULL,after_response_before_resolution,ledger_postings,NO_READBACK,CALLER_REFERENCE,8cf3cb2a-1d2f-4daa-897c-a30ef7991820,DECLARED_AMBIGUOUS,PERMANENTLY_AMBIGUOUS,1,1,0,,36171.0,0,0
aep_full-after_response_before_resolution-ledger_postings-9aa36b96-r1,(session-3),AEP_FULL,after_response_before_resolution,ledger_postings,NO_READBACK,CALLER_REFERENCE,4b101387-8593-415a-8317-d62bb721306a,DECLARED_AMBIGUOUS,PERMANENTLY_AMBIGUOUS,1,1,0,,30137.0,0,0
aep_full-after_response_before_resolution-ledger_postings-9aa36b96-r1,(session-3),AEP_FULL,after_response_before_resolution,ledger_postings,NO_READBACK,CALLER_REFERENCE,b88eee90-7839-40fd-affd-b721c320e034,DECLARED_AMBIGUOUS,PERMANENTLY_AMBIGUOUS,1,1,0,,26176.0,0,0
aep_full-after_response_before_resolution-ledger_postings-9aa36b96-r1,(session-3),AEP_FULL,after_response_before_resolution,ledger_postings,NO_READBACK,CALLER_REFERENCE,aadea780-cd68-4e4e-a1e0-0be29474646b,DECLARED_AMBIGUOUS,PERMANENTLY_AMBIGUOUS,1,1,0,,45231.0,0,0
aep_full-after_response_before_resolution-ledger_postings-9aa36b96-r1,(session-3),AEP_FULL,after_response_before_resolution,ledger_postings,NO_READBACK,CALLER_REFERENCE,dc6a9bdd-53bf-495f-a08f-f0c2394d3b01,DECLARED_AMBIGUOUS,PERMANENTLY_AMBIGUOUS,1,1,0,,39186.0,0,0
aep_full-after_response_before_resolution-ledger_postings-9aa36b96-r1,(session-3),AEP_FULL,after_response_before_resolution,ledger_postings,NO_READBACK,CALLER_REFERENCE,982a7fe0-3d56-4743-bd94-9cc37c302dcb,DECLARED_AMBIGUOUS,PERMANENTLY_AMBIGUOUS,1,1,0,,36189.0,0,0
aep_full-after_response_before_resolution-ledger_postings-9aa36b96-r1,(session-3),AEP_FULL,after_response_before_resolution,ledger_postings,NO_READBACK,CALLER_REFERENCE,5f78abfb-2268-4dd6-8b0b-55220075d462,DECLARED_AMBIGUOUS,PERMANENTLY_AMBIGUOUS,1,1,0,,33130.0,0,0
aep_full-after_response_before_resolution-ledger_postings-9aa36b96-r1,(session-3),AEP_FULL,after_response_before_resolution,ledger_postings,NO_READBACK,CALLER_REFERENCE,c710955d-b82f-401e-a8db-a172b194ccc1,DECLARED_AMBIGUOUS,PERMANENTLY_AMBIGUOUS,1,1,0,,29215.0,0,0
aep_full-after_response_before_resolution-ledger_postings-9aa36b96-r2,(session-3),AEP_FULL,after_response_before_resolution,ledger_postings,NO_READBACK,CALLER_REFERENCE,fea58e42-f96c-48d6-95ae-b9e8c0fdc85d,DECLARED_AMBIGUOUS,PERMANENTLY_AMBIGUOUS,1,1,0,,41057.0,0,0
aep_full-after_response_before_resolution-ledger_postings-9aa36b96-r2,(session-3),AEP_FULL,after_response_before_resolution,ledger_postings,NO_READBACK,CALLER_REFERENCE,8dbd2bb8-2088-479c-a270-3ab0f365a233,DECLARED_AMBIGUOUS,PERMANENTLY_AMBIGUOUS,1,1,0,,38215.0,0,0
aep_full-after_response_before_resolution-ledger_postings-9aa36b96-r2,(session-3),AEP_FULL,after_response_before_resolution,ledger_postings,NO_READBACK,CALLER_REFERENCE,ae887581-2f2c-4b4f-9d2d-4fafec4fc39b,DECLARED_AMBIGUOUS,PERMANENTLY_AMBIGUOUS,1,1,0,,35068.0,0,0
aep_full-after_response_before_resolution-ledger_postings-9aa36b96-r2,(session-3),AEP_FULL,after_response_before_resolution,ledger_postings,NO_READBACK,CALLER_REFERENCE,4096e789-7bf7-4ab3-a882-04d26f10995d,DECLARED_AMBIGUOUS,PERMANENTLY_AMBIGUOUS,1,1,0,,31038.0,0,0
aep_full-after_response_before_resolution-ledger_postings-9aa36b96-r2,(session-3),AEP_FULL,after_response_before_resolution,ledger_postings,NO_READBACK,CALLER_REFERENCE,9c5c135c-187e-46bb-88f3-15c5fd39c8a3,DECLARED_AMBIGUOUS,PERMANENTLY_AMBIGUOUS,1,1,0,,28236.0,0,0
aep_full-after_response_before_resolution-ledger_postings-9aa36b96-r2,(session-3),AEP_FULL,after_response_before_resolution,ledger_postings,NO_READBACK,CALLER_REFERENCE,8e1af2b6-851d-430b-aae2-d5f708683c78,DECLARED_AMBIGUOUS,PERMANENTLY_AMBIGUOUS,1,1,0,,41053.0,0,0
aep_full-after_response_before_resolution-ledger_postings-9aa36b96-r2,(session-3),AEP_FULL,after_response_before_resolution,ledger_postings,NO_READBACK,CALLER_REFERENCE,5557aee3-3e6e-4cfe-bf02-fb7752b9114e,DECLARED_AMBIGUOUS,PERMANENTLY_AMBIGUOUS,1,1,0,,38215.0,0,0
aep_full-after_response_before_resolution-ledger_postings-9aa36b96-r2,(session-3),AEP_FULL,after_response_before_resolution,ledger_postings,NO_READBACK,CALLER_REFERENCE,fbab39c1-f008-48f1-bf06-1794b1914f35,DECLARED_AMBIGUOUS,PERMANENTLY_AMBIGUOUS,1,1,0,,32079.0,0,0
aep_full-after_response_before_resolution-ledger_postings-9aa36b96-r2,(session-3),AEP_FULL,after_response_before_resolution,ledger_postings,NO_READBACK,CALLER_REFERENCE,773ca2e8-92d8-4e36-8ef7-8ba92823f2ba,DECLARED_AMBIGUOUS,PERMANENTLY_AMBIGUOUS,1,1,0,,29050.0,0,0
aep_full-after_response_before_resolution-ledger_postings-9aa36b96-r2,(session-3),AEP_FULL,after_response_before_resolution,ledger_postings,NO_READBACK,CALLER_REFERENCE,602d5b53-8ade-46ba-9da2-ba7e0fe4c052,DECLARED_AMBIGUOUS,PERMANENTLY_AMBIGUOUS,1,1,0,,26202.0,0,0
aep_full-after_response_before_resolution-notifications-5cc9d3a0-r0,(session-3),AEP_FULL,after_response_before_resolution,notifications,POSITIVE_ONLY_READBACK,CALLER_REFERENCE,8dc652b3-4fcb-4a80-b632-5d7fc02cad9b,CONFIRMED_APPLIED,FIRED_CONFIRMED,1,1,0,,65700718.0,0,0
aep_full-after_response_before_resolution-notifications-5cc9d3a0-r0,(session-3),AEP_FULL,after_response_before_resolution,notifications,POSITIVE_ONLY_READBACK,CALLER_REFERENCE,f7ad47c7-b31c-438f-86f5-3c768d2487ff,CONFIRMED_APPLIED,FIRED_CONFIRMED,1,1,0,,65697640.0,0,0
aep_full-after_response_before_resolution-notifications-5cc9d3a0-r0,(session-3),AEP_FULL,after_response_before_resolution,notifications,POSITIVE_ONLY_READBACK,CALLER_REFERENCE,855e1e70-b65d-42f9-a4da-052e061cb747,CONFIRMED_APPLIED,FIRED_CONFIRMED,1,1,0,,65691572.0,0,0
aep_full-after_response_before_resolution-notifications-5cc9d3a0-r0,(session-3),AEP_FULL,after_response_before_resolution,notifications,POSITIVE_ONLY_READBACK,CALLER_REFERENCE,b4983ba1-1b53-45f1-9f75-21e1c16055c4,DECLARED_AMBIGUOUS,FIRED_UNCONFIRMED,0,1,0,,65687611.0,0,0
aep_full-after_response_before_resolution-notifications-5cc9d3a0-r0,(session-3),AEP_FULL,after_response_before_resolution,notifications,POSITIVE_ONLY_READBACK,CALLER_REFERENCE,b440eae8-61ac-4bb4-8f04-1cd40f480978,CONFIRMED_APPLIED,FIRED_CONFIRMED,1,1,0,,65684557.0,0,0
aep_full-after_response_before_resolution-notifications-5cc9d3a0-r0,(session-3),AEP_FULL,after_response_before_resolution,notifications,POSITIVE_ONLY_READBACK,CALLER_REFERENCE,7a72b4a2-949a-4bf2-8aa9-0f1fbc584b3d,CONFIRMED_APPLIED,FIRED_CONFIRMED,1,1,0,,65697737.0,0,0
aep_full-after_response_before_resolution-notifications-5cc9d3a0-r0,(session-3),AEP_FULL,after_response_before_resolution,notifications,POSITIVE_ONLY_READBACK,CALLER_REFERENCE,e62ab4db-eb2b-4eb2-bf4d-79d361105ab1,CONFIRMED_APPLIED,FIRED_CONFIRMED,1,1,0,,65694592.0,0,0
aep_full-after_response_before_resolution-notifications-5cc9d3a0-r0,(session-3),AEP_FULL,after_response_before_resolution,notifications,POSITIVE_ONLY_READBACK,CALLER_REFERENCE,f5375b9b-2fc8-44d3-8348-d2aed69b23f4,CONFIRMED_APPLIED,FIRED_CONFIRMED,1,1,0,,65690844.0,0,0
aep_full-after_response_before_resolution-notifications-5cc9d3a0-r0,(session-3),AEP_FULL,after_response_before_resolution,notifications,POSITIVE_ONLY_READBACK,CALLER_REFERENCE,6933c83c-2810-4feb-be87-317a03b52cbc,CONFIRMED_APPLIED,FIRED_CONFIRMED,1,1,0,,65687627.0,0,0
aep_full-after_response_before_resolution-notifications-5cc9d3a0-r0,(session-3),AEP_FULL,after_response_before_resolution,notifications,POSITIVE_ONLY_READBACK,CALLER_REFERENCE,ef50b03d-171c-4047-9aa2-e7271313b902,CONFIRMED_APPLIED,FIRED_CONFIRMED,1,1,0,,65681657.0,0,0
aep_full-after_response_before_resolution-notifications-5cc9d3a0-r1,(session-3),AEP_FULL,after_response_before_resolution,notifications,POSITIVE_ONLY_READBACK,CALLER_REFERENCE,a1fb6a7b-156f-4325-81d9-31647d8c114e,CONFIRMED_APPLIED,FIRED_CONFIRMED,1,1,0,,46430.0,0,0
aep_full-after_response_before_resolution-notifications-5cc9d3a0-r1,(session-3),AEP_FULL,after_response_before_resolution,notifications,POSITIVE_ONLY_READBACK,CALLER_REFERENCE,ab13c6bd-0379-4ff1-bdb7-4e2b5990015f,CONFIRMED_APPLIED,FIRED_CONFIRMED,1,1,0,,42392.0,0,0
aep_full-after_response_before_resolution-notifications-5cc9d3a0-r1,(session-3),AEP_FULL,after_response_before_resolution,notifications,POSITIVE_ONLY_READBACK,CALLER_REFERENCE,4914b739-676f-452a-a1f7-fd9c2fc95062,CONFIRMED_APPLIED,FIRED_CONFIRMED,1,1,0,,38295.0,0,0
aep_full-after_response_before_resolution-notifications-5cc9d3a0-r1,(session-3),AEP_FULL,after_response_before_resolution,notifications,POSITIVE_ONLY_READBACK,CALLER_REFERENCE,ee75c84b-3e0a-4c77-a8a0-8f8e1461cd52,CONFIRMED_APPLIED,FIRED_CONFIRMED,1,1,0,,33351.0,0,0
aep_full-after_response_before_resolution-notifications-5cc9d3a0-r1,(session-3),AEP_FULL,after_response_before_resolution,notifications,POSITIVE_ONLY_READBACK,CALLER_REFERENCE,4aa8cb7f-6ece-4654-8bc3-d7bcf100ed9e,CONFIRMED_APPLIED,FIRED_CONFIRMED,1,1,0,,27288.0,0,0
aep_full-after_response_before_resolution-notifications-5cc9d3a0-r1,(session-3),AEP_FULL,after_response_before_resolution,notifications,POSITIVE_ONLY_READBACK,CALLER_REFERENCE,6f97ec2a-5052-4764-896a-1da8cf5b43d5,CONFIRMED_APPLIED,FIRED_CONFIRMED,1,1,0,,46491.0,0,0
aep_full-after_response_before_resolution-notifications-5cc9d3a0-r1,(session-3),AEP_FULL,after_response_before_resolution,notifications,POSITIVE_ONLY_READBACK,CALLER_REFERENCE,f79efb40-bae9-4a2c-a889-54155f143261,CONFIRMED_APPLIED,FIRED_CONFIRMED,1,1,0,,40259.0,0,0
aep_full-after_response_before_resolution-notifications-5cc9d3a0-r1,(session-3),AEP_FULL,after_response_before_resolution,notifications,POSITIVE_ONLY_READBACK,CALLER_REFERENCE,ea28dedd-5baa-4874-9a6a-f558ba284abb,CONFIRMED_APPLIED,FIRED_CONFIRMED,1,1,0,,34308.0,0,0
aep_full-after_response_before_resolution-notifications-5cc9d3a0-r1,(session-3),AEP_FULL,after_response_before_resolution,notifications,POSITIVE_ONLY_READBACK,CALLER_REFERENCE,f20b795a-0d11-4d71-896c-7a84bc133ada,CONFIRMED_APPLIED,FIRED_CONFIRMED,1,1,0,,30449.0,0,0
aep_full-after_response_before_resolution-notifications-5cc9d3a0-r1,(session-3),AEP_FULL,after_response_before_resolution,notifications,POSITIVE_ONLY_READBACK,CALLER_REFERENCE,880eda98-41eb-4073-ae7f-7b91da178421,CONFIRMED_APPLIED,FIRED_CONFIRMED,1,1,0,,22329.0,0,0
aep_full-after_response_before_resolution-notifications-5cc9d3a0-r2,(session-3),AEP_FULL,after_response_before_resolution,notifications,POSITIVE_ONLY_READBACK,CALLER_REFERENCE,57f33e01-6a18-4ad4-a91c-1bf3c8ec4843,CONFIRMED_APPLIED,FIRED_CONFIRMED,1,1,0,,46035.0,0,0
aep_full-after_response_before_resolution-notifications-5cc9d3a0-r2,(session-3),AEP_FULL,after_response_before_resolution,notifications,POSITIVE_ONLY_READBACK,CALLER_REFERENCE,69dbffc7-e47a-4e7a-b586-8a517f180bba,CONFIRMED_APPLIED,FIRED_CONFIRMED,1,1,0,,40922.0,0,0
aep_full-after_response_before_resolution-notifications-5cc9d3a0-r2,(session-3),AEP_FULL,after_response_before_resolution,notifications,POSITIVE_ONLY_READBACK,CALLER_REFERENCE,c21e51cc-fd7d-483c-acc0-14d76038cc40,CONFIRMED_APPLIED,FIRED_CONFIRMED,1,1,0,,37021.0,0,0
aep_full-after_response_before_resolution-notifications-5cc9d3a0-r2,(session-3),AEP_FULL,after_response_before_resolution,notifications,POSITIVE_ONLY_READBACK,CALLER_REFERENCE,c6fc376e-0536-4844-86eb-4645c0c77dd5,CONFIRMED_APPLIED,FIRED_CONFIRMED,1,1,0,,33003.0,0,0
aep_full-after_response_before_resolution-notifications-5cc9d3a0-r2,(session-3),AEP_FULL,after_response_before_resolution,notifications,POSITIVE_ONLY_READBACK,CALLER_REFERENCE,293a254b-6200-4c98-a782-28d79f2bf419,CONFIRMED_APPLIED,FIRED_CONFIRMED,1,1,0,,29053.0,0,0
aep_full-after_response_before_resolution-notifications-5cc9d3a0-r2,(session-3),AEP_FULL,after_response_before_resolution,notifications,POSITIVE_ONLY_READBACK,CALLER_REFERENCE,c5aef773-a8d2-46dc-b219-ac7a6c1ba60c,CONFIRMED_APPLIED,FIRED_CONFIRMED,1,1,0,,44986.0,0,0
aep_full-after_response_before_resolution-notifications-5cc9d3a0-r2,(session-3),AEP_FULL,after_response_before_resolution,notifications,POSITIVE_ONLY_READBACK,CALLER_REFERENCE,a6dfab82-1966-4305-b309-139efdb14746,CONFIRMED_APPLIED,FIRED_CONFIRMED,1,1,0,,40005.0,0,0
aep_full-after_response_before_resolution-notifications-5cc9d3a0-r2,(session-3),AEP_FULL,after_response_before_resolution,notifications,POSITIVE_ONLY_READBACK,CALLER_REFERENCE,8b075ad6-ad49-4693-ac39-41394f4fe76b,CONFIRMED_APPLIED,FIRED_CONFIRMED,1,1,0,,33085.0,0,0
aep_full-after_response_before_resolution-notifications-5cc9d3a0-r2,(session-3),AEP_FULL,after_response_before_resolution,notifications,POSITIVE_ONLY_READBACK,CALLER_REFERENCE,c4375d1b-7c49-4881-aeb6-3e712f563a3d,CONFIRMED_APPLIED,FIRED_CONFIRMED,1,1,0,,29063.0,0,0
aep_full-after_response_before_resolution-notifications-5cc9d3a0-r2,(session-3),AEP_FULL,after_response_before_resolution,notifications,POSITIVE_ONLY_READBACK,CALLER_REFERENCE,270ec225-70c6-4649-97fe-925d804d8f60,CONFIRMED_APPLIED,FIRED_CONFIRMED,1,1,0,,22229.0,0,0
aep_full-after_response_before_resolution-payments-30d5e000-r0,(session-3),AEP_FULL,after_response_before_resolution,payments,AUTHORITATIVE_READBACK,CALLER_REFERENCE,70970882-0557-4b37-b87f-ee1be29eeacf,CONFIRMED_APPLIED,FIRED_CONFIRMED,1,1,0,,37171.0,0,0
aep_full-after_response_before_resolution-payments-30d5e000-r0,(session-3),AEP_FULL,after_response_before_resolution,payments,AUTHORITATIVE_READBACK,CALLER_REFERENCE,bba741b4-088c-46bb-b422-aeac6c57f7c2,CONFIRMED_APPLIED,FIRED_CONFIRMED,1,1,0,,34268.0,0,0
aep_full-after_response_before_resolution-payments-30d5e000-r0,(session-3),AEP_FULL,after_response_before_resolution,payments,AUTHORITATIVE_READBACK,CALLER_REFERENCE,360d5d93-fc09-4c81-81ee-466df7ea9edb,CONFIRMED_APPLIED,FIRED_CONFIRMED,1,1,0,,31204.0,0,0
aep_full-after_response_before_resolution-payments-30d5e000-r0,(session-3),AEP_FULL,after_response_before_resolution,payments,AUTHORITATIVE_READBACK,CALLER_REFERENCE,8f34e983-910b-4996-b1cd-e0a8edef251c,CONFIRMED_APPLIED,FIRED_CONFIRMED,1,1,0,,28466.0,0,0
aep_full-after_response_before_resolution-payments-30d5e000-r0,(session-3),AEP_FULL,after_response_before_resolution,payments,AUTHORITATIVE_READBACK,CALLER_REFERENCE,f66bf94c-0a88-41e4-8c64-5c0920e2795d,CONFIRMED_APPLIED,FIRED_CONFIRMED,1,1,0,,25148.0,0,0
aep_full-after_response_before_resolution-payments-30d5e000-r0,(session-3),AEP_FULL,after_response_before_resolution,payments,AUTHORITATIVE_READBACK,CALLER_REFERENCE,a620db2d-9899-48f8-8ffa-b8d432ca2ffd,CONFIRMED_NOT_APPLIED,FAILED_CONFIRMED,0,1,0,,37176.0,0,0
aep_full-after_response_before_resolution-payments-30d5e000-r0,(session-3),AEP_FULL,after_response_before_resolution,payments,AUTHORITATIVE_READBACK,CALLER_REFERENCE,76ed07fd-c5b9-4609-859a-b8d41056b59a,CONFIRMED_APPLIED,FIRED_CONFIRMED,1,1,0,,34272.0,0,0
aep_full-after_response_before_resolution-payments-30d5e000-r0,(session-3),AEP_FULL,after_response_before_resolution,payments,AUTHORITATIVE_READBACK,CALLER_REFERENCE,83471bd7-6ee0-4bbe-9105-b80cdd34a0fe,CONFIRMED_APPLIED,FIRED_CONFIRMED,1,1,0,,31210.0,0,0
aep_full-after_response_before_resolution-payments-30d5e000-r0,(session-3),AEP_FULL,after_response_before_resolution,payments,AUTHORITATIVE_READBACK,CALLER_REFERENCE,df6dfd50-b747-4835-897c-5953d07e35d5,CONFIRMED_APPLIED,FIRED_CONFIRMED,1,1,0,,27193.0,0,0
aep_full-after_response_before_resolution-payments-30d5e000-r0,(session-3),AEP_FULL,after_response_before_resolution,payments,AUTHORITATIVE_READBACK,CALLER_REFERENCE,4deee50a-0e5d-4298-ac52-c9c6be3a9011,CONFIRMED_APPLIED,FIRED_CONFIRMED,1,1,0,,24169.0,0,0
aep_full-after_response_before_resolution-payments-30d5e000-r1,(session-3),AEP_FULL,after_response_before_resolution,payments,AUTHORITATIVE_READBACK,CALLER_REFERENCE,4d8c499c-361b-4dd8-8843-17cb7df2d7d0,CONFIRMED_APPLIED,FIRED_CONFIRMED,1,1,0,,45277.0,0,0
aep_full-after_response_before_resolution-payments-30d5e000-r1,(session-3),AEP_FULL,after_response_before_resolution,payments,AUTHORITATIVE_READBACK,CALLER_REFERENCE,dedcfcb8-f7e2-41b5-b034-5bff357c299d,CONFIRMED_APPLIED,FIRED_CONFIRMED,1,1,0,,42391.0,0,0
aep_full-after_response_before_resolution-payments-30d5e000-r1,(session-3),AEP_FULL,after_response_before_resolution,payments,AUTHORITATIVE_READBACK,CALLER_REFERENCE,3279d05b-164c-4c3a-81bd-272eac8ab598,CONFIRMED_APPLIED,FIRED_CONFIRMED,1,1,0,,36387.0,0,0
aep_full-after_response_before_resolution-payments-30d5e000-r1,(session-3),AEP_FULL,after_response_before_resolution,payments,AUTHORITATIVE_READBACK,CALLER_REFERENCE,ae4d42d7-d1e5-44f6-a650-d61de4ecca9a,CONFIRMED_APPLIED,FIRED_CONFIRMED,1,1,0,,30288.0,0,0
aep_full-after_response_before_resolution-payments-30d5e000-r1,(session-3),AEP_FULL,after_response_before_resolution,payments,AUTHORITATIVE_READBACK,CALLER_REFERENCE,886dcd95-50ab-4c89-b472-2570f9ee2ce3,CONFIRMED_APPLIED,FIRED_CONFIRMED,1,1,0,,26417.0,0,0
aep_full-after_response_before_resolution-payments-30d5e000-r1,(session-3),AEP_FULL,after_response_before_resolution,payments,AUTHORITATIVE_READBACK,CALLER_REFERENCE,b21abf01-9e8b-41b6-83ba-518081646b61,CONFIRMED_APPLIED,FIRED_CONFIRMED,1,1,0,,46562.0,0,0
aep_full-after_response_before_resolution-payments-30d5e000-r1,(session-3),AEP_FULL,after_response_before_resolution,payments,AUTHORITATIVE_READBACK,CALLER_REFERENCE,38a144a5-383d-4660-ac4f-15b216445313,CONFIRMED_APPLIED,FIRED_CONFIRMED,1,1,0,,43275.0,0,0
aep_full-after_response_before_resolution-payments-30d5e000-r1,(session-3),AEP_FULL,after_response_before_resolution,payments,AUTHORITATIVE_READBACK,CALLER_REFERENCE,49adb1d2-86d4-45d7-b0b9-78ff61684bf9,CONFIRMED_APPLIED,FIRED_CONFIRMED,1,1,0,,40578.0,0,0
aep_full-after_response_before_resolution-payments-30d5e000-r1,(session-3),AEP_FULL,after_response_before_resolution,payments,AUTHORITATIVE_READBACK,CALLER_REFERENCE,8e702b92-16e4-4f93-a05c-808706f2b1f9,CONFIRMED_APPLIED,FIRED_CONFIRMED,1,1,0,,34351.0,0,0
aep_full-after_response_before_resolution-payments-30d5e000-r1,(session-3),AEP_FULL,after_response_before_resolution,payments,AUTHORITATIVE_READBACK,CALLER_REFERENCE,4e629e2d-d722-48eb-a695-c376768563b2,CONFIRMED_APPLIED,FIRED_CONFIRMED,1,1,0,,31272.0,0,0
aep_full-after_response_before_resolution-payments-30d5e000-r2,(session-3),AEP_FULL,after_response_before_resolution,payments,AUTHORITATIVE_READBACK,CALLER_REFERENCE,a11942eb-39d9-47de-86a0-2fd77432e5ba,CONFIRMED_APPLIED,FIRED_CONFIRMED,1,1,0,,41308.0,0,0
aep_full-after_response_before_resolution-payments-30d5e000-r2,(session-3),AEP_FULL,after_response_before_resolution,payments,AUTHORITATIVE_READBACK,CALLER_REFERENCE,1cd4a5ec-352c-445c-a10d-99e41f1dfb4d,CONFIRMED_APPLIED,FIRED_CONFIRMED,1,1,0,,35265.0,0,0
aep_full-after_response_before_resolution-payments-30d5e000-r2,(session-3),AEP_FULL,after_response_before_resolution,payments,AUTHORITATIVE_READBACK,CALLER_REFERENCE,f12952ce-84f4-44f3-bb66-509451d9a664,CONFIRMED_APPLIED,FIRED_CONFIRMED,1,1,0,,32311.0,0,0
aep_full-after_response_before_resolution-payments-30d5e000-r2,(session-3),AEP_FULL,after_response_before_resolution,payments,AUTHORITATIVE_READBACK,CALLER_REFERENCE,42b16ddb-964e-4b55-9b61-693f26346d2b,CONFIRMED_APPLIED,FIRED_CONFIRMED,1,1,0,,29305.0,0,0
aep_full-after_response_before_resolution-payments-30d5e000-r2,(session-3),AEP_FULL,after_response_before_resolution,payments,AUTHORITATIVE_READBACK,CALLER_REFERENCE,bdc0858d-d8b9-4042-ac17-a1f5bfaed20c,CONFIRMED_NOT_APPLIED,FAILED_CONFIRMED,0,1,0,,26285.0,0,0
aep_full-after_response_before_resolution-payments-30d5e000-r2,(session-3),AEP_FULL,after_response_before_resolution,payments,AUTHORITATIVE_READBACK,CALLER_REFERENCE,bfba478f-7099-499a-a4fb-247d61a518c4,CONFIRMED_APPLIED,FIRED_CONFIRMED,1,1,0,,41305.0,0,0
aep_full-after_response_before_resolution-payments-30d5e000-r2,(session-3),AEP_FULL,after_response_before_resolution,payments,AUTHORITATIVE_READBACK,CALLER_REFERENCE,0c482849-675d-426c-acc2-388974fac33e,CONFIRMED_APPLIED,FIRED_CONFIRMED,1,1,0,,38256.0,0,0
aep_full-after_response_before_resolution-payments-30d5e000-r2,(session-3),AEP_FULL,after_response_before_resolution,payments,AUTHORITATIVE_READBACK,CALLER_REFERENCE,fccccc71-1000-447c-ab02-092496d7b610,CONFIRMED_APPLIED,FIRED_CONFIRMED,1,1,0,,35425.0,0,0
aep_full-after_response_before_resolution-payments-30d5e000-r2,(session-3),AEP_FULL,after_response_before_resolution,payments,AUTHORITATIVE_READBACK,CALLER_REFERENCE,8f75b173-5fa5-49b9-bf45-71bbe99e5519,CONFIRMED_APPLIED,FIRED_CONFIRMED,1,1,0,,32312.0,0,0
aep_full-after_response_before_resolution-payments-30d5e000-r2,(session-3),AEP_FULL,after_response_before_resolution,payments,AUTHORITATIVE_READBACK,CALLER_REFERENCE,62fe618f-1d96-46f2-9378-96cb92443869,CONFIRMED_APPLIED,FIRED_CONFIRMED,1,1,0,,26335.0,0,0
aep_full-before_intent_write-ledger_postings-47da250f-r0,(session-3),AEP_FULL,before_intent_write,ledger_postings,NO_READBACK,CALLER_REFERENCE,79dd3ca2-d7fb-45aa-b532-f3459af5700e,NO_RECORD,NO_INTENT,0,1,0,,3793.0,0,0
aep_full-before_intent_write-ledger_postings-47da250f-r0,(session-3),AEP_FULL,before_intent_write,ledger_postings,NO_READBACK,CALLER_REFERENCE,e56da8ab-2a3d-44c8-b67a-7f859504648d,NO_RECORD,NO_INTENT,0,1,0,,2938.0,0,0
aep_full-before_intent_write-ledger_postings-47da250f-r0,(session-3),AEP_FULL,before_intent_write,ledger_postings,NO_READBACK,CALLER_REFERENCE,393fd962-8647-46ef-a788-ec8eca19fad1,NO_RECORD,NO_INTENT,0,1,0,,2048.0,0,0
aep_full-before_intent_write-ledger_postings-47da250f-r0,(session-3),AEP_FULL,before_intent_write,ledger_postings,NO_READBACK,CALLER_REFERENCE,07f4c38e-719c-42d6-b6b2-54b315e49024,NO_RECORD,NO_INTENT,0,1,0,,1231.0,0,0
aep_full-before_intent_write-ledger_postings-47da250f-r0,(session-3),AEP_FULL,before_intent_write,ledger_postings,NO_READBACK,CALLER_REFERENCE,5d82ee5f-9e8f-4e28-a9f4-c5e653bf8805,NO_RECORD,NO_INTENT,0,1,0,,438.0,0,0
aep_full-before_intent_write-ledger_postings-47da250f-r0,(session-3),AEP_FULL,before_intent_write,ledger_postings,NO_READBACK,CALLER_REFERENCE,010e4b40-9f92-421f-bc60-4c91f3e761cb,NO_RECORD,NO_INTENT,0,1,0,,3571.0,0,0
aep_full-before_intent_write-ledger_postings-47da250f-r0,(session-3),AEP_FULL,before_intent_write,ledger_postings,NO_READBACK,CALLER_REFERENCE,9388a762-0fea-4908-9be1-b933f8f00e9f,NO_RECORD,NO_INTENT,0,1,0,,2612.0,0,0
aep_full-before_intent_write-ledger_postings-47da250f-r0,(session-3),AEP_FULL,before_intent_write,ledger_postings,NO_READBACK,CALLER_REFERENCE,413fe872-bfac-4aff-acca-7d4f1b479788,NO_RECORD,NO_INTENT,0,1,0,,1668.0,0,0
aep_full-before_intent_write-ledger_postings-47da250f-r0,(session-3),AEP_FULL,before_intent_write,ledger_postings,NO_READBACK,CALLER_REFERENCE,54eb8622-220c-4a48-b7a1-6172f6e98f4d,NO_RECORD,NO_INTENT,0,1,0,,880.0,0,0
aep_full-before_intent_write-ledger_postings-47da250f-r0,(session-3),AEP_FULL,before_intent_write,ledger_postings,NO_READBACK,CALLER_REFERENCE,a3221664-dabd-4f29-bd07-8cabfe7928f4,NO_RECORD,NO_INTENT,0,1,0,,15.0,0,0
aep_full-before_intent_write-ledger_postings-47da250f-r1,(session-3),AEP_FULL,before_intent_write,ledger_postings,NO_READBACK,CALLER_REFERENCE,dc7fe668-0ac7-450a-898e-31f2c5f5ea4a,NO_RECORD,NO_INTENT,0,1,0,,4247.0,0,0
aep_full-before_intent_write-ledger_postings-47da250f-r1,(session-3),AEP_FULL,before_intent_write,ledger_postings,NO_READBACK,CALLER_REFERENCE,2fbb7757-39d2-4d00-b236-6fbed9816dd0,NO_RECORD,NO_INTENT,0,1,0,,3065.0,0,0
aep_full-before_intent_write-ledger_postings-47da250f-r1,(session-3),AEP_FULL,before_intent_write,ledger_postings,NO_READBACK,CALLER_REFERENCE,b861cef6-7f92-4804-a08f-3e901d319e80,NO_RECORD,NO_INTENT,0,1,0,,2151.0,0,0
aep_full-before_intent_write-ledger_postings-47da250f-r1,(session-3),AEP_FULL,before_intent_write,ledger_postings,NO_READBACK,CALLER_REFERENCE,d9e9797b-6d77-4c54-98e4-4b875d845783,NO_RECORD,NO_INTENT,0,1,0,,1108.0,0,0
aep_full-before_intent_write-ledger_postings-47da250f-r1,(session-3),AEP_FULL,before_intent_write,ledger_postings,NO_READBACK,CALLER_REFERENCE,e3fcb9f2-27be-4d3a-8545-eafcc1a19c15,NO_RECORD,NO_INTENT,0,1,0,,237.0,0,0
aep_full-before_intent_write-ledger_postings-47da250f-r1,(session-3),AEP_FULL,before_intent_write,ledger_postings,NO_READBACK,CALLER_REFERENCE,da850985-1d9f-43df-863c-13d93e9e39ff,NO_RECORD,NO_INTENT,0,1,0,,4029.0,0,0
aep_full-before_intent_write-ledger_postings-47da250f-r1,(session-3),AEP_FULL,before_intent_write,ledger_postings,NO_READBACK,CALLER_REFERENCE,dee34afc-bde1-4ce6-82a9-b1dccc83b101,NO_RECORD,NO_INTENT,0,1,0,,2932.0,0,0
aep_full-before_intent_write-ledger_postings-47da250f-r1,(session-3),AEP_FULL,before_intent_write,ledger_postings,NO_READBACK,CALLER_REFERENCE,475f588d-7d59-4e87-a401-cf149db8de55,NO_RECORD,NO_INTENT,0,1,0,,1932.0,0,0
aep_full-before_intent_write-ledger_postings-47da250f-r1,(session-3),AEP_FULL,before_intent_write,ledger_postings,NO_READBACK,CALLER_REFERENCE,4f663e33-7084-4854-8e3f-81d9c3dabc02,NO_RECORD,NO_INTENT,0,1,0,,937.0,0,0
aep_full-before_intent_write-ledger_postings-47da250f-r1,(session-3),AEP_FULL,before_intent_write,ledger_postings,NO_READBACK,CALLER_REFERENCE,954fc1ed-7881-44a8-a5ea-7aab95410fc4,NO_RECORD,NO_INTENT,0,1,0,,14.0,0,0
aep_full-before_intent_write-ledger_postings-47da250f-r2,(session-3),AEP_FULL,before_intent_write,ledger_postings,NO_READBACK,CALLER_REFERENCE,c904461f-a52a-4b18-aa39-3bea034b9e3e,NO_RECORD,NO_INTENT,0,1,0,,4305.0,0,0
aep_full-before_intent_write-ledger_postings-47da250f-r2,(session-3),AEP_FULL,before_intent_write,ledger_postings,NO_READBACK,CALLER_REFERENCE,7206545d-5e0f-4e5a-bfc9-1620cced510b,NO_RECORD,NO_INTENT,0,1,0,,3079.0,0,0
aep_full-before_intent_write-ledger_postings-47da250f-r2,(session-3),AEP_FULL,before_intent_write,ledger_postings,NO_READBACK,CALLER_REFERENCE,74763309-a47c-4c54-b69e-0ff48d420e50,NO_RECORD,NO_INTENT,0,1,0,,2149.0,0,0
aep_full-before_intent_write-ledger_postings-47da250f-r2,(session-3),AEP_FULL,before_intent_write,ledger_postings,NO_READBACK,CALLER_REFERENCE,2a3b22fc-83fd-4f9c-ae63-d304264582dc,NO_RECORD,NO_INTENT,0,1,0,,1359.0,0,0
aep_full-before_intent_write-ledger_postings-47da250f-r2,(session-3),AEP_FULL,before_intent_write,ledger_postings,NO_READBACK,CALLER_REFERENCE,7091047f-a22e-4f0a-b0ae-7d4ca002ca13,NO_RECORD,NO_INTENT,0,1,0,,316.0,0,0
aep_full-before_intent_write-ledger_postings-47da250f-r2,(session-3),AEP_FULL,before_intent_write,ledger_postings,NO_READBACK,CALLER_REFERENCE,0e7a14ac-716a-43f5-a50b-cf018705795d,NO_RECORD,NO_INTENT,0,1,0,,4314.0,0,0
aep_full-before_intent_write-ledger_postings-47da250f-r2,(session-3),AEP_FULL,before_intent_write,ledger_postings,NO_READBACK,CALLER_REFERENCE,02bb6f1f-03af-464c-8ff8-363895d62b8c,NO_RECORD,NO_INTENT,0,1,0,,2975.0,0,0
aep_full-before_intent_write-ledger_postings-47da250f-r2,(session-3),AEP_FULL,before_intent_write,ledger_postings,NO_READBACK,CALLER_REFERENCE,c373166d-8411-4db7-92a6-e73926b6e494,NO_RECORD,NO_INTENT,0,1,0,,2066.0,0,0
aep_full-before_intent_write-ledger_postings-47da250f-r2,(session-3),AEP_FULL,before_intent_write,ledger_postings,NO_READBACK,CALLER_REFERENCE,33c611af-0115-4d34-9b60-2ad66f5c0186,NO_RECORD,NO_INTENT,0,1,0,,1035.0,0,0
aep_full-before_intent_write-ledger_postings-47da250f-r2,(session-3),AEP_FULL,before_intent_write,ledger_postings,NO_READBACK,CALLER_REFERENCE,31d88b27-07ee-4dca-bf7f-9b660f46da17,NO_RECORD,NO_INTENT,0,1,0,,16.0,0,0
aep_full-before_intent_write-notifications-081eaf23-r0,(session-3),AEP_FULL,before_intent_write,notifications,POSITIVE_ONLY_READBACK,CALLER_REFERENCE,d1357bc6-26a3-4a59-8156-9a97a3b60338,NO_RECORD,NO_INTENT,0,1,0,,3427.0,0,0
aep_full-before_intent_write-notifications-081eaf23-r0,(session-3),AEP_FULL,before_intent_write,notifications,POSITIVE_ONLY_READBACK,CALLER_REFERENCE,26867e52-b3f9-4f34-94a4-49f49d76c034,NO_RECORD,NO_INTENT,0,1,0,,2745.0,0,0
aep_full-before_intent_write-notifications-081eaf23-r0,(session-3),AEP_FULL,before_intent_write,notifications,POSITIVE_ONLY_READBACK,CALLER_REFERENCE,d3ca8abd-ae63-41bd-975b-1cefb955c1d2,NO_RECORD,NO_INTENT,0,1,0,,1910.0,0,0
aep_full-before_intent_write-notifications-081eaf23-r0,(session-3),AEP_FULL,before_intent_write,notifications,POSITIVE_ONLY_READBACK,CALLER_REFERENCE,550b32c6-90fd-4afa-adb1-2932f00a808a,NO_RECORD,NO_INTENT,0,1,0,,1178.0,0,0
aep_full-before_intent_write-notifications-081eaf23-r0,(session-3),AEP_FULL,before_intent_write,notifications,POSITIVE_ONLY_READBACK,CALLER_REFERENCE,8576334e-0429-4e3c-82bf-01c85eb290c8,NO_RECORD,NO_INTENT,0,1,0,,235.0,0,0
aep_full-before_intent_write-notifications-081eaf23-r0,(session-3),AEP_FULL,before_intent_write,notifications,POSITIVE_ONLY_READBACK,CALLER_REFERENCE,651b4231-2948-43a2-906d-7757a415ee06,NO_RECORD,NO_INTENT,0,1,0,,3384.0,0,0
aep_full-before_intent_write-notifications-081eaf23-r0,(session-3),AEP_FULL,before_intent_write,notifications,POSITIVE_ONLY_READBACK,CALLER_REFERENCE,5e1a1cb6-bcb0-47ad-b065-646e37f42dca,NO_RECORD,NO_INTENT,0,1,0,,2601.0,0,0
aep_full-before_intent_write-notifications-081eaf23-r0,(session-3),AEP_FULL,before_intent_write,notifications,POSITIVE_ONLY_READBACK,CALLER_REFERENCE,5710ede6-f2ba-496e-9472-a384db6a07df,NO_RECORD,NO_INTENT,0,1,0,,1732.0,0,0
aep_full-before_intent_write-notifications-081eaf23-r0,(session-3),AEP_FULL,before_intent_write,notifications,POSITIVE_ONLY_READBACK,CALLER_REFERENCE,670fc5d2-b7d6-4648-af0d-9b493c888845,NO_RECORD,NO_INTENT,0,1,0,,1024.0,0,0
aep_full-before_intent_write-notifications-081eaf23-r0,(session-3),AEP_FULL,before_intent_write,notifications,POSITIVE_ONLY_READBACK,CALLER_REFERENCE,122be8ba-aadd-455a-9223-99b5e9d6f5ea,NO_RECORD,NO_INTENT,0,1,0,,16.0,0,0
aep_full-before_intent_write-notifications-081eaf23-r1,(session-3),AEP_FULL,before_intent_write,notifications,POSITIVE_ONLY_READBACK,CALLER_REFERENCE,729ae4b6-633a-4f5d-a008-8e943c1c5857,NO_RECORD,NO_INTENT,0,1,0,,3704.0,0,0
aep_full-before_intent_write-notifications-081eaf23-r1,(session-3),AEP_FULL,before_intent_write,notifications,POSITIVE_ONLY_READBACK,CALLER_REFERENCE,587e2b17-99ac-45f8-bf74-90f097d9e1e0,NO_RECORD,NO_INTENT,0,1,0,,2665.0,0,0
aep_full-before_intent_write-notifications-081eaf23-r1,(session-3),AEP_FULL,before_intent_write,notifications,POSITIVE_ONLY_READBACK,CALLER_REFERENCE,cd22bd56-ff52-4ca4-b40f-b449cbc140b8,NO_RECORD,NO_INTENT,0,1,0,,1619.0,0,0
aep_full-before_intent_write-notifications-081eaf23-r1,(session-3),AEP_FULL,before_intent_write,notifications,POSITIVE_ONLY_READBACK,CALLER_REFERENCE,980997de-e0ea-4407-9d9d-0b86129a39ef,NO_RECORD,NO_INTENT,0,1,0,,703.0,0,0
aep_full-before_intent_write-notifications-081eaf23-r1,(session-3),AEP_FULL,before_intent_write,notifications,POSITIVE_ONLY_READBACK,CALLER_REFERENCE,8b001a78-e5ba-4789-a94b-4b42e1cb415f,NO_RECORD,NO_INTENT,0,1,0,,10.0,0,0
aep_full-before_intent_write-notifications-081eaf23-r1,(session-3),AEP_FULL,before_intent_write,notifications,POSITIVE_ONLY_READBACK,CALLER_REFERENCE,9a743cd6-74ba-495d-a23a-4cef8e8f6a4d,NO_RECORD,NO_INTENT,0,1,0,,3893.0,0,0
aep_full-before_intent_write-notifications-081eaf23-r1,(session-3),AEP_FULL,before_intent_write,notifications,POSITIVE_ONLY_READBACK,CALLER_REFERENCE,25916dd7-ebe8-4225-8a2e-8db23e9e1fd0,NO_RECORD,NO_INTENT,0,1,0,,2856.0,0,0
aep_full-before_intent_write-notifications-081eaf23-r1,(session-3),AEP_FULL,before_intent_write,notifications,POSITIVE_ONLY_READBACK,CALLER_REFERENCE,3044bc49-933a-47c1-8dd3-d124722c7da1,NO_RECORD,NO_INTENT,0,1,0,,1936.0,0,0
aep_full-before_intent_write-notifications-081eaf23-r1,(session-3),AEP_FULL,before_intent_write,notifications,POSITIVE_ONLY_READBACK,CALLER_REFERENCE,fbd61a9a-7802-499f-be34-181df525a221,NO_RECORD,NO_INTENT,0,1,0,,1063.0,0,0
aep_full-before_intent_write-notifications-081eaf23-r1,(session-3),AEP_FULL,before_intent_write,notifications,POSITIVE_ONLY_READBACK,CALLER_REFERENCE,cace8fb5-1ffe-4c9f-abd1-488ebaa78377,NO_RECORD,NO_INTENT,0,1,0,,286.0,0,0
aep_full-before_intent_write-notifications-081eaf23-r2,(session-3),AEP_FULL,before_intent_write,notifications,POSITIVE_ONLY_READBACK,CALLER_REFERENCE,0731cc4b-3b1a-430b-ae38-724fd820b801,NO_RECORD,NO_INTENT,0,1,0,,3276.0,0,0
aep_full-before_intent_write-notifications-081eaf23-r2,(session-3),AEP_FULL,before_intent_write,notifications,POSITIVE_ONLY_READBACK,CALLER_REFERENCE,dbdcd1e8-c7db-482e-8576-5fd69b3197d8,NO_RECORD,NO_INTENT,0,1,0,,2490.0,0,0
aep_full-before_intent_write-notifications-081eaf23-r2,(session-3),AEP_FULL,before_intent_write,notifications,POSITIVE_ONLY_READBACK,CALLER_REFERENCE,d019eb36-cf9d-4472-b40c-e520ec29a6b2,NO_RECORD,NO_INTENT,0,1,0,,1565.0,0,0
aep_full-before_intent_write-notifications-081eaf23-r2,(session-3),AEP_FULL,before_intent_write,notifications,POSITIVE_ONLY_READBACK,CALLER_REFERENCE,eda61aef-6744-4eb4-ad4c-faca95147d76,NO_RECORD,NO_INTENT,0,1,0,,789.0,0,0
aep_full-before_intent_write-notifications-081eaf23-r2,(session-3),AEP_FULL,before_intent_write,notifications,POSITIVE_ONLY_READBACK,CALLER_REFERENCE,0b6a1355-c79a-4ef2-98b1-1228018527f6,NO_RECORD,NO_INTENT,0,1,0,,11.0,0,0
aep_full-before_intent_write-notifications-081eaf23-r2,(session-3),AEP_FULL,before_intent_write,notifications,POSITIVE_ONLY_READBACK,CALLER_REFERENCE,2301ff53-bcad-4df7-bfee-94fac5bea3a8,NO_RECORD,NO_INTENT,0,1,0,,3254.0,0,0
aep_full-before_intent_write-notifications-081eaf23-r2,(session-3),AEP_FULL,before_intent_write,notifications,POSITIVE_ONLY_READBACK,CALLER_REFERENCE,80909817-7a2a-4856-b10c-48e457315066,NO_RECORD,NO_INTENT,0,1,0,,2487.0,0,0
aep_full-before_intent_write-notifications-081eaf23-r2,(session-3),AEP_FULL,before_intent_write,notifications,POSITIVE_ONLY_READBACK,CALLER_REFERENCE,162e09dc-5202-444c-abfc-7896e1b3fb69,NO_RECORD,NO_INTENT,0,1,0,,1585.0,0,0
aep_full-before_intent_write-notifications-081eaf23-r2,(session-3),AEP_FULL,before_intent_write,notifications,POSITIVE_ONLY_READBACK,CALLER_REFERENCE,9c1ce6fe-fa8f-480c-a225-b2f7f2bef6ac,NO_RECORD,NO_INTENT,0,1,0,,777.0,0,0
aep_full-before_intent_write-notifications-081eaf23-r2,(session-3),AEP_FULL,before_intent_write,notifications,POSITIVE_ONLY_READBACK,CALLER_REFERENCE,2bbb35ff-acf1-4d81-97af-1f9e8e8ac80c,NO_RECORD,NO_INTENT,0,1,0,,89.0,0,0
aep_full-before_intent_write-payments-a8a59205-r0,(session-3),AEP_FULL,before_intent_write,payments,AUTHORITATIVE_READBACK,CALLER_REFERENCE,0a102982-1b8c-4cf2-bc21-caf6ccc106be,NO_RECORD,NO_INTENT,0,1,0,,1812.0,0,0
aep_full-before_intent_write-payments-a8a59205-r0,(session-3),AEP_FULL,before_intent_write,payments,AUTHORITATIVE_READBACK,CALLER_REFERENCE,37dabe60-9541-4834-9bc3-e266d8b36e7c,NO_RECORD,NO_INTENT,0,1,0,,1398.0,0,0
aep_full-before_intent_write-payments-a8a59205-r0,(session-3),AEP_FULL,before_intent_write,payments,AUTHORITATIVE_READBACK,CALLER_REFERENCE,bff67c3f-2383-4482-a080-968d82df598c,NO_RECORD,NO_INTENT,0,1,0,,959.0,0,0
aep_full-before_intent_write-payments-a8a59205-r0,(session-3),AEP_FULL,before_intent_write,payments,AUTHORITATIVE_READBACK,CALLER_REFERENCE,30c97288-d44f-4943-853d-9385ca3c8fbd,NO_RECORD,NO_INTENT,0,1,0,,479.0,0,0
aep_full-before_intent_write-payments-a8a59205-r0,(session-3),AEP_FULL,before_intent_write,payments,AUTHORITATIVE_READBACK,CALLER_REFERENCE,74614b0d-24d7-41b2-aa1e-2a2689689aa7,NO_RECORD,NO_INTENT,0,1,0,,23.0,0,0
aep_full-before_intent_write-payments-a8a59205-r0,(session-3),AEP_FULL,before_intent_write,payments,AUTHORITATIVE_READBACK,CALLER_REFERENCE,fad90460-0220-475a-b819-86e827c277b7,NO_RECORD,NO_INTENT,0,1,0,,1819.0,0,0
aep_full-before_intent_write-payments-a8a59205-r0,(session-3),AEP_FULL,before_intent_write,payments,AUTHORITATIVE_READBACK,CALLER_REFERENCE,b19f864d-ccbe-45a0-b619-f50de97dcc28,NO_RECORD,NO_INTENT,0,1,0,,1402.0,0,0
aep_full-before_intent_write-payments-a8a59205-r0,(session-3),AEP_FULL,before_intent_write,payments,AUTHORITATIVE_READBACK,CALLER_REFERENCE,82edb639-1627-423f-91d8-4f346b3707f2,NO_RECORD,NO_INTENT,0,1,0,,959.0,0,0
aep_full-before_intent_write-payments-a8a59205-r0,(session-3),AEP_FULL,before_intent_write,payments,AUTHORITATIVE_READBACK,CALLER_REFERENCE,ca1b1c95-e652-44cf-bd9e-e9b7b3770500,NO_RECORD,NO_INTENT,0,1,0,,476.0,0,0
aep_full-before_intent_write-payments-a8a59205-r0,(session-3),AEP_FULL,before_intent_write,payments,AUTHORITATIVE_READBACK,CALLER_REFERENCE,2b086174-ce11-4b46-9a4d-ec6746d72979,NO_RECORD,NO_INTENT,0,1,0,,14.0,0,0
aep_full-before_intent_write-payments-a8a59205-r1,(session-3),AEP_FULL,before_intent_write,payments,AUTHORITATIVE_READBACK,CALLER_REFERENCE,c08eccfc-3826-4319-b8a2-38a027acc8ce,NO_RECORD,NO_INTENT,0,1,0,,2027.0,0,0
aep_full-before_intent_write-payments-a8a59205-r1,(session-3),AEP_FULL,before_intent_write,payments,AUTHORITATIVE_READBACK,CALLER_REFERENCE,90683911-c4f2-493f-a560-2420d00bd0e9,NO_RECORD,NO_INTENT,0,1,0,,1573.0,0,0
aep_full-before_intent_write-payments-a8a59205-r1,(session-3),AEP_FULL,before_intent_write,payments,AUTHORITATIVE_READBACK,CALLER_REFERENCE,ee9ced67-c603-42b3-a13c-fac7c76d4d43,NO_RECORD,NO_INTENT,0,1,0,,957.0,0,0
aep_full-before_intent_write-payments-a8a59205-r1,(session-3),AEP_FULL,before_intent_write,payments,AUTHORITATIVE_READBACK,CALLER_REFERENCE,78707ba4-da3c-43b3-98b6-2b491d2ae584,NO_RECORD,NO_INTENT,0,1,0,,490.0,0,0
aep_full-before_intent_write-payments-a8a59205-r1,(session-3),AEP_FULL,before_intent_write,payments,AUTHORITATIVE_READBACK,CALLER_REFERENCE,b3e024d8-726b-4140-b103-07a6b806779c,NO_RECORD,NO_INTENT,0,1,0,,7.0,0,0
aep_full-before_intent_write-payments-a8a59205-r1,(session-3),AEP_FULL,before_intent_write,payments,AUTHORITATIVE_READBACK,CALLER_REFERENCE,3eb919b6-e855-4c97-a3ad-7c2719634f87,NO_RECORD,NO_INTENT,0,1,0,,2023.0,0,0
aep_full-before_intent_write-payments-a8a59205-r1,(session-3),AEP_FULL,before_intent_write,payments,AUTHORITATIVE_READBACK,CALLER_REFERENCE,f881b2d1-b699-408d-8ca2-a289fe903fd5,NO_RECORD,NO_INTENT,0,1,0,,1554.0,0,0
aep_full-before_intent_write-payments-a8a59205-r1,(session-3),AEP_FULL,before_intent_write,payments,AUTHORITATIVE_READBACK,CALLER_REFERENCE,d29f79b5-6fbd-483d-8aa0-f83818e3cde1,NO_RECORD,NO_INTENT,0,1,0,,968.0,0,0
aep_full-before_intent_write-payments-a8a59205-r1,(session-3),AEP_FULL,before_intent_write,payments,AUTHORITATIVE_READBACK,CALLER_REFERENCE,59d37dd2-6f64-40e6-9f65-440ed8c3f333,NO_RECORD,NO_INTENT,0,1,0,,528.0,0,0
aep_full-before_intent_write-payments-a8a59205-r1,(session-3),AEP_FULL,before_intent_write,payments,AUTHORITATIVE_READBACK,CALLER_REFERENCE,548b3341-42ac-4e8f-ac17-15d2185660c1,NO_RECORD,NO_INTENT,0,1,0,,24.0,0,0
aep_full-before_intent_write-payments-a8a59205-r2,(session-3),AEP_FULL,before_intent_write,payments,AUTHORITATIVE_READBACK,CALLER_REFERENCE,c87b8196-6771-4625-9390-b7061d31cd53,NO_RECORD,NO_INTENT,0,1,0,,1909.0,0,0
aep_full-before_intent_write-payments-a8a59205-r2,(session-3),AEP_FULL,before_intent_write,payments,AUTHORITATIVE_READBACK,CALLER_REFERENCE,d2744c89-b778-44be-a6d9-991088efabfc,NO_RECORD,NO_INTENT,0,1,0,,1385.0,0,0
aep_full-before_intent_write-payments-a8a59205-r2,(session-3),AEP_FULL,before_intent_write,payments,AUTHORITATIVE_READBACK,CALLER_REFERENCE,13208292-463a-4339-8cd0-07c915b73c8e,NO_RECORD,NO_INTENT,0,1,0,,948.0,0,0
aep_full-before_intent_write-payments-a8a59205-r2,(session-3),AEP_FULL,before_intent_write,payments,AUTHORITATIVE_READBACK,CALLER_REFERENCE,8813b878-0e65-4deb-9d11-aa2c8f4587a1,NO_RECORD,NO_INTENT,0,1,0,,513.0,0,0
aep_full-before_intent_write-payments-a8a59205-r2,(session-3),AEP_FULL,before_intent_write,payments,AUTHORITATIVE_READBACK,CALLER_REFERENCE,70e80d03-1b57-4659-b823-364048b7a25b,NO_RECORD,NO_INTENT,0,1,0,,11.0,0,0
aep_full-before_intent_write-payments-a8a59205-r2,(session-3),AEP_FULL,before_intent_write,payments,AUTHORITATIVE_READBACK,CALLER_REFERENCE,83528d91-6cf5-44bd-b5de-4927f9933ef1,NO_RECORD,NO_INTENT,0,1,0,,1934.0,0,0
aep_full-before_intent_write-payments-a8a59205-r2,(session-3),AEP_FULL,before_intent_write,payments,AUTHORITATIVE_READBACK,CALLER_REFERENCE,5febce34-b87c-4a03-8b1d-3b2fd2e37178,NO_RECORD,NO_INTENT,0,1,0,,1441.0,0,0
aep_full-before_intent_write-payments-a8a59205-r2,(session-3),AEP_FULL,before_intent_write,payments,AUTHORITATIVE_READBACK,CALLER_REFERENCE,d2b6b237-60a8-4040-892e-72e0c3692c87,NO_RECORD,NO_INTENT,0,1,0,,1002.0,0,0
aep_full-before_intent_write-payments-a8a59205-r2,(session-3),AEP_FULL,before_intent_write,payments,AUTHORITATIVE_READBACK,CALLER_REFERENCE,f0c6ccf1-7ad8-4e30-823e-4db341fbd069,NO_RECORD,NO_INTENT,0,1,0,,571.0,0,0
aep_full-before_intent_write-payments-a8a59205-r2,(session-3),AEP_FULL,before_intent_write,payments,AUTHORITATIVE_READBACK,CALLER_REFERENCE,0ea7a3b6-a1cf-4fde-95fe-7fab7864de3d,NO_RECORD,NO_INTENT,0,1,0,,54.0,0,0
aep_full-mid_dispatch-ledger_postings-21d57516-r0,(session-3),AEP_FULL,mid_dispatch,ledger_postings,NO_READBACK,CALLER_REFERENCE,348e77cf-dc10-4a78-9a58-a2b3c7cfac28,DECLARED_AMBIGUOUS,PERMANENTLY_AMBIGUOUS,1,1,0,,36137.0,0,0
aep_full-mid_dispatch-ledger_postings-21d57516-r0,(session-3),AEP_FULL,mid_dispatch,ledger_postings,NO_READBACK,CALLER_REFERENCE,1b36a5a9-0b2c-46e8-aefb-97913e2c92f7,DECLARED_AMBIGUOUS,PERMANENTLY_AMBIGUOUS,1,1,0,,34126.0,0,0
aep_full-mid_dispatch-ledger_postings-21d57516-r0,(session-3),AEP_FULL,mid_dispatch,ledger_postings,NO_READBACK,CALLER_REFERENCE,0834a20a-c3f5-49d1-95f5-af4d68d232f4,DECLARED_AMBIGUOUS,PERMANENTLY_AMBIGUOUS,1,1,0,,32221.0,0,0
aep_full-mid_dispatch-ledger_postings-21d57516-r0,(session-3),AEP_FULL,mid_dispatch,ledger_postings,NO_READBACK,CALLER_REFERENCE,41e2305f-f353-404d-940f-6671de474647,DECLARED_AMBIGUOUS,PERMANENTLY_AMBIGUOUS,1,1,0,,30210.0,0,0
aep_full-mid_dispatch-ledger_postings-21d57516-r0,(session-3),AEP_FULL,mid_dispatch,ledger_postings,NO_READBACK,CALLER_REFERENCE,f93a673f-123c-4b58-aab2-37000c9cfbc0,DECLARED_AMBIGUOUS,PERMANENTLY_AMBIGUOUS,1,1,0,,28240.0,0,0
aep_full-mid_dispatch-ledger_postings-21d57516-r0,(session-3),AEP_FULL,mid_dispatch,ledger_postings,NO_READBACK,CALLER_REFERENCE,3ed8f498-fcea-4e3a-963d-7b76df30eeb8,DECLARED_AMBIGUOUS,PERMANENTLY_AMBIGUOUS,1,1,0,,36136.0,0,0
aep_full-mid_dispatch-ledger_postings-21d57516-r0,(session-3),AEP_FULL,mid_dispatch,ledger_postings,NO_READBACK,CALLER_REFERENCE,369521a3-1ee2-4c2f-a7e7-075ea9d796f3,DECLARED_AMBIGUOUS,PERMANENTLY_AMBIGUOUS,1,1,0,,34126.0,0,0
aep_full-mid_dispatch-ledger_postings-21d57516-r0,(session-3),AEP_FULL,mid_dispatch,ledger_postings,NO_READBACK,CALLER_REFERENCE,d1eef280-a864-4a62-84a1-efde4490ab7c,DECLARED_AMBIGUOUS,PERMANENTLY_AMBIGUOUS,1,1,0,,32220.0,0,0
aep_full-mid_dispatch-ledger_postings-21d57516-r0,(session-3),AEP_FULL,mid_dispatch,ledger_postings,NO_READBACK,CALLER_REFERENCE,633086cd-6d2a-416f-a0c4-488ed18be4ec,DECLARED_AMBIGUOUS,PERMANENTLY_AMBIGUOUS,1,1,0,,30207.0,0,0
aep_full-mid_dispatch-ledger_postings-21d57516-r0,(session-3),AEP_FULL,mid_dispatch,ledger_postings,NO_READBACK,CALLER_REFERENCE,8e4ce142-aca1-400d-b58b-0001b1ebcbe9,DECLARED_AMBIGUOUS,PERMANENTLY_AMBIGUOUS,1,1,0,,28240.0,0,0
aep_full-mid_dispatch-ledger_postings-21d57516-r1,(session-3),AEP_FULL,mid_dispatch,ledger_postings,NO_READBACK,CALLER_REFERENCE,6a478a03-c6da-458c-8332-560eaea8e0c6,DECLARED_AMBIGUOUS,PERMANENTLY_AMBIGUOUS,1,1,0,,36226.0,0,0
aep_full-mid_dispatch-ledger_postings-21d57516-r1,(session-3),AEP_FULL,mid_dispatch,ledger_postings,NO_READBACK,CALLER_REFERENCE,c9585eca-57c0-4dff-9cc8-1c1d38fe6801,DECLARED_AMBIGUOUS,PERMANENTLY_AMBIGUOUS,1,1,0,,34319.0,0,0
aep_full-mid_dispatch-ledger_postings-21d57516-r1,(session-3),AEP_FULL,mid_dispatch,ledger_postings,NO_READBACK,CALLER_REFERENCE,47712caf-3b43-4fed-8c2e-37cab3d640d3,DECLARED_AMBIGUOUS,PERMANENTLY_AMBIGUOUS,1,1,0,,32395.0,0,0
aep_full-mid_dispatch-ledger_postings-21d57516-r1,(session-3),AEP_FULL,mid_dispatch,ledger_postings,NO_READBACK,CALLER_REFERENCE,3dcdc82a-5555-45e3-84e8-afccff0d3a17,DECLARED_AMBIGUOUS,PERMANENTLY_AMBIGUOUS,1,1,0,,30286.0,0,0
aep_full-mid_dispatch-ledger_postings-21d57516-r1,(session-3),AEP_FULL,mid_dispatch,ledger_postings,NO_READBACK,CALLER_REFERENCE,b2489714-12cc-47cc-830d-07cdbcf936e3,DECLARED_AMBIGUOUS,PERMANENTLY_AMBIGUOUS,1,1,0,,28273.0,0,0
aep_full-mid_dispatch-ledger_postings-21d57516-r1,(session-3),AEP_FULL,mid_dispatch,ledger_postings,NO_READBACK,CALLER_REFERENCE,bae2a41a-df69-4266-8a91-4c825d58edc1,DECLARED_AMBIGUOUS,PERMANENTLY_AMBIGUOUS,1,1,0,,36225.0,0,0
aep_full-mid_dispatch-ledger_postings-21d57516-r1,(session-3),AEP_FULL,mid_dispatch,ledger_postings,NO_READBACK,CALLER_REFERENCE,40303298-8c6f-4052-bafa-5ad41fcbb5d1,DECLARED_AMBIGUOUS,PERMANENTLY_AMBIGUOUS,0,1,0,,34319.0,0,0
aep_full-mid_dispatch-ledger_postings-21d57516-r1,(session-3),AEP_FULL,mid_dispatch,ledger_postings,NO_READBACK,CALLER_REFERENCE,1a17e5d0-b9c7-45f8-9e56-0e141cedec2c,DECLARED_AMBIGUOUS,PERMANENTLY_AMBIGUOUS,0,1,0,,32396.0,0,0
aep_full-mid_dispatch-ledger_postings-21d57516-r1,(session-3),AEP_FULL,mid_dispatch,ledger_postings,NO_READBACK,CALLER_REFERENCE,7ace549c-4f95-48c0-9dc7-69728ddad024,DECLARED_AMBIGUOUS,PERMANENTLY_AMBIGUOUS,1,1,0,,30286.0,0,0
aep_full-mid_dispatch-ledger_postings-21d57516-r1,(session-3),AEP_FULL,mid_dispatch,ledger_postings,NO_READBACK,CALLER_REFERENCE,4b788ebb-1f83-4f0d-a1fe-906560b19c07,DECLARED_AMBIGUOUS,PERMANENTLY_AMBIGUOUS,1,1,0,,28274.0,0,0
aep_full-mid_dispatch-ledger_postings-21d57516-r2,(session-3),AEP_FULL,mid_dispatch,ledger_postings,NO_READBACK,CALLER_REFERENCE,d5b2e969-807b-4593-973c-0791c4c0e716,DECLARED_AMBIGUOUS,PERMANENTLY_AMBIGUOUS,1,1,0,,36256.0,0,0
aep_full-mid_dispatch-ledger_postings-21d57516-r2,(session-3),AEP_FULL,mid_dispatch,ledger_postings,NO_READBACK,CALLER_REFERENCE,db7314f9-5e63-4f50-a312-d2497898e48b,DECLARED_AMBIGUOUS,PERMANENTLY_AMBIGUOUS,1,1,0,,34246.0,0,0
aep_full-mid_dispatch-ledger_postings-21d57516-r2,(session-3),AEP_FULL,mid_dispatch,ledger_postings,NO_READBACK,CALLER_REFERENCE,37c700cc-c56a-41a2-8f2d-0698381f039b,DECLARED_AMBIGUOUS,PERMANENTLY_AMBIGUOUS,1,1,0,,32127.0,0,0
aep_full-mid_dispatch-ledger_postings-21d57516-r2,(session-3),AEP_FULL,mid_dispatch,ledger_postings,NO_READBACK,CALLER_REFERENCE,cb195f40-e0ca-41cd-a700-b7243423d0b3,DECLARED_AMBIGUOUS,PERMANENTLY_AMBIGUOUS,1,1,0,,30122.0,0,0
aep_full-mid_dispatch-ledger_postings-21d57516-r2,(session-3),AEP_FULL,mid_dispatch,ledger_postings,NO_READBACK,CALLER_REFERENCE,faeaec0a-6036-44dc-9ad7-c6e32a26bd2d,DECLARED_AMBIGUOUS,PERMANENTLY_AMBIGUOUS,1,1,0,,28208.0,0,0
aep_full-mid_dispatch-ledger_postings-21d57516-r2,(session-3),AEP_FULL,mid_dispatch,ledger_postings,NO_READBACK,CALLER_REFERENCE,ecf1614d-514f-462a-9925-a6f58343723e,DECLARED_AMBIGUOUS,PERMANENTLY_AMBIGUOUS,1,1,0,,36256.0,0,0
aep_full-mid_dispatch-ledger_postings-21d57516-r2,(session-3),AEP_FULL,mid_dispatch,ledger_postings,NO_READBACK,CALLER_REFERENCE,887dfac3-073d-4d40-84a8-fd773abac2d7,DECLARED_AMBIGUOUS,PERMANENTLY_AMBIGUOUS,1,1,0,,34247.0,0,0
aep_full-mid_dispatch-ledger_postings-21d57516-r2,(session-3),AEP_FULL,mid_dispatch,ledger_postings,NO_READBACK,CALLER_REFERENCE,48c99eb3-1aa1-4b30-8c44-b4b37e1eb5d6,DECLARED_AMBIGUOUS,PERMANENTLY_AMBIGUOUS,1,1,0,,32127.0,0,0
aep_full-mid_dispatch-ledger_postings-21d57516-r2,(session-3),AEP_FULL,mid_dispatch,ledger_postings,NO_READBACK,CALLER_REFERENCE,42527133-d98c-40f6-903b-b6693d911900,DECLARED_AMBIGUOUS,PERMANENTLY_AMBIGUOUS,1,1,0,,30122.0,0,0
aep_full-mid_dispatch-ledger_postings-21d57516-r2,(session-3),AEP_FULL,mid_dispatch,ledger_postings,NO_READBACK,CALLER_REFERENCE,285ffdef-bf26-48b0-a6ed-7a3e80ee15d6,DECLARED_AMBIGUOUS,PERMANENTLY_AMBIGUOUS,1,1,0,,28199.0,0,0
aep_full-mid_dispatch-notifications-ea8836a3-r0,(session-3),AEP_FULL,mid_dispatch,notifications,POSITIVE_ONLY_READBACK,CALLER_REFERENCE,da459fa7-40e5-469b-9696-2232e8f97c20,CONFIRMED_APPLIED,FIRED_CONFIRMED,1,1,0,,36241.0,0,0
aep_full-mid_dispatch-notifications-ea8836a3-r0,(session-3),AEP_FULL,mid_dispatch,notifications,POSITIVE_ONLY_READBACK,CALLER_REFERENCE,6e406319-7efb-4e66-9e1d-62745f28ffad,CONFIRMED_APPLIED,FIRED_CONFIRMED,1,1,0,,34259.0,0,0
aep_full-mid_dispatch-notifications-ea8836a3-r0,(session-3),AEP_FULL,mid_dispatch,notifications,POSITIVE_ONLY_READBACK,CALLER_REFERENCE,4084e1ac-2307-4ee6-a453-6eca4857df1d,CONFIRMED_APPLIED,FIRED_CONFIRMED,1,1,0,,32223.0,0,0
aep_full-mid_dispatch-notifications-ea8836a3-r0,(session-3),AEP_FULL,mid_dispatch,notifications,POSITIVE_ONLY_READBACK,CALLER_REFERENCE,11b37629-937d-49f7-8094-27393618f5b1,CONFIRMED_APPLIED,FIRED_CONFIRMED,1,1,0,,30215.0,0,0
aep_full-mid_dispatch-notifications-ea8836a3-r0,(session-3),AEP_FULL,mid_dispatch,notifications,POSITIVE_ONLY_READBACK,CALLER_REFERENCE,870f7dcf-a1fd-4fc1-9a90-837d6457215e,CONFIRMED_APPLIED,FIRED_CONFIRMED,1,1,0,,28207.0,0,0
aep_full-mid_dispatch-notifications-ea8836a3-r0,(session-3),AEP_FULL,mid_dispatch,notifications,POSITIVE_ONLY_READBACK,CALLER_REFERENCE,af16a27e-715f-4fbf-8490-29a5f4f6efd2,CONFIRMED_APPLIED,FIRED_CONFIRMED,1,1,0,,36241.0,0,0
aep_full-mid_dispatch-notifications-ea8836a3-r0,(session-3),AEP_FULL,mid_dispatch,notifications,POSITIVE_ONLY_READBACK,CALLER_REFERENCE,f6a29905-8503-4e98-bd55-160095a7c73f,CONFIRMED_APPLIED,FIRED_CONFIRMED,1,1,0,,34259.0,0,0
aep_full-mid_dispatch-notifications-ea8836a3-r0,(session-3),AEP_FULL,mid_dispatch,notifications,POSITIVE_ONLY_READBACK,CALLER_REFERENCE,6e5fa77e-97d9-495d-ab3e-cea4d89f9bb8,CONFIRMED_APPLIED,FIRED_CONFIRMED,1,1,0,,32224.0,0,0
aep_full-mid_dispatch-notifications-ea8836a3-r0,(session-3),AEP_FULL,mid_dispatch,notifications,POSITIVE_ONLY_READBACK,CALLER_REFERENCE,b546f149-275e-49c0-82db-511947726cc9,CONFIRMED_APPLIED,FIRED_CONFIRMED,1,1,0,,30215.0,0,0
aep_full-mid_dispatch-notifications-ea8836a3-r0,(session-3),AEP_FULL,mid_dispatch,notifications,POSITIVE_ONLY_READBACK,CALLER_REFERENCE,92c5fdde-332a-4ea4-a887-5c6df31db775,CONFIRMED_APPLIED,FIRED_CONFIRMED,1,1,0,,28205.0,0,0
aep_full-mid_dispatch-notifications-ea8836a3-r1,(session-3),AEP_FULL,mid_dispatch,notifications,POSITIVE_ONLY_READBACK,CALLER_REFERENCE,8df70901-0813-4477-8b88-3ae5cb703187,CONFIRMED_APPLIED,FIRED_CONFIRMED,1,1,0,,35066.0,0,0
aep_full-mid_dispatch-notifications-ea8836a3-r1,(session-3),AEP_FULL,mid_dispatch,notifications,POSITIVE_ONLY_READBACK,CALLER_REFERENCE,3ea20301-5db4-454f-9235-c2a3b60cbb47,CONFIRMED_APPLIED,FIRED_CONFIRMED,1,1,0,,33063.0,0,0
aep_full-mid_dispatch-notifications-ea8836a3-r1,(session-3),AEP_FULL,mid_dispatch,notifications,POSITIVE_ONLY_READBACK,CALLER_REFERENCE,3fc5cd21-af99-483a-8b1c-abd8726fe3b5,CONFIRMED_APPLIED,FIRED_CONFIRMED,1,1,0,,29975.0,0,0
aep_full-mid_dispatch-notifications-ea8836a3-r1,(session-3),AEP_FULL,mid_dispatch,notifications,POSITIVE_ONLY_READBACK,CALLER_REFERENCE,ed8575d4-9c08-4b4c-a128-418e23397e8e,CONFIRMED_APPLIED,FIRED_CONFIRMED,1,1,0,,28055.0,0,0
aep_full-mid_dispatch-notifications-ea8836a3-r1,(session-3),AEP_FULL,mid_dispatch,notifications,POSITIVE_ONLY_READBACK,CALLER_REFERENCE,abcd76d6-c1a8-4f30-9500-403a87fa4735,CONFIRMED_APPLIED,FIRED_CONFIRMED,1,1,0,,26207.0,0,0
aep_full-mid_dispatch-notifications-ea8836a3-r1,(session-3),AEP_FULL,mid_dispatch,notifications,POSITIVE_ONLY_READBACK,CALLER_REFERENCE,5caf86e0-f277-4033-bb2b-567d03524a4e,CONFIRMED_APPLIED,FIRED_CONFIRMED,1,1,0,,35066.0,0,0
aep_full-mid_dispatch-notifications-ea8836a3-r1,(session-3),AEP_FULL,mid_dispatch,notifications,POSITIVE_ONLY_READBACK,CALLER_REFERENCE,1123d814-e745-4008-8dd7-0d579a9b7db3,CONFIRMED_APPLIED,FIRED_CONFIRMED,1,1,0,,33072.0,0,0
aep_full-mid_dispatch-notifications-ea8836a3-r1,(session-3),AEP_FULL,mid_dispatch,notifications,POSITIVE_ONLY_READBACK,CALLER_REFERENCE,f4640955-9589-40a8-bdca-6cb1bb813c2d,CONFIRMED_APPLIED,FIRED_CONFIRMED,1,1,0,,30979.0,0,0
aep_full-mid_dispatch-notifications-ea8836a3-r1,(session-3),AEP_FULL,mid_dispatch,notifications,POSITIVE_ONLY_READBACK,CALLER_REFERENCE,f17c2b5e-63fa-4b9a-bfc7-547e2271f4ca,CONFIRMED_APPLIED,FIRED_CONFIRMED,1,1,0,,29062.0,0,0
aep_full-mid_dispatch-notifications-ea8836a3-r1,(session-3),AEP_FULL,mid_dispatch,notifications,POSITIVE_ONLY_READBACK,CALLER_REFERENCE,7f62554f-b961-4f74-a676-bc65aaaec99f,CONFIRMED_APPLIED,FIRED_CONFIRMED,1,1,0,,27149.0,0,0
aep_full-mid_dispatch-notifications-ea8836a3-r2,(session-3),AEP_FULL,mid_dispatch,notifications,POSITIVE_ONLY_READBACK,CALLER_REFERENCE,d7ce2624-ace2-409a-8a09-e5fa90f58184,CONFIRMED_APPLIED,FIRED_CONFIRMED,1,1,0,,36246.0,0,0
aep_full-mid_dispatch-notifications-ea8836a3-r2,(session-3),AEP_FULL,mid_dispatch,notifications,POSITIVE_ONLY_READBACK,CALLER_REFERENCE,0183ebab-1e88-4e8e-b05b-8596c77691d5,CONFIRMED_APPLIED,FIRED_CONFIRMED,1,1,0,,34233.0,0,0
aep_full-mid_dispatch-notifications-ea8836a3-r2,(session-3),AEP_FULL,mid_dispatch,notifications,POSITIVE_ONLY_READBACK,CALLER_REFERENCE,3119d784-c6a2-428b-bdd1-c1f0ec3e2ab1,CONFIRMED_APPLIED,FIRED_CONFIRMED,1,1,0,,32227.0,0,0
aep_full-mid_dispatch-notifications-ea8836a3-r2,(session-3),AEP_FULL,mid_dispatch,notifications,POSITIVE_ONLY_READBACK,CALLER_REFERENCE,2e997651-2562-4cd7-8b13-7a408f04aca2,CONFIRMED_APPLIED,FIRED_CONFIRMED,1,1,0,,30217.0,0,0
aep_full-mid_dispatch-notifications-ea8836a3-r2,(session-3),AEP_FULL,mid_dispatch,notifications,POSITIVE_ONLY_READBACK,CALLER_REFERENCE,7c2a8583-c398-4460-b8b5-a716038ef8df,CONFIRMED_APPLIED,FIRED_CONFIRMED,1,1,0,,28204.0,0,0
aep_full-mid_dispatch-notifications-ea8836a3-r2,(session-3),AEP_FULL,mid_dispatch,notifications,POSITIVE_ONLY_READBACK,CALLER_REFERENCE,023794f1-7047-417f-a308-6ed405285b25,CONFIRMED_APPLIED,FIRED_CONFIRMED,1,1,0,,36246.0,0,0
aep_full-mid_dispatch-notifications-ea8836a3-r2,(session-3),AEP_FULL,mid_dispatch,notifications,POSITIVE_ONLY_READBACK,CALLER_REFERENCE,30d4bcf1-8e05-4b26-a8db-a866bccf4006,CONFIRMED_APPLIED,FIRED_CONFIRMED,1,1,0,,34233.0,0,0
aep_full-mid_dispatch-notifications-ea8836a3-r2,(session-3),AEP_FULL,mid_dispatch,notifications,POSITIVE_ONLY_READBACK,CALLER_REFERENCE,52600baf-90b9-40dc-a7b5-bfc2ef457677,CONFIRMED_APPLIED,FIRED_CONFIRMED,1,1,0,,32227.0,0,0
aep_full-mid_dispatch-notifications-ea8836a3-r2,(session-3),AEP_FULL,mid_dispatch,notifications,POSITIVE_ONLY_READBACK,CALLER_REFERENCE,28bf8606-6814-4599-a4f6-166d35e062fb,CONFIRMED_APPLIED,FIRED_CONFIRMED,1,1,0,,30217.0,0,0
aep_full-mid_dispatch-notifications-ea8836a3-r2,(session-3),AEP_FULL,mid_dispatch,notifications,POSITIVE_ONLY_READBACK,CALLER_REFERENCE,1723fbd9-9bff-44d9-8a4d-3f9b0c1662aa,CONFIRMED_APPLIED,FIRED_CONFIRMED,1,1,0,,28206.0,0,0
aep_full-mid_dispatch-payments-71ad8739-r0,(session-3),AEP_FULL,mid_dispatch,payments,AUTHORITATIVE_READBACK,CALLER_REFERENCE,23094248-782c-4f98-b800-787977b9d023,CONFIRMED_APPLIED,FIRED_CONFIRMED,1,1,0,,34195.0,0,0
aep_full-mid_dispatch-payments-71ad8739-r0,(session-3),AEP_FULL,mid_dispatch,payments,AUTHORITATIVE_READBACK,CALLER_REFERENCE,aa6d2a19-c682-4bd5-8e24-e74c7ed20ce4,CONFIRMED_APPLIED,FIRED_CONFIRMED,1,1,0,,32313.0,0,0
aep_full-mid_dispatch-payments-71ad8739-r0,(session-3),AEP_FULL,mid_dispatch,payments,AUTHORITATIVE_READBACK,CALLER_REFERENCE,7a94dd02-1544-4868-ba7c-1a8d8da735b4,CONFIRMED_APPLIED,FIRED_CONFIRMED,1,1,0,,30271.0,0,0
aep_full-mid_dispatch-payments-71ad8739-r0,(session-3),AEP_FULL,mid_dispatch,payments,AUTHORITATIVE_READBACK,CALLER_REFERENCE,ba774a21-9681-4323-93b7-d8d0ab6732ca,CONFIRMED_APPLIED,FIRED_CONFIRMED,1,1,0,,28241.0,0,0
aep_full-mid_dispatch-payments-71ad8739-r0,(session-3),AEP_FULL,mid_dispatch,payments,AUTHORITATIVE_READBACK,CALLER_REFERENCE,5fc43b44-b8cf-467a-90fb-e76c209efc52,CONFIRMED_APPLIED,FIRED_CONFIRMED,1,1,0,,26227.0,0,0
aep_full-mid_dispatch-payments-71ad8739-r0,(session-3),AEP_FULL,mid_dispatch,payments,AUTHORITATIVE_READBACK,CALLER_REFERENCE,81e70357-f4b8-4620-bfcd-8de30676831b,CONFIRMED_APPLIED,FIRED_CONFIRMED,1,1,0,,34195.0,0,0
aep_full-mid_dispatch-payments-71ad8739-r0,(session-3),AEP_FULL,mid_dispatch,payments,AUTHORITATIVE_READBACK,CALLER_REFERENCE,ea6461d0-ac7c-43d0-86ff-f9e46c52c332,CONFIRMED_APPLIED,FIRED_CONFIRMED,1,1,0,,32313.0,0,0
aep_full-mid_dispatch-payments-71ad8739-r0,(session-3),AEP_FULL,mid_dispatch,payments,AUTHORITATIVE_READBACK,CALLER_REFERENCE,344491f0-ad4e-4702-92bd-87d90079107d,CONFIRMED_APPLIED,FIRED_CONFIRMED,1,1,0,,30270.0,0,0
aep_full-mid_dispatch-payments-71ad8739-r0,(session-3),AEP_FULL,mid_dispatch,payments,AUTHORITATIVE_READBACK,CALLER_REFERENCE,4ab1430a-f29e-4ade-bd93-8ff43480f61b,CONFIRMED_APPLIED,FIRED_CONFIRMED,1,1,0,,28241.0,0,0
aep_full-mid_dispatch-payments-71ad8739-r0,(session-3),AEP_FULL,mid_dispatch,payments,AUTHORITATIVE_READBACK,CALLER_REFERENCE,c9aa1781-adc3-45d5-8e92-571896b9336f,CONFIRMED_APPLIED,FIRED_CONFIRMED,1,1,0,,26227.0,0,0
aep_full-mid_dispatch-payments-71ad8739-r1,(session-3),AEP_FULL,mid_dispatch,payments,AUTHORITATIVE_READBACK,CALLER_REFERENCE,c53230cd-4261-4fdf-bcdd-090d2b45cca4,CONFIRMED_NOT_APPLIED,FAILED_CONFIRMED,0,1,0,,787824.0,0,0
aep_full-mid_dispatch-payments-71ad8739-r1,(session-3),AEP_FULL,mid_dispatch,payments,AUTHORITATIVE_READBACK,CALLER_REFERENCE,47f958a3-9da6-4ed3-924d-71cfbe20d348,CONFIRMED_APPLIED,FIRED_CONFIRMED,1,1,0,,785803.0,0,0
aep_full-mid_dispatch-payments-71ad8739-r1,(session-3),AEP_FULL,mid_dispatch,payments,AUTHORITATIVE_READBACK,CALLER_REFERENCE,6a9f478f-491c-4618-819e-edb1d07b3e7b,CONFIRMED_APPLIED,FIRED_CONFIRMED,1,1,0,,783919.0,0,0
aep_full-mid_dispatch-payments-71ad8739-r1,(session-3),AEP_FULL,mid_dispatch,payments,AUTHORITATIVE_READBACK,CALLER_REFERENCE,140be5bf-e8a1-43b1-bfdb-24ec3b95bf86,CONFIRMED_APPLIED,FIRED_CONFIRMED,1,1,0,,781906.0,0,0
aep_full-mid_dispatch-payments-71ad8739-r1,(session-3),AEP_FULL,mid_dispatch,payments,AUTHORITATIVE_READBACK,CALLER_REFERENCE,b58f71f3-7a96-427f-85d7-1dddf76b3048,CONFIRMED_APPLIED,FIRED_CONFIRMED,1,1,0,,779896.0,0,0
aep_full-mid_dispatch-payments-71ad8739-r1,(session-3),AEP_FULL,mid_dispatch,payments,AUTHORITATIVE_READBACK,CALLER_REFERENCE,f13b782b-0661-4b92-9682-88e2dcc2fa0c,CONFIRMED_APPLIED,FIRED_CONFIRMED,1,1,0,,787824.0,0,0
aep_full-mid_dispatch-payments-71ad8739-r1,(session-3),AEP_FULL,mid_dispatch,payments,AUTHORITATIVE_READBACK,CALLER_REFERENCE,0ef050eb-30a6-4189-b42e-3ff9afd6a675,CONFIRMED_APPLIED,FIRED_CONFIRMED,1,1,0,,785803.0,0,0
aep_full-mid_dispatch-payments-71ad8739-r1,(session-3),AEP_FULL,mid_dispatch,payments,AUTHORITATIVE_READBACK,CALLER_REFERENCE,ec4db369-abba-46ac-9c1d-7dd59b849878,CONFIRMED_APPLIED,FIRED_CONFIRMED,1,1,0,,783923.0,0,0
aep_full-mid_dispatch-payments-71ad8739-r1,(session-3),AEP_FULL,mid_dispatch,payments,AUTHORITATIVE_READBACK,CALLER_REFERENCE,22d11537-cd01-4c19-9213-eb5323c55c48,CONFIRMED_APPLIED,FIRED_CONFIRMED,1,1,0,,781905.0,0,0
aep_full-mid_dispatch-payments-71ad8739-r1,(session-3),AEP_FULL,mid_dispatch,payments,AUTHORITATIVE_READBACK,CALLER_REFERENCE,d33e7dbe-e01f-4ff6-91e1-2771f25fd3da,CONFIRMED_APPLIED,FIRED_CONFIRMED,1,1,0,,779896.0,0,0
aep_full-mid_dispatch-payments-71ad8739-r2,(session-3),AEP_FULL,mid_dispatch,payments,AUTHORITATIVE_READBACK,CALLER_REFERENCE,a8a105c3-de4a-4721-a54c-48f9506850d9,CONFIRMED_APPLIED,FIRED_CONFIRMED,1,1,0,,34480.0,0,0
aep_full-mid_dispatch-payments-71ad8739-r2,(session-3),AEP_FULL,mid_dispatch,payments,AUTHORITATIVE_READBACK,CALLER_REFERENCE,3191d941-f919-4760-89cc-348431d4d1df,CONFIRMED_APPLIED,FIRED_CONFIRMED,1,1,0,,32655.0,0,0
aep_full-mid_dispatch-payments-71ad8739-r2,(session-3),AEP_FULL,mid_dispatch,payments,AUTHORITATIVE_READBACK,CALLER_REFERENCE,68cea1ef-7a4d-45d7-bc21-1517d8730ee8,CONFIRMED_APPLIED,FIRED_CONFIRMED,1,1,0,,30472.0,0,0
aep_full-mid_dispatch-payments-71ad8739-r2,(session-3),AEP_FULL,mid_dispatch,payments,AUTHORITATIVE_READBACK,CALLER_REFERENCE,204a68ce-f167-45a6-a090-18e49c95ac8d,CONFIRMED_APPLIED,FIRED_CONFIRMED,1,1,0,,28446.0,0,0
aep_full-mid_dispatch-payments-71ad8739-r2,(session-3),AEP_FULL,mid_dispatch,payments,AUTHORITATIVE_READBACK,CALLER_REFERENCE,f3ade306-c87d-4f30-b877-df667a3b256e,CONFIRMED_APPLIED,FIRED_CONFIRMED,1,1,0,,26423.0,0,0
aep_full-mid_dispatch-payments-71ad8739-r2,(session-3),AEP_FULL,mid_dispatch,payments,AUTHORITATIVE_READBACK,CALLER_REFERENCE,87e55032-f269-4320-a156-2664d0ff57e6,CONFIRMED_APPLIED,FIRED_CONFIRMED,1,1,0,,34480.0,0,0
aep_full-mid_dispatch-payments-71ad8739-r2,(session-3),AEP_FULL,mid_dispatch,payments,AUTHORITATIVE_READBACK,CALLER_REFERENCE,388cca61-f919-4670-a075-91f613124431,CONFIRMED_APPLIED,FIRED_CONFIRMED,1,1,0,,32655.0,0,0
aep_full-mid_dispatch-payments-71ad8739-r2,(session-3),AEP_FULL,mid_dispatch,payments,AUTHORITATIVE_READBACK,CALLER_REFERENCE,507eac6a-3b28-4e8a-a8c4-4fced0bbc4cc,CONFIRMED_APPLIED,FIRED_CONFIRMED,1,1,0,,30472.0,0,0
aep_full-mid_dispatch-payments-71ad8739-r2,(session-3),AEP_FULL,mid_dispatch,payments,AUTHORITATIVE_READBACK,CALLER_REFERENCE,11968efd-a7a0-49f8-8604-4c05d533ce94,CONFIRMED_APPLIED,FIRED_CONFIRMED,1,1,0,,28445.0,0,0
aep_full-mid_dispatch-payments-71ad8739-r2,(session-3),AEP_FULL,mid_dispatch,payments,AUTHORITATIVE_READBACK,CALLER_REFERENCE,1940085a-3691-43fa-81f0-0428b2333d33,CONFIRMED_APPLIED,FIRED_CONFIRMED,1,1,0,,26423.0,0,0
aep_full-none-ledger_postings-8530cc0f-r0,redis-kill-preack,AEP_FULL,none,ledger_postings,NO_READBACK,CALLER_REFERENCE,ec75ffe7-9742-4866-9652-4c9bc2518367,DECLARED_AMBIGUOUS,PERMANENTLY_AMBIGUOUS,0,0,0,,,0,0
aep_full-none-ledger_postings-8530cc0f-r1,redis-kill-preack,AEP_FULL,none,ledger_postings,NO_READBACK,CALLER_REFERENCE,0d261bb6-0e68-41b7-9f9f-262bd6c538eb,DECLARED_AMBIGUOUS,PERMANENTLY_AMBIGUOUS,0,0,0,,,0,0
aep_full-none-ledger_postings-8530cc0f-r10,redis-kill-preack,AEP_FULL,none,ledger_postings,NO_READBACK,CALLER_REFERENCE,05f3cbe8-2508-4b49-a139-cbb1f621b18d,DECLARED_AMBIGUOUS,PERMANENTLY_AMBIGUOUS,0,0,0,,,0,0
aep_full-none-ledger_postings-8530cc0f-r11,redis-kill-preack,AEP_FULL,none,ledger_postings,NO_READBACK,CALLER_REFERENCE,bde8cd6b-2b99-4e59-a90e-7050e43d909a,DECLARED_AMBIGUOUS,PERMANENTLY_AMBIGUOUS,0,0,0,,,0,0
aep_full-none-ledger_postings-8530cc0f-r12,redis-kill-preack,AEP_FULL,none,ledger_postings,NO_READBACK,CALLER_REFERENCE,0ea7c3b1-feac-476a-9873-14890707d1e9,DECLARED_AMBIGUOUS,PERMANENTLY_AMBIGUOUS,1,0,0,,,0,0
aep_full-none-ledger_postings-8530cc0f-r13,redis-kill-preack,AEP_FULL,none,ledger_postings,NO_READBACK,CALLER_REFERENCE,daceb462-7fbd-4c18-8d18-1fe6b8785024,DECLARED_AMBIGUOUS,PERMANENTLY_AMBIGUOUS,0,0,0,,,0,0
aep_full-none-ledger_postings-8530cc0f-r14,redis-kill-preack,AEP_FULL,none,ledger_postings,NO_READBACK,CALLER_REFERENCE,1f8919ca-d553-4c9b-b3c2-41d2afe3b374,DECLARED_AMBIGUOUS,PERMANENTLY_AMBIGUOUS,0,0,0,,,0,0
aep_full-none-ledger_postings-8530cc0f-r15,redis-kill-preack,AEP_FULL,none,ledger_postings,NO_READBACK,CALLER_REFERENCE,2e122981-bd97-4efa-bba9-e837a708a2c3,DECLARED_AMBIGUOUS,PERMANENTLY_AMBIGUOUS,0,0,0,,,0,0
aep_full-none-ledger_postings-8530cc0f-r16,redis-kill-preack,AEP_FULL,none,ledger_postings,NO_READBACK,CALLER_REFERENCE,9cbbb83f-9ac0-477f-a4a3-24104e39fed3,DECLARED_AMBIGUOUS,PERMANENTLY_AMBIGUOUS,1,0,0,,,0,0
aep_full-none-ledger_postings-8530cc0f-r17,redis-kill-preack,AEP_FULL,none,ledger_postings,NO_READBACK,CALLER_REFERENCE,4a9796f1-5775-4514-85b3-3d82fbed818f,DECLARED_AMBIGUOUS,PERMANENTLY_AMBIGUOUS,1,0,0,,,0,0
aep_full-none-ledger_postings-8530cc0f-r18,redis-kill-preack,AEP_FULL,none,ledger_postings,NO_READBACK,CALLER_REFERENCE,bdf6008d-7bfa-4394-a5ae-2a3213a2a64b,DECLARED_AMBIGUOUS,PERMANENTLY_AMBIGUOUS,1,0,0,,,0,0
aep_full-none-ledger_postings-8530cc0f-r19,redis-kill-preack,AEP_FULL,none,ledger_postings,NO_READBACK,CALLER_REFERENCE,82ce108b-8d32-4afd-9006-d19e9a72c6a8,DECLARED_AMBIGUOUS,PERMANENTLY_AMBIGUOUS,0,0,0,,,0,0
aep_full-none-ledger_postings-8530cc0f-r2,redis-kill-preack,AEP_FULL,none,ledger_postings,NO_READBACK,CALLER_REFERENCE,a2d35070-bb43-4ab4-b63c-9acf5b72cdde,DECLARED_AMBIGUOUS,PERMANENTLY_AMBIGUOUS,1,0,0,,,0,0
aep_full-none-ledger_postings-8530cc0f-r20,redis-kill-preack,AEP_FULL,none,ledger_postings,NO_READBACK,CALLER_REFERENCE,6cb427cc-269b-4090-bee1-6afad4b27777,DECLARED_AMBIGUOUS,PERMANENTLY_AMBIGUOUS,0,0,0,,,0,0
aep_full-none-ledger_postings-8530cc0f-r21,redis-kill-preack,AEP_FULL,none,ledger_postings,NO_READBACK,CALLER_REFERENCE,5d053436-2ec7-41a4-982c-a4a5e6de3da1,DECLARED_AMBIGUOUS,PERMANENTLY_AMBIGUOUS,1,0,0,,,0,0
aep_full-none-ledger_postings-8530cc0f-r22,redis-kill-preack,AEP_FULL,none,ledger_postings,NO_READBACK,CALLER_REFERENCE,eb2283f5-c3f8-4dab-8207-886c9f0f3c44,DECLARED_AMBIGUOUS,PERMANENTLY_AMBIGUOUS,0,0,0,,,0,0
aep_full-none-ledger_postings-8530cc0f-r23,redis-kill-preack,AEP_FULL,none,ledger_postings,NO_READBACK,CALLER_REFERENCE,2ae25135-758a-4927-806f-61eaf59ccbc1,DECLARED_AMBIGUOUS,PERMANENTLY_AMBIGUOUS,0,0,0,,,0,0
aep_full-none-ledger_postings-8530cc0f-r24,redis-kill-preack,AEP_FULL,none,ledger_postings,NO_READBACK,CALLER_REFERENCE,83f38e36-245a-4db0-80c2-62cdc0fa85da,DECLARED_AMBIGUOUS,PERMANENTLY_AMBIGUOUS,1,0,0,,,0,0
aep_full-none-ledger_postings-8530cc0f-r25,redis-kill-preack,AEP_FULL,none,ledger_postings,NO_READBACK,CALLER_REFERENCE,af98ea9e-24c5-4f69-a439-3ec64381334c,DECLARED_AMBIGUOUS,PERMANENTLY_AMBIGUOUS,0,0,0,,,0,0
aep_full-none-ledger_postings-8530cc0f-r26,redis-kill-preack,AEP_FULL,none,ledger_postings,NO_READBACK,CALLER_REFERENCE,8d905412-0d44-4e78-85c1-ed67de9e3c99,DECLARED_AMBIGUOUS,PERMANENTLY_AMBIGUOUS,0,0,0,,,0,0
aep_full-none-ledger_postings-8530cc0f-r27,redis-kill-preack,AEP_FULL,none,ledger_postings,NO_READBACK,CALLER_REFERENCE,4712d371-6cd6-4095-ac29-b3fec7f2e2c9,DECLARED_AMBIGUOUS,PERMANENTLY_AMBIGUOUS,0,0,0,,,0,0
aep_full-none-ledger_postings-8530cc0f-r28,redis-kill-preack,AEP_FULL,none,ledger_postings,NO_READBACK,CALLER_REFERENCE,ccd1d0c1-671b-4e4c-8461-97e5d2bd137a,DECLARED_AMBIGUOUS,PERMANENTLY_AMBIGUOUS,0,0,0,,,0,0
aep_full-none-ledger_postings-8530cc0f-r29,redis-kill-preack,AEP_FULL,none,ledger_postings,NO_READBACK,CALLER_REFERENCE,f9d56c84-d626-49e0-bda4-f9a4a29ce349,DECLARED_AMBIGUOUS,PERMANENTLY_AMBIGUOUS,0,0,0,,,0,0
aep_full-none-ledger_postings-8530cc0f-r3,redis-kill-preack,AEP_FULL,none,ledger_postings,NO_READBACK,CALLER_REFERENCE,b1f3513f-22a5-4fa1-866b-4c681d1390ee,DECLARED_AMBIGUOUS,PERMANENTLY_AMBIGUOUS,1,0,0,,,0,0
aep_full-none-ledger_postings-8530cc0f-r4,redis-kill-preack,AEP_FULL,none,ledger_postings,NO_READBACK,CALLER_REFERENCE,d5bdac6c-80f1-4dbe-a28e-842d93816436,DECLARED_AMBIGUOUS,PERMANENTLY_AMBIGUOUS,1,0,0,,,0,0
aep_full-none-ledger_postings-8530cc0f-r5,redis-kill-preack,AEP_FULL,none,ledger_postings,NO_READBACK,CALLER_REFERENCE,be23056c-37fa-4fb5-b747-9c7d9fb6e990,DECLARED_AMBIGUOUS,PERMANENTLY_AMBIGUOUS,1,0,0,,,0,0
aep_full-none-ledger_postings-8530cc0f-r6,redis-kill-preack,AEP_FULL,none,ledger_postings,NO_READBACK,CALLER_REFERENCE,4c74b18e-ea4d-4043-8233-0437db941ad4,DECLARED_AMBIGUOUS,PERMANENTLY_AMBIGUOUS,0,0,0,,,0,0
aep_full-none-ledger_postings-8530cc0f-r7,redis-kill-preack,AEP_FULL,none,ledger_postings,NO_READBACK,CALLER_REFERENCE,75249007-5dea-45ed-87e5-6483a735dcb0,DECLARED_AMBIGUOUS,PERMANENTLY_AMBIGUOUS,0,0,0,,,0,0
aep_full-none-ledger_postings-8530cc0f-r8,redis-kill-preack,AEP_FULL,none,ledger_postings,NO_READBACK,CALLER_REFERENCE,b43f911e-a1cf-455f-bd1b-3316ad25e4f7,DECLARED_AMBIGUOUS,PERMANENTLY_AMBIGUOUS,0,0,0,,,0,0
aep_full-none-ledger_postings-8530cc0f-r9,redis-kill-preack,AEP_FULL,none,ledger_postings,NO_READBACK,CALLER_REFERENCE,23a65fc1-4773-43a9-879f-a37654f79e22,DECLARED_AMBIGUOUS,PERMANENTLY_AMBIGUOUS,0,0,0,,,0,0
aep_full-none-payments-e5e5c7dc-r0,p0,AEP_FULL,none,payments,AUTHORITATIVE_READBACK,CALLER_REFERENCE,88b25e4b-3751-4915-8ff4-05ea634f5fa9,CONFIRMED_APPLIED,FIRED_CONFIRMED,1,0,1,7020.308896,,0,0
aep_full-none-payments-e5e5c7dc-r0,p0,AEP_FULL,none,payments,AUTHORITATIVE_READBACK,CALLER_REFERENCE,2d3d9546-03a4-45bf-a413-242b57cb27e6,CONFIRMED_APPLIED,FIRED_CONFIRMED,1,0,1,3067.662623,,0,0
aep_full-none-payments-e5e5c7dc-r0,p0,AEP_FULL,none,payments,AUTHORITATIVE_READBACK,CALLER_REFERENCE,0dd52dee-d93a-4fbb-8a5d-b78650daa5c7,CONFIRMED_APPLIED,FIRED_CONFIRMED,1,0,1,3727.59912,,0,0
aep_full-none-payments-e5e5c7dc-r0,p0,AEP_FULL,none,payments,AUTHORITATIVE_READBACK,CALLER_REFERENCE,bc84108f-0387-4ac5-be00-7511f05af894,CONFIRMED_APPLIED,FIRED_CONFIRMED,1,0,1,4155.401405,,0,0
aep_full-none-payments-e5e5c7dc-r0,p0,AEP_FULL,none,payments,AUTHORITATIVE_READBACK,CALLER_REFERENCE,7ef851a8-4152-4345-be5c-091e0e93a34f,CONFIRMED_APPLIED,FIRED_CONFIRMED,1,0,1,4020.608407,,0,0
aep_full-none-payments-e5e5c7dc-r0,p0,AEP_FULL,none,payments,AUTHORITATIVE_READBACK,CALLER_REFERENCE,51a628c4-84ec-43a4-8478-7de713fd8bd9,CONFIRMED_NOT_APPLIED,FAILED_CONFIRMED,0,0,1,3160.684594,,0,0
aep_full-none-payments-e5e5c7dc-r0,p0,AEP_FULL,none,payments,AUTHORITATIVE_READBACK,CALLER_REFERENCE,6d17281c-7b39-468f-97cd-1dde0e1a5cc7,CONFIRMED_APPLIED,FIRED_CONFIRMED,1,0,1,2858.555808,,0,0
aep_full-none-payments-e5e5c7dc-r0,p0,AEP_FULL,none,payments,AUTHORITATIVE_READBACK,CALLER_REFERENCE,e0c28e4b-8648-42a9-90e2-7f31b6c34ab9,CONFIRMED_APPLIED,FIRED_CONFIRMED,1,0,1,6892.894161,,0,0
aep_full-none-payments-e5e5c7dc-r0,p0,AEP_FULL,none,payments,AUTHORITATIVE_READBACK,CALLER_REFERENCE,1724d623-bc50-43e1-9e54-aca58f471ebe,CONFIRMED_APPLIED,FIRED_CONFIRMED,1,0,1,3970.016196,,0,0
aep_full-none-payments-e5e5c7dc-r0,p0,AEP_FULL,none,payments,AUTHORITATIVE_READBACK,CALLER_REFERENCE,d59e9603-5020-4d09-b651-1f7f396bbeb0,CONFIRMED_APPLIED,FIRED_CONFIRMED,1,0,1,4067.030351,,0,0
aep_full-none-payments-e5e5c7dc-r1,p0,AEP_FULL,none,payments,AUTHORITATIVE_READBACK,CALLER_REFERENCE,d92504a0-045c-422b-8fa2-36ea78edc300,CONFIRMED_APPLIED,FIRED_CONFIRMED,1,0,1,2651.214224,,0,0
aep_full-none-payments-e5e5c7dc-r1,p0,AEP_FULL,none,payments,AUTHORITATIVE_READBACK,CALLER_REFERENCE,19033987-3314-40be-9469-2b3d00a2bbfa,CONFIRMED_APPLIED,FIRED_CONFIRMED,1,0,1,3994.677483,,0,0
aep_full-none-payments-e5e5c7dc-r1,p0,AEP_FULL,none,payments,AUTHORITATIVE_READBACK,CALLER_REFERENCE,da03ba86-721f-4cdd-b5c5-eaa133448deb,CONFIRMED_APPLIED,FIRED_CONFIRMED,1,0,1,4017.379884,,0,0
aep_full-none-payments-e5e5c7dc-r1,p0,AEP_FULL,none,payments,AUTHORITATIVE_READBACK,CALLER_REFERENCE,08d8f6f6-0d4f-4763-8e6f-5c6727d55a2d,CONFIRMED_APPLIED,FIRED_CONFIRMED,1,0,1,3930.088142,,0,0
aep_full-none-payments-e5e5c7dc-r1,p0,AEP_FULL,none,payments,AUTHORITATIVE_READBACK,CALLER_REFERENCE,fafaa333-18f2-4e1b-bcb8-aa555c78fd54,CONFIRMED_APPLIED,FIRED_CONFIRMED,1,0,1,4004.893692,,0,0
aep_full-none-payments-e5e5c7dc-r1,p0,AEP_FULL,none,payments,AUTHORITATIVE_READBACK,CALLER_REFERENCE,77b75768-4760-49ad-abb2-f895486e490c,CONFIRMED_APPLIED,FIRED_CONFIRMED,1,0,1,3643.585956,,0,0
aep_full-none-payments-e5e5c7dc-r1,p0,AEP_FULL,none,payments,AUTHORITATIVE_READBACK,CALLER_REFERENCE,6263cfe5-1d28-45f8-99c9-61a993a9dd98,CONFIRMED_NOT_APPLIED,FAILED_CONFIRMED,0,0,1,4016.043256,,0,0
aep_full-none-payments-e5e5c7dc-r1,p0,AEP_FULL,none,payments,AUTHORITATIVE_READBACK,CALLER_REFERENCE,1a9e4c24-c258-422d-88de-7b220106515e,CONFIRMED_NOT_APPLIED,FAILED_CONFIRMED,0,0,1,4018.922485,,0,0
aep_full-none-payments-e5e5c7dc-r1,p0,AEP_FULL,none,payments,AUTHORITATIVE_READBACK,CALLER_REFERENCE,ae51cb6d-3ce4-40ef-8503-aef654fa48da,CONFIRMED_APPLIED,FIRED_CONFIRMED,1,0,1,6024.906359,,0,0
aep_full-none-payments-e5e5c7dc-r1,p0,AEP_FULL,none,payments,AUTHORITATIVE_READBACK,CALLER_REFERENCE,20017076-1f99-402a-87fd-fe236033fe0b,CONFIRMED_APPLIED,FIRED_CONFIRMED,1,0,1,3929.488977,,0,0
aep_full-none-payments-e5e5c7dc-r2,p0,AEP_FULL,none,payments,AUTHORITATIVE_READBACK,CALLER_REFERENCE,19f4bfac-7815-4cd5-add6-3b5d76981697,CONFIRMED_APPLIED,FIRED_CONFIRMED,1,0,1,3926.568797,,0,0
aep_full-none-payments-e5e5c7dc-r2,p0,AEP_FULL,none,payments,AUTHORITATIVE_READBACK,CALLER_REFERENCE,f380dca9-2730-45cd-98eb-564fc46d9b64,CONFIRMED_APPLIED,FIRED_CONFIRMED,1,0,1,4012.713241,,0,0
aep_full-none-payments-e5e5c7dc-r2,p0,AEP_FULL,none,payments,AUTHORITATIVE_READBACK,CALLER_REFERENCE,90dce635-ff87-41c4-89fc-d34cb03eea4e,CONFIRMED_APPLIED,FIRED_CONFIRMED,1,0,1,4025.003589,,0,0
aep_full-none-payments-e5e5c7dc-r2,p0,AEP_FULL,none,payments,AUTHORITATIVE_READBACK,CALLER_REFERENCE,ab9c85ca-dfea-4961-8e86-b49d912104f4,CONFIRMED_APPLIED,FIRED_CONFIRMED,1,0,1,4027.408807,,0,0
aep_full-none-payments-e5e5c7dc-r2,p0,AEP_FULL,none,payments,AUTHORITATIVE_READBACK,CALLER_REFERENCE,e6b1e1e4-32bc-4d16-b8c0-0f87e8f694b8,CONFIRMED_APPLIED,FIRED_CONFIRMED,1,0,1,4027.998297,,0,0
aep_full-none-payments-e5e5c7dc-r2,p0,AEP_FULL,none,payments,AUTHORITATIVE_READBACK,CALLER_REFERENCE,bbd133b0-d1c4-48af-9c72-131816489947,CONFIRMED_APPLIED,FIRED_CONFIRMED,1,0,1,3269.55983,,0,0
aep_full-none-payments-e5e5c7dc-r2,p0,AEP_FULL,none,payments,AUTHORITATIVE_READBACK,CALLER_REFERENCE,d2845b47-7ac0-434d-81be-43d796affa92,CONFIRMED_APPLIED,FIRED_CONFIRMED,1,0,1,3864.578901,,0,0
aep_full-none-payments-e5e5c7dc-r2,p0,AEP_FULL,none,payments,AUTHORITATIVE_READBACK,CALLER_REFERENCE,89761cb3-42b7-4082-824a-307da9d2e0a5,CONFIRMED_APPLIED,FIRED_CONFIRMED,1,0,1,3925.008911,,0,0
aep_full-none-payments-e5e5c7dc-r2,p0,AEP_FULL,none,payments,AUTHORITATIVE_READBACK,CALLER_REFERENCE,5d856038-360c-4e93-bf07-635fe10e340d,CONFIRMED_APPLIED,FIRED_CONFIRMED,1,0,1,4077.276487,,0,0
aep_full-none-payments-e5e5c7dc-r2,p0,AEP_FULL,none,payments,AUTHORITATIVE_READBACK,CALLER_REFERENCE,25ed2702-67c8-4101-b470-e52ba2add857,CONFIRMED_APPLIED,FIRED_CONFIRMED,1,0,1,4054.167347,,0,0
b0_naive_retry-after_barrier_before_dispatch-ledger_postings-73c409e9-r0,(session-3),B0_NAIVE_RETRY,after_barrier_before_dispatch,ledger_postings,NO_READBACK,CALLER_REFERENCE,63ef7c4e-be8a-4cc7-9228-f04e37313503,CONFIRMED_APPLIED,APPLIED,2,1,1,2046.020787,31523.0,1,0
b0_naive_retry-after_barrier_before_dispatch-ledger_postings-73c409e9-r0,(session-3),B0_NAIVE_RETRY,after_barrier_before_dispatch,ledger_postings,NO_READBACK,CALLER_REFERENCE,48c4ec98-5786-4a65-b26f-1e592687be7b,CONFIRMED_APPLIED,APPLIED,2,1,1,2071.072565,28570.0,1,0
b0_naive_retry-after_barrier_before_dispatch-ledger_postings-73c409e9-r0,(session-3),B0_NAIVE_RETRY,after_barrier_before_dispatch,ledger_postings,NO_READBACK,CALLER_REFERENCE,c88bbaaa-a246-4167-89cd-f27652772ab1,CONFIRMED_APPLIED,APPLIED,2,1,1,2046.624771,25513.0,1,0
b0_naive_retry-after_barrier_before_dispatch-ledger_postings-73c409e9-r0,(session-3),B0_NAIVE_RETRY,after_barrier_before_dispatch,ledger_postings,NO_READBACK,CALLER_REFERENCE,807b3f13-e84e-42f2-8bea-e79957ca05f2,CONFIRMED_APPLIED,APPLIED,2,1,1,2042.752002,22647.0,1,0
b0_naive_retry-after_barrier_before_dispatch-ledger_postings-73c409e9-r0,(session-3),B0_NAIVE_RETRY,after_barrier_before_dispatch,ledger_postings,NO_READBACK,CALLER_REFERENCE,f10c035b-a7c3-4877-9968-609e341fd1f0,CONFIRMED_APPLIED,APPLIED,3,1,2,7085.161081,19747.0,1,0
b0_naive_retry-after_barrier_before_dispatch-ledger_postings-73c409e9-r0,(session-3),B0_NAIVE_RETRY,after_barrier_before_dispatch,ledger_postings,NO_READBACK,CALLER_REFERENCE,2d330f34-c915-42c2-881e-2346d4facc7f,CONFIRMED_APPLIED,APPLIED,2,1,1,2044.727192,31591.0,1,0
b0_naive_retry-after_barrier_before_dispatch-ledger_postings-73c409e9-r0,(session-3),B0_NAIVE_RETRY,after_barrier_before_dispatch,ledger_postings,NO_READBACK,CALLER_REFERENCE,a79c03c6-7bd1-44ac-8c31-59eee2f6afe6,CONFIRMED_APPLIED,APPLIED,3,1,3,9083.408364,28658.0,1,0
b0_naive_retry-after_barrier_before_dispatch-ledger_postings-73c409e9-r0,(session-3),B0_NAIVE_RETRY,after_barrier_before_dispatch,ledger_postings,NO_READBACK,CALLER_REFERENCE,d35d1ca8-1467-45c1-8169-42da6270ea3c,CONFIRMED_APPLIED,APPLIED,1,1,1,2050.643345,18586.0,0,0
b0_naive_retry-after_barrier_before_dispatch-ledger_postings-73c409e9-r0,(session-3),B0_NAIVE_RETRY,after_barrier_before_dispatch,ledger_postings,NO_READBACK,CALLER_REFERENCE,0157225b-9518-4025-8c83-e4cff955186b,CONFIRMED_APPLIED,APPLIED,3,1,2,7065.724143,15647.0,1,0
b0_naive_retry-after_barrier_before_dispatch-ledger_postings-73c409e9-r0,(session-3),B0_NAIVE_RETRY,after_barrier_before_dispatch,ledger_postings,NO_READBACK,CALLER_REFERENCE,c62065e5-fe24-4d08-9215-8597b57b692a,CONFIRMED_APPLIED,APPLIED,3,1,2,7055.703112,7652.0,1,0
b0_naive_retry-after_barrier_before_dispatch-ledger_postings-73c409e9-r1,(session-3),B0_NAIVE_RETRY,after_barrier_before_dispatch,ledger_postings,NO_READBACK,CALLER_REFERENCE,2a71fbe7-af03-4ac3-9393-f072dce4b279,CONFIRMED_APPLIED,APPLIED,2,1,1,2084.28602,19790.0,1,0
b0_naive_retry-after_barrier_before_dispatch-ledger_postings-73c409e9-r1,(session-3),B0_NAIVE_RETRY,after_barrier_before_dispatch,ledger_postings,NO_READBACK,CALLER_REFERENCE,636503e4-882f-4e68-b231-3f2d8eb1632a,CONFIRMED_APPLIED,APPLIED,2,1,1,2061.005784,16753.0,1,0
b0_naive_retry-after_barrier_before_dispatch-ledger_postings-73c409e9-r1,(session-3),B0_NAIVE_RETRY,after_barrier_before_dispatch,ledger_postings,NO_READBACK,CALLER_REFERENCE,c7cceb0e-9ced-4fd7-a41e-d43604ee516c,CONFIRMED_APPLIED,APPLIED,1,1,1,2053.497302,13761.0,0,0
b0_naive_retry-after_barrier_before_dispatch-ledger_postings-73c409e9-r1,(session-3),B0_NAIVE_RETRY,after_barrier_before_dispatch,ledger_postings,NO_READBACK,CALLER_REFERENCE,0f3e8b7e-bccd-4888-bcab-8205a1b7990f,CONFIRMED_APPLIED,APPLIED,1,1,1,2072.455105,10738.0,0,0
b0_naive_retry-after_barrier_before_dispatch-ledger_postings-73c409e9-r1,(session-3),B0_NAIVE_RETRY,after_barrier_before_dispatch,ledger_postings,NO_READBACK,CALLER_REFERENCE,162778df-15db-4774-a7a7-d08f5e90984b,CONFIRMED_APPLIED,APPLIED,2,1,1,2048.512004,7703.0,1,0
b0_naive_retry-after_barrier_before_dispatch-ledger_postings-73c409e9-r1,(session-3),B0_NAIVE_RETRY,after_barrier_before_dispatch,ledger_postings,NO_READBACK,CALLER_REFERENCE,d4d84056-8af5-48bb-87d0-44f4b5f6ae2b,CONFIRMED_APPLIED,APPLIED,2,1,1,2049.324069,19727.0,1,0
b0_naive_retry-after_barrier_before_dispatch-ledger_postings-73c409e9-r1,(session-3),B0_NAIVE_RETRY,after_barrier_before_dispatch,ledger_postings,NO_READBACK,CALLER_REFERENCE,f929cffb-aef5-4e80-b1b4-f25ef73660bc,CONFIRMED_APPLIED,APPLIED,2,1,1,2047.094983,16716.0,1,0
b0_naive_retry-after_barrier_before_dispatch-ledger_postings-73c409e9-r1,(session-3),B0_NAIVE_RETRY,after_barrier_before_dispatch,ledger_postings,NO_READBACK,CALLER_REFERENCE,5a6446b3-171d-473f-a280-a2ba1f29acfc,CONFIRMED_APPLIED,APPLIED,2,1,1,2068.145125,13753.0,1,0
b0_naive_retry-after_barrier_before_dispatch-ledger_postings-73c409e9-r1,(session-3),B0_NAIVE_RETRY,after_barrier_before_dispatch,ledger_postings,NO_READBACK,CALLER_REFERENCE,0b63f6bb-c0aa-4f43-8d00-ea20cf9b277a,CONFIRMED_APPLIED,APPLIED,3,1,2,7071.625686,10740.0,1,0
b0_naive_retry-after_barrier_before_dispatch-ledger_postings-73c409e9-r1,(session-3),B0_NAIVE_RETRY,after_barrier_before_dispatch,ledger_postings,NO_READBACK,CALLER_REFERENCE,5f14164d-385e-42b1-8552-5241757cec91,CONFIRMED_APPLIED,APPLIED,2,1,1,2078.796134,2711.0,1,0
b0_naive_retry-after_barrier_before_dispatch-ledger_postings-73c409e9-r2,(session-3),B0_NAIVE_RETRY,after_barrier_before_dispatch,ledger_postings,NO_READBACK,CALLER_REFERENCE,c6042057-8df6-45b4-81e3-d7b452d6191a,CONFIRMED_APPLIED,APPLIED,2,1,1,2064.012875,24559.0,1,0
b0_naive_retry-after_barrier_before_dispatch-ledger_postings-73c409e9-r2,(session-3),B0_NAIVE_RETRY,after_barrier_before_dispatch,ledger_postings,NO_READBACK,CALLER_REFERENCE,a6f300e3-0c3e-4215-ba42-1a4621239a90,CONFIRMED_APPLIED,APPLIED,2,1,1,2048.572242,21549.0,1,0
b0_naive_retry-after_barrier_before_dispatch-ledger_postings-73c409e9-r2,(session-3),B0_NAIVE_RETRY,after_barrier_before_dispatch,ledger_postings,NO_READBACK,CALLER_REFERENCE,2f4d7339-17c0-453d-9829-8e99d3576c6a,CONFIRMED_APPLIED,APPLIED,3,1,2,7064.69056,18571.0,1,0
b0_naive_retry-after_barrier_before_dispatch-ledger_postings-73c409e9-r2,(session-3),B0_NAIVE_RETRY,after_barrier_before_dispatch,ledger_postings,NO_READBACK,CALLER_REFERENCE,f74fde56-d09d-4ce6-9be3-d22842d1d405,CONFIRMED_APPLIED,APPLIED,2,1,1,2063.582215,10631.0,1,0
b0_naive_retry-after_barrier_before_dispatch-ledger_postings-73c409e9-r2,(session-3),B0_NAIVE_RETRY,after_barrier_before_dispatch,ledger_postings,NO_READBACK,CALLER_REFERENCE,2b87e3cb-5f9c-484a-b80f-23b1e433817e,CONFIRMED_APPLIED,APPLIED,3,1,2,7071.791246,7729.0,1,0
b0_naive_retry-after_barrier_before_dispatch-ledger_postings-73c409e9-r2,(session-3),B0_NAIVE_RETRY,after_barrier_before_dispatch,ledger_postings,NO_READBACK,CALLER_REFERENCE,4297a0f8-5fde-4891-ab45-78cfc28c1927,CONFIRMED_APPLIED,APPLIED,2,1,1,2063.708616,24554.0,1,0
b0_naive_retry-after_barrier_before_dispatch-ledger_postings-73c409e9-r2,(session-3),B0_NAIVE_RETRY,after_barrier_before_dispatch,ledger_postings,NO_READBACK,CALLER_REFERENCE,e71fa4fb-15a7-4848-bc18-39ece8b25d94,CONFIRMED_APPLIED,APPLIED,2,1,1,2042.388326,21524.0,1,0
b0_naive_retry-after_barrier_before_dispatch-ledger_postings-73c409e9-r2,(session-3),B0_NAIVE_RETRY,after_barrier_before_dispatch,ledger_postings,NO_READBACK,CALLER_REFERENCE,e3b92d30-bfd2-4e48-963f-ca58d58dafb6,CONFIRMED_APPLIED,APPLIED,2,1,1,2046.337147,18574.0,1,0
b0_naive_retry-after_barrier_before_dispatch-ledger_postings-73c409e9-r2,(session-3),B0_NAIVE_RETRY,after_barrier_before_dispatch,ledger_postings,NO_READBACK,CALLER_REFERENCE,a6386cf7-e332-4c1c-9d8e-ff9bb597b20a,CONFIRMED_APPLIED,APPLIED,2,1,1,2054.458332,15626.0,1,0
b0_naive_retry-after_barrier_before_dispatch-ledger_postings-73c409e9-r2,(session-3),B0_NAIVE_RETRY,after_barrier_before_dispatch,ledger_postings,NO_READBACK,CALLER_REFERENCE,8882ceae-21d9-44fd-8df3-d437e831712c,CONFIRMED_APPLIED,APPLIED,2,1,1,2050.199296,12664.0,1,0
b0_naive_retry-after_barrier_before_dispatch-notifications-cd1bb046-r0,(session-3),B0_NAIVE_RETRY,after_barrier_before_dispatch,notifications,POSITIVE_ONLY_READBACK,CALLER_REFERENCE,56e7a08b-c928-4669-9e8f-a788a80fe445,CONFIRMED_APPLIED,APPLIED,2,1,1,2055.151839,24583.0,1,0
b0_naive_retry-after_barrier_before_dispatch-notifications-cd1bb046-r0,(session-3),B0_NAIVE_RETRY,after_barrier_before_dispatch,notifications,POSITIVE_ONLY_READBACK,CALLER_REFERENCE,a047c4bc-b656-481f-a3ae-bca8a30fa228,CONFIRMED_APPLIED,APPLIED,4,1,3,12066.643346,21567.0,1,0
b0_naive_retry-after_barrier_before_dispatch-notifications-cd1bb046-r0,(session-3),B0_NAIVE_RETRY,after_barrier_before_dispatch,notifications,POSITIVE_ONLY_READBACK,CALLER_REFERENCE,d42cbcea-fdc2-4c9e-94d4-9a9cda68ed58,CONFIRMED_APPLIED,APPLIED,2,1,1,2059.426105,8563.0,1,0
b0_naive_retry-after_barrier_before_dispatch-notifications-cd1bb046-r0,(session-3),B0_NAIVE_RETRY,after_barrier_before_dispatch,notifications,POSITIVE_ONLY_READBACK,CALLER_REFERENCE,8224cb42-02ad-4cd1-ace6-8f4929c074fd,CONFIRMED_APPLIED,APPLIED,2,1,1,2061.182675,5644.0,1,0
b0_naive_retry-after_barrier_before_dispatch-notifications-cd1bb046-r0,(session-3),B0_NAIVE_RETRY,after_barrier_before_dispatch,notifications,POSITIVE_ONLY_READBACK,CALLER_REFERENCE,f9f2527f-9974-442a-b50d-56f0ddb21558,CONFIRMED_APPLIED,APPLIED,2,1,1,2062.011211,2612.0,1,0
b0_naive_retry-after_barrier_before_dispatch-notifications-cd1bb046-r0,(session-3),B0_NAIVE_RETRY,after_barrier_before_dispatch,notifications,POSITIVE_ONLY_READBACK,CALLER_REFERENCE,d555b2ae-0a08-4733-916f-61c0db901311,CONFIRMED_APPLIED,APPLIED,2,1,1,2060.021562,24585.0,1,0
b0_naive_retry-after_barrier_before_dispatch-notifications-cd1bb046-r0,(session-3),B0_NAIVE_RETRY,after_barrier_before_dispatch,notifications,POSITIVE_ONLY_READBACK,CALLER_REFERENCE,3743bac9-63b6-4fbc-bbb5-343755fa4e0d,CONFIRMED_APPLIED,APPLIED,2,1,1,2055.833277,21569.0,1,0
b0_naive_retry-after_barrier_before_dispatch-notifications-cd1bb046-r0,(session-3),B0_NAIVE_RETRY,after_barrier_before_dispatch,notifications,POSITIVE_ONLY_READBACK,CALLER_REFERENCE,e9edb3bf-91b7-42c4-a3f5-5249eb03fc6a,CONFIRMED_APPLIED,APPLIED,1,1,1,2049.025197,18595.0,0,0
b0_naive_retry-after_barrier_before_dispatch-notifications-cd1bb046-r0,(session-3),B0_NAIVE_RETRY,after_barrier_before_dispatch,notifications,POSITIVE_ONLY_READBACK,CALLER_REFERENCE,fd497cd4-eeb2-4a29-9820-704f27cac2c5,CONFIRMED_APPLIED,APPLIED,2,1,1,2045.914735,15746.0,1,0
b0_naive_retry-after_barrier_before_dispatch-notifications-cd1bb046-r0,(session-3),B0_NAIVE_RETRY,after_barrier_before_dispatch,notifications,POSITIVE_ONLY_READBACK,CALLER_REFERENCE,92341852-51cd-4f9a-96b8-80c37b700f0f,CONFIRMED_APPLIED,APPLIED,3,1,2,7066.190767,12897.0,1,0
b0_naive_retry-after_barrier_before_dispatch-notifications-cd1bb046-r1,(session-3),B0_NAIVE_RETRY,after_barrier_before_dispatch,notifications,POSITIVE_ONLY_READBACK,CALLER_REFERENCE,64bf9e75-75a7-4a0b-b267-22e0452015bd,CONFIRMED_APPLIED,APPLIED,2,1,2,4060.048841,21895.0,1,0
b0_naive_retry-after_barrier_before_dispatch-notifications-cd1bb046-r1,(session-3),B0_NAIVE_RETRY,after_barrier_before_dispatch,notifications,POSITIVE_ONLY_READBACK,CALLER_REFERENCE,4a996534-d51d-45ba-b8be-bfc94c3c6b88,CONFIRMED_APPLIED,APPLIED,2,1,1,2066.19053,16830.0,1,0
b0_naive_retry-after_barrier_before_dispatch-notifications-cd1bb046-r1,(session-3),B0_NAIVE_RETRY,after_barrier_before_dispatch,notifications,POSITIVE_ONLY_READBACK,CALLER_REFERENCE,318a04dc-2fda-4b70-9e7a-9f79deb07029,CONFIRMED_APPLIED,APPLIED,3,1,2,7069.939192,13821.0,1,0
b0_naive_retry-after_barrier_before_dispatch-notifications-cd1bb046-r1,(session-3),B0_NAIVE_RETRY,after_barrier_before_dispatch,notifications,POSITIVE_ONLY_READBACK,CALLER_REFERENCE,75672bf6-408b-48fb-a00a-743bbd727b52,CONFIRMED_APPLIED,APPLIED,2,1,1,2053.086525,5765.0,1,0
b0_naive_retry-after_barrier_before_dispatch-notifications-cd1bb046-r1,(session-3),B0_NAIVE_RETRY,after_barrier_before_dispatch,notifications,POSITIVE_ONLY_READBACK,CALLER_REFERENCE,6daabb9a-a407-4593-a795-0b82270cc625,CONFIRMED_APPLIED,APPLIED,2,1,1,2068.159189,2809.0,1,0
b0_naive_retry-after_barrier_before_dispatch-notifications-cd1bb046-r1,(session-3),B0_NAIVE_RETRY,after_barrier_before_dispatch,notifications,POSITIVE_ONLY_READBACK,CALLER_REFERENCE,2f9ba4c4-dc2d-489d-8942-d67130f81be9,CONFIRMED_APPLIED,APPLIED,2,1,1,2068.967553,21861.0,1,0
b0_naive_retry-after_barrier_before_dispatch-notifications-cd1bb046-r1,(session-3),B0_NAIVE_RETRY,after_barrier_before_dispatch,notifications,POSITIVE_ONLY_READBACK,CALLER_REFERENCE,d7fb2110-fe8b-4a36-b60c-a4d5dbd718e9,CONFIRMED_APPLIED,APPLIED,2,1,1,2081.351101,18787.0,1,0
b0_naive_retry-after_barrier_before_dispatch-notifications-cd1bb046-r1,(session-3),B0_NAIVE_RETRY,after_barrier_before_dispatch,notifications,POSITIVE_ONLY_READBACK,CALLER_REFERENCE,6856d55f-f7b1-4267-bd55-a4d70307b1fb,CONFIRMED_APPLIED,APPLIED,2,1,1,2061.693094,15727.0,1,0
b0_naive_retry-after_barrier_before_dispatch-notifications-cd1bb046-r1,(session-3),B0_NAIVE_RETRY,after_barrier_before_dispatch,notifications,POSITIVE_ONLY_READBACK,CALLER_REFERENCE,3e08ee1e-730f-4d42-9c18-c779af9a6880,CONFIRMED_APPLIED,APPLIED,2,1,1,2061.174452,12695.0,1,0
b0_naive_retry-after_barrier_before_dispatch-notifications-cd1bb046-r1,(session-3),B0_NAIVE_RETRY,after_barrier_before_dispatch,notifications,POSITIVE_ONLY_READBACK,CALLER_REFERENCE,466e750c-3b5c-49d5-ac48-6c90762b59dd,CONFIRMED_APPLIED,APPLIED,2,1,1,2050.961583,9761.0,1,0
b0_naive_retry-after_barrier_before_dispatch-notifications-cd1bb046-r2,(session-3),B0_NAIVE_RETRY,after_barrier_before_dispatch,notifications,POSITIVE_ONLY_READBACK,CALLER_REFERENCE,39c9e405-8e66-4ea9-8969-cdfd25e2b6de,CONFIRMED_APPLIED,APPLIED,2,1,1,2062.152431,21860.0,1,0
b0_naive_retry-after_barrier_before_dispatch-notifications-cd1bb046-r2,(session-3),B0_NAIVE_RETRY,after_barrier_before_dispatch,notifications,POSITIVE_ONLY_READBACK,CALLER_REFERENCE,c51483c0-6e59-475f-9f37-0a32190baa6b,CONFIRMED_APPLIED,APPLIED,2,1,1,2078.713004,18845.0,1,0
b0_naive_retry-after_barrier_before_dispatch-notifications-cd1bb046-r2,(session-3),B0_NAIVE_RETRY,after_barrier_before_dispatch,notifications,POSITIVE_ONLY_READBACK,CALLER_REFERENCE,cd5a518d-826f-4ef4-8c90-64ff7188d05f,CONFIRMED_APPLIED,APPLIED,2,1,1,2053.766557,15803.0,1,0
b0_naive_retry-after_barrier_before_dispatch-notifications-cd1bb046-r2,(session-3),B0_NAIVE_RETRY,after_barrier_before_dispatch,notifications,POSITIVE_ONLY_READBACK,CALLER_REFERENCE,174d0a65-dc96-4830-a8f2-acf1c1d1c6b7,CONFIRMED_APPLIED,APPLIED,3,1,2,7067.54202,12757.0,1,0
b0_naive_retry-after_barrier_before_dispatch-notifications-cd1bb046-r2,(session-3),B0_NAIVE_RETRY,after_barrier_before_dispatch,notifications,POSITIVE_ONLY_READBACK,CALLER_REFERENCE,f81f7860-c39a-42d1-99ac-cafea0ce36a5,CONFIRMED_APPLIED,APPLIED,2,1,1,2067.170645,4807.0,1,0
b0_naive_retry-after_barrier_before_dispatch-notifications-cd1bb046-r2,(session-3),B0_NAIVE_RETRY,after_barrier_before_dispatch,notifications,POSITIVE_ONLY_READBACK,CALLER_REFERENCE,ed5b54c9-708d-4800-a9a1-80da79fecb56,CONFIRMED_APPLIED,APPLIED,2,1,1,2068.38617,21882.0,1,0
b0_naive_retry-after_barrier_before_dispatch-notifications-cd1bb046-r2,(session-3),B0_NAIVE_RETRY,after_barrier_before_dispatch,notifications,POSITIVE_ONLY_READBACK,CALLER_REFERENCE,3e6be146-fa57-45d5-bf3d-b310a15163c1,CONFIRMED_APPLIED,APPLIED,2,1,2,4069.213145,18846.0,1,0
b0_naive_retry-after_barrier_before_dispatch-notifications-cd1bb046-r2,(session-3),B0_NAIVE_RETRY,after_barrier_before_dispatch,notifications,POSITIVE_ONLY_READBACK,CALLER_REFERENCE,e7702496-df13-4030-87c8-96052f09beba,CONFIRMED_APPLIED,APPLIED,2,1,1,2061.206712,13775.0,1,0
b0_naive_retry-after_barrier_before_dispatch-notifications-cd1bb046-r2,(session-3),B0_NAIVE_RETRY,after_barrier_before_dispatch,notifications,POSITIVE_ONLY_READBACK,CALLER_REFERENCE,7c86a315-408d-4574-be79-6d8ee767303a,CONFIRMED_APPLIED,APPLIED,1,1,1,2065.303187,10825.0,0,0
b0_naive_retry-after_barrier_before_dispatch-notifications-cd1bb046-r2,(session-3),B0_NAIVE_RETRY,after_barrier_before_dispatch,notifications,POSITIVE_ONLY_READBACK,CALLER_REFERENCE,aacbc9fc-ed5e-4186-98c4-722e37e82319,CONFIRMED_APPLIED,APPLIED,3,1,2,7058.187946,7746.0,1,0
b0_naive_retry-after_barrier_before_dispatch-payments-3e961d07-r0,(session-3),B0_NAIVE_RETRY,after_barrier_before_dispatch,payments,AUTHORITATIVE_READBACK,CALLER_REFERENCE,7e699318-92af-424d-ad51-540a0a41210e,CONFIRMED_APPLIED,APPLIED,2,1,1,2076.901712,18933.0,1,0
b0_naive_retry-after_barrier_before_dispatch-payments-3e961d07-r0,(session-3),B0_NAIVE_RETRY,after_barrier_before_dispatch,payments,AUTHORITATIVE_READBACK,CALLER_REFERENCE,b63da593-9edf-4bbf-9de9-b3386e91cc1c,CONFIRMED_APPLIED,APPLIED,2,1,1,2057.31534,16040.0,1,0
b0_naive_retry-after_barrier_before_dispatch-payments-3e961d07-r0,(session-3),B0_NAIVE_RETRY,after_barrier_before_dispatch,payments,AUTHORITATIVE_READBACK,CALLER_REFERENCE,b3a2b952-22f8-4943-8a09-7460c828ac48,CONFIRMED_APPLIED,APPLIED,2,1,1,2062.892434,13017.0,1,0
b0_naive_retry-after_barrier_before_dispatch-payments-3e961d07-r0,(session-3),B0_NAIVE_RETRY,after_barrier_before_dispatch,payments,AUTHORITATIVE_READBACK,CALLER_REFERENCE,926c51c0-21cf-4f0e-a498-f6ee1e3d5917,CONFIRMED_APPLIED,APPLIED,2,1,1,2071.184523,9892.0,1,0
b0_naive_retry-after_barrier_before_dispatch-payments-3e961d07-r0,(session-3),B0_NAIVE_RETRY,after_barrier_before_dispatch,payments,AUTHORITATIVE_READBACK,CALLER_REFERENCE,4194549d-bff3-44ee-8dee-bca5c06f7d70,CONFIRMED_APPLIED,APPLIED,2,1,2,4063.815821,6858.0,1,0
b0_naive_retry-after_barrier_before_dispatch-payments-3e961d07-r0,(session-3),B0_NAIVE_RETRY,after_barrier_before_dispatch,payments,AUTHORITATIVE_READBACK,CALLER_REFERENCE,aef8d1dc-d880-4cb9-9b52-ff8eb2d3d244,CONFIRMED_APPLIED,APPLIED,1,1,3,6077.666247,18897.0,0,0
b0_naive_retry-after_barrier_before_dispatch-payments-3e961d07-r0,(session-3),B0_NAIVE_RETRY,after_barrier_before_dispatch,payments,AUTHORITATIVE_READBACK,CALLER_REFERENCE,fa75d9ef-ebe7-4adb-949f-5e1c7cb425e2,CONFIRMED_APPLIED,APPLIED,2,1,1,2061.212181,12027.0,1,0
b0_naive_retry-after_barrier_before_dispatch-payments-3e961d07-r0,(session-3),B0_NAIVE_RETRY,after_barrier_before_dispatch,payments,AUTHORITATIVE_READBACK,CALLER_REFERENCE,69417a24-16f1-49be-a158-0fb14578b25d,CONFIRMED_APPLIED,APPLIED,2,1,1,2067.510607,9032.0,1,0
b0_naive_retry-after_barrier_before_dispatch-payments-3e961d07-r0,(session-3),B0_NAIVE_RETRY,after_barrier_before_dispatch,payments,AUTHORITATIVE_READBACK,CALLER_REFERENCE,93020d8d-6662-4c7e-92c5-7d4e9236358d,CONFIRMED_APPLIED,APPLIED,2,1,1,2074.968189,5892.0,1,0
b0_naive_retry-after_barrier_before_dispatch-payments-3e961d07-r0,(session-3),B0_NAIVE_RETRY,after_barrier_before_dispatch,payments,AUTHORITATIVE_READBACK,CALLER_REFERENCE,58ff155d-a549-43e6-8dc3-bcb1cf21edcb,CONFIRMED_APPLIED,APPLIED,2,1,1,2081.400231,2782.0,1,0
b0_naive_retry-after_barrier_before_dispatch-payments-3e961d07-r1,(session-3),B0_NAIVE_RETRY,after_barrier_before_dispatch,payments,AUTHORITATIVE_READBACK,CALLER_REFERENCE,6d78484c-5144-4c63-a399-96b8bc8e11b8,CONFIRMED_APPLIED,APPLIED,2,1,1,2057.916369,24691.0,1,0
b0_naive_retry-after_barrier_before_dispatch-payments-3e961d07-r1,(session-3),B0_NAIVE_RETRY,after_barrier_before_dispatch,payments,AUTHORITATIVE_READBACK,CALLER_REFERENCE,a1f01310-c9ab-4806-8dca-b15de89fe43a,CONFIRMED_APPLIED,APPLIED,2,1,1,2067.491472,21821.0,1,0
b0_naive_retry-after_barrier_before_dispatch-payments-3e961d07-r1,(session-3),B0_NAIVE_RETRY,after_barrier_before_dispatch,payments,AUTHORITATIVE_READBACK,CALLER_REFERENCE,ea937fc7-663e-47ed-a78e-835d377d0ab1,CONFIRMED_APPLIED,APPLIED,2,1,1,2068.765119,18823.0,1,0
b0_naive_retry-after_barrier_before_dispatch-payments-3e961d07-r1,(session-3),B0_NAIVE_RETRY,after_barrier_before_dispatch,payments,AUTHORITATIVE_READBACK,CALLER_REFERENCE,c422e65f-aae3-4cd5-9053-44662ebe250b,CONFIRMED_APPLIED,APPLIED,2,1,1,2096.874892,15762.0,1,0
b0_naive_retry-after_barrier_before_dispatch-payments-3e961d07-r1,(session-3),B0_NAIVE_RETRY,after_barrier_before_dispatch,payments,AUTHORITATIVE_READBACK,CALLER_REFERENCE,0bc628be-c381-42ce-8f64-13e8bb8d4e4a,CONFIRMED_APPLIED,APPLIED,3,1,3,9067.882884,12667.0,1,0
b0_naive_retry-after_barrier_before_dispatch-payments-3e961d07-r1,(session-3),B0_NAIVE_RETRY,after_barrier_before_dispatch,payments,AUTHORITATIVE_READBACK,CALLER_REFERENCE,7d18855f-deed-483e-9760-d741bdb0c6da,CONFIRMED_APPLIED,APPLIED,2,1,1,2057.79315,24693.0,1,0
b0_naive_retry-after_barrier_before_dispatch-payments-3e961d07-r1,(session-3),B0_NAIVE_RETRY,after_barrier_before_dispatch,payments,AUTHORITATIVE_READBACK,CALLER_REFERENCE,874d880d-c849-42e3-9bdc-3b065f9c58a4,CONFIRMED_APPLIED,APPLIED,2,1,1,2066.690432,21821.0,1,0
b0_naive_retry-after_barrier_before_dispatch-payments-3e961d07-r1,(session-3),B0_NAIVE_RETRY,after_barrier_before_dispatch,payments,AUTHORITATIVE_READBACK,CALLER_REFERENCE,44b9d7de-6843-423f-87b3-ae4a640c24a2,CONFIRMED_APPLIED,APPLIED,2,1,1,2085.630504,18821.0,1,0
b0_naive_retry-after_barrier_before_dispatch-payments-3e961d07-r1,(session-3),B0_NAIVE_RETRY,after_barrier_before_dispatch,payments,AUTHORITATIVE_READBACK,CALLER_REFERENCE,ec9d627c-3077-44c0-a7e0-be020aa674bb,CONFIRMED_APPLIED,APPLIED,2,1,2,7120.398302,15778.0,1,0
b0_naive_retry-after_barrier_before_dispatch-payments-3e961d07-r1,(session-3),B0_NAIVE_RETRY,after_barrier_before_dispatch,payments,AUTHORITATIVE_READBACK,CALLER_REFERENCE,8a126f16-e711-40f4-9e7e-e9d15eeb17b2,CONFIRMED_APPLIED,APPLIED,3,1,2,7057.439841,7722.0,1,0
b0_naive_retry-after_barrier_before_dispatch-payments-3e961d07-r2,(session-3),B0_NAIVE_RETRY,after_barrier_before_dispatch,payments,AUTHORITATIVE_READBACK,CALLER_REFERENCE,39c5e311-9617-4999-afa8-b6dd4f9ca7a6,CONFIRMED_APPLIED,APPLIED,2,1,1,2066.969635,225242.0,1,0
b0_naive_retry-after_barrier_before_dispatch-payments-3e961d07-r2,(session-3),B0_NAIVE_RETRY,after_barrier_before_dispatch,payments,AUTHORITATIVE_READBACK,CALLER_REFERENCE,70620030-b04e-4844-9c3b-467683bf90b9,CONFIRMED_APPLIED,APPLIED,2,1,1,2073.613834,222243.0,1,0
b0_naive_retry-after_barrier_before_dispatch-payments-3e961d07-r2,(session-3),B0_NAIVE_RETRY,after_barrier_before_dispatch,payments,AUTHORITATIVE_READBACK,CALLER_REFERENCE,a872e1fc-9918-4bcf-9dd3-f83274f6a2de,CONFIRMED_APPLIED,APPLIED,2,1,1,2049.424994,219098.0,1,0
b0_naive_retry-after_barrier_before_dispatch-payments-3e961d07-r2,(session-3),B0_NAIVE_RETRY,after_barrier_before_dispatch,payments,AUTHORITATIVE_READBACK,CALLER_REFERENCE,56f2ef6e-3683-4f9a-989c-d89980fefd04,CONFIRMED_APPLIED,APPLIED,2,1,1,2064.030516,216062.0,1,0
b0_naive_retry-after_barrier_before_dispatch-payments-3e961d07-r2,(session-3),B0_NAIVE_RETRY,after_barrier_before_dispatch,payments,AUTHORITATIVE_READBACK,CALLER_REFERENCE,f0840ef0-08fa-4d92-b550-e420ccefdce3,CONFIRMED_APPLIED,APPLIED,2,1,1,2073.192087,213077.0,1,0
b0_naive_retry-after_barrier_before_dispatch-payments-3e961d07-r2,(session-3),B0_NAIVE_RETRY,after_barrier_before_dispatch,payments,AUTHORITATIVE_READBACK,CALLER_REFERENCE,51c8b2d5-141a-464d-b234-e572d6fbf1e0,CONFIRMED_APPLIED,APPLIED,3,1,2,7084.614904,225258.0,1,0
b0_naive_retry-after_barrier_before_dispatch-payments-3e961d07-r2,(session-3),B0_NAIVE_RETRY,after_barrier_before_dispatch,payments,AUTHORITATIVE_READBACK,CALLER_REFERENCE,beaf99bd-87c6-4101-84e9-e9c60eaa95d6,CONFIRMED_APPLIED,APPLIED,3,1,3,9088.466422,217228.0,1,0
b0_naive_retry-after_barrier_before_dispatch-payments-3e961d07-r2,(session-3),B0_NAIVE_RETRY,after_barrier_before_dispatch,payments,AUTHORITATIVE_READBACK,CALLER_REFERENCE,716c559c-d43c-435a-8a94-83f0e765148a,CONFIRMED_APPLIED,APPLIED,4,1,3,12166.928183,207135.0,1,0
b0_naive_retry-after_barrier_before_dispatch-payments-3e961d07-r2,(session-3),B0_NAIVE_RETRY,after_barrier_before_dispatch,payments,AUTHORITATIVE_READBACK,CALLER_REFERENCE,ca44177f-c548-45d3-96c4-c8be735b12fc,CONFIRMED_APPLIED,APPLIED,2,1,1,2042.584768,5246.0,1,0
b0_naive_retry-after_barrier_before_dispatch-payments-3e961d07-r2,(session-3),B0_NAIVE_RETRY,after_barrier_before_dispatch,payments,AUTHORITATIVE_READBACK,CALLER_REFERENCE,3dec8165-5e30-4dfa-a4bd-a577787957ba,CONFIRMED_APPLIED,APPLIED,2,1,1,2035.798878,2423.0,1,0
b0_naive_retry-after_resolution_before_barrier-ledger_postings-2dcedbd2-r0,(session-3),B0_NAIVE_RETRY,after_resolution_before_barrier,ledger_postings,NO_READBACK,CALLER_REFERENCE,4a6a807c-b572-4e03-964c-8fa1f5223740,CONFIRMED_APPLIED,APPLIED,2,1,1,2067.261627,34092.0,1,0
b0_naive_retry-after_resolution_before_barrier-ledger_postings-2dcedbd2-r0,(session-3),B0_NAIVE_RETRY,after_resolution_before_barrier,ledger_postings,NO_READBACK,CALLER_REFERENCE,4d30c558-159c-47c6-b271-f77e1bf6a108,CONFIRMED_APPLIED,APPLIED,2,1,1,2065.781892,29335.0,1,0
b0_naive_retry-after_resolution_before_barrier-ledger_postings-2dcedbd2-r0,(session-3),B0_NAIVE_RETRY,after_resolution_before_barrier,ledger_postings,NO_READBACK,CALLER_REFERENCE,2d4958e2-1aea-464d-a39f-3155a7b9b73f,CONFIRMED_APPLIED,APPLIED,2,1,1,2067.146199,24544.0,1,0
b0_naive_retry-after_resolution_before_barrier-ledger_postings-2dcedbd2-r0,(session-3),B0_NAIVE_RETRY,after_resolution_before_barrier,ledger_postings,NO_READBACK,CALLER_REFERENCE,1d0fdd3e-1a2e-4087-aa4d-d85dcb86c93d,UNVERIFIED_FAILURE,FAILED,2,1,3,9090.923945,19915.0,1,1
b0_naive_retry-after_resolution_before_barrier-ledger_postings-2dcedbd2-r0,(session-3),B0_NAIVE_RETRY,after_resolution_before_barrier,ledger_postings,NO_READBACK,CALLER_REFERENCE,9d12ade4-90cc-4f38-8a56-2b6bd523f4cf,CONFIRMED_APPLIED,APPLIED,3,1,1,2107.572531,3275.0,1,0
b0_naive_retry-after_resolution_before_barrier-ledger_postings-2dcedbd2-r0,(session-3),B0_NAIVE_RETRY,after_resolution_before_barrier,ledger_postings,NO_READBACK,CALLER_REFERENCE,c87d01e4-1e0f-4d98-9d96-c211614a8206,CONFIRMED_APPLIED,APPLIED,2,1,1,2065.441517,34094.0,1,0
b0_naive_retry-after_resolution_before_barrier-ledger_postings-2dcedbd2-r0,(session-3),B0_NAIVE_RETRY,after_resolution_before_barrier,ledger_postings,NO_READBACK,CALLER_REFERENCE,f404a2d4-a636-4377-906b-dd3b087740a0,CONFIRMED_APPLIED,APPLIED,3,1,1,2069.186153,24151.0,1,0
b0_naive_retry-after_resolution_before_barrier-ledger_postings-2dcedbd2-r0,(session-3),B0_NAIVE_RETRY,after_resolution_before_barrier,ledger_postings,NO_READBACK,CALLER_REFERENCE,96b54f9e-563c-4957-9c00-f0dddb800a41,CONFIRMED_APPLIED,APPLIED,2,1,1,2067.53652,19440.0,1,0
b0_naive_retry-after_resolution_before_barrier-ledger_postings-2dcedbd2-r0,(session-3),B0_NAIVE_RETRY,after_resolution_before_barrier,ledger_postings,NO_READBACK,CALLER_REFERENCE,86d68278-f708-452a-a02e-ee43aa7cec52,CONFIRMED_APPLIED,APPLIED,2,1,1,2068.396707,14785.0,1,0
b0_naive_retry-after_resolution_before_barrier-ledger_postings-2dcedbd2-r0,(session-3),B0_NAIVE_RETRY,after_resolution_before_barrier,ledger_postings,NO_READBACK,CALLER_REFERENCE,3fd10fde-ac46-4cb4-b056-09e897c1cf28,CONFIRMED_APPLIED,APPLIED,2,1,1,2067.307873,10193.0,1,0
b0_naive_retry-after_resolution_before_barrier-ledger_postings-2dcedbd2-r1,(session-3),B0_NAIVE_RETRY,after_resolution_before_barrier,ledger_postings,NO_READBACK,CALLER_REFERENCE,c33a290b-9462-4bce-8b77-a7a439ed03fa,CONFIRMED_APPLIED,APPLIED,2,1,1,2087.635896,33048.0,1,0
b0_naive_retry-after_resolution_before_barrier-ledger_postings-2dcedbd2-r1,(session-3),B0_NAIVE_RETRY,after_resolution_before_barrier,ledger_postings,NO_READBACK,CALLER_REFERENCE,9daa02c7-1ea3-4d01-a518-3a18e7fb98bd,CONFIRMED_APPLIED,APPLIED,2,1,1,2056.076501,28446.0,1,0
b0_naive_retry-after_resolution_before_barrier-ledger_postings-2dcedbd2-r1,(session-3),B0_NAIVE_RETRY,after_resolution_before_barrier,ledger_postings,NO_READBACK,CALLER_REFERENCE,d9efb7fc-eec3-4e09-a24f-db062b827e37,CONFIRMED_APPLIED,APPLIED,2,1,1,2074.89823,23770.0,1,0
b0_naive_retry-after_resolution_before_barrier-ledger_postings-2dcedbd2-r1,(session-3),B0_NAIVE_RETRY,after_resolution_before_barrier,ledger_postings,NO_READBACK,CALLER_REFERENCE,076779d2-ba22-4ee4-a224-5867dbdc9a17,CONFIRMED_APPLIED,APPLIED,4,1,1,2047.752957,9165.0,1,0
b0_naive_retry-after_resolution_before_barrier-ledger_postings-2dcedbd2-r1,(session-3),B0_NAIVE_RETRY,after_resolution_before_barrier,ledger_postings,NO_READBACK,CALLER_REFERENCE,819c78a4-6a9d-472f-ab15-b4a74b56e43e,CONFIRMED_APPLIED,APPLIED,2,1,2,4048.893325,4646.0,1,0
b0_naive_retry-after_resolution_before_barrier-ledger_postings-2dcedbd2-r1,(session-3),B0_NAIVE_RETRY,after_resolution_before_barrier,ledger_postings,NO_READBACK,CALLER_REFERENCE,be2db4b6-4631-4e9c-9b6a-d12e6af0927b,CONFIRMED_APPLIED,APPLIED,2,1,1,2079.085548,33047.0,1,0
b0_naive_retry-after_resolution_before_barrier-ledger_postings-2dcedbd2-r1,(session-3),B0_NAIVE_RETRY,after_resolution_before_barrier,ledger_postings,NO_READBACK,CALLER_REFERENCE,1fd09925-0bea-47c4-8ec0-79fc8d76540c,CONFIRMED_APPLIED,APPLIED,2,1,1,2064.175152,28441.0,1,0
b0_naive_retry-after_resolution_before_barrier-ledger_postings-2dcedbd2-r1,(session-3),B0_NAIVE_RETRY,after_resolution_before_barrier,ledger_postings,NO_READBACK,CALLER_REFERENCE,d12d8df5-e988-4e7b-b95c-196f504ccfba,CONFIRMED_APPLIED,APPLIED,2,1,1,2054.424584,23831.0,1,0
b0_naive_retry-after_resolution_before_barrier-ledger_postings-2dcedbd2-r1,(session-3),B0_NAIVE_RETRY,after_resolution_before_barrier,ledger_postings,NO_READBACK,CALLER_REFERENCE,d8b917e5-d2e3-41db-8fc6-597755a421bb,CONFIRMED_APPLIED,APPLIED,2,1,1,2060.129092,19205.0,1,0
b0_naive_retry-after_resolution_before_barrier-ledger_postings-2dcedbd2-r1,(session-3),B0_NAIVE_RETRY,after_resolution_before_barrier,ledger_postings,NO_READBACK,CALLER_REFERENCE,7b12c1eb-92f8-44dc-a860-4e1f05e7505f,CONFIRMED_APPLIED,APPLIED,3,1,3,6063.006598,9669.0,1,0
b0_naive_retry-after_resolution_before_barrier-ledger_postings-2dcedbd2-r2,(session-3),B0_NAIVE_RETRY,after_resolution_before_barrier,ledger_postings,NO_READBACK,CALLER_REFERENCE,6783dca3-8e6c-492c-a904-562324d2856f,CONFIRMED_APPLIED,APPLIED,2,1,1,2063.608291,35265.0,1,0
b0_naive_retry-after_resolution_before_barrier-ledger_postings-2dcedbd2-r2,(session-3),B0_NAIVE_RETRY,after_resolution_before_barrier,ledger_postings,NO_READBACK,CALLER_REFERENCE,2477e067-5707-4a42-9491-92161671fab3,CONFIRMED_APPLIED,APPLIED,2,1,1,2072.611434,30567.0,1,0
b0_naive_retry-after_resolution_before_barrier-ledger_postings-2dcedbd2-r2,(session-3),B0_NAIVE_RETRY,after_resolution_before_barrier,ledger_postings,NO_READBACK,CALLER_REFERENCE,15d83141-4103-4200-a321-8f2788c1649d,CONFIRMED_APPLIED,APPLIED,2,1,1,2067.262269,23826.0,1,0
b0_naive_retry-after_resolution_before_barrier-ledger_postings-2dcedbd2-r2,(session-3),B0_NAIVE_RETRY,after_resolution_before_barrier,ledger_postings,NO_READBACK,CALLER_REFERENCE,6687b09d-ed9b-442e-8ff3-c3da8c6e6767,CONFIRMED_APPLIED,APPLIED,2,1,1,2056.032217,17259.0,1,0
b0_naive_retry-after_resolution_before_barrier-ledger_postings-2dcedbd2-r2,(session-3),B0_NAIVE_RETRY,after_resolution_before_barrier,ledger_postings,NO_READBACK,CALLER_REFERENCE,4562a08c-be5c-4ba8-a81e-ae10c4c55236,CONFIRMED_APPLIED,APPLIED,4,1,2,7080.051108,7682.0,1,0
b0_naive_retry-after_resolution_before_barrier-ledger_postings-2dcedbd2-r2,(session-3),B0_NAIVE_RETRY,after_resolution_before_barrier,ledger_postings,NO_READBACK,CALLER_REFERENCE,c6d3e8d4-90ba-4f1d-a2a6-68b5da61234c,CONFIRMED_APPLIED,APPLIED,2,1,1,2061.812903,35252.0,1,0
b0_naive_retry-after_resolution_before_barrier-ledger_postings-2dcedbd2-r2,(session-3),B0_NAIVE_RETRY,after_resolution_before_barrier,ledger_postings,NO_READBACK,CALLER_REFERENCE,562c8e65-cb40-41bb-87c5-6dbbfee111e5,CONFIRMED_APPLIED,APPLIED,2,1,1,2076.166085,30566.0,1,0
b0_naive_retry-after_resolution_before_barrier-ledger_postings-2dcedbd2-r2,(session-3),B0_NAIVE_RETRY,after_resolution_before_barrier,ledger_postings,NO_READBACK,CALLER_REFERENCE,88a55e2a-5470-44d5-b0ca-9c766c4574d5,CONFIRMED_APPLIED,APPLIED,3,1,3,9063.507557,25827.0,1,0
b0_naive_retry-after_resolution_before_barrier-ledger_postings-2dcedbd2-r2,(session-3),B0_NAIVE_RETRY,after_resolution_before_barrier,ledger_postings,NO_READBACK,CALLER_REFERENCE,ca0b43d0-b004-474b-966d-20a4e12036f6,CONFIRMED_APPLIED,APPLIED,2,1,1,2060.841752,14295.0,1,0
b0_naive_retry-after_resolution_before_barrier-ledger_postings-2dcedbd2-r2,(session-3),B0_NAIVE_RETRY,after_resolution_before_barrier,ledger_postings,NO_READBACK,CALLER_REFERENCE,e6572a7e-88aa-4cf9-8325-8a8448299a8e,CONFIRMED_APPLIED,APPLIED,2,1,1,2049.811137,9729.0,1,0
b0_naive_retry-after_resolution_before_barrier-notifications-f062a7ca-r0,(session-3),B0_NAIVE_RETRY,after_resolution_before_barrier,notifications,POSITIVE_ONLY_READBACK,CALLER_REFERENCE,8d71af91-a4ce-441b-9236-f7820d5c012c,CONFIRMED_APPLIED,APPLIED,2,1,1,2056.947752,41414.0,1,0
b0_naive_retry-after_resolution_before_barrier-notifications-f062a7ca-r0,(session-3),B0_NAIVE_RETRY,after_resolution_before_barrier,notifications,POSITIVE_ONLY_READBACK,CALLER_REFERENCE,fc3247ce-f164-4056-8568-6dc299b731a5,CONFIRMED_APPLIED,APPLIED,2,1,1,2074.131995,36739.0,1,0
b0_naive_retry-after_resolution_before_barrier-notifications-f062a7ca-r0,(session-3),B0_NAIVE_RETRY,after_resolution_before_barrier,notifications,POSITIVE_ONLY_READBACK,CALLER_REFERENCE,3f9d791d-b233-4080-83b9-828968dfcf81,CONFIRMED_APPLIED,APPLIED,4,1,3,12086.21256,32097.0,1,0
b0_naive_retry-after_resolution_before_barrier-notifications-f062a7ca-r0,(session-3),B0_NAIVE_RETRY,after_resolution_before_barrier,notifications,POSITIVE_ONLY_READBACK,CALLER_REFERENCE,a5c323ef-7b30-44a2-bc62-09d357d33819,CONFIRMED_APPLIED,APPLIED,2,1,1,2050.59783,17376.0,1,0
b0_naive_retry-after_resolution_before_barrier-notifications-f062a7ca-r0,(session-3),B0_NAIVE_RETRY,after_resolution_before_barrier,notifications,POSITIVE_ONLY_READBACK,CALLER_REFERENCE,8bbaae69-5243-4825-a9b4-1d88f37482d1,CONFIRMED_APPLIED,APPLIED,4,1,2,7064.831389,7735.0,1,0
b0_naive_retry-after_resolution_before_barrier-notifications-f062a7ca-r0,(session-3),B0_NAIVE_RETRY,after_resolution_before_barrier,notifications,POSITIVE_ONLY_READBACK,CALLER_REFERENCE,f77b7c29-2ec9-4562-afd8-1d1d42559990,CONFIRMED_APPLIED,APPLIED,2,1,1,2054.279504,41414.0,1,0
b0_naive_retry-after_resolution_before_barrier-notifications-f062a7ca-r0,(session-3),B0_NAIVE_RETRY,after_resolution_before_barrier,notifications,POSITIVE_ONLY_READBACK,CALLER_REFERENCE,6be19845-d232-4129-a281-44af4d3f9795,CONFIRMED_APPLIED,APPLIED,2,1,1,2074.268992,36737.0,1,0
b0_naive_retry-after_resolution_before_barrier-notifications-f062a7ca-r0,(session-3),B0_NAIVE_RETRY,after_resolution_before_barrier,notifications,POSITIVE_ONLY_READBACK,CALLER_REFERENCE,7301a77f-9747-46f7-8243-6b0a86db2328,CONFIRMED_APPLIED,APPLIED,3,1,2,7069.982832,32085.0,1,0
b0_naive_retry-after_resolution_before_barrier-notifications-f062a7ca-r0,(session-3),B0_NAIVE_RETRY,after_resolution_before_barrier,notifications,POSITIVE_ONLY_READBACK,CALLER_REFERENCE,d4a8023b-a7e2-48eb-b252-d901c53f63e1,CONFIRMED_APPLIED,APPLIED,2,1,1,2053.461227,22434.0,1,0
b0_naive_retry-after_resolution_before_barrier-notifications-f062a7ca-r0,(session-3),B0_NAIVE_RETRY,after_resolution_before_barrier,notifications,POSITIVE_ONLY_READBACK,CALLER_REFERENCE,f118af1b-6e2e-4690-aba7-57bfce39958f,CONFIRMED_APPLIED,APPLIED,2,1,1,2048.506209,15897.0,1,0
b0_naive_retry-after_resolution_before_barrier-notifications-f062a7ca-r1,(session-3),B0_NAIVE_RETRY,after_resolution_before_barrier,notifications,POSITIVE_ONLY_READBACK,CALLER_REFERENCE,c423366e-6921-44ec-99e0-e76ebafe9253,CONFIRMED_APPLIED,APPLIED,2,1,1,2055.273024,46631.0,1,0
b0_naive_retry-after_resolution_before_barrier-notifications-f062a7ca-r1,(session-3),B0_NAIVE_RETRY,after_resolution_before_barrier,notifications,POSITIVE_ONLY_READBACK,CALLER_REFERENCE,33108435-6513-453a-a540-b2cbd3aba6a3,CONFIRMED_APPLIED,APPLIED,3,1,2,7064.287717,42039.0,1,0
b0_naive_retry-after_resolution_before_barrier-notifications-f062a7ca-r1,(session-3),B0_NAIVE_RETRY,after_resolution_before_barrier,notifications,POSITIVE_ONLY_READBACK,CALLER_REFERENCE,793874c1-dd49-4eae-883d-8a8b6fd10777,CONFIRMED_APPLIED,APPLIED,2,1,1,2069.872046,32395.0,1,0
b0_naive_retry-after_resolution_before_barrier-notifications-f062a7ca-r1,(session-3),B0_NAIVE_RETRY,after_resolution_before_barrier,notifications,POSITIVE_ONLY_READBACK,CALLER_REFERENCE,88abd8bb-4a77-48ec-ae82-e482a9153f61,CONFIRMED_APPLIED,APPLIED,2,1,1,2041.21299,27745.0,1,0
b0_naive_retry-after_resolution_before_barrier-notifications-f062a7ca-r1,(session-3),B0_NAIVE_RETRY,after_resolution_before_barrier,notifications,POSITIVE_ONLY_READBACK,CALLER_REFERENCE,a044eac3-f258-401f-a9ba-74a4a5fcf804,CONFIRMED_APPLIED,APPLIED,3,1,1,2065.255699,18316.0,1,0
b0_naive_retry-after_resolution_before_barrier-notifications-f062a7ca-r1,(session-3),B0_NAIVE_RETRY,after_resolution_before_barrier,notifications,POSITIVE_ONLY_READBACK,CALLER_REFERENCE,7bea5286-8c43-415d-9c3f-a1e1f06acf46,CONFIRMED_APPLIED,APPLIED,2,1,1,2057.254619,46632.0,1,0
b0_naive_retry-after_resolution_before_barrier-notifications-f062a7ca-r1,(session-3),B0_NAIVE_RETRY,after_resolution_before_barrier,notifications,POSITIVE_ONLY_READBACK,CALLER_REFERENCE,3dc4accc-e0cb-452b-a3bb-e93c1fa40408,CONFIRMED_APPLIED,APPLIED,4,1,1,2053.370016,32017.0,1,0
b0_naive_retry-after_resolution_before_barrier-notifications-f062a7ca-r1,(session-3),B0_NAIVE_RETRY,after_resolution_before_barrier,notifications,POSITIVE_ONLY_READBACK,CALLER_REFERENCE,b3808df9-03fb-40e5-90be-135b90736eba,CONFIRMED_APPLIED,APPLIED,2,1,1,2041.55903,25419.0,1,0
b0_naive_retry-after_resolution_before_barrier-notifications-f062a7ca-r1,(session-3),B0_NAIVE_RETRY,after_resolution_before_barrier,notifications,POSITIVE_ONLY_READBACK,CALLER_REFERENCE,2c6083bf-ba8c-4816-b6e8-d1810eb453a7,UNVERIFIED_FAILURE,FAILED,4,1,3,15080.188132,20999.0,1,1
b0_naive_retry-after_resolution_before_barrier-notifications-f062a7ca-r1,(session-3),B0_NAIVE_RETRY,after_resolution_before_barrier,notifications,POSITIVE_ONLY_READBACK,CALLER_REFERENCE,ed0d25bc-33a4-4615-b365-42fe43ac0f88,CONFIRMED_APPLIED,APPLIED,2,1,1,2104.32904,3385.0,1,0
b0_naive_retry-after_resolution_before_barrier-notifications-f062a7ca-r2,(session-3),B0_NAIVE_RETRY,after_resolution_before_barrier,notifications,POSITIVE_ONLY_READBACK,CALLER_REFERENCE,f771e336-5c77-45de-9719-0a531dba8d32,CONFIRMED_APPLIED,APPLIED,2,1,1,2059.052199,39173.0,1,0
b0_naive_retry-after_resolution_before_barrier-notifications-f062a7ca-r2,(session-3),B0_NAIVE_RETRY,after_resolution_before_barrier,notifications,POSITIVE_ONLY_READBACK,CALLER_REFERENCE,9d174eae-af42-4dc0-9def-0b339dfc8878,CONFIRMED_APPLIED,APPLIED,2,1,1,2098.583916,32441.0,1,0
b0_naive_retry-after_resolution_before_barrier-notifications-f062a7ca-r2,(session-3),B0_NAIVE_RETRY,after_resolution_before_barrier,notifications,POSITIVE_ONLY_READBACK,CALLER_REFERENCE,69422c35-b6ee-4d76-9cae-429edb3d2966,CONFIRMED_APPLIED,APPLIED,2,1,1,2064.123987,27662.0,1,0
b0_naive_retry-after_resolution_before_barrier-notifications-f062a7ca-r2,(session-3),B0_NAIVE_RETRY,after_resolution_before_barrier,notifications,POSITIVE_ONLY_READBACK,CALLER_REFERENCE,0428263c-4195-406c-a3bb-1a8fc728ad0d,CONFIRMED_APPLIED,APPLIED,4,1,2,7067.495883,15917.0,1,0
b0_naive_retry-after_resolution_before_barrier-notifications-f062a7ca-r2,(session-3),B0_NAIVE_RETRY,after_resolution_before_barrier,notifications,POSITIVE_ONLY_READBACK,CALLER_REFERENCE,14af54d5-5aec-4ba2-815f-7a2bbc81b5c3,CONFIRMED_APPLIED,APPLIED,2,1,1,2057.511714,6220.0,1,0
b0_naive_retry-after_resolution_before_barrier-notifications-f062a7ca-r2,(session-3),B0_NAIVE_RETRY,after_resolution_before_barrier,notifications,POSITIVE_ONLY_READBACK,CALLER_REFERENCE,671ae606-6bfb-4a53-af91-0c4165dd2898,CONFIRMED_APPLIED,APPLIED,3,1,1,2079.146838,34159.0,1,0
b0_naive_retry-after_resolution_before_barrier-notifications-f062a7ca-r2,(session-3),B0_NAIVE_RETRY,after_resolution_before_barrier,notifications,POSITIVE_ONLY_READBACK,CALLER_REFERENCE,ab6c6cf4-bd57-4f30-83d5-615240c9bb85,CONFIRMED_APPLIED,APPLIED,2,1,1,2072.650976,29378.0,1,0
b0_naive_retry-after_resolution_before_barrier-notifications-f062a7ca-r2,(session-3),B0_NAIVE_RETRY,after_resolution_before_barrier,notifications,POSITIVE_ONLY_READBACK,CALLER_REFERENCE,ced4d5b3-9148-429b-bb37-349aa6e1a9a7,CONFIRMED_APPLIED,APPLIED,3,1,2,7065.694511,24594.0,1,0
b0_naive_retry-after_resolution_before_barrier-notifications-f062a7ca-r2,(session-3),B0_NAIVE_RETRY,after_resolution_before_barrier,notifications,POSITIVE_ONLY_READBACK,CALLER_REFERENCE,0f499304-1d8f-45d7-9643-2fd691e88a7f,CONFIRMED_APPLIED,APPLIED,2,1,1,2082.412027,14761.0,1,0
b0_naive_retry-after_resolution_before_barrier-notifications-f062a7ca-r2,(session-3),B0_NAIVE_RETRY,after_resolution_before_barrier,notifications,POSITIVE_ONLY_READBACK,CALLER_REFERENCE,caefb4cb-9d7f-4e5a-a5bd-d8aaabaa0c68,CONFIRMED_APPLIED,APPLIED,3,1,3,9109.609495,10052.0,1,0
b0_naive_retry-after_resolution_before_barrier-payments-44c57139-r0,(session-3),B0_NAIVE_RETRY,after_resolution_before_barrier,payments,AUTHORITATIVE_READBACK,CALLER_REFERENCE,f2183252-a372-4404-a53c-4a49602834ba,CONFIRMED_APPLIED,APPLIED,2,1,1,2041.577826,33169.0,1,0
b0_naive_retry-after_resolution_before_barrier-payments-44c57139-r0,(session-3),B0_NAIVE_RETRY,after_resolution_before_barrier,payments,AUTHORITATIVE_READBACK,CALLER_REFERENCE,911dc385-5bfe-49ac-b9be-930f727de792,CONFIRMED_APPLIED,APPLIED,2,1,1,2040.220334,28754.0,1,0
b0_naive_retry-after_resolution_before_barrier-payments-44c57139-r0,(session-3),B0_NAIVE_RETRY,after_resolution_before_barrier,payments,AUTHORITATIVE_READBACK,CALLER_REFERENCE,666aeeaa-e3ad-4081-8074-8fd7bd92e954,CONFIRMED_APPLIED,APPLIED,2,1,1,2070.882914,24479.0,1,0
b0_naive_retry-after_resolution_before_barrier-payments-44c57139-r0,(session-3),B0_NAIVE_RETRY,after_resolution_before_barrier,payments,AUTHORITATIVE_READBACK,CALLER_REFERENCE,ad2309e0-b3dd-4ccd-a009-7231eeaf886a,CONFIRMED_APPLIED,APPLIED,2,1,1,2041.420399,20019.0,1,0
b0_naive_retry-after_resolution_before_barrier-payments-44c57139-r0,(session-3),B0_NAIVE_RETRY,after_resolution_before_barrier,payments,AUTHORITATIVE_READBACK,CALLER_REFERENCE,163817f8-0dbb-4b9f-a070-29be37eee2b6,CONFIRMED_APPLIED,APPLIED,2,1,1,2042.852955,15589.0,1,0
b0_naive_retry-after_resolution_before_barrier-payments-44c57139-r0,(session-3),B0_NAIVE_RETRY,after_resolution_before_barrier,payments,AUTHORITATIVE_READBACK,CALLER_REFERENCE,8a990928-a86c-43d4-9a57-01f6dd902cd1,UNVERIFIED_FAILURE,FAILED,4,1,3,15057.376127,33180.0,1,1
b0_naive_retry-after_resolution_before_barrier-payments-44c57139-r0,(session-3),B0_NAIVE_RETRY,after_resolution_before_barrier,payments,AUTHORITATIVE_READBACK,CALLER_REFERENCE,6a3badb4-b18d-435f-a85e-488c2a802798,CONFIRMED_APPLIED,APPLIED,2,1,1,2039.457239,15813.0,1,0
b0_naive_retry-after_resolution_before_barrier-payments-44c57139-r0,(session-3),B0_NAIVE_RETRY,after_resolution_before_barrier,payments,AUTHORITATIVE_READBACK,CALLER_REFERENCE,a9945abc-1fad-4117-a414-f7e36414fc2d,CONFIRMED_APPLIED,APPLIED,2,1,1,2042.483488,11356.0,1,0
b0_naive_retry-after_resolution_before_barrier-payments-44c57139-r0,(session-3),B0_NAIVE_RETRY,after_resolution_before_barrier,payments,AUTHORITATIVE_READBACK,CALLER_REFERENCE,b33e4f8d-7c07-40e7-b194-6b67b752228b,CONFIRMED_APPLIED,APPLIED,2,1,1,2044.758644,6937.0,1,0
b0_naive_retry-after_resolution_before_barrier-payments-44c57139-r0,(session-3),B0_NAIVE_RETRY,after_resolution_before_barrier,payments,AUTHORITATIVE_READBACK,CALLER_REFERENCE,ffab7338-2e6a-442d-b72b-4c2304e09fd9,CONFIRMED_APPLIED,APPLIED,2,1,1,2045.433255,2508.0,1,0
b0_naive_retry-after_resolution_before_barrier-payments-44c57139-r1,(session-3),B0_NAIVE_RETRY,after_resolution_before_barrier,payments,AUTHORITATIVE_READBACK,CALLER_REFERENCE,86297a04-6e5e-4740-8b52-f036226a91bd,CONFIRMED_APPLIED,APPLIED,2,1,1,2044.297969,30859.0,1,0
b0_naive_retry-after_resolution_before_barrier-payments-44c57139-r1,(session-3),B0_NAIVE_RETRY,after_resolution_before_barrier,payments,AUTHORITATIVE_READBACK,CALLER_REFERENCE,e3dbd289-6e38-41df-a0fc-8a7110a61254,CONFIRMED_APPLIED,APPLIED,2,1,1,2041.426263,26281.0,1,0
b0_naive_retry-after_resolution_before_barrier-payments-44c57139-r1,(session-3),B0_NAIVE_RETRY,after_resolution_before_barrier,payments,AUTHORITATIVE_READBACK,CALLER_REFERENCE,fdf987a8-2dad-4f84-9830-47bfe7563ff6,CONFIRMED_APPLIED,APPLIED,2,1,1,2052.140532,21775.0,1,0
b0_naive_retry-after_resolution_before_barrier-payments-44c57139-r1,(session-3),B0_NAIVE_RETRY,after_resolution_before_barrier,payments,AUTHORITATIVE_READBACK,CALLER_REFERENCE,f56f6f3e-63be-43cb-b554-7d810c38bd87,CONFIRMED_APPLIED,APPLIED,2,1,1,2046.746158,17339.0,1,0
b0_naive_retry-after_resolution_before_barrier-payments-44c57139-r1,(session-3),B0_NAIVE_RETRY,after_resolution_before_barrier,payments,AUTHORITATIVE_READBACK,CALLER_REFERENCE,eebf22e6-3730-4076-bcc2-0badc688dc90,CONFIRMED_APPLIED,APPLIED,2,1,1,2043.089382,12849.0,1,0
b0_naive_retry-after_resolution_before_barrier-payments-44c57139-r1,(session-3),B0_NAIVE_RETRY,after_resolution_before_barrier,payments,AUTHORITATIVE_READBACK,CALLER_REFERENCE,6b947f9f-63ba-4755-b896-3440d4baeec8,CONFIRMED_APPLIED,APPLIED,2,1,1,2054.979268,30895.0,1,0
b0_naive_retry-after_resolution_before_barrier-payments-44c57139-r1,(session-3),B0_NAIVE_RETRY,after_resolution_before_barrier,payments,AUTHORITATIVE_READBACK,CALLER_REFERENCE,751a9bb9-7d36-4094-80c6-7bb03155c631,CONFIRMED_APPLIED,APPLIED,3,1,2,7067.297752,26317.0,1,0
b0_naive_retry-after_resolution_before_barrier-payments-44c57139-r1,(session-3),B0_NAIVE_RETRY,after_resolution_before_barrier,payments,AUTHORITATIVE_READBACK,CALLER_REFERENCE,83fcdc09-489d-469e-bd54-3c8fab2e104b,CONFIRMED_APPLIED,APPLIED,2,1,1,2046.356341,16763.0,1,0
b0_naive_retry-after_resolution_before_barrier-payments-44c57139-r1,(session-3),B0_NAIVE_RETRY,after_resolution_before_barrier,payments,AUTHORITATIVE_READBACK,CALLER_REFERENCE,59fd1599-4c5b-40a8-b1b6-c5a7ed283a8a,CONFIRMED_APPLIED,APPLIED,2,1,1,2044.848975,12270.0,1,0
b0_naive_retry-after_resolution_before_barrier-payments-44c57139-r1,(session-3),B0_NAIVE_RETRY,after_resolution_before_barrier,payments,AUTHORITATIVE_READBACK,CALLER_REFERENCE,33a25d84-c6e6-4004-88ac-12f618d6d923,CONFIRMED_APPLIED,APPLIED,3,1,1,2059.436176,2747.0,1,0
b0_naive_retry-after_resolution_before_barrier-payments-44c57139-r2,(session-3),B0_NAIVE_RETRY,after_resolution_before_barrier,payments,AUTHORITATIVE_READBACK,CALLER_REFERENCE,a4310589-1950-479c-b708-5e24524fef11,CONFIRMED_APPLIED,APPLIED,2,1,2,4058.676793,39332.0,1,0
b0_naive_retry-after_resolution_before_barrier-payments-44c57139-r2,(session-3),B0_NAIVE_RETRY,after_resolution_before_barrier,payments,AUTHORITATIVE_READBACK,CALLER_REFERENCE,246fd485-0c9a-4faf-bdb9-96db6b9a9a8e,CONFIRMED_APPLIED,APPLIED,2,1,1,2052.224792,32775.0,1,0
b0_naive_retry-after_resolution_before_barrier-payments-44c57139-r2,(session-3),B0_NAIVE_RETRY,after_resolution_before_barrier,payments,AUTHORITATIVE_READBACK,CALLER_REFERENCE,750841e3-736b-4d85-8fda-19d0228969bf,CONFIRMED_APPLIED,APPLIED,2,1,1,2043.014819,28357.0,1,0
b0_naive_retry-after_resolution_before_barrier-payments-44c57139-r2,(session-3),B0_NAIVE_RETRY,after_resolution_before_barrier,payments,AUTHORITATIVE_READBACK,CALLER_REFERENCE,81d38327-eeeb-4b40-9d6e-f7a50b9a190c,UNVERIFIED_FAILURE,FAILED,4,1,3,15061.002937,21928.0,1,1
b0_naive_retry-after_resolution_before_barrier-payments-44c57139-r2,(session-3),B0_NAIVE_RETRY,after_resolution_before_barrier,payments,AUTHORITATIVE_READBACK,CALLER_REFERENCE,31af33eb-6750-48aa-82f9-439b5db51b21,CONFIRMED_APPLIED,APPLIED,2,1,2,4051.639113,4509.0,1,0
b0_naive_retry-after_resolution_before_barrier-payments-44c57139-r2,(session-3),B0_NAIVE_RETRY,after_resolution_before_barrier,payments,AUTHORITATIVE_READBACK,CALLER_REFERENCE,c3af5802-de36-49d9-b863-29fe334dc8db,CONFIRMED_APPLIED,APPLIED,2,1,1,2040.922815,41259.0,1,0
b0_naive_retry-after_resolution_before_barrier-payments-44c57139-r2,(session-3),B0_NAIVE_RETRY,after_resolution_before_barrier,payments,AUTHORITATIVE_READBACK,CALLER_REFERENCE,b364871d-386f-4f5a-b2bd-bbef08c583bd,CONFIRMED_APPLIED,APPLIED,2,1,1,2056.215816,36770.0,1,0
b0_naive_retry-after_resolution_before_barrier-payments-44c57139-r2,(session-3),B0_NAIVE_RETRY,after_resolution_before_barrier,payments,AUTHORITATIVE_READBACK,CALLER_REFERENCE,a7b8cd72-1ca1-4486-aee9-6cfa3963a7e2,CONFIRMED_APPLIED,APPLIED,2,1,1,2038.324186,32211.0,1,0
b0_naive_retry-after_resolution_before_barrier-payments-44c57139-r2,(session-3),B0_NAIVE_RETRY,after_resolution_before_barrier,payments,AUTHORITATIVE_READBACK,CALLER_REFERENCE,387f2c6a-7d9d-439c-86f4-32a1bf9e9d98,CONFIRMED_APPLIED,APPLIED,2,1,1,2044.395739,27788.0,1,0
b0_naive_retry-after_resolution_before_barrier-payments-44c57139-r2,(session-3),B0_NAIVE_RETRY,after_resolution_before_barrier,payments,AUTHORITATIVE_READBACK,CALLER_REFERENCE,2acecdad-e02a-4253-a622-22c4b2e9130b,CONFIRMED_APPLIED,APPLIED,2,1,1,2040.426882,23377.0,1,0
b0_naive_retry-after_response_before_resolution-ledger_postings-657f6e05-r0,(session-3),B0_NAIVE_RETRY,after_response_before_resolution,ledger_postings,NO_READBACK,CALLER_REFERENCE,fa565b12-6399-4918-ae8a-ccdf360b7c1b,CONFIRMED_APPLIED,APPLIED,2,1,1,2096.998329,33639.0,1,0
b0_naive_retry-after_response_before_resolution-ledger_postings-657f6e05-r0,(session-3),B0_NAIVE_RETRY,after_response_before_resolution,ledger_postings,NO_READBACK,CALLER_REFERENCE,f93ff582-247e-4689-9363-c52878149548,CONFIRMED_APPLIED,APPLIED,2,1,1,2090.747518,25543.0,1,0
b0_naive_retry-after_response_before_resolution-ledger_postings-657f6e05-r0,(session-3),B0_NAIVE_RETRY,after_response_before_resolution,ledger_postings,NO_READBACK,CALLER_REFERENCE,bea53922-a827-490a-abed-83ec32930be7,CONFIRMED_APPLIED,APPLIED,2,1,1,2105.843441,20817.0,1,0
b0_naive_retry-after_response_before_resolution-ledger_postings-657f6e05-r0,(session-3),B0_NAIVE_RETRY,after_response_before_resolution,ledger_postings,NO_READBACK,CALLER_REFERENCE,55fd114f-d245-47bc-93ea-915bcd977527,CONFIRMED_APPLIED,APPLIED,2,1,1,2064.379079,15958.0,1,0
b0_naive_retry-after_response_before_resolution-ledger_postings-657f6e05-r0,(session-3),B0_NAIVE_RETRY,after_response_before_resolution,ledger_postings,NO_READBACK,CALLER_REFERENCE,d6f33c50-dd5f-4e9d-b991-996d8faa0300,CONFIRMED_APPLIED,APPLIED,3,1,2,7079.261497,11315.0,1,0
b0_naive_retry-after_response_before_resolution-ledger_postings-657f6e05-r0,(session-3),B0_NAIVE_RETRY,after_response_before_resolution,ledger_postings,NO_READBACK,CALLER_REFERENCE,e7b05877-5341-451f-963d-755796c5e5f4,CONFIRMED_APPLIED,APPLIED,3,1,2,7107.247932,33629.0,1,0
b0_naive_retry-after_response_before_resolution-ledger_postings-657f6e05-r0,(session-3),B0_NAIVE_RETRY,after_response_before_resolution,ledger_postings,NO_READBACK,CALLER_REFERENCE,29fbf943-260c-4fde-9bc6-b84a5896d475,CONFIRMED_APPLIED,APPLIED,2,1,1,2057.693054,20636.0,1,0
b0_naive_retry-after_response_before_resolution-ledger_postings-657f6e05-r0,(session-3),B0_NAIVE_RETRY,after_response_before_resolution,ledger_postings,NO_READBACK,CALLER_REFERENCE,709274f5-ed30-47ee-b93f-98c6f549fa7a,CONFIRMED_APPLIED,APPLIED,2,1,1,2058.209702,12780.0,1,0
b0_naive_retry-after_response_before_resolution-ledger_postings-657f6e05-r0,(session-3),B0_NAIVE_RETRY,after_response_before_resolution,ledger_postings,NO_READBACK,CALLER_REFERENCE,121ac947-ea68-488a-937e-cadae469782a,CONFIRMED_APPLIED,APPLIED,2,1,1,2059.470629,8107.0,1,0
b0_naive_retry-after_response_before_resolution-ledger_postings-657f6e05-r0,(session-3),B0_NAIVE_RETRY,after_response_before_resolution,ledger_postings,NO_READBACK,CALLER_REFERENCE,b42a37bf-4212-49d5-a94a-fd162cacc1aa,CONFIRMED_APPLIED,APPLIED,2,1,1,2088.914009,3381.0,1,0
b0_naive_retry-after_response_before_resolution-ledger_postings-657f6e05-r1,(session-3),B0_NAIVE_RETRY,after_response_before_resolution,ledger_postings,NO_READBACK,CALLER_REFERENCE,abf44c18-90ef-46e4-a625-8593f9db28b7,CONFIRMED_APPLIED,APPLIED,2,1,1,2077.520068,26855.0,1,0
b0_naive_retry-after_response_before_resolution-ledger_postings-657f6e05-r1,(session-3),B0_NAIVE_RETRY,after_response_before_resolution,ledger_postings,NO_READBACK,CALLER_REFERENCE,24112406-6898-4127-83ef-0ff433207380,CONFIRMED_APPLIED,APPLIED,2,1,1,2078.100461,22053.0,1,0
b0_naive_retry-after_response_before_resolution-ledger_postings-657f6e05-r1,(session-3),B0_NAIVE_RETRY,after_response_before_resolution,ledger_postings,NO_READBACK,CALLER_REFERENCE,e706a28d-b3b6-464c-8334-9c0fb0ff5d0d,CONFIRMED_APPLIED,APPLIED,1,1,1,2064.435631,17247.0,0,0
b0_naive_retry-after_response_before_resolution-ledger_postings-657f6e05-r1,(session-3),B0_NAIVE_RETRY,after_response_before_resolution,ledger_postings,NO_READBACK,CALLER_REFERENCE,1a489aad-b4aa-4dc6-932a-816d2db7a191,CONFIRMED_APPLIED,APPLIED,2,1,1,2067.07919,12351.0,1,0
b0_naive_retry-after_response_before_resolution-ledger_postings-657f6e05-r1,(session-3),B0_NAIVE_RETRY,after_response_before_resolution,ledger_postings,NO_READBACK,CALLER_REFERENCE,377ee18e-7208-4f68-8702-3fb5bdc3de74,CONFIRMED_APPLIED,APPLIED,2,1,1,2079.218032,7705.0,1,0
b0_naive_retry-after_response_before_resolution-ledger_postings-657f6e05-r1,(session-3),B0_NAIVE_RETRY,after_response_before_resolution,ledger_postings,NO_READBACK,CALLER_REFERENCE,8b7b9ed9-548a-4259-bc98-e2afa2e919dc,CONFIRMED_APPLIED,APPLIED,2,1,1,2072.594833,26861.0,1,0
b0_naive_retry-after_response_before_resolution-ledger_postings-657f6e05-r1,(session-3),B0_NAIVE_RETRY,after_response_before_resolution,ledger_postings,NO_READBACK,CALLER_REFERENCE,efd2d9bc-ba60-413c-af52-4d6ada38b9cf,CONFIRMED_APPLIED,APPLIED,2,1,1,2073.252221,22050.0,1,0
b0_naive_retry-after_response_before_resolution-ledger_postings-657f6e05-r1,(session-3),B0_NAIVE_RETRY,after_response_before_resolution,ledger_postings,NO_READBACK,CALLER_REFERENCE,8620a1db-9753-4009-a1ef-30c13a2d6c78,CONFIRMED_APPLIED,APPLIED,2,1,1,2069.566832,17233.0,1,0
b0_naive_retry-after_response_before_resolution-ledger_postings-657f6e05-r1,(session-3),B0_NAIVE_RETRY,after_response_before_resolution,ledger_postings,NO_READBACK,CALLER_REFERENCE,47eddc35-aa0d-429f-aa48-57e894bbec1c,CONFIRMED_APPLIED,APPLIED,2,1,1,2058.528263,12389.0,1,0
b0_naive_retry-after_response_before_resolution-ledger_postings-657f6e05-r1,(session-3),B0_NAIVE_RETRY,after_response_before_resolution,ledger_postings,NO_READBACK,CALLER_REFERENCE,8da6f2ac-6861-475c-a2fa-2adf98b9a9a2,CONFIRMED_APPLIED,APPLIED,3,1,2,7078.575985,7743.0,1,0
b0_naive_retry-after_response_before_resolution-ledger_postings-657f6e05-r2,(session-3),B0_NAIVE_RETRY,after_response_before_resolution,ledger_postings,NO_READBACK,CALLER_REFERENCE,fd9ad34e-7927-40a9-a16c-9e6303078ed6,CONFIRMED_APPLIED,APPLIED,2,1,1,2059.093909,24308.0,1,0
b0_naive_retry-after_response_before_resolution-ledger_postings-657f6e05-r2,(session-3),B0_NAIVE_RETRY,after_response_before_resolution,ledger_postings,NO_READBACK,CALLER_REFERENCE,6ad7698e-b3a8-4fe2-bd58-64e81fb9a146,CONFIRMED_APPLIED,APPLIED,1,1,1,2066.2093,19717.0,0,0
b0_naive_retry-after_response_before_resolution-ledger_postings-657f6e05-r2,(session-3),B0_NAIVE_RETRY,after_response_before_resolution,ledger_postings,NO_READBACK,CALLER_REFERENCE,cd73f272-54ec-4db8-b228-2db0e449ce0d,CONFIRMED_APPLIED,APPLIED,2,1,1,2058.66904,15048.0,1,0
b0_naive_retry-after_response_before_resolution-ledger_postings-657f6e05-r2,(session-3),B0_NAIVE_RETRY,after_response_before_resolution,ledger_postings,NO_READBACK,CALLER_REFERENCE,0a306ddd-5892-4b34-98fa-156b564066e1,CONFIRMED_APPLIED,APPLIED,2,1,1,2083.204705,10440.0,1,0
b0_naive_retry-after_response_before_resolution-ledger_postings-657f6e05-r2,(session-3),B0_NAIVE_RETRY,after_response_before_resolution,ledger_postings,NO_READBACK,CALLER_REFERENCE,cb3b0b4d-6a37-4845-8cdf-dea7c2e4fdcd,CONFIRMED_APPLIED,APPLIED,2,1,1,2070.835455,5687.0,1,0
b0_naive_retry-after_response_before_resolution-ledger_postings-657f6e05-r2,(session-3),B0_NAIVE_RETRY,after_response_before_resolution,ledger_postings,NO_READBACK,CALLER_REFERENCE,1759d6ee-39d0-4c2d-9463-bda1b1caef2f,CONFIRMED_APPLIED,APPLIED,2,1,1,2050.219466,24313.0,1,0
b0_naive_retry-after_response_before_resolution-ledger_postings-657f6e05-r2,(session-3),B0_NAIVE_RETRY,after_response_before_resolution,ledger_postings,NO_READBACK,CALLER_REFERENCE,8435273b-b35b-45b6-b687-b319ef245157,CONFIRMED_APPLIED,APPLIED,2,1,1,2065.846035,19730.0,1,0
b0_naive_retry-after_response_before_resolution-ledger_postings-657f6e05-r2,(session-3),B0_NAIVE_RETRY,after_response_before_resolution,ledger_postings,NO_READBACK,CALLER_REFERENCE,befd26dd-1681-477c-8f87-472f7d617885,CONFIRMED_APPLIED,APPLIED,2,1,1,2060.160523,15063.0,1,0
b0_naive_retry-after_response_before_resolution-ledger_postings-657f6e05-r2,(session-3),B0_NAIVE_RETRY,after_response_before_resolution,ledger_postings,NO_READBACK,CALLER_REFERENCE,354ca0c1-c6d8-49f7-ada2-389c2425ad56,CONFIRMED_APPLIED,APPLIED,2,1,1,2081.459639,10451.0,1,0
b0_naive_retry-after_response_before_resolution-ledger_postings-657f6e05-r2,(session-3),B0_NAIVE_RETRY,after_response_before_resolution,ledger_postings,NO_READBACK,CALLER_REFERENCE,be7aee53-069a-4997-9691-987b057660b8,CONFIRMED_APPLIED,APPLIED,2,1,1,2075.859245,2732.0,1,0
b0_naive_retry-after_response_before_resolution-notifications-bb688140-r0,(session-3),B0_NAIVE_RETRY,after_response_before_resolution,notifications,POSITIVE_ONLY_READBACK,CALLER_REFERENCE,1d708888-3123-47d9-8898-fede24a1daa8,CONFIRMED_APPLIED,APPLIED,2,1,1,2071.35131,21439.0,1,0
b0_naive_retry-after_response_before_resolution-notifications-bb688140-r0,(session-3),B0_NAIVE_RETRY,after_response_before_resolution,notifications,POSITIVE_ONLY_READBACK,CALLER_REFERENCE,737d03af-7cec-41c4-888c-a091fff63374,CONFIRMED_APPLIED,APPLIED,2,1,1,2056.841915,16785.0,1,0
b0_naive_retry-after_response_before_resolution-notifications-bb688140-r0,(session-3),B0_NAIVE_RETRY,after_response_before_resolution,notifications,POSITIVE_ONLY_READBACK,CALLER_REFERENCE,8789d58b-4992-419d-bb93-a7fcd682bd81,CONFIRMED_APPLIED,APPLIED,2,1,1,2050.925645,12253.0,1,0
b0_naive_retry-after_response_before_resolution-notifications-bb688140-r0,(session-3),B0_NAIVE_RETRY,after_response_before_resolution,notifications,POSITIVE_ONLY_READBACK,CALLER_REFERENCE,b4b6574d-dde7-4812-b316-c304c2040a8b,CONFIRMED_APPLIED,APPLIED,2,1,1,2059.863879,7657.0,1,0
b0_naive_retry-after_response_before_resolution-notifications-bb688140-r0,(session-3),B0_NAIVE_RETRY,after_response_before_resolution,notifications,POSITIVE_ONLY_READBACK,CALLER_REFERENCE,a1bebe95-640b-4388-a317-6dd16312946f,CONFIRMED_APPLIED,APPLIED,2,1,1,2102.970566,3030.0,1,0
b0_naive_retry-after_response_before_resolution-notifications-bb688140-r0,(session-3),B0_NAIVE_RETRY,after_response_before_resolution,notifications,POSITIVE_ONLY_READBACK,CALLER_REFERENCE,c10a1745-fbc1-4a4f-bbbb-94b3a963957a,CONFIRMED_APPLIED,APPLIED,2,1,1,2067.428224,21478.0,1,0
b0_naive_retry-after_response_before_resolution-notifications-bb688140-r0,(session-3),B0_NAIVE_RETRY,after_response_before_resolution,notifications,POSITIVE_ONLY_READBACK,CALLER_REFERENCE,a97de921-ba22-4aba-a609-7a22946d1904,CONFIRMED_APPLIED,APPLIED,2,1,1,2047.897415,16768.0,1,0
b0_naive_retry-after_response_before_resolution-notifications-bb688140-r0,(session-3),B0_NAIVE_RETRY,after_response_before_resolution,notifications,POSITIVE_ONLY_READBACK,CALLER_REFERENCE,5b87ca25-cfb3-4f89-93a2-f4b2e6370303,CONFIRMED_APPLIED,APPLIED,2,1,1,2058.949847,12250.0,1,0
b0_naive_retry-after_response_before_resolution-notifications-bb688140-r0,(session-3),B0_NAIVE_RETRY,after_response_before_resolution,notifications,POSITIVE_ONLY_READBACK,CALLER_REFERENCE,cd028b32-df77-4113-a8e6-e9fac76f296a,CONFIRMED_APPLIED,APPLIED,2,1,1,2070.701909,7675.0,1,0
b0_naive_retry-after_response_before_resolution-notifications-bb688140-r0,(session-3),B0_NAIVE_RETRY,after_response_before_resolution,notifications,POSITIVE_ONLY_READBACK,CALLER_REFERENCE,b8ef68e5-72bc-4d12-816c-51a62ba2e1a5,CONFIRMED_APPLIED,APPLIED,2,1,1,2108.863868,3032.0,1,0
b0_naive_retry-after_response_before_resolution-notifications-bb688140-r1,(session-3),B0_NAIVE_RETRY,after_response_before_resolution,notifications,POSITIVE_ONLY_READBACK,CALLER_REFERENCE,6a42ded3-c4ac-4fe3-8baa-9fa79a8ac5cd,CONFIRMED_APPLIED,APPLIED,3,1,2,7068.855069,34367.0,1,0
b0_naive_retry-after_response_before_resolution-notifications-bb688140-r1,(session-3),B0_NAIVE_RETRY,after_response_before_resolution,notifications,POSITIVE_ONLY_READBACK,CALLER_REFERENCE,d1e1aead-305d-4704-93bc-b4b7a177b38f,CONFIRMED_APPLIED,APPLIED,2,1,1,2052.327633,21830.0,1,0
b0_naive_retry-after_response_before_resolution-notifications-bb688140-r1,(session-3),B0_NAIVE_RETRY,after_response_before_resolution,notifications,POSITIVE_ONLY_READBACK,CALLER_REFERENCE,55630f73-c647-4218-85fc-b68324bf866a,CONFIRMED_APPLIED,APPLIED,2,1,2,4072.286596,17214.0,1,0
b0_naive_retry-after_response_before_resolution-notifications-bb688140-r1,(session-3),B0_NAIVE_RETRY,after_response_before_resolution,notifications,POSITIVE_ONLY_READBACK,CALLER_REFERENCE,c78efa12-0ad5-4bd6-b1be-05b140c36772,CONFIRMED_APPLIED,APPLIED,2,1,1,2085.459128,7549.0,1,0
b0_naive_retry-after_response_before_resolution-notifications-bb688140-r1,(session-3),B0_NAIVE_RETRY,after_response_before_resolution,notifications,POSITIVE_ONLY_READBACK,CALLER_REFERENCE,8a1ea76d-5273-4ddf-aa24-e5e39505b367,CONFIRMED_APPLIED,APPLIED,2,1,1,2067.638717,2817.0,1,0
b0_naive_retry-after_response_before_resolution-notifications-bb688140-r1,(session-3),B0_NAIVE_RETRY,after_response_before_resolution,notifications,POSITIVE_ONLY_READBACK,CALLER_REFERENCE,64e1e686-7ecf-4f68-aa1b-8e51737d11ce,CONFIRMED_APPLIED,APPLIED,2,1,1,2048.289595,37362.0,1,0
b0_naive_retry-after_response_before_resolution-notifications-bb688140-r1,(session-3),B0_NAIVE_RETRY,after_response_before_resolution,notifications,POSITIVE_ONLY_READBACK,CALLER_REFERENCE,f59bff1c-41e9-47f0-a36c-41e05016e2af,CONFIRMED_APPLIED,APPLIED,1,1,1,2080.192046,32821.0,0,0
b0_naive_retry-after_response_before_resolution-notifications-bb688140-r1,(session-3),B0_NAIVE_RETRY,after_response_before_resolution,notifications,POSITIVE_ONLY_READBACK,CALLER_REFERENCE,4a2829bb-0fa2-4c13-abc7-c5930f9ffe0e,CONFIRMED_APPLIED,APPLIED,2,1,1,2046.731212,28181.0,1,0
b0_naive_retry-after_response_before_resolution-notifications-bb688140-r1,(session-3),B0_NAIVE_RETRY,after_response_before_resolution,notifications,POSITIVE_ONLY_READBACK,CALLER_REFERENCE,413972d7-13cc-49e9-944c-662a0fdc64fc,CONFIRMED_APPLIED,APPLIED,2,1,1,2060.832429,23680.0,1,0
b0_naive_retry-after_response_before_resolution-notifications-bb688140-r1,(session-3),B0_NAIVE_RETRY,after_response_before_resolution,notifications,POSITIVE_ONLY_READBACK,CALLER_REFERENCE,e84beb5b-63f9-4b84-ba02-2a4cf5bc98ef,CONFIRMED_APPLIED,APPLIED,2,1,1,2054.724387,19082.0,1,0
b0_naive_retry-after_response_before_resolution-notifications-bb688140-r2,(session-3),B0_NAIVE_RETRY,after_response_before_resolution,notifications,POSITIVE_ONLY_READBACK,CALLER_REFERENCE,2cf51a9f-a265-449a-8772-715f2da23a0a,CONFIRMED_APPLIED,APPLIED,2,1,1,2059.829301,23219.0,1,0
b0_naive_retry-after_response_before_resolution-notifications-bb688140-r2,(session-3),B0_NAIVE_RETRY,after_response_before_resolution,notifications,POSITIVE_ONLY_READBACK,CALLER_REFERENCE,06117300-0e12-40a2-b7b5-f3fae42847e0,CONFIRMED_APPLIED,APPLIED,2,1,1,2080.448472,18633.0,1,0
b0_naive_retry-after_response_before_resolution-notifications-bb688140-r2,(session-3),B0_NAIVE_RETRY,after_response_before_resolution,notifications,POSITIVE_ONLY_READBACK,CALLER_REFERENCE,993921db-19bc-4ca3-84d2-d565c9ba0e87,CONFIRMED_APPLIED,APPLIED,2,1,1,2046.447272,13988.0,1,0
b0_naive_retry-after_response_before_resolution-notifications-bb688140-r2,(session-3),B0_NAIVE_RETRY,after_response_before_resolution,notifications,POSITIVE_ONLY_READBACK,CALLER_REFERENCE,4dff3eaa-ad2e-43d7-b02f-5d726f2cecb7,CONFIRMED_APPLIED,APPLIED,2,1,1,2049.473757,9448.0,1,0
b0_naive_retry-after_response_before_resolution-notifications-bb688140-r2,(session-3),B0_NAIVE_RETRY,after_response_before_resolution,notifications,POSITIVE_ONLY_READBACK,CALLER_REFERENCE,ac249b25-e13e-4963-b6b7-3514e57f1f5b,CONFIRMED_APPLIED,APPLIED,2,1,1,2056.769147,4930.0,1,0
b0_naive_retry-after_response_before_resolution-notifications-bb688140-r2,(session-3),B0_NAIVE_RETRY,after_response_before_resolution,notifications,POSITIVE_ONLY_READBACK,CALLER_REFERENCE,6ddf1433-0320-4d73-8b5a-4ad3081cbcca,CONFIRMED_APPLIED,APPLIED,2,1,1,2064.194517,23212.0,1,0
b0_naive_retry-after_response_before_resolution-notifications-bb688140-r2,(session-3),B0_NAIVE_RETRY,after_response_before_resolution,notifications,POSITIVE_ONLY_READBACK,CALLER_REFERENCE,16d20a72-5018-43fc-b7a2-ae925ccf5f16,CONFIRMED_APPLIED,APPLIED,2,1,2,4085.350549,18636.0,1,0
b0_naive_retry-after_response_before_resolution-notifications-bb688140-r2,(session-3),B0_NAIVE_RETRY,after_response_before_resolution,notifications,POSITIVE_ONLY_READBACK,CALLER_REFERENCE,2119ce21-9a1b-48a0-bb9b-055a92ffe844,CONFIRMED_APPLIED,APPLIED,2,1,1,2061.283559,11982.0,1,0
b0_naive_retry-after_response_before_resolution-notifications-bb688140-r2,(session-3),B0_NAIVE_RETRY,after_response_before_resolution,notifications,POSITIVE_ONLY_READBACK,CALLER_REFERENCE,b6668598-e095-4396-a503-86006ea498b6,CONFIRMED_APPLIED,APPLIED,2,1,1,2043.765909,7458.0,1,0
b0_naive_retry-after_response_before_resolution-notifications-bb688140-r2,(session-3),B0_NAIVE_RETRY,after_response_before_resolution,notifications,POSITIVE_ONLY_READBACK,CALLER_REFERENCE,204b94d3-31de-4915-9bf7-40b8c860e7eb,CONFIRMED_APPLIED,APPLIED,2,1,1,2074.348681,2915.0,1,0
b0_naive_retry-after_response_before_resolution-payments-62a88538-r0,(session-3),B0_NAIVE_RETRY,after_response_before_resolution,payments,AUTHORITATIVE_READBACK,CALLER_REFERENCE,585b4496-585d-4473-8ae2-ce45f2be2321,CONFIRMED_APPLIED,APPLIED,2,1,1,2047.568412,30154.0,1,0
b0_naive_retry-after_response_before_resolution-payments-62a88538-r0,(session-3),B0_NAIVE_RETRY,after_response_before_resolution,payments,AUTHORITATIVE_READBACK,CALLER_REFERENCE,8ed959e2-70bc-48fe-94d5-9ffb12f8e8f2,CONFIRMED_APPLIED,APPLIED,2,1,1,2039.928093,22798.0,1,0
b0_naive_retry-after_response_before_resolution-payments-62a88538-r0,(session-3),B0_NAIVE_RETRY,after_response_before_resolution,payments,AUTHORITATIVE_READBACK,CALLER_REFERENCE,84d22b08-4a1a-4307-a9c7-adbbddf4858b,CONFIRMED_APPLIED,APPLIED,2,1,1,2040.127962,18382.0,1,0
b0_naive_retry-after_response_before_resolution-payments-62a88538-r0,(session-3),B0_NAIVE_RETRY,after_response_before_resolution,payments,AUTHORITATIVE_READBACK,CALLER_REFERENCE,078fe1cd-02b8-4be1-aee5-4301a6be9579,CONFIRMED_APPLIED,APPLIED,3,1,3,9063.495568,13911.0,1,0
b0_naive_retry-after_response_before_resolution-payments-62a88538-r0,(session-3),B0_NAIVE_RETRY,after_response_before_resolution,payments,AUTHORITATIVE_READBACK,CALLER_REFERENCE,254695c9-46cf-4cf2-9536-aa87ad5c517c,CONFIRMED_APPLIED,APPLIED,2,1,1,2044.274231,2510.0,1,0
b0_naive_retry-after_response_before_resolution-payments-62a88538-r0,(session-3),B0_NAIVE_RETRY,after_response_before_resolution,payments,AUTHORITATIVE_READBACK,CALLER_REFERENCE,1530d4a7-2d2d-412b-bc2d-37242f68a341,CONFIRMED_APPLIED,APPLIED,2,1,1,2042.339152,27286.0,1,0
b0_naive_retry-after_response_before_resolution-payments-62a88538-r0,(session-3),B0_NAIVE_RETRY,after_response_before_resolution,payments,AUTHORITATIVE_READBACK,CALLER_REFERENCE,1ed2546e-8ecd-4d4a-8d62-46e94fed1887,CONFIRMED_APPLIED,APPLIED,2,1,1,2042.064848,19691.0,1,0
b0_naive_retry-after_response_before_resolution-payments-62a88538-r0,(session-3),B0_NAIVE_RETRY,after_response_before_resolution,payments,AUTHORITATIVE_READBACK,CALLER_REFERENCE,87d33022-a8e9-488f-aef2-fe22cbbd8a9d,CONFIRMED_APPLIED,APPLIED,2,1,1,2045.134883,15213.0,1,0
b0_naive_retry-after_response_before_resolution-payments-62a88538-r0,(session-3),B0_NAIVE_RETRY,after_response_before_resolution,payments,AUTHORITATIVE_READBACK,CALLER_REFERENCE,a0074bd6-4b01-4d1a-9ea1-3fa27189a4e0,CONFIRMED_APPLIED,APPLIED,2,1,1,2047.352529,10793.0,1,0
b0_naive_retry-after_response_before_resolution-payments-62a88538-r0,(session-3),B0_NAIVE_RETRY,after_response_before_resolution,payments,AUTHORITATIVE_READBACK,CALLER_REFERENCE,6ea64dea-78bc-48e9-92c4-01dd7e418b17,CONFIRMED_APPLIED,APPLIED,2,1,1,2040.410018,6400.0,1,0
b0_naive_retry-after_response_before_resolution-payments-62a88538-r1,(session-3),B0_NAIVE_RETRY,after_response_before_resolution,payments,AUTHORITATIVE_READBACK,CALLER_REFERENCE,1710501c-5da5-46c3-ae4e-41a59025ddaf,CONFIRMED_APPLIED,APPLIED,2,1,1,2048.906815,28264.0,1,0
b0_naive_retry-after_response_before_resolution-payments-62a88538-r1,(session-3),B0_NAIVE_RETRY,after_response_before_resolution,payments,AUTHORITATIVE_READBACK,CALLER_REFERENCE,64ce95f9-513f-4890-a666-c94b72bc992d,CONFIRMED_APPLIED,APPLIED,2,1,1,2041.305626,23757.0,1,0
b0_naive_retry-after_response_before_resolution-payments-62a88538-r1,(session-3),B0_NAIVE_RETRY,after_response_before_resolution,payments,AUTHORITATIVE_READBACK,CALLER_REFERENCE,9cff9979-c356-48cc-8846-35c4403a0809,CONFIRMED_APPLIED,APPLIED,2,1,1,2040.863415,19381.0,1,0
b0_naive_retry-after_response_before_resolution-payments-62a88538-r1,(session-3),B0_NAIVE_RETRY,after_response_before_resolution,payments,AUTHORITATIVE_READBACK,CALLER_REFERENCE,a4ce5743-743b-4c48-9887-cd4565040cc5,CONFIRMED_APPLIED,APPLIED,2,1,1,2052.240075,15087.0,1,0
b0_naive_retry-after_response_before_resolution-payments-62a88538-r1,(session-3),B0_NAIVE_RETRY,after_response_before_resolution,payments,AUTHORITATIVE_READBACK,CALLER_REFERENCE,b361e5e7-fd4e-49b5-a818-ad702b23bbad,CONFIRMED_APPLIED,APPLIED,2,1,1,2043.251735,10639.0,1,0
b0_naive_retry-after_response_before_resolution-payments-62a88538-r1,(session-3),B0_NAIVE_RETRY,after_response_before_resolution,payments,AUTHORITATIVE_READBACK,CALLER_REFERENCE,a32f684c-784e-4d2d-9abc-18fe8afe1026,CONFIRMED_APPLIED,APPLIED,2,1,1,2044.025241,28269.0,1,0
b0_naive_retry-after_response_before_resolution-payments-62a88538-r1,(session-3),B0_NAIVE_RETRY,after_response_before_resolution,payments,AUTHORITATIVE_READBACK,CALLER_REFERENCE,19579ca1-d8b0-4c16-aec4-84fe7d769c34,CONFIRMED_APPLIED,APPLIED,2,1,1,2044.332539,20817.0,1,0
b0_naive_retry-after_response_before_resolution-payments-62a88538-r1,(session-3),B0_NAIVE_RETRY,after_response_before_resolution,payments,AUTHORITATIVE_READBACK,CALLER_REFERENCE,62fa8c9a-d6b1-4b44-b143-9e7b9ce2094d,CONFIRMED_APPLIED,APPLIED,3,1,2,7047.694484,16427.0,1,0
b0_naive_retry-after_response_before_resolution-payments-62a88538-r1,(session-3),B0_NAIVE_RETRY,after_response_before_resolution,payments,AUTHORITATIVE_READBACK,CALLER_REFERENCE,2ce8b4d2-4d07-4021-8239-70536d112609,CONFIRMED_APPLIED,APPLIED,2,1,1,2058.232627,7048.0,1,0
b0_naive_retry-after_response_before_resolution-payments-62a88538-r1,(session-3),B0_NAIVE_RETRY,after_response_before_resolution,payments,AUTHORITATIVE_READBACK,CALLER_REFERENCE,2d276d35-b735-420e-916c-7a6616bb1877,CONFIRMED_APPLIED,APPLIED,2,1,1,2042.877014,2483.0,1,0
b0_naive_retry-after_response_before_resolution-payments-62a88538-r2,(session-3),B0_NAIVE_RETRY,after_response_before_resolution,payments,AUTHORITATIVE_READBACK,CALLER_REFERENCE,f941c476-dd57-4a22-8be1-6f2ee6b23adc,CONFIRMED_APPLIED,APPLIED,3,1,2,7050.621068,31486.0,1,0
b0_naive_retry-after_response_before_resolution-payments-62a88538-r2,(session-3),B0_NAIVE_RETRY,after_response_before_resolution,payments,AUTHORITATIVE_READBACK,CALLER_REFERENCE,d151f49d-c18e-4916-a85d-3caaf3be0b33,CONFIRMED_APPLIED,APPLIED,2,1,1,2062.527194,21882.0,1,0
b0_naive_retry-after_response_before_resolution-payments-62a88538-r2,(session-3),B0_NAIVE_RETRY,after_response_before_resolution,payments,AUTHORITATIVE_READBACK,CALLER_REFERENCE,449a4011-e4b3-4c22-867e-142edf2a5572,CONFIRMED_APPLIED,APPLIED,2,1,1,2052.397747,14380.0,1,0
b0_naive_retry-after_response_before_resolution-payments-62a88538-r2,(session-3),B0_NAIVE_RETRY,after_response_before_resolution,payments,AUTHORITATIVE_READBACK,CALLER_REFERENCE,44d34163-022f-4e09-ad9c-7f87536289c1,CONFIRMED_APPLIED,APPLIED,2,1,1,2047.891836,6949.0,1,0
b0_naive_retry-after_response_before_resolution-payments-62a88538-r2,(session-3),B0_NAIVE_RETRY,after_response_before_resolution,payments,AUTHORITATIVE_READBACK,CALLER_REFERENCE,3b54e8da-e605-4ec7-a05c-ff3d212947d5,CONFIRMED_APPLIED,APPLIED,2,1,1,2044.000346,2553.0,1,0
b0_naive_retry-after_response_before_resolution-payments-62a88538-r2,(session-3),B0_NAIVE_RETRY,after_response_before_resolution,payments,AUTHORITATIVE_READBACK,CALLER_REFERENCE,7888c645-b5ec-4923-a151-65f39462d307,CONFIRMED_APPLIED,APPLIED,2,1,1,2042.364346,31483.0,1,0
b0_naive_retry-after_response_before_resolution-payments-62a88538-r2,(session-3),B0_NAIVE_RETRY,after_response_before_resolution,payments,AUTHORITATIVE_READBACK,CALLER_REFERENCE,3e32f9b3-243d-4c74-95fd-cfa2eb793176,CONFIRMED_APPLIED,APPLIED,2,1,1,2041.003078,26966.0,1,0
b0_naive_retry-after_response_before_resolution-payments-62a88538-r2,(session-3),B0_NAIVE_RETRY,after_response_before_resolution,payments,AUTHORITATIVE_READBACK,CALLER_REFERENCE,6aead789-8a90-4f42-a375-48c09253821d,CONFIRMED_APPLIED,APPLIED,2,1,1,2041.137848,22519.0,1,0
b0_naive_retry-after_response_before_resolution-payments-62a88538-r2,(session-3),B0_NAIVE_RETRY,after_response_before_resolution,payments,AUTHORITATIVE_READBACK,CALLER_REFERENCE,b3121dcc-fa19-41ba-b2cc-149a36833fc4,CONFIRMED_APPLIED,APPLIED,2,1,1,2054.899219,18149.0,1,0
b0_naive_retry-after_response_before_resolution-payments-62a88538-r2,(session-3),B0_NAIVE_RETRY,after_response_before_resolution,payments,AUTHORITATIVE_READBACK,CALLER_REFERENCE,00bcfeb6-f087-4bbd-9a06-8b59560cec90,CONFIRMED_APPLIED,APPLIED,2,1,1,2054.439325,10693.0,1,0
b0_naive_retry-before_intent_write-ledger_postings-84d5bb52-r0,(session-3),B0_NAIVE_RETRY,before_intent_write,ledger_postings,NO_READBACK,CALLER_REFERENCE,fe65d576-e0a6-432a-8c20-c7db5f0475a9,CONFIRMED_APPLIED,APPLIED,1,1,1,2069.850562,16172.0,0,0
b0_naive_retry-before_intent_write-ledger_postings-84d5bb52-r0,(session-3),B0_NAIVE_RETRY,before_intent_write,ledger_postings,NO_READBACK,CALLER_REFERENCE,69410c29-1fb4-4d09-aaf5-57a6472b7628,CONFIRMED_APPLIED,APPLIED,1,1,1,2073.71469,13184.0,0,0
b0_naive_retry-before_intent_write-ledger_postings-84d5bb52-r0,(session-3),B0_NAIVE_RETRY,before_intent_write,ledger_postings,NO_READBACK,CALLER_REFERENCE,55a8a24b-8444-41ac-a400-ef39cd28e0d9,CONFIRMED_APPLIED,APPLIED,1,1,1,2054.499713,10201.0,0,0
b0_naive_retry-before_intent_write-ledger_postings-84d5bb52-r0,(session-3),B0_NAIVE_RETRY,before_intent_write,ledger_postings,NO_READBACK,CALLER_REFERENCE,a1eaaa20-37f9-4c92-9227-7a9b692a84f6,CONFIRMED_APPLIED,APPLIED,1,1,1,2066.044396,7529.0,0,0
b0_naive_retry-before_intent_write-ledger_postings-84d5bb52-r0,(session-3),B0_NAIVE_RETRY,before_intent_write,ledger_postings,NO_READBACK,CALLER_REFERENCE,ef452c1e-890d-4f4c-ba6b-400dce03a9a4,CONFIRMED_APPLIED,APPLIED,1,1,2,4085.189968,4764.0,0,0
b0_naive_retry-before_intent_write-ledger_postings-84d5bb52-r0,(session-3),B0_NAIVE_RETRY,before_intent_write,ledger_postings,NO_READBACK,CALLER_REFERENCE,b09e5965-24c2-45d6-a086-4122596d63fc,CONFIRMED_APPLIED,APPLIED,1,1,1,2098.723529,16230.0,0,0
b0_naive_retry-before_intent_write-ledger_postings-84d5bb52-r0,(session-3),B0_NAIVE_RETRY,before_intent_write,ledger_postings,NO_READBACK,CALLER_REFERENCE,dd3b0fc0-3b74-4815-9e7c-f2181f532771,CONFIRMED_APPLIED,APPLIED,1,1,1,2091.939948,13234.0,0,0
b0_naive_retry-before_intent_write-ledger_postings-84d5bb52-r0,(session-3),B0_NAIVE_RETRY,before_intent_write,ledger_postings,NO_READBACK,CALLER_REFERENCE,85a4c756-0dba-466b-bfa0-31b7f6c8fe5b,CONFIRMED_APPLIED,APPLIED,1,1,1,2063.897386,10268.0,0,0
b0_naive_retry-before_intent_write-ledger_postings-84d5bb52-r0,(session-3),B0_NAIVE_RETRY,before_intent_write,ledger_postings,NO_READBACK,CALLER_REFERENCE,dd42f011-af52-4ac2-b9ff-5149abac921e,CONFIRMED_APPLIED,APPLIED,1,1,1,2071.871675,7596.0,0,0
b0_naive_retry-before_intent_write-ledger_postings-84d5bb52-r0,(session-3),B0_NAIVE_RETRY,before_intent_write,ledger_postings,NO_READBACK,CALLER_REFERENCE,99a0d996-2e57-4b6e-bb45-f0dba2b8edfd,CONFIRMED_APPLIED,APPLIED,1,1,1,2064.726559,4827.0,0,0
b0_naive_retry-before_intent_write-ledger_postings-84d5bb52-r1,(session-3),B0_NAIVE_RETRY,before_intent_write,ledger_postings,NO_READBACK,CALLER_REFERENCE,54dba95b-2c38-475f-a954-03f228fa7103,CONFIRMED_APPLIED,APPLIED,1,1,1,2064.802587,13270.0,0,0
b0_naive_retry-before_intent_write-ledger_postings-84d5bb52-r1,(session-3),B0_NAIVE_RETRY,before_intent_write,ledger_postings,NO_READBACK,CALLER_REFERENCE,05d18945-c396-424b-b122-bdad391fce79,CONFIRMED_APPLIED,APPLIED,1,1,1,2064.842226,10570.0,0,0
b0_naive_retry-before_intent_write-ledger_postings-84d5bb52-r1,(session-3),B0_NAIVE_RETRY,before_intent_write,ledger_postings,NO_READBACK,CALLER_REFERENCE,5675f78d-79ed-46c9-8fac-65b260499b52,CONFIRMED_APPLIED,APPLIED,1,1,1,2065.063973,7981.0,0,0
b0_naive_retry-before_intent_write-ledger_postings-84d5bb52-r1,(session-3),B0_NAIVE_RETRY,before_intent_write,ledger_postings,NO_READBACK,CALLER_REFERENCE,68795b18-da0c-43cb-8e79-05f76dcc9cac,CONFIRMED_APPLIED,APPLIED,1,1,1,2074.348922,5356.0,0,0
b0_naive_retry-before_intent_write-ledger_postings-84d5bb52-r1,(session-3),B0_NAIVE_RETRY,before_intent_write,ledger_postings,NO_READBACK,CALLER_REFERENCE,a5dbc90b-9458-4313-a9ee-786f9312cb8c,CONFIRMED_APPLIED,APPLIED,1,1,1,2054.521886,2753.0,0,0
b0_naive_retry-before_intent_write-ledger_postings-84d5bb52-r1,(session-3),B0_NAIVE_RETRY,before_intent_write,ledger_postings,NO_READBACK,CALLER_REFERENCE,f531f37d-afde-4a03-962d-09453fe9d4ae,CONFIRMED_APPLIED,APPLIED,1,1,1,2076.195464,13257.0,0,0
b0_naive_retry-before_intent_write-ledger_postings-84d5bb52-r1,(session-3),B0_NAIVE_RETRY,before_intent_write,ledger_postings,NO_READBACK,CALLER_REFERENCE,1bf37943-f172-414a-84d5-243fb6475a6a,CONFIRMED_APPLIED,APPLIED,1,1,1,2062.563858,10553.0,0,0
b0_naive_retry-before_intent_write-ledger_postings-84d5bb52-r1,(session-3),B0_NAIVE_RETRY,before_intent_write,ledger_postings,NO_READBACK,CALLER_REFERENCE,c153b600-d725-4d04-8da1-e8887091f5f7,CONFIRMED_APPLIED,APPLIED,1,1,1,2055.468287,7955.0,0,0
b0_naive_retry-before_intent_write-ledger_postings-84d5bb52-r1,(session-3),B0_NAIVE_RETRY,before_intent_write,ledger_postings,NO_READBACK,CALLER_REFERENCE,e17e4db8-8f14-426e-8cd3-2192b5beae14,CONFIRMED_APPLIED,APPLIED,1,1,1,2064.906287,5318.0,0,0
b0_naive_retry-before_intent_write-ledger_postings-84d5bb52-r1,(session-3),B0_NAIVE_RETRY,before_intent_write,ledger_postings,NO_READBACK,CALLER_REFERENCE,56c9321e-33a8-45f8-a31b-d7ab0d7123e2,CONFIRMED_APPLIED,APPLIED,1,1,1,2047.659361,2706.0,0,0
b0_naive_retry-before_intent_write-ledger_postings-84d5bb52-r2,(session-3),B0_NAIVE_RETRY,before_intent_write,ledger_postings,NO_READBACK,CALLER_REFERENCE,103753d2-65b5-42f5-9f24-a2d5eb732260,CONFIRMED_APPLIED,APPLIED,1,1,1,2080.542516,18351.0,0,0
b0_naive_retry-before_intent_write-ledger_postings-84d5bb52-r2,(session-3),B0_NAIVE_RETRY,before_intent_write,ledger_postings,NO_READBACK,CALLER_REFERENCE,cd7c1d44-96aa-47ea-b593-31a2fe282dca,CONFIRMED_APPLIED,APPLIED,1,1,1,2050.406605,15479.0,0,0
b0_naive_retry-before_intent_write-ledger_postings-84d5bb52-r2,(session-3),B0_NAIVE_RETRY,before_intent_write,ledger_postings,NO_READBACK,CALLER_REFERENCE,b91580b0-393f-4362-9704-9617b041cf1b,CONFIRMED_APPLIED,APPLIED,1,1,1,2068.355046,12842.0,0,0
b0_naive_retry-before_intent_write-ledger_postings-84d5bb52-r2,(session-3),B0_NAIVE_RETRY,before_intent_write,ledger_postings,NO_READBACK,CALLER_REFERENCE,44885d87-3ecf-42c6-90d1-08efea1cadcc,CONFIRMED_APPLIED,APPLIED,2,1,2,7067.11181,10233.0,1,0
b0_naive_retry-before_intent_write-ledger_postings-84d5bb52-r2,(session-3),B0_NAIVE_RETRY,before_intent_write,ledger_postings,NO_READBACK,CALLER_REFERENCE,da30f8a6-e7f7-4976-891b-8e727d323843,CONFIRMED_APPLIED,APPLIED,1,1,1,2070.10886,2649.0,0,0
b0_naive_retry-before_intent_write-ledger_postings-84d5bb52-r2,(session-3),B0_NAIVE_RETRY,before_intent_write,ledger_postings,NO_READBACK,CALLER_REFERENCE,ff2753d0-2cba-46c4-892a-ab0c46d22707,CONFIRMED_APPLIED,APPLIED,1,1,1,2077.646078,18377.0,0,0
b0_naive_retry-before_intent_write-ledger_postings-84d5bb52-r2,(session-3),B0_NAIVE_RETRY,before_intent_write,ledger_postings,NO_READBACK,CALLER_REFERENCE,ee62b587-d356-410a-b5a7-20b0c11efd8b,CONFIRMED_APPLIED,APPLIED,1,1,1,2051.690319,15502.0,0,0
b0_naive_retry-before_intent_write-ledger_postings-84d5bb52-r2,(session-3),B0_NAIVE_RETRY,before_intent_write,ledger_postings,NO_READBACK,CALLER_REFERENCE,14bc9ca2-0526-4d5f-9ca1-61dd1394da6c,CONFIRMED_APPLIED,APPLIED,1,1,1,2060.616526,12848.0,0,0
b0_naive_retry-before_intent_write-ledger_postings-84d5bb52-r2,(session-3),B0_NAIVE_RETRY,before_intent_write,ledger_postings,NO_READBACK,CALLER_REFERENCE,015cbf4b-6d65-44a7-809e-4c4226204df3,CONFIRMED_APPLIED,APPLIED,1,1,1,2056.758151,10301.0,0,0
b0_naive_retry-before_intent_write-ledger_postings-84d5bb52-r2,(session-3),B0_NAIVE_RETRY,before_intent_write,ledger_postings,NO_READBACK,CALLER_REFERENCE,2815f14c-2b6b-4634-9b39-e02f497c0692,CONFIRMED_APPLIED,APPLIED,1,1,1,2066.025123,7727.0,0,0
b0_naive_retry-before_intent_write-notifications-77100fff-r0,(session-3),B0_NAIVE_RETRY,before_intent_write,notifications,POSITIVE_ONLY_READBACK,CALLER_REFERENCE,3cdad672-70ab-4985-b2eb-96b5165d6d56,CONFIRMED_APPLIED,APPLIED,1,1,1,2060.843776,22854.0,0,0
b0_naive_retry-before_intent_write-notifications-77100fff-r0,(session-3),B0_NAIVE_RETRY,before_intent_write,notifications,POSITIVE_ONLY_READBACK,CALLER_REFERENCE,e1f7bdc6-5631-4713-b801-9d819acd52cf,CONFIRMED_APPLIED,APPLIED,2,1,2,7053.062288,20273.0,1,0
b0_naive_retry-before_intent_write-notifications-77100fff-r0,(session-3),B0_NAIVE_RETRY,before_intent_write,notifications,POSITIVE_ONLY_READBACK,CALLER_REFERENCE,0ae93fee-bd8c-4796-a082-419fc9b06bf7,CONFIRMED_APPLIED,APPLIED,2,1,2,7069.480766,12845.0,1,0
b0_naive_retry-before_intent_write-notifications-77100fff-r0,(session-3),B0_NAIVE_RETRY,before_intent_write,notifications,POSITIVE_ONLY_READBACK,CALLER_REFERENCE,092dafe3-62c6-4cd5-acc9-c2e2498de94a,CONFIRMED_APPLIED,APPLIED,1,1,1,2045.785697,5148.0,0,0
b0_naive_retry-before_intent_write-notifications-77100fff-r0,(session-3),B0_NAIVE_RETRY,before_intent_write,notifications,POSITIVE_ONLY_READBACK,CALLER_REFERENCE,02441c7d-617f-4766-befd-64c12716a9a5,CONFIRMED_APPLIED,APPLIED,1,1,1,2052.967979,2674.0,0,0
b0_naive_retry-before_intent_write-notifications-77100fff-r0,(session-3),B0_NAIVE_RETRY,before_intent_write,notifications,POSITIVE_ONLY_READBACK,CALLER_REFERENCE,afe023d1-d861-40de-8bfb-6a6f7e1f9ede,CONFIRMED_APPLIED,APPLIED,1,1,2,4057.895988,22864.0,0,0
b0_naive_retry-before_intent_write-notifications-77100fff-r0,(session-3),B0_NAIVE_RETRY,before_intent_write,notifications,POSITIVE_ONLY_READBACK,CALLER_REFERENCE,bc5a2bd9-9fac-4734-bcb3-ef581e6c1e31,CONFIRMED_APPLIED,APPLIED,1,1,1,2050.109862,18260.0,0,0
b0_naive_retry-before_intent_write-notifications-77100fff-r0,(session-3),B0_NAIVE_RETRY,before_intent_write,notifications,POSITIVE_ONLY_READBACK,CALLER_REFERENCE,1bc64a25-4493-41a8-bd23-14051642542c,CONFIRMED_APPLIED,APPLIED,1,1,1,2055.258236,15775.0,0,0
b0_naive_retry-before_intent_write-notifications-77100fff-r0,(session-3),B0_NAIVE_RETRY,before_intent_write,notifications,POSITIVE_ONLY_READBACK,CALLER_REFERENCE,f1374097-b875-4c53-a7e4-aabf4c168ffc,CONFIRMED_APPLIED,APPLIED,1,1,1,2056.599536,13213.0,0,0
b0_naive_retry-before_intent_write-notifications-77100fff-r0,(session-3),B0_NAIVE_RETRY,before_intent_write,notifications,POSITIVE_ONLY_READBACK,CALLER_REFERENCE,ea36d3c9-e235-48e3-8457-a512c3ab0573,CONFIRMED_APPLIED,APPLIED,1,1,1,2051.994057,10497.0,0,0
b0_naive_retry-before_intent_write-notifications-77100fff-r1,(session-3),B0_NAIVE_RETRY,before_intent_write,notifications,POSITIVE_ONLY_READBACK,CALLER_REFERENCE,81968449-3a2d-4a19-8ae0-0bc5276e9529,CONFIRMED_APPLIED,APPLIED,1,1,1,2079.170465,25288.0,0,0
b0_naive_retry-before_intent_write-notifications-77100fff-r1,(session-3),B0_NAIVE_RETRY,before_intent_write,notifications,POSITIVE_ONLY_READBACK,CALLER_REFERENCE,49977030-be98-4821-a848-ca5704cc8635,CONFIRMED_APPLIED,APPLIED,3,1,3,12078.940743,22598.0,1,0
b0_naive_retry-before_intent_write-notifications-77100fff-r1,(session-3),B0_NAIVE_RETRY,before_intent_write,notifications,POSITIVE_ONLY_READBACK,CALLER_REFERENCE,b1df53fd-e407-4ca9-aa22-85f3e6038c73,CONFIRMED_APPLIED,APPLIED,1,1,2,4064.014562,9838.0,0,0
b0_naive_retry-before_intent_write-notifications-77100fff-r1,(session-3),B0_NAIVE_RETRY,before_intent_write,notifications,POSITIVE_ONLY_READBACK,CALLER_REFERENCE,7adeda1c-df52-45ce-9084-0d9a8c8a5307,CONFIRMED_APPLIED,APPLIED,1,1,1,2052.069091,5346.0,0,0
b0_naive_retry-before_intent_write-notifications-77100fff-r1,(session-3),B0_NAIVE_RETRY,before_intent_write,notifications,POSITIVE_ONLY_READBACK,CALLER_REFERENCE,5102b569-dac2-47a0-812d-b24ec7bf8fe6,CONFIRMED_APPLIED,APPLIED,1,1,1,2059.245693,2776.0,0,0
b0_naive_retry-before_intent_write-notifications-77100fff-r1,(session-3),B0_NAIVE_RETRY,before_intent_write,notifications,POSITIVE_ONLY_READBACK,CALLER_REFERENCE,1fdb149f-50af-4cd3-9e1d-67a8c3160bc9,CONFIRMED_APPLIED,APPLIED,1,1,1,2080.882112,25284.0,0,0
b0_naive_retry-before_intent_write-notifications-77100fff-r1,(session-3),B0_NAIVE_RETRY,before_intent_write,notifications,POSITIVE_ONLY_READBACK,CALLER_REFERENCE,a060405b-1d11-48ad-88ff-e5b7403d81fc,CONFIRMED_APPLIED,APPLIED,1,1,2,4058.113429,22602.0,0,0
b0_naive_retry-before_intent_write-notifications-77100fff-r1,(session-3),B0_NAIVE_RETRY,before_intent_write,notifications,POSITIVE_ONLY_READBACK,CALLER_REFERENCE,658e6a1c-fc14-4317-a206-0d857a730764,CONFIRMED_APPLIED,APPLIED,1,1,1,2047.366582,17907.0,0,0
b0_naive_retry-before_intent_write-notifications-77100fff-r1,(session-3),B0_NAIVE_RETRY,before_intent_write,notifications,POSITIVE_ONLY_READBACK,CALLER_REFERENCE,cf9041cb-7193-42d4-8d16-999d67b16397,CONFIRMED_APPLIED,APPLIED,1,1,2,4088.465703,15396.0,0,0
b0_naive_retry-before_intent_write-notifications-77100fff-r1,(session-3),B0_NAIVE_RETRY,before_intent_write,notifications,POSITIVE_ONLY_READBACK,CALLER_REFERENCE,7778f014-de6a-4751-b958-efbaa6e2f722,CONFIRMED_APPLIED,APPLIED,1,1,1,2058.138321,10800.0,0,0
b0_naive_retry-before_intent_write-notifications-77100fff-r2,(session-3),B0_NAIVE_RETRY,before_intent_write,notifications,POSITIVE_ONLY_READBACK,CALLER_REFERENCE,55a674a4-e2fb-4ed7-92e3-aed5530eb3cd,CONFIRMED_APPLIED,APPLIED,1,1,1,2079.749423,18230.0,0,0
b0_naive_retry-before_intent_write-notifications-77100fff-r2,(session-3),B0_NAIVE_RETRY,before_intent_write,notifications,POSITIVE_ONLY_READBACK,CALLER_REFERENCE,191bb42f-3565-4707-8fc2-4f8fa10278e4,CONFIRMED_APPLIED,APPLIED,1,1,1,2058.217914,15512.0,0,0
b0_naive_retry-before_intent_write-notifications-77100fff-r2,(session-3),B0_NAIVE_RETRY,before_intent_write,notifications,POSITIVE_ONLY_READBACK,CALLER_REFERENCE,50d69beb-4fb8-48d4-b94d-110a4d684889,CONFIRMED_APPLIED,APPLIED,1,1,1,2050.03319,12890.0,0,0
b0_naive_retry-before_intent_write-notifications-77100fff-r2,(session-3),B0_NAIVE_RETRY,before_intent_write,notifications,POSITIVE_ONLY_READBACK,CALLER_REFERENCE,c9131d35-9b9a-4e9f-8daf-426bf92e9df3,CONFIRMED_APPLIED,APPLIED,2,1,2,7058.82164,10308.0,1,0
b0_naive_retry-before_intent_write-notifications-77100fff-r2,(session-3),B0_NAIVE_RETRY,before_intent_write,notifications,POSITIVE_ONLY_READBACK,CALLER_REFERENCE,47aa590a-3af6-4c94-ad61-c143a6d01ca2,CONFIRMED_APPLIED,APPLIED,1,1,1,2049.005574,2684.0,0,0
b0_naive_retry-before_intent_write-notifications-77100fff-r2,(session-3),B0_NAIVE_RETRY,before_intent_write,notifications,POSITIVE_ONLY_READBACK,CALLER_REFERENCE,1b9ea722-9b91-49d7-8be3-e269694b24f5,CONFIRMED_APPLIED,APPLIED,1,1,1,2079.437409,18225.0,0,0
b0_naive_retry-before_intent_write-notifications-77100fff-r2,(session-3),B0_NAIVE_RETRY,before_intent_write,notifications,POSITIVE_ONLY_READBACK,CALLER_REFERENCE,c50b657a-36c7-4c15-9ef8-44e95e5f9bbc,CONFIRMED_APPLIED,APPLIED,1,1,1,2060.518955,15515.0,0,0
b0_naive_retry-before_intent_write-notifications-77100fff-r2,(session-3),B0_NAIVE_RETRY,before_intent_write,notifications,POSITIVE_ONLY_READBACK,CALLER_REFERENCE,0f90275c-0ab5-4464-aba8-7c6892f62b10,CONFIRMED_APPLIED,APPLIED,2,1,2,7060.247497,12901.0,1,0
b0_naive_retry-before_intent_write-notifications-77100fff-r2,(session-3),B0_NAIVE_RETRY,before_intent_write,notifications,POSITIVE_ONLY_READBACK,CALLER_REFERENCE,51ff0b74-388d-4c8b-b11e-d227cc36742b,CONFIRMED_APPLIED,APPLIED,1,1,1,2054.64244,5314.0,0,0
b0_naive_retry-before_intent_write-notifications-77100fff-r2,(session-3),B0_NAIVE_RETRY,before_intent_write,notifications,POSITIVE_ONLY_READBACK,CALLER_REFERENCE,ad965411-be7b-433d-8d2f-defc0484de32,CONFIRMED_APPLIED,APPLIED,1,1,1,2049.93906,2873.0,0,0
b0_naive_retry-before_intent_write-payments-138013f4-r0,(session-3),B0_NAIVE_RETRY,before_intent_write,payments,AUTHORITATIVE_READBACK,CALLER_REFERENCE,17da9fb4-77fd-4f37-a455-6aef81f2be7a,CONFIRMED_APPLIED,APPLIED,1,1,2,4061.434958,21191.0,0,0
b0_naive_retry-before_intent_write-payments-138013f4-r0,(session-3),B0_NAIVE_RETRY,before_intent_write,payments,AUTHORITATIVE_READBACK,CALLER_REFERENCE,b630a3b0-767e-4afd-8d99-9680bc284ada,CONFIRMED_APPLIED,APPLIED,1,1,1,2046.349788,16682.0,0,0
b0_naive_retry-before_intent_write-payments-138013f4-r0,(session-3),B0_NAIVE_RETRY,before_intent_write,payments,AUTHORITATIVE_READBACK,CALLER_REFERENCE,b02f5d3a-1ec8-4fa4-a94e-d2c81c1a18f0,CONFIRMED_APPLIED,APPLIED,2,1,2,7055.615457,14294.0,1,0
b0_naive_retry-before_intent_write-payments-138013f4-r0,(session-3),B0_NAIVE_RETRY,before_intent_write,payments,AUTHORITATIVE_READBACK,CALLER_REFERENCE,ee2b8515-d005-4c4a-9826-ba3d6aefe5fc,CONFIRMED_APPLIED,APPLIED,1,1,1,2040.266648,6837.0,0,0
b0_naive_retry-before_intent_write-payments-138013f4-r0,(session-3),B0_NAIVE_RETRY,before_intent_write,payments,AUTHORITATIVE_READBACK,CALLER_REFERENCE,2f9d1420-4f99-4836-9a31-e73b4a7e9577,CONFIRMED_APPLIED,APPLIED,1,1,2,4056.659709,4474.0,0,0
b0_naive_retry-before_intent_write-payments-138013f4-r0,(session-3),B0_NAIVE_RETRY,before_intent_write,payments,AUTHORITATIVE_READBACK,CALLER_REFERENCE,59e67e87-9c98-4aa3-a7eb-654e8c804847,CONFIRMED_APPLIED,APPLIED,1,1,1,2049.069915,21196.0,0,0
b0_naive_retry-before_intent_write-payments-138013f4-r0,(session-3),B0_NAIVE_RETRY,before_intent_write,payments,AUTHORITATIVE_READBACK,CALLER_REFERENCE,9cd958cf-334b-4825-856b-7c2c6e5b1ad5,CONFIRMED_APPLIED,APPLIED,1,1,1,2037.671099,18660.0,0,0
b0_naive_retry-before_intent_write-payments-138013f4-r0,(session-3),B0_NAIVE_RETRY,before_intent_write,payments,AUTHORITATIVE_READBACK,CALLER_REFERENCE,a3bc8189-2b69-4c3f-9cb7-5b047066bf1d,CONFIRMED_APPLIED,APPLIED,1,1,1,2050.350475,16260.0,0,0
b0_naive_retry-before_intent_write-payments-138013f4-r0,(session-3),B0_NAIVE_RETRY,before_intent_write,payments,AUTHORITATIVE_READBACK,CALLER_REFERENCE,ab5238c2-b89b-4414-8d0e-7da6873d7bfc,CONFIRMED_APPLIED,APPLIED,1,1,1,2044.911223,13831.0,0,0
b0_naive_retry-before_intent_write-payments-138013f4-r0,(session-3),B0_NAIVE_RETRY,before_intent_write,payments,AUTHORITATIVE_READBACK,CALLER_REFERENCE,ff7dfd9f-be03-4ac9-8bc8-19d9c82cac66,CONFIRMED_APPLIED,APPLIED,1,1,1,2044.271423,11290.0,0,0
b0_naive_retry-before_intent_write-payments-138013f4-r1,(session-3),B0_NAIVE_RETRY,before_intent_write,payments,AUTHORITATIVE_READBACK,CALLER_REFERENCE,5016f528-833a-4863-bd40-fe7312603ab4,CONFIRMED_APPLIED,APPLIED,1,1,2,4051.044371,24111.0,0,0
b0_naive_retry-before_intent_write-payments-138013f4-r1,(session-3),B0_NAIVE_RETRY,before_intent_write,payments,AUTHORITATIVE_READBACK,CALLER_REFERENCE,830b33d2-13ad-485c-af61-a49f8d98a804,CONFIRMED_APPLIED,APPLIED,1,1,1,2039.209479,19625.0,0,0
b0_naive_retry-before_intent_write-payments-138013f4-r1,(session-3),B0_NAIVE_RETRY,before_intent_write,payments,AUTHORITATIVE_READBACK,CALLER_REFERENCE,0866cacd-5952-4813-908c-cc32aab89650,CONFIRMED_APPLIED,APPLIED,2,1,2,7049.457433,17253.0,1,0
b0_naive_retry-before_intent_write-payments-138013f4-r1,(session-3),B0_NAIVE_RETRY,before_intent_write,payments,AUTHORITATIVE_READBACK,CALLER_REFERENCE,71300b17-380e-4329-80ef-624045d8e716,CONFIRMED_APPLIED,APPLIED,2,1,2,7046.173246,9877.0,1,0
b0_naive_retry-before_intent_write-payments-138013f4-r1,(session-3),B0_NAIVE_RETRY,before_intent_write,payments,AUTHORITATIVE_READBACK,CALLER_REFERENCE,2c5b4d43-2f4e-4149-b3f4-14a2e6d9a7d0,CONFIRMED_APPLIED,APPLIED,1,1,1,2051.068594,2490.0,0,0
b0_naive_retry-before_intent_write-payments-138013f4-r1,(session-3),B0_NAIVE_RETRY,before_intent_write,payments,AUTHORITATIVE_READBACK,CALLER_REFERENCE,e69091de-d6c8-4b51-a110-c26eaecc50e8,CONFIRMED_APPLIED,APPLIED,1,1,1,2057.968848,24141.0,0,0
b0_naive_retry-before_intent_write-payments-138013f4-r1,(session-3),B0_NAIVE_RETRY,before_intent_write,payments,AUTHORITATIVE_READBACK,CALLER_REFERENCE,15b99503-ca3e-4cf3-b4c7-ebfe951493d3,CONFIRMED_APPLIED,APPLIED,2,1,2,7050.503333,21693.0,1,0
b0_naive_retry-before_intent_write-payments-138013f4-r1,(session-3),B0_NAIVE_RETRY,before_intent_write,payments,AUTHORITATIVE_READBACK,CALLER_REFERENCE,39bfb137-bf92-4968-81d3-dae42e7f3a8a,CONFIRMED_APPLIED,APPLIED,1,1,1,2042.736888,14289.0,0,0
b0_naive_retry-before_intent_write-payments-138013f4-r1,(session-3),B0_NAIVE_RETRY,before_intent_write,payments,AUTHORITATIVE_READBACK,CALLER_REFERENCE,e9781877-e887-4cc9-b5f1-bffca7fcabd2,CONFIRMED_APPLIED,APPLIED,1,1,1,2044.90116,11908.0,0,0
b0_naive_retry-before_intent_write-payments-138013f4-r1,(session-3),B0_NAIVE_RETRY,before_intent_write,payments,AUTHORITATIVE_READBACK,CALLER_REFERENCE,4f1cbf40-b3b7-4e05-ac5b-a4ec9693c13b,CONFIRMED_APPLIED,APPLIED,1,1,1,2046.536942,9494.0,0,0
b0_naive_retry-before_intent_write-payments-138013f4-r2,(session-3),B0_NAIVE_RETRY,before_intent_write,payments,AUTHORITATIVE_READBACK,CALLER_REFERENCE,5ed082f4-aef3-489c-abe3-1ec1eeb87fef,CONFIRMED_APPLIED,APPLIED,1,1,1,2056.922871,22662.0,0,0
b0_naive_retry-before_intent_write-payments-138013f4-r2,(session-3),B0_NAIVE_RETRY,before_intent_write,payments,AUTHORITATIVE_READBACK,CALLER_REFERENCE,648dc7f0-83e3-4354-8008-89fdd561332f,CONFIRMED_APPLIED,APPLIED,1,1,1,2061.78643,20186.0,0,0
b0_naive_retry-before_intent_write-payments-138013f4-r2,(session-3),B0_NAIVE_RETRY,before_intent_write,payments,AUTHORITATIVE_READBACK,CALLER_REFERENCE,920d57c1-ee26-472e-9b0e-6a27e591028b,CONFIRMED_APPLIED,APPLIED,1,1,1,2051.653794,17652.0,0,0
b0_naive_retry-before_intent_write-payments-138013f4-r2,(session-3),B0_NAIVE_RETRY,before_intent_write,payments,AUTHORITATIVE_READBACK,CALLER_REFERENCE,ac2c36f1-5f83-4885-8103-0cd348f180ae,CONFIRMED_APPLIED,APPLIED,1,1,1,2052.544507,15146.0,0,0
b0_naive_retry-before_intent_write-payments-138013f4-r2,(session-3),B0_NAIVE_RETRY,before_intent_write,payments,AUTHORITATIVE_READBACK,CALLER_REFERENCE,7f58176b-c2b7-48dd-ae0f-fc33c31b0c72,CONFIRMED_APPLIED,APPLIED,1,1,1,2064.245735,12665.0,0,0
b0_naive_retry-before_intent_write-payments-138013f4-r2,(session-3),B0_NAIVE_RETRY,before_intent_write,payments,AUTHORITATIVE_READBACK,CALLER_REFERENCE,79c69211-fa88-4bc7-a249-60e3afc628ba,CONFIRMED_APPLIED,APPLIED,1,1,1,2041.107346,22577.0,0,0
b0_naive_retry-before_intent_write-payments-138013f4-r2,(session-3),B0_NAIVE_RETRY,before_intent_write,payments,AUTHORITATIVE_READBACK,CALLER_REFERENCE,062647d4-7e0a-48f8-a5bf-1619c8fed427,CONFIRMED_APPLIED,APPLIED,1,1,1,2040.464527,20100.0,0,0
b0_naive_retry-before_intent_write-payments-138013f4-r2,(session-3),B0_NAIVE_RETRY,before_intent_write,payments,AUTHORITATIVE_READBACK,CALLER_REFERENCE,b24a6f90-ce53-48e4-81fb-02add9c2cd18,CONFIRMED_APPLIED,APPLIED,1,1,1,2044.633978,17596.0,0,0
b0_naive_retry-before_intent_write-payments-138013f4-r2,(session-3),B0_NAIVE_RETRY,before_intent_write,payments,AUTHORITATIVE_READBACK,CALLER_REFERENCE,a04d9ca8-4c38-4d2a-97cb-1c5636fecfac,CONFIRMED_APPLIED,APPLIED,1,1,1,2043.772718,15058.0,0,0
b0_naive_retry-before_intent_write-payments-138013f4-r2,(session-3),B0_NAIVE_RETRY,before_intent_write,payments,AUTHORITATIVE_READBACK,CALLER_REFERENCE,9ff8f88c-f19f-463a-9770-012b26a7e606,CONFIRMED_APPLIED,APPLIED,3,1,3,12055.442264,12552.0,1,0
b0_naive_retry-mid_dispatch-ledger_postings-113a7e49-r0,(session-3),B0_NAIVE_RETRY,mid_dispatch,ledger_postings,NO_READBACK,CALLER_REFERENCE,fe26bd91-6cab-471c-a28b-728c78365fc3,CONFIRMED_APPLIED,APPLIED,2,1,1,2063.829207,15046.0,1,0
b0_naive_retry-mid_dispatch-ledger_postings-113a7e49-r0,(session-3),B0_NAIVE_RETRY,mid_dispatch,ledger_postings,NO_READBACK,CALLER_REFERENCE,f2450c51-db30-41b1-8413-26259ded7ed9,CONFIRMED_APPLIED,APPLIED,2,1,1,2082.521856,11984.0,1,0
b0_naive_retry-mid_dispatch-ledger_postings-113a7e49-r0,(session-3),B0_NAIVE_RETRY,mid_dispatch,ledger_postings,NO_READBACK,CALLER_REFERENCE,bbad6d5d-ef0d-4329-810d-798e9042e8fa,CONFIRMED_APPLIED,APPLIED,2,1,1,2070.324501,8962.0,1,0
b0_naive_retry-mid_dispatch-ledger_postings-113a7e49-r0,(session-3),B0_NAIVE_RETRY,mid_dispatch,ledger_postings,NO_READBACK,CALLER_REFERENCE,f21604ac-1eb9-4cc8-9ab9-7e730aae2b3d,CONFIRMED_APPLIED,APPLIED,2,1,1,2060.459292,5910.0,1,0
b0_naive_retry-mid_dispatch-ledger_postings-113a7e49-r0,(session-3),B0_NAIVE_RETRY,mid_dispatch,ledger_postings,NO_READBACK,CALLER_REFERENCE,684d1a6a-2417-459d-b818-ba4d04086934,CONFIRMED_APPLIED,APPLIED,2,1,1,2065.259216,2776.0,1,0
b0_naive_retry-mid_dispatch-ledger_postings-113a7e49-r0,(session-3),B0_NAIVE_RETRY,mid_dispatch,ledger_postings,NO_READBACK,CALLER_REFERENCE,3c975b01-1ae8-4c6a-8947-7cb99106d600,CONFIRMED_APPLIED,APPLIED,2,1,1,2083.043678,15075.0,1,0
b0_naive_retry-mid_dispatch-ledger_postings-113a7e49-r0,(session-3),B0_NAIVE_RETRY,mid_dispatch,ledger_postings,NO_READBACK,CALLER_REFERENCE,36f01131-1690-408f-8fc4-cc8ed820f964,CONFIRMED_APPLIED,APPLIED,2,1,1,2081.935858,11998.0,1,0
b0_naive_retry-mid_dispatch-ledger_postings-113a7e49-r0,(session-3),B0_NAIVE_RETRY,mid_dispatch,ledger_postings,NO_READBACK,CALLER_REFERENCE,6f5408b4-22c2-4b2c-8006-acabb153096b,CONFIRMED_APPLIED,APPLIED,2,1,1,2066.215044,8958.0,1,0
b0_naive_retry-mid_dispatch-ledger_postings-113a7e49-r0,(session-3),B0_NAIVE_RETRY,mid_dispatch,ledger_postings,NO_READBACK,CALLER_REFERENCE,db56f867-b9f9-4ab1-b370-063f4b7b26ea,CONFIRMED_APPLIED,APPLIED,2,1,1,2055.606143,5903.0,1,0
b0_naive_retry-mid_dispatch-ledger_postings-113a7e49-r0,(session-3),B0_NAIVE_RETRY,mid_dispatch,ledger_postings,NO_READBACK,CALLER_REFERENCE,eaac3f3b-b07a-4a44-b56a-cf009abc82f7,CONFIRMED_APPLIED,APPLIED,2,1,1,2064.69867,2785.0,1,0
b0_naive_retry-mid_dispatch-ledger_postings-113a7e49-r1,(session-3),B0_NAIVE_RETRY,mid_dispatch,ledger_postings,NO_READBACK,CALLER_REFERENCE,2b07e2bf-7adf-411b-8fd5-f291e22f47a1,CONFIRMED_APPLIED,APPLIED,3,1,2,7078.053524,24781.0,1,0
b0_naive_retry-mid_dispatch-ledger_postings-113a7e49-r1,(session-3),B0_NAIVE_RETRY,mid_dispatch,ledger_postings,NO_READBACK,CALLER_REFERENCE,14eb87a2-d3b1-4dc6-9161-8c1fb84fad40,CONFIRMED_APPLIED,APPLIED,2,1,1,2060.60988,16692.0,1,0
b0_naive_retry-mid_dispatch-ledger_postings-113a7e49-r1,(session-3),B0_NAIVE_RETRY,mid_dispatch,ledger_postings,NO_READBACK,CALLER_REFERENCE,02beed2d-02cb-49c5-8e7b-345828ef22c8,CONFIRMED_APPLIED,APPLIED,2,1,1,2054.998962,13677.0,1,0
b0_naive_retry-mid_dispatch-ledger_postings-113a7e49-r1,(session-3),B0_NAIVE_RETRY,mid_dispatch,ledger_postings,NO_READBACK,CALLER_REFERENCE,e6331979-3009-4344-a086-7eae650b8f21,CONFIRMED_APPLIED,APPLIED,3,1,2,7075.344462,10645.0,1,0
b0_naive_retry-mid_dispatch-ledger_postings-113a7e49-r1,(session-3),B0_NAIVE_RETRY,mid_dispatch,ledger_postings,NO_READBACK,CALLER_REFERENCE,86b878bc-7ca3-446a-b509-ebd12086b2ab,CONFIRMED_APPLIED,APPLIED,2,1,1,2053.587602,2650.0,1,0
b0_naive_retry-mid_dispatch-ledger_postings-113a7e49-r1,(session-3),B0_NAIVE_RETRY,mid_dispatch,ledger_postings,NO_READBACK,CALLER_REFERENCE,5cf6ca92-0549-44d0-ab13-8bf91e4b2f3f,CONFIRMED_APPLIED,APPLIED,2,1,2,4063.139221,24782.0,1,0
b0_naive_retry-mid_dispatch-ledger_postings-113a7e49-r1,(session-3),B0_NAIVE_RETRY,mid_dispatch,ledger_postings,NO_READBACK,CALLER_REFERENCE,097a5a5c-ef75-4af0-ada9-2146b6251349,CONFIRMED_APPLIED,APPLIED,2,1,1,2069.885815,19758.0,1,0
b0_naive_retry-mid_dispatch-ledger_postings-113a7e49-r1,(session-3),B0_NAIVE_RETRY,mid_dispatch,ledger_postings,NO_READBACK,CALLER_REFERENCE,1153bea1-4998-4051-991b-ec97a21b9379,CONFIRMED_APPLIED,APPLIED,3,1,3,9071.879864,16813.0,1,0
b0_naive_retry-mid_dispatch-ledger_postings-113a7e49-r1,(session-3),B0_NAIVE_RETRY,mid_dispatch,ledger_postings,NO_READBACK,CALLER_REFERENCE,f1ea32bb-441c-4fa7-89e1-fc0bd0888fa1,CONFIRMED_APPLIED,APPLIED,2,1,1,2068.212771,6787.0,1,0
b0_naive_retry-mid_dispatch-ledger_postings-113a7e49-r1,(session-3),B0_NAIVE_RETRY,mid_dispatch,ledger_postings,NO_READBACK,CALLER_REFERENCE,7e51ae51-5bb0-4dac-89a6-74df9f88cc3b,CONFIRMED_APPLIED,APPLIED,2,1,1,2044.292246,3808.0,1,0
b0_naive_retry-mid_dispatch-ledger_postings-113a7e49-r2,(session-3),B0_NAIVE_RETRY,mid_dispatch,ledger_postings,NO_READBACK,CALLER_REFERENCE,5e4cfcb2-30cb-46ae-b833-05a99a14e1e9,CONFIRMED_APPLIED,APPLIED,2,1,1,2046.273629,23631.0,1,0
b0_naive_retry-mid_dispatch-ledger_postings-113a7e49-r2,(session-3),B0_NAIVE_RETRY,mid_dispatch,ledger_postings,NO_READBACK,CALLER_REFERENCE,c8aa3a17-bb97-4089-8367-5e3a590b8a21,CONFIRMED_APPLIED,APPLIED,2,1,1,2050.729043,20633.0,1,0
b0_naive_retry-mid_dispatch-ledger_postings-113a7e49-r2,(session-3),B0_NAIVE_RETRY,mid_dispatch,ledger_postings,NO_READBACK,CALLER_REFERENCE,1871b63b-d06b-4e49-910e-695eabef3182,CONFIRMED_APPLIED,APPLIED,2,1,2,4077.490412,17672.0,1,0
b0_naive_retry-mid_dispatch-ledger_postings-113a7e49-r2,(session-3),B0_NAIVE_RETRY,mid_dispatch,ledger_postings,NO_READBACK,CALLER_REFERENCE,6a22d6b8-7a27-402a-80c6-1394ecb8b310,CONFIRMED_APPLIED,APPLIED,3,1,3,9062.325728,12638.0,1,0
b0_naive_retry-mid_dispatch-ledger_postings-113a7e49-r2,(session-3),B0_NAIVE_RETRY,mid_dispatch,ledger_postings,NO_READBACK,CALLER_REFERENCE,ea9c5ba7-51b7-4421-8e08-e3edc5fcc9bf,CONFIRMED_APPLIED,APPLIED,2,1,1,2050.027629,2661.0,1,0
b0_naive_retry-mid_dispatch-ledger_postings-113a7e49-r2,(session-3),B0_NAIVE_RETRY,mid_dispatch,ledger_postings,NO_READBACK,CALLER_REFERENCE,9697fa69-339e-4d73-9049-9f517b427653,CONFIRMED_APPLIED,APPLIED,2,1,1,2054.078303,23685.0,1,0
b0_naive_retry-mid_dispatch-ledger_postings-113a7e49-r2,(session-3),B0_NAIVE_RETRY,mid_dispatch,ledger_postings,NO_READBACK,CALLER_REFERENCE,efe6436f-69c6-4f24-9687-e4ad61594bc7,CONFIRMED_APPLIED,APPLIED,2,1,1,2048.257059,20667.0,1,0
b0_naive_retry-mid_dispatch-ledger_postings-113a7e49-r2,(session-3),B0_NAIVE_RETRY,mid_dispatch,ledger_postings,NO_READBACK,CALLER_REFERENCE,774bf66a-4eef-49d1-8299-a61a95ac36aa,CONFIRMED_APPLIED,APPLIED,2,1,1,2069.305014,17703.0,1,0
b0_naive_retry-mid_dispatch-ledger_postings-113a7e49-r2,(session-3),B0_NAIVE_RETRY,mid_dispatch,ledger_postings,NO_READBACK,CALLER_REFERENCE,b5999dc3-26f1-4d06-b191-19c72cb94d39,CONFIRMED_APPLIED,APPLIED,3,1,2,7082.221891,14665.0,1,0
b0_naive_retry-mid_dispatch-ledger_postings-113a7e49-r2,(session-3),B0_NAIVE_RETRY,mid_dispatch,ledger_postings,NO_READBACK,CALLER_REFERENCE,d6587adc-3a75-48df-8282-2c6f679f2046,CONFIRMED_APPLIED,APPLIED,2,1,1,2062.505305,6650.0,1,0
b0_naive_retry-mid_dispatch-notifications-54dae940-r0,(session-3),B0_NAIVE_RETRY,mid_dispatch,notifications,POSITIVE_ONLY_READBACK,CALLER_REFERENCE,686d6328-6d47-4ffb-8bd1-274914ee7f95,CONFIRMED_APPLIED,APPLIED,2,1,1,2081.19779,22533.0,1,0
b0_naive_retry-mid_dispatch-notifications-54dae940-r0,(session-3),B0_NAIVE_RETRY,mid_dispatch,notifications,POSITIVE_ONLY_READBACK,CALLER_REFERENCE,584d7a94-71f6-480e-b227-760ccc5a0150,CONFIRMED_APPLIED,APPLIED,3,1,2,7092.592236,19523.0,1,0
b0_naive_retry-mid_dispatch-notifications-54dae940-r0,(session-3),B0_NAIVE_RETRY,mid_dispatch,notifications,POSITIVE_ONLY_READBACK,CALLER_REFERENCE,d7e58988-c9a7-439e-b0fe-9b842847e64e,CONFIRMED_APPLIED,APPLIED,2,1,1,2067.955149,11199.0,1,0
b0_naive_retry-mid_dispatch-notifications-54dae940-r0,(session-3),B0_NAIVE_RETRY,mid_dispatch,notifications,POSITIVE_ONLY_READBACK,CALLER_REFERENCE,d1b719ba-1d48-4a90-b71a-046fdb4e80df,CONFIRMED_APPLIED,APPLIED,1,1,1,2059.362235,7905.0,0,0
b0_naive_retry-mid_dispatch-notifications-54dae940-r0,(session-3),B0_NAIVE_RETRY,mid_dispatch,notifications,POSITIVE_ONLY_READBACK,CALLER_REFERENCE,f709977f-9e6f-405b-9f66-a040bbfaef31,CONFIRMED_APPLIED,APPLIED,2,1,1,2083.639292,4756.0,1,0
b0_naive_retry-mid_dispatch-notifications-54dae940-r0,(session-3),B0_NAIVE_RETRY,mid_dispatch,notifications,POSITIVE_ONLY_READBACK,CALLER_REFERENCE,bebd5a66-75d2-4f62-8f28-c28bf109d79c,CONFIRMED_APPLIED,APPLIED,1,1,2,4061.836075,22542.0,0,0
b0_naive_retry-mid_dispatch-notifications-54dae940-r0,(session-3),B0_NAIVE_RETRY,mid_dispatch,notifications,POSITIVE_ONLY_READBACK,CALLER_REFERENCE,140f3e03-026e-4d85-85f9-112b2571719e,CONFIRMED_APPLIED,APPLIED,2,1,1,2059.996646,17568.0,1,0
b0_naive_retry-mid_dispatch-notifications-54dae940-r0,(session-3),B0_NAIVE_RETRY,mid_dispatch,notifications,POSITIVE_ONLY_READBACK,CALLER_REFERENCE,d3a237c2-7837-4735-bec6-e69559a5d6c9,CONFIRMED_APPLIED,APPLIED,2,1,1,2067.39394,14300.0,1,0
b0_naive_retry-mid_dispatch-notifications-54dae940-r0,(session-3),B0_NAIVE_RETRY,mid_dispatch,notifications,POSITIVE_ONLY_READBACK,CALLER_REFERENCE,5bce4d96-fa99-4e25-88cd-c352c127f5f1,CONFIRMED_APPLIED,APPLIED,2,1,1,2063.835095,11173.0,1,0
b0_naive_retry-mid_dispatch-notifications-54dae940-r0,(session-3),B0_NAIVE_RETRY,mid_dispatch,notifications,POSITIVE_ONLY_READBACK,CALLER_REFERENCE,d80ca682-befa-40da-9da5-cfea2e3a3ab0,CONFIRMED_APPLIED,APPLIED,3,1,2,7063.876805,7884.0,1,0
b0_naive_retry-mid_dispatch-notifications-54dae940-r1,(session-3),B0_NAIVE_RETRY,mid_dispatch,notifications,POSITIVE_ONLY_READBACK,CALLER_REFERENCE,befb6883-f1e0-4de7-bfe9-e9634c9cfff2,CONFIRMED_APPLIED,APPLIED,2,1,1,2070.993295,24803.0,1,0
b0_naive_retry-mid_dispatch-notifications-54dae940-r1,(session-3),B0_NAIVE_RETRY,mid_dispatch,notifications,POSITIVE_ONLY_READBACK,CALLER_REFERENCE,5aac4bd6-7321-4d27-995f-2925430966d6,CONFIRMED_APPLIED,APPLIED,2,1,1,2062.606868,21824.0,1,0
b0_naive_retry-mid_dispatch-notifications-54dae940-r1,(session-3),B0_NAIVE_RETRY,mid_dispatch,notifications,POSITIVE_ONLY_READBACK,CALLER_REFERENCE,6dadd578-f80a-416d-8f5f-df557d809889,CONFIRMED_APPLIED,APPLIED,2,1,1,2054.469444,18774.0,1,0
b0_naive_retry-mid_dispatch-notifications-54dae940-r1,(session-3),B0_NAIVE_RETRY,mid_dispatch,notifications,POSITIVE_ONLY_READBACK,CALLER_REFERENCE,51de34d1-a49c-48bc-b8ad-c2d6c9e6e2db,CONFIRMED_APPLIED,APPLIED,2,1,1,2060.596811,15697.0,1,0
b0_naive_retry-mid_dispatch-notifications-54dae940-r1,(session-3),B0_NAIVE_RETRY,mid_dispatch,notifications,POSITIVE_ONLY_READBACK,CALLER_REFERENCE,402114c0-c85b-4a0b-9e39-eeb317111b57,CONFIRMED_APPLIED,APPLIED,3,1,2,7057.138634,12767.0,1,0
b0_naive_retry-mid_dispatch-notifications-54dae940-r1,(session-3),B0_NAIVE_RETRY,mid_dispatch,notifications,POSITIVE_ONLY_READBACK,CALLER_REFERENCE,42ea4a2f-7094-462a-a173-f6ae90b3a1a7,CONFIRMED_APPLIED,APPLIED,2,1,1,2064.979817,24828.0,1,0
b0_naive_retry-mid_dispatch-notifications-54dae940-r1,(session-3),B0_NAIVE_RETRY,mid_dispatch,notifications,POSITIVE_ONLY_READBACK,CALLER_REFERENCE,5e4c2e30-6aea-425a-901e-b220bbeaa4d6,CONFIRMED_APPLIED,APPLIED,2,1,1,2057.692868,21871.0,1,0
b0_naive_retry-mid_dispatch-notifications-54dae940-r1,(session-3),B0_NAIVE_RETRY,mid_dispatch,notifications,POSITIVE_ONLY_READBACK,CALLER_REFERENCE,fe9edcb4-b08e-4da2-a27a-a9b54d7d4016,CONFIRMED_APPLIED,APPLIED,4,1,3,12075.693152,18811.0,1,0
b0_naive_retry-mid_dispatch-notifications-54dae940-r1,(session-3),B0_NAIVE_RETRY,mid_dispatch,notifications,POSITIVE_ONLY_READBACK,CALLER_REFERENCE,f50c1d11-2b07-4e37-ac6b-2d56d9d23050,CONFIRMED_APPLIED,APPLIED,2,1,1,2065.691001,5707.0,1,0
b0_naive_retry-mid_dispatch-notifications-54dae940-r1,(session-3),B0_NAIVE_RETRY,mid_dispatch,notifications,POSITIVE_ONLY_READBACK,CALLER_REFERENCE,b8355cbc-333f-45b8-9f1b-dda8cc843177,CONFIRMED_APPLIED,APPLIED,2,1,1,2051.074261,2742.0,1,0
b0_naive_retry-mid_dispatch-notifications-54dae940-r2,(session-3),B0_NAIVE_RETRY,mid_dispatch,notifications,POSITIVE_ONLY_READBACK,CALLER_REFERENCE,aa1235a7-20d3-48bc-9c54-df88e1424563,CONFIRMED_APPLIED,APPLIED,2,1,1,2064.987905,32610.0,1,0
b0_naive_retry-mid_dispatch-notifications-54dae940-r2,(session-3),B0_NAIVE_RETRY,mid_dispatch,notifications,POSITIVE_ONLY_READBACK,CALLER_REFERENCE,b7e0daed-f7d4-4182-99b6-643272b8f4a6,CONFIRMED_APPLIED,APPLIED,2,1,1,2049.584791,29569.0,1,0
b0_naive_retry-mid_dispatch-notifications-54dae940-r2,(session-3),B0_NAIVE_RETRY,mid_dispatch,notifications,POSITIVE_ONLY_READBACK,CALLER_REFERENCE,eeacbce5-4f10-42a6-bb8e-5de55d316e58,CONFIRMED_APPLIED,APPLIED,2,1,1,2072.30498,26621.0,1,0
b0_naive_retry-mid_dispatch-notifications-54dae940-r2,(session-3),B0_NAIVE_RETRY,mid_dispatch,notifications,POSITIVE_ONLY_READBACK,CALLER_REFERENCE,99a190ac-57af-417d-b084-9d0b979268e1,CONFIRMED_APPLIED,APPLIED,2,1,1,2049.883695,23676.0,1,0
b0_naive_retry-mid_dispatch-notifications-54dae940-r2,(session-3),B0_NAIVE_RETRY,mid_dispatch,notifications,POSITIVE_ONLY_READBACK,CALLER_REFERENCE,5751dc2a-a247-4d1c-90a6-5af1ce42be29,CONFIRMED_APPLIED,APPLIED,2,1,1,2079.113235,20666.0,1,0
b0_naive_retry-mid_dispatch-notifications-54dae940-r2,(session-3),B0_NAIVE_RETRY,mid_dispatch,notifications,POSITIVE_ONLY_READBACK,CALLER_REFERENCE,51818a0f-19b6-4f62-b23d-8c7cad69de50,CONFIRMED_APPLIED,APPLIED,2,1,1,2062.660417,32593.0,1,0
b0_naive_retry-mid_dispatch-notifications-54dae940-r2,(session-3),B0_NAIVE_RETRY,mid_dispatch,notifications,POSITIVE_ONLY_READBACK,CALLER_REFERENCE,0e2dc90a-cd95-4c55-b073-060b2be353f0,UNVERIFIED_FAILURE,FAILED,4,1,3,15068.02819,29564.0,1,1
b0_naive_retry-mid_dispatch-notifications-54dae940-r2,(session-3),B0_NAIVE_RETRY,mid_dispatch,notifications,POSITIVE_ONLY_READBACK,CALLER_REFERENCE,42862e7e-d29c-4b08-8eff-ded88da9156a,CONFIRMED_APPLIED,APPLIED,2,1,1,2056.939922,13601.0,1,0
b0_naive_retry-mid_dispatch-notifications-54dae940-r2,(session-3),B0_NAIVE_RETRY,mid_dispatch,notifications,POSITIVE_ONLY_READBACK,CALLER_REFERENCE,993f4d2c-5b8c-4fba-ad13-6e8dfa22f4eb,CONFIRMED_APPLIED,APPLIED,3,1,2,7055.888949,10673.0,1,0
b0_naive_retry-mid_dispatch-notifications-54dae940-r2,(session-3),B0_NAIVE_RETRY,mid_dispatch,notifications,POSITIVE_ONLY_READBACK,CALLER_REFERENCE,1828d453-9409-45b5-961d-0172a1dbff55,CONFIRMED_APPLIED,APPLIED,2,1,1,2064.405394,2713.0,1,0
b0_naive_retry-mid_dispatch-payments-4aba1e66-r0,(session-3),B0_NAIVE_RETRY,mid_dispatch,payments,AUTHORITATIVE_READBACK,CALLER_REFERENCE,0d338d62-5a89-432f-9d39-fb83b5ff25c2,CONFIRMED_APPLIED,APPLIED,2,1,1,2049.070612,19182.0,1,0
b0_naive_retry-mid_dispatch-payments-4aba1e66-r0,(session-3),B0_NAIVE_RETRY,mid_dispatch,payments,AUTHORITATIVE_READBACK,CALLER_REFERENCE,0eb83b44-98b6-4bb0-b0b1-5aefa666071e,CONFIRMED_APPLIED,APPLIED,2,1,1,2041.46359,16297.0,1,0
b0_naive_retry-mid_dispatch-payments-4aba1e66-r0,(session-3),B0_NAIVE_RETRY,mid_dispatch,payments,AUTHORITATIVE_READBACK,CALLER_REFERENCE,ee19613e-18f1-4f87-90c6-5e547fb1e16a,CONFIRMED_APPLIED,APPLIED,2,1,1,2048.296811,13405.0,1,0
b0_naive_retry-mid_dispatch-payments-4aba1e66-r0,(session-3),B0_NAIVE_RETRY,mid_dispatch,payments,AUTHORITATIVE_READBACK,CALLER_REFERENCE,2e65c326-7ff3-45ac-a821-b190b1754bca,CONFIRMED_APPLIED,APPLIED,2,1,1,2048.045608,10498.0,1,0
b0_naive_retry-mid_dispatch-payments-4aba1e66-r0,(session-3),B0_NAIVE_RETRY,mid_dispatch,payments,AUTHORITATIVE_READBACK,CALLER_REFERENCE,2bbc4e7e-635e-4a3c-96e5-288272286c0b,CONFIRMED_APPLIED,APPLIED,2,1,1,2037.107589,7570.0,1,0
b0_naive_retry-mid_dispatch-payments-4aba1e66-r0,(session-3),B0_NAIVE_RETRY,mid_dispatch,payments,AUTHORITATIVE_READBACK,CALLER_REFERENCE,61f11bf8-efdd-4de2-ab17-bf6923261414,CONFIRMED_APPLIED,APPLIED,1,1,1,2035.847487,19166.0,0,0
b0_naive_retry-mid_dispatch-payments-4aba1e66-r0,(session-3),B0_NAIVE_RETRY,mid_dispatch,payments,AUTHORITATIVE_READBACK,CALLER_REFERENCE,fb8e1f3e-4af9-4109-b13a-a9b77a75e011,CONFIRMED_APPLIED,APPLIED,2,1,1,2040.614925,16282.0,1,0
b0_naive_retry-mid_dispatch-payments-4aba1e66-r0,(session-3),B0_NAIVE_RETRY,mid_dispatch,payments,AUTHORITATIVE_READBACK,CALLER_REFERENCE,f43e71d6-9aaf-4748-bf1d-d59210849760,CONFIRMED_APPLIED,APPLIED,2,1,1,2052.639434,13429.0,1,0
b0_naive_retry-mid_dispatch-payments-4aba1e66-r0,(session-3),B0_NAIVE_RETRY,mid_dispatch,payments,AUTHORITATIVE_READBACK,CALLER_REFERENCE,8b626594-c57f-4a54-8200-4ee2431e56b3,CONFIRMED_APPLIED,APPLIED,3,1,2,7060.910138,10517.0,1,0
b0_naive_retry-mid_dispatch-payments-4aba1e66-r0,(session-3),B0_NAIVE_RETRY,mid_dispatch,payments,AUTHORITATIVE_READBACK,CALLER_REFERENCE,f854d7f2-2379-46a5-a370-4e98e93c9d9e,CONFIRMED_APPLIED,APPLIED,2,1,1,2039.627195,2472.0,1,0
b0_naive_retry-mid_dispatch-payments-4aba1e66-r1,(session-3),B0_NAIVE_RETRY,mid_dispatch,payments,AUTHORITATIVE_READBACK,CALLER_REFERENCE,3c718825-6daa-4a60-823d-62234dfd3802,CONFIRMED_APPLIED,APPLIED,2,1,1,2043.764504,19111.0,1,0
b0_naive_retry-mid_dispatch-payments-4aba1e66-r1,(session-3),B0_NAIVE_RETRY,mid_dispatch,payments,AUTHORITATIVE_READBACK,CALLER_REFERENCE,7a7680e6-f907-4b80-9536-eda4a8fd2919,CONFIRMED_APPLIED,APPLIED,2,1,1,2053.631348,16171.0,1,0
b0_naive_retry-mid_dispatch-payments-4aba1e66-r1,(session-3),B0_NAIVE_RETRY,mid_dispatch,payments,AUTHORITATIVE_READBACK,CALLER_REFERENCE,0491e353-15d9-4451-9b3c-f70086f2425b,CONFIRMED_APPLIED,APPLIED,2,1,1,2043.796705,13285.0,1,0
b0_naive_retry-mid_dispatch-payments-4aba1e66-r1,(session-3),B0_NAIVE_RETRY,mid_dispatch,payments,AUTHORITATIVE_READBACK,CALLER_REFERENCE,8090633d-b0d4-4931-8088-e87e74aa8c72,CONFIRMED_APPLIED,APPLIED,2,1,1,2043.239523,10472.0,1,0
b0_naive_retry-mid_dispatch-payments-4aba1e66-r1,(session-3),B0_NAIVE_RETRY,mid_dispatch,payments,AUTHORITATIVE_READBACK,CALLER_REFERENCE,ed20c563-12b2-4c64-8073-00b68a7a7659,CONFIRMED_APPLIED,APPLIED,3,1,2,7050.735185,7578.0,1,0
b0_naive_retry-mid_dispatch-payments-4aba1e66-r1,(session-3),B0_NAIVE_RETRY,mid_dispatch,payments,AUTHORITATIVE_READBACK,CALLER_REFERENCE,58a4c44f-a7c4-4d04-9244-b32ed2321bf3,CONFIRMED_APPLIED,APPLIED,2,1,1,2045.150907,19084.0,1,0
b0_naive_retry-mid_dispatch-payments-4aba1e66-r1,(session-3),B0_NAIVE_RETRY,mid_dispatch,payments,AUTHORITATIVE_READBACK,CALLER_REFERENCE,bde7bfe5-3ee7-4daa-9e23-2f890739eec6,CONFIRMED_APPLIED,APPLIED,2,1,1,2053.017276,16136.0,1,0
b0_naive_retry-mid_dispatch-payments-4aba1e66-r1,(session-3),B0_NAIVE_RETRY,mid_dispatch,payments,AUTHORITATIVE_READBACK,CALLER_REFERENCE,fc8ce4ef-c950-4381-807d-1c60477cd7a8,CONFIRMED_APPLIED,APPLIED,2,1,1,2062.448039,13238.0,1,0
b0_naive_retry-mid_dispatch-payments-4aba1e66-r1,(session-3),B0_NAIVE_RETRY,mid_dispatch,payments,AUTHORITATIVE_READBACK,CALLER_REFERENCE,d3b3b732-263e-47bf-813a-e398a844a24d,CONFIRMED_APPLIED,APPLIED,2,1,1,2038.524028,10453.0,1,0
b0_naive_retry-mid_dispatch-payments-4aba1e66-r1,(session-3),B0_NAIVE_RETRY,mid_dispatch,payments,AUTHORITATIVE_READBACK,CALLER_REFERENCE,f7183bb8-1e0b-437a-86c0-54b02f46593c,CONFIRMED_APPLIED,APPLIED,2,1,1,2042.853218,7534.0,1,0
b0_naive_retry-mid_dispatch-payments-4aba1e66-r2,(session-3),B0_NAIVE_RETRY,mid_dispatch,payments,AUTHORITATIVE_READBACK,CALLER_REFERENCE,d1903757-8a42-4fcf-a2b8-e9bc0073507e,CONFIRMED_APPLIED,APPLIED,2,1,2,4051.97884,20729.0,1,0
b0_naive_retry-mid_dispatch-payments-4aba1e66-r2,(session-3),B0_NAIVE_RETRY,mid_dispatch,payments,AUTHORITATIVE_READBACK,CALLER_REFERENCE,448f61a6-df17-4dd0-9b97-5ecd3248ade9,CONFIRMED_APPLIED,APPLIED,3,1,2,7064.603058,15925.0,1,0
b0_naive_retry-mid_dispatch-payments-4aba1e66-r2,(session-3),B0_NAIVE_RETRY,mid_dispatch,payments,AUTHORITATIVE_READBACK,CALLER_REFERENCE,b0b095cd-3241-4edd-81ec-7debed2bfb7c,CONFIRMED_APPLIED,APPLIED,2,1,1,2044.667827,8137.0,1,0
b0_naive_retry-mid_dispatch-payments-4aba1e66-r2,(session-3),B0_NAIVE_RETRY,mid_dispatch,payments,AUTHORITATIVE_READBACK,CALLER_REFERENCE,65b5901c-3fd2-4a8b-b721-c540f6b6c2fd,CONFIRMED_APPLIED,APPLIED,2,1,1,2040.544646,5297.0,1,0
b0_naive_retry-mid_dispatch-payments-4aba1e66-r2,(session-3),B0_NAIVE_RETRY,mid_dispatch,payments,AUTHORITATIVE_READBACK,CALLER_REFERENCE,44f873ff-76cf-4acc-88ed-a3ac5cb4c4c1,CONFIRMED_APPLIED,APPLIED,2,1,1,2058.76034,2522.0,1,0
b0_naive_retry-mid_dispatch-payments-4aba1e66-r2,(session-3),B0_NAIVE_RETRY,mid_dispatch,payments,AUTHORITATIVE_READBACK,CALLER_REFERENCE,62c6025c-4fc1-40d3-bee9-2175fca53d42,CONFIRMED_APPLIED,APPLIED,3,1,2,7046.110757,20711.0,1,0
b0_naive_retry-mid_dispatch-payments-4aba1e66-r2,(session-3),B0_NAIVE_RETRY,mid_dispatch,payments,AUTHORITATIVE_READBACK,CALLER_REFERENCE,3501c574-0696-4ffb-bef8-3ab613197b72,CONFIRMED_APPLIED,APPLIED,2,1,1,2039.046266,12897.0,1,0
b0_naive_retry-mid_dispatch-payments-4aba1e66-r2,(session-3),B0_NAIVE_RETRY,mid_dispatch,payments,AUTHORITATIVE_READBACK,CALLER_REFERENCE,d8abdd71-69d6-4eca-bd64-9c86dcb7b55e,CONFIRMED_APPLIED,APPLIED,2,1,1,2042.052092,10147.0,1,0
b0_naive_retry-mid_dispatch-payments-4aba1e66-r2,(session-3),B0_NAIVE_RETRY,mid_dispatch,payments,AUTHORITATIVE_READBACK,CALLER_REFERENCE,fa0558cb-2002-4173-822d-3b20d9d1d887,CONFIRMED_APPLIED,APPLIED,2,1,1,2052.537148,7400.0,1,0
b0_naive_retry-mid_dispatch-payments-4aba1e66-r2,(session-3),B0_NAIVE_RETRY,mid_dispatch,payments,AUTHORITATIVE_READBACK,CALLER_REFERENCE,5adc5aa0-e18f-4fa4-ab57-abcc9f7ce4d8,CONFIRMED_APPLIED,APPLIED,2,1,1,2042.420968,4551.0,1,0
b0_naive_retry-none-payments-5e60d107-r0,p0,B0_NAIVE_RETRY,none,payments,AUTHORITATIVE_READBACK,CALLER_REFERENCE,73f09d91-3cf1-4efa-94a5-ef8ae6b19ad5,CONFIRMED_APPLIED,APPLIED,1,0,1,2059.886381,,0,0
b0_naive_retry-none-payments-5e60d107-r0,p0,B0_NAIVE_RETRY,none,payments,AUTHORITATIVE_READBACK,CALLER_REFERENCE,a062d11e-8d2f-42e1-88d5-d561f9fcd839,CONFIRMED_APPLIED,APPLIED,1,0,1,2007.877486,,0,0
b0_naive_retry-none-payments-5e60d107-r0,p0,B0_NAIVE_RETRY,none,payments,AUTHORITATIVE_READBACK,CALLER_REFERENCE,1e4dd948-42a1-4a38-9e89-4753c976e8fa,CONFIRMED_APPLIED,APPLIED,2,0,2,7017.458712,,1,0
b0_naive_retry-none-payments-5e60d107-r0,p0,B0_NAIVE_RETRY,none,payments,AUTHORITATIVE_READBACK,CALLER_REFERENCE,6a2c8e94-2516-45f9-abdf-1d50b87462e2,CONFIRMED_APPLIED,APPLIED,1,0,1,2008.919432,,0,0
b0_naive_retry-none-payments-5e60d107-r0,p0,B0_NAIVE_RETRY,none,payments,AUTHORITATIVE_READBACK,CALLER_REFERENCE,f6fbe2c7-6024-42ed-b646-fa60bf91d137,CONFIRMED_APPLIED,APPLIED,1,0,1,2009.718302,,0,0
b0_naive_retry-none-payments-5e60d107-r0,p0,B0_NAIVE_RETRY,none,payments,AUTHORITATIVE_READBACK,CALLER_REFERENCE,960015f4-78ce-40f0-9165-234ac5806bf4,CONFIRMED_APPLIED,APPLIED,1,0,1,2063.050656,,0,0
b0_naive_retry-none-payments-5e60d107-r0,p0,B0_NAIVE_RETRY,none,payments,AUTHORITATIVE_READBACK,CALLER_REFERENCE,24972991-58db-4885-9a34-fa6d2e0ac904,CONFIRMED_APPLIED,APPLIED,2,0,2,7015.180301,,1,0
b0_naive_retry-none-payments-5e60d107-r0,p0,B0_NAIVE_RETRY,none,payments,AUTHORITATIVE_READBACK,CALLER_REFERENCE,0f7b1946-f05b-4bb4-a407-62962238999c,CONFIRMED_APPLIED,APPLIED,1,0,1,2009.309656,,0,0
b0_naive_retry-none-payments-5e60d107-r0,p0,B0_NAIVE_RETRY,none,payments,AUTHORITATIVE_READBACK,CALLER_REFERENCE,3a4ea205-991d-409d-8731-f2adb6e19f86,CONFIRMED_APPLIED,APPLIED,1,0,1,2006.208905,,0,0
b0_naive_retry-none-payments-5e60d107-r0,p0,B0_NAIVE_RETRY,none,payments,AUTHORITATIVE_READBACK,CALLER_REFERENCE,3bbfee9d-5667-45f9-b3ad-93f120dbdd96,CONFIRMED_APPLIED,APPLIED,1,0,1,2006.774162,,0,0
b0_naive_retry-none-payments-5e60d107-r1,p0,B0_NAIVE_RETRY,none,payments,AUTHORITATIVE_READBACK,CALLER_REFERENCE,49ce45e2-2636-4026-9cd2-c5179febd648,CONFIRMED_APPLIED,APPLIED,1,0,1,2113.61657,,0,0
b0_naive_retry-none-payments-5e60d107-r1,p0,B0_NAIVE_RETRY,none,payments,AUTHORITATIVE_READBACK,CALLER_REFERENCE,13f4ff9f-7af6-4154-ab91-bb181dda61d1,CONFIRMED_APPLIED,APPLIED,1,0,1,2010.249761,,0,0
b0_naive_retry-none-payments-5e60d107-r1,p0,B0_NAIVE_RETRY,none,payments,AUTHORITATIVE_READBACK,CALLER_REFERENCE,291bfb6c-e087-4d03-9a30-20638bfa18e4,CONFIRMED_APPLIED,APPLIED,1,0,1,2009.579403,,0,0
b0_naive_retry-none-payments-5e60d107-r1,p0,B0_NAIVE_RETRY,none,payments,AUTHORITATIVE_READBACK,CALLER_REFERENCE,fe9a51f1-2cfe-44d6-ab0e-193b1c1ed917,CONFIRMED_APPLIED,APPLIED,1,0,1,2017.198256,,0,0
b0_naive_retry-none-payments-5e60d107-r1,p0,B0_NAIVE_RETRY,none,payments,AUTHORITATIVE_READBACK,CALLER_REFERENCE,b68d2d8a-cf5c-4d6e-8367-0f8a700fb914,CONFIRMED_APPLIED,APPLIED,1,0,1,2007.2459,,0,0
b0_naive_retry-none-payments-5e60d107-r1,p0,B0_NAIVE_RETRY,none,payments,AUTHORITATIVE_READBACK,CALLER_REFERENCE,f88c822c-dbfc-41d4-a328-b439ea5d61dc,CONFIRMED_APPLIED,APPLIED,1,0,1,2109.064886,,0,0
b0_naive_retry-none-payments-5e60d107-r1,p0,B0_NAIVE_RETRY,none,payments,AUTHORITATIVE_READBACK,CALLER_REFERENCE,38b8ec11-881b-439a-8006-885381f634a1,CONFIRMED_APPLIED,APPLIED,1,0,1,2011.202821,,0,0
b0_naive_retry-none-payments-5e60d107-r1,p0,B0_NAIVE_RETRY,none,payments,AUTHORITATIVE_READBACK,CALLER_REFERENCE,67f93c1c-d856-4d83-a07e-d6e6449d698e,CONFIRMED_APPLIED,APPLIED,1,0,1,2010.165771,,0,0
b0_naive_retry-none-payments-5e60d107-r1,p0,B0_NAIVE_RETRY,none,payments,AUTHORITATIVE_READBACK,CALLER_REFERENCE,384b2fff-e076-4919-bb79-2739f0b146b5,CONFIRMED_APPLIED,APPLIED,1,0,1,2013.719433,,0,0
b0_naive_retry-none-payments-5e60d107-r1,p0,B0_NAIVE_RETRY,none,payments,AUTHORITATIVE_READBACK,CALLER_REFERENCE,fa4a40b5-03d6-48dd-883e-617853a5ac11,CONFIRMED_APPLIED,APPLIED,1,0,1,2010.692364,,0,0
b0_naive_retry-none-payments-5e60d107-r2,p0,B0_NAIVE_RETRY,none,payments,AUTHORITATIVE_READBACK,CALLER_REFERENCE,97f5a350-65ed-4d65-91c4-b3f833c23118,CONFIRMED_APPLIED,APPLIED,1,0,1,2078.983799,,0,0
b0_naive_retry-none-payments-5e60d107-r2,p0,B0_NAIVE_RETRY,none,payments,AUTHORITATIVE_READBACK,CALLER_REFERENCE,f2fd2e8e-05ed-45b7-bac8-1fc1b51a4bd2,CONFIRMED_APPLIED,APPLIED,1,0,1,2006.700881,,0,0
b0_naive_retry-none-payments-5e60d107-r2,p0,B0_NAIVE_RETRY,none,payments,AUTHORITATIVE_READBACK,CALLER_REFERENCE,68bc6d65-82d4-4c09-83ee-abfa262949cb,CONFIRMED_APPLIED,APPLIED,1,0,1,2008.332899,,0,0
b0_naive_retry-none-payments-5e60d107-r2,p0,B0_NAIVE_RETRY,none,payments,AUTHORITATIVE_READBACK,CALLER_REFERENCE,94728426-9340-4af1-a8e2-b379f42ad43a,CONFIRMED_APPLIED,APPLIED,1,0,1,2008.119806,,0,0
b0_naive_retry-none-payments-5e60d107-r2,p0,B0_NAIVE_RETRY,none,payments,AUTHORITATIVE_READBACK,CALLER_REFERENCE,6f2de5b0-cbcb-4d67-a721-7ac682590061,CONFIRMED_APPLIED,APPLIED,1,0,1,2009.162857,,0,0
b0_naive_retry-none-payments-5e60d107-r2,p0,B0_NAIVE_RETRY,none,payments,AUTHORITATIVE_READBACK,CALLER_REFERENCE,33d69517-baf6-44ac-b2fb-c5a63b98c8e1,CONFIRMED_APPLIED,APPLIED,1,0,1,2078.732967,,0,0
b0_naive_retry-none-payments-5e60d107-r2,p0,B0_NAIVE_RETRY,none,payments,AUTHORITATIVE_READBACK,CALLER_REFERENCE,1a28fa18-e5f6-4515-b838-b9fa2825c83b,CONFIRMED_APPLIED,APPLIED,1,0,1,2009.033184,,0,0
b0_naive_retry-none-payments-5e60d107-r2,p0,B0_NAIVE_RETRY,none,payments,AUTHORITATIVE_READBACK,CALLER_REFERENCE,ecb028ff-dfab-402c-b1d1-540fb5fd546b,UNVERIFIED_FAILURE,FAILED,3,0,3,15022.876703,,1,1
b0_naive_retry-none-payments-5e60d107-r2,p0,B0_NAIVE_RETRY,none,payments,AUTHORITATIVE_READBACK,CALLER_REFERENCE,238f3668-0853-4cdb-ad5e-f59658f1bf5f,CONFIRMED_APPLIED,APPLIED,1,0,1,2013.11462,,0,0
b0_naive_retry-none-payments-5e60d107-r2,p0,B0_NAIVE_RETRY,none,payments,AUTHORITATIVE_READBACK,CALLER_REFERENCE,709eccc6-adcc-4371-a6a7-1cf04478d797,CONFIRMED_APPLIED,APPLIED,1,0,1,2009.065184,,0,0
b1_lease_only-after_barrier_before_dispatch-ledger_postings-761140e0-r0,(session-3),B1_LEASE_ONLY,after_barrier_before_dispatch,ledger_postings,NO_READBACK,CALLER_REFERENCE,d7258444-c132-4bdf-853c-8a948d272cbd,CONFIRMED_APPLIED,APPLIED,2,1,1,25992.3631,135687.0,1,0
b1_lease_only-after_barrier_before_dispatch-ledger_postings-761140e0-r0,(session-3),B1_LEASE_ONLY,after_barrier_before_dispatch,ledger_postings,NO_READBACK,CALLER_REFERENCE,ac962210-1793-46f3-a37f-935727e50333,CONFIRMED_APPLIED,APPLIED,2,1,1,26188.926897,108619.0,1,0
b1_lease_only-after_barrier_before_dispatch-ledger_postings-761140e0-r0,(session-3),B1_LEASE_ONLY,after_barrier_before_dispatch,ledger_postings,NO_READBACK,CALLER_REFERENCE,17fbcece-c1b2-499f-8a6f-258f5fa85b61,CONFIRMED_APPLIED,APPLIED,2,1,1,26195.0992,81395.0,1,0
b1_lease_only-after_barrier_before_dispatch-ledger_postings-761140e0-r0,(session-3),B1_LEASE_ONLY,after_barrier_before_dispatch,ledger_postings,NO_READBACK,CALLER_REFERENCE,c1b6271f-a8cd-4a11-86cd-9607c60fdd3a,CONFIRMED_APPLIED,APPLIED,2,1,1,26280.351269,54282.0,1,0
b1_lease_only-after_barrier_before_dispatch-ledger_postings-761140e0-r0,(session-3),B1_LEASE_ONLY,after_barrier_before_dispatch,ledger_postings,NO_READBACK,CALLER_REFERENCE,f0926eb2-9e9e-4138-a46c-982b8f804ebd,CONFIRMED_APPLIED,APPLIED,2,1,1,26188.079775,26941.0,1,0
b1_lease_only-after_barrier_before_dispatch-ledger_postings-761140e0-r0,(session-3),B1_LEASE_ONLY,after_barrier_before_dispatch,ledger_postings,NO_READBACK,CALLER_REFERENCE,71232cd5-32eb-4008-ab8e-8a26cf89cb0b,CONFIRMED_APPLIED,APPLIED,2,1,1,26224.700247,135706.0,1,0
b1_lease_only-after_barrier_before_dispatch-ledger_postings-761140e0-r0,(session-3),B1_LEASE_ONLY,after_barrier_before_dispatch,ledger_postings,NO_READBACK,CALLER_REFERENCE,312a9979-cdda-4e07-8ae5-c69b9744f219,CONFIRMED_APPLIED,APPLIED,2,1,1,25931.788139,108410.0,1,0
b1_lease_only-after_barrier_before_dispatch-ledger_postings-761140e0-r0,(session-3),B1_LEASE_ONLY,after_barrier_before_dispatch,ledger_postings,NO_READBACK,CALLER_REFERENCE,f1cb0916-a35c-4b67-8214-e2bc4d338b7a,CONFIRMED_APPLIED,APPLIED,2,1,1,26195.022161,81355.0,1,0
b1_lease_only-after_barrier_before_dispatch-ledger_postings-761140e0-r0,(session-3),B1_LEASE_ONLY,after_barrier_before_dispatch,ledger_postings,NO_READBACK,CALLER_REFERENCE,5bb5214e-238c-4cc9-8713-7f7736cf766b,CONFIRMED_APPLIED,APPLIED,2,1,1,26246.403264,54213.0,1,0
b1_lease_only-after_barrier_before_dispatch-ledger_postings-761140e0-r0,(session-3),B1_LEASE_ONLY,after_barrier_before_dispatch,ledger_postings,NO_READBACK,CALLER_REFERENCE,cebd402c-46a9-486e-b2dc-9f2f1778c033,CONFIRMED_APPLIED,APPLIED,2,1,1,26203.131373,26927.0,1,0
b1_lease_only-after_barrier_before_dispatch-ledger_postings-761140e0-r1,(session-3),B1_LEASE_ONLY,after_barrier_before_dispatch,ledger_postings,NO_READBACK,CALLER_REFERENCE,7d1cc414-e75c-41f5-95bb-d2ca178b8f2c,CONFIRMED_APPLIED,APPLIED,5,1,1,26192.235458,139651.0,1,0
b1_lease_only-after_barrier_before_dispatch-ledger_postings-761140e0-r1,(session-3),B1_LEASE_ONLY,after_barrier_before_dispatch,ledger_postings,NO_READBACK,CALLER_REFERENCE,28caac81-38b3-4431-8f6e-2c087b6d9c0c,CONFIRMED_APPLIED,APPLIED,4,1,1,26200.656895,112466.0,1,0
b1_lease_only-after_barrier_before_dispatch-ledger_postings-761140e0-r1,(session-3),B1_LEASE_ONLY,after_barrier_before_dispatch,ledger_postings,NO_READBACK,CALLER_REFERENCE,6b4df3f0-32d8-4a98-adfe-90c9437c9189,CONFIRMED_APPLIED,APPLIED,2,1,1,26437.70894,85375.0,1,0
b1_lease_only-after_barrier_before_dispatch-ledger_postings-761140e0-r1,(session-3),B1_LEASE_ONLY,after_barrier_before_dispatch,ledger_postings,NO_READBACK,CALLER_REFERENCE,58ddd4f1-a08d-4b73-8389-15d2d4b7bc68,CONFIRMED_APPLIED,APPLIED,4,1,2,28443.193583,58084.0,1,0
b1_lease_only-after_barrier_before_dispatch-ledger_postings-761140e0-r1,(session-3),B1_LEASE_ONLY,after_barrier_before_dispatch,ledger_postings,NO_READBACK,CALLER_REFERENCE,8c9ea643-f50d-473b-b08d-dda0b4360e83,CONFIRMED_APPLIED,APPLIED,4,1,2,28197.45064,28818.0,1,0
b1_lease_only-after_barrier_before_dispatch-ledger_postings-761140e0-r1,(session-3),B1_LEASE_ONLY,after_barrier_before_dispatch,ledger_postings,NO_READBACK,CALLER_REFERENCE,15dba596-e42a-42ab-a28e-9ca2491e8f9b,CONFIRMED_APPLIED,APPLIED,5,1,1,26181.917324,139665.0,1,0
b1_lease_only-after_barrier_before_dispatch-ledger_postings-761140e0-r1,(session-3),B1_LEASE_ONLY,after_barrier_before_dispatch,ledger_postings,NO_READBACK,CALLER_REFERENCE,625d6cc7-33d6-4431-a83d-059a21568df7,CONFIRMED_APPLIED,APPLIED,4,1,2,28194.534288,112510.0,1,0
b1_lease_only-after_barrier_before_dispatch-ledger_postings-761140e0-r1,(session-3),B1_LEASE_ONLY,after_barrier_before_dispatch,ledger_postings,NO_READBACK,CALLER_REFERENCE,8b03b5f1-77f4-495b-af4a-46f3afaeb469,CONFIRMED_APPLIED,APPLIED,2,1,1,26431.415796,83423.0,1,0
b1_lease_only-after_barrier_before_dispatch-ledger_postings-761140e0-r1,(session-3),B1_LEASE_ONLY,after_barrier_before_dispatch,ledger_postings,NO_READBACK,CALLER_REFERENCE,9aeb8c52-3378-4f6a-aa83-03c1ec99a202,CONFIRMED_APPLIED,APPLIED,4,1,1,26188.968981,56154.0,1,0
b1_lease_only-after_barrier_before_dispatch-ledger_postings-761140e0-r1,(session-3),B1_LEASE_ONLY,after_barrier_before_dispatch,ledger_postings,NO_READBACK,CALLER_REFERENCE,0f3ec15c-832f-4ec3-ba51-5fc60d837a64,CONFIRMED_APPLIED,APPLIED,4,1,1,26227.970981,29055.0,1,0
b1_lease_only-after_barrier_before_dispatch-ledger_postings-761140e0-r2,(session-3),B1_LEASE_ONLY,after_barrier_before_dispatch,ledger_postings,NO_READBACK,CALLER_REFERENCE,84334dac-49fc-4237-bf1d-00dc3ce359ae,CONFIRMED_APPLIED,APPLIED,2,1,1,26200.844996,142293.0,1,0
b1_lease_only-after_barrier_before_dispatch-ledger_postings-761140e0-r2,(session-3),B1_LEASE_ONLY,after_barrier_before_dispatch,ledger_postings,NO_READBACK,CALLER_REFERENCE,41fc7ed9-73e0-400f-a6b1-806c8c4a6d91,CONFIRMED_APPLIED,APPLIED,2,1,1,26192.864758,115228.0,1,0
b1_lease_only-after_barrier_before_dispatch-ledger_postings-761140e0-r2,(session-3),B1_LEASE_ONLY,after_barrier_before_dispatch,ledger_postings,NO_READBACK,CALLER_REFERENCE,b5277cc5-907f-402d-a035-c54d193f9b2d,CONFIRMED_APPLIED,APPLIED,2,1,1,26195.687695,88114.0,1,0
b1_lease_only-after_barrier_before_dispatch-ledger_postings-761140e0-r2,(session-3),B1_LEASE_ONLY,after_barrier_before_dispatch,ledger_postings,NO_READBACK,CALLER_REFERENCE,cd4cafee-a13c-4e1e-89a9-58f49daccaef,CONFIRMED_APPLIED,APPLIED,3,1,2,31446.031639,60897.0,1,0
b1_lease_only-after_barrier_before_dispatch-ledger_postings-761140e0-r2,(session-3),B1_LEASE_ONLY,after_barrier_before_dispatch,ledger_postings,NO_READBACK,CALLER_REFERENCE,2cddba7d-e879-4c11-afc6-9392d5947070,CONFIRMED_APPLIED,APPLIED,2,1,1,26447.610828,28614.0,1,0
b1_lease_only-after_barrier_before_dispatch-ledger_postings-761140e0-r2,(session-3),B1_LEASE_ONLY,after_barrier_before_dispatch,ledger_postings,NO_READBACK,CALLER_REFERENCE,6a8f4be0-dcbf-496b-852b-097cffd9f283,CONFIRMED_APPLIED,APPLIED,2,1,1,26208.961309,142305.0,1,0
b1_lease_only-after_barrier_before_dispatch-ledger_postings-761140e0-r2,(session-3),B1_LEASE_ONLY,after_barrier_before_dispatch,ledger_postings,NO_READBACK,CALLER_REFERENCE,efde3970-5e82-475a-9d87-03191e980de3,CONFIRMED_APPLIED,APPLIED,2,1,1,26191.741268,115260.0,1,0
b1_lease_only-after_barrier_before_dispatch-ledger_postings-761140e0-r2,(session-3),B1_LEASE_ONLY,after_barrier_before_dispatch,ledger_postings,NO_READBACK,CALLER_REFERENCE,e81ee32a-1a34-4ad8-bb61-44b0c21df2c0,CONFIRMED_APPLIED,APPLIED,3,1,3,33216.943435,88148.0,1,0
b1_lease_only-after_barrier_before_dispatch-ledger_postings-761140e0-r2,(session-3),B1_LEASE_ONLY,after_barrier_before_dispatch,ledger_postings,NO_READBACK,CALLER_REFERENCE,e4ea0d57-6a01-4f34-8fd9-09cd696b4a3a,CONFIRMED_APPLIED,APPLIED,2,1,1,26188.686766,53886.0,1,0
b1_lease_only-after_barrier_before_dispatch-ledger_postings-761140e0-r2,(session-3),B1_LEASE_ONLY,after_barrier_before_dispatch,ledger_postings,NO_READBACK,CALLER_REFERENCE,21ce6184-887c-44cc-acad-6d19731cb010,CONFIRMED_APPLIED,APPLIED,2,1,1,26187.460422,26791.0,1,0
b1_lease_only-after_barrier_before_dispatch-notifications-c0ca6988-r0,(session-3),B1_LEASE_ONLY,after_barrier_before_dispatch,notifications,POSITIVE_ONLY_READBACK,CALLER_REFERENCE,b5f85ca7-7ae3-48d1-811e-b73ace018782,CONFIRMED_APPLIED,APPLIED,2,1,1,26188.267102,145562.0,1,0
b1_lease_only-after_barrier_before_dispatch-notifications-c0ca6988-r0,(session-3),B1_LEASE_ONLY,after_barrier_before_dispatch,notifications,POSITIVE_ONLY_READBACK,CALLER_REFERENCE,cfb4148c-19ce-4f68-a4a6-04e6b3859a8e,CONFIRMED_APPLIED,APPLIED,2,1,1,26183.454626,118427.0,1,0
b1_lease_only-after_barrier_before_dispatch-notifications-c0ca6988-r0,(session-3),B1_LEASE_ONLY,after_barrier_before_dispatch,notifications,POSITIVE_ONLY_READBACK,CALLER_REFERENCE,05605cca-66d4-41aa-8b9f-1c6c72eac200,CONFIRMED_APPLIED,APPLIED,2,1,1,26435.62232,91265.0,1,0
b1_lease_only-after_barrier_before_dispatch-notifications-c0ca6988-r0,(session-3),B1_LEASE_ONLY,after_barrier_before_dispatch,notifications,POSITIVE_ONLY_READBACK,CALLER_REFERENCE,7a223fb8-be27-42d0-9b39-0f5ab66d3761,CONFIRMED_APPLIED,APPLIED,2,1,1,26194.6148,64003.0,1,0
b1_lease_only-after_barrier_before_dispatch-notifications-c0ca6988-r0,(session-3),B1_LEASE_ONLY,after_barrier_before_dispatch,notifications,POSITIVE_ONLY_READBACK,CALLER_REFERENCE,61be89a4-a18a-40c9-b9d6-ed0faca15406,CONFIRMED_APPLIED,APPLIED,2,1,1,26190.489608,36863.0,1,0
b1_lease_only-after_barrier_before_dispatch-notifications-c0ca6988-r0,(session-3),B1_LEASE_ONLY,after_barrier_before_dispatch,notifications,POSITIVE_ONLY_READBACK,CALLER_REFERENCE,92a2b224-f66b-40d3-be0c-db0b2bf8082e,CONFIRMED_APPLIED,APPLIED,2,1,1,26166.110356,145554.0,1,0
b1_lease_only-after_barrier_before_dispatch-notifications-c0ca6988-r0,(session-3),B1_LEASE_ONLY,after_barrier_before_dispatch,notifications,POSITIVE_ONLY_READBACK,CALLER_REFERENCE,5a4b1d84-dad8-4d8e-9fb6-7c15470fe3b4,CONFIRMED_APPLIED,APPLIED,2,1,1,26184.230329,118426.0,1,0
b1_lease_only-after_barrier_before_dispatch-notifications-c0ca6988-r0,(session-3),B1_LEASE_ONLY,after_barrier_before_dispatch,notifications,POSITIVE_ONLY_READBACK,CALLER_REFERENCE,55cdb431-fdce-4029-acb6-02189f6fa80c,CONFIRMED_APPLIED,APPLIED,4,1,3,36470.81887,91291.0,1,0
b1_lease_only-after_barrier_before_dispatch-notifications-c0ca6988-r0,(session-3),B1_LEASE_ONLY,after_barrier_before_dispatch,notifications,POSITIVE_ONLY_READBACK,CALLER_REFERENCE,afb471b9-51fa-42c3-8236-46dc5bcb209d,CONFIRMED_APPLIED,APPLIED,2,1,1,26214.271282,53954.0,1,0
b1_lease_only-after_barrier_before_dispatch-notifications-c0ca6988-r0,(session-3),B1_LEASE_ONLY,after_barrier_before_dispatch,notifications,POSITIVE_ONLY_READBACK,CALLER_REFERENCE,c605554e-b5dd-41ee-93e7-4c8a2f9839a1,CONFIRMED_APPLIED,APPLIED,1,1,1,26204.951093,26844.0,0,0
b1_lease_only-after_barrier_before_dispatch-notifications-c0ca6988-r1,(session-3),B1_LEASE_ONLY,after_barrier_before_dispatch,notifications,POSITIVE_ONLY_READBACK,CALLER_REFERENCE,afb79fca-6039-490e-8a8a-25d748eede7e,CONFIRMED_APPLIED,APPLIED,4,1,3,30188.685247,139583.0,1,0
b1_lease_only-after_barrier_before_dispatch-notifications-c0ca6988-r1,(session-3),B1_LEASE_ONLY,after_barrier_before_dispatch,notifications,POSITIVE_ONLY_READBACK,CALLER_REFERENCE,5b5e0baa-2685-493a-a4dd-ba9222280443,CONFIRMED_APPLIED,APPLIED,3,1,1,26240.028361,108458.0,1,0
b1_lease_only-after_barrier_before_dispatch-notifications-c0ca6988-r1,(session-3),B1_LEASE_ONLY,after_barrier_before_dispatch,notifications,POSITIVE_ONLY_READBACK,CALLER_REFERENCE,7bf40cec-fa6c-4e97-997d-17711a6d8ab3,CONFIRMED_APPLIED,APPLIED,2,1,1,26182.529145,81315.0,1,0
b1_lease_only-after_barrier_before_dispatch-notifications-c0ca6988-r1,(session-3),B1_LEASE_ONLY,after_barrier_before_dispatch,notifications,POSITIVE_ONLY_READBACK,CALLER_REFERENCE,b0df9754-f6eb-4c1b-b033-d5534a85b042,CONFIRMED_APPLIED,APPLIED,2,1,1,26189.788463,54107.0,1,0
b1_lease_only-after_barrier_before_dispatch-notifications-c0ca6988-r1,(session-3),B1_LEASE_ONLY,after_barrier_before_dispatch,notifications,POSITIVE_ONLY_READBACK,CALLER_REFERENCE,4f5b95b3-61a1-413f-b4ee-30d687793bde,CONFIRMED_APPLIED,APPLIED,2,1,1,26438.380257,26992.0,1,0
b1_lease_only-after_barrier_before_dispatch-notifications-c0ca6988-r1,(session-3),B1_LEASE_ONLY,after_barrier_before_dispatch,notifications,POSITIVE_ONLY_READBACK,CALLER_REFERENCE,bea691c9-dae2-43fe-8aeb-d31d116f91e7,CONFIRMED_APPLIED,APPLIED,4,1,1,26186.834295,139588.0,1,0
b1_lease_only-after_barrier_before_dispatch-notifications-c0ca6988-r1,(session-3),B1_LEASE_ONLY,after_barrier_before_dispatch,notifications,POSITIVE_ONLY_READBACK,CALLER_REFERENCE,498bfc51-67db-4328-b502-9c1ec2f688f1,CONFIRMED_APPLIED,APPLIED,3,1,1,26462.080152,112466.0,1,0
b1_lease_only-after_barrier_before_dispatch-notifications-c0ca6988-r1,(session-3),B1_LEASE_ONLY,after_barrier_before_dispatch,notifications,POSITIVE_ONLY_READBACK,CALLER_REFERENCE,c1570854-3bfb-442f-836a-733a53ca17b6,CONFIRMED_APPLIED,APPLIED,1,1,1,25927.851172,85157.0,0,0
b1_lease_only-after_barrier_before_dispatch-notifications-c0ca6988-r1,(session-3),B1_LEASE_ONLY,after_barrier_before_dispatch,notifications,POSITIVE_ONLY_READBACK,CALLER_REFERENCE,dfb69105-d276-44ee-8982-29a739fb3ff6,CONFIRMED_APPLIED,APPLIED,2,1,1,26189.286366,58023.0,1,0
b1_lease_only-after_barrier_before_dispatch-notifications-c0ca6988-r1,(session-3),B1_LEASE_ONLY,after_barrier_before_dispatch,notifications,POSITIVE_ONLY_READBACK,CALLER_REFERENCE,c5095188-5f30-4d4e-ae14-39b3026778cd,CONFIRMED_APPLIED,APPLIED,2,1,1,26199.326333,30914.0,1,0
b1_lease_only-after_barrier_before_dispatch-notifications-c0ca6988-r2,(session-3),B1_LEASE_ONLY,after_barrier_before_dispatch,notifications,POSITIVE_ONLY_READBACK,CALLER_REFERENCE,6d2eded0-b016-4b59-9f2e-6883fac80a3f,CONFIRMED_APPLIED,APPLIED,2,1,1,26201.845017,135513.0,1,0
b1_lease_only-after_barrier_before_dispatch-notifications-c0ca6988-r2,(session-3),B1_LEASE_ONLY,after_barrier_before_dispatch,notifications,POSITIVE_ONLY_READBACK,CALLER_REFERENCE,7f47c264-e329-476a-aeee-d8892be8307f,CONFIRMED_APPLIED,APPLIED,2,1,1,26201.966695,108396.0,1,0
b1_lease_only-after_barrier_before_dispatch-notifications-c0ca6988-r2,(session-3),B1_LEASE_ONLY,after_barrier_before_dispatch,notifications,POSITIVE_ONLY_READBACK,CALLER_REFERENCE,91c22cf1-e190-409d-a4d1-e7cf08957f7e,CONFIRMED_APPLIED,APPLIED,2,1,1,26205.450858,81275.0,1,0
b1_lease_only-after_barrier_before_dispatch-notifications-c0ca6988-r2,(session-3),B1_LEASE_ONLY,after_barrier_before_dispatch,notifications,POSITIVE_ONLY_READBACK,CALLER_REFERENCE,387d5caf-e448-4dcc-b05b-6647c668256e,CONFIRMED_APPLIED,APPLIED,2,1,1,26178.921086,54103.0,1,0
b1_lease_only-after_barrier_before_dispatch-notifications-c0ca6988-r2,(session-3),B1_LEASE_ONLY,after_barrier_before_dispatch,notifications,POSITIVE_ONLY_READBACK,CALLER_REFERENCE,31f2f4e8-12d8-4ad6-ace1-ea4c153a1929,CONFIRMED_APPLIED,APPLIED,2,1,1,25934.201246,26891.0,1,0
b1_lease_only-after_barrier_before_dispatch-notifications-c0ca6988-r2,(session-3),B1_LEASE_ONLY,after_barrier_before_dispatch,notifications,POSITIVE_ONLY_READBACK,CALLER_REFERENCE,c71e4dde-3e43-4711-843a-a6170b3b57d8,CONFIRMED_APPLIED,APPLIED,2,1,1,26181.312933,135471.0,1,0
b1_lease_only-after_barrier_before_dispatch-notifications-c0ca6988-r2,(session-3),B1_LEASE_ONLY,after_barrier_before_dispatch,notifications,POSITIVE_ONLY_READBACK,CALLER_REFERENCE,00122359-6457-4395-a8c1-dee644f0e92a,CONFIRMED_APPLIED,APPLIED,2,1,1,26188.444119,108361.0,1,0
b1_lease_only-after_barrier_before_dispatch-notifications-c0ca6988-r2,(session-3),B1_LEASE_ONLY,after_barrier_before_dispatch,notifications,POSITIVE_ONLY_READBACK,CALLER_REFERENCE,4bd01a9f-8f87-48cb-b1de-f6a5e3d061c5,CONFIRMED_APPLIED,APPLIED,2,1,1,26189.717969,81235.0,1,0
b1_lease_only-after_barrier_before_dispatch-notifications-c0ca6988-r2,(session-3),B1_LEASE_ONLY,after_barrier_before_dispatch,notifications,POSITIVE_ONLY_READBACK,CALLER_REFERENCE,fc98c01a-a980-4039-9f3d-d13dc7cbe1ba,CONFIRMED_APPLIED,APPLIED,2,1,1,26191.330984,54089.0,1,0
b1_lease_only-after_barrier_before_dispatch-notifications-c0ca6988-r2,(session-3),B1_LEASE_ONLY,after_barrier_before_dispatch,notifications,POSITIVE_ONLY_READBACK,CALLER_REFERENCE,39aa3227-624b-4a4d-9785-59f500f3e370,CONFIRMED_APPLIED,APPLIED,2,1,1,26188.316507,26891.0,1,0
b1_lease_only-after_barrier_before_dispatch-payments-a73d77a9-r0,(session-3),B1_LEASE_ONLY,after_barrier_before_dispatch,payments,AUTHORITATIVE_READBACK,CALLER_REFERENCE,ef34c3d6-e673-48c0-8afd-1881c587959b,CONFIRMED_APPLIED,APPLIED,2,1,1,26205.80746,145426.0,1,0
b1_lease_only-after_barrier_before_dispatch-payments-a73d77a9-r0,(session-3),B1_LEASE_ONLY,after_barrier_before_dispatch,payments,AUTHORITATIVE_READBACK,CALLER_REFERENCE,e2f09bc5-0c9f-4e10-9de5-799b6b5a6b4d,CONFIRMED_APPLIED,APPLIED,2,1,1,26449.475164,118425.0,1,0
b1_lease_only-after_barrier_before_dispatch-payments-a73d77a9-r0,(session-3),B1_LEASE_ONLY,after_barrier_before_dispatch,payments,AUTHORITATIVE_READBACK,CALLER_REFERENCE,b70f3dab-aaa0-4d1f-b599-a8715ea7aaba,CONFIRMED_APPLIED,APPLIED,2,1,1,26449.924675,91266.0,1,0
b1_lease_only-after_barrier_before_dispatch-payments-a73d77a9-r0,(session-3),B1_LEASE_ONLY,after_barrier_before_dispatch,payments,AUTHORITATIVE_READBACK,CALLER_REFERENCE,107cd4ad-0bd0-4d2b-9bc4-e7ac287fc579,CONFIRMED_APPLIED,APPLIED,2,1,1,26444.096469,64127.0,1,0
b1_lease_only-after_barrier_before_dispatch-payments-a73d77a9-r0,(session-3),B1_LEASE_ONLY,after_barrier_before_dispatch,payments,AUTHORITATIVE_READBACK,CALLER_REFERENCE,e3af9a1f-b5eb-4c7a-bbb2-458c9286c8c1,CONFIRMED_APPLIED,APPLIED,2,1,1,26442.008365,37008.0,1,0
b1_lease_only-after_barrier_before_dispatch-payments-a73d77a9-r0,(session-3),B1_LEASE_ONLY,after_barrier_before_dispatch,payments,AUTHORITATIVE_READBACK,CALLER_REFERENCE,0729fbec-6220-4c28-96a1-1807dd27d6a0,CONFIRMED_APPLIED,APPLIED,3,1,2,31442.179818,145368.0,1,0
b1_lease_only-after_barrier_before_dispatch-payments-a73d77a9-r0,(session-3),B1_LEASE_ONLY,after_barrier_before_dispatch,payments,AUTHORITATIVE_READBACK,CALLER_REFERENCE,8a1a38b3-41fe-4479-90e4-c08d12bdcdae,CONFIRMED_APPLIED,APPLIED,3,1,2,31457.321872,113192.0,1,0
b1_lease_only-after_barrier_before_dispatch-payments-a73d77a9-r0,(session-3),B1_LEASE_ONLY,after_barrier_before_dispatch,payments,AUTHORITATIVE_READBACK,CALLER_REFERENCE,f65107f0-0f0a-4658-80d8-4b5ae5f2a4b8,CONFIRMED_APPLIED,APPLIED,2,1,1,26448.988116,81105.0,1,0
b1_lease_only-after_barrier_before_dispatch-payments-a73d77a9-r0,(session-3),B1_LEASE_ONLY,after_barrier_before_dispatch,payments,AUTHORITATIVE_READBACK,CALLER_REFERENCE,91e2430e-218a-4dac-abcb-c50fca55da6a,CONFIRMED_APPLIED,APPLIED,2,1,1,26456.425866,53989.0,1,0
b1_lease_only-after_barrier_before_dispatch-payments-a73d77a9-r0,(session-3),B1_LEASE_ONLY,after_barrier_before_dispatch,payments,AUTHORITATIVE_READBACK,CALLER_REFERENCE,debd6c7b-c280-4ea1-aa0b-b649ae6509c4,CONFIRMED_APPLIED,APPLIED,2,1,1,26452.941749,26810.0,1,0
b1_lease_only-after_barrier_before_dispatch-payments-a73d77a9-r1,(session-3),B1_LEASE_ONLY,after_barrier_before_dispatch,payments,AUTHORITATIVE_READBACK,CALLER_REFERENCE,b69b0d4c-4f5d-435f-a05e-639c7d78373a,CONFIRMED_APPLIED,APPLIED,2,1,1,26441.299434,145473.0,1,0
b1_lease_only-after_barrier_before_dispatch-payments-a73d77a9-r1,(session-3),B1_LEASE_ONLY,after_barrier_before_dispatch,payments,AUTHORITATIVE_READBACK,CALLER_REFERENCE,7429ec81-591c-42fc-9273-ad723b8b3526,CONFIRMED_APPLIED,APPLIED,2,1,1,26446.81491,118202.0,1,0
b1_lease_only-after_barrier_before_dispatch-payments-a73d77a9-r1,(session-3),B1_LEASE_ONLY,after_barrier_before_dispatch,payments,AUTHORITATIVE_READBACK,CALLER_REFERENCE,dc9ffbde-74d4-4d4c-bb83-90bbae4723db,CONFIRMED_APPLIED,APPLIED,3,1,3,36185.095087,91021.0,1,0
b1_lease_only-after_barrier_before_dispatch-payments-a73d77a9-r1,(session-3),B1_LEASE_ONLY,after_barrier_before_dispatch,payments,AUTHORITATIVE_READBACK,CALLER_REFERENCE,809900e6-dba6-4949-ad3c-5006aea6d993,CONFIRMED_APPLIED,APPLIED,2,1,1,26449.353226,54028.0,1,0
b1_lease_only-after_barrier_before_dispatch-payments-a73d77a9-r1,(session-3),B1_LEASE_ONLY,after_barrier_before_dispatch,payments,AUTHORITATIVE_READBACK,CALLER_REFERENCE,21d696b3-8a8b-41df-bb6f-cc819aa33a32,CONFIRMED_APPLIED,APPLIED,1,1,1,26450.027895,26916.0,0,0
b1_lease_only-after_barrier_before_dispatch-payments-a73d77a9-r1,(session-3),B1_LEASE_ONLY,after_barrier_before_dispatch,payments,AUTHORITATIVE_READBACK,CALLER_REFERENCE,e3be2341-3cf6-43ca-8ecf-f1e8f168a561,CONFIRMED_APPLIED,APPLIED,2,1,1,26438.259262,145510.0,1,0
b1_lease_only-after_barrier_before_dispatch-payments-a73d77a9-r1,(session-3),B1_LEASE_ONLY,after_barrier_before_dispatch,payments,AUTHORITATIVE_READBACK,CALLER_REFERENCE,b55afb1c-a42a-4e0e-a14f-dff2655eeb8c,CONFIRMED_APPLIED,APPLIED,2,1,1,26441.895787,118283.0,1,0
b1_lease_only-after_barrier_before_dispatch-payments-a73d77a9-r1,(session-3),B1_LEASE_ONLY,after_barrier_before_dispatch,payments,AUTHORITATIVE_READBACK,CALLER_REFERENCE,d69a28d7-cb99-439e-b134-cea61d533579,CONFIRMED_APPLIED,APPLIED,2,1,1,26177.304193,91064.0,1,0
b1_lease_only-after_barrier_before_dispatch-payments-a73d77a9-r1,(session-3),B1_LEASE_ONLY,after_barrier_before_dispatch,payments,AUTHORITATIVE_READBACK,CALLER_REFERENCE,a2398c8a-0273-47a3-b608-f08ea434f1d6,CONFIRMED_APPLIED,APPLIED,2,1,1,26429.329818,64005.0,1,0
b1_lease_only-after_barrier_before_dispatch-payments-a73d77a9-r1,(session-3),B1_LEASE_ONLY,after_barrier_before_dispatch,payments,AUTHORITATIVE_READBACK,CALLER_REFERENCE,44083135-a058-4577-9cee-96fc7c3e54e0,CONFIRMED_APPLIED,APPLIED,2,1,3,33472.250499,36934.0,1,0
b1_lease_only-after_barrier_before_dispatch-payments-a73d77a9-r2,(session-3),B1_LEASE_ONLY,after_barrier_before_dispatch,payments,AUTHORITATIVE_READBACK,CALLER_REFERENCE,0cecb30d-e2ce-49e5-83ae-99d087490e72,CONFIRMED_APPLIED,APPLIED,2,1,1,26454.124472,140448.0,1,0
b1_lease_only-after_barrier_before_dispatch-payments-a73d77a9-r2,(session-3),B1_LEASE_ONLY,after_barrier_before_dispatch,payments,AUTHORITATIVE_READBACK,CALLER_REFERENCE,6bf82685-909a-4830-9741-dc853f66ebcb,CONFIRMED_APPLIED,APPLIED,2,1,1,26468.951087,113168.0,1,0
b1_lease_only-after_barrier_before_dispatch-payments-a73d77a9-r2,(session-3),B1_LEASE_ONLY,after_barrier_before_dispatch,payments,AUTHORITATIVE_READBACK,CALLER_REFERENCE,0098d728-e5d2-4a3e-aebd-2f101252b5ce,CONFIRMED_APPLIED,APPLIED,2,1,1,26192.453743,85922.0,1,0
b1_lease_only-after_barrier_before_dispatch-payments-a73d77a9-r2,(session-3),B1_LEASE_ONLY,after_barrier_before_dispatch,payments,AUTHORITATIVE_READBACK,CALLER_REFERENCE,bcd10489-1544-4f9a-b5bd-4b1bb04a316c,CONFIRMED_APPLIED,APPLIED,2,1,1,26450.248612,58878.0,1,0
b1_lease_only-after_barrier_before_dispatch-payments-a73d77a9-r2,(session-3),B1_LEASE_ONLY,after_barrier_before_dispatch,payments,AUTHORITATIVE_READBACK,CALLER_REFERENCE,e3605143-ccd5-433a-908c-1f4c8bd496cf,CONFIRMED_APPLIED,APPLIED,2,1,1,26452.244747,31714.0,1,0
b1_lease_only-after_barrier_before_dispatch-payments-a73d77a9-r2,(session-3),B1_LEASE_ONLY,after_barrier_before_dispatch,payments,AUTHORITATIVE_READBACK,CALLER_REFERENCE,05e8beb9-ee7f-46fd-83c4-2827affff5d2,CONFIRMED_APPLIED,APPLIED,2,1,1,26462.224368,140466.0,1,0
b1_lease_only-after_barrier_before_dispatch-payments-a73d77a9-r2,(session-3),B1_LEASE_ONLY,after_barrier_before_dispatch,payments,AUTHORITATIVE_READBACK,CALLER_REFERENCE,5b9865e6-992e-439a-9298-1171175a0668,CONFIRMED_APPLIED,APPLIED,2,1,1,26460.162099,113212.0,1,0
b1_lease_only-after_barrier_before_dispatch-payments-a73d77a9-r2,(session-3),B1_LEASE_ONLY,after_barrier_before_dispatch,payments,AUTHORITATIVE_READBACK,CALLER_REFERENCE,3f06dd7a-3f7c-4ac6-8693-d97b6322f466,CONFIRMED_APPLIED,APPLIED,3,1,2,31186.935862,85925.0,1,0
b1_lease_only-after_barrier_before_dispatch-payments-a73d77a9-r2,(session-3),B1_LEASE_ONLY,after_barrier_before_dispatch,payments,AUTHORITATIVE_READBACK,CALLER_REFERENCE,7b2169f7-4728-4635-a84f-a9d54b1a244d,CONFIRMED_APPLIED,APPLIED,2,1,1,26455.363576,53873.0,1,0
b1_lease_only-after_barrier_before_dispatch-payments-a73d77a9-r2,(session-3),B1_LEASE_ONLY,after_barrier_before_dispatch,payments,AUTHORITATIVE_READBACK,CALLER_REFERENCE,c08731bc-0bef-40c6-81d1-0b1fbb3aa28c,CONFIRMED_APPLIED,APPLIED,2,1,1,26448.361145,26749.0,1,0
b1_lease_only-after_resolution_before_barrier-ledger_postings-0a35c01d-r0,(session-3),B1_LEASE_ONLY,after_resolution_before_barrier,ledger_postings,NO_READBACK,CALLER_REFERENCE,5c32b5d6-87b3-473a-91cf-6e55558f1b6a,CONFIRMED_APPLIED,APPLIED,2,1,1,24430.888021,138824.0,1,0
b1_lease_only-after_resolution_before_barrier-ledger_postings-0a35c01d-r0,(session-3),B1_LEASE_ONLY,after_resolution_before_barrier,ledger_postings,NO_READBACK,CALLER_REFERENCE,2054970e-6c98-44ec-8172-38c34c87c679,CONFIRMED_APPLIED,APPLIED,2,1,1,24441.001425,111811.0,1,0
b1_lease_only-after_resolution_before_barrier-ledger_postings-0a35c01d-r0,(session-3),B1_LEASE_ONLY,after_resolution_before_barrier,ledger_postings,NO_READBACK,CALLER_REFERENCE,443f2815-14e2-45aa-8cc0-558fb02370b8,CONFIRMED_APPLIED,APPLIED,2,1,2,26700.184884,84636.0,1,0
b1_lease_only-after_resolution_before_barrier-ledger_postings-0a35c01d-r0,(session-3),B1_LEASE_ONLY,after_resolution_before_barrier,ledger_postings,NO_READBACK,CALLER_REFERENCE,45cb2a7c-4ad1-4d4d-8fc6-0c46bb426f8d,CONFIRMED_APPLIED,APPLIED,2,1,1,24451.160666,55387.0,1,0
b1_lease_only-after_resolution_before_barrier-ledger_postings-0a35c01d-r0,(session-3),B1_LEASE_ONLY,after_resolution_before_barrier,ledger_postings,NO_READBACK,CALLER_REFERENCE,0238cfda-49ef-47ab-9fee-547142ac05f6,CONFIRMED_APPLIED,APPLIED,2,1,1,24686.762689,28298.0,1,0
b1_lease_only-after_resolution_before_barrier-ledger_postings-0a35c01d-r0,(session-3),B1_LEASE_ONLY,after_resolution_before_barrier,ledger_postings,NO_READBACK,CALLER_REFERENCE,50f7e35c-d88d-45cf-967b-da684572599a,CONFIRMED_APPLIED,APPLIED,2,1,1,24434.070995,138827.0,1,0
b1_lease_only-after_resolution_before_barrier-ledger_postings-0a35c01d-r0,(session-3),B1_LEASE_ONLY,after_resolution_before_barrier,ledger_postings,NO_READBACK,CALLER_REFERENCE,208a0d49-8a68-4262-ab19-063f16d8fe6c,CONFIRMED_APPLIED,APPLIED,3,1,2,29446.569201,111821.0,1,0
b1_lease_only-after_resolution_before_barrier-ledger_postings-0a35c01d-r0,(session-3),B1_LEASE_ONLY,after_resolution_before_barrier,ledger_postings,NO_READBACK,CALLER_REFERENCE,0508c5b4-1f41-4239-8744-afaff8320b4c,CONFIRMED_APPLIED,APPLIED,2,1,1,24710.253258,79664.0,1,0
b1_lease_only-after_resolution_before_barrier-ledger_postings-0a35c01d-r0,(session-3),B1_LEASE_ONLY,after_resolution_before_barrier,ledger_postings,NO_READBACK,CALLER_REFERENCE,d43a2fa6-5192-48a1-a125-4850df38a144,CONFIRMED_APPLIED,APPLIED,2,1,1,24686.853699,52459.0,1,0
b1_lease_only-after_resolution_before_barrier-ledger_postings-0a35c01d-r0,(session-3),B1_LEASE_ONLY,after_resolution_before_barrier,ledger_postings,NO_READBACK,CALLER_REFERENCE,d3047a8b-64e8-477f-a3d5-51e2d976067a,CONFIRMED_APPLIED,APPLIED,2,1,1,24434.78724,25176.0,1,0
b1_lease_only-after_resolution_before_barrier-ledger_postings-0a35c01d-r1,(session-3),B1_LEASE_ONLY,after_resolution_before_barrier,ledger_postings,NO_READBACK,CALLER_REFERENCE,b0db0033-58cb-47ed-ad02-77fd3a09f798,CONFIRMED_APPLIED,APPLIED,2,1,1,24470.898125,134190.0,1,0
b1_lease_only-after_resolution_before_barrier-ledger_postings-0a35c01d-r1,(session-3),B1_LEASE_ONLY,after_resolution_before_barrier,ledger_postings,NO_READBACK,CALLER_REFERENCE,87759e13-c12f-438a-b901-f6d3c0045657,CONFIRMED_APPLIED,APPLIED,3,1,1,17416.065656,100035.0,1,0
b1_lease_only-after_resolution_before_barrier-ledger_postings-0a35c01d-r1,(session-3),B1_LEASE_ONLY,after_resolution_before_barrier,ledger_postings,NO_READBACK,CALLER_REFERENCE,e3a240d8-0718-457d-b25b-ecd5b74007e8,CONFIRMED_APPLIED,APPLIED,3,1,1,19650.126902,74944.0,1,0
b1_lease_only-after_resolution_before_barrier-ledger_postings-0a35c01d-r1,(session-3),B1_LEASE_ONLY,after_resolution_before_barrier,ledger_postings,NO_READBACK,CALLER_REFERENCE,f40f6046-7857-47dc-8982-28f41980b7ac,CONFIRMED_APPLIED,APPLIED,2,1,1,24689.370168,52746.0,1,0
b1_lease_only-after_resolution_before_barrier-ledger_postings-0a35c01d-r1,(session-3),B1_LEASE_ONLY,after_resolution_before_barrier,ledger_postings,NO_READBACK,CALLER_REFERENCE,8a902421-b4aa-4804-a886-df5f1689416e,CONFIRMED_APPLIED,APPLIED,3,1,1,14145.526299,15520.0,1,0
b1_lease_only-after_resolution_before_barrier-ledger_postings-0a35c01d-r1,(session-3),B1_LEASE_ONLY,after_resolution_before_barrier,ledger_postings,NO_READBACK,CALLER_REFERENCE,5ce5c88c-836d-4232-bf71-6eee23bbd124,CONFIRMED_APPLIED,APPLIED,2,1,1,24471.937767,134196.0,1,0
b1_lease_only-after_resolution_before_barrier-ledger_postings-0a35c01d-r1,(session-3),B1_LEASE_ONLY,after_resolution_before_barrier,ledger_postings,NO_READBACK,CALLER_REFERENCE,083afe08-fa64-4587-ae3e-884bf673ef39,CONFIRMED_APPLIED,APPLIED,2,1,1,24442.702806,107047.0,1,0
b1_lease_only-after_resolution_before_barrier-ledger_postings-0a35c01d-r1,(session-3),B1_LEASE_ONLY,after_resolution_before_barrier,ledger_postings,NO_READBACK,CALLER_REFERENCE,9643edc9-7c62-443c-bc8f-fe513c46f201,CONFIRMED_APPLIED,APPLIED,2,1,1,24672.982367,79923.0,1,0
b1_lease_only-after_resolution_before_barrier-ledger_postings-0a35c01d-r1,(session-3),B1_LEASE_ONLY,after_resolution_before_barrier,ledger_postings,NO_READBACK,CALLER_REFERENCE,ed11838a-64fb-4088-927b-99f42e7472cc,CONFIRMED_APPLIED,APPLIED,2,1,1,24676.506645,52789.0,1,0
b1_lease_only-after_resolution_before_barrier-ledger_postings-0a35c01d-r1,(session-3),B1_LEASE_ONLY,after_resolution_before_barrier,ledger_postings,NO_READBACK,CALLER_REFERENCE,df9d2d2c-90b8-45b4-9e60-308a00b6622c,CONFIRMED_APPLIED,APPLIED,2,1,1,24475.342743,25562.0,1,0
b1_lease_only-after_resolution_before_barrier-ledger_postings-0a35c01d-r2,(session-3),B1_LEASE_ONLY,after_resolution_before_barrier,ledger_postings,NO_READBACK,CALLER_REFERENCE,a728881f-106d-42d9-949a-92810b207187,CONFIRMED_APPLIED,APPLIED,2,1,1,24444.802968,138769.0,1,0
b1_lease_only-after_resolution_before_barrier-ledger_postings-0a35c01d-r2,(session-3),B1_LEASE_ONLY,after_resolution_before_barrier,ledger_postings,NO_READBACK,CALLER_REFERENCE,d018786c-9601-451d-a417-a43d8a8de19a,CONFIRMED_APPLIED,APPLIED,2,1,1,24475.830597,111746.0,1,0
b1_lease_only-after_resolution_before_barrier-ledger_postings-0a35c01d-r2,(session-3),B1_LEASE_ONLY,after_resolution_before_barrier,ledger_postings,NO_READBACK,CALLER_REFERENCE,7b46b2ae-85e8-4f53-a785-3f3cd2b60473,CONFIRMED_APPLIED,APPLIED,2,1,1,24487.855071,84618.0,1,0
b1_lease_only-after_resolution_before_barrier-ledger_postings-0a35c01d-r2,(session-3),B1_LEASE_ONLY,after_resolution_before_barrier,ledger_postings,NO_READBACK,CALLER_REFERENCE,cb7d0ed1-d406-4b77-abff-995fe4b495fe,CONFIRMED_APPLIED,APPLIED,2,1,1,24442.0986,57398.0,1,0
b1_lease_only-after_resolution_before_barrier-ledger_postings-0a35c01d-r2,(session-3),B1_LEASE_ONLY,after_resolution_before_barrier,ledger_postings,NO_READBACK,CALLER_REFERENCE,231bf2b0-bb57-4165-b63b-8aa3e7711b4f,CONFIRMED_APPLIED,APPLIED,3,1,2,29477.792883,30304.0,1,0
b1_lease_only-after_resolution_before_barrier-ledger_postings-0a35c01d-r2,(session-3),B1_LEASE_ONLY,after_resolution_before_barrier,ledger_postings,NO_READBACK,CALLER_REFERENCE,5c070d1e-e0e8-4751-84f2-1f353eb1a7d0,CONFIRMED_APPLIED,APPLIED,3,1,1,17405.314431,131747.0,1,0
b1_lease_only-after_resolution_before_barrier-ledger_postings-0a35c01d-r2,(session-3),B1_LEASE_ONLY,after_resolution_before_barrier,ledger_postings,NO_READBACK,CALLER_REFERENCE,42d6adb4-a3f3-40ea-907c-c7bb55a01773,CONFIRMED_APPLIED,APPLIED,2,1,1,24472.254255,111731.0,1,0
b1_lease_only-after_resolution_before_barrier-ledger_postings-0a35c01d-r2,(session-3),B1_LEASE_ONLY,after_resolution_before_barrier,ledger_postings,NO_READBACK,CALLER_REFERENCE,b729eaef-5fc7-45e0-b3c8-4ae81cd8b49b,CONFIRMED_APPLIED,APPLIED,4,1,1,14385.958021,74603.0,1,0
b1_lease_only-after_resolution_before_barrier-ledger_postings-0a35c01d-r2,(session-3),B1_LEASE_ONLY,after_resolution_before_barrier,ledger_postings,NO_READBACK,CALLER_REFERENCE,d94cfa12-e640-4085-86bf-ee7fb1fcfe42,CONFIRMED_APPLIED,APPLIED,2,1,1,24455.33521,57520.0,1,0
b1_lease_only-after_resolution_before_barrier-ledger_postings-0a35c01d-r2,(session-3),B1_LEASE_ONLY,after_resolution_before_barrier,ledger_postings,NO_READBACK,CALLER_REFERENCE,606e5e59-4acf-41b8-b603-e7d2cdccb9c2,CONFIRMED_APPLIED,APPLIED,2,1,1,24440.928477,30435.0,1,0
b1_lease_only-after_resolution_before_barrier-notifications-0c80bfa6-r0,(session-3),B1_LEASE_ONLY,after_resolution_before_barrier,notifications,POSITIVE_ONLY_READBACK,CALLER_REFERENCE,2016182c-9eb5-4033-8013-65b08ae6aa32,CONFIRMED_APPLIED,APPLIED,2,1,1,24216.438131,143894.0,1,0
b1_lease_only-after_resolution_before_barrier-notifications-0c80bfa6-r0,(session-3),B1_LEASE_ONLY,after_resolution_before_barrier,notifications,POSITIVE_ONLY_READBACK,CALLER_REFERENCE,d46d3478-1f1c-4cb0-93ed-f4b69411b423,CONFIRMED_APPLIED,APPLIED,3,1,2,29694.714644,116683.0,1,0
b1_lease_only-after_resolution_before_barrier-notifications-0c80bfa6-r0,(session-3),B1_LEASE_ONLY,after_resolution_before_barrier,notifications,POSITIVE_ONLY_READBACK,CALLER_REFERENCE,a1efa014-c652-4c87-8cf6-8c27c88cffd6,CONFIRMED_APPLIED,APPLIED,2,1,1,24707.291095,84387.0,1,0
b1_lease_only-after_resolution_before_barrier-notifications-0c80bfa6-r0,(session-3),B1_LEASE_ONLY,after_resolution_before_barrier,notifications,POSITIVE_ONLY_READBACK,CALLER_REFERENCE,3e666156-67f3-47c4-942e-959f9bb80fac,CONFIRMED_APPLIED,APPLIED,2,1,1,24450.484433,57101.0,1,0
b1_lease_only-after_resolution_before_barrier-notifications-0c80bfa6-r0,(session-3),B1_LEASE_ONLY,after_resolution_before_barrier,notifications,POSITIVE_ONLY_READBACK,CALLER_REFERENCE,743527c5-68c0-4f2c-932b-b64b1ab6d78f,CONFIRMED_APPLIED,APPLIED,3,1,1,19658.348951,25045.0,1,0
b1_lease_only-after_resolution_before_barrier-notifications-0c80bfa6-r0,(session-3),B1_LEASE_ONLY,after_resolution_before_barrier,notifications,POSITIVE_ONLY_READBACK,CALLER_REFERENCE,3f5dac1e-fdcf-4902-baf7-ea4e503ba370,CONFIRMED_APPLIED,APPLIED,2,1,1,24225.772439,143856.0,1,0
b1_lease_only-after_resolution_before_barrier-notifications-0c80bfa6-r0,(session-3),B1_LEASE_ONLY,after_resolution_before_barrier,notifications,POSITIVE_ONLY_READBACK,CALLER_REFERENCE,e7c033f0-4d3e-4048-a3a0-5d5302fd8dd9,CONFIRMED_APPLIED,APPLIED,2,1,1,24443.422568,116655.0,1,0
b1_lease_only-after_resolution_before_barrier-notifications-0c80bfa6-r0,(session-3),B1_LEASE_ONLY,after_resolution_before_barrier,notifications,POSITIVE_ONLY_READBACK,CALLER_REFERENCE,d6eec6da-f93c-4eff-8efc-2955e9d1a208,CONFIRMED_APPLIED,APPLIED,2,1,1,24451.779387,89602.0,1,0
b1_lease_only-after_resolution_before_barrier-notifications-0c80bfa6-r0,(session-3),B1_LEASE_ONLY,after_resolution_before_barrier,notifications,POSITIVE_ONLY_READBACK,CALLER_REFERENCE,8974f08b-0cd8-4b7d-83f0-213aae32d880,CONFIRMED_APPLIED,APPLIED,5,1,3,29676.081825,57518.0,1,0
b1_lease_only-after_resolution_before_barrier-notifications-0c80bfa6-r0,(session-3),B1_LEASE_ONLY,after_resolution_before_barrier,notifications,POSITIVE_ONLY_READBACK,CALLER_REFERENCE,0214da0e-0dc2-497e-96c5-3926fab83f53,CONFIRMED_APPLIED,APPLIED,2,1,1,24694.957159,25332.0,1,0
b1_lease_only-after_resolution_before_barrier-notifications-0c80bfa6-r1,(session-3),B1_LEASE_ONLY,after_resolution_before_barrier,notifications,POSITIVE_ONLY_READBACK,CALLER_REFERENCE,6de8a669-d46f-45fa-a5c1-dd89018c5448,CONFIRMED_APPLIED,APPLIED,2,1,1,24434.811652,143708.0,1,0
b1_lease_only-after_resolution_before_barrier-notifications-0c80bfa6-r1,(session-3),B1_LEASE_ONLY,after_resolution_before_barrier,notifications,POSITIVE_ONLY_READBACK,CALLER_REFERENCE,5ba1a9a2-1cb9-49f4-9405-bc7f337eb936,CONFIRMED_APPLIED,APPLIED,4,1,3,34697.746302,116659.0,1,0
b1_lease_only-after_resolution_before_barrier-notifications-0c80bfa6-r1,(session-3),B1_LEASE_ONLY,after_resolution_before_barrier,notifications,POSITIVE_ONLY_READBACK,CALLER_REFERENCE,9e946445-3c25-4c8e-b830-070556912530,CONFIRMED_APPLIED,APPLIED,2,1,1,24669.818842,79433.0,1,0
b1_lease_only-after_resolution_before_barrier-notifications-0c80bfa6-r1,(session-3),B1_LEASE_ONLY,after_resolution_before_barrier,notifications,POSITIVE_ONLY_READBACK,CALLER_REFERENCE,7a032cab-5952-4774-913f-9abf584733df,CONFIRMED_APPLIED,APPLIED,2,1,1,24680.763686,52322.0,1,0
b1_lease_only-after_resolution_before_barrier-notifications-0c80bfa6-r1,(session-3),B1_LEASE_ONLY,after_resolution_before_barrier,notifications,POSITIVE_ONLY_READBACK,CALLER_REFERENCE,88c71b34-573e-488e-ba42-4070643abdfe,CONFIRMED_APPLIED,APPLIED,2,1,1,24690.975897,25184.0,1,0
b1_lease_only-after_resolution_before_barrier-notifications-0c80bfa6-r1,(session-3),B1_LEASE_ONLY,after_resolution_before_barrier,notifications,POSITIVE_ONLY_READBACK,CALLER_REFERENCE,d572fc2c-d98c-4301-9d92-b3050746543b,CONFIRMED_APPLIED,APPLIED,2,1,1,24423.706784,143699.0,1,0
b1_lease_only-after_resolution_before_barrier-notifications-0c80bfa6-r1,(session-3),B1_LEASE_ONLY,after_resolution_before_barrier,notifications,POSITIVE_ONLY_READBACK,CALLER_REFERENCE,ddc512ed-c126-4ed7-990d-8e02bbcb5d18,CONFIRMED_APPLIED,APPLIED,3,1,1,19659.751518,111633.0,1,0
b1_lease_only-after_resolution_before_barrier-notifications-0c80bfa6-r1,(session-3),B1_LEASE_ONLY,after_resolution_before_barrier,notifications,POSITIVE_ONLY_READBACK,CALLER_REFERENCE,0e203081-36a3-4daa-afd9-92aa20103f5f,CONFIRMED_APPLIED,APPLIED,2,1,1,24669.162034,89472.0,1,0
b1_lease_only-after_resolution_before_barrier-notifications-0c80bfa6-r1,(session-3),B1_LEASE_ONLY,after_resolution_before_barrier,notifications,POSITIVE_ONLY_READBACK,CALLER_REFERENCE,7576dd9f-3d66-4513-850e-0f6f2d842e89,CONFIRMED_APPLIED,APPLIED,2,1,2,26682.361366,62332.0,1,0
b1_lease_only-after_resolution_before_barrier-notifications-0c80bfa6-r1,(session-3),B1_LEASE_ONLY,after_resolution_before_barrier,notifications,POSITIVE_ONLY_READBACK,CALLER_REFERENCE,f2158983-b7a6-4917-91ce-4649efef57e5,CONFIRMED_APPLIED,APPLIED,2,1,1,24681.090176,33181.0,1,0
b1_lease_only-after_resolution_before_barrier-notifications-0c80bfa6-r2,(session-3),B1_LEASE_ONLY,after_resolution_before_barrier,notifications,POSITIVE_ONLY_READBACK,CALLER_REFERENCE,7ed7e4ca-522c-4929-88a4-e5d18cd44132,CONFIRMED_APPLIED,APPLIED,3,1,2,29699.695557,140633.0,1,0
b1_lease_only-after_resolution_before_barrier-notifications-0c80bfa6-r2,(session-3),B1_LEASE_ONLY,after_resolution_before_barrier,notifications,POSITIVE_ONLY_READBACK,CALLER_REFERENCE,2c27b56d-70d7-4a9b-8062-f740c155bc0e,CONFIRMED_APPLIED,APPLIED,2,1,1,24692.95091,108379.0,1,0
b1_lease_only-after_resolution_before_barrier-notifications-0c80bfa6-r2,(session-3),B1_LEASE_ONLY,after_resolution_before_barrier,notifications,POSITIVE_ONLY_READBACK,CALLER_REFERENCE,6071a9a6-268f-435a-ae58-7a6043c1840c,CONFIRMED_APPLIED,APPLIED,2,1,1,24687.60143,81318.0,1,0
b1_lease_only-after_resolution_before_barrier-notifications-0c80bfa6-r2,(session-3),B1_LEASE_ONLY,after_resolution_before_barrier,notifications,POSITIVE_ONLY_READBACK,CALLER_REFERENCE,dd529f58-1580-4d7e-a87a-4ac4b2f11b53,CONFIRMED_APPLIED,APPLIED,2,1,1,24698.765501,54193.0,1,0
b1_lease_only-after_resolution_before_barrier-notifications-0c80bfa6-r2,(session-3),B1_LEASE_ONLY,after_resolution_before_barrier,notifications,POSITIVE_ONLY_READBACK,CALLER_REFERENCE,4d489b4b-4c97-4eb2-8987-b76fb439a37e,CONFIRMED_APPLIED,APPLIED,3,1,1,19667.643349,22044.0,1,0
b1_lease_only-after_resolution_before_barrier-notifications-0c80bfa6-r2,(session-3),B1_LEASE_ONLY,after_resolution_before_barrier,notifications,POSITIVE_ONLY_READBACK,CALLER_REFERENCE,14f3659d-28b8-43e3-9e65-c967c552646e,CONFIRMED_APPLIED,APPLIED,2,1,1,24693.432101,140758.0,1,0
b1_lease_only-after_resolution_before_barrier-notifications-0c80bfa6-r2,(session-3),B1_LEASE_ONLY,after_resolution_before_barrier,notifications,POSITIVE_ONLY_READBACK,CALLER_REFERENCE,478055c0-718b-4f0d-87d6-dfad701f1425,CONFIRMED_APPLIED,APPLIED,3,1,2,29706.19409,113517.0,1,0
b1_lease_only-after_resolution_before_barrier-notifications-0c80bfa6-r2,(session-3),B1_LEASE_ONLY,after_resolution_before_barrier,notifications,POSITIVE_ONLY_READBACK,CALLER_REFERENCE,036f4883-604a-46d4-8c28-91de69252836,CONFIRMED_APPLIED,APPLIED,2,1,2,26697.700618,81447.0,1,0
b1_lease_only-after_resolution_before_barrier-notifications-0c80bfa6-r2,(session-3),B1_LEASE_ONLY,after_resolution_before_barrier,notifications,POSITIVE_ONLY_READBACK,CALLER_REFERENCE,e2032cbf-bae0-4345-bbf8-1a0e7a6471c1,CONFIRMED_APPLIED,APPLIED,3,1,1,19653.943562,47289.0,1,0
b1_lease_only-after_resolution_before_barrier-notifications-0c80bfa6-r2,(session-3),B1_LEASE_ONLY,after_resolution_before_barrier,notifications,POSITIVE_ONLY_READBACK,CALLER_REFERENCE,543b1ff9-cc87-40e5-a02b-e31829017f20,CONFIRMED_APPLIED,APPLIED,3,1,1,19663.031808,20222.0,1,0
b1_lease_only-after_resolution_before_barrier-payments-93dc9f57-r0,(session-3),B1_LEASE_ONLY,after_resolution_before_barrier,payments,AUTHORITATIVE_READBACK,CALLER_REFERENCE,c1f0720d-5466-48eb-8112-1dce843bbdb4,CONFIRMED_APPLIED,APPLIED,3,1,2,21937.817556,141160.0,1,0
b1_lease_only-after_resolution_before_barrier-payments-93dc9f57-r0,(session-3),B1_LEASE_ONLY,after_resolution_before_barrier,payments,AUTHORITATIVE_READBACK,CALLER_REFERENCE,2bc751fe-167f-48a8-a6db-c0e058e5aa05,CONFIRMED_APPLIED,APPLIED,2,1,1,24938.580503,116893.0,1,0
b1_lease_only-after_resolution_before_barrier-payments-93dc9f57-r0,(session-3),B1_LEASE_ONLY,after_resolution_before_barrier,payments,AUTHORITATIVE_READBACK,CALLER_REFERENCE,130dca91-1506-4c2f-b6a0-2a344f300ddb,CONFIRMED_APPLIED,APPLIED,2,1,1,24706.907593,89675.0,1,0
b1_lease_only-after_resolution_before_barrier-payments-93dc9f57-r0,(session-3),B1_LEASE_ONLY,after_resolution_before_barrier,payments,AUTHORITATIVE_READBACK,CALLER_REFERENCE,4392d003-564c-4829-b6e4-8e45b1b514d1,CONFIRMED_APPLIED,APPLIED,3,1,2,29944.370768,62675.0,1,0
b1_lease_only-after_resolution_before_barrier-payments-93dc9f57-r0,(session-3),B1_LEASE_ONLY,after_resolution_before_barrier,payments,AUTHORITATIVE_READBACK,CALLER_REFERENCE,53038f04-b243-4c90-94a8-47817fb6ee41,CONFIRMED_APPLIED,APPLIED,2,1,1,24675.829118,30374.0,1,0
b1_lease_only-after_resolution_before_barrier-payments-93dc9f57-r0,(session-3),B1_LEASE_ONLY,after_resolution_before_barrier,payments,AUTHORITATIVE_READBACK,CALLER_REFERENCE,d12eb928-478d-4ade-8b13-10811fe0a610,CONFIRMED_APPLIED,APPLIED,3,1,2,29953.584949,146150.0,1,0
b1_lease_only-after_resolution_before_barrier-payments-93dc9f57-r0,(session-3),B1_LEASE_ONLY,after_resolution_before_barrier,payments,AUTHORITATIVE_READBACK,CALLER_REFERENCE,4e714268-fe81-4dde-a17b-f659b83add00,CONFIRMED_APPLIED,APPLIED,4,1,1,14880.325656,103914.0,1,0
b1_lease_only-after_resolution_before_barrier-payments-93dc9f57-r0,(session-3),B1_LEASE_ONLY,after_resolution_before_barrier,payments,AUTHORITATIVE_READBACK,CALLER_REFERENCE,f631826e-136b-4a44-8dd1-569d808d16e5,CONFIRMED_APPLIED,APPLIED,2,1,1,24946.262087,86663.0,1,0
b1_lease_only-after_resolution_before_barrier-payments-93dc9f57-r0,(session-3),B1_LEASE_ONLY,after_resolution_before_barrier,payments,AUTHORITATIVE_READBACK,CALLER_REFERENCE,b58f2996-c3f7-45e5-b0e9-4fc32f344e1f,CONFIRMED_APPLIED,APPLIED,2,1,1,24685.595285,59386.0,1,0
b1_lease_only-after_resolution_before_barrier-payments-93dc9f57-r0,(session-3),B1_LEASE_ONLY,after_resolution_before_barrier,payments,AUTHORITATIVE_READBACK,CALLER_REFERENCE,5788dc6a-201b-417b-a5a0-9e8389ff4d32,CONFIRMED_APPLIED,APPLIED,3,1,3,31953.102565,32353.0,1,0
b1_lease_only-after_resolution_before_barrier-payments-93dc9f57-r1,(session-3),B1_LEASE_ONLY,after_resolution_before_barrier,payments,AUTHORITATIVE_READBACK,CALLER_REFERENCE,8b4fe29d-6dbd-463e-b266-e596adc3543b,CONFIRMED_APPLIED,APPLIED,2,1,1,24688.887347,135992.0,1,0
b1_lease_only-after_resolution_before_barrier-payments-93dc9f57-r1,(session-3),B1_LEASE_ONLY,after_resolution_before_barrier,payments,AUTHORITATIVE_READBACK,CALLER_REFERENCE,62a0808a-f57c-43b1-a823-9389f8ca2a49,CONFIRMED_APPLIED,APPLIED,2,1,1,24936.980054,108955.0,1,0
b1_lease_only-after_resolution_before_barrier-payments-93dc9f57-r1,(session-3),B1_LEASE_ONLY,after_resolution_before_barrier,payments,AUTHORITATIVE_READBACK,CALLER_REFERENCE,835de7f8-7b22-40ec-92e3-1d9a291c7efe,CONFIRMED_APPLIED,APPLIED,2,1,1,24685.933294,81689.0,1,0
b1_lease_only-after_resolution_before_barrier-payments-93dc9f57-r1,(session-3),B1_LEASE_ONLY,after_resolution_before_barrier,payments,AUTHORITATIVE_READBACK,CALLER_REFERENCE,1966a91b-296c-48b5-9328-391b9236eb51,CONFIRMED_APPLIED,APPLIED,2,1,1,24948.211253,54483.0,1,0
b1_lease_only-after_resolution_before_barrier-payments-93dc9f57-r1,(session-3),B1_LEASE_ONLY,after_resolution_before_barrier,payments,AUTHORITATIVE_READBACK,CALLER_REFERENCE,1afa5437-7a82-4806-b2cc-b1a9321665f5,CONFIRMED_APPLIED,APPLIED,2,1,2,24668.325764,25230.0,1,0
b1_lease_only-after_resolution_before_barrier-payments-93dc9f57-r1,(session-3),B1_LEASE_ONLY,after_resolution_before_barrier,payments,AUTHORITATIVE_READBACK,CALLER_REFERENCE,135c7d3c-7f37-4ed6-90bf-af094860eee8,CONFIRMED_APPLIED,APPLIED,2,1,1,24694.323654,136026.0,1,0
b1_lease_only-after_resolution_before_barrier-payments-93dc9f57-r1,(session-3),B1_LEASE_ONLY,after_resolution_before_barrier,payments,AUTHORITATIVE_READBACK,CALLER_REFERENCE,5f4a68de-11de-4bba-967a-d557024296be,CONFIRMED_APPLIED,APPLIED,2,1,1,24689.548639,108927.0,1,0
b1_lease_only-after_resolution_before_barrier-payments-93dc9f57-r1,(session-3),B1_LEASE_ONLY,after_resolution_before_barrier,payments,AUTHORITATIVE_READBACK,CALLER_REFERENCE,25c0f128-cd91-4288-b5d8-3a5e5a15fc6a,CONFIRMED_APPLIED,APPLIED,2,1,2,26687.129356,81814.0,1,0
b1_lease_only-after_resolution_before_barrier-payments-93dc9f57-r1,(session-3),B1_LEASE_ONLY,after_resolution_before_barrier,payments,AUTHORITATIVE_READBACK,CALLER_REFERENCE,99c2309c-cbd0-49fa-b81a-7cc21a19d0bf,CONFIRMED_APPLIED,APPLIED,2,1,1,24938.118358,52665.0,1,0
b1_lease_only-after_resolution_before_barrier-payments-93dc9f57-r1,(session-3),B1_LEASE_ONLY,after_resolution_before_barrier,payments,AUTHORITATIVE_READBACK,CALLER_REFERENCE,65f3f167-95b9-4552-9387-7ac1c1014f00,CONFIRMED_APPLIED,APPLIED,2,1,1,24695.154116,25439.0,1,0
b1_lease_only-after_resolution_before_barrier-payments-93dc9f57-r2,(session-3),B1_LEASE_ONLY,after_resolution_before_barrier,payments,AUTHORITATIVE_READBACK,CALLER_REFERENCE,62066dcb-a6ab-41c2-8070-3527528d8231,CONFIRMED_APPLIED,APPLIED,3,1,2,29684.851719,144120.0,1,0
b1_lease_only-after_resolution_before_barrier-payments-93dc9f57-r2,(session-3),B1_LEASE_ONLY,after_resolution_before_barrier,payments,AUTHORITATIVE_READBACK,CALLER_REFERENCE,eb60b8f5-152b-49e7-bbcb-18b5479cebe8,CONFIRMED_APPLIED,APPLIED,2,1,1,24941.247187,111932.0,1,0
b1_lease_only-after_resolution_before_barrier-payments-93dc9f57-r2,(session-3),B1_LEASE_ONLY,after_resolution_before_barrier,payments,AUTHORITATIVE_READBACK,CALLER_REFERENCE,a894cb3f-c135-48c9-8039-9ad89920474e,CONFIRMED_APPLIED,APPLIED,2,1,1,24941.973767,84747.0,1,0
b1_lease_only-after_resolution_before_barrier-payments-93dc9f57-r2,(session-3),B1_LEASE_ONLY,after_resolution_before_barrier,payments,AUTHORITATIVE_READBACK,CALLER_REFERENCE,9ce8dd8f-c73b-4348-8d61-50fa4deeecc2,CONFIRMED_APPLIED,APPLIED,4,1,1,14886.581692,47438.0,1,0
b1_lease_only-after_resolution_before_barrier-payments-93dc9f57-r2,(session-3),B1_LEASE_ONLY,after_resolution_before_barrier,payments,AUTHORITATIVE_READBACK,CALLER_REFERENCE,7461ce33-289f-4b08-9fa0-524e7cbb96ee,CONFIRMED_APPLIED,APPLIED,3,1,2,29698.596777,30189.0,1,0
b1_lease_only-after_resolution_before_barrier-payments-93dc9f57-r2,(session-3),B1_LEASE_ONLY,after_resolution_before_barrier,payments,AUTHORITATIVE_READBACK,CALLER_REFERENCE,f8ed0b1a-6dcb-4a4b-a489-40c600653f7b,CONFIRMED_APPLIED,APPLIED,2,1,1,24672.675726,144091.0,1,0
b1_lease_only-after_resolution_before_barrier-payments-93dc9f57-r2,(session-3),B1_LEASE_ONLY,after_resolution_before_barrier,payments,AUTHORITATIVE_READBACK,CALLER_REFERENCE,ab50206e-3ab8-4929-83f1-a80ad1253a50,CONFIRMED_APPLIED,APPLIED,2,1,1,24949.810887,116914.0,1,0
b1_lease_only-after_resolution_before_barrier-payments-93dc9f57-r2,(session-3),B1_LEASE_ONLY,after_resolution_before_barrier,payments,AUTHORITATIVE_READBACK,CALLER_REFERENCE,156fdfe5-0a10-47d8-a538-e76a9e8bbc67,CONFIRMED_APPLIED,APPLIED,2,1,1,24691.360686,89643.0,1,0
b1_lease_only-after_resolution_before_barrier-payments-93dc9f57-r2,(session-3),B1_LEASE_ONLY,after_resolution_before_barrier,payments,AUTHORITATIVE_READBACK,CALLER_REFERENCE,ac07e878-13ff-4162-8329-b2e5e208b53b,CONFIRMED_APPLIED,APPLIED,2,1,1,24686.258659,62687.0,1,0
b1_lease_only-after_resolution_before_barrier-payments-93dc9f57-r2,(session-3),B1_LEASE_ONLY,after_resolution_before_barrier,payments,AUTHORITATIVE_READBACK,CALLER_REFERENCE,c90022a9-116c-4d21-9eb3-cd1560a9aff2,CONFIRMED_APPLIED,APPLIED,2,1,1,24930.447442,35559.0,1,0
b1_lease_only-after_response_before_resolution-ledger_postings-078e6a3d-r0,(session-3),B1_LEASE_ONLY,after_response_before_resolution,ledger_postings,NO_READBACK,CALLER_REFERENCE,320731d9-8eab-430d-a4c1-3c49e3c95fb3,CONFIRMED_APPLIED,APPLIED,2,1,1,24426.354007,134296.0,1,0
b1_lease_only-after_response_before_resolution-ledger_postings-078e6a3d-r0,(session-3),B1_LEASE_ONLY,after_response_before_resolution,ledger_postings,NO_READBACK,CALLER_REFERENCE,cebaba36-edc4-4125-92bb-ffed6f1df8ac,CONFIRMED_APPLIED,APPLIED,2,1,1,24710.6663,107219.0,1,0
b1_lease_only-after_response_before_resolution-ledger_postings-078e6a3d-r0,(session-3),B1_LEASE_ONLY,after_response_before_resolution,ledger_postings,NO_READBACK,CALLER_REFERENCE,e40e7542-2517-41b9-876d-f168da4c798b,CONFIRMED_APPLIED,APPLIED,2,1,1,24667.711748,79916.0,1,0
b1_lease_only-after_response_before_resolution-ledger_postings-078e6a3d-r0,(session-3),B1_LEASE_ONLY,after_response_before_resolution,ledger_postings,NO_READBACK,CALLER_REFERENCE,249a2593-fda0-429e-8f2c-91c87e809f02,CONFIRMED_APPLIED,APPLIED,2,1,1,24696.019579,52635.0,1,0
b1_lease_only-after_response_before_resolution-ledger_postings-078e6a3d-r0,(session-3),B1_LEASE_ONLY,after_response_before_resolution,ledger_postings,NO_READBACK,CALLER_REFERENCE,6935af83-aadb-4995-8156-79f1765cc166,CONFIRMED_APPLIED,APPLIED,2,1,1,24690.271331,25271.0,1,0
b1_lease_only-after_response_before_resolution-ledger_postings-078e6a3d-r0,(session-3),B1_LEASE_ONLY,after_response_before_resolution,ledger_postings,NO_READBACK,CALLER_REFERENCE,5531e76a-33cd-49f9-9d96-161a263053a0,CONFIRMED_APPLIED,APPLIED,1,1,1,24174.575524,134357.0,0,0
b1_lease_only-after_response_before_resolution-ledger_postings-078e6a3d-r0,(session-3),B1_LEASE_ONLY,after_response_before_resolution,ledger_postings,NO_READBACK,CALLER_REFERENCE,9322248a-019e-4445-9ec4-cfc5ada51295,CONFIRMED_APPLIED,APPLIED,2,1,1,24681.497208,107349.0,1,0
b1_lease_only-after_response_before_resolution-ledger_postings-078e6a3d-r0,(session-3),B1_LEASE_ONLY,after_response_before_resolution,ledger_postings,NO_READBACK,CALLER_REFERENCE,b6f29162-e5c3-4851-8e97-667ff5d6b17e,CONFIRMED_APPLIED,APPLIED,2,1,1,24679.228486,80115.0,1,0
b1_lease_only-after_response_before_resolution-ledger_postings-078e6a3d-r0,(session-3),B1_LEASE_ONLY,after_response_before_resolution,ledger_postings,NO_READBACK,CALLER_REFERENCE,9154d0db-74e5-4d43-9c71-20b739fa83cc,CONFIRMED_APPLIED,APPLIED,2,1,1,24692.692941,52881.0,1,0
b1_lease_only-after_response_before_resolution-ledger_postings-078e6a3d-r0,(session-3),B1_LEASE_ONLY,after_response_before_resolution,ledger_postings,NO_READBACK,CALLER_REFERENCE,54593102-4f68-4713-bd89-9e702e71b698,CONFIRMED_APPLIED,APPLIED,2,1,1,24718.375766,25554.0,1,0
b1_lease_only-after_response_before_resolution-ledger_postings-078e6a3d-r1,(session-3),B1_LEASE_ONLY,after_response_before_resolution,ledger_postings,NO_READBACK,CALLER_REFERENCE,3e2ed86f-79b5-491b-9b61-bdee076fda6a,CONFIRMED_APPLIED,APPLIED,2,1,1,24454.119987,138906.0,1,0
b1_lease_only-after_response_before_resolution-ledger_postings-078e6a3d-r1,(session-3),B1_LEASE_ONLY,after_response_before_resolution,ledger_postings,NO_READBACK,CALLER_REFERENCE,e86ec7f0-6344-450f-8f06-96e4e513a423,CONFIRMED_APPLIED,APPLIED,2,1,1,24436.938586,111879.0,1,0
b1_lease_only-after_response_before_resolution-ledger_postings-078e6a3d-r1,(session-3),B1_LEASE_ONLY,after_response_before_resolution,ledger_postings,NO_READBACK,CALLER_REFERENCE,781b62de-d86f-4a7a-8ede-56b5a92e3809,CONFIRMED_APPLIED,APPLIED,2,1,1,21695.719601,81802.0,1,0
b1_lease_only-after_response_before_resolution-ledger_postings-078e6a3d-r1,(session-3),B1_LEASE_ONLY,after_response_before_resolution,ledger_postings,NO_READBACK,CALLER_REFERENCE,5fed1e93-6209-495e-ae10-caa6b530f1fd,CONFIRMED_APPLIED,APPLIED,2,1,1,24704.477888,57569.0,1,0
b1_lease_only-after_response_before_resolution-ledger_postings-078e6a3d-r1,(session-3),B1_LEASE_ONLY,after_response_before_resolution,ledger_postings,NO_READBACK,CALLER_REFERENCE,0d00c74d-d109-4af5-a630-83c9ddf56ef7,CONFIRMED_APPLIED,APPLIED,2,1,1,24685.952524,30287.0,1,0
b1_lease_only-after_response_before_resolution-ledger_postings-078e6a3d-r1,(session-3),B1_LEASE_ONLY,after_response_before_resolution,ledger_postings,NO_READBACK,CALLER_REFERENCE,1d28f2cf-5684-4a41-b212-976dbd33a692,CONFIRMED_APPLIED,APPLIED,3,1,2,29459.542313,138962.0,1,0
b1_lease_only-after_response_before_resolution-ledger_postings-078e6a3d-r1,(session-3),B1_LEASE_ONLY,after_response_before_resolution,ledger_postings,NO_READBACK,CALLER_REFERENCE,d0b7c720-2f58-48cc-b6b8-2066ea256a30,CONFIRMED_APPLIED,APPLIED,2,1,1,24683.734999,106902.0,1,0
b1_lease_only-after_response_before_resolution-ledger_postings-078e6a3d-r1,(session-3),B1_LEASE_ONLY,after_response_before_resolution,ledger_postings,NO_READBACK,CALLER_REFERENCE,cb474b1c-662c-4510-939f-917bab9a2e1a,CONFIRMED_APPLIED,APPLIED,2,1,1,24460.187625,79680.0,1,0
b1_lease_only-after_response_before_resolution-ledger_postings-078e6a3d-r1,(session-3),B1_LEASE_ONLY,after_response_before_resolution,ledger_postings,NO_READBACK,CALLER_REFERENCE,ea3f2432-3f05-4465-af3d-a5d07d2c1db7,CONFIRMED_APPLIED,APPLIED,2,1,1,24705.922798,52626.0,1,0
b1_lease_only-after_response_before_resolution-ledger_postings-078e6a3d-r1,(session-3),B1_LEASE_ONLY,after_response_before_resolution,ledger_postings,NO_READBACK,CALLER_REFERENCE,a783583d-5538-4256-a74e-d2adca8abf3d,CONFIRMED_APPLIED,APPLIED,2,1,1,24698.339248,25320.0,1,0
b1_lease_only-after_response_before_resolution-ledger_postings-078e6a3d-r2,(session-3),B1_LEASE_ONLY,after_response_before_resolution,ledger_postings,NO_READBACK,CALLER_REFERENCE,3b3bbb0f-feb7-4e6c-91fc-a945b3d3802a,CONFIRMED_APPLIED,APPLIED,2,1,1,24459.357214,141106.0,1,0
b1_lease_only-after_response_before_resolution-ledger_postings-078e6a3d-r2,(session-3),B1_LEASE_ONLY,after_response_before_resolution,ledger_postings,NO_READBACK,CALLER_REFERENCE,da7f9878-f554-41af-bbd6-d15999eb5428,CONFIRMED_APPLIED,APPLIED,2,1,2,26453.170946,114034.0,1,0
b1_lease_only-after_response_before_resolution-ledger_postings-078e6a3d-r2,(session-3),B1_LEASE_ONLY,after_response_before_resolution,ledger_postings,NO_READBACK,CALLER_REFERENCE,2e4afae9-17b0-4b59-8895-2a9249172d13,CONFIRMED_APPLIED,APPLIED,3,1,2,29695.01733,84783.0,1,0
b1_lease_only-after_response_before_resolution-ledger_postings-078e6a3d-r2,(session-3),B1_LEASE_ONLY,after_response_before_resolution,ledger_postings,NO_READBACK,CALLER_REFERENCE,f0332664-3cee-43a4-82bf-8c436084b1ea,CONFIRMED_APPLIED,APPLIED,2,1,1,24682.979267,52600.0,1,0
b1_lease_only-after_response_before_resolution-ledger_postings-078e6a3d-r2,(session-3),B1_LEASE_ONLY,after_response_before_resolution,ledger_postings,NO_READBACK,CALLER_REFERENCE,dad00f7f-31ed-461d-8255-76ec6cdba914,CONFIRMED_APPLIED,APPLIED,2,1,1,24682.73234,25351.0,1,0
b1_lease_only-after_response_before_resolution-ledger_postings-078e6a3d-r2,(session-3),B1_LEASE_ONLY,after_response_before_resolution,ledger_postings,NO_READBACK,CALLER_REFERENCE,658cb2da-15e2-4467-a0a1-8c47dc1efeb8,CONFIRMED_APPLIED,APPLIED,2,1,1,24431.943108,141059.0,1,0
b1_lease_only-after_response_before_resolution-ledger_postings-078e6a3d-r2,(session-3),B1_LEASE_ONLY,after_response_before_resolution,ledger_postings,NO_READBACK,CALLER_REFERENCE,c767eb17-7acd-4c63-bb52-a1f7270875e7,CONFIRMED_APPLIED,APPLIED,2,1,1,24439.9353,114004.0,1,0
b1_lease_only-after_response_before_resolution-ledger_postings-078e6a3d-r2,(session-3),B1_LEASE_ONLY,after_response_before_resolution,ledger_postings,NO_READBACK,CALLER_REFERENCE,8c2e709f-03b7-4463-b088-ad121d9ac462,CONFIRMED_APPLIED,APPLIED,2,1,1,24690.286766,86853.0,1,0
b1_lease_only-after_response_before_resolution-ledger_postings-078e6a3d-r2,(session-3),B1_LEASE_ONLY,after_response_before_resolution,ledger_postings,NO_READBACK,CALLER_REFERENCE,123c8fe0-a634-4f10-a8e8-f9c6dd2fb95c,CONFIRMED_APPLIED,APPLIED,2,1,1,24701.780948,59679.0,1,0
b1_lease_only-after_response_before_resolution-ledger_postings-078e6a3d-r2,(session-3),B1_LEASE_ONLY,after_response_before_resolution,ledger_postings,NO_READBACK,CALLER_REFERENCE,2b516785-436d-42a3-b92c-390f9901a237,CONFIRMED_APPLIED,APPLIED,1,1,1,24709.96643,32562.0,0,0
b1_lease_only-after_response_before_resolution-notifications-cb1ff91e-r0,(session-3),B1_LEASE_ONLY,after_response_before_resolution,notifications,POSITIVE_ONLY_READBACK,CALLER_REFERENCE,1d5c9483-66cb-42a1-8852-9c72c7459334,CONFIRMED_APPLIED,APPLIED,1,1,1,24433.543401,143787.0,0,0
b1_lease_only-after_response_before_resolution-notifications-cb1ff91e-r0,(session-3),B1_LEASE_ONLY,after_response_before_resolution,notifications,POSITIVE_ONLY_READBACK,CALLER_REFERENCE,43f860cf-fab5-4a2a-b96a-07f475d12ccc,CONFIRMED_APPLIED,APPLIED,2,1,1,24457.263647,116707.0,1,0
b1_lease_only-after_response_before_resolution-notifications-cb1ff91e-r0,(session-3),B1_LEASE_ONLY,after_response_before_resolution,notifications,POSITIVE_ONLY_READBACK,CALLER_REFERENCE,62ba6b8c-96e7-4163-a8c8-4c7f900bf132,CONFIRMED_APPLIED,APPLIED,2,1,1,24453.380401,89546.0,1,0
b1_lease_only-after_response_before_resolution-notifications-cb1ff91e-r0,(session-3),B1_LEASE_ONLY,after_response_before_resolution,notifications,POSITIVE_ONLY_READBACK,CALLER_REFERENCE,679b5be0-0676-4004-84c3-ae384ca49ec1,UNVERIFIED_FAILURE,FAILED,3,1,3,34432.668008,62465.0,1,1
b1_lease_only-after_response_before_resolution-notifications-cb1ff91e-r0,(session-3),B1_LEASE_ONLY,after_response_before_resolution,notifications,POSITIVE_ONLY_READBACK,CALLER_REFERENCE,075ad31a-ec40-4bdc-9910-7ec2bb5a9d39,CONFIRMED_APPLIED,APPLIED,2,1,1,21685.449152,22350.0,1,0
b1_lease_only-after_response_before_resolution-notifications-cb1ff91e-r0,(session-3),B1_LEASE_ONLY,after_response_before_resolution,notifications,POSITIVE_ONLY_READBACK,CALLER_REFERENCE,ecfa0fbc-0662-4239-8c20-d8197ef898a7,CONFIRMED_APPLIED,APPLIED,2,1,2,29448.034837,143795.0,1,0
b1_lease_only-after_response_before_resolution-notifications-cb1ff91e-r0,(session-3),B1_LEASE_ONLY,after_response_before_resolution,notifications,POSITIVE_ONLY_READBACK,CALLER_REFERENCE,5ba0a600-c827-4edf-b3bf-e23c89222479,CONFIRMED_APPLIED,APPLIED,2,1,1,21704.288028,108720.0,1,0
b1_lease_only-after_response_before_resolution-notifications-cb1ff91e-r0,(session-3),B1_LEASE_ONLY,after_response_before_resolution,notifications,POSITIVE_ONLY_READBACK,CALLER_REFERENCE,0cf28273-374d-4d6f-b712-e49d88f707dd,CONFIRMED_APPLIED,APPLIED,2,1,1,24444.562087,84415.0,1,0
b1_lease_only-after_response_before_resolution-notifications-cb1ff91e-r0,(session-3),B1_LEASE_ONLY,after_response_before_resolution,notifications,POSITIVE_ONLY_READBACK,CALLER_REFERENCE,86232063-fc4e-4386-88e6-1f72300ce302,CONFIRMED_APPLIED,APPLIED,2,1,1,24433.808923,57324.0,1,0
b1_lease_only-after_response_before_resolution-notifications-cb1ff91e-r0,(session-3),B1_LEASE_ONLY,after_response_before_resolution,notifications,POSITIVE_ONLY_READBACK,CALLER_REFERENCE,cc5805b6-1b2b-4515-b720-3ea0628203f5,CONFIRMED_APPLIED,APPLIED,2,1,1,21421.594925,27104.0,1,0
b1_lease_only-after_response_before_resolution-notifications-cb1ff91e-r1,(session-3),B1_LEASE_ONLY,after_response_before_resolution,notifications,POSITIVE_ONLY_READBACK,CALLER_REFERENCE,71477b57-0731-4093-b030-660d631b1911,CONFIRMED_APPLIED,APPLIED,3,1,2,29453.397233,143977.0,1,0
b1_lease_only-after_response_before_resolution-notifications-cb1ff91e-r1,(session-3),B1_LEASE_ONLY,after_response_before_resolution,notifications,POSITIVE_ONLY_READBACK,CALLER_REFERENCE,7b6e734b-bcf3-49fd-a321-81674d49e507,CONFIRMED_APPLIED,APPLIED,2,1,1,24716.727697,111947.0,1,0
b1_lease_only-after_response_before_resolution-notifications-cb1ff91e-r1,(session-3),B1_LEASE_ONLY,after_response_before_resolution,notifications,POSITIVE_ONLY_READBACK,CALLER_REFERENCE,bc838c4c-76e2-47a1-9dcf-d06f27b0200f,CONFIRMED_APPLIED,APPLIED,2,1,1,24478.14313,84662.0,1,0
b1_lease_only-after_response_before_resolution-notifications-cb1ff91e-r1,(session-3),B1_LEASE_ONLY,after_response_before_resolution,notifications,POSITIVE_ONLY_READBACK,CALLER_REFERENCE,4381f033-e901-494a-9e60-a0ac30113924,CONFIRMED_APPLIED,APPLIED,3,1,2,29202.651882,57563.0,1,0
b1_lease_only-after_response_before_resolution-notifications-cb1ff91e-r1,(session-3),B1_LEASE_ONLY,after_response_before_resolution,notifications,POSITIVE_ONLY_READBACK,CALLER_REFERENCE,382d0201-cddb-49f2-aa2b-96df9f3fa831,CONFIRMED_APPLIED,APPLIED,2,1,1,24474.537355,25266.0,1,0
b1_lease_only-after_response_before_resolution-notifications-cb1ff91e-r1,(session-3),B1_LEASE_ONLY,after_response_before_resolution,notifications,POSITIVE_ONLY_READBACK,CALLER_REFERENCE,2c61a5b3-d368-4122-b00f-332863913fbc,CONFIRMED_APPLIED,APPLIED,2,1,1,21427.992187,140984.0,1,0
b1_lease_only-after_response_before_resolution-notifications-cb1ff91e-r1,(session-3),B1_LEASE_ONLY,after_response_before_resolution,notifications,POSITIVE_ONLY_READBACK,CALLER_REFERENCE,a193e1b7-0c3e-4f28-8b46-7014cdd72f06,CONFIRMED_APPLIED,APPLIED,2,1,1,24187.369343,116970.0,1,0
b1_lease_only-after_response_before_resolution-notifications-cb1ff91e-r1,(session-3),B1_LEASE_ONLY,after_response_before_resolution,notifications,POSITIVE_ONLY_READBACK,CALLER_REFERENCE,09efd023-13c5-4209-a40d-1c0fef300465,CONFIRMED_APPLIED,APPLIED,3,1,2,29508.803145,89869.0,1,0
b1_lease_only-after_response_before_resolution-notifications-cb1ff91e-r1,(session-3),B1_LEASE_ONLY,after_response_before_resolution,notifications,POSITIVE_ONLY_READBACK,CALLER_REFERENCE,179faed0-8b6b-4bce-8ef3-d0a6979c0979,CONFIRMED_APPLIED,APPLIED,2,1,1,24214.196745,57670.0,1,0
b1_lease_only-after_response_before_resolution-notifications-cb1ff91e-r1,(session-3),B1_LEASE_ONLY,after_response_before_resolution,notifications,POSITIVE_ONLY_READBACK,CALLER_REFERENCE,e4900b2e-fea7-4cbb-ba29-e857e40e7f75,CONFIRMED_APPLIED,APPLIED,2,1,1,24702.788257,30518.0,1,0
b1_lease_only-after_response_before_resolution-notifications-cb1ff91e-r2,(session-3),B1_LEASE_ONLY,after_response_before_resolution,notifications,POSITIVE_ONLY_READBACK,CALLER_REFERENCE,3f490feb-71c3-40b5-8a5a-280ead2c17ce,CONFIRMED_APPLIED,APPLIED,3,1,2,29448.822919,140990.0,1,0
b1_lease_only-after_response_before_resolution-notifications-cb1ff91e-r2,(session-3),B1_LEASE_ONLY,after_response_before_resolution,notifications,POSITIVE_ONLY_READBACK,CALLER_REFERENCE,cf7d3022-3aae-41ae-99cf-0037e6a4d41d,CONFIRMED_APPLIED,APPLIED,2,1,2,26458.534311,108824.0,1,0
b1_lease_only-after_response_before_resolution-notifications-cb1ff91e-r2,(session-3),B1_LEASE_ONLY,after_response_before_resolution,notifications,POSITIVE_ONLY_READBACK,CALLER_REFERENCE,e57b4f34-4d80-4ec1-8bc2-01837178dd4d,CONFIRMED_APPLIED,APPLIED,2,1,1,24484.618523,79607.0,1,0
b1_lease_only-after_response_before_resolution-notifications-cb1ff91e-r2,(session-3),B1_LEASE_ONLY,after_response_before_resolution,notifications,POSITIVE_ONLY_READBACK,CALLER_REFERENCE,b29e1001-45aa-4e20-80fd-aa5af7334bce,CONFIRMED_APPLIED,APPLIED,2,1,1,24440.899494,52469.0,1,0
b1_lease_only-after_response_before_resolution-notifications-cb1ff91e-r2,(session-3),B1_LEASE_ONLY,after_response_before_resolution,notifications,POSITIVE_ONLY_READBACK,CALLER_REFERENCE,0b25a470-bdfe-4b01-81fc-0b4ebe58da2f,CONFIRMED_APPLIED,APPLIED,2,1,1,24697.402166,25389.0,1,0
b1_lease_only-after_response_before_resolution-notifications-cb1ff91e-r2,(session-3),B1_LEASE_ONLY,after_response_before_resolution,notifications,POSITIVE_ONLY_READBACK,CALLER_REFERENCE,0714c708-9a00-452d-b3a9-86919becfbe2,CONFIRMED_APPLIED,APPLIED,2,1,1,24460.436699,140981.0,1,0
b1_lease_only-after_response_before_resolution-notifications-cb1ff91e-r2,(session-3),B1_LEASE_ONLY,after_response_before_resolution,notifications,POSITIVE_ONLY_READBACK,CALLER_REFERENCE,00a164e2-2e03-44f8-b125-0407db245daf,CONFIRMED_APPLIED,APPLIED,2,1,1,24451.618707,113832.0,1,0
b1_lease_only-after_response_before_resolution-notifications-cb1ff91e-r2,(session-3),B1_LEASE_ONLY,after_response_before_resolution,notifications,POSITIVE_ONLY_READBACK,CALLER_REFERENCE,81884a13-e069-4ffb-af2f-d8ced4bc77cf,CONFIRMED_APPLIED,APPLIED,2,1,1,24436.125584,86768.0,1,0
b1_lease_only-after_response_before_resolution-notifications-cb1ff91e-r2,(session-3),B1_LEASE_ONLY,after_response_before_resolution,notifications,POSITIVE_ONLY_READBACK,CALLER_REFERENCE,92f62410-99ee-4474-91ab-e91fba060f03,CONFIRMED_APPLIED,APPLIED,2,1,1,24198.115662,59686.0,1,0
b1_lease_only-after_response_before_resolution-notifications-cb1ff91e-r2,(session-3),B1_LEASE_ONLY,after_response_before_resolution,notifications,POSITIVE_ONLY_READBACK,CALLER_REFERENCE,7c2902c7-393b-4a7e-8157-ac4e398ef658,CONFIRMED_APPLIED,APPLIED,2,1,1,24702.44157,32534.0,1,0
b1_lease_only-after_response_before_resolution-payments-c49153a8-r0,(session-3),B1_LEASE_ONLY,after_response_before_resolution,payments,AUTHORITATIVE_READBACK,CALLER_REFERENCE,a2df637a-5d40-4fda-b17c-98111320cf8b,CONFIRMED_APPLIED,APPLIED,2,1,1,24935.868062,139060.0,1,0
b1_lease_only-after_response_before_resolution-payments-c49153a8-r0,(session-3),B1_LEASE_ONLY,after_response_before_resolution,payments,AUTHORITATIVE_READBACK,CALLER_REFERENCE,de9ce9ea-20c1-493e-87bb-6cba075b0cf0,CONFIRMED_APPLIED,APPLIED,2,1,1,21662.526178,108869.0,1,0
b1_lease_only-after_response_before_resolution-payments-c49153a8-r0,(session-3),B1_LEASE_ONLY,after_response_before_resolution,payments,AUTHORITATIVE_READBACK,CALLER_REFERENCE,bfd912f5-bf06-4a8f-9c97-a738b6b8e509,CONFIRMED_APPLIED,APPLIED,2,1,1,24940.946044,84787.0,1,0
b1_lease_only-after_response_before_resolution-payments-c49153a8-r0,(session-3),B1_LEASE_ONLY,after_response_before_resolution,payments,AUTHORITATIVE_READBACK,CALLER_REFERENCE,e0d33999-8611-4b67-8624-44d65831511a,CONFIRMED_APPLIED,APPLIED,3,1,2,29948.255179,57592.0,1,0
b1_lease_only-after_response_before_resolution-payments-c49153a8-r0,(session-3),B1_LEASE_ONLY,after_response_before_resolution,payments,AUTHORITATIVE_READBACK,CALLER_REFERENCE,ff9f08c4-4687-4941-901c-9c8c592a5dd4,CONFIRMED_APPLIED,APPLIED,2,1,1,24707.503313,25373.0,1,0
b1_lease_only-after_response_before_resolution-payments-c49153a8-r0,(session-3),B1_LEASE_ONLY,after_response_before_resolution,payments,AUTHORITATIVE_READBACK,CALLER_REFERENCE,26d82d54-9fc6-4431-a5dd-bc65a787a13f,CONFIRMED_APPLIED,APPLIED,3,1,2,29936.66895,139067.0,1,0
b1_lease_only-after_response_before_resolution-payments-c49153a8-r0,(session-3),B1_LEASE_ONLY,after_response_before_resolution,payments,AUTHORITATIVE_READBACK,CALLER_REFERENCE,a78d57e3-3ed6-4e50-9fa4-2dfa2505624a,CONFIRMED_APPLIED,APPLIED,1,1,1,24932.35846,106986.0,0,0
b1_lease_only-after_response_before_resolution-payments-c49153a8-r0,(session-3),B1_LEASE_ONLY,after_response_before_resolution,payments,AUTHORITATIVE_READBACK,CALLER_REFERENCE,37eea9b9-f7d3-47af-9523-403194a4233b,CONFIRMED_APPLIED,APPLIED,2,1,1,24943.348696,79726.0,1,0
b1_lease_only-after_response_before_resolution-payments-c49153a8-r0,(session-3),B1_LEASE_ONLY,after_response_before_resolution,payments,AUTHORITATIVE_READBACK,CALLER_REFERENCE,fff2209a-7b8c-4cfc-8527-4e54777912b0,CONFIRMED_APPLIED,APPLIED,2,1,1,21912.73371,49551.0,1,0
b1_lease_only-after_response_before_resolution-payments-c49153a8-r0,(session-3),B1_LEASE_ONLY,after_response_before_resolution,payments,AUTHORITATIVE_READBACK,CALLER_REFERENCE,aac8acaa-dd86-4946-b25f-069a399b03cc,CONFIRMED_APPLIED,APPLIED,2,1,1,24936.67478,25374.0,1,0
b1_lease_only-after_response_before_resolution-payments-c49153a8-r1,(session-3),B1_LEASE_ONLY,after_response_before_resolution,payments,AUTHORITATIVE_READBACK,CALLER_REFERENCE,ff266d9a-8463-4c41-a1f4-bf33b220bf3d,CONFIRMED_APPLIED,APPLIED,2,1,1,24935.288844,135999.0,1,0
b1_lease_only-after_response_before_resolution-payments-c49153a8-r1,(session-3),B1_LEASE_ONLY,after_response_before_resolution,payments,AUTHORITATIVE_READBACK,CALLER_REFERENCE,ea28c0ca-f1ad-4c37-a1a5-21ae8eb51a2f,CONFIRMED_APPLIED,APPLIED,2,1,1,24681.62317,108786.0,1,0
b1_lease_only-after_response_before_resolution-payments-c49153a8-r1,(session-3),B1_LEASE_ONLY,after_response_before_resolution,payments,AUTHORITATIVE_READBACK,CALLER_REFERENCE,99ca2aed-5458-42cf-bacb-bfabf35b9b69,CONFIRMED_APPLIED,APPLIED,2,1,1,24933.334367,81731.0,1,0
b1_lease_only-after_response_before_resolution-payments-c49153a8-r1,(session-3),B1_LEASE_ONLY,after_response_before_resolution,payments,AUTHORITATIVE_READBACK,CALLER_REFERENCE,3f08cbb3-dfbb-4fd8-909f-47428a25aa06,CONFIRMED_APPLIED,APPLIED,2,1,1,24930.632816,54484.0,1,0
b1_lease_only-after_response_before_resolution-payments-c49153a8-r1,(session-3),B1_LEASE_ONLY,after_response_before_resolution,payments,AUTHORITATIVE_READBACK,CALLER_REFERENCE,2d624284-aa11-47a8-8254-00b345cd89e3,CONFIRMED_APPLIED,APPLIED,2,1,1,24936.672708,27282.0,1,0
b1_lease_only-after_response_before_resolution-payments-c49153a8-r1,(session-3),B1_LEASE_ONLY,after_response_before_resolution,payments,AUTHORITATIVE_READBACK,CALLER_REFERENCE,ad746d74-59b7-4898-a8b1-35994d938f79,CONFIRMED_APPLIED,APPLIED,2,1,1,21908.251318,132934.0,1,0
b1_lease_only-after_response_before_resolution-payments-c49153a8-r1,(session-3),B1_LEASE_ONLY,after_response_before_resolution,payments,AUTHORITATIVE_READBACK,CALLER_REFERENCE,2c110a35-b2a9-463f-995e-77973d2f644f,CONFIRMED_APPLIED,APPLIED,2,1,1,24686.366636,108751.0,1,0
b1_lease_only-after_response_before_resolution-payments-c49153a8-r1,(session-3),B1_LEASE_ONLY,after_response_before_resolution,payments,AUTHORITATIVE_READBACK,CALLER_REFERENCE,d825f76a-6fa6-4d69-817f-aafd3f59e252,CONFIRMED_APPLIED,APPLIED,2,1,2,26938.913974,81680.0,1,0
b1_lease_only-after_response_before_resolution-payments-c49153a8-r1,(session-3),B1_LEASE_ONLY,after_response_before_resolution,payments,AUTHORITATIVE_READBACK,CALLER_REFERENCE,caaf4131-184e-4b3c-a7f1-437c7d1c8ae9,CONFIRMED_APPLIED,APPLIED,2,1,1,21915.42125,49428.0,1,0
b1_lease_only-after_response_before_resolution-payments-c49153a8-r1,(session-3),B1_LEASE_ONLY,after_response_before_resolution,payments,AUTHORITATIVE_READBACK,CALLER_REFERENCE,d02fdb71-b2df-49c6-b1b3-3c7a21a16a93,CONFIRMED_APPLIED,APPLIED,2,1,1,21926.505927,22272.0,1,0
b1_lease_only-after_response_before_resolution-payments-c49153a8-r2,(session-3),B1_LEASE_ONLY,after_response_before_resolution,payments,AUTHORITATIVE_READBACK,CALLER_REFERENCE,8777e52c-5dd7-45d9-be64-b6efcef46a60,CONFIRMED_APPLIED,APPLIED,3,1,2,26923.445466,140967.0,1,0
b1_lease_only-after_response_before_resolution-payments-c49153a8-r2,(session-3),B1_LEASE_ONLY,after_response_before_resolution,payments,AUTHORITATIVE_READBACK,CALLER_REFERENCE,4a6408c0-df9d-4e6f-adf2-0772bc13f1a3,CONFIRMED_APPLIED,APPLIED,2,1,1,24929.741191,111784.0,1,0
b1_lease_only-after_response_before_resolution-payments-c49153a8-r2,(session-3),B1_LEASE_ONLY,after_response_before_resolution,payments,AUTHORITATIVE_READBACK,CALLER_REFERENCE,8a0a7f04-ee88-4a9c-a643-d6cf41724c90,CONFIRMED_APPLIED,APPLIED,2,1,1,24940.431851,84571.0,1,0
b1_lease_only-after_response_before_resolution-payments-c49153a8-r2,(session-3),B1_LEASE_ONLY,after_response_before_resolution,payments,AUTHORITATIVE_READBACK,CALLER_REFERENCE,d8487ac4-dfc4-4911-bb92-936fa5cea167,CONFIRMED_APPLIED,APPLIED,1,1,1,24937.01701,57326.0,0,0
b1_lease_only-after_response_before_resolution-payments-c49153a8-r2,(session-3),B1_LEASE_ONLY,after_response_before_resolution,payments,AUTHORITATIVE_READBACK,CALLER_REFERENCE,6f8d23af-343c-4f60-8c1c-8aa1b5e636d4,CONFIRMED_APPLIED,APPLIED,3,1,2,29695.111691,30064.0,1,0
b1_lease_only-after_response_before_resolution-payments-c49153a8-r2,(session-3),B1_LEASE_ONLY,after_response_before_resolution,payments,AUTHORITATIVE_READBACK,CALLER_REFERENCE,f9017397-fe2c-46f8-92b0-a08633697870,CONFIRMED_APPLIED,APPLIED,1,1,1,24951.565929,144004.0,0,0
b1_lease_only-after_response_before_resolution-payments-c49153a8-r2,(session-3),B1_LEASE_ONLY,after_response_before_resolution,payments,AUTHORITATIVE_READBACK,CALLER_REFERENCE,e2332da5-ceab-4880-bd8a-cfe06bd8502b,CONFIRMED_APPLIED,APPLIED,2,1,1,24936.852737,116823.0,1,0
b1_lease_only-after_response_before_resolution-payments-c49153a8-r2,(session-3),B1_LEASE_ONLY,after_response_before_resolution,payments,AUTHORITATIVE_READBACK,CALLER_REFERENCE,fcdeaf2c-3240-4527-b1bc-5b8dcc31d6b1,CONFIRMED_APPLIED,APPLIED,2,1,1,24688.444317,89615.0,1,0
b1_lease_only-after_response_before_resolution-payments-c49153a8-r2,(session-3),B1_LEASE_ONLY,after_response_before_resolution,payments,AUTHORITATIVE_READBACK,CALLER_REFERENCE,907b268d-1125-4ef0-85e3-6d795ce43fa0,CONFIRMED_APPLIED,APPLIED,2,1,1,24933.645283,62618.0,1,0
b1_lease_only-after_response_before_resolution-payments-c49153a8-r2,(session-3),B1_LEASE_ONLY,after_response_before_resolution,payments,AUTHORITATIVE_READBACK,CALLER_REFERENCE,c2f59424-03b9-4a2c-af9e-9766c0bc6922,CONFIRMED_APPLIED,APPLIED,3,1,3,34943.813295,35271.0,1,0
b1_lease_only-before_intent_write-ledger_postings-37b70eaa-r0,(session-3),B1_LEASE_ONLY,before_intent_write,ledger_postings,NO_READBACK,CALLER_REFERENCE,772a1c76-38f9-496c-9f98-23fbbb1be14a,CONFIRMED_APPLIED,APPLIED,1,1,1,26469.158394,153264.0,0,0
b1_lease_only-before_intent_write-ledger_postings-37b70eaa-r0,(session-3),B1_LEASE_ONLY,before_intent_write,ledger_postings,NO_READBACK,CALLER_REFERENCE,fbb9240b-f768-42ae-8f45-8cbaebf37d51,CONFIRMED_APPLIED,APPLIED,1,1,1,26689.019612,126053.0,0,0
b1_lease_only-before_intent_write-ledger_postings-37b70eaa-r0,(session-3),B1_LEASE_ONLY,before_intent_write,ledger_postings,NO_READBACK,CALLER_REFERENCE,cc904a1f-470e-48ca-a985-77297ec4abdd,CONFIRMED_APPLIED,APPLIED,1,1,1,26705.765039,98776.0,0,0
b1_lease_only-before_intent_write-ledger_postings-37b70eaa-r0,(session-3),B1_LEASE_ONLY,before_intent_write,ledger_postings,NO_READBACK,CALLER_REFERENCE,c0e7718e-8729-472b-88b8-aa497e1a3a60,CONFIRMED_APPLIED,APPLIED,1,1,1,26709.308163,71617.0,0,0
b1_lease_only-before_intent_write-ledger_postings-37b70eaa-r0,(session-3),B1_LEASE_ONLY,before_intent_write,ledger_postings,NO_READBACK,CALLER_REFERENCE,2ab6b23e-86ed-4a07-ad07-f140d0648920,CONFIRMED_APPLIED,APPLIED,1,1,1,26729.916386,44522.0,0,0
b1_lease_only-before_intent_write-ledger_postings-37b70eaa-r0,(session-3),B1_LEASE_ONLY,before_intent_write,ledger_postings,NO_READBACK,CALLER_REFERENCE,13d5b251-d5f3-4317-9e60-f41d75cd414f,CONFIRMED_APPLIED,APPLIED,1,1,1,26461.225488,153284.0,0,0
b1_lease_only-before_intent_write-ledger_postings-37b70eaa-r0,(session-3),B1_LEASE_ONLY,before_intent_write,ledger_postings,NO_READBACK,CALLER_REFERENCE,93e69ecf-b0fb-4871-86e0-1bb3ace13833,CONFIRMED_APPLIED,APPLIED,3,1,3,36709.376897,126051.0,1,0
b1_lease_only-before_intent_write-ledger_postings-37b70eaa-r0,(session-3),B1_LEASE_ONLY,before_intent_write,ledger_postings,NO_READBACK,CALLER_REFERENCE,62a82157-27db-405a-ac56-d54cad214f2e,CONFIRMED_APPLIED,APPLIED,2,1,3,33706.761183,88784.0,1,0
b1_lease_only-before_intent_write-ledger_postings-37b70eaa-r0,(session-3),B1_LEASE_ONLY,before_intent_write,ledger_postings,NO_READBACK,CALLER_REFERENCE,a3dd76b4-ac82-4aac-b234-d79368e33d23,CONFIRMED_APPLIED,APPLIED,1,1,1,26724.182587,54604.0,0,0
b1_lease_only-before_intent_write-ledger_postings-37b70eaa-r0,(session-3),B1_LEASE_ONLY,before_intent_write,ledger_postings,NO_READBACK,CALLER_REFERENCE,d24da77f-0163-430a-807f-f13076e32672,CONFIRMED_APPLIED,APPLIED,1,1,1,26701.67427,27430.0,0,0
b1_lease_only-before_intent_write-ledger_postings-37b70eaa-r1,(session-3),B1_LEASE_ONLY,before_intent_write,ledger_postings,NO_READBACK,CALLER_REFERENCE,4e38f837-ddcd-46e3-8a23-48ef6ee7e6fa,CONFIRMED_APPLIED,APPLIED,1,1,1,26450.937665,146101.0,0,0
b1_lease_only-before_intent_write-ledger_postings-37b70eaa-r1,(session-3),B1_LEASE_ONLY,before_intent_write,ledger_postings,NO_READBACK,CALLER_REFERENCE,2ab630d1-4015-47c9-8af7-a57182f43ad1,CONFIRMED_APPLIED,APPLIED,2,1,2,31713.694623,118950.0,1,0
b1_lease_only-before_intent_write-ledger_postings-37b70eaa-r1,(session-3),B1_LEASE_ONLY,before_intent_write,ledger_postings,NO_READBACK,CALLER_REFERENCE,1578c561-4821-45b7-a3b8-3e3598c2df7d,CONFIRMED_APPLIED,APPLIED,1,1,1,26689.24248,86738.0,0,0
b1_lease_only-before_intent_write-ledger_postings-37b70eaa-r1,(session-3),B1_LEASE_ONLY,before_intent_write,ledger_postings,NO_READBACK,CALLER_REFERENCE,a6d8f143-c524-4c52-b8bd-3c47f63c62f1,CONFIRMED_APPLIED,APPLIED,1,1,1,26733.88693,59568.0,0,0
b1_lease_only-before_intent_write-ledger_postings-37b70eaa-r1,(session-3),B1_LEASE_ONLY,before_intent_write,ledger_postings,NO_READBACK,CALLER_REFERENCE,3ce5176b-1d5c-49e5-828a-bfec4d001ae2,CONFIRMED_APPLIED,APPLIED,1,1,1,26686.615646,32419.0,0,0
b1_lease_only-before_intent_write-ledger_postings-37b70eaa-r1,(session-3),B1_LEASE_ONLY,before_intent_write,ledger_postings,NO_READBACK,CALLER_REFERENCE,81e8e7f8-0ff2-4164-84dd-dee458171fc5,CONFIRMED_APPLIED,APPLIED,2,1,2,31447.218632,146121.0,1,0
b1_lease_only-before_intent_write-ledger_postings-37b70eaa-r1,(session-3),B1_LEASE_ONLY,before_intent_write,ledger_postings,NO_READBACK,CALLER_REFERENCE,e6778685-e10f-4f86-9780-d916e634228f,CONFIRMED_APPLIED,APPLIED,2,1,2,31708.279983,114000.0,1,0
b1_lease_only-before_intent_write-ledger_postings-37b70eaa-r1,(session-3),B1_LEASE_ONLY,before_intent_write,ledger_postings,NO_READBACK,CALLER_REFERENCE,7bff3ed2-b03b-4021-8d17-ce3136eac35e,CONFIRMED_APPLIED,APPLIED,1,1,1,26696.122297,81799.0,0,0
b1_lease_only-before_intent_write-ledger_postings-37b70eaa-r1,(session-3),B1_LEASE_ONLY,before_intent_write,ledger_postings,NO_READBACK,CALLER_REFERENCE,63189a76-7422-45cb-af94-750f610cc805,CONFIRMED_APPLIED,APPLIED,1,1,1,26701.828095,54581.0,0,0
b1_lease_only-before_intent_write-ledger_postings-37b70eaa-r1,(session-3),B1_LEASE_ONLY,before_intent_write,ledger_postings,NO_READBACK,CALLER_REFERENCE,2fd7a218-6b4e-471f-8442-e788488be281,CONFIRMED_APPLIED,APPLIED,1,1,1,26697.018139,27333.0,0,0
b1_lease_only-before_intent_write-ledger_postings-37b70eaa-r2,(session-3),B1_LEASE_ONLY,before_intent_write,ledger_postings,NO_READBACK,CALLER_REFERENCE,a85ffea2-72fb-4731-bdf4-8fbacd496b40,CONFIRMED_APPLIED,APPLIED,1,1,1,26465.664809,141057.0,0,0
b1_lease_only-before_intent_write-ledger_postings-37b70eaa-r2,(session-3),B1_LEASE_ONLY,before_intent_write,ledger_postings,NO_READBACK,CALLER_REFERENCE,2245e5e0-b857-4abb-84dd-989fbbfc2cf0,CONFIRMED_APPLIED,APPLIED,1,1,1,26724.315797,113913.0,0,0
b1_lease_only-before_intent_write-ledger_postings-37b70eaa-r2,(session-3),B1_LEASE_ONLY,before_intent_write,ledger_postings,NO_READBACK,CALLER_REFERENCE,c8cd3fef-6faa-497f-8b4e-011c22ab9260,CONFIRMED_APPLIED,APPLIED,1,1,1,26492.542726,86629.0,0,0
b1_lease_only-before_intent_write-ledger_postings-37b70eaa-r2,(session-3),B1_LEASE_ONLY,before_intent_write,ledger_postings,NO_READBACK,CALLER_REFERENCE,a6ac03ac-4313-4143-9bcf-fdd013edd696,CONFIRMED_APPLIED,APPLIED,1,1,1,26761.051561,59407.0,0,0
b1_lease_only-before_intent_write-ledger_postings-37b70eaa-r2,(session-3),B1_LEASE_ONLY,before_intent_write,ledger_postings,NO_READBACK,CALLER_REFERENCE,7f2ddbca-6526-46d5-9b7e-86ccea86fe1b,CONFIRMED_APPLIED,APPLIED,1,1,1,26468.887369,32118.0,0,0
b1_lease_only-before_intent_write-ledger_postings-37b70eaa-r2,(session-3),B1_LEASE_ONLY,before_intent_write,ledger_postings,NO_READBACK,CALLER_REFERENCE,a627b930-4042-4b0d-8f77-ea46ee50a3ac,CONFIRMED_APPLIED,APPLIED,2,1,2,31458.078661,141068.0,1,0
b1_lease_only-before_intent_write-ledger_postings-37b70eaa-r2,(session-3),B1_LEASE_ONLY,before_intent_write,ledger_postings,NO_READBACK,CALLER_REFERENCE,64955711-a3fc-4b31-a1f7-c69c2dc2f139,CONFIRMED_APPLIED,APPLIED,1,1,1,26758.376695,108960.0,0,0
b1_lease_only-before_intent_write-ledger_postings-37b70eaa-r2,(session-3),B1_LEASE_ONLY,before_intent_write,ledger_postings,NO_READBACK,CALLER_REFERENCE,bc69dfb3-86e3-49d3-aeda-8e0e85e0071f,CONFIRMED_APPLIED,APPLIED,1,1,1,26778.462861,81653.0,0,0
b1_lease_only-before_intent_write-ledger_postings-37b70eaa-r2,(session-3),B1_LEASE_ONLY,before_intent_write,ledger_postings,NO_READBACK,CALLER_REFERENCE,7fa2d5f1-1300-4331-aace-49b05022db80,CONFIRMED_APPLIED,APPLIED,1,1,1,26476.195739,54372.0,0,0
b1_lease_only-before_intent_write-ledger_postings-37b70eaa-r2,(session-3),B1_LEASE_ONLY,before_intent_write,ledger_postings,NO_READBACK,CALLER_REFERENCE,f1f4c838-1797-4797-9909-1b0564f78625,CONFIRMED_APPLIED,APPLIED,1,1,1,26454.138367,27245.0,0,0
b1_lease_only-before_intent_write-notifications-4b37c7ea-r0,(session-3),B1_LEASE_ONLY,before_intent_write,notifications,POSITIVE_ONLY_READBACK,CALLER_REFERENCE,3bd2b4f5-2d94-4928-ab64-cc3b3f2c4d8f,CONFIRMED_APPLIED,APPLIED,1,1,1,26481.142432,143156.0,0,0
b1_lease_only-before_intent_write-notifications-4b37c7ea-r0,(session-3),B1_LEASE_ONLY,before_intent_write,notifications,POSITIVE_ONLY_READBACK,CALLER_REFERENCE,7d3e8dd3-513e-4ab5-bedf-47cd22a15d9e,CONFIRMED_APPLIED,APPLIED,1,1,1,26453.850363,116063.0,0,0
b1_lease_only-before_intent_write-notifications-4b37c7ea-r0,(session-3),B1_LEASE_ONLY,before_intent_write,notifications,POSITIVE_ONLY_READBACK,CALLER_REFERENCE,8fc08787-7095-4c02-aee3-48c681cbe9fd,CONFIRMED_APPLIED,APPLIED,1,1,1,26710.701513,88929.0,0,0
b1_lease_only-before_intent_write-notifications-4b37c7ea-r0,(session-3),B1_LEASE_ONLY,before_intent_write,notifications,POSITIVE_ONLY_READBACK,CALLER_REFERENCE,dc98107a-2982-4b7f-b37d-ede3ebbca91f,CONFIRMED_APPLIED,APPLIED,1,1,1,26706.312554,61670.0,0,0
b1_lease_only-before_intent_write-notifications-4b37c7ea-r0,(session-3),B1_LEASE_ONLY,before_intent_write,notifications,POSITIVE_ONLY_READBACK,CALLER_REFERENCE,d3265c40-b007-4423-866e-aaa1047275c1,CONFIRMED_APPLIED,APPLIED,1,1,1,26754.791157,34438.0,0,0
b1_lease_only-before_intent_write-notifications-4b37c7ea-r0,(session-3),B1_LEASE_ONLY,before_intent_write,notifications,POSITIVE_ONLY_READBACK,CALLER_REFERENCE,6f17bb53-2f10-4854-a8a8-072e07c728ba,CONFIRMED_APPLIED,APPLIED,1,1,2,28492.224454,143101.0,0,0
b1_lease_only-before_intent_write-notifications-4b37c7ea-r0,(session-3),B1_LEASE_ONLY,before_intent_write,notifications,POSITIVE_ONLY_READBACK,CALLER_REFERENCE,13ad6276-584f-40cb-82d1-a0664cd2756d,CONFIRMED_APPLIED,APPLIED,1,1,1,26462.613664,113917.0,0,0
b1_lease_only-before_intent_write-notifications-4b37c7ea-r0,(session-3),B1_LEASE_ONLY,before_intent_write,notifications,POSITIVE_ONLY_READBACK,CALLER_REFERENCE,5c0f2467-6210-47df-8db5-bc01f169820b,CONFIRMED_APPLIED,APPLIED,1,1,1,26724.605217,86761.0,0,0
b1_lease_only-before_intent_write-notifications-4b37c7ea-r0,(session-3),B1_LEASE_ONLY,before_intent_write,notifications,POSITIVE_ONLY_READBACK,CALLER_REFERENCE,3179a166-cdbb-41e9-ac54-367729c68e74,CONFIRMED_APPLIED,APPLIED,2,1,2,31719.825933,59508.0,1,0
b1_lease_only-before_intent_write-notifications-4b37c7ea-r0,(session-3),B1_LEASE_ONLY,before_intent_write,notifications,POSITIVE_ONLY_READBACK,CALLER_REFERENCE,86e779cb-96f0-4af6-b676-78de684f08c9,CONFIRMED_APPLIED,APPLIED,1,1,1,26476.939422,27328.0,0,0
b1_lease_only-before_intent_write-notifications-4b37c7ea-r1,(session-3),B1_LEASE_ONLY,before_intent_write,notifications,POSITIVE_ONLY_READBACK,CALLER_REFERENCE,3994e2b4-2f8a-4eb6-b819-fc690d94e560,CONFIRMED_APPLIED,APPLIED,1,1,1,26472.035231,153114.0,0,0
b1_lease_only-before_intent_write-notifications-4b37c7ea-r1,(session-3),B1_LEASE_ONLY,before_intent_write,notifications,POSITIVE_ONLY_READBACK,CALLER_REFERENCE,1521bab4-eedf-4269-8afc-7389ad1fa14c,CONFIRMED_APPLIED,APPLIED,3,1,3,36526.574263,125896.0,1,0
b1_lease_only-before_intent_write-notifications-4b37c7ea-r1,(session-3),B1_LEASE_ONLY,before_intent_write,notifications,POSITIVE_ONLY_READBACK,CALLER_REFERENCE,3fcb028b-3888-4414-8665-2be7026f2cbd,CONFIRMED_APPLIED,APPLIED,1,1,1,26717.293247,88644.0,0,0
b1_lease_only-before_intent_write-notifications-4b37c7ea-r1,(session-3),B1_LEASE_ONLY,before_intent_write,notifications,POSITIVE_ONLY_READBACK,CALLER_REFERENCE,9897bf87-97d9-42dc-8e90-b14aa6ab0a7c,CONFIRMED_APPLIED,APPLIED,1,1,1,26705.596815,61473.0,0,0
b1_lease_only-before_intent_write-notifications-4b37c7ea-r1,(session-3),B1_LEASE_ONLY,before_intent_write,notifications,POSITIVE_ONLY_READBACK,CALLER_REFERENCE,f1ddfbb2-6973-4a25-9dbb-3a5b57d795bd,CONFIRMED_APPLIED,APPLIED,2,1,3,33715.94873,34318.0,1,0
b1_lease_only-before_intent_write-notifications-4b37c7ea-r1,(session-3),B1_LEASE_ONLY,before_intent_write,notifications,POSITIVE_ONLY_READBACK,CALLER_REFERENCE,11d79492-26ef-45ba-9546-b07e446a4ced,CONFIRMED_APPLIED,APPLIED,2,1,2,31467.735821,153141.0,1,0
b1_lease_only-before_intent_write-notifications-4b37c7ea-r1,(session-3),B1_LEASE_ONLY,before_intent_write,notifications,POSITIVE_ONLY_READBACK,CALLER_REFERENCE,e1aa7c06-9d88-4732-9a4a-4d8fa4f9b40e,CONFIRMED_APPLIED,APPLIED,1,1,2,28701.90671,120900.0,0,0
b1_lease_only-before_intent_write-notifications-4b37c7ea-r1,(session-3),B1_LEASE_ONLY,before_intent_write,notifications,POSITIVE_ONLY_READBACK,CALLER_REFERENCE,6bfd9291-566d-4f33-87e1-08fca08a282a,CONFIRMED_APPLIED,APPLIED,2,1,2,31703.168713,91642.0,1,0
b1_lease_only-before_intent_write-notifications-4b37c7ea-r1,(session-3),B1_LEASE_ONLY,before_intent_write,notifications,POSITIVE_ONLY_READBACK,CALLER_REFERENCE,6a88b98f-68a4-4e8f-a919-d1f68486f0a7,CONFIRMED_APPLIED,APPLIED,1,1,1,26703.268537,59375.0,0,0
b1_lease_only-before_intent_write-notifications-4b37c7ea-r1,(session-3),B1_LEASE_ONLY,before_intent_write,notifications,POSITIVE_ONLY_READBACK,CALLER_REFERENCE,7f02119c-270f-49b0-a4bf-80040efd29b3,CONFIRMED_APPLIED,APPLIED,1,1,1,26709.280316,32248.0,0,0
b1_lease_only-before_intent_write-notifications-4b37c7ea-r2,(session-3),B1_LEASE_ONLY,before_intent_write,notifications,POSITIVE_ONLY_READBACK,CALLER_REFERENCE,a3017642-ff5f-40bb-8f29-31697b8eb8fa,CONFIRMED_APPLIED,APPLIED,1,1,1,26728.215003,141214.0,0,0
b1_lease_only-before_intent_write-notifications-4b37c7ea-r2,(session-3),B1_LEASE_ONLY,before_intent_write,notifications,POSITIVE_ONLY_READBACK,CALLER_REFERENCE,e814d682-a6dc-495e-99e4-0f98525bf480,CONFIRMED_APPLIED,APPLIED,2,1,2,31712.939014,113939.0,1,0
b1_lease_only-before_intent_write-notifications-4b37c7ea-r2,(session-3),B1_LEASE_ONLY,before_intent_write,notifications,POSITIVE_ONLY_READBACK,CALLER_REFERENCE,7ebea417-f3a9-4b1d-89bd-3a614d0ab048,CONFIRMED_APPLIED,APPLIED,1,1,1,26448.202704,81625.0,0,0
b1_lease_only-before_intent_write-notifications-4b37c7ea-r2,(session-3),B1_LEASE_ONLY,before_intent_write,notifications,POSITIVE_ONLY_READBACK,CALLER_REFERENCE,6109c1c7-621b-445f-b520-35e9943ccdda,CONFIRMED_APPLIED,APPLIED,1,1,1,26691.382805,54506.0,0,0
b1_lease_only-before_intent_write-notifications-4b37c7ea-r2,(session-3),B1_LEASE_ONLY,before_intent_write,notifications,POSITIVE_ONLY_READBACK,CALLER_REFERENCE,fef84f37-f035-4dd6-b0bd-bb8069a79789,CONFIRMED_APPLIED,APPLIED,1,1,1,26713.125863,27325.0,0,0
b1_lease_only-before_intent_write-notifications-4b37c7ea-r2,(session-3),B1_LEASE_ONLY,before_intent_write,notifications,POSITIVE_ONLY_READBACK,CALLER_REFERENCE,50b16554-f475-4916-b050-99f37b6f2205,CONFIRMED_APPLIED,APPLIED,1,1,1,26701.561528,141202.0,0,0
b1_lease_only-before_intent_write-notifications-4b37c7ea-r2,(session-3),B1_LEASE_ONLY,before_intent_write,notifications,POSITIVE_ONLY_READBACK,CALLER_REFERENCE,8ce974ff-0b8e-4fda-a2b4-dd6afcff671b,CONFIRMED_APPLIED,APPLIED,1,1,1,26697.865938,113916.0,0,0
b1_lease_only-before_intent_write-notifications-4b37c7ea-r2,(session-3),B1_LEASE_ONLY,before_intent_write,notifications,POSITIVE_ONLY_READBACK,CALLER_REFERENCE,2cb8afa1-5f20-4d62-98e4-903b73dceef3,CONFIRMED_APPLIED,APPLIED,1,1,1,26702.066657,86644.0,0,0
b1_lease_only-before_intent_write-notifications-4b37c7ea-r2,(session-3),B1_LEASE_ONLY,before_intent_write,notifications,POSITIVE_ONLY_READBACK,CALLER_REFERENCE,fa114aa7-4197-44d7-b32c-87c5f716ae5b,CONFIRMED_APPLIED,APPLIED,1,1,1,26685.395318,59497.0,0,0
b1_lease_only-before_intent_write-notifications-4b37c7ea-r2,(session-3),B1_LEASE_ONLY,before_intent_write,notifications,POSITIVE_ONLY_READBACK,CALLER_REFERENCE,d27d6589-a681-4532-9d3b-849fe92d551b,CONFIRMED_APPLIED,APPLIED,1,1,1,26701.93554,32335.0,0,0
b1_lease_only-before_intent_write-payments-8203bc3c-r0,(session-3),B1_LEASE_ONLY,before_intent_write,payments,AUTHORITATIVE_READBACK,CALLER_REFERENCE,bbc98f4a-428a-4607-b818-ed10c06590cf,CONFIRMED_APPLIED,APPLIED,2,1,2,31953.435691,153124.0,1,0
b1_lease_only-before_intent_write-payments-8203bc3c-r0,(session-3),B1_LEASE_ONLY,before_intent_write,payments,AUTHORITATIVE_READBACK,CALLER_REFERENCE,2ca6d015-e15f-4022-a624-e00970116a9f,CONFIRMED_APPLIED,APPLIED,1,1,1,26952.801811,120830.0,0,0
b1_lease_only-before_intent_write-payments-8203bc3c-r0,(session-3),B1_LEASE_ONLY,before_intent_write,payments,AUTHORITATIVE_READBACK,CALLER_REFERENCE,2f594b48-30eb-439f-8873-81c1aa8b9cf6,CONFIRMED_APPLIED,APPLIED,2,1,2,31967.250432,93619.0,1,0
b1_lease_only-before_intent_write-payments-8203bc3c-r0,(session-3),B1_LEASE_ONLY,before_intent_write,payments,AUTHORITATIVE_READBACK,CALLER_REFERENCE,99a793d5-7ead-4e1b-8d02-66ba6e9df969,CONFIRMED_APPLIED,APPLIED,1,1,1,26957.363045,61337.0,0,0
b1_lease_only-before_intent_write-payments-8203bc3c-r0,(session-3),B1_LEASE_ONLY,before_intent_write,payments,AUTHORITATIVE_READBACK,CALLER_REFERENCE,7a74aa96-1184-4c79-a1d1-d6f868b74b06,CONFIRMED_APPLIED,APPLIED,1,1,2,28938.574838,34117.0,0,0
b1_lease_only-before_intent_write-payments-8203bc3c-r0,(session-3),B1_LEASE_ONLY,before_intent_write,payments,AUTHORITATIVE_READBACK,CALLER_REFERENCE,482d2306-7128-4b55-b995-ad5dac4451fc,CONFIRMED_APPLIED,APPLIED,2,1,2,31696.597091,153200.0,1,0
b1_lease_only-before_intent_write-payments-8203bc3c-r0,(session-3),B1_LEASE_ONLY,before_intent_write,payments,AUTHORITATIVE_READBACK,CALLER_REFERENCE,1d8f3737-0b00-4424-b363-9634c1a082c3,CONFIRMED_APPLIED,APPLIED,2,1,3,33960.455288,121121.0,1,0
b1_lease_only-before_intent_write-payments-8203bc3c-r0,(session-3),B1_LEASE_ONLY,before_intent_write,payments,AUTHORITATIVE_READBACK,CALLER_REFERENCE,3553a267-c1ff-49a4-8373-03232844e250,CONFIRMED_APPLIED,APPLIED,2,1,2,31965.017333,86829.0,1,0
b1_lease_only-before_intent_write-payments-8203bc3c-r0,(session-3),B1_LEASE_ONLY,before_intent_write,payments,AUTHORITATIVE_READBACK,CALLER_REFERENCE,d4591133-3929-4942-93e0-044814086335,CONFIRMED_APPLIED,APPLIED,1,1,1,26946.353082,54548.0,0,0
b1_lease_only-before_intent_write-payments-8203bc3c-r0,(session-3),B1_LEASE_ONLY,before_intent_write,payments,AUTHORITATIVE_READBACK,CALLER_REFERENCE,e4e20f5f-ccf6-4368-bb9b-06d5c98398a2,CONFIRMED_APPLIED,APPLIED,1,1,1,26947.824896,27352.0,0,0
b1_lease_only-before_intent_write-payments-8203bc3c-r1,(session-3),B1_LEASE_ONLY,before_intent_write,payments,AUTHORITATIVE_READBACK,CALLER_REFERENCE,bd2e4115-5b03-4bc3-bfc6-dbdc65f4e0e2,CONFIRMED_APPLIED,APPLIED,1,1,1,26687.900893,138035.0,0,0
b1_lease_only-before_intent_write-payments-8203bc3c-r1,(session-3),B1_LEASE_ONLY,before_intent_write,payments,AUTHORITATIVE_READBACK,CALLER_REFERENCE,8f916c19-faf2-43e5-a428-86fb7d680845,CONFIRMED_APPLIED,APPLIED,1,1,1,26960.252972,110936.0,0,0
b1_lease_only-before_intent_write-payments-8203bc3c-r1,(session-3),B1_LEASE_ONLY,before_intent_write,payments,AUTHORITATIVE_READBACK,CALLER_REFERENCE,2362ecac-a607-4a11-99bb-f2229001f86c,CONFIRMED_APPLIED,APPLIED,1,1,1,26707.230922,83667.0,0,0
b1_lease_only-before_intent_write-payments-8203bc3c-r1,(session-3),B1_LEASE_ONLY,before_intent_write,payments,AUTHORITATIVE_READBACK,CALLER_REFERENCE,9adea242-0f01-48c1-9ba5-d4c9223867f9,CONFIRMED_APPLIED,APPLIED,1,1,1,26957.951604,56607.0,0,0
b1_lease_only-before_intent_write-payments-8203bc3c-r1,(session-3),B1_LEASE_ONLY,before_intent_write,payments,AUTHORITATIVE_READBACK,CALLER_REFERENCE,8419ef24-c6ea-4424-b5a0-785ad18f7257,CONFIRMED_APPLIED,APPLIED,1,1,1,26939.286058,29384.0,0,0
b1_lease_only-before_intent_write-payments-8203bc3c-r1,(session-3),B1_LEASE_ONLY,before_intent_write,payments,AUTHORITATIVE_READBACK,CALLER_REFERENCE,78071166-4044-43bc-8e37-01f62f89a49f,CONFIRMED_APPLIED,APPLIED,1,1,2,28705.533867,137997.0,0,0
b1_lease_only-before_intent_write-payments-8203bc3c-r1,(session-3),B1_LEASE_ONLY,before_intent_write,payments,AUTHORITATIVE_READBACK,CALLER_REFERENCE,cec04360-fdbf-4b48-9959-0e1fa9b9e8b4,CONFIRMED_APPLIED,APPLIED,1,1,1,26705.442211,108943.0,0,0
b1_lease_only-before_intent_write-payments-8203bc3c-r1,(session-3),B1_LEASE_ONLY,before_intent_write,payments,AUTHORITATIVE_READBACK,CALLER_REFERENCE,991b4083-5fdc-4b95-aa69-73bc90779663,CONFIRMED_APPLIED,APPLIED,1,1,1,26952.503685,81872.0,0,0
b1_lease_only-before_intent_write-payments-8203bc3c-r1,(session-3),B1_LEASE_ONLY,before_intent_write,payments,AUTHORITATIVE_READBACK,CALLER_REFERENCE,53eff3f4-52e6-4945-93f4-0ab8a383b8f2,CONFIRMED_APPLIED,APPLIED,1,1,1,26945.436246,54622.0,0,0
b1_lease_only-before_intent_write-payments-8203bc3c-r1,(session-3),B1_LEASE_ONLY,before_intent_write,payments,AUTHORITATIVE_READBACK,CALLER_REFERENCE,01eec309-c72c-41ec-8ac6-e48c31577cb7,CONFIRMED_APPLIED,APPLIED,1,1,1,26963.386001,27361.0,0,0
b1_lease_only-before_intent_write-payments-8203bc3c-r2,(session-3),B1_LEASE_ONLY,before_intent_write,payments,AUTHORITATIVE_READBACK,CALLER_REFERENCE,5e6d8325-ac15-4301-9798-bcf42dfa675b,CONFIRMED_APPLIED,APPLIED,1,1,1,26963.963936,145656.0,0,0
b1_lease_only-before_intent_write-payments-8203bc3c-r2,(session-3),B1_LEASE_ONLY,before_intent_write,payments,AUTHORITATIVE_READBACK,CALLER_REFERENCE,71b4c04c-1080-4e91-8df1-47e14d5b28fa,CONFIRMED_APPLIED,APPLIED,2,1,2,31714.389661,118408.0,1,0
b1_lease_only-before_intent_write-payments-8203bc3c-r2,(session-3),B1_LEASE_ONLY,before_intent_write,payments,AUTHORITATIVE_READBACK,CALLER_REFERENCE,fa44ffc6-5ecc-4a1e-9138-f2e7deeba136,CONFIRMED_APPLIED,APPLIED,1,1,1,26719.575532,86327.0,0,0
b1_lease_only-before_intent_write-payments-8203bc3c-r2,(session-3),B1_LEASE_ONLY,before_intent_write,payments,AUTHORITATIVE_READBACK,CALLER_REFERENCE,db37fe25-4ebb-49ae-b265-7554ec180165,CONFIRMED_APPLIED,APPLIED,1,1,1,26959.351364,59265.0,0,0
b1_lease_only-before_intent_write-payments-8203bc3c-r2,(session-3),B1_LEASE_ONLY,before_intent_write,payments,AUTHORITATIVE_READBACK,CALLER_REFERENCE,040e6a43-a4f5-491b-ace2-76c78bac4f37,CONFIRMED_APPLIED,APPLIED,1,1,1,26948.976976,31999.0,0,0
b1_lease_only-before_intent_write-payments-8203bc3c-r2,(session-3),B1_LEASE_ONLY,before_intent_write,payments,AUTHORITATIVE_READBACK,CALLER_REFERENCE,87471d29-3788-4ef5-9dcc-bd1a3008822d,CONFIRMED_APPLIED,APPLIED,1,1,1,26718.894721,145652.0,0,0
b1_lease_only-before_intent_write-payments-8203bc3c-r2,(session-3),B1_LEASE_ONLY,before_intent_write,payments,AUTHORITATIVE_READBACK,CALLER_REFERENCE,6e4f5ebd-32b1-4035-8feb-4b075ccd1de1,CONFIRMED_APPLIED,APPLIED,1,1,1,26700.899237,118563.0,0,0
b1_lease_only-before_intent_write-payments-8203bc3c-r2,(session-3),B1_LEASE_ONLY,before_intent_write,payments,AUTHORITATIVE_READBACK,CALLER_REFERENCE,4f8bee9d-e72c-4265-a5e7-2cb97ff729b6,CONFIRMED_APPLIED,APPLIED,1,1,1,26708.224138,91476.0,0,0
b1_lease_only-before_intent_write-payments-8203bc3c-r2,(session-3),B1_LEASE_ONLY,before_intent_write,payments,AUTHORITATIVE_READBACK,CALLER_REFERENCE,6a4f7aed-d7a8-4c1a-afc6-70266380d1cc,CONFIRMED_APPLIED,APPLIED,3,1,3,36730.078821,64422.0,1,0
b1_lease_only-before_intent_write-payments-8203bc3c-r2,(session-3),B1_LEASE_ONLY,before_intent_write,payments,AUTHORITATIVE_READBACK,CALLER_REFERENCE,ba9f3fbf-6df3-4c25-ad91-857d83026581,CONFIRMED_APPLIED,APPLIED,1,1,1,26956.020034,27353.0,0,0
b1_lease_only-mid_dispatch-ledger_postings-ed094880-r0,(session-3),B1_LEASE_ONLY,mid_dispatch,ledger_postings,NO_READBACK,CALLER_REFERENCE,baefe9d2-c890-4899-bb52-becc279ef39a,CONFIRMED_APPLIED,APPLIED,2,1,1,26205.287298,140670.0,1,0
b1_lease_only-mid_dispatch-ledger_postings-ed094880-r0,(session-3),B1_LEASE_ONLY,mid_dispatch,ledger_postings,NO_READBACK,CALLER_REFERENCE,faa7cf9b-8f7f-4505-a0d7-889be66ea4ae,CONFIRMED_APPLIED,APPLIED,2,1,1,25947.313983,113365.0,1,0
b1_lease_only-mid_dispatch-ledger_postings-ed094880-r0,(session-3),B1_LEASE_ONLY,mid_dispatch,ledger_postings,NO_READBACK,CALLER_REFERENCE,5c6a2103-add4-45b0-b3f5-5ea9c6ef7cc5,CONFIRMED_APPLIED,APPLIED,2,1,1,26217.458445,86311.0,1,0
b1_lease_only-mid_dispatch-ledger_postings-ed094880-r0,(session-3),B1_LEASE_ONLY,mid_dispatch,ledger_postings,NO_READBACK,CALLER_REFERENCE,5bae2aeb-7ca2-4710-866e-fa7a6e799efc,CONFIRMED_APPLIED,APPLIED,3,1,2,31200.896286,59074.0,1,0
b1_lease_only-mid_dispatch-ledger_postings-ed094880-r0,(session-3),B1_LEASE_ONLY,mid_dispatch,ledger_postings,NO_READBACK,CALLER_REFERENCE,cb49e886-f858-4c47-97bb-6a42fcb58534,CONFIRMED_APPLIED,APPLIED,2,1,1,26447.168342,26965.0,1,0
b1_lease_only-mid_dispatch-ledger_postings-ed094880-r0,(session-3),B1_LEASE_ONLY,mid_dispatch,ledger_postings,NO_READBACK,CALLER_REFERENCE,502ece68-64dd-4177-8d92-ca721a2f5052,CONFIRMED_APPLIED,APPLIED,2,1,1,26225.595182,140696.0,1,0
b1_lease_only-mid_dispatch-ledger_postings-ed094880-r0,(session-3),B1_LEASE_ONLY,mid_dispatch,ledger_postings,NO_READBACK,CALLER_REFERENCE,bf50aab6-7a07-4b80-a2dc-3c5e0933479e,CONFIRMED_APPLIED,APPLIED,2,1,1,26205.873988,113377.0,1,0
b1_lease_only-mid_dispatch-ledger_postings-ed094880-r0,(session-3),B1_LEASE_ONLY,mid_dispatch,ledger_postings,NO_READBACK,CALLER_REFERENCE,bb272602-703c-409f-9b65-1590a92111a3,CONFIRMED_APPLIED,APPLIED,2,1,1,26194.252214,86099.0,1,0
b1_lease_only-mid_dispatch-ledger_postings-ed094880-r0,(session-3),B1_LEASE_ONLY,mid_dispatch,ledger_postings,NO_READBACK,CALLER_REFERENCE,6598f2a7-5bda-4d76-8733-ddda2203073f,CONFIRMED_APPLIED,APPLIED,2,1,1,26207.10392,58796.0,1,0
b1_lease_only-mid_dispatch-ledger_postings-ed094880-r0,(session-3),B1_LEASE_ONLY,mid_dispatch,ledger_postings,NO_READBACK,CALLER_REFERENCE,9f674f6d-9632-4733-9361-29c1dff30325,CONFIRMED_APPLIED,APPLIED,2,1,1,25950.472323,31743.0,1,0
b1_lease_only-mid_dispatch-ledger_postings-ed094880-r1,(session-3),B1_LEASE_ONLY,mid_dispatch,ledger_postings,NO_READBACK,CALLER_REFERENCE,f95bcaad-3c47-466d-9dfd-f7ec78a7563e,UNVERIFIED_FAILURE,FAILED,4,1,3,38975.373513,153772.0,1,1
b1_lease_only-mid_dispatch-ledger_postings-ed094880-r1,(session-3),B1_LEASE_ONLY,mid_dispatch,ledger_postings,NO_READBACK,CALLER_REFERENCE,f345ba70-3cc1-488d-87cf-5561db3e3f42,CONFIRMED_APPLIED,APPLIED,2,1,1,26436.663881,113648.0,1,0
b1_lease_only-mid_dispatch-ledger_postings-ed094880-r1,(session-3),B1_LEASE_ONLY,mid_dispatch,ledger_postings,NO_READBACK,CALLER_REFERENCE,88bbb6a6-ef67-45c7-8c91-49c8241cf054,CONFIRMED_APPLIED,APPLIED,2,1,1,26184.776284,86367.0,1,0
b1_lease_only-mid_dispatch-ledger_postings-ed094880-r1,(session-3),B1_LEASE_ONLY,mid_dispatch,ledger_postings,NO_READBACK,CALLER_REFERENCE,a7abd681-f6e2-4852-a99a-548c4024bdb8,CONFIRMED_APPLIED,APPLIED,2,1,1,26179.740629,59238.0,1,0
b1_lease_only-mid_dispatch-ledger_postings-ed094880-r1,(session-3),B1_LEASE_ONLY,mid_dispatch,ledger_postings,NO_READBACK,CALLER_REFERENCE,e4f98168-780e-4d8c-8bca-cbec2b633111,CONFIRMED_APPLIED,APPLIED,3,1,2,31451.035477,32106.0,1,0
b1_lease_only-mid_dispatch-ledger_postings-ed094880-r1,(session-3),B1_LEASE_ONLY,mid_dispatch,ledger_postings,NO_READBACK,CALLER_REFERENCE,fc67560e-cd88-4bca-a244-b00adfa36580,CONFIRMED_APPLIED,APPLIED,3,1,2,30963.047349,153768.0,1,0
b1_lease_only-mid_dispatch-ledger_postings-ed094880-r1,(session-3),B1_LEASE_ONLY,mid_dispatch,ledger_postings,NO_READBACK,CALLER_REFERENCE,9b72787d-39ab-4c77-a39c-6610d0f82c9c,CONFIRMED_APPLIED,APPLIED,2,1,1,26456.604456,121656.0,1,0
b1_lease_only-mid_dispatch-ledger_postings-ed094880-r1,(session-3),B1_LEASE_ONLY,mid_dispatch,ledger_postings,NO_READBACK,CALLER_REFERENCE,6f83eb52-f986-489e-b007-b5abaa006354,CONFIRMED_APPLIED,APPLIED,2,1,1,26192.979271,94400.0,1,0
b1_lease_only-mid_dispatch-ledger_postings-ed094880-r1,(session-3),B1_LEASE_ONLY,mid_dispatch,ledger_postings,NO_READBACK,CALLER_REFERENCE,747edbf2-869e-46d4-934a-1883dbac4a4f,CONFIRMED_APPLIED,APPLIED,2,1,1,26194.177206,67316.0,1,0
b1_lease_only-mid_dispatch-ledger_postings-ed094880-r1,(session-3),B1_LEASE_ONLY,mid_dispatch,ledger_postings,NO_READBACK,CALLER_REFERENCE,52468426-1eb5-4913-8f84-b67dd1fd88e9,CONFIRMED_APPLIED,APPLIED,2,1,1,26201.329961,40198.0,1,0
b1_lease_only-mid_dispatch-ledger_postings-ed094880-r2,(session-3),B1_LEASE_ONLY,mid_dispatch,ledger_postings,NO_READBACK,CALLER_REFERENCE,e0f94724-1816-4823-b717-e47cb1294d32,CONFIRMED_APPLIED,APPLIED,2,1,1,25963.758983,140795.0,1,0
b1_lease_only-mid_dispatch-ledger_postings-ed094880-r2,(session-3),B1_LEASE_ONLY,mid_dispatch,ledger_postings,NO_READBACK,CALLER_REFERENCE,d826e6b5-e4af-4ff4-ac37-f20a0dbe8fc5,CONFIRMED_APPLIED,APPLIED,2,1,1,26214.404033,113685.0,1,0
b1_lease_only-mid_dispatch-ledger_postings-ed094880-r2,(session-3),B1_LEASE_ONLY,mid_dispatch,ledger_postings,NO_READBACK,CALLER_REFERENCE,92cae828-3f5a-41dd-97c1-8f88f45b363b,CONFIRMED_APPLIED,APPLIED,2,1,1,25975.622338,86519.0,1,0
b1_lease_only-mid_dispatch-ledger_postings-ed094880-r2,(session-3),B1_LEASE_ONLY,mid_dispatch,ledger_postings,NO_READBACK,CALLER_REFERENCE,60b20cd1-4073-4b66-a235-a4d94f062a09,CONFIRMED_APPLIED,APPLIED,2,1,1,26244.390536,59280.0,1,0
b1_lease_only-mid_dispatch-ledger_postings-ed094880-r2,(session-3),B1_LEASE_ONLY,mid_dispatch,ledger_postings,NO_READBACK,CALLER_REFERENCE,38f7c6bb-4987-4077-8c43-4d3f57290bcc,CONFIRMED_APPLIED,APPLIED,2,1,1,25971.896572,31972.0,1,0
b1_lease_only-mid_dispatch-ledger_postings-ed094880-r2,(session-3),B1_LEASE_ONLY,mid_dispatch,ledger_postings,NO_READBACK,CALLER_REFERENCE,5da5c525-a8eb-49c6-bda4-6085e1a83d6a,CONFIRMED_APPLIED,APPLIED,2,1,2,30968.043441,140738.0,1,0
b1_lease_only-mid_dispatch-ledger_postings-ed094880-r2,(session-3),B1_LEASE_ONLY,mid_dispatch,ledger_postings,NO_READBACK,CALLER_REFERENCE,71f1990d-1077-42c0-9a42-f734f1f8db80,CONFIRMED_APPLIED,APPLIED,2,1,1,26214.854074,108596.0,1,0
b1_lease_only-mid_dispatch-ledger_postings-ed094880-r2,(session-3),B1_LEASE_ONLY,mid_dispatch,ledger_postings,NO_READBACK,CALLER_REFERENCE,739947f8-200e-4017-9951-d969b36f8865,CONFIRMED_APPLIED,APPLIED,2,1,1,26222.789061,81483.0,1,0
b1_lease_only-mid_dispatch-ledger_postings-ed094880-r2,(session-3),B1_LEASE_ONLY,mid_dispatch,ledger_postings,NO_READBACK,CALLER_REFERENCE,965568c9-e3d7-442a-97fd-498e7120a156,CONFIRMED_APPLIED,APPLIED,2,1,1,26266.219859,54333.0,1,0
b1_lease_only-mid_dispatch-ledger_postings-ed094880-r2,(session-3),B1_LEASE_ONLY,mid_dispatch,ledger_postings,NO_READBACK,CALLER_REFERENCE,a9cdf508-f01f-486f-b3b2-69d5f60b0858,CONFIRMED_APPLIED,APPLIED,2,1,1,26230.332465,27042.0,1,0
b1_lease_only-mid_dispatch-notifications-ca6411f0-r0,(session-3),B1_LEASE_ONLY,mid_dispatch,notifications,POSITIVE_ONLY_READBACK,CALLER_REFERENCE,9d8b1db5-5234-41b5-8670-4b1a1a241ffc,CONFIRMED_APPLIED,APPLIED,1,1,1,25984.812424,142521.0,0,0
b1_lease_only-mid_dispatch-notifications-ca6411f0-r0,(session-3),B1_LEASE_ONLY,mid_dispatch,notifications,POSITIVE_ONLY_READBACK,CALLER_REFERENCE,6772ae1d-8783-4baf-aa79-4696e9ec5a23,CONFIRMED_APPLIED,APPLIED,3,1,2,30983.509674,115420.0,1,0
b1_lease_only-mid_dispatch-notifications-ca6411f0-r0,(session-3),B1_LEASE_ONLY,mid_dispatch,notifications,POSITIVE_ONLY_READBACK,CALLER_REFERENCE,9334dd90-0c49-4ce4-8253-d82ad7a46c04,CONFIRMED_APPLIED,APPLIED,2,1,1,25992.844697,83293.0,1,0
b1_lease_only-mid_dispatch-notifications-ca6411f0-r0,(session-3),B1_LEASE_ONLY,mid_dispatch,notifications,POSITIVE_ONLY_READBACK,CALLER_REFERENCE,b1d579b7-b973-49f2-b61a-69fd2adea1a5,CONFIRMED_APPLIED,APPLIED,2,1,2,27993.705791,56186.0,1,0
b1_lease_only-mid_dispatch-notifications-ca6411f0-r0,(session-3),B1_LEASE_ONLY,mid_dispatch,notifications,POSITIVE_ONLY_READBACK,CALLER_REFERENCE,668677c8-80f4-4c29-a91f-a32f1146d845,CONFIRMED_APPLIED,APPLIED,2,1,1,25945.399104,27008.0,1,0
b1_lease_only-mid_dispatch-notifications-ca6411f0-r0,(session-3),B1_LEASE_ONLY,mid_dispatch,notifications,POSITIVE_ONLY_READBACK,CALLER_REFERENCE,7463d249-a0a1-4645-9764-dd33a5aa13d6,CONFIRMED_APPLIED,APPLIED,2,1,1,26001.602915,142507.0,1,0
b1_lease_only-mid_dispatch-notifications-ca6411f0-r0,(session-3),B1_LEASE_ONLY,mid_dispatch,notifications,POSITIVE_ONLY_READBACK,CALLER_REFERENCE,0d0eda13-3441-4823-99cd-81102b14d908,CONFIRMED_APPLIED,APPLIED,2,1,1,26007.952571,115354.0,1,0
b1_lease_only-mid_dispatch-notifications-ca6411f0-r0,(session-3),B1_LEASE_ONLY,mid_dispatch,notifications,POSITIVE_ONLY_READBACK,CALLER_REFERENCE,cea4fc49-6e10-4d1d-a310-c28b5e3fafb6,CONFIRMED_APPLIED,APPLIED,2,1,1,26006.144206,88191.0,1,0
b1_lease_only-mid_dispatch-notifications-ca6411f0-r0,(session-3),B1_LEASE_ONLY,mid_dispatch,notifications,POSITIVE_ONLY_READBACK,CALLER_REFERENCE,2f9f3a43-eb14-4972-a993-b6913eaf6517,CONFIRMED_APPLIED,APPLIED,2,1,1,26018.131288,61006.0,1,0
b1_lease_only-mid_dispatch-notifications-ca6411f0-r0,(session-3),B1_LEASE_ONLY,mid_dispatch,notifications,POSITIVE_ONLY_READBACK,CALLER_REFERENCE,df3d83d7-8f6d-46b1-80be-1ebdac970053,CONFIRMED_APPLIED,APPLIED,2,1,1,26195.752292,33824.0,1,0
b1_lease_only-mid_dispatch-notifications-ca6411f0-r1,(session-3),B1_LEASE_ONLY,mid_dispatch,notifications,POSITIVE_ONLY_READBACK,CALLER_REFERENCE,6bccfd6c-0d6b-445e-98dd-11901dcbd367,CONFIRMED_APPLIED,APPLIED,2,1,1,26253.530162,145778.0,1,0
b1_lease_only-mid_dispatch-notifications-ca6411f0-r1,(session-3),B1_LEASE_ONLY,mid_dispatch,notifications,POSITIVE_ONLY_READBACK,CALLER_REFERENCE,2e206481-dd86-4800-b7f0-1a47516e97ef,CONFIRMED_APPLIED,APPLIED,2,1,1,25961.392745,118557.0,1,0
b1_lease_only-mid_dispatch-notifications-ca6411f0-r1,(session-3),B1_LEASE_ONLY,mid_dispatch,notifications,POSITIVE_ONLY_READBACK,CALLER_REFERENCE,17c0dd59-61ee-40d5-92d5-93b13e8916c9,CONFIRMED_APPLIED,APPLIED,3,1,2,31205.604584,91419.0,1,0
b1_lease_only-mid_dispatch-notifications-ca6411f0-r1,(session-3),B1_LEASE_ONLY,mid_dispatch,notifications,POSITIVE_ONLY_READBACK,CALLER_REFERENCE,8815f01f-e823-4fce-ab5b-fec28265bcc7,CONFIRMED_APPLIED,APPLIED,2,1,1,26203.941029,59176.0,1,0
b1_lease_only-mid_dispatch-notifications-ca6411f0-r1,(session-3),B1_LEASE_ONLY,mid_dispatch,notifications,POSITIVE_ONLY_READBACK,CALLER_REFERENCE,cb6b3aad-f453-4f7b-b274-156166c9e885,CONFIRMED_APPLIED,APPLIED,3,1,2,30734.306262,32031.0,1,0
b1_lease_only-mid_dispatch-notifications-ca6411f0-r1,(session-3),B1_LEASE_ONLY,mid_dispatch,notifications,POSITIVE_ONLY_READBACK,CALLER_REFERENCE,1ece273f-153a-4fb0-8fc9-62a8da3f61d9,CONFIRMED_APPLIED,APPLIED,2,1,1,26238.602546,145780.0,1,0
b1_lease_only-mid_dispatch-notifications-ca6411f0-r1,(session-3),B1_LEASE_ONLY,mid_dispatch,notifications,POSITIVE_ONLY_READBACK,CALLER_REFERENCE,c701008f-3395-46ec-8d95-ca01486ac9f5,CONFIRMED_APPLIED,APPLIED,2,1,1,25964.379768,118560.0,1,0
b1_lease_only-mid_dispatch-notifications-ca6411f0-r1,(session-3),B1_LEASE_ONLY,mid_dispatch,notifications,POSITIVE_ONLY_READBACK,CALLER_REFERENCE,0de21f41-d99d-47ca-9ed4-05a8bc8e25be,CONFIRMED_APPLIED,APPLIED,2,1,1,26188.435736,91420.0,1,0
b1_lease_only-mid_dispatch-notifications-ca6411f0-r1,(session-3),B1_LEASE_ONLY,mid_dispatch,notifications,POSITIVE_ONLY_READBACK,CALLER_REFERENCE,c33346e7-1c5f-45fe-9e2f-7a94c070f148,CONFIRMED_APPLIED,APPLIED,3,1,2,31212.208213,64172.0,1,0
b1_lease_only-mid_dispatch-notifications-ca6411f0-r1,(session-3),B1_LEASE_ONLY,mid_dispatch,notifications,POSITIVE_ONLY_READBACK,CALLER_REFERENCE,33b316b3-c680-478e-bdbc-d1ffa221ab19,CONFIRMED_APPLIED,APPLIED,2,1,1,25974.55272,31919.0,1,0
b1_lease_only-mid_dispatch-notifications-ca6411f0-r2,(session-3),B1_LEASE_ONLY,mid_dispatch,notifications,POSITIVE_ONLY_READBACK,CALLER_REFERENCE,2c6b58a2-8cfe-44a4-b462-45d739e0a34c,CONFIRMED_APPLIED,APPLIED,3,1,2,31002.885402,147885.0,1,0
b1_lease_only-mid_dispatch-notifications-ca6411f0-r2,(session-3),B1_LEASE_ONLY,mid_dispatch,notifications,POSITIVE_ONLY_READBACK,CALLER_REFERENCE,4e50c6b8-2e66-4bb5-86dd-c6be53372a42,CONFIRMED_APPLIED,APPLIED,2,1,1,25975.147278,115696.0,1,0
b1_lease_only-mid_dispatch-notifications-ca6411f0-r2,(session-3),B1_LEASE_ONLY,mid_dispatch,notifications,POSITIVE_ONLY_READBACK,CALLER_REFERENCE,6886b2a2-e8af-4692-8ab6-b408ebd85536,CONFIRMED_APPLIED,APPLIED,2,1,2,28251.469436,88492.0,1,0
b1_lease_only-mid_dispatch-notifications-ca6411f0-r2,(session-3),B1_LEASE_ONLY,mid_dispatch,notifications,POSITIVE_ONLY_READBACK,CALLER_REFERENCE,b10d26f6-5ecb-4909-b0e4-1dd003f94203,CONFIRMED_APPLIED,APPLIED,3,1,2,31224.007183,59247.0,1,0
b1_lease_only-mid_dispatch-notifications-ca6411f0-r2,(session-3),B1_LEASE_ONLY,mid_dispatch,notifications,POSITIVE_ONLY_READBACK,CALLER_REFERENCE,82d2113c-d209-4b22-aa13-6d86a2fce5c2,CONFIRMED_APPLIED,APPLIED,2,1,1,25982.416094,26938.0,1,0
b1_lease_only-mid_dispatch-notifications-ca6411f0-r2,(session-3),B1_LEASE_ONLY,mid_dispatch,notifications,POSITIVE_ONLY_READBACK,CALLER_REFERENCE,6102df8c-86c7-4b27-a4d6-043499245bd4,CONFIRMED_APPLIED,APPLIED,1,1,1,26000.986693,147942.0,0,0
b1_lease_only-mid_dispatch-notifications-ca6411f0-r2,(session-3),B1_LEASE_ONLY,mid_dispatch,notifications,POSITIVE_ONLY_READBACK,CALLER_REFERENCE,a49850c8-c7e3-480c-9057-a0ec2deac149,CONFIRMED_APPLIED,APPLIED,2,1,1,25991.66252,120760.0,1,0
b1_lease_only-mid_dispatch-notifications-ca6411f0-r2,(session-3),B1_LEASE_ONLY,mid_dispatch,notifications,POSITIVE_ONLY_READBACK,CALLER_REFERENCE,5d0b9d70-1f6c-490b-a93b-e768e7fb270e,CONFIRMED_APPLIED,APPLIED,2,1,1,26007.229796,93475.0,1,0
b1_lease_only-mid_dispatch-notifications-ca6411f0-r2,(session-3),B1_LEASE_ONLY,mid_dispatch,notifications,POSITIVE_ONLY_READBACK,CALLER_REFERENCE,f2a16b52-d146-441f-8aa9-fc33ab35ca26,CONFIRMED_APPLIED,APPLIED,2,1,1,26209.6032,66367.0,1,0
b1_lease_only-mid_dispatch-notifications-ca6411f0-r2,(session-3),B1_LEASE_ONLY,mid_dispatch,notifications,POSITIVE_ONLY_READBACK,CALLER_REFERENCE,b4befbff-fdb6-4f8b-bc70-c7e94a0b67d7,CONFIRMED_APPLIED,APPLIED,2,1,2,28237.620023,39077.0,1,0
b1_lease_only-mid_dispatch-payments-a51aac15-r0,(session-3),B1_LEASE_ONLY,mid_dispatch,payments,AUTHORITATIVE_READBACK,CALLER_REFERENCE,022826fc-b7c7-4c3a-b7f4-65ef833fa82f,CONFIRMED_APPLIED,APPLIED,2,1,1,26447.151911,145485.0,1,0
b1_lease_only-mid_dispatch-payments-a51aac15-r0,(session-3),B1_LEASE_ONLY,mid_dispatch,payments,AUTHORITATIVE_READBACK,CALLER_REFERENCE,0bc9aca8-d6b7-4c57-8117-1795be6db0c8,CONFIRMED_APPLIED,APPLIED,1,1,1,26440.797577,118274.0,0,0
b1_lease_only-mid_dispatch-payments-a51aac15-r0,(session-3),B1_LEASE_ONLY,mid_dispatch,payments,AUTHORITATIVE_READBACK,CALLER_REFERENCE,06d3c942-211d-4a0c-89b7-24ff11a3887e,CONFIRMED_APPLIED,APPLIED,2,1,1,26453.787671,91076.0,1,0
b1_lease_only-mid_dispatch-payments-a51aac15-r0,(session-3),B1_LEASE_ONLY,mid_dispatch,payments,AUTHORITATIVE_READBACK,CALLER_REFERENCE,ba5e3f38-e150-41dc-910d-70de10771313,CONFIRMED_APPLIED,APPLIED,2,1,1,26447.605269,63957.0,1,0
b1_lease_only-mid_dispatch-payments-a51aac15-r0,(session-3),B1_LEASE_ONLY,mid_dispatch,payments,AUTHORITATIVE_READBACK,CALLER_REFERENCE,46f6fabe-3c3a-450c-ba8e-a6d13dfc4fe5,CONFIRMED_APPLIED,APPLIED,2,1,1,26426.567749,36851.0,1,0
b1_lease_only-mid_dispatch-payments-a51aac15-r0,(session-3),B1_LEASE_ONLY,mid_dispatch,payments,AUTHORITATIVE_READBACK,CALLER_REFERENCE,44425d5c-8e5a-4122-b126-e73eca9e7808,CONFIRMED_APPLIED,APPLIED,2,1,1,26444.142393,145488.0,1,0
b1_lease_only-mid_dispatch-payments-a51aac15-r0,(session-3),B1_LEASE_ONLY,mid_dispatch,payments,AUTHORITATIVE_READBACK,CALLER_REFERENCE,a5c1ee50-7b51-428f-998b-8f4a16e80fa6,CONFIRMED_APPLIED,APPLIED,3,1,2,31467.766694,118335.0,1,0
b1_lease_only-mid_dispatch-payments-a51aac15-r0,(session-3),B1_LEASE_ONLY,mid_dispatch,payments,AUTHORITATIVE_READBACK,CALLER_REFERENCE,e56033c0-e92b-4ac8-9b3a-c9cf7ccb690d,CONFIRMED_APPLIED,APPLIED,3,1,2,31457.88464,86090.0,1,0
b1_lease_only-mid_dispatch-payments-a51aac15-r0,(session-3),B1_LEASE_ONLY,mid_dispatch,payments,AUTHORITATIVE_READBACK,CALLER_REFERENCE,0b57b55e-9d19-4d0a-b06d-962268aaa28a,CONFIRMED_APPLIED,APPLIED,2,1,1,26439.712185,53928.0,1,0
b1_lease_only-mid_dispatch-payments-a51aac15-r0,(session-3),B1_LEASE_ONLY,mid_dispatch,payments,AUTHORITATIVE_READBACK,CALLER_REFERENCE,31f2c9fd-e5a9-4d74-90f3-6fc89465440a,CONFIRMED_APPLIED,APPLIED,2,1,1,26438.696757,26797.0,1,0
b1_lease_only-mid_dispatch-payments-a51aac15-r1,(session-3),B1_LEASE_ONLY,mid_dispatch,payments,AUTHORITATIVE_READBACK,CALLER_REFERENCE,7b06b9e0-a03e-490a-b235-6ea8ada7ff9f,CONFIRMED_APPLIED,APPLIED,3,1,3,33457.399292,147351.0,1,0
b1_lease_only-mid_dispatch-payments-a51aac15-r1,(session-3),B1_LEASE_ONLY,mid_dispatch,payments,AUTHORITATIVE_READBACK,CALLER_REFERENCE,ff322b43-7fff-42f1-b275-8cb7b0cea723,CONFIRMED_APPLIED,APPLIED,2,1,1,26442.485466,113140.0,1,0
b1_lease_only-mid_dispatch-payments-a51aac15-r1,(session-3),B1_LEASE_ONLY,mid_dispatch,payments,AUTHORITATIVE_READBACK,CALLER_REFERENCE,a519072a-cec2-4f62-ac81-824f7b5cc434,CONFIRMED_APPLIED,APPLIED,3,1,2,31454.620788,86063.0,1,0
b1_lease_only-mid_dispatch-payments-a51aac15-r1,(session-3),B1_LEASE_ONLY,mid_dispatch,payments,AUTHORITATIVE_READBACK,CALLER_REFERENCE,db8aabae-d18a-44c3-ac14-b25c5f07b5c8,CONFIRMED_APPLIED,APPLIED,2,1,1,26440.73729,53943.0,1,0
b1_lease_only-mid_dispatch-payments-a51aac15-r1,(session-3),B1_LEASE_ONLY,mid_dispatch,payments,AUTHORITATIVE_READBACK,CALLER_REFERENCE,cccb5cf3-04ad-4c1c-abf2-d4c9236d1b58,CONFIRMED_APPLIED,APPLIED,2,1,1,26451.762146,26864.0,1,0
b1_lease_only-mid_dispatch-payments-a51aac15-r1,(session-3),B1_LEASE_ONLY,mid_dispatch,payments,AUTHORITATIVE_READBACK,CALLER_REFERENCE,15b678e5-6451-48d1-a7e3-be6837735d25,CONFIRMED_APPLIED,APPLIED,2,1,1,26442.82935,147368.0,1,0
b1_lease_only-mid_dispatch-payments-a51aac15-r1,(session-3),B1_LEASE_ONLY,mid_dispatch,payments,AUTHORITATIVE_READBACK,CALLER_REFERENCE,751b3678-946e-4ef0-85ba-89213b9e4455,CONFIRMED_APPLIED,APPLIED,2,1,1,26446.944577,120210.0,1,0
b1_lease_only-mid_dispatch-payments-a51aac15-r1,(session-3),B1_LEASE_ONLY,mid_dispatch,payments,AUTHORITATIVE_READBACK,CALLER_REFERENCE,2ad27173-a4ac-4530-a767-689ef3cc0801,CONFIRMED_APPLIED,APPLIED,2,1,1,26444.974347,93133.0,1,0
b1_lease_only-mid_dispatch-payments-a51aac15-r1,(session-3),B1_LEASE_ONLY,mid_dispatch,payments,AUTHORITATIVE_READBACK,CALLER_REFERENCE,ba790c13-9797-41c9-a0ef-9eb40c8c7c5c,CONFIRMED_APPLIED,APPLIED,2,1,1,26435.263851,66052.0,1,0
b1_lease_only-mid_dispatch-payments-a51aac15-r1,(session-3),B1_LEASE_ONLY,mid_dispatch,payments,AUTHORITATIVE_READBACK,CALLER_REFERENCE,185432e3-e36e-45a7-8ada-c3af68aafe72,CONFIRMED_APPLIED,APPLIED,3,1,2,31446.710189,38874.0,1,0
b1_lease_only-mid_dispatch-payments-a51aac15-r2,(session-3),B1_LEASE_ONLY,mid_dispatch,payments,AUTHORITATIVE_READBACK,CALLER_REFERENCE,5cfd6c45-81be-4685-bba2-5a6b69ab4d31,CONFIRMED_APPLIED,APPLIED,2,1,1,26200.203473,139405.0,1,0
b1_lease_only-mid_dispatch-payments-a51aac15-r2,(session-3),B1_LEASE_ONLY,mid_dispatch,payments,AUTHORITATIVE_READBACK,CALLER_REFERENCE,3a790f3b-5046-4c60-b130-a3c48f22b6b0,CONFIRMED_APPLIED,APPLIED,2,1,1,26445.523188,112331.0,1,0
b1_lease_only-mid_dispatch-payments-a51aac15-r2,(session-3),B1_LEASE_ONLY,mid_dispatch,payments,AUTHORITATIVE_READBACK,CALLER_REFERENCE,9dc786ce-fd34-4129-89b0-da1b0bd0b1a4,CONFIRMED_APPLIED,APPLIED,2,1,2,28459.23498,85091.0,1,0
b1_lease_only-mid_dispatch-payments-a51aac15-r2,(session-3),B1_LEASE_ONLY,mid_dispatch,payments,AUTHORITATIVE_READBACK,CALLER_REFERENCE,3e24ce4d-e104-4cb5-acf9-be8e30a54756,CONFIRMED_APPLIED,APPLIED,2,1,1,26459.117766,55884.0,1,0
b1_lease_only-mid_dispatch-payments-a51aac15-r2,(session-3),B1_LEASE_ONLY,mid_dispatch,payments,AUTHORITATIVE_READBACK,CALLER_REFERENCE,e0078835-a12a-43dd-b3e0-8ba2744c18f6,CONFIRMED_APPLIED,APPLIED,2,1,2,28451.909154,28794.0,1,0
b1_lease_only-mid_dispatch-payments-a51aac15-r2,(session-3),B1_LEASE_ONLY,mid_dispatch,payments,AUTHORITATIVE_READBACK,CALLER_REFERENCE,462a55f6-48ca-49ab-be4f-0cbf14eb4e49,CONFIRMED_APPLIED,APPLIED,2,1,1,26196.665338,139440.0,1,0
b1_lease_only-mid_dispatch-payments-a51aac15-r2,(session-3),B1_LEASE_ONLY,mid_dispatch,payments,AUTHORITATIVE_READBACK,CALLER_REFERENCE,53db63ec-6038-4d6e-b1ed-59a9bfcf8489,CONFIRMED_APPLIED,APPLIED,2,1,1,26441.694296,112298.0,1,0
b1_lease_only-mid_dispatch-payments-a51aac15-r2,(session-3),B1_LEASE_ONLY,mid_dispatch,payments,AUTHORITATIVE_READBACK,CALLER_REFERENCE,c83b676f-fad5-4863-b7f6-e9a10095cc39,CONFIRMED_APPLIED,APPLIED,2,1,1,26450.007489,85028.0,1,0
b1_lease_only-mid_dispatch-payments-a51aac15-r2,(session-3),B1_LEASE_ONLY,mid_dispatch,payments,AUTHORITATIVE_READBACK,CALLER_REFERENCE,06cf36b4-3b86-40fe-8176-873a8a1d8644,CONFIRMED_APPLIED,APPLIED,2,1,1,26439.29383,57786.0,1,0
b1_lease_only-mid_dispatch-payments-a51aac15-r2,(session-3),B1_LEASE_ONLY,mid_dispatch,payments,AUTHORITATIVE_READBACK,CALLER_REFERENCE,bf819026-d356-45b4-a506-8e668d123a8f,CONFIRMED_APPLIED,APPLIED,2,1,1,26445.194102,30631.0,1,0
b1_lease_only-none-payments-0f0a2124-r0,p0,B1_LEASE_ONLY,none,payments,AUTHORITATIVE_READBACK,CALLER_REFERENCE,941f6848-8bd8-4bb5-8de5-32cc7bfc3b19,CONFIRMED_APPLIED,APPLIED,2,0,2,7083.338449,,1,0
b1_lease_only-none-payments-0f0a2124-r0,p0,B1_LEASE_ONLY,none,payments,AUTHORITATIVE_READBACK,CALLER_REFERENCE,0093a38f-8c4d-45b6-a860-2eae5515647d,CONFIRMED_APPLIED,APPLIED,2,0,2,7019.173626,,1,0
b1_lease_only-none-payments-0f0a2124-r0,p0,B1_LEASE_ONLY,none,payments,AUTHORITATIVE_READBACK,CALLER_REFERENCE,e4dcc5cc-cf34-4101-b3e9-8c73540a5c29,CONFIRMED_APPLIED,APPLIED,1,0,1,2010.912418,,0,0
b1_lease_only-none-payments-0f0a2124-r0,p0,B1_LEASE_ONLY,none,payments,AUTHORITATIVE_READBACK,CALLER_REFERENCE,9a1f6f12-8081-432e-a7ed-50e42d179fe7,CONFIRMED_APPLIED,APPLIED,1,0,1,2011.557821,,0,0
b1_lease_only-none-payments-0f0a2124-r0,p0,B1_LEASE_ONLY,none,payments,AUTHORITATIVE_READBACK,CALLER_REFERENCE,343d710d-33c3-4e74-ab5d-984ac4180e5b,CONFIRMED_APPLIED,APPLIED,1,0,1,2014.038507,,0,0
b1_lease_only-none-payments-0f0a2124-r0,p0,B1_LEASE_ONLY,none,payments,AUTHORITATIVE_READBACK,CALLER_REFERENCE,daceb35d-b253-4bc4-8071-e3d5d859d283,CONFIRMED_APPLIED,APPLIED,1,0,1,2070.076268,,0,0
b1_lease_only-none-payments-0f0a2124-r0,p0,B1_LEASE_ONLY,none,payments,AUTHORITATIVE_READBACK,CALLER_REFERENCE,769c51fc-159c-41b7-8af7-b11c59260eb4,CONFIRMED_APPLIED,APPLIED,1,0,1,2009.914736,,0,0
b1_lease_only-none-payments-0f0a2124-r0,p0,B1_LEASE_ONLY,none,payments,AUTHORITATIVE_READBACK,CALLER_REFERENCE,97a9b616-a038-429d-9d9a-32d24b247c9e,CONFIRMED_APPLIED,APPLIED,2,0,2,7017.031597,,1,0
b1_lease_only-none-payments-0f0a2124-r0,p0,B1_LEASE_ONLY,none,payments,AUTHORITATIVE_READBACK,CALLER_REFERENCE,b7d16a2a-ecc7-49a0-abab-e037acf9964a,CONFIRMED_APPLIED,APPLIED,1,0,1,2013.191566,,0,0
b1_lease_only-none-payments-0f0a2124-r0,p0,B1_LEASE_ONLY,none,payments,AUTHORITATIVE_READBACK,CALLER_REFERENCE,e95a99a7-aa5c-4cf6-b68f-8953fd4e31a2,CONFIRMED_APPLIED,APPLIED,1,0,1,2010.738169,,0,0
b1_lease_only-none-payments-0f0a2124-r1,p0,B1_LEASE_ONLY,none,payments,AUTHORITATIVE_READBACK,CALLER_REFERENCE,d7cf8fdb-a7a3-4ff2-a77a-d9537942d965,CONFIRMED_APPLIED,APPLIED,1,0,1,2086.774782,,0,0
b1_lease_only-none-payments-0f0a2124-r1,p0,B1_LEASE_ONLY,none,payments,AUTHORITATIVE_READBACK,CALLER_REFERENCE,2ba270fe-6d3d-4b96-ad8e-d6968e8a0c04,CONFIRMED_APPLIED,APPLIED,2,0,2,7017.701205,,1,0
b1_lease_only-none-payments-0f0a2124-r1,p0,B1_LEASE_ONLY,none,payments,AUTHORITATIVE_READBACK,CALLER_REFERENCE,384d860f-09e9-4cea-9c45-6c1e6add1a05,CONFIRMED_APPLIED,APPLIED,1,0,1,2009.656995,,0,0
b1_lease_only-none-payments-0f0a2124-r1,p0,B1_LEASE_ONLY,none,payments,AUTHORITATIVE_READBACK,CALLER_REFERENCE,12194190-20de-4356-afe7-105a9e8cb871,CONFIRMED_APPLIED,APPLIED,1,0,1,2010.579549,,0,0
b1_lease_only-none-payments-0f0a2124-r1,p0,B1_LEASE_ONLY,none,payments,AUTHORITATIVE_READBACK,CALLER_REFERENCE,d87e92f9-decf-4818-b3fc-8eb300fb76c9,CONFIRMED_APPLIED,APPLIED,2,0,2,7021.750449,,1,0
b1_lease_only-none-payments-0f0a2124-r1,p0,B1_LEASE_ONLY,none,payments,AUTHORITATIVE_READBACK,CALLER_REFERENCE,e29134b6-f02c-46e9-9291-3e3bd7720042,CONFIRMED_APPLIED,APPLIED,1,0,1,2056.488166,,0,0
b1_lease_only-none-payments-0f0a2124-r1,p0,B1_LEASE_ONLY,none,payments,AUTHORITATIVE_READBACK,CALLER_REFERENCE,2683f795-0004-4485-b270-3641d05a2aad,CONFIRMED_APPLIED,APPLIED,1,0,1,2007.558327,,0,0
b1_lease_only-none-payments-0f0a2124-r1,p0,B1_LEASE_ONLY,none,payments,AUTHORITATIVE_READBACK,CALLER_REFERENCE,3977850a-f0e4-4297-8d44-a715f9939355,UNVERIFIED_FAILURE,FAILED,1,0,3,9019.094144,,0,1
b1_lease_only-none-payments-0f0a2124-r1,p0,B1_LEASE_ONLY,none,payments,AUTHORITATIVE_READBACK,CALLER_REFERENCE,70f333ca-404b-4a59-bd4b-7207a14ef695,CONFIRMED_APPLIED,APPLIED,1,0,1,2010.305424,,0,0
b1_lease_only-none-payments-0f0a2124-r1,p0,B1_LEASE_ONLY,none,payments,AUTHORITATIVE_READBACK,CALLER_REFERENCE,290b2f8a-1f5a-472c-916d-b10936744c84,CONFIRMED_APPLIED,APPLIED,1,0,2,4018.311762,,0,0
b1_lease_only-none-payments-0f0a2124-r2,p0,B1_LEASE_ONLY,none,payments,AUTHORITATIVE_READBACK,CALLER_REFERENCE,97277d5b-c079-4023-a146-fec3b02da53f,CONFIRMED_APPLIED,APPLIED,1,0,1,2057.489187,,0,0
b1_lease_only-none-payments-0f0a2124-r2,p0,B1_LEASE_ONLY,none,payments,AUTHORITATIVE_READBACK,CALLER_REFERENCE,4dc6ce59-9dc9-49a3-ab2e-6f4567a3df82,CONFIRMED_APPLIED,APPLIED,1,0,1,2024.973143,,0,0
b1_lease_only-none-payments-0f0a2124-r2,p0,B1_LEASE_ONLY,none,payments,AUTHORITATIVE_READBACK,CALLER_REFERENCE,054ae469-feb1-43dd-a553-0963b1ae9615,CONFIRMED_APPLIED,APPLIED,1,0,1,2009.8351,,0,0
b1_lease_only-none-payments-0f0a2124-r2,p0,B1_LEASE_ONLY,none,payments,AUTHORITATIVE_READBACK,CALLER_REFERENCE,cb19a9cc-e288-4bc6-a624-44c0e11de7c7,CONFIRMED_APPLIED,APPLIED,1,0,1,2007.508748,,0,0
b1_lease_only-none-payments-0f0a2124-r2,p0,B1_LEASE_ONLY,none,payments,AUTHORITATIVE_READBACK,CALLER_REFERENCE,860d3c1e-dfb2-45bf-993d-61a73d7112ea,CONFIRMED_APPLIED,APPLIED,1,0,1,2007.614916,,0,0
b1_lease_only-none-payments-0f0a2124-r2,p0,B1_LEASE_ONLY,none,payments,AUTHORITATIVE_READBACK,CALLER_REFERENCE,9e13aff4-be87-414e-ab22-7ea99b34f81d,CONFIRMED_APPLIED,APPLIED,1,0,1,2066.633763,,0,0
b1_lease_only-none-payments-0f0a2124-r2,p0,B1_LEASE_ONLY,none,payments,AUTHORITATIVE_READBACK,CALLER_REFERENCE,66cb7e32-e129-45dd-877e-e90682e5b2f7,CONFIRMED_APPLIED,APPLIED,1,0,1,2012.010691,,0,0
b1_lease_only-none-payments-0f0a2124-r2,p0,B1_LEASE_ONLY,none,payments,AUTHORITATIVE_READBACK,CALLER_REFERENCE,7b4f2a66-7c35-4d2b-947a-6a1fc60b11f5,CONFIRMED_APPLIED,APPLIED,1,0,2,4017.118287,,0,0
b1_lease_only-none-payments-0f0a2124-r2,p0,B1_LEASE_ONLY,none,payments,AUTHORITATIVE_READBACK,CALLER_REFERENCE,5526b01e-f540-4c90-8dbd-ce65e0f4245d,CONFIRMED_APPLIED,APPLIED,1,0,1,2010.845044,,0,0
b1_lease_only-none-payments-0f0a2124-r2,p0,B1_LEASE_ONLY,none,payments,AUTHORITATIVE_READBACK,CALLER_REFERENCE,d2447cfe-de84-433b-8fe4-16c54acd7aca,CONFIRMED_APPLIED,APPLIED,1,0,1,2019.745911,,0,0
b2_cas_only-after_barrier_before_dispatch-ledger_postings-4e6c93b2-r0,(session-3),B2_CAS_ONLY,after_barrier_before_dispatch,ledger_postings,NO_READBACK,CALLER_REFERENCE,b4caa410-d2e3-4506-b75e-e18f47e447a2,CONFIRMED_APPLIED,APPLIED,3,1,2,31015.951319,140595.0,1,0
b2_cas_only-after_barrier_before_dispatch-ledger_postings-4e6c93b2-r0,(session-3),B2_CAS_ONLY,after_barrier_before_dispatch,ledger_postings,NO_READBACK,CALLER_REFERENCE,e1d1b8cc-d376-4002-9f28-b4e02b66ffc7,CONFIRMED_APPLIED,APPLIED,2,1,1,25982.883416,108381.0,1,0
b2_cas_only-after_barrier_before_dispatch-ledger_postings-4e6c93b2-r0,(session-3),B2_CAS_ONLY,after_barrier_before_dispatch,ledger_postings,NO_READBACK,CALLER_REFERENCE,268a5328-03bd-4e5c-b8a4-4ef88becbda2,CONFIRMED_APPLIED,APPLIED,2,1,1,25956.014817,81311.0,1,0
b2_cas_only-after_barrier_before_dispatch-ledger_postings-4e6c93b2-r0,(session-3),B2_CAS_ONLY,after_barrier_before_dispatch,ledger_postings,NO_READBACK,CALLER_REFERENCE,86ed18cf-a60e-472e-b757-980e626d8245,CONFIRMED_APPLIED,APPLIED,2,1,1,26207.231601,54191.0,1,0
b2_cas_only-after_barrier_before_dispatch-ledger_postings-4e6c93b2-r0,(session-3),B2_CAS_ONLY,after_barrier_before_dispatch,ledger_postings,NO_READBACK,CALLER_REFERENCE,bac5b714-57b3-4651-a1c2-06fcd16e7673,CONFIRMED_APPLIED,APPLIED,2,1,1,26203.059947,26969.0,1,0
b2_cas_only-after_barrier_before_dispatch-ledger_postings-4e6c93b2-r0,(session-3),B2_CAS_ONLY,after_barrier_before_dispatch,ledger_postings,NO_READBACK,CALLER_REFERENCE,dfdcfef4-52c1-4293-bcab-98bdbe28b032,CONFIRMED_APPLIED,APPLIED,2,1,1,26020.903642,140498.0,1,0
b2_cas_only-after_barrier_before_dispatch-ledger_postings-4e6c93b2-r0,(session-3),B2_CAS_ONLY,after_barrier_before_dispatch,ledger_postings,NO_READBACK,CALLER_REFERENCE,99af283d-1df7-4081-b2a4-74780a9427b9,CONFIRMED_APPLIED,APPLIED,3,1,2,31013.353765,113323.0,1,0
b2_cas_only-after_barrier_before_dispatch-ledger_postings-4e6c93b2-r0,(session-3),B2_CAS_ONLY,after_barrier_before_dispatch,ledger_postings,NO_READBACK,CALLER_REFERENCE,8aa866f7-f41a-4c40-9bf4-d2d6e3a37e1c,CONFIRMED_APPLIED,APPLIED,2,1,1,25949.398746,81170.0,1,0
b2_cas_only-after_barrier_before_dispatch-ledger_postings-4e6c93b2-r0,(session-3),B2_CAS_ONLY,after_barrier_before_dispatch,ledger_postings,NO_READBACK,CALLER_REFERENCE,9e5ba718-b510-4be2-a0db-c1d92d5003d9,CONFIRMED_APPLIED,APPLIED,2,1,1,26224.930138,54065.0,1,0
b2_cas_only-after_barrier_before_dispatch-ledger_postings-4e6c93b2-r0,(session-3),B2_CAS_ONLY,after_barrier_before_dispatch,ledger_postings,NO_READBACK,CALLER_REFERENCE,c4042a5d-0784-4dc4-8687-2493cf051541,CONFIRMED_APPLIED,APPLIED,2,1,1,26197.386579,26832.0,1,0
b2_cas_only-after_barrier_before_dispatch-ledger_postings-4e6c93b2-r1,(session-3),B2_CAS_ONLY,after_barrier_before_dispatch,ledger_postings,NO_READBACK,CALLER_REFERENCE,dee9bc87-6745-417d-9268-d99fea96c12b,CONFIRMED_APPLIED,APPLIED,3,1,2,31209.160964,142518.0,1,0
b2_cas_only-after_barrier_before_dispatch-ledger_postings-4e6c93b2-r1,(session-3),B2_CAS_ONLY,after_barrier_before_dispatch,ledger_postings,NO_READBACK,CALLER_REFERENCE,5aa563f7-9d0a-40a2-bdd0-a837f40adb4d,CONFIRMED_APPLIED,APPLIED,2,1,1,26207.85136,110356.0,1,0
b2_cas_only-after_barrier_before_dispatch-ledger_postings-4e6c93b2-r1,(session-3),B2_CAS_ONLY,after_barrier_before_dispatch,ledger_postings,NO_READBACK,CALLER_REFERENCE,ebf10df9-5510-4083-b782-95ad563c37c8,CONFIRMED_APPLIED,APPLIED,1,1,1,26202.328006,83194.0,0,0
b2_cas_only-after_barrier_before_dispatch-ledger_postings-4e6c93b2-r1,(session-3),B2_CAS_ONLY,after_barrier_before_dispatch,ledger_postings,NO_READBACK,CALLER_REFERENCE,2e441789-d34b-4cc9-93a3-ee1ae73c6839,CONFIRMED_APPLIED,APPLIED,2,1,1,26193.250438,56103.0,1,0
b2_cas_only-after_barrier_before_dispatch-ledger_postings-4e6c93b2-r1,(session-3),B2_CAS_ONLY,after_barrier_before_dispatch,ledger_postings,NO_READBACK,CALLER_REFERENCE,0a9b7ea2-fbc2-4d72-836b-26850dcb8901,CONFIRMED_APPLIED,APPLIED,2,1,1,26214.127526,28943.0,1,0
b2_cas_only-after_barrier_before_dispatch-ledger_postings-4e6c93b2-r1,(session-3),B2_CAS_ONLY,after_barrier_before_dispatch,ledger_postings,NO_READBACK,CALLER_REFERENCE,d69b8bd0-ab31-46f8-ba28-71844173f685,CONFIRMED_APPLIED,APPLIED,2,1,2,28202.557793,142530.0,1,0
b2_cas_only-after_barrier_before_dispatch-ledger_postings-4e6c93b2-r1,(session-3),B2_CAS_ONLY,after_barrier_before_dispatch,ledger_postings,NO_READBACK,CALLER_REFERENCE,1d5c0bcd-af97-41ee-a1fe-32dc0e4d9e93,CONFIRMED_APPLIED,APPLIED,2,1,1,26194.153625,113355.0,1,0
b2_cas_only-after_barrier_before_dispatch-ledger_postings-4e6c93b2-r1,(session-3),B2_CAS_ONLY,after_barrier_before_dispatch,ledger_postings,NO_READBACK,CALLER_REFERENCE,ab8d8622-7895-474e-8a8f-8868e7ce50a0,CONFIRMED_APPLIED,APPLIED,2,1,1,26193.869165,86154.0,1,0
b2_cas_only-after_barrier_before_dispatch-ledger_postings-4e6c93b2-r1,(session-3),B2_CAS_ONLY,after_barrier_before_dispatch,ledger_postings,NO_READBACK,CALLER_REFERENCE,d9159621-48e6-4d2e-9727-6a6c359ef8d6,CONFIRMED_APPLIED,APPLIED,3,1,2,31229.559462,59102.0,1,0
b2_cas_only-after_barrier_before_dispatch-ledger_postings-4e6c93b2-r1,(session-3),B2_CAS_ONLY,after_barrier_before_dispatch,ledger_postings,NO_READBACK,CALLER_REFERENCE,a2a57f9a-9b4d-4bc8-93a1-f874f5aace12,CONFIRMED_APPLIED,APPLIED,2,1,1,26204.774476,26984.0,1,0
b2_cas_only-after_barrier_before_dispatch-ledger_postings-4e6c93b2-r2,(session-3),B2_CAS_ONLY,after_barrier_before_dispatch,ledger_postings,NO_READBACK,CALLER_REFERENCE,22ee9512-caa1-4d6b-8213-e2c5c81b193b,CONFIRMED_APPLIED,APPLIED,2,1,1,26197.332951,142551.0,1,0
b2_cas_only-after_barrier_before_dispatch-ledger_postings-4e6c93b2-r2,(session-3),B2_CAS_ONLY,after_barrier_before_dispatch,ledger_postings,NO_READBACK,CALLER_REFERENCE,a84c2b8c-67f3-4b71-9875-6f1bc89a2d54,CONFIRMED_APPLIED,APPLIED,2,1,1,26203.120732,115328.0,1,0
b2_cas_only-after_barrier_before_dispatch-ledger_postings-4e6c93b2-r2,(session-3),B2_CAS_ONLY,after_barrier_before_dispatch,ledger_postings,NO_READBACK,CALLER_REFERENCE,12c82ce7-d155-42a0-b6ac-fe7ce1b277a4,CONFIRMED_APPLIED,APPLIED,2,1,1,26210.466378,88160.0,1,0
b2_cas_only-after_barrier_before_dispatch-ledger_postings-4e6c93b2-r2,(session-3),B2_CAS_ONLY,after_barrier_before_dispatch,ledger_postings,NO_READBACK,CALLER_REFERENCE,075ad41a-4077-4b2d-b9eb-9afebcd939a9,CONFIRMED_APPLIED,APPLIED,2,1,1,26438.484871,61085.0,1,0
b2_cas_only-after_barrier_before_dispatch-ledger_postings-4e6c93b2-r2,(session-3),B2_CAS_ONLY,after_barrier_before_dispatch,ledger_postings,NO_READBACK,CALLER_REFERENCE,686211ea-af21-4d8f-9d09-28c143ca30bb,CONFIRMED_APPLIED,APPLIED,2,1,1,26198.998375,33769.0,1,0
b2_cas_only-after_barrier_before_dispatch-ledger_postings-4e6c93b2-r2,(session-3),B2_CAS_ONLY,after_barrier_before_dispatch,ledger_postings,NO_READBACK,CALLER_REFERENCE,4b8fed9e-0feb-485a-b968-076079071737,CONFIRMED_APPLIED,APPLIED,3,1,2,31217.949781,142556.0,1,0
b2_cas_only-after_barrier_before_dispatch-ledger_postings-4e6c93b2-r2,(session-3),B2_CAS_ONLY,after_barrier_before_dispatch,ledger_postings,NO_READBACK,CALLER_REFERENCE,e7f1bfb1-272a-4dfd-bbaa-e7058176a86f,CONFIRMED_APPLIED,APPLIED,1,1,1,26205.443953,110318.0,0,0
b2_cas_only-after_barrier_before_dispatch-ledger_postings-4e6c93b2-r2,(session-3),B2_CAS_ONLY,after_barrier_before_dispatch,ledger_postings,NO_READBACK,CALLER_REFERENCE,3c95f4a3-f107-41e8-a491-d800c0031b28,CONFIRMED_APPLIED,APPLIED,2,1,2,27997.738169,83133.0,1,0
b2_cas_only-after_barrier_before_dispatch-ledger_postings-4e6c93b2-r2,(session-3),B2_CAS_ONLY,after_barrier_before_dispatch,ledger_postings,NO_READBACK,CALLER_REFERENCE,fa5ecd54-db17-4c16-bb4e-83b68be45908,CONFIRMED_APPLIED,APPLIED,2,1,1,26213.197511,54006.0,1,0
b2_cas_only-after_barrier_before_dispatch-ledger_postings-4e6c93b2-r2,(session-3),B2_CAS_ONLY,after_barrier_before_dispatch,ledger_postings,NO_READBACK,CALLER_REFERENCE,b13e8372-13dc-43d0-887b-6913cfa7d82f,CONFIRMED_APPLIED,APPLIED,2,1,1,26183.973342,26823.0,1,0
b2_cas_only-after_barrier_before_dispatch-notifications-201c32b9-r0,(session-3),B2_CAS_ONLY,after_barrier_before_dispatch,notifications,POSITIVE_ONLY_READBACK,CALLER_REFERENCE,c4e56dde-827b-4339-aa49-cf63c716e2c1,CONFIRMED_APPLIED,APPLIED,2,1,1,26180.883911,141156.0,1,0
b2_cas_only-after_barrier_before_dispatch-notifications-201c32b9-r0,(session-3),B2_CAS_ONLY,after_barrier_before_dispatch,notifications,POSITIVE_ONLY_READBACK,CALLER_REFERENCE,8c97c90a-0474-479b-93fe-bd4e35bcd503,CONFIRMED_APPLIED,APPLIED,2,1,1,26438.581392,113936.0,1,0
b2_cas_only-after_barrier_before_dispatch-notifications-201c32b9-r0,(session-3),B2_CAS_ONLY,after_barrier_before_dispatch,notifications,POSITIVE_ONLY_READBACK,CALLER_REFERENCE,599c859f-6ba7-4ec9-b303-32f5d1de1455,CONFIRMED_APPLIED,APPLIED,3,1,2,31184.547271,86623.0,1,0
b2_cas_only-after_barrier_before_dispatch-notifications-201c32b9-r0,(session-3),B2_CAS_ONLY,after_barrier_before_dispatch,notifications,POSITIVE_ONLY_READBACK,CALLER_REFERENCE,26a6aea7-755f-45fb-9297-2673e62b9c90,CONFIRMED_APPLIED,APPLIED,2,1,1,26456.356937,54404.0,1,0
b2_cas_only-after_barrier_before_dispatch-notifications-201c32b9-r0,(session-3),B2_CAS_ONLY,after_barrier_before_dispatch,notifications,POSITIVE_ONLY_READBACK,CALLER_REFERENCE,0ceeff7a-8fe2-41ad-ac33-597f8a149088,CONFIRMED_APPLIED,APPLIED,2,1,1,26459.33714,27023.0,1,0
b2_cas_only-after_barrier_before_dispatch-notifications-201c32b9-r0,(session-3),B2_CAS_ONLY,after_barrier_before_dispatch,notifications,POSITIVE_ONLY_READBACK,CALLER_REFERENCE,b8b639cc-d3a6-4795-b237-a03052daaf3d,CONFIRMED_APPLIED,APPLIED,2,1,1,26200.062642,141153.0,1,0
b2_cas_only-after_barrier_before_dispatch-notifications-201c32b9-r0,(session-3),B2_CAS_ONLY,after_barrier_before_dispatch,notifications,POSITIVE_ONLY_READBACK,CALLER_REFERENCE,1a1acd3a-9a21-4f14-b5c7-ea933952c27e,CONFIRMED_APPLIED,APPLIED,2,1,1,26421.988085,113937.0,1,0
b2_cas_only-after_barrier_before_dispatch-notifications-201c32b9-r0,(session-3),B2_CAS_ONLY,after_barrier_before_dispatch,notifications,POSITIVE_ONLY_READBACK,CALLER_REFERENCE,feadd77e-89cd-464d-b9dd-1a612575aee3,CONFIRMED_APPLIED,APPLIED,2,1,1,26188.399282,86625.0,1,0
b2_cas_only-after_barrier_before_dispatch-notifications-201c32b9-r0,(session-3),B2_CAS_ONLY,after_barrier_before_dispatch,notifications,POSITIVE_ONLY_READBACK,CALLER_REFERENCE,07628960-1a06-47b3-98ab-9558420a68cb,CONFIRMED_APPLIED,APPLIED,2,1,1,26204.715755,59510.0,1,0
b2_cas_only-after_barrier_before_dispatch-notifications-201c32b9-r0,(session-3),B2_CAS_ONLY,after_barrier_before_dispatch,notifications,POSITIVE_ONLY_READBACK,CALLER_REFERENCE,efde77ef-0184-4a65-8a1c-ac6cd85c114c,CONFIRMED_APPLIED,APPLIED,2,1,1,26207.874224,32440.0,1,0
b2_cas_only-after_barrier_before_dispatch-notifications-201c32b9-r1,(session-3),B2_CAS_ONLY,after_barrier_before_dispatch,notifications,POSITIVE_ONLY_READBACK,CALLER_REFERENCE,4aea1c42-1df3-4224-a250-a634593f3bd7,CONFIRMED_APPLIED,APPLIED,2,1,1,26188.039936,145593.0,1,0
b2_cas_only-after_barrier_before_dispatch-notifications-201c32b9-r1,(session-3),B2_CAS_ONLY,after_barrier_before_dispatch,notifications,POSITIVE_ONLY_READBACK,CALLER_REFERENCE,9d6ab337-c46d-4d87-b3db-3258e281bbcf,CONFIRMED_APPLIED,APPLIED,2,1,1,26212.339161,118329.0,1,0
b2_cas_only-after_barrier_before_dispatch-notifications-201c32b9-r1,(session-3),B2_CAS_ONLY,after_barrier_before_dispatch,notifications,POSITIVE_ONLY_READBACK,CALLER_REFERENCE,2eeae9ec-661d-4dee-9cd0-58ce146c1cb7,CONFIRMED_APPLIED,APPLIED,2,1,2,28200.071603,91224.0,1,0
b2_cas_only-after_barrier_before_dispatch-notifications-201c32b9-r1,(session-3),B2_CAS_ONLY,after_barrier_before_dispatch,notifications,POSITIVE_ONLY_READBACK,CALLER_REFERENCE,4471f202-4279-448d-b835-398217caf7a3,CONFIRMED_APPLIED,APPLIED,3,1,2,31236.167036,62029.0,1,0
b2_cas_only-after_barrier_before_dispatch-notifications-201c32b9-r1,(session-3),B2_CAS_ONLY,after_barrier_before_dispatch,notifications,POSITIVE_ONLY_READBACK,CALLER_REFERENCE,b867c28b-f140-4b63-8c27-40f82068fb1a,CONFIRMED_APPLIED,APPLIED,2,1,1,25957.806579,29929.0,1,0
b2_cas_only-after_barrier_before_dispatch-notifications-201c32b9-r1,(session-3),B2_CAS_ONLY,after_barrier_before_dispatch,notifications,POSITIVE_ONLY_READBACK,CALLER_REFERENCE,012a649c-1df6-449a-bc23-b8b684fae0e6,CONFIRMED_APPLIED,APPLIED,2,1,1,26204.599308,145589.0,1,0
b2_cas_only-after_barrier_before_dispatch-notifications-201c32b9-r1,(session-3),B2_CAS_ONLY,after_barrier_before_dispatch,notifications,POSITIVE_ONLY_READBACK,CALLER_REFERENCE,ce5ccad3-851a-4a8b-b4cd-9b78efd42de6,CONFIRMED_APPLIED,APPLIED,2,1,1,26220.118358,118333.0,1,0
b2_cas_only-after_barrier_before_dispatch-notifications-201c32b9-r1,(session-3),B2_CAS_ONLY,after_barrier_before_dispatch,notifications,POSITIVE_ONLY_READBACK,CALLER_REFERENCE,4286a13d-88f6-4092-80ab-2dc488c1ec05,CONFIRMED_APPLIED,APPLIED,4,1,3,36201.609453,91227.0,1,0
b2_cas_only-after_barrier_before_dispatch-notifications-201c32b9-r1,(session-3),B2_CAS_ONLY,after_barrier_before_dispatch,notifications,POSITIVE_ONLY_READBACK,CALLER_REFERENCE,b5d1c3ab-c557-4b8f-a61e-effd523b824d,CONFIRMED_APPLIED,APPLIED,2,1,1,26234.649291,53979.0,1,0
b2_cas_only-after_barrier_before_dispatch-notifications-201c32b9-r1,(session-3),B2_CAS_ONLY,after_barrier_before_dispatch,notifications,POSITIVE_ONLY_READBACK,CALLER_REFERENCE,b135044a-3c51-4200-9a40-9dc8857f1ba1,CONFIRMED_APPLIED,APPLIED,1,1,1,26200.832371,26880.0,0,0
b2_cas_only-after_barrier_before_dispatch-notifications-201c32b9-r2,(session-3),B2_CAS_ONLY,after_barrier_before_dispatch,notifications,POSITIVE_ONLY_READBACK,CALLER_REFERENCE,d0cc8e9c-c894-41b4-b024-eb24b6216d1e,CONFIRMED_APPLIED,APPLIED,3,1,2,31225.560605,150772.0,1,0
b2_cas_only-after_barrier_before_dispatch-notifications-201c32b9-r2,(session-3),B2_CAS_ONLY,after_barrier_before_dispatch,notifications,POSITIVE_ONLY_READBACK,CALLER_REFERENCE,0d330974-b084-482d-957e-7396085666cf,CONFIRMED_APPLIED,APPLIED,1,1,1,26206.85973,118495.0,0,0
b2_cas_only-after_barrier_before_dispatch-notifications-201c32b9-r2,(session-3),B2_CAS_ONLY,after_barrier_before_dispatch,notifications,POSITIVE_ONLY_READBACK,CALLER_REFERENCE,351db773-b0af-459a-bf3f-c0bdce663543,CONFIRMED_APPLIED,APPLIED,2,1,1,26214.851978,91419.0,1,0
b2_cas_only-after_barrier_before_dispatch-notifications-201c32b9-r2,(session-3),B2_CAS_ONLY,after_barrier_before_dispatch,notifications,POSITIVE_ONLY_READBACK,CALLER_REFERENCE,05ac9c6f-9736-45e3-8758-577edf4d34b0,CONFIRMED_APPLIED,APPLIED,4,1,3,36222.817671,64157.0,1,0
b2_cas_only-after_barrier_before_dispatch-notifications-201c32b9-r2,(session-3),B2_CAS_ONLY,after_barrier_before_dispatch,notifications,POSITIVE_ONLY_READBACK,CALLER_REFERENCE,9d4b9457-030c-4e86-ad4b-31e08b1e4330,CONFIRMED_APPLIED,APPLIED,2,1,1,26200.180051,27012.0,1,0
b2_cas_only-after_barrier_before_dispatch-notifications-201c32b9-r2,(session-3),B2_CAS_ONLY,after_barrier_before_dispatch,notifications,POSITIVE_ONLY_READBACK,CALLER_REFERENCE,79f5e88b-9114-4e92-8010-4b24519600b5,CONFIRMED_APPLIED,APPLIED,2,1,1,26199.30552,150746.0,1,0
b2_cas_only-after_barrier_before_dispatch-notifications-201c32b9-r2,(session-3),B2_CAS_ONLY,after_barrier_before_dispatch,notifications,POSITIVE_ONLY_READBACK,CALLER_REFERENCE,06d4df65-c662-4a52-a3fa-363066464b13,CONFIRMED_APPLIED,APPLIED,2,1,1,26193.847244,123534.0,1,0
b2_cas_only-after_barrier_before_dispatch-notifications-201c32b9-r2,(session-3),B2_CAS_ONLY,after_barrier_before_dispatch,notifications,POSITIVE_ONLY_READBACK,CALLER_REFERENCE,cb2aa790-3ed2-4823-9524-e470e05210f2,CONFIRMED_APPLIED,APPLIED,2,1,1,26239.613528,96457.0,1,0
b2_cas_only-after_barrier_before_dispatch-notifications-201c32b9-r2,(session-3),B2_CAS_ONLY,after_barrier_before_dispatch,notifications,POSITIVE_ONLY_READBACK,CALLER_REFERENCE,cd92880e-62c9-4a81-ba03-d6295300e116,CONFIRMED_APPLIED,APPLIED,2,1,1,26211.18492,69234.0,1,0
b2_cas_only-after_barrier_before_dispatch-notifications-201c32b9-r2,(session-3),B2_CAS_ONLY,after_barrier_before_dispatch,notifications,POSITIVE_ONLY_READBACK,CALLER_REFERENCE,6135af99-c6e2-4ebd-92e1-63db4bbcee5a,CONFIRMED_APPLIED,APPLIED,2,1,1,26446.480329,42161.0,1,0
b2_cas_only-after_barrier_before_dispatch-payments-0e996445-r0,(session-3),B2_CAS_ONLY,after_barrier_before_dispatch,payments,AUTHORITATIVE_READBACK,CALLER_REFERENCE,31476f80-d023-48a8-a95b-c254f8ddc24e,CONFIRMED_APPLIED,APPLIED,2,1,1,26448.112278,142433.0,1,0
b2_cas_only-after_barrier_before_dispatch-payments-0e996445-r0,(session-3),B2_CAS_ONLY,after_barrier_before_dispatch,payments,AUTHORITATIVE_READBACK,CALLER_REFERENCE,b88280fd-19db-47ed-89e1-8c004757db11,CONFIRMED_APPLIED,APPLIED,2,1,1,26449.65978,115194.0,1,0
b2_cas_only-after_barrier_before_dispatch-payments-0e996445-r0,(session-3),B2_CAS_ONLY,after_barrier_before_dispatch,payments,AUTHORITATIVE_READBACK,CALLER_REFERENCE,87ad50a0-8be7-40d7-a845-335f6a536f87,CONFIRMED_APPLIED,APPLIED,2,1,1,26450.866109,88110.0,1,0
b2_cas_only-after_barrier_before_dispatch-payments-0e996445-r0,(session-3),B2_CAS_ONLY,after_barrier_before_dispatch,payments,AUTHORITATIVE_READBACK,CALLER_REFERENCE,4cda4958-594a-4a0e-bb18-c4d78508ea90,CONFIRMED_APPLIED,APPLIED,2,1,1,26457.72224,60982.0,1,0
b2_cas_only-after_barrier_before_dispatch-payments-0e996445-r0,(session-3),B2_CAS_ONLY,after_barrier_before_dispatch,payments,AUTHORITATIVE_READBACK,CALLER_REFERENCE,8bace6c8-f8d5-42bf-877d-161edb0ca5c7,CONFIRMED_APPLIED,APPLIED,1,1,1,26447.342574,33850.0,0,0
b2_cas_only-after_barrier_before_dispatch-payments-0e996445-r0,(session-3),B2_CAS_ONLY,after_barrier_before_dispatch,payments,AUTHORITATIVE_READBACK,CALLER_REFERENCE,e4e1ca2f-d704-475c-84db-5353e42a6f5a,CONFIRMED_APPLIED,APPLIED,2,1,2,28447.979368,142442.0,1,0
b2_cas_only-after_barrier_before_dispatch-payments-0e996445-r0,(session-3),B2_CAS_ONLY,after_barrier_before_dispatch,payments,AUTHORITATIVE_READBACK,CALLER_REFERENCE,e8c7e51c-3aff-4f47-94b9-468cf94972de,CONFIRMED_APPLIED,APPLIED,3,1,2,31459.189347,113233.0,1,0
b2_cas_only-after_barrier_before_dispatch-payments-0e996445-r0,(session-3),B2_CAS_ONLY,after_barrier_before_dispatch,payments,AUTHORITATIVE_READBACK,CALLER_REFERENCE,bca6d105-e10c-427a-9400-cca60b6adb8b,CONFIRMED_APPLIED,APPLIED,2,1,1,26437.958467,81088.0,1,0
b2_cas_only-after_barrier_before_dispatch-payments-0e996445-r0,(session-3),B2_CAS_ONLY,after_barrier_before_dispatch,payments,AUTHORITATIVE_READBACK,CALLER_REFERENCE,456a03eb-5c13-4199-afb2-b1e9b5130f23,CONFIRMED_APPLIED,APPLIED,2,1,1,26442.672313,53971.0,1,0
b2_cas_only-after_barrier_before_dispatch-payments-0e996445-r0,(session-3),B2_CAS_ONLY,after_barrier_before_dispatch,payments,AUTHORITATIVE_READBACK,CALLER_REFERENCE,28a83d42-2a20-40f1-a24b-7f88caac47ea,CONFIRMED_APPLIED,APPLIED,2,1,1,26451.416233,26856.0,1,0
b2_cas_only-after_barrier_before_dispatch-payments-0e996445-r1,(session-3),B2_CAS_ONLY,after_barrier_before_dispatch,payments,AUTHORITATIVE_READBACK,CALLER_REFERENCE,c790a257-adf6-48d3-815b-6f72506f863e,CONFIRMED_APPLIED,APPLIED,2,1,1,26449.062828,140344.0,1,0
b2_cas_only-after_barrier_before_dispatch-payments-0e996445-r1,(session-3),B2_CAS_ONLY,after_barrier_before_dispatch,payments,AUTHORITATIVE_READBACK,CALLER_REFERENCE,9b978e8c-a4a8-4669-8230-e4eff89c399d,CONFIRMED_APPLIED,APPLIED,2,1,1,26444.720296,113118.0,1,0
b2_cas_only-after_barrier_before_dispatch-payments-0e996445-r1,(session-3),B2_CAS_ONLY,after_barrier_before_dispatch,payments,AUTHORITATIVE_READBACK,CALLER_REFERENCE,f27c8520-1c28-492c-ab09-c6c65d5728a2,CONFIRMED_APPLIED,APPLIED,3,1,2,31202.723173,85920.0,1,0
b2_cas_only-after_barrier_before_dispatch-payments-0e996445-r1,(session-3),B2_CAS_ONLY,after_barrier_before_dispatch,payments,AUTHORITATIVE_READBACK,CALLER_REFERENCE,016b0d18-ce2a-46ea-b70f-b1c435fda084,CONFIRMED_APPLIED,APPLIED,2,1,1,26456.68631,53933.0,1,0
b2_cas_only-after_barrier_before_dispatch-payments-0e996445-r1,(session-3),B2_CAS_ONLY,after_barrier_before_dispatch,payments,AUTHORITATIVE_READBACK,CALLER_REFERENCE,808b7d7b-f81b-45fc-91f5-024a9393805a,CONFIRMED_APPLIED,APPLIED,1,1,1,26449.272076,26856.0,0,0
b2_cas_only-after_barrier_before_dispatch-payments-0e996445-r1,(session-3),B2_CAS_ONLY,after_barrier_before_dispatch,payments,AUTHORITATIVE_READBACK,CALLER_REFERENCE,9d2fd511-b64e-4271-b690-d96a3f02e6d2,CONFIRMED_APPLIED,APPLIED,2,1,1,26446.728937,140372.0,1,0
b2_cas_only-after_barrier_before_dispatch-payments-0e996445-r1,(session-3),B2_CAS_ONLY,after_barrier_before_dispatch,payments,AUTHORITATIVE_READBACK,CALLER_REFERENCE,cf49387a-6616-4c6f-9da0-6422138af3ca,CONFIRMED_APPLIED,APPLIED,2,1,1,26448.500456,113200.0,1,0
b2_cas_only-after_barrier_before_dispatch-payments-0e996445-r1,(session-3),B2_CAS_ONLY,after_barrier_before_dispatch,payments,AUTHORITATIVE_READBACK,CALLER_REFERENCE,c0c90585-9b6a-41c4-b170-541114a33d28,CONFIRMED_APPLIED,APPLIED,2,1,1,26207.527278,85966.0,1,0
b2_cas_only-after_barrier_before_dispatch-payments-0e996445-r1,(session-3),B2_CAS_ONLY,after_barrier_before_dispatch,payments,AUTHORITATIVE_READBACK,CALLER_REFERENCE,fbd05ba9-3373-4fc4-912f-0bee7d8818d8,CONFIRMED_APPLIED,APPLIED,2,1,1,26437.390914,58993.0,1,0
b2_cas_only-after_barrier_before_dispatch-payments-0e996445-r1,(session-3),B2_CAS_ONLY,after_barrier_before_dispatch,payments,AUTHORITATIVE_READBACK,CALLER_REFERENCE,d51de098-93cf-4e34-b016-71a35e832152,CONFIRMED_APPLIED,APPLIED,2,1,1,26446.593272,31811.0,1,0
b2_cas_only-after_barrier_before_dispatch-payments-0e996445-r2,(session-3),B2_CAS_ONLY,after_barrier_before_dispatch,payments,AUTHORITATIVE_READBACK,CALLER_REFERENCE,1cdf8777-567f-4c91-9156-50f2b73a8b21,CONFIRMED_APPLIED,APPLIED,2,1,1,26436.349357,142487.0,1,0
b2_cas_only-after_barrier_before_dispatch-payments-0e996445-r2,(session-3),B2_CAS_ONLY,after_barrier_before_dispatch,payments,AUTHORITATIVE_READBACK,CALLER_REFERENCE,4864607f-8bd8-4d4c-9a96-98b6878d412e,CONFIRMED_APPLIED,APPLIED,3,1,2,31450.08554,115267.0,1,0
b2_cas_only-after_barrier_before_dispatch-payments-0e996445-r2,(session-3),B2_CAS_ONLY,after_barrier_before_dispatch,payments,AUTHORITATIVE_READBACK,CALLER_REFERENCE,37f9157e-fffe-4320-a860-b4c463eab5d2,CONFIRMED_APPLIED,APPLIED,2,1,2,28452.275506,83157.0,1,0
b2_cas_only-after_barrier_before_dispatch-payments-0e996445-r2,(session-3),B2_CAS_ONLY,after_barrier_before_dispatch,payments,AUTHORITATIVE_READBACK,CALLER_REFERENCE,62ad883b-fe66-4f98-acce-b3cd6bccbbd4,CONFIRMED_APPLIED,APPLIED,2,1,1,26442.701492,54010.0,1,0
b2_cas_only-after_barrier_before_dispatch-payments-0e996445-r2,(session-3),B2_CAS_ONLY,after_barrier_before_dispatch,payments,AUTHORITATIVE_READBACK,CALLER_REFERENCE,fda69d01-643f-4701-9b7a-8281d0dcbe6d,CONFIRMED_APPLIED,APPLIED,2,1,1,26443.092989,26831.0,1,0
b2_cas_only-after_barrier_before_dispatch-payments-0e996445-r2,(session-3),B2_CAS_ONLY,after_barrier_before_dispatch,payments,AUTHORITATIVE_READBACK,CALLER_REFERENCE,553811db-85ca-45ee-83f5-5b9168297e70,CONFIRMED_APPLIED,APPLIED,1,1,1,26446.997429,142406.0,0,0
b2_cas_only-after_barrier_before_dispatch-payments-0e996445-r2,(session-3),B2_CAS_ONLY,after_barrier_before_dispatch,payments,AUTHORITATIVE_READBACK,CALLER_REFERENCE,9a33b01a-ee8b-41c4-a1a5-82106ba63115,CONFIRMED_APPLIED,APPLIED,2,1,1,26445.688742,115150.0,1,0
b2_cas_only-after_barrier_before_dispatch-payments-0e996445-r2,(session-3),B2_CAS_ONLY,after_barrier_before_dispatch,payments,AUTHORITATIVE_READBACK,CALLER_REFERENCE,f2b5c8f2-2b47-4d90-b69e-f3dad8272b7a,CONFIRMED_APPLIED,APPLIED,2,1,1,26458.581647,87962.0,1,0
b2_cas_only-after_barrier_before_dispatch-payments-0e996445-r2,(session-3),B2_CAS_ONLY,after_barrier_before_dispatch,payments,AUTHORITATIVE_READBACK,CALLER_REFERENCE,22ed94cf-b8cf-4680-8c51-14a0ed1c5a2d,CONFIRMED_APPLIED,APPLIED,2,1,1,26447.768296,60734.0,1,0
b2_cas_only-after_barrier_before_dispatch-payments-0e996445-r2,(session-3),B2_CAS_ONLY,after_barrier_before_dispatch,payments,AUTHORITATIVE_READBACK,CALLER_REFERENCE,fb4a2e3a-5dec-4e6d-939a-50de88fa9807,CONFIRMED_APPLIED,APPLIED,2,1,1,26439.039794,33452.0,1,0
b2_cas_only-after_resolution_before_barrier-ledger_postings-92760b3e-r0,(session-3),B2_CAS_ONLY,after_resolution_before_barrier,ledger_postings,NO_READBACK,CALLER_REFERENCE,eaae974c-df24-405b-b968-447d26885652,CONFIRMED_APPLIED,APPLIED,2,1,1,24438.290218,144280.0,1,0
b2_cas_only-after_resolution_before_barrier-ledger_postings-92760b3e-r0,(session-3),B2_CAS_ONLY,after_resolution_before_barrier,ledger_postings,NO_READBACK,CALLER_REFERENCE,e0592721-c4d8-4ee1-9a15-666f2860f22f,CONFIRMED_APPLIED,APPLIED,2,1,1,24709.858677,117162.0,1,0
b2_cas_only-after_resolution_before_barrier-ledger_postings-92760b3e-r0,(session-3),B2_CAS_ONLY,after_resolution_before_barrier,ledger_postings,NO_READBACK,CALLER_REFERENCE,5fc7a7e0-dd31-4ebb-802c-c54142104398,CONFIRMED_APPLIED,APPLIED,2,1,1,24470.344709,89906.0,1,0
b2_cas_only-after_resolution_before_barrier-ledger_postings-92760b3e-r0,(session-3),B2_CAS_ONLY,after_resolution_before_barrier,ledger_postings,NO_READBACK,CALLER_REFERENCE,8f545c38-76ab-460f-a127-fd9ba848391b,CONFIRMED_APPLIED,APPLIED,4,1,3,34710.308712,62677.0,1,0
b2_cas_only-after_resolution_before_barrier-ledger_postings-92760b3e-r0,(session-3),B2_CAS_ONLY,after_resolution_before_barrier,ledger_postings,NO_READBACK,CALLER_REFERENCE,40184a5f-2cb7-4989-aa0f-fa17334467ea,CONFIRMED_APPLIED,APPLIED,2,1,1,24674.259513,25374.0,1,0
b2_cas_only-after_resolution_before_barrier-ledger_postings-92760b3e-r0,(session-3),B2_CAS_ONLY,after_resolution_before_barrier,ledger_postings,NO_READBACK,CALLER_REFERENCE,743ddcfb-a4d8-45df-8a87-d0be356f5a72,CONFIRMED_APPLIED,APPLIED,2,1,1,24459.042161,144307.0,1,0
b2_cas_only-after_resolution_before_barrier-ledger_postings-92760b3e-r0,(session-3),B2_CAS_ONLY,after_resolution_before_barrier,ledger_postings,NO_READBACK,CALLER_REFERENCE,0d6b6df8-e529-4c2c-869b-0c2beb65b3b3,CONFIRMED_APPLIED,APPLIED,2,1,1,24700.768882,117189.0,1,0
b2_cas_only-after_resolution_before_barrier-ledger_postings-92760b3e-r0,(session-3),B2_CAS_ONLY,after_resolution_before_barrier,ledger_postings,NO_READBACK,CALLER_REFERENCE,3a38c6e6-92bf-4920-8a36-3b8f3ebf554e,CONFIRMED_APPLIED,APPLIED,2,1,1,24460.635985,89924.0,1,0
b2_cas_only-after_resolution_before_barrier-ledger_postings-92760b3e-r0,(session-3),B2_CAS_ONLY,after_resolution_before_barrier,ledger_postings,NO_READBACK,CALLER_REFERENCE,12581417-206f-47d7-8c06-82e1e63fb1b8,CONFIRMED_APPLIED,APPLIED,4,1,3,26680.768768,57698.0,1,0
b2_cas_only-after_resolution_before_barrier-ledger_postings-92760b3e-r0,(session-3),B2_CAS_ONLY,after_resolution_before_barrier,ledger_postings,NO_READBACK,CALLER_REFERENCE,f5ec6ff5-450d-451f-93d2-ec97f911b7cb,CONFIRMED_APPLIED,APPLIED,2,1,1,24679.228363,28499.0,1,0
b2_cas_only-after_resolution_before_barrier-ledger_postings-92760b3e-r1,(session-3),B2_CAS_ONLY,after_resolution_before_barrier,ledger_postings,NO_READBACK,CALLER_REFERENCE,dcda99db-a991-4515-b8e7-2df80463bc44,CONFIRMED_APPLIED,APPLIED,3,1,1,19669.935034,133996.0,1,0
b2_cas_only-after_resolution_before_barrier-ledger_postings-92760b3e-r1,(session-3),B2_CAS_ONLY,after_resolution_before_barrier,ledger_postings,NO_READBACK,CALLER_REFERENCE,407c5ad3-bd06-4cc2-a8ba-fe5ba33ffd26,CONFIRMED_APPLIED,APPLIED,4,1,1,14634.987313,101829.0,1,0
b2_cas_only-after_resolution_before_barrier-ledger_postings-92760b3e-r1,(session-3),B2_CAS_ONLY,after_resolution_before_barrier,ledger_postings,NO_READBACK,CALLER_REFERENCE,1db6c7ba-4eeb-4a6e-bb41-49dd54ab47a2,CONFIRMED_APPLIED,APPLIED,3,1,2,29695.365112,84783.0,1,0
b2_cas_only-after_resolution_before_barrier-ledger_postings-92760b3e-r1,(session-3),B2_CAS_ONLY,after_resolution_before_barrier,ledger_postings,NO_READBACK,CALLER_REFERENCE,af129a20-0430-4780-8b9d-9b76795b7de3,CONFIRMED_APPLIED,APPLIED,2,1,1,24706.058057,52539.0,1,0
b2_cas_only-after_resolution_before_barrier-ledger_postings-92760b3e-r1,(session-3),B2_CAS_ONLY,after_resolution_before_barrier,ledger_postings,NO_READBACK,CALLER_REFERENCE,19452254-33cb-4b57-8581-7353887077db,CONFIRMED_APPLIED,APPLIED,2,1,1,22693.060781,23318.0,1,0
b2_cas_only-after_resolution_before_barrier-ledger_postings-92760b3e-r1,(session-3),B2_CAS_ONLY,after_resolution_before_barrier,ledger_postings,NO_READBACK,CALLER_REFERENCE,6d6e9666-78bf-4689-8614-28e7e6e7ab1e,CONFIRMED_APPLIED,APPLIED,2,1,1,24706.117426,138994.0,1,0
b2_cas_only-after_resolution_before_barrier-ledger_postings-92760b3e-r1,(session-3),B2_CAS_ONLY,after_resolution_before_barrier,ledger_postings,NO_READBACK,CALLER_REFERENCE,8e7e54df-cfe6-4cfa-981b-d63362198c5e,CONFIRMED_APPLIED,APPLIED,3,1,1,19658.449849,106803.0,1,0
b2_cas_only-after_resolution_before_barrier-ledger_postings-92760b3e-r1,(session-3),B2_CAS_ONLY,after_resolution_before_barrier,ledger_postings,NO_READBACK,CALLER_REFERENCE,35d7576f-43f8-4290-b486-9be896effae1,CONFIRMED_APPLIED,APPLIED,2,1,1,24681.481127,84639.0,1,0
b2_cas_only-after_resolution_before_barrier-ledger_postings-92760b3e-r1,(session-3),B2_CAS_ONLY,after_resolution_before_barrier,ledger_postings,NO_READBACK,CALLER_REFERENCE,499009a4-cb65-4fff-8cf9-48952ceb2099,CONFIRMED_APPLIED,APPLIED,2,1,1,22688.953373,55354.0,1,0
b2_cas_only-after_resolution_before_barrier-ledger_postings-92760b3e-r1,(session-3),B2_CAS_ONLY,after_resolution_before_barrier,ledger_postings,NO_READBACK,CALLER_REFERENCE,fde7483f-57ac-4b20-91f7-f558cd30d5c7,CONFIRMED_APPLIED,APPLIED,2,1,1,24432.527153,30050.0,1,0
b2_cas_only-after_resolution_before_barrier-ledger_postings-92760b3e-r2,(session-3),B2_CAS_ONLY,after_resolution_before_barrier,ledger_postings,NO_READBACK,CALLER_REFERENCE,376f1d53-6cf7-40ed-b4da-c8ad69b3ef95,CONFIRMED_APPLIED,APPLIED,2,1,1,24706.560309,139300.0,1,0
b2_cas_only-after_resolution_before_barrier-ledger_postings-92760b3e-r2,(session-3),B2_CAS_ONLY,after_resolution_before_barrier,ledger_postings,NO_READBACK,CALLER_REFERENCE,35840c71-85f8-427a-94a3-986a1ac6fdec,CONFIRMED_APPLIED,APPLIED,2,1,1,22684.044258,110108.0,1,0
b2_cas_only-after_resolution_before_barrier-ledger_postings-92760b3e-r2,(session-3),B2_CAS_ONLY,after_resolution_before_barrier,ledger_postings,NO_READBACK,CALLER_REFERENCE,8e8b1fbf-1fdc-4fb2-8dea-e46b1b6a9677,CONFIRMED_APPLIED,APPLIED,2,1,1,24703.398702,84866.0,1,0
b2_cas_only-after_resolution_before_barrier-ledger_postings-92760b3e-r2,(session-3),B2_CAS_ONLY,after_resolution_before_barrier,ledger_postings,NO_READBACK,CALLER_REFERENCE,eb750202-88a9-40ac-b1e6-eb60f62def6d,CONFIRMED_APPLIED,APPLIED,2,1,1,24455.921809,57583.0,1,0
b2_cas_only-after_resolution_before_barrier-ledger_postings-92760b3e-r2,(session-3),B2_CAS_ONLY,after_resolution_before_barrier,ledger_postings,NO_READBACK,CALLER_REFERENCE,997eb8a9-2fd3-4cfb-8df9-b67add9d691f,CONFIRMED_APPLIED,APPLIED,3,1,2,29486.528049,30379.0,1,0
b2_cas_only-after_resolution_before_barrier-ledger_postings-92760b3e-r2,(session-3),B2_CAS_ONLY,after_resolution_before_barrier,ledger_postings,NO_READBACK,CALLER_REFERENCE,77e4eebe-d2c0-415c-a1be-0a0635f4e9ac,CONFIRMED_APPLIED,APPLIED,2,1,1,24705.999943,139303.0,1,0
b2_cas_only-after_resolution_before_barrier-ledger_postings-92760b3e-r2,(session-3),B2_CAS_ONLY,after_resolution_before_barrier,ledger_postings,NO_READBACK,CALLER_REFERENCE,c722be1c-c42c-46f2-b74b-a98fa0116ef1,CONFIRMED_APPLIED,APPLIED,2,1,1,24711.206936,112118.0,1,0
b2_cas_only-after_resolution_before_barrier-ledger_postings-92760b3e-r2,(session-3),B2_CAS_ONLY,after_resolution_before_barrier,ledger_postings,NO_READBACK,CALLER_REFERENCE,c29438ec-f231-4cfc-8739-c61999c21e7c,CONFIRMED_APPLIED,APPLIED,2,1,1,22442.6742,82881.0,1,0
b2_cas_only-after_resolution_before_barrier-ledger_postings-92760b3e-r2,(session-3),B2_CAS_ONLY,after_resolution_before_barrier,ledger_postings,NO_READBACK,CALLER_REFERENCE,ed196df3-3381-42c9-a8b4-2da2e367b0b3,CONFIRMED_APPLIED,APPLIED,2,1,1,24455.433599,57793.0,1,0
b2_cas_only-after_resolution_before_barrier-ledger_postings-92760b3e-r2,(session-3),B2_CAS_ONLY,after_resolution_before_barrier,ledger_postings,NO_READBACK,CALLER_REFERENCE,2d6600fd-2ba7-4f59-a267-9d43e463bd85,CONFIRMED_APPLIED,APPLIED,2,1,1,24480.76759,30606.0,1,0
b2_cas_only-after_resolution_before_barrier-notifications-cd28d9a1-r0,(session-3),B2_CAS_ONLY,after_resolution_before_barrier,notifications,POSITIVE_ONLY_READBACK,CALLER_REFERENCE,53b3c5dc-b8e9-44e5-b8eb-7db3422c0a7e,CONFIRMED_APPLIED,APPLIED,2,1,1,24688.096881,139142.0,1,0
b2_cas_only-after_resolution_before_barrier-notifications-cd28d9a1-r0,(session-3),B2_CAS_ONLY,after_resolution_before_barrier,notifications,POSITIVE_ONLY_READBACK,CALLER_REFERENCE,411ba8ac-0529-43cf-b8c3-8f215e22adc0,CONFIRMED_APPLIED,APPLIED,2,1,1,24696.730026,111982.0,1,0
b2_cas_only-after_resolution_before_barrier-notifications-cd28d9a1-r0,(session-3),B2_CAS_ONLY,after_resolution_before_barrier,notifications,POSITIVE_ONLY_READBACK,CALLER_REFERENCE,c6ab0946-5fd9-4e8f-9bd6-4433f33a0a7e,CONFIRMED_APPLIED,APPLIED,5,1,2,19638.763974,74618.0,1,0
b2_cas_only-after_resolution_before_barrier-notifications-cd28d9a1-r0,(session-3),B2_CAS_ONLY,after_resolution_before_barrier,notifications,POSITIVE_ONLY_READBACK,CALLER_REFERENCE,18527f49-5d55-41c1-b069-8e76b5cb5286,CONFIRMED_APPLIED,APPLIED,3,1,1,19661.395482,47454.0,1,0
b2_cas_only-after_resolution_before_barrier-notifications-cd28d9a1-r0,(session-3),B2_CAS_ONLY,after_resolution_before_barrier,notifications,POSITIVE_ONLY_READBACK,CALLER_REFERENCE,34d75d03-8472-4353-a60a-82f600cee608,CONFIRMED_APPLIED,APPLIED,2,1,1,22673.514237,23286.0,1,0
b2_cas_only-after_resolution_before_barrier-notifications-cd28d9a1-r0,(session-3),B2_CAS_ONLY,after_resolution_before_barrier,notifications,POSITIVE_ONLY_READBACK,CALLER_REFERENCE,9ac2d208-f2ab-4983-9f20-9153fd5d9f52,CONFIRMED_APPLIED,APPLIED,3,1,1,19663.879779,134210.0,1,0
b2_cas_only-after_resolution_before_barrier-notifications-cd28d9a1-r0,(session-3),B2_CAS_ONLY,after_resolution_before_barrier,notifications,POSITIVE_ONLY_READBACK,CALLER_REFERENCE,cc6792f3-6716-44f2-bc90-a1fb242df46c,CONFIRMED_APPLIED,APPLIED,3,1,2,29697.687412,112146.0,1,0
b2_cas_only-after_resolution_before_barrier-notifications-cd28d9a1-r0,(session-3),B2_CAS_ONLY,after_resolution_before_barrier,notifications,POSITIVE_ONLY_READBACK,CALLER_REFERENCE,9a1a79d3-af08-4e6e-b266-9cf578855600,CONFIRMED_APPLIED,APPLIED,2,1,1,24721.90814,79816.0,1,0
b2_cas_only-after_resolution_before_barrier-notifications-cd28d9a1-r0,(session-3),B2_CAS_ONLY,after_resolution_before_barrier,notifications,POSITIVE_ONLY_READBACK,CALLER_REFERENCE,8ddee481-13f1-4f99-bea6-cd431d2a0940,CONFIRMED_APPLIED,APPLIED,2,1,1,24699.240354,52581.0,1,0
b2_cas_only-after_resolution_before_barrier-notifications-cd28d9a1-r0,(session-3),B2_CAS_ONLY,after_resolution_before_barrier,notifications,POSITIVE_ONLY_READBACK,CALLER_REFERENCE,3fc472c1-46bd-40b4-b9d0-02ad25c9def2,CONFIRMED_APPLIED,APPLIED,2,1,1,24697.265754,25355.0,1,0
b2_cas_only-after_resolution_before_barrier-notifications-cd28d9a1-r1,(session-3),B2_CAS_ONLY,after_resolution_before_barrier,notifications,POSITIVE_ONLY_READBACK,CALLER_REFERENCE,1d50ec83-f58f-4533-8ce2-adcd15a97fec,CONFIRMED_APPLIED,APPLIED,3,1,2,29708.165192,139040.0,1,0
b2_cas_only-after_resolution_before_barrier-notifications-cd28d9a1-r1,(session-3),B2_CAS_ONLY,after_resolution_before_barrier,notifications,POSITIVE_ONLY_READBACK,CALLER_REFERENCE,c3ebd95e-8417-4c92-9f8b-bb7df3dbeef7,CONFIRMED_APPLIED,APPLIED,2,1,1,24696.408676,106774.0,1,0
b2_cas_only-after_resolution_before_barrier-notifications-cd28d9a1-r1,(session-3),B2_CAS_ONLY,after_resolution_before_barrier,notifications,POSITIVE_ONLY_READBACK,CALLER_REFERENCE,77674490-d63b-4faa-bf7e-e418b5fb44c5,CONFIRMED_APPLIED,APPLIED,2,1,1,24687.104137,79570.0,1,0
b2_cas_only-after_resolution_before_barrier-notifications-cd28d9a1-r1,(session-3),B2_CAS_ONLY,after_resolution_before_barrier,notifications,POSITIVE_ONLY_READBACK,CALLER_REFERENCE,37772c17-829b-489e-ad04-37c8d7b14af1,CONFIRMED_APPLIED,APPLIED,2,1,1,24688.817695,52430.0,1,0
b2_cas_only-after_resolution_before_barrier-notifications-cd28d9a1-r1,(session-3),B2_CAS_ONLY,after_resolution_before_barrier,notifications,POSITIVE_ONLY_READBACK,CALLER_REFERENCE,0de31979-4d69-4e6d-8164-7125cee4266d,CONFIRMED_APPLIED,APPLIED,2,1,1,24697.161348,25225.0,1,0
b2_cas_only-after_resolution_before_barrier-notifications-cd28d9a1-r1,(session-3),B2_CAS_ONLY,after_resolution_before_barrier,notifications,POSITIVE_ONLY_READBACK,CALLER_REFERENCE,b661a65b-21e2-47f9-8157-876ab63faec8,CONFIRMED_APPLIED,APPLIED,2,1,1,24711.575407,139058.0,1,0
b2_cas_only-after_resolution_before_barrier-notifications-cd28d9a1-r1,(session-3),B2_CAS_ONLY,after_resolution_before_barrier,notifications,POSITIVE_ONLY_READBACK,CALLER_REFERENCE,c68f0a25-d1fd-48e0-ac1d-4259657fbd89,CONFIRMED_APPLIED,APPLIED,2,1,1,24683.229794,111806.0,1,0
b2_cas_only-after_resolution_before_barrier-notifications-cd28d9a1-r1,(session-3),B2_CAS_ONLY,after_resolution_before_barrier,notifications,POSITIVE_ONLY_READBACK,CALLER_REFERENCE,87b9afa5-5ecf-4188-8ba7-89c40b9f5bc8,CONFIRMED_APPLIED,APPLIED,3,1,1,17669.894218,77515.0,1,0
b2_cas_only-after_resolution_before_barrier-notifications-cd28d9a1-r1,(session-3),B2_CAS_ONLY,after_resolution_before_barrier,notifications,POSITIVE_ONLY_READBACK,CALLER_REFERENCE,c24dbc46-4de3-4140-8d8a-99bdc817805e,CONFIRMED_APPLIED,APPLIED,2,1,1,24706.420953,57310.0,1,0
b2_cas_only-after_resolution_before_barrier-notifications-cd28d9a1-r1,(session-3),B2_CAS_ONLY,after_resolution_before_barrier,notifications,POSITIVE_ONLY_READBACK,CALLER_REFERENCE,d0f69daa-7131-4b6f-8fd5-3f509b558947,CONFIRMED_APPLIED,APPLIED,2,1,1,24693.251155,30128.0,1,0
b2_cas_only-after_resolution_before_barrier-notifications-cd28d9a1-r2,(session-3),B2_CAS_ONLY,after_resolution_before_barrier,notifications,POSITIVE_ONLY_READBACK,CALLER_REFERENCE,f611ef06-4893-4505-964c-2cab1186999e,CONFIRMED_APPLIED,APPLIED,2,1,1,24440.310014,145900.0,1,0
b2_cas_only-after_resolution_before_barrier-notifications-cd28d9a1-r2,(session-3),B2_CAS_ONLY,after_resolution_before_barrier,notifications,POSITIVE_ONLY_READBACK,CALLER_REFERENCE,33d402f6-008d-4068-be4b-762b5350ae38,CONFIRMED_APPLIED,APPLIED,2,1,2,26674.326771,118836.0,1,0
b2_cas_only-after_resolution_before_barrier-notifications-cd28d9a1-r2,(session-3),B2_CAS_ONLY,after_resolution_before_barrier,notifications,POSITIVE_ONLY_READBACK,CALLER_REFERENCE,efe86fc2-da82-4c44-be64-f0df243c2420,CONFIRMED_APPLIED,APPLIED,3,1,2,29693.653769,89643.0,1,0
b2_cas_only-after_resolution_before_barrier-notifications-cd28d9a1-r2,(session-3),B2_CAS_ONLY,after_resolution_before_barrier,notifications,POSITIVE_ONLY_READBACK,CALLER_REFERENCE,f51c4506-cfe4-4506-92cc-1e089482223e,CONFIRMED_APPLIED,APPLIED,2,1,1,24681.25912,57466.0,1,0
b2_cas_only-after_resolution_before_barrier-notifications-cd28d9a1-r2,(session-3),B2_CAS_ONLY,after_resolution_before_barrier,notifications,POSITIVE_ONLY_READBACK,CALLER_REFERENCE,dd6ac106-aa84-4370-b703-d1edb09725fc,CONFIRMED_APPLIED,APPLIED,3,1,2,29687.470993,30238.0,1,0
b2_cas_only-after_resolution_before_barrier-notifications-cd28d9a1-r2,(session-3),B2_CAS_ONLY,after_resolution_before_barrier,notifications,POSITIVE_ONLY_READBACK,CALLER_REFERENCE,a41c9ca8-4b3b-49bc-94ae-5db8efab311f,CONFIRMED_APPLIED,APPLIED,2,1,1,24427.437935,145875.0,1,0
b2_cas_only-after_resolution_before_barrier-notifications-cd28d9a1-r2,(session-3),B2_CAS_ONLY,after_resolution_before_barrier,notifications,POSITIVE_ONLY_READBACK,CALLER_REFERENCE,f795e67b-1d19-426f-870f-01fc640451e5,CONFIRMED_APPLIED,APPLIED,2,1,1,22665.118295,116842.0,1,0
b2_cas_only-after_resolution_before_barrier-notifications-cd28d9a1-r2,(session-3),B2_CAS_ONLY,after_resolution_before_barrier,notifications,POSITIVE_ONLY_READBACK,CALLER_REFERENCE,2fc6c07d-0f9b-4323-822d-eaaff55867d2,CONFIRMED_APPLIED,APPLIED,2,1,1,24672.11126,91655.0,1,0
b2_cas_only-after_resolution_before_barrier-notifications-cd28d9a1-r2,(session-3),B2_CAS_ONLY,after_resolution_before_barrier,notifications,POSITIVE_ONLY_READBACK,CALLER_REFERENCE,9717e0a7-a4ac-4eb8-8170-1f5ec965c9b8,CONFIRMED_APPLIED,APPLIED,4,1,1,14614.668887,54456.0,1,0
b2_cas_only-after_resolution_before_barrier-notifications-cd28d9a1-r2,(session-3),B2_CAS_ONLY,after_resolution_before_barrier,notifications,POSITIVE_ONLY_READBACK,CALLER_REFERENCE,5c103864-01c5-41a4-ba6f-f423b34c4cbd,CONFIRMED_APPLIED,APPLIED,3,1,1,19660.681105,32346.0,1,0
b2_cas_only-after_resolution_before_barrier-payments-6f44b382-r0,(session-3),B2_CAS_ONLY,after_resolution_before_barrier,payments,AUTHORITATIVE_READBACK,CALLER_REFERENCE,557d9f81-28a0-4adc-a11b-1d0ed7095792,CONFIRMED_APPLIED,APPLIED,2,1,1,24689.315032,138617.0,1,0
b2_cas_only-after_resolution_before_barrier-payments-6f44b382-r0,(session-3),B2_CAS_ONLY,after_resolution_before_barrier,payments,AUTHORITATIVE_READBACK,CALLER_REFERENCE,9187464d-525f-4619-8e16-05583f666257,CONFIRMED_APPLIED,APPLIED,3,1,1,19897.722378,106548.0,1,0
b2_cas_only-after_resolution_before_barrier-payments-6f44b382-r0,(session-3),B2_CAS_ONLY,after_resolution_before_barrier,payments,AUTHORITATIVE_READBACK,CALLER_REFERENCE,a7d092c8-3b0c-483d-bfdf-ee69ea7758dd,CONFIRMED_APPLIED,APPLIED,2,1,1,24696.559502,84356.0,1,0
b2_cas_only-after_resolution_before_barrier-payments-6f44b382-r0,(session-3),B2_CAS_ONLY,after_resolution_before_barrier,payments,AUTHORITATIVE_READBACK,CALLER_REFERENCE,791f27d0-7960-4497-a837-833de70269f8,CONFIRMED_APPLIED,APPLIED,2,1,1,24707.800301,57299.0,1,0
b2_cas_only-after_resolution_before_barrier-payments-6f44b382-r0,(session-3),B2_CAS_ONLY,after_resolution_before_barrier,payments,AUTHORITATIVE_READBACK,CALLER_REFERENCE,65d86b46-26a9-4ccd-88c9-11ebcb771669,CONFIRMED_APPLIED,APPLIED,3,1,2,29691.572944,30178.0,1,0
b2_cas_only-after_resolution_before_barrier-payments-6f44b382-r0,(session-3),B2_CAS_ONLY,after_resolution_before_barrier,payments,AUTHORITATIVE_READBACK,CALLER_REFERENCE,33d1aef1-7c7b-4f02-9d15-390da2776fa2,CONFIRMED_APPLIED,APPLIED,2,1,1,24676.449391,138618.0,1,0
b2_cas_only-after_resolution_before_barrier-payments-6f44b382-r0,(session-3),B2_CAS_ONLY,after_resolution_before_barrier,payments,AUTHORITATIVE_READBACK,CALLER_REFERENCE,4814bd27-ddfd-4666-9472-da2fa06439bd,CONFIRMED_APPLIED,APPLIED,2,1,1,24924.538958,111538.0,1,0
b2_cas_only-after_resolution_before_barrier-payments-6f44b382-r0,(session-3),B2_CAS_ONLY,after_resolution_before_barrier,payments,AUTHORITATIVE_READBACK,CALLER_REFERENCE,879042cf-f98b-4b1a-a9fb-5697a97d5021,CONFIRMED_APPLIED,APPLIED,2,1,1,24725.713483,84295.0,1,0
b2_cas_only-after_resolution_before_barrier-payments-6f44b382-r0,(session-3),B2_CAS_ONLY,after_resolution_before_barrier,payments,AUTHORITATIVE_READBACK,CALLER_REFERENCE,78b9dd0c-1703-49ae-a21a-755b46c26b1a,CONFIRMED_APPLIED,APPLIED,2,1,1,24680.048889,57180.0,1,0
b2_cas_only-after_resolution_before_barrier-payments-6f44b382-r0,(session-3),B2_CAS_ONLY,after_resolution_before_barrier,payments,AUTHORITATIVE_READBACK,CALLER_REFERENCE,796aabc5-30c4-4cee-8908-35186d3b821d,CONFIRMED_APPLIED,APPLIED,3,1,1,19904.217571,25075.0,1,0
b2_cas_only-after_resolution_before_barrier-payments-6f44b382-r1,(session-3),B2_CAS_ONLY,after_resolution_before_barrier,payments,AUTHORITATIVE_READBACK,CALLER_REFERENCE,359edf02-c3b1-4e8f-ba05-455dac12af56,CONFIRMED_APPLIED,APPLIED,2,1,1,24684.277952,140876.0,1,0
b2_cas_only-after_resolution_before_barrier-payments-6f44b382-r1,(session-3),B2_CAS_ONLY,after_resolution_before_barrier,payments,AUTHORITATIVE_READBACK,CALLER_REFERENCE,c427ee9c-0496-4685-92c1-e3e4facd9b46,CONFIRMED_APPLIED,APPLIED,2,1,1,24931.154566,113808.0,1,0
b2_cas_only-after_resolution_before_barrier-payments-6f44b382-r1,(session-3),B2_CAS_ONLY,after_resolution_before_barrier,payments,AUTHORITATIVE_READBACK,CALLER_REFERENCE,d628bd2b-4354-4a3a-aa29-c52aa6960415,CONFIRMED_APPLIED,APPLIED,2,1,1,24937.177936,86497.0,1,0
b2_cas_only-after_resolution_before_barrier-payments-6f44b382-r1,(session-3),B2_CAS_ONLY,after_resolution_before_barrier,payments,AUTHORITATIVE_READBACK,CALLER_REFERENCE,056dd86b-466f-453a-8c18-e725eff5d57a,CONFIRMED_APPLIED,APPLIED,2,1,1,24922.5849,59285.0,1,0
b2_cas_only-after_resolution_before_barrier-payments-6f44b382-r1,(session-3),B2_CAS_ONLY,after_resolution_before_barrier,payments,AUTHORITATIVE_READBACK,CALLER_REFERENCE,ab0be697-a16b-4571-b716-9bca4bfd729c,CONFIRMED_APPLIED,APPLIED,2,1,1,24941.645307,32004.0,1,0
b2_cas_only-after_resolution_before_barrier-payments-6f44b382-r1,(session-3),B2_CAS_ONLY,after_resolution_before_barrier,payments,AUTHORITATIVE_READBACK,CALLER_REFERENCE,ee1b4916-2b59-4c9b-ba9c-4e9ec5b63ae5,CONFIRMED_APPLIED,APPLIED,3,1,3,31712.422068,140889.0,1,0
b2_cas_only-after_resolution_before_barrier-payments-6f44b382-r1,(session-3),B2_CAS_ONLY,after_resolution_before_barrier,payments,AUTHORITATIVE_READBACK,CALLER_REFERENCE,218490b5-1fdd-41d2-a436-0a6f90cc0616,CONFIRMED_APPLIED,APPLIED,3,1,1,19920.301802,101789.0,1,0
b2_cas_only-after_resolution_before_barrier-payments-6f44b382-r1,(session-3),B2_CAS_ONLY,after_resolution_before_barrier,payments,AUTHORITATIVE_READBACK,CALLER_REFERENCE,008bcf43-089d-4a07-8157-3f02ee7ecda2,CONFIRMED_APPLIED,APPLIED,3,1,1,19921.39153,74522.0,1,0
b2_cas_only-after_resolution_before_barrier-payments-6f44b382-r1,(session-3),B2_CAS_ONLY,after_resolution_before_barrier,payments,AUTHORITATIVE_READBACK,CALLER_REFERENCE,07648d36-e691-4c54-8eac-ae9cc97e6793,CONFIRMED_APPLIED,APPLIED,2,1,1,24686.566282,52337.0,1,0
b2_cas_only-after_resolution_before_barrier-payments-6f44b382-r1,(session-3),B2_CAS_ONLY,after_resolution_before_barrier,payments,AUTHORITATIVE_READBACK,CALLER_REFERENCE,7e8ed27c-4ef8-47dd-a6db-7234e6ff7dac,CONFIRMED_APPLIED,APPLIED,3,1,1,19906.489248,20338.0,1,0
b2_cas_only-after_resolution_before_barrier-payments-6f44b382-r2,(session-3),B2_CAS_ONLY,after_resolution_before_barrier,payments,AUTHORITATIVE_READBACK,CALLER_REFERENCE,5996d01a-fc94-4467-acf1-ac3ef196e872,CONFIRMED_APPLIED,APPLIED,3,1,1,19664.690296,138808.0,1,0
b2_cas_only-after_resolution_before_barrier-payments-6f44b382-r2,(session-3),B2_CAS_ONLY,after_resolution_before_barrier,payments,AUTHORITATIVE_READBACK,CALLER_REFERENCE,6e9d026a-a8bb-4dce-85ca-78c6d7220e95,CONFIRMED_APPLIED,APPLIED,2,1,1,24934.698547,116854.0,1,0
b2_cas_only-after_resolution_before_barrier-payments-6f44b382-r2,(session-3),B2_CAS_ONLY,after_resolution_before_barrier,payments,AUTHORITATIVE_READBACK,CALLER_REFERENCE,6b6d2db3-4d47-4c02-a75f-7bf197830e5d,CONFIRMED_APPLIED,APPLIED,4,1,2,24920.149775,84590.0,1,0
b2_cas_only-after_resolution_before_barrier-payments-6f44b382-r2,(session-3),B2_CAS_ONLY,after_resolution_before_barrier,payments,AUTHORITATIVE_READBACK,CALLER_REFERENCE,b5b96149-4442-4e4d-a3fe-fa49708364e0,CONFIRMED_APPLIED,APPLIED,3,1,2,29946.800903,57431.0,1,0
b2_cas_only-after_resolution_before_barrier-payments-6f44b382-r2,(session-3),B2_CAS_ONLY,after_resolution_before_barrier,payments,AUTHORITATIVE_READBACK,CALLER_REFERENCE,26456269-f296-4e8f-97e9-30044b871cf6,CONFIRMED_APPLIED,APPLIED,2,1,1,24702.737309,25160.0,1,0
b2_cas_only-after_resolution_before_barrier-payments-6f44b382-r2,(session-3),B2_CAS_ONLY,after_resolution_before_barrier,payments,AUTHORITATIVE_READBACK,CALLER_REFERENCE,f46518a0-2435-4890-a898-f3d578742e53,CONFIRMED_APPLIED,APPLIED,2,1,1,24689.323315,143814.0,1,0
b2_cas_only-after_resolution_before_barrier-payments-6f44b382-r2,(session-3),B2_CAS_ONLY,after_resolution_before_barrier,payments,AUTHORITATIVE_READBACK,CALLER_REFERENCE,c0253ce6-5428-415f-9138-1510f7d91cb5,CONFIRMED_APPLIED,APPLIED,2,1,1,24685.543543,116857.0,1,0
b2_cas_only-after_resolution_before_barrier-payments-6f44b382-r2,(session-3),B2_CAS_ONLY,after_resolution_before_barrier,payments,AUTHORITATIVE_READBACK,CALLER_REFERENCE,3978c24a-a928-4210-a443-e6890228e57f,CONFIRMED_APPLIED,APPLIED,3,1,2,29950.447526,89688.0,1,0
b2_cas_only-after_resolution_before_barrier-payments-6f44b382-r2,(session-3),B2_CAS_ONLY,after_resolution_before_barrier,payments,AUTHORITATIVE_READBACK,CALLER_REFERENCE,42276298-e64d-4021-a9b8-4db1df2be859,CONFIRMED_APPLIED,APPLIED,2,1,1,24937.339349,57493.0,1,0
b2_cas_only-after_resolution_before_barrier-payments-6f44b382-r2,(session-3),B2_CAS_ONLY,after_resolution_before_barrier,payments,AUTHORITATIVE_READBACK,CALLER_REFERENCE,a1e6fa34-41c9-49c7-9c75-9b557ed84e2c,CONFIRMED_APPLIED,APPLIED,2,1,1,24950.116009,30226.0,1,0
b2_cas_only-after_response_before_resolution-ledger_postings-1a907194-r0,(session-3),B2_CAS_ONLY,after_response_before_resolution,ledger_postings,NO_READBACK,CALLER_REFERENCE,02571e03-8fb6-45c7-a063-57fbc711d286,CONFIRMED_APPLIED,APPLIED,3,1,2,29691.337582,148811.0,1,0
b2_cas_only-after_response_before_resolution-ledger_postings-1a907194-r0,(session-3),B2_CAS_ONLY,after_response_before_resolution,ledger_postings,NO_READBACK,CALLER_REFERENCE,7e3503e8-dedb-4bb5-91fc-e79acb4585df,CONFIRMED_APPLIED,APPLIED,2,1,1,24678.186367,116543.0,1,0
b2_cas_only-after_response_before_resolution-ledger_postings-1a907194-r0,(session-3),B2_CAS_ONLY,after_response_before_resolution,ledger_postings,NO_READBACK,CALLER_REFERENCE,827f2415-7fb1-48ee-b4e6-30113ded06c2,CONFIRMED_APPLIED,APPLIED,3,1,2,29701.575682,89483.0,1,0
b2_cas_only-after_response_before_resolution-ledger_postings-1a907194-r0,(session-3),B2_CAS_ONLY,after_response_before_resolution,ledger_postings,NO_READBACK,CALLER_REFERENCE,d668b167-1d57-4362-b22a-ed630e19b22c,CONFIRMED_APPLIED,APPLIED,2,1,1,21657.061126,54237.0,1,0
b2_cas_only-after_response_before_resolution-ledger_postings-1a907194-r0,(session-3),B2_CAS_ONLY,after_response_before_resolution,ledger_postings,NO_READBACK,CALLER_REFERENCE,7a676eba-81f1-4348-a3ff-e10375e23205,CONFIRMED_APPLIED,APPLIED,2,1,1,24690.590578,30165.0,1,0
b2_cas_only-after_response_before_resolution-ledger_postings-1a907194-r0,(session-3),B2_CAS_ONLY,after_response_before_resolution,ledger_postings,NO_READBACK,CALLER_REFERENCE,74df2fd9-2c6b-4228-b077-ebf8dd6321fe,CONFIRMED_APPLIED,APPLIED,1,1,1,24681.859599,148832.0,0,0
b2_cas_only-after_response_before_resolution-ledger_postings-1a907194-r0,(session-3),B2_CAS_ONLY,after_response_before_resolution,ledger_postings,NO_READBACK,CALLER_REFERENCE,4d737383-b3ee-4b44-b0e9-4d96198ef0e0,CONFIRMED_APPLIED,APPLIED,3,1,2,29673.995597,121674.0,1,0
b2_cas_only-after_response_before_resolution-ledger_postings-1a907194-r0,(session-3),B2_CAS_ONLY,after_response_before_resolution,ledger_postings,NO_READBACK,CALLER_REFERENCE,ac0b6d4a-b87f-4b9d-b25b-206cf2f63083,CONFIRMED_APPLIED,APPLIED,4,1,3,34698.930866,89553.0,1,0
b2_cas_only-after_response_before_resolution-ledger_postings-1a907194-r0,(session-3),B2_CAS_ONLY,after_response_before_resolution,ledger_postings,NO_READBACK,CALLER_REFERENCE,71904bbf-1210-44f3-b9c7-d88441760a3e,CONFIRMED_APPLIED,APPLIED,2,1,1,21658.504074,49303.0,1,0
b2_cas_only-after_response_before_resolution-ledger_postings-1a907194-r0,(session-3),B2_CAS_ONLY,after_response_before_resolution,ledger_postings,NO_READBACK,CALLER_REFERENCE,93f21766-5860-4568-8af3-0c58932beb78,CONFIRMED_APPLIED,APPLIED,2,1,1,24686.24802,25162.0,1,0
b2_cas_only-after_response_before_resolution-ledger_postings-1a907194-r1,(session-3),B2_CAS_ONLY,after_response_before_resolution,ledger_postings,NO_READBACK,CALLER_REFERENCE,d6606b4e-cc4a-4cf0-994b-7a62ef60c4bf,CONFIRMED_APPLIED,APPLIED,2,1,2,23669.209779,137726.0,1,0
b2_cas_only-after_response_before_resolution-ledger_postings-1a907194-r1,(session-3),B2_CAS_ONLY,after_response_before_resolution,ledger_postings,NO_READBACK,CALLER_REFERENCE,d961e396-9d07-40e3-9026-668811d2a944,CONFIRMED_APPLIED,APPLIED,2,1,1,24685.240208,111641.0,1,0
b2_cas_only-after_response_before_resolution-ledger_postings-1a907194-r1,(session-3),B2_CAS_ONLY,after_response_before_resolution,ledger_postings,NO_READBACK,CALLER_REFERENCE,5d9266d1-3814-4040-a5cf-04fd48edbd73,CONFIRMED_APPLIED,APPLIED,2,1,1,24696.665074,84564.0,1,0
b2_cas_only-after_response_before_resolution-ledger_postings-1a907194-r1,(session-3),B2_CAS_ONLY,after_response_before_resolution,ledger_postings,NO_READBACK,CALLER_REFERENCE,a9146c39-71a1-4852-9d45-9bb72be9b7c2,CONFIRMED_APPLIED,APPLIED,1,1,1,24694.516436,57409.0,0,0
b2_cas_only-after_response_before_resolution-ledger_postings-1a907194-r1,(session-3),B2_CAS_ONLY,after_response_before_resolution,ledger_postings,NO_READBACK,CALLER_REFERENCE,9588a82b-d2aa-4703-842c-67580ca213ab,CONFIRMED_APPLIED,APPLIED,3,1,2,29700.052672,30258.0,1,0
b2_cas_only-after_response_before_resolution-ledger_postings-1a907194-r1,(session-3),B2_CAS_ONLY,after_response_before_resolution,ledger_postings,NO_READBACK,CALLER_REFERENCE,1c9944c7-965a-4763-be59-a47a0ca94277,CONFIRMED_APPLIED,APPLIED,2,1,1,24691.084203,140703.0,1,0
b2_cas_only-after_response_before_resolution-ledger_postings-1a907194-r1,(session-3),B2_CAS_ONLY,after_response_before_resolution,ledger_postings,NO_READBACK,CALLER_REFERENCE,c6960232-55b3-45cf-99f3-9d6fa373ab13,CONFIRMED_APPLIED,APPLIED,2,1,1,24685.954397,113633.0,1,0
b2_cas_only-after_response_before_resolution-ledger_postings-1a907194-r1,(session-3),B2_CAS_ONLY,after_response_before_resolution,ledger_postings,NO_READBACK,CALLER_REFERENCE,0300e15a-5e20-4050-abe4-34a0da81fc79,CONFIRMED_APPLIED,APPLIED,2,1,1,24697.600572,86490.0,1,0
b2_cas_only-after_response_before_resolution-ledger_postings-1a907194-r1,(session-3),B2_CAS_ONLY,after_response_before_resolution,ledger_postings,NO_READBACK,CALLER_REFERENCE,c93b58ff-cfcb-4841-9bf6-cf81c0dfab35,CONFIRMED_APPLIED,APPLIED,2,1,1,24671.459685,59370.0,1,0
b2_cas_only-after_response_before_resolution-ledger_postings-1a907194-r1,(session-3),B2_CAS_ONLY,after_response_before_resolution,ledger_postings,NO_READBACK,CALLER_REFERENCE,ef01ff48-6ad6-4822-8691-13124ffd0884,CONFIRMED_APPLIED,APPLIED,2,1,1,24663.589085,32276.0,1,0
b2_cas_only-after_response_before_resolution-ledger_postings-1a907194-r2,(session-3),B2_CAS_ONLY,after_response_before_resolution,ledger_postings,NO_READBACK,CALLER_REFERENCE,c197227c-4bc3-4a8c-8b59-30a7460b1726,CONFIRMED_APPLIED,APPLIED,3,1,2,29697.845634,143958.0,1,0
b2_cas_only-after_response_before_resolution-ledger_postings-1a907194-r2,(session-3),B2_CAS_ONLY,after_response_before_resolution,ledger_postings,NO_READBACK,CALLER_REFERENCE,aa489192-f7ab-46ff-a576-426436f2a7ed,CONFIRMED_APPLIED,APPLIED,2,1,1,24676.402773,111789.0,1,0
b2_cas_only-after_response_before_resolution-ledger_postings-1a907194-r2,(session-3),B2_CAS_ONLY,after_response_before_resolution,ledger_postings,NO_READBACK,CALLER_REFERENCE,60a196e1-004f-40ca-9467-b14c3486ac82,CONFIRMED_APPLIED,APPLIED,3,1,2,29670.998493,84582.0,1,0
b2_cas_only-after_response_before_resolution-ledger_postings-1a907194-r2,(session-3),B2_CAS_ONLY,after_response_before_resolution,ledger_postings,NO_READBACK,CALLER_REFERENCE,36fc8df1-d44e-4813-adc5-b703d2afa64f,CONFIRMED_APPLIED,APPLIED,2,1,1,24689.266715,52407.0,1,0
b2_cas_only-after_response_before_resolution-ledger_postings-1a907194-r2,(session-3),B2_CAS_ONLY,after_response_before_resolution,ledger_postings,NO_READBACK,CALLER_REFERENCE,02968e29-6507-4c33-8e17-63df58c3b917,CONFIRMED_APPLIED,APPLIED,2,1,1,24691.152839,25261.0,1,0
b2_cas_only-after_response_before_resolution-ledger_postings-1a907194-r2,(session-3),B2_CAS_ONLY,after_response_before_resolution,ledger_postings,NO_READBACK,CALLER_REFERENCE,808ff51e-5241-4a83-a107-e53ce6f47fcb,CONFIRMED_APPLIED,APPLIED,3,1,2,29690.059964,143950.0,1,0
b2_cas_only-after_response_before_resolution-ledger_postings-1a907194-r2,(session-3),B2_CAS_ONLY,after_response_before_resolution,ledger_postings,NO_READBACK,CALLER_REFERENCE,013e4da5-4e31-45b9-994f-6df1a6ab0785,CONFIRMED_APPLIED,APPLIED,1,1,1,24689.148174,111793.0,0,0
b2_cas_only-after_response_before_resolution-ledger_postings-1a907194-r2,(session-3),B2_CAS_ONLY,after_response_before_resolution,ledger_postings,NO_READBACK,CALLER_REFERENCE,9dd6f0cd-47d4-40c1-b1fa-4e2df9dd38d8,CONFIRMED_APPLIED,APPLIED,1,1,1,24676.141033,84605.0,0,0
b2_cas_only-after_response_before_resolution-ledger_postings-1a907194-r2,(session-3),B2_CAS_ONLY,after_response_before_resolution,ledger_postings,NO_READBACK,CALLER_REFERENCE,480ddfbc-1c0a-4e58-9bf4-89beeea62f76,CONFIRMED_APPLIED,APPLIED,3,1,2,29682.998314,57412.0,1,0
b2_cas_only-after_response_before_resolution-ledger_postings-1a907194-r2,(session-3),B2_CAS_ONLY,after_response_before_resolution,ledger_postings,NO_READBACK,CALLER_REFERENCE,1c6ad82f-6a21-4031-bf1a-2b52ddfed168,CONFIRMED_APPLIED,APPLIED,2,1,1,21661.916821,22251.0,1,0
b2_cas_only-after_response_before_resolution-notifications-048eb288-r0,(session-3),B2_CAS_ONLY,after_response_before_resolution,notifications,POSITIVE_ONLY_READBACK,CALLER_REFERENCE,67584889-e7a6-41ac-be28-788157d778be,CONFIRMED_APPLIED,APPLIED,2,1,1,24695.555607,138767.0,1,0
b2_cas_only-after_response_before_resolution-notifications-048eb288-r0,(session-3),B2_CAS_ONLY,after_response_before_resolution,notifications,POSITIVE_ONLY_READBACK,CALLER_REFERENCE,7401b35d-df58-464a-b351-a9c102955b15,CONFIRMED_APPLIED,APPLIED,2,1,1,24697.610949,111542.0,1,0
b2_cas_only-after_response_before_resolution-notifications-048eb288-r0,(session-3),B2_CAS_ONLY,after_response_before_resolution,notifications,POSITIVE_ONLY_READBACK,CALLER_REFERENCE,d072062f-3c72-470a-a87c-3f71d8962007,CONFIRMED_APPLIED,APPLIED,2,1,1,24678.905478,84348.0,1,0
b2_cas_only-after_response_before_resolution-notifications-048eb288-r0,(session-3),B2_CAS_ONLY,after_response_before_resolution,notifications,POSITIVE_ONLY_READBACK,CALLER_REFERENCE,a8fff842-7173-4f79-80f9-b9e6ddc5615f,CONFIRMED_APPLIED,APPLIED,2,1,1,24685.309009,57207.0,1,0
b2_cas_only-after_response_before_resolution-notifications-048eb288-r0,(session-3),B2_CAS_ONLY,after_response_before_resolution,notifications,POSITIVE_ONLY_READBACK,CALLER_REFERENCE,4768ee0c-6e4b-45b4-9092-98853ab5f186,CONFIRMED_APPLIED,APPLIED,2,1,1,24690.051148,30076.0,1,0
b2_cas_only-after_response_before_resolution-notifications-048eb288-r0,(session-3),B2_CAS_ONLY,after_response_before_resolution,notifications,POSITIVE_ONLY_READBACK,CALLER_REFERENCE,61ccc7f5-ea0d-41c2-b225-f290d7775bf4,CONFIRMED_APPLIED,APPLIED,3,1,2,29687.225733,138847.0,1,0
b2_cas_only-after_response_before_resolution-notifications-048eb288-r0,(session-3),B2_CAS_ONLY,after_response_before_resolution,notifications,POSITIVE_ONLY_READBACK,CALLER_REFERENCE,2ce226b7-9672-498e-8c0e-f6f8023ad6d8,CONFIRMED_APPLIED,APPLIED,2,1,1,24679.636062,106623.0,1,0
b2_cas_only-after_response_before_resolution-notifications-048eb288-r0,(session-3),B2_CAS_ONLY,after_response_before_resolution,notifications,POSITIVE_ONLY_READBACK,CALLER_REFERENCE,6a339d7a-5625-45d4-9e00-4ccd83c5e548,CONFIRMED_APPLIED,APPLIED,1,1,1,24684.179324,79443.0,0,0
b2_cas_only-after_response_before_resolution-notifications-048eb288-r0,(session-3),B2_CAS_ONLY,after_response_before_resolution,notifications,POSITIVE_ONLY_READBACK,CALLER_REFERENCE,ea41c5ab-9ace-4eae-b0ac-59b5d6bd651a,CONFIRMED_APPLIED,APPLIED,2,1,1,24671.045177,52311.0,1,0
b2_cas_only-after_response_before_resolution-notifications-048eb288-r0,(session-3),B2_CAS_ONLY,after_response_before_resolution,notifications,POSITIVE_ONLY_READBACK,CALLER_REFERENCE,8a643cc4-0d2c-4719-980e-2664a3293eaf,CONFIRMED_APPLIED,APPLIED,2,1,1,24675.959178,25195.0,1,0
b2_cas_only-after_response_before_resolution-notifications-048eb288-r1,(session-3),B2_CAS_ONLY,after_response_before_resolution,notifications,POSITIVE_ONLY_READBACK,CALLER_REFERENCE,0099203e-dbf8-4332-b3aa-1d260d14dc10,CONFIRMED_APPLIED,APPLIED,3,1,2,26664.503079,135877.0,1,0
b2_cas_only-after_response_before_resolution-notifications-048eb288-r1,(session-3),B2_CAS_ONLY,after_response_before_resolution,notifications,POSITIVE_ONLY_READBACK,CALLER_REFERENCE,468dc187-3cdd-41d9-9a86-5325540b8b50,CONFIRMED_APPLIED,APPLIED,2,1,1,24674.305794,106664.0,1,0
b2_cas_only-after_response_before_resolution-notifications-048eb288-r1,(session-3),B2_CAS_ONLY,after_response_before_resolution,notifications,POSITIVE_ONLY_READBACK,CALLER_REFERENCE,09586b86-64c0-4159-a80d-af7c4dbeef2b,CONFIRMED_APPLIED,APPLIED,2,1,1,21672.338821,76504.0,1,0
b2_cas_only-after_response_before_resolution-notifications-048eb288-r1,(session-3),B2_CAS_ONLY,after_response_before_resolution,notifications,POSITIVE_ONLY_READBACK,CALLER_REFERENCE,3a6930b3-0d74-4067-b3d2-3af41d6fabd2,CONFIRMED_APPLIED,APPLIED,2,1,1,24679.52263,52430.0,1,0
b2_cas_only-after_response_before_resolution-notifications-048eb288-r1,(session-3),B2_CAS_ONLY,after_response_before_resolution,notifications,POSITIVE_ONLY_READBACK,CALLER_REFERENCE,c12037c9-c221-40fb-a054-ebb395f0b7f6,CONFIRMED_APPLIED,APPLIED,2,1,1,24682.196464,25281.0,1,0
b2_cas_only-after_response_before_resolution-notifications-048eb288-r1,(session-3),B2_CAS_ONLY,after_response_before_resolution,notifications,POSITIVE_ONLY_READBACK,CALLER_REFERENCE,16f4d797-3634-486e-a147-4ed8fd690b5d,CONFIRMED_APPLIED,APPLIED,2,1,1,24677.307902,138837.0,1,0
b2_cas_only-after_response_before_resolution-notifications-048eb288-r1,(session-3),B2_CAS_ONLY,after_response_before_resolution,notifications,POSITIVE_ONLY_READBACK,CALLER_REFERENCE,c1fa0b95-ae3c-4a3a-8e2d-faf98a5663c9,CONFIRMED_APPLIED,APPLIED,2,1,1,24684.595341,111678.0,1,0
b2_cas_only-after_response_before_resolution-notifications-048eb288-r1,(session-3),B2_CAS_ONLY,after_response_before_resolution,notifications,POSITIVE_ONLY_READBACK,CALLER_REFERENCE,01a510e0-240e-4422-82ba-a1e3b8443176,CONFIRMED_APPLIED,APPLIED,2,1,1,24680.690751,84567.0,1,0
b2_cas_only-after_response_before_resolution-notifications-048eb288-r1,(session-3),B2_CAS_ONLY,after_response_before_resolution,notifications,POSITIVE_ONLY_READBACK,CALLER_REFERENCE,368b3e20-c69c-4a79-9471-40875c268d9c,CONFIRMED_APPLIED,APPLIED,2,1,1,24687.783321,57368.0,1,0
b2_cas_only-after_response_before_resolution-notifications-048eb288-r1,(session-3),B2_CAS_ONLY,after_response_before_resolution,notifications,POSITIVE_ONLY_READBACK,CALLER_REFERENCE,e771a5db-a43f-4485-a866-14ad636bba3f,CONFIRMED_APPLIED,APPLIED,2,1,1,24667.438058,30243.0,1,0
b2_cas_only-after_response_before_resolution-notifications-048eb288-r2,(session-3),B2_CAS_ONLY,after_response_before_resolution,notifications,POSITIVE_ONLY_READBACK,CALLER_REFERENCE,9dad81ff-4a6a-42a5-b8b5-d8a13bdfe773,CONFIRMED_APPLIED,APPLIED,2,1,1,24430.91943,133969.0,1,0
b2_cas_only-after_response_before_resolution-notifications-048eb288-r2,(session-3),B2_CAS_ONLY,after_response_before_resolution,notifications,POSITIVE_ONLY_READBACK,CALLER_REFERENCE,3b78feb5-c97e-4b18-868f-b9d57c2a8c03,CONFIRMED_APPLIED,APPLIED,2,1,1,24683.416823,106900.0,1,0
b2_cas_only-after_response_before_resolution-notifications-048eb288-r2,(session-3),B2_CAS_ONLY,after_response_before_resolution,notifications,POSITIVE_ONLY_READBACK,CALLER_REFERENCE,3999d52f-53a7-44a4-b377-6b19f427878e,CONFIRMED_APPLIED,APPLIED,2,1,1,24678.622258,79756.0,1,0
b2_cas_only-after_response_before_resolution-notifications-048eb288-r2,(session-3),B2_CAS_ONLY,after_response_before_resolution,notifications,POSITIVE_ONLY_READBACK,CALLER_REFERENCE,fbe33ca3-3a98-44e5-a29a-c41d48cf4652,CONFIRMED_APPLIED,APPLIED,2,1,1,24681.524128,52550.0,1,0
b2_cas_only-after_response_before_resolution-notifications-048eb288-r2,(session-3),B2_CAS_ONLY,after_response_before_resolution,notifications,POSITIVE_ONLY_READBACK,CALLER_REFERENCE,df04991e-0615-48a5-a433-a151f745642d,CONFIRMED_APPLIED,APPLIED,2,1,1,24685.206608,25301.0,1,0
b2_cas_only-after_response_before_resolution-notifications-048eb288-r2,(session-3),B2_CAS_ONLY,after_response_before_resolution,notifications,POSITIVE_ONLY_READBACK,CALLER_REFERENCE,f03e6f3f-6d89-4d53-9903-dd98309a4ca2,CONFIRMED_APPLIED,APPLIED,2,1,1,24446.38181,133980.0,1,0
b2_cas_only-after_response_before_resolution-notifications-048eb288-r2,(session-3),B2_CAS_ONLY,after_response_before_resolution,notifications,POSITIVE_ONLY_READBACK,CALLER_REFERENCE,0efc2e7c-af20-4547-8595-84ac0c9d7770,CONFIRMED_APPLIED,APPLIED,2,1,1,24699.370011,106919.0,1,0
b2_cas_only-after_response_before_resolution-notifications-048eb288-r2,(session-3),B2_CAS_ONLY,after_response_before_resolution,notifications,POSITIVE_ONLY_READBACK,CALLER_REFERENCE,982586fb-aba7-4fb3-bf1a-d9a39cc4db74,CONFIRMED_APPLIED,APPLIED,2,1,1,24689.24463,79755.0,1,0
b2_cas_only-after_response_before_resolution-notifications-048eb288-r2,(session-3),B2_CAS_ONLY,after_response_before_resolution,notifications,POSITIVE_ONLY_READBACK,CALLER_REFERENCE,a014c566-2d8d-443e-a484-ae413df75338,CONFIRMED_APPLIED,APPLIED,2,1,1,24679.046417,52550.0,1,0
b2_cas_only-after_response_before_resolution-notifications-048eb288-r2,(session-3),B2_CAS_ONLY,after_response_before_resolution,notifications,POSITIVE_ONLY_READBACK,CALLER_REFERENCE,de0f1556-a81c-4cbc-9a02-fd8a7c6a20ad,CONFIRMED_APPLIED,APPLIED,2,1,1,24686.841725,25335.0,1,0
b2_cas_only-after_response_before_resolution-payments-879bc6b2-r0,(session-3),B2_CAS_ONLY,after_response_before_resolution,payments,AUTHORITATIVE_READBACK,CALLER_REFERENCE,cbc76091-524a-4e9f-943c-523f12c15bd4,CONFIRMED_APPLIED,APPLIED,2,1,1,24942.043073,143981.0,1,0
b2_cas_only-after_response_before_resolution-payments-879bc6b2-r0,(session-3),B2_CAS_ONLY,after_response_before_resolution,payments,AUTHORITATIVE_READBACK,CALLER_REFERENCE,fb584ed6-7295-4e51-a607-a44ebc362e8c,CONFIRMED_APPLIED,APPLIED,3,1,2,29945.576499,116709.0,1,0
b2_cas_only-after_response_before_resolution-payments-879bc6b2-r0,(session-3),B2_CAS_ONLY,after_response_before_resolution,payments,AUTHORITATIVE_READBACK,CALLER_REFERENCE,2f8a23ee-905e-465e-8855-b9716379b480,CONFIRMED_APPLIED,APPLIED,2,1,1,24694.977773,84556.0,1,0
b2_cas_only-after_response_before_resolution-payments-879bc6b2-r0,(session-3),B2_CAS_ONLY,after_response_before_resolution,payments,AUTHORITATIVE_READBACK,CALLER_REFERENCE,d8780f2f-d210-409e-ba57-abb08ddd1c5a,CONFIRMED_APPLIED,APPLIED,3,1,2,26668.495159,54465.0,1,0
b2_cas_only-after_response_before_resolution-payments-879bc6b2-r0,(session-3),B2_CAS_ONLY,after_response_before_resolution,payments,AUTHORITATIVE_READBACK,CALLER_REFERENCE,4761e97f-acb3-4a4b-b097-daa86a1cb64f,CONFIRMED_APPLIED,APPLIED,2,1,1,24937.408995,25328.0,1,0
b2_cas_only-after_response_before_resolution-payments-879bc6b2-r0,(session-3),B2_CAS_ONLY,after_response_before_resolution,payments,AUTHORITATIVE_READBACK,CALLER_REFERENCE,047b5f5e-b9b0-4f76-9563-eb63c6c41fce,CONFIRMED_APPLIED,APPLIED,2,1,1,21674.375758,140994.0,1,0
b2_cas_only-after_response_before_resolution-payments-879bc6b2-r0,(session-3),B2_CAS_ONLY,after_response_before_resolution,payments,AUTHORITATIVE_READBACK,CALLER_REFERENCE,e0b9a835-4612-4376-834f-17eea4064959,CONFIRMED_APPLIED,APPLIED,3,1,2,29971.480671,116873.0,1,0
b2_cas_only-after_response_before_resolution-payments-879bc6b2-r0,(session-3),B2_CAS_ONLY,after_response_before_resolution,payments,AUTHORITATIVE_READBACK,CALLER_REFERENCE,34bc6a0f-7f6a-4601-a971-a70bb682f276,CONFIRMED_APPLIED,APPLIED,2,1,1,24926.040465,84717.0,1,0
b2_cas_only-after_response_before_resolution-payments-879bc6b2-r0,(session-3),B2_CAS_ONLY,after_response_before_resolution,payments,AUTHORITATIVE_READBACK,CALLER_REFERENCE,d229caa0-14dc-490e-a77f-3978d79f017c,CONFIRMED_APPLIED,APPLIED,2,1,1,24927.271626,57358.0,1,0
b2_cas_only-after_response_before_resolution-payments-879bc6b2-r0,(session-3),B2_CAS_ONLY,after_response_before_resolution,payments,AUTHORITATIVE_READBACK,CALLER_REFERENCE,3d3f6b1b-6e52-462f-9544-d3e1628e9f26,CONFIRMED_APPLIED,APPLIED,2,1,2,23927.014566,27128.0,1,0
b2_cas_only-after_response_before_resolution-payments-879bc6b2-r1,(session-3),B2_CAS_ONLY,after_response_before_resolution,payments,AUTHORITATIVE_READBACK,CALLER_REFERENCE,2dc2adb2-3149-49d8-86fa-5550c64dd399,CONFIRMED_APPLIED,APPLIED,2,1,1,24936.453568,136012.0,1,0
b2_cas_only-after_response_before_resolution-payments-879bc6b2-r1,(session-3),B2_CAS_ONLY,after_response_before_resolution,payments,AUTHORITATIVE_READBACK,CALLER_REFERENCE,bcd81cea-4c76-4ecc-b8f8-37dccb4424a9,CONFIRMED_APPLIED,APPLIED,2,1,1,24695.480037,108787.0,1,0
b2_cas_only-after_response_before_resolution-payments-879bc6b2-r1,(session-3),B2_CAS_ONLY,after_response_before_resolution,payments,AUTHORITATIVE_READBACK,CALLER_REFERENCE,1f4724b4-afd2-48ab-b909-6e2faa3af33d,CONFIRMED_APPLIED,APPLIED,2,1,2,26948.829326,81738.0,1,0
b2_cas_only-after_response_before_resolution-payments-879bc6b2-r1,(session-3),B2_CAS_ONLY,after_response_before_resolution,payments,AUTHORITATIVE_READBACK,CALLER_REFERENCE,4b7610f8-ac2b-4e40-9805-62f500e9a741,CONFIRMED_APPLIED,APPLIED,2,1,1,24952.594139,52496.0,1,0
b2_cas_only-after_response_before_resolution-payments-879bc6b2-r1,(session-3),B2_CAS_ONLY,after_response_before_resolution,payments,AUTHORITATIVE_READBACK,CALLER_REFERENCE,c56e8476-89a4-4401-953c-7476e04a1176,CONFIRMED_APPLIED,APPLIED,2,1,1,24956.279969,25304.0,1,0
b2_cas_only-after_response_before_resolution-payments-879bc6b2-r1,(session-3),B2_CAS_ONLY,after_response_before_resolution,payments,AUTHORITATIVE_READBACK,CALLER_REFERENCE,3a22fd68-e461-40a6-9221-a36fb6998341,CONFIRMED_APPLIED,APPLIED,2,1,1,24953.95039,136029.0,1,0
b2_cas_only-after_response_before_resolution-payments-879bc6b2-r1,(session-3),B2_CAS_ONLY,after_response_before_resolution,payments,AUTHORITATIVE_READBACK,CALLER_REFERENCE,16202fe9-22b8-49e1-a88c-0cd27e9939f0,CONFIRMED_APPLIED,APPLIED,2,1,1,24943.6594,108777.0,1,0
b2_cas_only-after_response_before_resolution-payments-879bc6b2-r1,(session-3),B2_CAS_ONLY,after_response_before_resolution,payments,AUTHORITATIVE_READBACK,CALLER_REFERENCE,066c97d9-7588-40a6-8e57-c1c330d2c175,CONFIRMED_APPLIED,APPLIED,2,1,1,24943.570609,81525.0,1,0
b2_cas_only-after_response_before_resolution-payments-879bc6b2-r1,(session-3),B2_CAS_ONLY,after_response_before_resolution,payments,AUTHORITATIVE_READBACK,CALLER_REFERENCE,eb81c440-7346-44d1-b09c-b1dc15e30c5f,CONFIRMED_APPLIED,APPLIED,2,1,1,24957.400655,54300.0,1,0
b2_cas_only-after_response_before_resolution-payments-879bc6b2-r1,(session-3),B2_CAS_ONLY,after_response_before_resolution,payments,AUTHORITATIVE_READBACK,CALLER_REFERENCE,5b92eaee-ebcd-4c5c-bb41-f9d5b0bbf73b,CONFIRMED_APPLIED,APPLIED,2,1,1,24957.500003,27079.0,1,0
b2_cas_only-after_response_before_resolution-payments-879bc6b2-r2,(session-3),B2_CAS_ONLY,after_response_before_resolution,payments,AUTHORITATIVE_READBACK,CALLER_REFERENCE,43889e19-2619-4b85-859e-f7fb19cd3331,CONFIRMED_APPLIED,APPLIED,3,1,2,29705.085591,387598.0,1,0
b2_cas_only-after_response_before_resolution-payments-879bc6b2-r2,(session-3),B2_CAS_ONLY,after_response_before_resolution,payments,AUTHORITATIVE_READBACK,CALLER_REFERENCE,9214a7fc-da0e-40e6-a4eb-d65f4535d804,CONFIRMED_APPLIED,APPLIED,2,1,2,22241.620747,355563.0,1,0
b2_cas_only-after_response_before_resolution-payments-879bc6b2-r2,(session-3),B2_CAS_ONLY,after_response_before_resolution,payments,AUTHORITATIVE_READBACK,CALLER_REFERENCE,a284c6db-92cb-4c7b-a210-4718f7531e6b,CONFIRMED_APPLIED,APPLIED,2,1,1,24940.746101,82118.0,1,0
b2_cas_only-after_response_before_resolution-payments-879bc6b2-r2,(session-3),B2_CAS_ONLY,after_response_before_resolution,payments,AUTHORITATIVE_READBACK,CALLER_REFERENCE,c0a715e4-65da-4018-9b18-49f94a7cac36,CONFIRMED_APPLIED,APPLIED,2,1,1,24945.443329,54829.0,1,0
b2_cas_only-after_response_before_resolution-payments-879bc6b2-r2,(session-3),B2_CAS_ONLY,after_response_before_resolution,payments,AUTHORITATIVE_READBACK,CALLER_REFERENCE,e92d7bca-d7a9-4ec2-96dd-33208a8113e1,CONFIRMED_APPLIED,APPLIED,2,1,1,21943.204887,24658.0,1,0
b2_cas_only-after_response_before_resolution-payments-879bc6b2-r2,(session-3),B2_CAS_ONLY,after_response_before_resolution,payments,AUTHORITATIVE_READBACK,CALLER_REFERENCE,f65e3d72-c883-483d-bb36-d91fbbe11223,CONFIRMED_APPLIED,APPLIED,2,1,1,24692.16745,387602.0,1,0
b2_cas_only-after_response_before_resolution-payments-879bc6b2-r2,(session-3),B2_CAS_ONLY,after_response_before_resolution,payments,AUTHORITATIVE_READBACK,CALLER_REFERENCE,5f244d33-8917-4edf-b6d5-137412a1af61,NO_RECORD,NO_RECORD,2,1,0,,360567.0,1,1
b2_cas_only-after_response_before_resolution-payments-879bc6b2-r2,(session-3),B2_CAS_ONLY,after_response_before_resolution,payments,AUTHORITATIVE_READBACK,CALLER_REFERENCE,fecdf1e5-b794-46ef-879e-90f986bc5f59,CONFIRMED_APPLIED,APPLIED,2,1,1,24936.042685,84510.0,1,0
b2_cas_only-after_response_before_resolution-payments-879bc6b2-r2,(session-3),B2_CAS_ONLY,after_response_before_resolution,payments,AUTHORITATIVE_READBACK,CALLER_REFERENCE,b011dc3f-6b9b-4926-b835-3065eaeb2e00,CONFIRMED_APPLIED,APPLIED,1,1,1,24961.508829,57255.0,0,0
b2_cas_only-after_response_before_resolution-payments-879bc6b2-r2,(session-3),B2_CAS_ONLY,after_response_before_resolution,payments,AUTHORITATIVE_READBACK,CALLER_REFERENCE,280b0127-4c36-4edd-83cb-abcbeb5195c5,CONFIRMED_APPLIED,APPLIED,3,1,2,29702.109575,30088.0,1,0
b2_cas_only-before_intent_write-ledger_postings-1930c0a9-r0,(session-3),B2_CAS_ONLY,before_intent_write,ledger_postings,NO_READBACK,CALLER_REFERENCE,2998bf3d-9bbe-4f58-806b-81af3210ce05,CONFIRMED_APPLIED,APPLIED,1,1,1,26704.378112,136238.0,0,0
b2_cas_only-before_intent_write-ledger_postings-1930c0a9-r0,(session-3),B2_CAS_ONLY,before_intent_write,ledger_postings,NO_READBACK,CALLER_REFERENCE,2daf0986-2505-4a76-a6a1-d52379b003ab,CONFIRMED_APPLIED,APPLIED,1,1,1,26695.03887,108954.0,0,0
b2_cas_only-before_intent_write-ledger_postings-1930c0a9-r0,(session-3),B2_CAS_ONLY,before_intent_write,ledger_postings,NO_READBACK,CALLER_REFERENCE,150c6f57-30b5-4823-ac77-1d15ad9a40be,CONFIRMED_APPLIED,APPLIED,1,1,1,26694.10436,81689.0,0,0
b2_cas_only-before_intent_write-ledger_postings-1930c0a9-r0,(session-3),B2_CAS_ONLY,before_intent_write,ledger_postings,NO_READBACK,CALLER_REFERENCE,8eda18c3-acd0-4252-9c96-dd8c8d8f21c0,CONFIRMED_APPLIED,APPLIED,1,1,1,26704.167559,54501.0,0,0
b2_cas_only-before_intent_write-ledger_postings-1930c0a9-r0,(session-3),B2_CAS_ONLY,before_intent_write,ledger_postings,NO_READBACK,CALLER_REFERENCE,e8018ab6-bd56-44b0-bd2f-e19ea619bd01,CONFIRMED_APPLIED,APPLIED,1,1,1,26687.234024,27371.0,0,0
b2_cas_only-before_intent_write-ledger_postings-1930c0a9-r0,(session-3),B2_CAS_ONLY,before_intent_write,ledger_postings,NO_READBACK,CALLER_REFERENCE,559bbf58-ad17-4d9b-98ee-9e35be624ff1,CONFIRMED_APPLIED,APPLIED,1,1,1,26705.628063,136202.0,0,0
b2_cas_only-before_intent_write-ledger_postings-1930c0a9-r0,(session-3),B2_CAS_ONLY,before_intent_write,ledger_postings,NO_READBACK,CALLER_REFERENCE,b8d2cb8a-5d35-474e-8508-e4ce1cf4e8c3,CONFIRMED_APPLIED,APPLIED,1,1,1,26686.237491,108955.0,0,0
b2_cas_only-before_intent_write-ledger_postings-1930c0a9-r0,(session-3),B2_CAS_ONLY,before_intent_write,ledger_postings,NO_READBACK,CALLER_REFERENCE,573d5397-08d4-49de-aa70-49a79bfabfae,CONFIRMED_APPLIED,APPLIED,1,1,1,26678.108925,81674.0,0,0
b2_cas_only-before_intent_write-ledger_postings-1930c0a9-r0,(session-3),B2_CAS_ONLY,before_intent_write,ledger_postings,NO_READBACK,CALLER_REFERENCE,8dceae44-8cb8-4d14-8453-73be698dbdc6,CONFIRMED_APPLIED,APPLIED,1,1,1,26701.344562,54503.0,0,0
b2_cas_only-before_intent_write-ledger_postings-1930c0a9-r0,(session-3),B2_CAS_ONLY,before_intent_write,ledger_postings,NO_READBACK,CALLER_REFERENCE,59562809-2c70-4572-b4d2-4c85a36bf10e,CONFIRMED_APPLIED,APPLIED,1,1,1,26698.968806,27347.0,0,0
b2_cas_only-before_intent_write-ledger_postings-1930c0a9-r1,(session-3),B2_CAS_ONLY,before_intent_write,ledger_postings,NO_READBACK,CALLER_REFERENCE,2daec369-1f70-4682-bf67-9b1a19b10032,CONFIRMED_APPLIED,APPLIED,1,1,1,26712.012426,141219.0,0,0
b2_cas_only-before_intent_write-ledger_postings-1930c0a9-r1,(session-3),B2_CAS_ONLY,before_intent_write,ledger_postings,NO_READBACK,CALLER_REFERENCE,c38b4cc7-bd94-4a46-adaf-855f6b331ce3,CONFIRMED_APPLIED,APPLIED,1,1,1,26703.703986,113967.0,0,0
b2_cas_only-before_intent_write-ledger_postings-1930c0a9-r1,(session-3),B2_CAS_ONLY,before_intent_write,ledger_postings,NO_READBACK,CALLER_REFERENCE,6a96e285-b8c5-4d31-8f02-be800ccdba2b,CONFIRMED_APPLIED,APPLIED,2,1,2,31703.804812,86752.0,1,0
b2_cas_only-before_intent_write-ledger_postings-1930c0a9-r1,(session-3),B2_CAS_ONLY,before_intent_write,ledger_postings,NO_READBACK,CALLER_REFERENCE,e9b0de6f-d9d0-4d8d-82a2-7b326951a650,CONFIRMED_APPLIED,APPLIED,1,1,1,26711.345835,54508.0,0,0
b2_cas_only-before_intent_write-ledger_postings-1930c0a9-r1,(session-3),B2_CAS_ONLY,before_intent_write,ledger_postings,NO_READBACK,CALLER_REFERENCE,6739dafa-901d-402b-b7fb-132860a21e68,CONFIRMED_APPLIED,APPLIED,1,1,1,26702.358629,27370.0,0,0
b2_cas_only-before_intent_write-ledger_postings-1930c0a9-r1,(session-3),B2_CAS_ONLY,before_intent_write,ledger_postings,NO_READBACK,CALLER_REFERENCE,583feb61-fa27-4302-9513-a12e544dbe59,CONFIRMED_APPLIED,APPLIED,1,1,1,26724.01276,141246.0,0,0
b2_cas_only-before_intent_write-ledger_postings-1930c0a9-r1,(session-3),B2_CAS_ONLY,before_intent_write,ledger_postings,NO_READBACK,CALLER_REFERENCE,9926d786-8526-4856-a155-f66301e61cad,CONFIRMED_APPLIED,APPLIED,1,1,1,26704.424327,113991.0,0,0
b2_cas_only-before_intent_write-ledger_postings-1930c0a9-r1,(session-3),B2_CAS_ONLY,before_intent_write,ledger_postings,NO_READBACK,CALLER_REFERENCE,a85fd5ab-2c98-4dee-b8e8-f1f5ba450fac,CONFIRMED_APPLIED,APPLIED,2,1,2,31704.630933,86757.0,1,0
b2_cas_only-before_intent_write-ledger_postings-1930c0a9-r1,(session-3),B2_CAS_ONLY,before_intent_write,ledger_postings,NO_READBACK,CALLER_REFERENCE,83fa5f1d-fd2b-4997-b3af-070cf52f700b,CONFIRMED_APPLIED,APPLIED,1,1,1,26711.822546,54510.0,0,0
b2_cas_only-before_intent_write-ledger_postings-1930c0a9-r1,(session-3),B2_CAS_ONLY,before_intent_write,ledger_postings,NO_READBACK,CALLER_REFERENCE,56607801-6e37-4266-8115-db064b9b9623,CONFIRMED_APPLIED,APPLIED,1,1,1,26690.271177,27366.0,0,0
b2_cas_only-before_intent_write-ledger_postings-1930c0a9-r2,(session-3),B2_CAS_ONLY,before_intent_write,ledger_postings,NO_READBACK,CALLER_REFERENCE,804e36ea-da2f-411e-bdea-294f90fec8dc,CONFIRMED_APPLIED,APPLIED,2,1,2,31703.030543,141095.0,1,0
b2_cas_only-before_intent_write-ledger_postings-1930c0a9-r2,(session-3),B2_CAS_ONLY,before_intent_write,ledger_postings,NO_READBACK,CALLER_REFERENCE,08e13024-676e-441d-b187-8609b0b069be,CONFIRMED_APPLIED,APPLIED,1,1,1,26695.066311,108921.0,0,0
b2_cas_only-before_intent_write-ledger_postings-1930c0a9-r2,(session-3),B2_CAS_ONLY,before_intent_write,ledger_postings,NO_READBACK,CALLER_REFERENCE,3e459c4c-fd91-441f-b764-23fd492a6f58,CONFIRMED_APPLIED,APPLIED,1,1,1,26701.44092,81721.0,0,0
b2_cas_only-before_intent_write-ledger_postings-1930c0a9-r2,(session-3),B2_CAS_ONLY,before_intent_write,ledger_postings,NO_READBACK,CALLER_REFERENCE,7ca8e9e6-d6f5-409f-a969-5892e6ca1c5a,CONFIRMED_APPLIED,APPLIED,1,1,1,26701.741929,54536.0,0,0
b2_cas_only-before_intent_write-ledger_postings-1930c0a9-r2,(session-3),B2_CAS_ONLY,before_intent_write,ledger_postings,NO_READBACK,CALLER_REFERENCE,7ff9e8e9-66f2-4a32-919f-d7ee8a991b4c,CONFIRMED_APPLIED,APPLIED,1,1,1,26713.895046,27412.0,0,0
b2_cas_only-before_intent_write-ledger_postings-1930c0a9-r2,(session-3),B2_CAS_ONLY,before_intent_write,ledger_postings,NO_READBACK,CALLER_REFERENCE,cfcd3175-7071-40e4-8ba1-1cdb8639d133,CONFIRMED_APPLIED,APPLIED,1,1,1,26688.878752,141067.0,0,0
b2_cas_only-before_intent_write-ledger_postings-1930c0a9-r2,(session-3),B2_CAS_ONLY,before_intent_write,ledger_postings,NO_READBACK,CALLER_REFERENCE,16fde678-ee1b-49ce-af86-106b19f303ce,CONFIRMED_APPLIED,APPLIED,1,1,1,26700.756083,113829.0,0,0
b2_cas_only-before_intent_write-ledger_postings-1930c0a9-r2,(session-3),B2_CAS_ONLY,before_intent_write,ledger_postings,NO_READBACK,CALLER_REFERENCE,aeebe6aa-740f-4031-b394-7eec24ec0e43,CONFIRMED_APPLIED,APPLIED,1,1,1,26691.373323,86687.0,0,0
b2_cas_only-before_intent_write-ledger_postings-1930c0a9-r2,(session-3),B2_CAS_ONLY,before_intent_write,ledger_postings,NO_READBACK,CALLER_REFERENCE,187c1ac0-482b-4e3e-92a1-61cbfe48c47b,CONFIRMED_APPLIED,APPLIED,1,1,1,26690.356203,59569.0,0,0
b2_cas_only-before_intent_write-ledger_postings-1930c0a9-r2,(session-3),B2_CAS_ONLY,before_intent_write,ledger_postings,NO_READBACK,CALLER_REFERENCE,bf4b8253-05d2-40d1-baf1-56642c146764,CONFIRMED_APPLIED,APPLIED,1,1,1,26736.933744,32439.0,0,0
b2_cas_only-before_intent_write-notifications-dfb55a7d-r0,(session-3),B2_CAS_ONLY,before_intent_write,notifications,POSITIVE_ONLY_READBACK,CALLER_REFERENCE,38ddcba0-dbd0-4591-ae72-9e342e74968c,CONFIRMED_APPLIED,APPLIED,1,1,1,26459.196043,147815.0,0,0
b2_cas_only-before_intent_write-notifications-dfb55a7d-r0,(session-3),B2_CAS_ONLY,before_intent_write,notifications,POSITIVE_ONLY_READBACK,CALLER_REFERENCE,e81241d6-f898-4dc6-b3e9-06a7bbb4a8c7,CONFIRMED_APPLIED,APPLIED,1,1,2,28683.446609,120709.0,0,0
b2_cas_only-before_intent_write-notifications-dfb55a7d-r0,(session-3),B2_CAS_ONLY,before_intent_write,notifications,POSITIVE_ONLY_READBACK,CALLER_REFERENCE,5840ebd1-e3b7-43a2-a759-94375cf5a125,CONFIRMED_APPLIED,APPLIED,1,1,1,26685.256669,91524.0,0,0
b2_cas_only-before_intent_write-notifications-dfb55a7d-r0,(session-3),B2_CAS_ONLY,before_intent_write,notifications,POSITIVE_ONLY_READBACK,CALLER_REFERENCE,a6b5521e-6d31-4ce8-b5ec-d058901c9b9e,CONFIRMED_APPLIED,APPLIED,1,1,1,26710.272823,64362.0,0,0
b2_cas_only-before_intent_write-notifications-dfb55a7d-r0,(session-3),B2_CAS_ONLY,before_intent_write,notifications,POSITIVE_ONLY_READBACK,CALLER_REFERENCE,e759929d-5c04-4652-b6b1-eabadfff9cfd,CONFIRMED_APPLIED,APPLIED,1,1,1,26701.970279,37194.0,0,0
b2_cas_only-before_intent_write-notifications-dfb55a7d-r0,(session-3),B2_CAS_ONLY,before_intent_write,notifications,POSITIVE_ONLY_READBACK,CALLER_REFERENCE,0a612c10-4114-471f-98b8-d93e574c570f,CONFIRMED_APPLIED,APPLIED,1,1,1,26454.999777,147802.0,0,0
b2_cas_only-before_intent_write-notifications-dfb55a7d-r0,(session-3),B2_CAS_ONLY,before_intent_write,notifications,POSITIVE_ONLY_READBACK,CALLER_REFERENCE,79f546eb-da4b-4df4-9893-d1c8762897bb,CONFIRMED_APPLIED,APPLIED,1,1,1,26699.937606,120732.0,0,0
b2_cas_only-before_intent_write-notifications-dfb55a7d-r0,(session-3),B2_CAS_ONLY,before_intent_write,notifications,POSITIVE_ONLY_READBACK,CALLER_REFERENCE,9edc5806-b674-477d-9df8-83c9f6c649ad,CONFIRMED_APPLIED,APPLIED,2,1,2,31696.204206,93528.0,1,0
b2_cas_only-before_intent_write-notifications-dfb55a7d-r0,(session-3),B2_CAS_ONLY,before_intent_write,notifications,POSITIVE_ONLY_READBACK,CALLER_REFERENCE,7d6351b1-4deb-4195-b4a5-592826335ce7,CONFIRMED_APPLIED,APPLIED,2,1,3,33695.50695,61342.0,1,0
b2_cas_only-before_intent_write-notifications-dfb55a7d-r0,(session-3),B2_CAS_ONLY,before_intent_write,notifications,POSITIVE_ONLY_READBACK,CALLER_REFERENCE,f1d3ebc6-5afc-4855-8b89-d561fd2b0b6a,CONFIRMED_APPLIED,APPLIED,1,1,1,26691.390972,27252.0,0,0
b2_cas_only-before_intent_write-notifications-dfb55a7d-r1,(session-3),B2_CAS_ONLY,before_intent_write,notifications,POSITIVE_ONLY_READBACK,CALLER_REFERENCE,ce5dcb21-c13a-4d00-94ef-b629414cf61e,CONFIRMED_APPLIED,APPLIED,1,1,1,26692.289197,141026.0,0,0
b2_cas_only-before_intent_write-notifications-dfb55a7d-r1,(session-3),B2_CAS_ONLY,before_intent_write,notifications,POSITIVE_ONLY_READBACK,CALLER_REFERENCE,997bfa63-a963-447b-8ec4-b41d9c1c39b0,CONFIRMED_APPLIED,APPLIED,1,1,1,26704.189376,113734.0,0,0
b2_cas_only-before_intent_write-notifications-dfb55a7d-r1,(session-3),B2_CAS_ONLY,before_intent_write,notifications,POSITIVE_ONLY_READBACK,CALLER_REFERENCE,aedce4c7-6bc8-4409-87e8-20124b80e24e,CONFIRMED_APPLIED,APPLIED,1,1,1,26694.76468,86588.0,0,0
b2_cas_only-before_intent_write-notifications-dfb55a7d-r1,(session-3),B2_CAS_ONLY,before_intent_write,notifications,POSITIVE_ONLY_READBACK,CALLER_REFERENCE,42915520-2fa9-4b2e-bd44-209894b0b08f,CONFIRMED_APPLIED,APPLIED,1,1,1,26684.3341,59463.0,0,0
b2_cas_only-before_intent_write-notifications-dfb55a7d-r1,(session-3),B2_CAS_ONLY,before_intent_write,notifications,POSITIVE_ONLY_READBACK,CALLER_REFERENCE,445ef6e3-a59b-44b0-9d50-40ccf0d7aadf,CONFIRMED_APPLIED,APPLIED,1,1,1,26696.187286,32359.0,0,0
b2_cas_only-before_intent_write-notifications-dfb55a7d-r1,(session-3),B2_CAS_ONLY,before_intent_write,notifications,POSITIVE_ONLY_READBACK,CALLER_REFERENCE,52469478-4b20-4b32-9b6a-aa2d44b9daab,CONFIRMED_APPLIED,APPLIED,2,1,2,31704.433874,141027.0,1,0
b2_cas_only-before_intent_write-notifications-dfb55a7d-r1,(session-3),B2_CAS_ONLY,before_intent_write,notifications,POSITIVE_ONLY_READBACK,CALLER_REFERENCE,355d3663-4baa-45dc-a690-d8facfe9944f,CONFIRMED_APPLIED,APPLIED,1,1,1,26701.187547,108777.0,0,0
b2_cas_only-before_intent_write-notifications-dfb55a7d-r1,(session-3),B2_CAS_ONLY,before_intent_write,notifications,POSITIVE_ONLY_READBACK,CALLER_REFERENCE,6ba28f81-93ac-4641-a8d9-2f74f07b76e9,CONFIRMED_APPLIED,APPLIED,1,1,1,26680.757126,81606.0,0,0
b2_cas_only-before_intent_write-notifications-dfb55a7d-r1,(session-3),B2_CAS_ONLY,before_intent_write,notifications,POSITIVE_ONLY_READBACK,CALLER_REFERENCE,788a0619-ffb2-429f-b7b7-4d64bc6b636d,CONFIRMED_APPLIED,APPLIED,1,1,1,26698.532584,54436.0,0,0
b2_cas_only-before_intent_write-notifications-dfb55a7d-r1,(session-3),B2_CAS_ONLY,before_intent_write,notifications,POSITIVE_ONLY_READBACK,CALLER_REFERENCE,55c10765-54f3-470e-8edc-103d1b9e69dc,CONFIRMED_APPLIED,APPLIED,1,1,1,26683.944861,27271.0,0,0
b2_cas_only-before_intent_write-notifications-dfb55a7d-r2,(session-3),B2_CAS_ONLY,before_intent_write,notifications,POSITIVE_ONLY_READBACK,CALLER_REFERENCE,505610df-cae8-49c8-9026-ab74a85f6f49,CONFIRMED_APPLIED,APPLIED,1,1,1,26682.711611,135958.0,0,0
b2_cas_only-before_intent_write-notifications-dfb55a7d-r2,(session-3),B2_CAS_ONLY,before_intent_write,notifications,POSITIVE_ONLY_READBACK,CALLER_REFERENCE,db795692-192c-4c43-b223-a475b77843f6,CONFIRMED_APPLIED,APPLIED,1,1,1,26474.048134,108728.0,0,0
b2_cas_only-before_intent_write-notifications-dfb55a7d-r2,(session-3),B2_CAS_ONLY,before_intent_write,notifications,POSITIVE_ONLY_READBACK,CALLER_REFERENCE,6cf6f1e4-a95c-42f2-95f0-a6c65ea9be3b,CONFIRMED_APPLIED,APPLIED,1,1,1,26474.553755,81629.0,0,0
b2_cas_only-before_intent_write-notifications-dfb55a7d-r2,(session-3),B2_CAS_ONLY,before_intent_write,notifications,POSITIVE_ONLY_READBACK,CALLER_REFERENCE,2d999596-6ac5-4197-89a1-3e52ea7592be,CONFIRMED_APPLIED,APPLIED,1,1,1,26483.815788,54504.0,0,0
b2_cas_only-before_intent_write-notifications-dfb55a7d-r2,(session-3),B2_CAS_ONLY,before_intent_write,notifications,POSITIVE_ONLY_READBACK,CALLER_REFERENCE,54f282c3-90e3-4880-861f-addf58c36e2c,CONFIRMED_APPLIED,APPLIED,1,1,1,26472.477374,27333.0,0,0
b2_cas_only-before_intent_write-notifications-dfb55a7d-r2,(session-3),B2_CAS_ONLY,before_intent_write,notifications,POSITIVE_ONLY_READBACK,CALLER_REFERENCE,d6d36655-1d5d-4ed0-9a6c-c37bcb541566,CONFIRMED_APPLIED,APPLIED,1,1,1,26717.747862,135905.0,0,0
b2_cas_only-before_intent_write-notifications-dfb55a7d-r2,(session-3),B2_CAS_ONLY,before_intent_write,notifications,POSITIVE_ONLY_READBACK,CALLER_REFERENCE,2314ca1f-128d-4752-810c-70a5e7885ac9,CONFIRMED_APPLIED,APPLIED,1,1,1,26474.337351,108728.0,0,0
b2_cas_only-before_intent_write-notifications-dfb55a7d-r2,(session-3),B2_CAS_ONLY,before_intent_write,notifications,POSITIVE_ONLY_READBACK,CALLER_REFERENCE,08edf219-d154-4867-af82-85879b2f03ce,CONFIRMED_APPLIED,APPLIED,1,1,1,26457.875763,81616.0,0,0
b2_cas_only-before_intent_write-notifications-dfb55a7d-r2,(session-3),B2_CAS_ONLY,before_intent_write,notifications,POSITIVE_ONLY_READBACK,CALLER_REFERENCE,a06521f7-5134-4480-8930-884e4cf5e5dd,CONFIRMED_APPLIED,APPLIED,1,1,1,26453.468636,54505.0,0,0
b2_cas_only-before_intent_write-notifications-dfb55a7d-r2,(session-3),B2_CAS_ONLY,before_intent_write,notifications,POSITIVE_ONLY_READBACK,CALLER_REFERENCE,da43b6f4-ca2d-494d-9cdb-6cf29b41f40c,CONFIRMED_APPLIED,APPLIED,1,1,1,26706.787588,27419.0,0,0
b2_cas_only-before_intent_write-payments-a0635cb4-r0,(session-3),B2_CAS_ONLY,before_intent_write,payments,AUTHORITATIVE_READBACK,CALLER_REFERENCE,c3831c7e-e1ba-443a-97e3-e5e8c1b3199a,CONFIRMED_APPLIED,APPLIED,1,1,1,26707.636873,136233.0,0,0
b2_cas_only-before_intent_write-payments-a0635cb4-r0,(session-3),B2_CAS_ONLY,before_intent_write,payments,AUTHORITATIVE_READBACK,CALLER_REFERENCE,434bffe2-f207-4c61-92fe-72fe435aea47,CONFIRMED_APPLIED,APPLIED,1,1,1,26710.66181,109175.0,0,0
b2_cas_only-before_intent_write-payments-a0635cb4-r0,(session-3),B2_CAS_ONLY,before_intent_write,payments,AUTHORITATIVE_READBACK,CALLER_REFERENCE,cd029990-811e-44e8-8533-b33f7dd49c25,CONFIRMED_APPLIED,APPLIED,1,1,1,26962.21634,82024.0,0,0
b2_cas_only-before_intent_write-payments-a0635cb4-r0,(session-3),B2_CAS_ONLY,before_intent_write,payments,AUTHORITATIVE_READBACK,CALLER_REFERENCE,0baecdf0-5ee9-4c9c-b0cc-8e8ac99f9be5,CONFIRMED_APPLIED,APPLIED,1,1,1,26949.029187,54799.0,0,0
b2_cas_only-before_intent_write-payments-a0635cb4-r0,(session-3),B2_CAS_ONLY,before_intent_write,payments,AUTHORITATIVE_READBACK,CALLER_REFERENCE,4f1d1f5c-e86c-46b0-8141-d5b8572f6986,CONFIRMED_APPLIED,APPLIED,1,1,1,26952.04933,27556.0,0,0
b2_cas_only-before_intent_write-payments-a0635cb4-r0,(session-3),B2_CAS_ONLY,before_intent_write,payments,AUTHORITATIVE_READBACK,CALLER_REFERENCE,a56ceb50-d25d-46de-adde-34423b86751a,CONFIRMED_APPLIED,APPLIED,1,1,1,26698.34684,136213.0,0,0
b2_cas_only-before_intent_write-payments-a0635cb4-r0,(session-3),B2_CAS_ONLY,before_intent_write,payments,AUTHORITATIVE_READBACK,CALLER_REFERENCE,5062629d-6a9e-478e-891a-8a9e31b5b911,CONFIRMED_APPLIED,APPLIED,1,1,1,26955.58416,109123.0,0,0
b2_cas_only-before_intent_write-payments-a0635cb4-r0,(session-3),B2_CAS_ONLY,before_intent_write,payments,AUTHORITATIVE_READBACK,CALLER_REFERENCE,c534e421-982b-4d6c-8a25-bb16f112be78,CONFIRMED_APPLIED,APPLIED,1,1,1,26958.833663,81844.0,0,0
b2_cas_only-before_intent_write-payments-a0635cb4-r0,(session-3),B2_CAS_ONLY,before_intent_write,payments,AUTHORITATIVE_READBACK,CALLER_REFERENCE,039a3d7c-4a9a-4cf8-936b-74048430bad3,CONFIRMED_APPLIED,APPLIED,1,1,1,26963.517235,54629.0,0,0
b2_cas_only-before_intent_write-payments-a0635cb4-r0,(session-3),B2_CAS_ONLY,before_intent_write,payments,AUTHORITATIVE_READBACK,CALLER_REFERENCE,2ecee1e7-736d-4536-99f8-fe1708822ffe,CONFIRMED_APPLIED,APPLIED,1,1,1,26950.543941,27347.0,0,0
b2_cas_only-before_intent_write-payments-a0635cb4-r1,(session-3),B2_CAS_ONLY,before_intent_write,payments,AUTHORITATIVE_READBACK,CALLER_REFERENCE,df58ea83-1329-46e8-bb3b-7760f5e7b0bd,CONFIRMED_APPLIED,APPLIED,3,1,3,36722.729397,158165.0,1,0
b2_cas_only-before_intent_write-payments-a0635cb4-r1,(session-3),B2_CAS_ONLY,before_intent_write,payments,AUTHORITATIVE_READBACK,CALLER_REFERENCE,197e6c23-13c7-4adc-aa6b-7749e4f589b1,CONFIRMED_APPLIED,APPLIED,1,1,1,26996.913932,121075.0,0,0
b2_cas_only-before_intent_write-payments-a0635cb4-r1,(session-3),B2_CAS_ONLY,before_intent_write,payments,AUTHORITATIVE_READBACK,CALLER_REFERENCE,a3302399-06cd-4ff9-a158-6f5e740ac255,CONFIRMED_APPLIED,APPLIED,2,1,3,33984.567874,93810.0,1,0
b2_cas_only-before_intent_write-payments-a0635cb4-r1,(session-3),B2_CAS_ONLY,before_intent_write,payments,AUTHORITATIVE_READBACK,CALLER_REFERENCE,241b0bfc-522e-47f4-a1a6-6903f41e9480,CONFIRMED_APPLIED,APPLIED,1,1,1,26949.298716,59523.0,0,0
b2_cas_only-before_intent_write-payments-a0635cb4-r1,(session-3),B2_CAS_ONLY,before_intent_write,payments,AUTHORITATIVE_READBACK,CALLER_REFERENCE,a85188af-eba0-4168-97b7-f30549f1a60a,CONFIRMED_APPLIED,APPLIED,2,1,2,31968.293859,32353.0,1,0
b2_cas_only-before_intent_write-payments-a0635cb4-r1,(session-3),B2_CAS_ONLY,before_intent_write,payments,AUTHORITATIVE_READBACK,CALLER_REFERENCE,9d3cbc70-639e-4dc1-9a40-5f536da57481,CONFIRMED_APPLIED,APPLIED,2,1,2,31734.005779,158216.0,1,0
b2_cas_only-before_intent_write-payments-a0635cb4-r1,(session-3),B2_CAS_ONLY,before_intent_write,payments,AUTHORITATIVE_READBACK,CALLER_REFERENCE,c8e0e84d-2d78-491e-92ba-5f13a137eab3,CONFIRMED_APPLIED,APPLIED,1,1,1,26959.67786,126074.0,0,0
b2_cas_only-before_intent_write-payments-a0635cb4-r1,(session-3),B2_CAS_ONLY,before_intent_write,payments,AUTHORITATIVE_READBACK,CALLER_REFERENCE,ec650414-5576-428f-8096-fc8a88c7b8aa,CONFIRMED_APPLIED,APPLIED,1,1,1,26976.394712,98854.0,0,0
b2_cas_only-before_intent_write-payments-a0635cb4-r1,(session-3),B2_CAS_ONLY,before_intent_write,payments,AUTHORITATIVE_READBACK,CALLER_REFERENCE,08cbeb45-4ba2-48bd-83d9-bc44b36502c3,CONFIRMED_APPLIED,APPLIED,1,1,1,26720.185928,71627.0,0,0
b2_cas_only-before_intent_write-payments-a0635cb4-r1,(session-3),B2_CAS_ONLY,before_intent_write,payments,AUTHORITATIVE_READBACK,CALLER_REFERENCE,f3dfe430-a547-4778-b283-07ab4c462513,CONFIRMED_APPLIED,APPLIED,1,1,1,26716.528524,44546.0,0,0
b2_cas_only-before_intent_write-payments-a0635cb4-r2,(session-3),B2_CAS_ONLY,before_intent_write,payments,AUTHORITATIVE_READBACK,CALLER_REFERENCE,5380ac3f-9929-4460-8ed9-d7daeb831d98,CONFIRMED_APPLIED,APPLIED,1,1,1,26704.662308,143006.0,0,0
b2_cas_only-before_intent_write-payments-a0635cb4-r2,(session-3),B2_CAS_ONLY,before_intent_write,payments,AUTHORITATIVE_READBACK,CALLER_REFERENCE,d0936c4b-8f19-4a0b-ba09-a7145261bd46,CONFIRMED_APPLIED,APPLIED,1,1,1,26707.070775,115867.0,0,0
b2_cas_only-before_intent_write-payments-a0635cb4-r2,(session-3),B2_CAS_ONLY,before_intent_write,payments,AUTHORITATIVE_READBACK,CALLER_REFERENCE,c920e0a3-e265-431b-a6e8-3be1622adb50,CONFIRMED_APPLIED,APPLIED,1,1,2,28957.631478,88723.0,0,0
b2_cas_only-before_intent_write-payments-a0635cb4-r2,(session-3),B2_CAS_ONLY,before_intent_write,payments,AUTHORITATIVE_READBACK,CALLER_REFERENCE,e1b7ce93-61e0-49bb-9ef9-252b87e52558,CONFIRMED_APPLIED,APPLIED,1,1,1,26943.574933,59446.0,0,0
b2_cas_only-before_intent_write-payments-a0635cb4-r2,(session-3),B2_CAS_ONLY,before_intent_write,payments,AUTHORITATIVE_READBACK,CALLER_REFERENCE,c7fcd67f-94fc-4842-b320-d8177a0d0f88,CONFIRMED_APPLIED,APPLIED,1,1,1,26952.459128,32252.0,0,0
b2_cas_only-before_intent_write-payments-a0635cb4-r2,(session-3),B2_CAS_ONLY,before_intent_write,payments,AUTHORITATIVE_READBACK,CALLER_REFERENCE,5f6a24d3-1840-43df-9fe0-b09cf26e60c8,CONFIRMED_APPLIED,APPLIED,1,1,1,26714.962753,143055.0,0,0
b2_cas_only-before_intent_write-payments-a0635cb4-r2,(session-3),B2_CAS_ONLY,before_intent_write,payments,AUTHORITATIVE_READBACK,CALLER_REFERENCE,d9e66497-ccc3-4ca9-9776-6b13fdd87689,CONFIRMED_APPLIED,APPLIED,1,1,1,26706.622566,115931.0,0,0
b2_cas_only-before_intent_write-payments-a0635cb4-r2,(session-3),B2_CAS_ONLY,before_intent_write,payments,AUTHORITATIVE_READBACK,CALLER_REFERENCE,44162e5d-b750-4a67-878b-37b5b51e6148,CONFIRMED_APPLIED,APPLIED,1,1,1,26958.085865,88815.0,0,0
b2_cas_only-before_intent_write-payments-a0635cb4-r2,(session-3),B2_CAS_ONLY,before_intent_write,payments,AUTHORITATIVE_READBACK,CALLER_REFERENCE,e06b6178-e2ff-40a3-8eeb-0e89802aa30c,CONFIRMED_APPLIED,APPLIED,2,1,3,33974.943425,61548.0,1,0
b2_cas_only-before_intent_write-payments-a0635cb4-r2,(session-3),B2_CAS_ONLY,before_intent_write,payments,AUTHORITATIVE_READBACK,CALLER_REFERENCE,c5751565-3b0c-4aa4-a453-b1da6149f491,CONFIRMED_APPLIED,APPLIED,1,1,1,26956.41405,27392.0,0,0
b2_cas_only-mid_dispatch-ledger_postings-7f679244-r0,(session-3),B2_CAS_ONLY,mid_dispatch,ledger_postings,NO_READBACK,CALLER_REFERENCE,8a949257-ad71-446f-ac7d-46daa79be8b1,CONFIRMED_APPLIED,APPLIED,2,1,1,26196.860419,140443.0,1,0
b2_cas_only-mid_dispatch-ledger_postings-7f679244-r0,(session-3),B2_CAS_ONLY,mid_dispatch,ledger_postings,NO_READBACK,CALLER_REFERENCE,7434fef4-5274-4243-9b26-c077155d20e5,CONFIRMED_APPLIED,APPLIED,2,1,1,26173.417805,113324.0,1,0
b2_cas_only-mid_dispatch-ledger_postings-7f679244-r0,(session-3),B2_CAS_ONLY,mid_dispatch,ledger_postings,NO_READBACK,CALLER_REFERENCE,e8403c0a-90cd-4f44-bad6-d987c9dcdd32,CONFIRMED_APPLIED,APPLIED,2,1,1,26206.429674,86216.0,1,0
b2_cas_only-mid_dispatch-ledger_postings-7f679244-r0,(session-3),B2_CAS_ONLY,mid_dispatch,ledger_postings,NO_READBACK,CALLER_REFERENCE,4843b870-85e1-4179-ab63-c74eca9cf935,CONFIRMED_APPLIED,APPLIED,2,1,1,26433.953591,59112.0,1,0
b2_cas_only-mid_dispatch-ledger_postings-7f679244-r0,(session-3),B2_CAS_ONLY,mid_dispatch,ledger_postings,NO_READBACK,CALLER_REFERENCE,56bc333b-904d-4db8-bf5a-30ce3a958af1,CONFIRMED_APPLIED,APPLIED,3,1,2,31188.430063,31833.0,1,0
b2_cas_only-mid_dispatch-ledger_postings-7f679244-r0,(session-3),B2_CAS_ONLY,mid_dispatch,ledger_postings,NO_READBACK,CALLER_REFERENCE,f41cf7f0-9010-4708-a465-456c2561e5db,CONFIRMED_APPLIED,APPLIED,2,1,1,26198.910603,140329.0,1,0
b2_cas_only-mid_dispatch-ledger_postings-7f679244-r0,(session-3),B2_CAS_ONLY,mid_dispatch,ledger_postings,NO_READBACK,CALLER_REFERENCE,20e6b557-1864-4d25-b8dd-39f57b795909,CONFIRMED_APPLIED,APPLIED,2,1,1,26192.003118,113077.0,1,0
b2_cas_only-mid_dispatch-ledger_postings-7f679244-r0,(session-3),B2_CAS_ONLY,mid_dispatch,ledger_postings,NO_READBACK,CALLER_REFERENCE,e809d4fb-be4b-4996-87db-9d0bed565802,CONFIRMED_APPLIED,APPLIED,2,1,1,26193.220947,85971.0,1,0
b2_cas_only-mid_dispatch-ledger_postings-7f679244-r0,(session-3),B2_CAS_ONLY,mid_dispatch,ledger_postings,NO_READBACK,CALLER_REFERENCE,45c27571-61be-459b-9107-00ca4a0054c0,CONFIRMED_APPLIED,APPLIED,2,1,1,26433.564711,58879.0,1,0
b2_cas_only-mid_dispatch-ledger_postings-7f679244-r0,(session-3),B2_CAS_ONLY,mid_dispatch,ledger_postings,NO_READBACK,CALLER_REFERENCE,7255f784-2772-40fe-9c0b-5939f5455aa2,CONFIRMED_APPLIED,APPLIED,2,1,1,26177.58771,31610.0,1,0
b2_cas_only-mid_dispatch-ledger_postings-7f679244-r1,(session-3),B2_CAS_ONLY,mid_dispatch,ledger_postings,NO_READBACK,CALLER_REFERENCE,2f9bb577-b8fa-4be1-ba6d-dfa85067e936,CONFIRMED_APPLIED,APPLIED,2,1,1,26172.220104,140402.0,1,0
b2_cas_only-mid_dispatch-ledger_postings-7f679244-r1,(session-3),B2_CAS_ONLY,mid_dispatch,ledger_postings,NO_READBACK,CALLER_REFERENCE,3f56413f-c727-4574-b0fa-49b2099f668d,CONFIRMED_APPLIED,APPLIED,2,1,1,26200.052726,113319.0,1,0
b2_cas_only-mid_dispatch-ledger_postings-7f679244-r1,(session-3),B2_CAS_ONLY,mid_dispatch,ledger_postings,NO_READBACK,CALLER_REFERENCE,bb333f5f-da3f-484f-86e9-75125a2e73d3,CONFIRMED_APPLIED,APPLIED,2,1,1,26436.981113,86208.0,1,0
b2_cas_only-mid_dispatch-ledger_postings-7f679244-r1,(session-3),B2_CAS_ONLY,mid_dispatch,ledger_postings,NO_READBACK,CALLER_REFERENCE,4953338d-70cd-4eb5-87f6-ad57b2b4fd50,CONFIRMED_APPLIED,APPLIED,3,1,2,31197.28822,58938.0,1,0
b2_cas_only-mid_dispatch-ledger_postings-7f679244-r1,(session-3),B2_CAS_ONLY,mid_dispatch,ledger_postings,NO_READBACK,CALLER_REFERENCE,91570625-e160-4969-9255-8c8a0f966fbc,CONFIRMED_APPLIED,APPLIED,2,1,1,26217.727775,26790.0,1,0
b2_cas_only-mid_dispatch-ledger_postings-7f679244-r1,(session-3),B2_CAS_ONLY,mid_dispatch,ledger_postings,NO_READBACK,CALLER_REFERENCE,1846d00f-d821-4af2-8b92-7465ebd30636,CONFIRMED_APPLIED,APPLIED,2,1,1,26202.507597,140407.0,1,0
b2_cas_only-mid_dispatch-ledger_postings-7f679244-r1,(session-3),B2_CAS_ONLY,mid_dispatch,ledger_postings,NO_READBACK,CALLER_REFERENCE,1003c31a-8136-4aa6-8fd2-566371ca9e0d,CONFIRMED_APPLIED,APPLIED,2,1,1,26204.882395,113318.0,1,0
b2_cas_only-mid_dispatch-ledger_postings-7f679244-r1,(session-3),B2_CAS_ONLY,mid_dispatch,ledger_postings,NO_READBACK,CALLER_REFERENCE,3d458568-2946-4765-99b4-61833ed3125e,CONFIRMED_APPLIED,APPLIED,2,1,1,26442.587089,86209.0,1,0
b2_cas_only-mid_dispatch-ledger_postings-7f679244-r1,(session-3),B2_CAS_ONLY,mid_dispatch,ledger_postings,NO_READBACK,CALLER_REFERENCE,5163dea5-b0f4-4047-9eeb-b811f43bd154,CONFIRMED_APPLIED,APPLIED,2,1,1,26195.726449,58919.0,1,0
b2_cas_only-mid_dispatch-ledger_postings-7f679244-r1,(session-3),B2_CAS_ONLY,mid_dispatch,ledger_postings,NO_READBACK,CALLER_REFERENCE,3964164d-13e5-44fc-82a5-b3a95fecd808,CONFIRMED_APPLIED,APPLIED,2,1,1,26193.295111,31735.0,1,0
b2_cas_only-mid_dispatch-ledger_postings-7f679244-r2,(session-3),B2_CAS_ONLY,mid_dispatch,ledger_postings,NO_READBACK,CALLER_REFERENCE,6e9a5eb0-4f55-47a9-81cc-1cd4c91bbc49,CONFIRMED_APPLIED,APPLIED,2,1,1,26212.9811,137595.0,1,0
b2_cas_only-mid_dispatch-ledger_postings-7f679244-r2,(session-3),B2_CAS_ONLY,mid_dispatch,ledger_postings,NO_READBACK,CALLER_REFERENCE,9b2ff31a-7190-4508-9f32-69f74f6e0355,CONFIRMED_APPLIED,APPLIED,2,1,1,26433.893045,110484.0,1,0
b2_cas_only-mid_dispatch-ledger_postings-7f679244-r2,(session-3),B2_CAS_ONLY,mid_dispatch,ledger_postings,NO_READBACK,CALLER_REFERENCE,88745233-9589-4a69-8592-88c3e5f9368a,CONFIRMED_APPLIED,APPLIED,2,1,1,26209.773105,83207.0,1,0
b2_cas_only-mid_dispatch-ledger_postings-7f679244-r2,(session-3),B2_CAS_ONLY,mid_dispatch,ledger_postings,NO_READBACK,CALLER_REFERENCE,be61fd4c-8863-4d3f-89e7-86f2e9d9c026,CONFIRMED_APPLIED,APPLIED,2,1,1,26169.967289,56124.0,1,0
b2_cas_only-mid_dispatch-ledger_postings-7f679244-r2,(session-3),B2_CAS_ONLY,mid_dispatch,ledger_postings,NO_READBACK,CALLER_REFERENCE,d2ba4738-543a-466f-a9b5-5159f968a905,CONFIRMED_APPLIED,APPLIED,2,1,1,26454.556498,29004.0,1,0
b2_cas_only-mid_dispatch-ledger_postings-7f679244-r2,(session-3),B2_CAS_ONLY,mid_dispatch,ledger_postings,NO_READBACK,CALLER_REFERENCE,1ad672a0-7c3e-40df-9fd3-1a12bfb734a6,CONFIRMED_APPLIED,APPLIED,2,1,1,26185.322622,137598.0,1,0
b2_cas_only-mid_dispatch-ledger_postings-7f679244-r2,(session-3),B2_CAS_ONLY,mid_dispatch,ledger_postings,NO_READBACK,CALLER_REFERENCE,a294f945-5d6a-43d8-9f42-04f3011e8645,CONFIRMED_APPLIED,APPLIED,2,1,1,26202.105546,110541.0,1,0
b2_cas_only-mid_dispatch-ledger_postings-7f679244-r2,(session-3),B2_CAS_ONLY,mid_dispatch,ledger_postings,NO_READBACK,CALLER_REFERENCE,49f02f21-2efe-4117-ace2-3360bfadf990,CONFIRMED_APPLIED,APPLIED,2,1,1,26458.665518,83477.0,1,0
b2_cas_only-mid_dispatch-ledger_postings-7f679244-r2,(session-3),B2_CAS_ONLY,mid_dispatch,ledger_postings,NO_READBACK,CALLER_REFERENCE,1436ba70-8199-4d43-b384-a1cc2c9b2ee4,CONFIRMED_APPLIED,APPLIED,2,1,2,28198.520813,56173.0,1,0
b2_cas_only-mid_dispatch-ledger_postings-7f679244-r2,(session-3),B2_CAS_ONLY,mid_dispatch,ledger_postings,NO_READBACK,CALLER_REFERENCE,9b08cc4c-9115-4db1-8e70-4ac8a14c44fc,CONFIRMED_APPLIED,APPLIED,2,1,1,26459.083718,26996.0,1,0
b2_cas_only-mid_dispatch-notifications-acd2c44b-r0,(session-3),B2_CAS_ONLY,mid_dispatch,notifications,POSITIVE_ONLY_READBACK,CALLER_REFERENCE,85ae342e-cb31-414e-95dc-e7063cda9cff,CONFIRMED_APPLIED,APPLIED,2,1,1,26174.657458,145145.0,1,0
b2_cas_only-mid_dispatch-notifications-acd2c44b-r0,(session-3),B2_CAS_ONLY,mid_dispatch,notifications,POSITIVE_ONLY_READBACK,CALLER_REFERENCE,1825a50c-e898-4a3f-b50b-4e3457470afc,CONFIRMED_APPLIED,APPLIED,3,1,2,31444.243391,118014.0,1,0
b2_cas_only-mid_dispatch-notifications-acd2c44b-r0,(session-3),B2_CAS_ONLY,mid_dispatch,notifications,POSITIVE_ONLY_READBACK,CALLER_REFERENCE,84ebee03-784f-482c-a337-f283db78f561,CONFIRMED_APPLIED,APPLIED,2,1,1,26434.492122,85673.0,1,0
b2_cas_only-mid_dispatch-notifications-acd2c44b-r0,(session-3),B2_CAS_ONLY,mid_dispatch,notifications,POSITIVE_ONLY_READBACK,CALLER_REFERENCE,3157a241-7689-44d7-85d6-8c5578ad855b,CONFIRMED_APPLIED,APPLIED,2,1,1,26439.957522,58372.0,1,0
b2_cas_only-mid_dispatch-notifications-acd2c44b-r0,(session-3),B2_CAS_ONLY,mid_dispatch,notifications,POSITIVE_ONLY_READBACK,CALLER_REFERENCE,e97a2346-0df4-48ce-8c47-dd7f88bc330c,CONFIRMED_APPLIED,APPLIED,2,1,1,26433.026097,31165.0,1,0
b2_cas_only-mid_dispatch-notifications-acd2c44b-r0,(session-3),B2_CAS_ONLY,mid_dispatch,notifications,POSITIVE_ONLY_READBACK,CALLER_REFERENCE,3389961a-8acf-4263-8a18-b4d9776ec5b1,CONFIRMED_APPLIED,APPLIED,2,1,1,26191.158284,145188.0,1,0
b2_cas_only-mid_dispatch-notifications-acd2c44b-r0,(session-3),B2_CAS_ONLY,mid_dispatch,notifications,POSITIVE_ONLY_READBACK,CALLER_REFERENCE,5a90215b-7792-4ccc-963b-383da6877bd0,CONFIRMED_APPLIED,APPLIED,2,1,2,28450.433341,118030.0,1,0
b2_cas_only-mid_dispatch-notifications-acd2c44b-r0,(session-3),B2_CAS_ONLY,mid_dispatch,notifications,POSITIVE_ONLY_READBACK,CALLER_REFERENCE,79bb985c-b308-44bd-a03d-a265a6514666,CONFIRMED_APPLIED,APPLIED,3,1,2,31445.063228,88674.0,1,0
b2_cas_only-mid_dispatch-notifications-acd2c44b-r0,(session-3),B2_CAS_ONLY,mid_dispatch,notifications,POSITIVE_ONLY_READBACK,CALLER_REFERENCE,6da68232-20e3-4eb9-8fde-7209b74cbb9a,CONFIRMED_APPLIED,APPLIED,2,1,2,28445.900683,56376.0,1,0
b2_cas_only-mid_dispatch-notifications-acd2c44b-r0,(session-3),B2_CAS_ONLY,mid_dispatch,notifications,POSITIVE_ONLY_READBACK,CALLER_REFERENCE,7f8e3acb-a6e6-405e-b512-edfaf0cfe731,CONFIRMED_APPLIED,APPLIED,2,1,1,26433.851106,27053.0,1,0
b2_cas_only-mid_dispatch-notifications-acd2c44b-r1,(session-3),B2_CAS_ONLY,mid_dispatch,notifications,POSITIVE_ONLY_READBACK,CALLER_REFERENCE,1b294f87-4ca1-42ae-9ed5-c956d98d6aa8,CONFIRMED_APPLIED,APPLIED,1,1,1,26196.534156,135308.0,0,0
b2_cas_only-mid_dispatch-notifications-acd2c44b-r1,(session-3),B2_CAS_ONLY,mid_dispatch,notifications,POSITIVE_ONLY_READBACK,CALLER_REFERENCE,05721fac-4ddd-42e9-b56b-32cc78d8927d,CONFIRMED_APPLIED,APPLIED,2,1,1,26195.884281,108180.0,1,0
b2_cas_only-mid_dispatch-notifications-acd2c44b-r1,(session-3),B2_CAS_ONLY,mid_dispatch,notifications,POSITIVE_ONLY_READBACK,CALLER_REFERENCE,b69d0ba2-8a88-44a2-a394-e291b9bf3423,CONFIRMED_APPLIED,APPLIED,2,1,1,26197.860911,81092.0,1,0
b2_cas_only-mid_dispatch-notifications-acd2c44b-r1,(session-3),B2_CAS_ONLY,mid_dispatch,notifications,POSITIVE_ONLY_READBACK,CALLER_REFERENCE,3a4ddad4-4f88-4f25-8088-7904e72ff119,CONFIRMED_APPLIED,APPLIED,2,1,1,26200.023257,53931.0,1,0
b2_cas_only-mid_dispatch-notifications-acd2c44b-r1,(session-3),B2_CAS_ONLY,mid_dispatch,notifications,POSITIVE_ONLY_READBACK,CALLER_REFERENCE,b2f3e9b0-7ec6-406e-a861-fcd78b794ea2,CONFIRMED_APPLIED,APPLIED,2,1,1,26176.894624,26852.0,1,0
b2_cas_only-mid_dispatch-notifications-acd2c44b-r1,(session-3),B2_CAS_ONLY,mid_dispatch,notifications,POSITIVE_ONLY_READBACK,CALLER_REFERENCE,ab7617ad-26f7-4dff-92f2-1abea3ecaead,CONFIRMED_APPLIED,APPLIED,2,1,1,26191.295833,135294.0,1,0
b2_cas_only-mid_dispatch-notifications-acd2c44b-r1,(session-3),B2_CAS_ONLY,mid_dispatch,notifications,POSITIVE_ONLY_READBACK,CALLER_REFERENCE,917635b4-0327-4ace-94b3-b290c6d1f329,CONFIRMED_APPLIED,APPLIED,2,1,1,26184.223246,108149.0,1,0
b2_cas_only-mid_dispatch-notifications-acd2c44b-r1,(session-3),B2_CAS_ONLY,mid_dispatch,notifications,POSITIVE_ONLY_READBACK,CALLER_REFERENCE,7785e718-ca00-4759-9d2c-6df6df74fe0a,CONFIRMED_APPLIED,APPLIED,2,1,1,26179.072831,81086.0,1,0
b2_cas_only-mid_dispatch-notifications-acd2c44b-r1,(session-3),B2_CAS_ONLY,mid_dispatch,notifications,POSITIVE_ONLY_READBACK,CALLER_REFERENCE,92e3384a-7913-4e76-ba82-96143c030dc6,CONFIRMED_APPLIED,APPLIED,2,1,1,26206.707314,53933.0,1,0
b2_cas_only-mid_dispatch-notifications-acd2c44b-r1,(session-3),B2_CAS_ONLY,mid_dispatch,notifications,POSITIVE_ONLY_READBACK,CALLER_REFERENCE,f1f5ae96-2b00-408c-a3d8-357a72203b52,CONFIRMED_APPLIED,APPLIED,2,1,1,26182.93593,26857.0,1,0
b2_cas_only-mid_dispatch-notifications-acd2c44b-r2,(session-3),B2_CAS_ONLY,mid_dispatch,notifications,POSITIVE_ONLY_READBACK,CALLER_REFERENCE,f9eecdab-7ac1-4e60-82a9-6dbb32e82999,CONFIRMED_APPLIED,APPLIED,2,1,1,26191.143194,145468.0,1,0
b2_cas_only-mid_dispatch-notifications-acd2c44b-r2,(session-3),B2_CAS_ONLY,mid_dispatch,notifications,POSITIVE_ONLY_READBACK,CALLER_REFERENCE,1f74c807-6926-464b-90d5-6c9a151ff1c9,CONFIRMED_APPLIED,APPLIED,2,1,1,26192.154585,118356.0,1,0
b2_cas_only-mid_dispatch-notifications-acd2c44b-r2,(session-3),B2_CAS_ONLY,mid_dispatch,notifications,POSITIVE_ONLY_READBACK,CALLER_REFERENCE,4bc743fd-e4e9-4113-b7fb-ef63b8ec6f8d,CONFIRMED_APPLIED,APPLIED,2,1,1,26193.208833,91284.0,1,0
b2_cas_only-mid_dispatch-notifications-acd2c44b-r2,(session-3),B2_CAS_ONLY,mid_dispatch,notifications,POSITIVE_ONLY_READBACK,CALLER_REFERENCE,101388b5-7737-4f49-956a-02bf9ef35749,CONFIRMED_APPLIED,APPLIED,3,1,3,33207.547004,64100.0,1,0
b2_cas_only-mid_dispatch-notifications-acd2c44b-r2,(session-3),B2_CAS_ONLY,mid_dispatch,notifications,POSITIVE_ONLY_READBACK,CALLER_REFERENCE,10597a73-ace0-4c8c-a61c-c87d898140e4,CONFIRMED_APPLIED,APPLIED,2,1,1,26185.762306,29900.0,1,0
b2_cas_only-mid_dispatch-notifications-acd2c44b-r2,(session-3),B2_CAS_ONLY,mid_dispatch,notifications,POSITIVE_ONLY_READBACK,CALLER_REFERENCE,652076c9-a505-43b6-8f19-6f83cd5eb8d7,CONFIRMED_APPLIED,APPLIED,2,1,1,26198.71522,145446.0,1,0
b2_cas_only-mid_dispatch-notifications-acd2c44b-r2,(session-3),B2_CAS_ONLY,mid_dispatch,notifications,POSITIVE_ONLY_READBACK,CALLER_REFERENCE,7e487ee9-ea5d-4e2f-83e0-b4b47fd7ad24,CONFIRMED_APPLIED,APPLIED,2,1,1,26188.905647,118326.0,1,0
b2_cas_only-mid_dispatch-notifications-acd2c44b-r2,(session-3),B2_CAS_ONLY,mid_dispatch,notifications,POSITIVE_ONLY_READBACK,CALLER_REFERENCE,72d94d6e-88a2-43c7-9f29-b91cb6eeca79,CONFIRMED_APPLIED,APPLIED,2,1,1,26183.349116,91269.0,1,0
b2_cas_only-mid_dispatch-notifications-acd2c44b-r2,(session-3),B2_CAS_ONLY,mid_dispatch,notifications,POSITIVE_ONLY_READBACK,CALLER_REFERENCE,03dc8896-77ec-4f06-89a3-c22c16737e71,UNVERIFIED_FAILURE,FAILED,3,1,3,36219.407987,64059.0,1,1
b2_cas_only-mid_dispatch-notifications-acd2c44b-r2,(session-3),B2_CAS_ONLY,mid_dispatch,notifications,POSITIVE_ONLY_READBACK,CALLER_REFERENCE,7190ae5b-6bbc-4eaa-ac30-2c911df80d76,CONFIRMED_APPLIED,APPLIED,2,1,1,26196.118935,26770.0,1,0
b2_cas_only-mid_dispatch-payments-cf6b9157-r0,(session-3),B2_CAS_ONLY,mid_dispatch,payments,AUTHORITATIVE_READBACK,CALLER_REFERENCE,afea6af5-2d47-4018-a590-4a10a4dc485e,CONFIRMED_APPLIED,APPLIED,2,1,1,26471.124753,394924.0,1,0
b2_cas_only-mid_dispatch-payments-cf6b9157-r0,(session-3),B2_CAS_ONLY,mid_dispatch,payments,AUTHORITATIVE_READBACK,CALLER_REFERENCE,7717dbfb-8889-40cf-997f-6d2bc5690b37,CONFIRMED_APPLIED,APPLIED,2,1,1,26448.379638,367755.0,1,0
b2_cas_only-mid_dispatch-payments-cf6b9157-r0,(session-3),B2_CAS_ONLY,mid_dispatch,payments,AUTHORITATIVE_READBACK,CALLER_REFERENCE,436fca91-ec20-4265-a18c-fda1b5287f08,CONFIRMED_APPLIED,APPLIED,2,1,1,26446.965031,340663.0,1,0
b2_cas_only-mid_dispatch-payments-cf6b9157-r0,(session-3),B2_CAS_ONLY,mid_dispatch,payments,AUTHORITATIVE_READBACK,CALLER_REFERENCE,9f48edb8-514d-4441-af06-52950d4c1945,CONFIRMED_APPLIED,APPLIED,2,1,1,8178.763362,313561.0,1,0
b2_cas_only-mid_dispatch-payments-cf6b9157-r0,(session-3),B2_CAS_ONLY,mid_dispatch,payments,AUTHORITATIVE_READBACK,CALLER_REFERENCE,f6ebf429-60e9-4da9-b7cc-03b8919e023a,CONFIRMED_APPLIED,APPLIED,2,1,1,26202.883815,53960.0,1,0
b2_cas_only-mid_dispatch-payments-cf6b9157-r0,(session-3),B2_CAS_ONLY,mid_dispatch,payments,AUTHORITATIVE_READBACK,CALLER_REFERENCE,c3ba9ea1-2312-40ce-aefe-5c77aa14b034,CONFIRMED_APPLIED,APPLIED,3,1,2,31463.737715,394928.0,1,0
b2_cas_only-mid_dispatch-payments-cf6b9157-r0,(session-3),B2_CAS_ONLY,mid_dispatch,payments,AUTHORITATIVE_READBACK,CALLER_REFERENCE,83b719ae-9491-4289-9f16-4aebc21c41cd,CONFIRMED_APPLIED,APPLIED,4,1,3,36471.513426,362850.0,1,0
b2_cas_only-mid_dispatch-payments-cf6b9157-r0,(session-3),B2_CAS_ONLY,mid_dispatch,payments,AUTHORITATIVE_READBACK,CALLER_REFERENCE,2b11b60b-d41a-4251-a2b9-ea772dad6eba,CONFIRMED_APPLIED,APPLIED,2,1,1,20430.15969,325710.0,1,0
b2_cas_only-mid_dispatch-payments-cf6b9157-r0,(session-3),B2_CAS_ONLY,mid_dispatch,payments,AUTHORITATIVE_READBACK,CALLER_REFERENCE,715cb189-e1ae-4025-860b-f5ff84a8cbb2,CONFIRMED_APPLIED,APPLIED,2,1,1,26195.870424,53919.0,1,0
b2_cas_only-mid_dispatch-payments-cf6b9157-r0,(session-3),B2_CAS_ONLY,mid_dispatch,payments,AUTHORITATIVE_READBACK,CALLER_REFERENCE,3953c229-7ab4-402c-ad13-81f5acc63888,CONFIRMED_APPLIED,APPLIED,2,1,1,26451.193045,26802.0,1,0
b2_cas_only-mid_dispatch-payments-cf6b9157-r1,(session-3),B2_CAS_ONLY,mid_dispatch,payments,AUTHORITATIVE_READBACK,CALLER_REFERENCE,8f1d2b3e-ba8d-4089-bf8c-9d8d785c5a6d,CONFIRMED_APPLIED,APPLIED,2,1,1,26446.02967,145388.0,1,0
b2_cas_only-mid_dispatch-payments-cf6b9157-r1,(session-3),B2_CAS_ONLY,mid_dispatch,payments,AUTHORITATIVE_READBACK,CALLER_REFERENCE,7af687fa-c400-4922-9389-8951672b8940,CONFIRMED_APPLIED,APPLIED,2,1,1,26449.121041,118118.0,1,0
b2_cas_only-mid_dispatch-payments-cf6b9157-r1,(session-3),B2_CAS_ONLY,mid_dispatch,payments,AUTHORITATIVE_READBACK,CALLER_REFERENCE,20b3f3b3-4328-4725-a5cd-216b21b0243c,CONFIRMED_APPLIED,APPLIED,2,1,1,26444.356703,90978.0,1,0
b2_cas_only-mid_dispatch-payments-cf6b9157-r1,(session-3),B2_CAS_ONLY,mid_dispatch,payments,AUTHORITATIVE_READBACK,CALLER_REFERENCE,6bb3f857-7d6b-4508-9306-d192f5ee11b6,CONFIRMED_APPLIED,APPLIED,2,1,1,26448.1912,63834.0,1,0
b2_cas_only-mid_dispatch-payments-cf6b9157-r1,(session-3),B2_CAS_ONLY,mid_dispatch,payments,AUTHORITATIVE_READBACK,CALLER_REFERENCE,599adc4a-420a-4278-8541-864c01522920,CONFIRMED_APPLIED,APPLIED,2,1,1,26452.25502,36663.0,1,0
b2_cas_only-mid_dispatch-payments-cf6b9157-r1,(session-3),B2_CAS_ONLY,mid_dispatch,payments,AUTHORITATIVE_READBACK,CALLER_REFERENCE,3126c390-2979-420c-aebc-016681980af3,CONFIRMED_APPLIED,APPLIED,2,1,1,26454.909971,145463.0,1,0
b2_cas_only-mid_dispatch-payments-cf6b9157-r1,(session-3),B2_CAS_ONLY,mid_dispatch,payments,AUTHORITATIVE_READBACK,CALLER_REFERENCE,957da3be-d98c-4c33-81c0-367d716bf74d,CONFIRMED_APPLIED,APPLIED,2,1,1,26455.745237,118295.0,1,0
b2_cas_only-mid_dispatch-payments-cf6b9157-r1,(session-3),B2_CAS_ONLY,mid_dispatch,payments,AUTHORITATIVE_READBACK,CALLER_REFERENCE,70485792-4705-4b7b-aa2d-e985fe28feda,CONFIRMED_APPLIED,APPLIED,2,1,1,26452.655169,91106.0,1,0
b2_cas_only-mid_dispatch-payments-cf6b9157-r1,(session-3),B2_CAS_ONLY,mid_dispatch,payments,AUTHORITATIVE_READBACK,CALLER_REFERENCE,43a6f52c-155e-4fa1-a5cf-0944cab2f00c,CONFIRMED_APPLIED,APPLIED,3,1,2,31463.552864,63971.0,1,0
b2_cas_only-mid_dispatch-payments-cf6b9157-r1,(session-3),B2_CAS_ONLY,mid_dispatch,payments,AUTHORITATIVE_READBACK,CALLER_REFERENCE,4a1b2711-44b7-4a2a-9ab9-950898c578b2,CONFIRMED_APPLIED,APPLIED,3,1,2,31459.940504,31815.0,1,0
b2_cas_only-mid_dispatch-payments-cf6b9157-r2,(session-3),B2_CAS_ONLY,mid_dispatch,payments,AUTHORITATIVE_READBACK,CALLER_REFERENCE,12155096-c713-4efc-b14a-0bf8ac757d82,CONFIRMED_APPLIED,APPLIED,2,1,1,26456.78082,140604.0,1,0
b2_cas_only-mid_dispatch-payments-cf6b9157-r2,(session-3),B2_CAS_ONLY,mid_dispatch,payments,AUTHORITATIVE_READBACK,CALLER_REFERENCE,d302f72c-a971-43c8-b0c2-941899d170b5,CONFIRMED_APPLIED,APPLIED,2,1,1,26214.260535,113334.0,1,0
b2_cas_only-mid_dispatch-payments-cf6b9157-r2,(session-3),B2_CAS_ONLY,mid_dispatch,payments,AUTHORITATIVE_READBACK,CALLER_REFERENCE,99cff688-26cd-4fe9-a02f-b3f7ed99675a,CONFIRMED_APPLIED,APPLIED,2,1,1,26208.481057,86330.0,1,0
b2_cas_only-mid_dispatch-payments-cf6b9157-r2,(session-3),B2_CAS_ONLY,mid_dispatch,payments,AUTHORITATIVE_READBACK,CALLER_REFERENCE,96815eb9-717e-4d9c-aab5-49c0ed023f34,CONFIRMED_APPLIED,APPLIED,2,1,1,26451.153519,59179.0,1,0
b2_cas_only-mid_dispatch-payments-cf6b9157-r2,(session-3),B2_CAS_ONLY,mid_dispatch,payments,AUTHORITATIVE_READBACK,CALLER_REFERENCE,c1b46a89-bca0-490f-80f3-f6d2cae5576f,CONFIRMED_APPLIED,APPLIED,2,1,1,26452.286959,31889.0,1,0
b2_cas_only-mid_dispatch-payments-cf6b9157-r2,(session-3),B2_CAS_ONLY,mid_dispatch,payments,AUTHORITATIVE_READBACK,CALLER_REFERENCE,dbffd919-6551-4a6b-967a-dc5de4ccfcf3,CONFIRMED_APPLIED,APPLIED,2,1,1,26450.399181,140586.0,1,0
b2_cas_only-mid_dispatch-payments-cf6b9157-r2,(session-3),B2_CAS_ONLY,mid_dispatch,payments,AUTHORITATIVE_READBACK,CALLER_REFERENCE,2d1e2b0a-62b3-4939-9211-4ad03733b3bf,CONFIRMED_APPLIED,APPLIED,2,1,1,26467.952209,113393.0,1,0
b2_cas_only-mid_dispatch-payments-cf6b9157-r2,(session-3),B2_CAS_ONLY,mid_dispatch,payments,AUTHORITATIVE_READBACK,CALLER_REFERENCE,452bbaaf-30d5-49e2-9b20-20366ffeb9d8,CONFIRMED_APPLIED,APPLIED,2,1,1,26219.164006,86215.0,1,0
b2_cas_only-mid_dispatch-payments-cf6b9157-r2,(session-3),B2_CAS_ONLY,mid_dispatch,payments,AUTHORITATIVE_READBACK,CALLER_REFERENCE,7be42932-b489-4598-98b4-0b573f87c36b,CONFIRMED_APPLIED,APPLIED,2,1,1,26448.362836,59073.0,1,0
b2_cas_only-mid_dispatch-payments-cf6b9157-r2,(session-3),B2_CAS_ONLY,mid_dispatch,payments,AUTHORITATIVE_READBACK,CALLER_REFERENCE,768cfe60-89b3-4ea2-8873-a84ef88b8472,CONFIRMED_APPLIED,APPLIED,3,1,2,31437.607493,31840.0,1,0
b2_cas_only-none-payments-e0993c08-r0,p0,B2_CAS_ONLY,none,payments,AUTHORITATIVE_READBACK,CALLER_REFERENCE,305bcfff-e550-4a14-b9bb-b843a6fbdea8,CONFIRMED_APPLIED,APPLIED,1,0,1,2064.698027,,0,0
b2_cas_only-none-payments-e0993c08-r0,p0,B2_CAS_ONLY,none,payments,AUTHORITATIVE_READBACK,CALLER_REFERENCE,dcd0f2d4-e41c-4d88-9160-4239634b45d0,CONFIRMED_APPLIED,APPLIED,1,0,1,2014.651507,,0,0
b2_cas_only-none-payments-e0993c08-r0,p0,B2_CAS_ONLY,none,payments,AUTHORITATIVE_READBACK,CALLER_REFERENCE,f999e9e9-95db-4156-a239-d45e44ce8810,CONFIRMED_APPLIED,APPLIED,1,0,1,2010.29865,,0,0
b2_cas_only-none-payments-e0993c08-r0,p0,B2_CAS_ONLY,none,payments,AUTHORITATIVE_READBACK,CALLER_REFERENCE,d9ea164e-d15b-4ac9-b86d-025c30ea6eb1,CONFIRMED_APPLIED,APPLIED,1,0,1,2010.559715,,0,0
b2_cas_only-none-payments-e0993c08-r0,p0,B2_CAS_ONLY,none,payments,AUTHORITATIVE_READBACK,CALLER_REFERENCE,697f96ef-67f2-4b81-8546-b477cc2ef4fc,CONFIRMED_APPLIED,APPLIED,1,0,1,2010.762571,,0,0
b2_cas_only-none-payments-e0993c08-r0,p0,B2_CAS_ONLY,none,payments,AUTHORITATIVE_READBACK,CALLER_REFERENCE,99d95bb9-5413-4667-bf6e-14b40d1df7e5,CONFIRMED_APPLIED,APPLIED,1,0,1,2061.877438,,0,0
b2_cas_only-none-payments-e0993c08-r0,p0,B2_CAS_ONLY,none,payments,AUTHORITATIVE_READBACK,CALLER_REFERENCE,cc69002a-c16a-4800-a368-71cb947153fe,CONFIRMED_APPLIED,APPLIED,1,0,2,4017.295558,,0,0
b2_cas_only-none-payments-e0993c08-r0,p0,B2_CAS_ONLY,none,payments,AUTHORITATIVE_READBACK,CALLER_REFERENCE,d76265f2-4ae9-42ce-b3ff-efb2b91d42d4,CONFIRMED_APPLIED,APPLIED,1,0,2,4019.06421,,0,0
b2_cas_only-none-payments-e0993c08-r0,p0,B2_CAS_ONLY,none,payments,AUTHORITATIVE_READBACK,CALLER_REFERENCE,985ed35b-a793-4ded-a395-d28eedb44e97,CONFIRMED_APPLIED,APPLIED,1,0,1,2014.805014,,0,0
b2_cas_only-none-payments-e0993c08-r0,p0,B2_CAS_ONLY,none,payments,AUTHORITATIVE_READBACK,CALLER_REFERENCE,d8094b17-2ca5-4ce7-a1a7-64c18a58e26b,CONFIRMED_APPLIED,APPLIED,1,0,1,2013.479072,,0,0
b2_cas_only-none-payments-e0993c08-r1,p0,B2_CAS_ONLY,none,payments,AUTHORITATIVE_READBACK,CALLER_REFERENCE,0a9281c4-4afc-4d4a-9772-37bb4fecce96,CONFIRMED_APPLIED,APPLIED,1,0,1,2076.192078,,0,0
b2_cas_only-none-payments-e0993c08-r1,p0,B2_CAS_ONLY,none,payments,AUTHORITATIVE_READBACK,CALLER_REFERENCE,3748979b-5368-4139-995c-290d07b4fc47,CONFIRMED_APPLIED,APPLIED,1,0,1,2017.439095,,0,0
b2_cas_only-none-payments-e0993c08-r1,p0,B2_CAS_ONLY,none,payments,AUTHORITATIVE_READBACK,CALLER_REFERENCE,0db88325-5132-48cf-b1ef-6f03f9cb0be9,CONFIRMED_APPLIED,APPLIED,1,0,1,2013.733455,,0,0
b2_cas_only-none-payments-e0993c08-r1,p0,B2_CAS_ONLY,none,payments,AUTHORITATIVE_READBACK,CALLER_REFERENCE,cb0f44c9-1b63-4893-9c94-b3adf0301545,CONFIRMED_APPLIED,APPLIED,1,0,1,2013.95285,,0,0
b2_cas_only-none-payments-e0993c08-r1,p0,B2_CAS_ONLY,none,payments,AUTHORITATIVE_READBACK,CALLER_REFERENCE,cd83d473-20ae-4ccb-ba00-7598aef6b24d,CONFIRMED_APPLIED,APPLIED,1,0,1,2011.173946,,0,0
b2_cas_only-none-payments-e0993c08-r1,p0,B2_CAS_ONLY,none,payments,AUTHORITATIVE_READBACK,CALLER_REFERENCE,d6402a0e-5a68-4c91-9a22-bbd6a7e55c71,CONFIRMED_APPLIED,APPLIED,1,0,1,2076.796477,,0,0
b2_cas_only-none-payments-e0993c08-r1,p0,B2_CAS_ONLY,none,payments,AUTHORITATIVE_READBACK,CALLER_REFERENCE,0c09a560-c3e9-444f-913e-1a52ae0e5a84,CONFIRMED_APPLIED,APPLIED,2,0,2,7028.281997,,1,0
b2_cas_only-none-payments-e0993c08-r1,p0,B2_CAS_ONLY,none,payments,AUTHORITATIVE_READBACK,CALLER_REFERENCE,e5e91de6-5d02-4e80-a6e0-086290156ae9,CONFIRMED_APPLIED,APPLIED,1,0,1,2014.13629,,0,0
b2_cas_only-none-payments-e0993c08-r1,p0,B2_CAS_ONLY,none,payments,AUTHORITATIVE_READBACK,CALLER_REFERENCE,8324d421-635f-4b4a-ba40-04faee4fbd75,CONFIRMED_APPLIED,APPLIED,1,0,1,2014.153232,,0,0
b2_cas_only-none-payments-e0993c08-r1,p0,B2_CAS_ONLY,none,payments,AUTHORITATIVE_READBACK,CALLER_REFERENCE,9008cd61-015b-44f1-a56c-c5f8e4196a96,CONFIRMED_APPLIED,APPLIED,1,0,1,2012.636768,,0,0
b2_cas_only-none-payments-e0993c08-r2,p0,B2_CAS_ONLY,none,payments,AUTHORITATIVE_READBACK,CALLER_REFERENCE,31ac05fb-aae6-40f7-9cb6-deeab50aa94e,CONFIRMED_APPLIED,APPLIED,1,0,1,2116.280757,,0,0
b2_cas_only-none-payments-e0993c08-r2,p0,B2_CAS_ONLY,none,payments,AUTHORITATIVE_READBACK,CALLER_REFERENCE,9c28fe1d-eb2a-45a0-b329-9567d2aad439,CONFIRMED_APPLIED,APPLIED,1,0,1,2017.205583,,0,0
b2_cas_only-none-payments-e0993c08-r2,p0,B2_CAS_ONLY,none,payments,AUTHORITATIVE_READBACK,CALLER_REFERENCE,3b7d9d2f-7dc5-40ac-a962-4351d10d637a,CONFIRMED_APPLIED,APPLIED,1,0,1,2017.935306,,0,0
b2_cas_only-none-payments-e0993c08-r2,p0,B2_CAS_ONLY,none,payments,AUTHORITATIVE_READBACK,CALLER_REFERENCE,9f1960f3-4487-4592-acc8-a25198b48dc1,CONFIRMED_APPLIED,APPLIED,2,0,2,7023.368333,,1,0
b2_cas_only-none-payments-e0993c08-r2,p0,B2_CAS_ONLY,none,payments,AUTHORITATIVE_READBACK,CALLER_REFERENCE,76aab87a-78f3-445c-8bea-1d06e4aa8d3e,CONFIRMED_APPLIED,APPLIED,1,0,1,2017.882633,,0,0
b2_cas_only-none-payments-e0993c08-r2,p0,B2_CAS_ONLY,none,payments,AUTHORITATIVE_READBACK,CALLER_REFERENCE,59a014ef-226f-4756-a820-a69ae5466a2e,CONFIRMED_APPLIED,APPLIED,2,0,2,7123.681064,,1,0
b2_cas_only-none-payments-e0993c08-r2,p0,B2_CAS_ONLY,none,payments,AUTHORITATIVE_READBACK,CALLER_REFERENCE,4eaba3bd-b452-4c6a-ac38-b62a6097fc69,CONFIRMED_APPLIED,APPLIED,1,0,1,2014.282099,,0,0
b2_cas_only-none-payments-e0993c08-r2,p0,B2_CAS_ONLY,none,payments,AUTHORITATIVE_READBACK,CALLER_REFERENCE,6b61f670-6e17-4666-8239-7adb91d9d675,CONFIRMED_APPLIED,APPLIED,2,0,2,7020.539844,,1,0
b2_cas_only-none-payments-e0993c08-r2,p0,B2_CAS_ONLY,none,payments,AUTHORITATIVE_READBACK,CALLER_REFERENCE,c26f5959-fa6a-4d41-99d0-ed4fc46e2053,CONFIRMED_APPLIED,APPLIED,1,0,1,2018.724157,,0,0
b2_cas_only-none-payments-e0993c08-r2,p0,B2_CAS_ONLY,none,payments,AUTHORITATIVE_READBACK,CALLER_REFERENCE,03a3f93c-9b13-4baa-9e67-fa1b7ddafd75,CONFIRMED_APPLIED,APPLIED,2,0,2,7021.918143,,1,0
b3_intent_no_barrier-after_barrier_before_dispatch-ledger_postings-ba5154a1-r0,(session-3),B3_INTENT_NO_BARRIER,after_barrier_before_dispatch,ledger_postings,NO_READBACK,CALLER_REFERENCE,26898924-4b9a-4c80-b439-51c87f01f4da,DECLARED_AMBIGUOUS,PERMANENTLY_AMBIGUOUS,0,1,0,,32430.0,0,0
b3_intent_no_barrier-after_barrier_before_dispatch-ledger_postings-ba5154a1-r0,(session-3),B3_INTENT_NO_BARRIER,after_barrier_before_dispatch,ledger_postings,NO_READBACK,CALLER_REFERENCE,2d6e491c-f2df-4bf4-a70a-a7d6dd0bee60,DECLARED_AMBIGUOUS,PERMANENTLY_AMBIGUOUS,0,1,0,,31895.0,0,0
b3_intent_no_barrier-after_barrier_before_dispatch-ledger_postings-ba5154a1-r0,(session-3),B3_INTENT_NO_BARRIER,after_barrier_before_dispatch,ledger_postings,NO_READBACK,CALLER_REFERENCE,64311c40-53f9-4c3b-b11c-830b79176428,DECLARED_AMBIGUOUS,PERMANENTLY_AMBIGUOUS,0,1,0,,31349.0,0,0
b3_intent_no_barrier-after_barrier_before_dispatch-ledger_postings-ba5154a1-r0,(session-3),B3_INTENT_NO_BARRIER,after_barrier_before_dispatch,ledger_postings,NO_READBACK,CALLER_REFERENCE,2f497754-debe-4e2c-9bbd-6f557050f438,DECLARED_AMBIGUOUS,PERMANENTLY_AMBIGUOUS,0,1,0,,30768.0,0,0
b3_intent_no_barrier-after_barrier_before_dispatch-ledger_postings-ba5154a1-r0,(session-3),B3_INTENT_NO_BARRIER,after_barrier_before_dispatch,ledger_postings,NO_READBACK,CALLER_REFERENCE,97c10283-dbad-4e56-bfdf-e31cc72a7f31,DECLARED_AMBIGUOUS,PERMANENTLY_AMBIGUOUS,0,1,0,,30222.0,0,0
b3_intent_no_barrier-after_barrier_before_dispatch-ledger_postings-ba5154a1-r0,(session-3),B3_INTENT_NO_BARRIER,after_barrier_before_dispatch,ledger_postings,NO_READBACK,CALLER_REFERENCE,28ae7597-578e-44c5-b895-28e0fa63f41e,DECLARED_AMBIGUOUS,PERMANENTLY_AMBIGUOUS,0,1,0,,32430.0,0,0
b3_intent_no_barrier-after_barrier_before_dispatch-ledger_postings-ba5154a1-r0,(session-3),B3_INTENT_NO_BARRIER,after_barrier_before_dispatch,ledger_postings,NO_READBACK,CALLER_REFERENCE,0fcb763c-cc2a-4274-a9bb-36e325fa3872,DECLARED_AMBIGUOUS,PERMANENTLY_AMBIGUOUS,0,1,0,,31975.0,0,0
b3_intent_no_barrier-after_barrier_before_dispatch-ledger_postings-ba5154a1-r0,(session-3),B3_INTENT_NO_BARRIER,after_barrier_before_dispatch,ledger_postings,NO_READBACK,CALLER_REFERENCE,ea15eac9-fc28-40db-a00c-34b7e16e77fb,DECLARED_AMBIGUOUS,PERMANENTLY_AMBIGUOUS,0,1,0,,31367.0,0,0
b3_intent_no_barrier-after_barrier_before_dispatch-ledger_postings-ba5154a1-r0,(session-3),B3_INTENT_NO_BARRIER,after_barrier_before_dispatch,ledger_postings,NO_READBACK,CALLER_REFERENCE,63b675c0-fbc8-41df-80f6-463ac270828e,DECLARED_AMBIGUOUS,PERMANENTLY_AMBIGUOUS,0,1,0,,30863.0,0,0
b3_intent_no_barrier-after_barrier_before_dispatch-ledger_postings-ba5154a1-r0,(session-3),B3_INTENT_NO_BARRIER,after_barrier_before_dispatch,ledger_postings,NO_READBACK,CALLER_REFERENCE,595c0745-9b49-400f-8984-7d416f8bbfca,DECLARED_AMBIGUOUS,PERMANENTLY_AMBIGUOUS,0,1,0,,30315.0,0,0
b3_intent_no_barrier-after_barrier_before_dispatch-ledger_postings-ba5154a1-r1,(session-3),B3_INTENT_NO_BARRIER,after_barrier_before_dispatch,ledger_postings,NO_READBACK,CALLER_REFERENCE,830b659e-8bcf-4cd4-bc98-31287ce45755,DECLARED_AMBIGUOUS,PERMANENTLY_AMBIGUOUS,0,1,0,,32332.0,0,0
b3_intent_no_barrier-after_barrier_before_dispatch-ledger_postings-ba5154a1-r1,(session-3),B3_INTENT_NO_BARRIER,after_barrier_before_dispatch,ledger_postings,NO_READBACK,CALLER_REFERENCE,5fa38b97-8ae7-401d-bf77-8e9e184b1930,DECLARED_AMBIGUOUS,PERMANENTLY_AMBIGUOUS,0,1,0,,31857.0,0,0
b3_intent_no_barrier-after_barrier_before_dispatch-ledger_postings-ba5154a1-r1,(session-3),B3_INTENT_NO_BARRIER,after_barrier_before_dispatch,ledger_postings,NO_READBACK,CALLER_REFERENCE,be938c96-5f2d-4ffb-9665-7446b16bc82b,DECLARED_AMBIGUOUS,PERMANENTLY_AMBIGUOUS,0,1,0,,31245.0,0,0
b3_intent_no_barrier-after_barrier_before_dispatch-ledger_postings-ba5154a1-r1,(session-3),B3_INTENT_NO_BARRIER,after_barrier_before_dispatch,ledger_postings,NO_READBACK,CALLER_REFERENCE,73c681a3-1cfd-4cf8-8f45-10a0abf3eb1e,DECLARED_AMBIGUOUS,PERMANENTLY_AMBIGUOUS,0,1,0,,30760.0,0,0
b3_intent_no_barrier-after_barrier_before_dispatch-ledger_postings-ba5154a1-r1,(session-3),B3_INTENT_NO_BARRIER,after_barrier_before_dispatch,ledger_postings,NO_READBACK,CALLER_REFERENCE,5b010f84-de08-4511-ba80-b6ed82606179,DECLARED_AMBIGUOUS,PERMANENTLY_AMBIGUOUS,0,1,0,,30306.0,0,0
b3_intent_no_barrier-after_barrier_before_dispatch-ledger_postings-ba5154a1-r1,(session-3),B3_INTENT_NO_BARRIER,after_barrier_before_dispatch,ledger_postings,NO_READBACK,CALLER_REFERENCE,7b105cdc-2a23-4369-b03c-8e494aad44cd,DECLARED_AMBIGUOUS,PERMANENTLY_AMBIGUOUS,0,1,0,,32227.0,0,0
b3_intent_no_barrier-after_barrier_before_dispatch-ledger_postings-ba5154a1-r1,(session-3),B3_INTENT_NO_BARRIER,after_barrier_before_dispatch,ledger_postings,NO_READBACK,CALLER_REFERENCE,1ed29f57-1981-4a9a-b4dd-568727dca380,DECLARED_AMBIGUOUS,PERMANENTLY_AMBIGUOUS,0,1,0,,31668.0,0,0
b3_intent_no_barrier-after_barrier_before_dispatch-ledger_postings-ba5154a1-r1,(session-3),B3_INTENT_NO_BARRIER,after_barrier_before_dispatch,ledger_postings,NO_READBACK,CALLER_REFERENCE,c604da02-20f8-400c-ae3a-bf9e14432883,DECLARED_AMBIGUOUS,PERMANENTLY_AMBIGUOUS,0,1,0,,31207.0,0,0
b3_intent_no_barrier-after_barrier_before_dispatch-ledger_postings-ba5154a1-r1,(session-3),B3_INTENT_NO_BARRIER,after_barrier_before_dispatch,ledger_postings,NO_READBACK,CALLER_REFERENCE,125123c0-b66d-4182-8ec7-45e3c0a96248,DECLARED_AMBIGUOUS,PERMANENTLY_AMBIGUOUS,0,1,0,,30705.0,0,0
b3_intent_no_barrier-after_barrier_before_dispatch-ledger_postings-ba5154a1-r1,(session-3),B3_INTENT_NO_BARRIER,after_barrier_before_dispatch,ledger_postings,NO_READBACK,CALLER_REFERENCE,f8c91da1-bb65-489f-9f6e-940af727f4ad,DECLARED_AMBIGUOUS,PERMANENTLY_AMBIGUOUS,0,1,0,,30279.0,0,0
b3_intent_no_barrier-after_barrier_before_dispatch-ledger_postings-ba5154a1-r2,(session-3),B3_INTENT_NO_BARRIER,after_barrier_before_dispatch,ledger_postings,NO_READBACK,CALLER_REFERENCE,fb95741f-465e-4bf8-b643-785d347d5e51,DECLARED_AMBIGUOUS,PERMANENTLY_AMBIGUOUS,0,1,0,,32238.0,0,0
b3_intent_no_barrier-after_barrier_before_dispatch-ledger_postings-ba5154a1-r2,(session-3),B3_INTENT_NO_BARRIER,after_barrier_before_dispatch,ledger_postings,NO_READBACK,CALLER_REFERENCE,9e63602f-7c95-4e2b-9100-7054584d0dab,DECLARED_AMBIGUOUS,PERMANENTLY_AMBIGUOUS,0,1,0,,31700.0,0,0
b3_intent_no_barrier-after_barrier_before_dispatch-ledger_postings-ba5154a1-r2,(session-3),B3_INTENT_NO_BARRIER,after_barrier_before_dispatch,ledger_postings,NO_READBACK,CALLER_REFERENCE,7ccadc13-1065-426b-a699-56d31905c2ca,DECLARED_AMBIGUOUS,PERMANENTLY_AMBIGUOUS,0,1,0,,31245.0,0,0
b3_intent_no_barrier-after_barrier_before_dispatch-ledger_postings-ba5154a1-r2,(session-3),B3_INTENT_NO_BARRIER,after_barrier_before_dispatch,ledger_postings,NO_READBACK,CALLER_REFERENCE,a3d04383-92a0-40a4-8a32-01e8d2689fc0,DECLARED_AMBIGUOUS,PERMANENTLY_AMBIGUOUS,0,1,0,,30834.0,0,0
b3_intent_no_barrier-after_barrier_before_dispatch-ledger_postings-ba5154a1-r2,(session-3),B3_INTENT_NO_BARRIER,after_barrier_before_dispatch,ledger_postings,NO_READBACK,CALLER_REFERENCE,d3d59c78-f0a3-4f92-b6df-8874af67ac43,DECLARED_AMBIGUOUS,PERMANENTLY_AMBIGUOUS,0,1,0,,30318.0,0,0
b3_intent_no_barrier-after_barrier_before_dispatch-ledger_postings-ba5154a1-r2,(session-3),B3_INTENT_NO_BARRIER,after_barrier_before_dispatch,ledger_postings,NO_READBACK,CALLER_REFERENCE,aa6bad73-d6ea-4901-8ab3-afaac16dd56a,DECLARED_AMBIGUOUS,PERMANENTLY_AMBIGUOUS,0,1,0,,32219.0,0,0
b3_intent_no_barrier-after_barrier_before_dispatch-ledger_postings-ba5154a1-r2,(session-3),B3_INTENT_NO_BARRIER,after_barrier_before_dispatch,ledger_postings,NO_READBACK,CALLER_REFERENCE,d6a8d7cf-151a-4655-ba35-7e64853246e8,DECLARED_AMBIGUOUS,PERMANENTLY_AMBIGUOUS,0,1,0,,31746.0,0,0
b3_intent_no_barrier-after_barrier_before_dispatch-ledger_postings-ba5154a1-r2,(session-3),B3_INTENT_NO_BARRIER,after_barrier_before_dispatch,ledger_postings,NO_READBACK,CALLER_REFERENCE,c732b102-245d-4e05-a87f-39d3fd416069,DECLARED_AMBIGUOUS,PERMANENTLY_AMBIGUOUS,0,1,0,,31261.0,0,0
b3_intent_no_barrier-after_barrier_before_dispatch-ledger_postings-ba5154a1-r2,(session-3),B3_INTENT_NO_BARRIER,after_barrier_before_dispatch,ledger_postings,NO_READBACK,CALLER_REFERENCE,21dc36e6-9a45-4517-91f5-fa8a5d8ecced,DECLARED_AMBIGUOUS,PERMANENTLY_AMBIGUOUS,0,1,0,,30840.0,0,0
b3_intent_no_barrier-after_barrier_before_dispatch-ledger_postings-ba5154a1-r2,(session-3),B3_INTENT_NO_BARRIER,after_barrier_before_dispatch,ledger_postings,NO_READBACK,CALLER_REFERENCE,50b2de56-594a-46e7-9ffd-f35e400f07a6,DECLARED_AMBIGUOUS,PERMANENTLY_AMBIGUOUS,0,1,0,,30209.0,0,0
b3_intent_no_barrier-after_barrier_before_dispatch-notifications-b92d94f8-r0,(session-3),B3_INTENT_NO_BARRIER,after_barrier_before_dispatch,notifications,POSITIVE_ONLY_READBACK,CALLER_REFERENCE,a1378da2-55ef-4622-9ba2-565c65248fbd,DECLARED_AMBIGUOUS,FIRED_UNCONFIRMED,0,1,0,,123227.0,0,0
b3_intent_no_barrier-after_barrier_before_dispatch-notifications-b92d94f8-r0,(session-3),B3_INTENT_NO_BARRIER,after_barrier_before_dispatch,notifications,POSITIVE_ONLY_READBACK,CALLER_REFERENCE,982908ce-d686-4398-9d9d-e20243e53606,DECLARED_AMBIGUOUS,FIRED_UNCONFIRMED,0,1,0,,122607.0,0,0
b3_intent_no_barrier-after_barrier_before_dispatch-notifications-b92d94f8-r0,(session-3),B3_INTENT_NO_BARRIER,after_barrier_before_dispatch,notifications,POSITIVE_ONLY_READBACK,CALLER_REFERENCE,f94a5418-fdc8-4e04-96f5-4fd8c0c54380,DECLARED_AMBIGUOUS,FIRED_UNCONFIRMED,0,1,0,,122145.0,0,0
b3_intent_no_barrier-after_barrier_before_dispatch-notifications-b92d94f8-r0,(session-3),B3_INTENT_NO_BARRIER,after_barrier_before_dispatch,notifications,POSITIVE_ONLY_READBACK,CALLER_REFERENCE,166f6d8e-225b-4153-9f01-8950457fa986,DECLARED_AMBIGUOUS,FIRED_UNCONFIRMED,0,1,0,,121641.0,0,0
b3_intent_no_barrier-after_barrier_before_dispatch-notifications-b92d94f8-r0,(session-3),B3_INTENT_NO_BARRIER,after_barrier_before_dispatch,notifications,POSITIVE_ONLY_READBACK,CALLER_REFERENCE,99eee19d-653c-4c72-8295-d9d910a4d439,DECLARED_AMBIGUOUS,FIRED_UNCONFIRMED,0,1,0,,121094.0,0,0
b3_intent_no_barrier-after_barrier_before_dispatch-notifications-b92d94f8-r0,(session-3),B3_INTENT_NO_BARRIER,after_barrier_before_dispatch,notifications,POSITIVE_ONLY_READBACK,CALLER_REFERENCE,102162c7-9316-4644-8e7b-38169834f7ac,DECLARED_AMBIGUOUS,FIRED_UNCONFIRMED,0,1,0,,123246.0,0,0
b3_intent_no_barrier-after_barrier_before_dispatch-notifications-b92d94f8-r0,(session-3),B3_INTENT_NO_BARRIER,after_barrier_before_dispatch,notifications,POSITIVE_ONLY_READBACK,CALLER_REFERENCE,d489eea7-42b0-44ff-bb80-81ab8d7d53c0,DECLARED_AMBIGUOUS,FIRED_UNCONFIRMED,0,1,0,,122767.0,0,0
b3_intent_no_barrier-after_barrier_before_dispatch-notifications-b92d94f8-r0,(session-3),B3_INTENT_NO_BARRIER,after_barrier_before_dispatch,notifications,POSITIVE_ONLY_READBACK,CALLER_REFERENCE,39a25077-80a9-4ec0-9fe9-5083959fdee8,DECLARED_AMBIGUOUS,FIRED_UNCONFIRMED,0,1,0,,122276.0,0,0
b3_intent_no_barrier-after_barrier_before_dispatch-notifications-b92d94f8-r0,(session-3),B3_INTENT_NO_BARRIER,after_barrier_before_dispatch,notifications,POSITIVE_ONLY_READBACK,CALLER_REFERENCE,3ad8d337-a86b-461b-84b1-6c69a0458619,DECLARED_AMBIGUOUS,FIRED_UNCONFIRMED,0,1,0,,121684.0,0,0
b3_intent_no_barrier-after_barrier_before_dispatch-notifications-b92d94f8-r0,(session-3),B3_INTENT_NO_BARRIER,after_barrier_before_dispatch,notifications,POSITIVE_ONLY_READBACK,CALLER_REFERENCE,bcb9628c-40ba-4a73-9305-759e277a259f,DECLARED_AMBIGUOUS,FIRED_UNCONFIRMED,0,1,0,,121167.0,0,0
b3_intent_no_barrier-after_barrier_before_dispatch-notifications-b92d94f8-r1,(session-3),B3_INTENT_NO_BARRIER,after_barrier_before_dispatch,notifications,POSITIVE_ONLY_READBACK,CALLER_REFERENCE,fce7742a-3dfe-4098-8cce-bd16de74b623,DECLARED_AMBIGUOUS,FIRED_UNCONFIRMED,0,1,0,,123044.0,0,0
b3_intent_no_barrier-after_barrier_before_dispatch-notifications-b92d94f8-r1,(session-3),B3_INTENT_NO_BARRIER,after_barrier_before_dispatch,notifications,POSITIVE_ONLY_READBACK,CALLER_REFERENCE,09218294-fbd1-42ff-977f-e08434a3923a,DECLARED_AMBIGUOUS,FIRED_UNCONFIRMED,0,1,0,,122522.0,0,0
b3_intent_no_barrier-after_barrier_before_dispatch-notifications-b92d94f8-r1,(session-3),B3_INTENT_NO_BARRIER,after_barrier_before_dispatch,notifications,POSITIVE_ONLY_READBACK,CALLER_REFERENCE,76623de0-3413-429b-a595-5de2a92cbd8e,DECLARED_AMBIGUOUS,FIRED_UNCONFIRMED,0,1,0,,122034.0,0,0
b3_intent_no_barrier-after_barrier_before_dispatch-notifications-b92d94f8-r1,(session-3),B3_INTENT_NO_BARRIER,after_barrier_before_dispatch,notifications,POSITIVE_ONLY_READBACK,CALLER_REFERENCE,ef5fd327-b4fd-4993-b187-c9657dc33662,DECLARED_AMBIGUOUS,FIRED_UNCONFIRMED,0,1,0,,121535.0,0,0
b3_intent_no_barrier-after_barrier_before_dispatch-notifications-b92d94f8-r1,(session-3),B3_INTENT_NO_BARRIER,after_barrier_before_dispatch,notifications,POSITIVE_ONLY_READBACK,CALLER_REFERENCE,3b0f538f-7f6a-45a9-ba97-c8b93b4fd6d1,DECLARED_AMBIGUOUS,FIRED_UNCONFIRMED,0,1,0,,120923.0,0,0
b3_intent_no_barrier-after_barrier_before_dispatch-notifications-b92d94f8-r1,(session-3),B3_INTENT_NO_BARRIER,after_barrier_before_dispatch,notifications,POSITIVE_ONLY_READBACK,CALLER_REFERENCE,35a02a81-ad75-4877-89da-07e87adeb44c,DECLARED_AMBIGUOUS,FIRED_UNCONFIRMED,0,1,0,,123222.0,0,0
b3_intent_no_barrier-after_barrier_before_dispatch-notifications-b92d94f8-r1,(session-3),B3_INTENT_NO_BARRIER,after_barrier_before_dispatch,notifications,POSITIVE_ONLY_READBACK,CALLER_REFERENCE,1c252b5f-d546-4272-a347-fcb2228ecbea,DECLARED_AMBIGUOUS,FIRED_UNCONFIRMED,0,1,0,,122592.0,0,0
b3_intent_no_barrier-after_barrier_before_dispatch-notifications-b92d94f8-r1,(session-3),B3_INTENT_NO_BARRIER,after_barrier_before_dispatch,notifications,POSITIVE_ONLY_READBACK,CALLER_REFERENCE,da80362c-fc95-4344-9920-d68aa6ccf997,DECLARED_AMBIGUOUS,FIRED_UNCONFIRMED,0,1,0,,122073.0,0,0
b3_intent_no_barrier-after_barrier_before_dispatch-notifications-b92d94f8-r1,(session-3),B3_INTENT_NO_BARRIER,after_barrier_before_dispatch,notifications,POSITIVE_ONLY_READBACK,CALLER_REFERENCE,b7c3df4a-278c-46f1-87ef-26321ed43b97,DECLARED_AMBIGUOUS,FIRED_UNCONFIRMED,0,1,0,,121565.0,0,0
b3_intent_no_barrier-after_barrier_before_dispatch-notifications-b92d94f8-r1,(session-3),B3_INTENT_NO_BARRIER,after_barrier_before_dispatch,notifications,POSITIVE_ONLY_READBACK,CALLER_REFERENCE,5b3b8d8d-8f2e-4436-80a8-664f52b8b274,DECLARED_AMBIGUOUS,FIRED_UNCONFIRMED,0,1,0,,120937.0,0,0
b3_intent_no_barrier-after_barrier_before_dispatch-notifications-b92d94f8-r2,(session-3),B3_INTENT_NO_BARRIER,after_barrier_before_dispatch,notifications,POSITIVE_ONLY_READBACK,CALLER_REFERENCE,f1a7ca5d-acae-4e3c-a568-22444a2fee72,DECLARED_AMBIGUOUS,FIRED_UNCONFIRMED,0,1,0,,123236.0,0,0
b3_intent_no_barrier-after_barrier_before_dispatch-notifications-b92d94f8-r2,(session-3),B3_INTENT_NO_BARRIER,after_barrier_before_dispatch,notifications,POSITIVE_ONLY_READBACK,CALLER_REFERENCE,b1600fff-a45f-41d3-9ef2-2b4856ca9408,DECLARED_AMBIGUOUS,FIRED_UNCONFIRMED,0,1,0,,122732.0,0,0
b3_intent_no_barrier-after_barrier_before_dispatch-notifications-b92d94f8-r2,(session-3),B3_INTENT_NO_BARRIER,after_barrier_before_dispatch,notifications,POSITIVE_ONLY_READBACK,CALLER_REFERENCE,903b20b7-e95d-4cf8-84c5-b77f9be03481,DECLARED_AMBIGUOUS,FIRED_UNCONFIRMED,0,1,0,,122200.0,0,0
b3_intent_no_barrier-after_barrier_before_dispatch-notifications-b92d94f8-r2,(session-3),B3_INTENT_NO_BARRIER,after_barrier_before_dispatch,notifications,POSITIVE_ONLY_READBACK,CALLER_REFERENCE,bda9d8d6-e10f-4b16-8e1f-6bfafc5b5baa,DECLARED_AMBIGUOUS,FIRED_UNCONFIRMED,0,1,0,,121702.0,0,0
b3_intent_no_barrier-after_barrier_before_dispatch-notifications-b92d94f8-r2,(session-3),B3_INTENT_NO_BARRIER,after_barrier_before_dispatch,notifications,POSITIVE_ONLY_READBACK,CALLER_REFERENCE,9dad5b0c-9763-482e-acec-5714ed6cff6f,DECLARED_AMBIGUOUS,FIRED_UNCONFIRMED,0,1,0,,121239.0,0,0
b3_intent_no_barrier-after_barrier_before_dispatch-notifications-b92d94f8-r2,(session-3),B3_INTENT_NO_BARRIER,after_barrier_before_dispatch,notifications,POSITIVE_ONLY_READBACK,CALLER_REFERENCE,60ea2660-d148-4709-b4e3-9fdb66787f34,DECLARED_AMBIGUOUS,FIRED_UNCONFIRMED,0,1,0,,123250.0,0,0
b3_intent_no_barrier-after_barrier_before_dispatch-notifications-b92d94f8-r2,(session-3),B3_INTENT_NO_BARRIER,after_barrier_before_dispatch,notifications,POSITIVE_ONLY_READBACK,CALLER_REFERENCE,26bbb30d-872b-4a68-9e9b-72deee9172b1,DECLARED_AMBIGUOUS,FIRED_UNCONFIRMED,0,1,0,,122761.0,0,0
b3_intent_no_barrier-after_barrier_before_dispatch-notifications-b92d94f8-r2,(session-3),B3_INTENT_NO_BARRIER,after_barrier_before_dispatch,notifications,POSITIVE_ONLY_READBACK,CALLER_REFERENCE,7f81a70a-6b83-4706-9f9c-09652129b5b8,DECLARED_AMBIGUOUS,FIRED_UNCONFIRMED,0,1,0,,122195.0,0,0
b3_intent_no_barrier-after_barrier_before_dispatch-notifications-b92d94f8-r2,(session-3),B3_INTENT_NO_BARRIER,after_barrier_before_dispatch,notifications,POSITIVE_ONLY_READBACK,CALLER_REFERENCE,e5ad8b26-39d4-4ef2-b99c-2dde5f6600fa,DECLARED_AMBIGUOUS,FIRED_UNCONFIRMED,0,1,0,,121563.0,0,0
b3_intent_no_barrier-after_barrier_before_dispatch-notifications-b92d94f8-r2,(session-3),B3_INTENT_NO_BARRIER,after_barrier_before_dispatch,notifications,POSITIVE_ONLY_READBACK,CALLER_REFERENCE,5cb45b6f-96de-4916-827e-d8f5d82fc592,DECLARED_AMBIGUOUS,FIRED_UNCONFIRMED,0,1,0,,121021.0,0,0
b3_intent_no_barrier-after_barrier_before_dispatch-payments-d46fb584-r0,(session-3),B3_INTENT_NO_BARRIER,after_barrier_before_dispatch,payments,AUTHORITATIVE_READBACK,CALLER_REFERENCE,6f1d804c-72d5-44ce-b7a2-4d237c9449c7,CONFIRMED_NOT_APPLIED,FAILED_CONFIRMED,0,1,0,,31993.0,0,0
b3_intent_no_barrier-after_barrier_before_dispatch-payments-d46fb584-r0,(session-3),B3_INTENT_NO_BARRIER,after_barrier_before_dispatch,payments,AUTHORITATIVE_READBACK,CALLER_REFERENCE,e4800d0d-d5ff-4688-8428-40e02f22da27,CONFIRMED_NOT_APPLIED,FAILED_CONFIRMED,0,1,0,,31510.0,0,0
b3_intent_no_barrier-after_barrier_before_dispatch-payments-d46fb584-r0,(session-3),B3_INTENT_NO_BARRIER,after_barrier_before_dispatch,payments,AUTHORITATIVE_READBACK,CALLER_REFERENCE,91218f4b-7e3f-487d-886d-9569c8c7ccf8,CONFIRMED_NOT_APPLIED,FAILED_CONFIRMED,0,1,0,,31024.0,0,0
b3_intent_no_barrier-after_barrier_before_dispatch-payments-d46fb584-r0,(session-3),B3_INTENT_NO_BARRIER,after_barrier_before_dispatch,payments,AUTHORITATIVE_READBACK,CALLER_REFERENCE,2f29152a-1012-4206-9acb-f41917f8ecd4,CONFIRMED_NOT_APPLIED,FAILED_CONFIRMED,0,1,0,,30509.0,0,0
b3_intent_no_barrier-after_barrier_before_dispatch-payments-d46fb584-r0,(session-3),B3_INTENT_NO_BARRIER,after_barrier_before_dispatch,payments,AUTHORITATIVE_READBACK,CALLER_REFERENCE,733f0bd7-5962-4f31-950b-4a3d85c86790,CONFIRMED_NOT_APPLIED,FAILED_CONFIRMED,0,1,0,,30068.0,0,0
b3_intent_no_barrier-after_barrier_before_dispatch-payments-d46fb584-r0,(session-3),B3_INTENT_NO_BARRIER,after_barrier_before_dispatch,payments,AUTHORITATIVE_READBACK,CALLER_REFERENCE,235bdfa9-2aef-461b-bba8-aede4b1949dd,CONFIRMED_NOT_APPLIED,FAILED_CONFIRMED,0,1,0,,32037.0,0,0
b3_intent_no_barrier-after_barrier_before_dispatch-payments-d46fb584-r0,(session-3),B3_INTENT_NO_BARRIER,after_barrier_before_dispatch,payments,AUTHORITATIVE_READBACK,CALLER_REFERENCE,7d31933c-d720-4503-958f-10ed91779110,CONFIRMED_NOT_APPLIED,FAILED_CONFIRMED,0,1,0,,31593.0,0,0
b3_intent_no_barrier-after_barrier_before_dispatch-payments-d46fb584-r0,(session-3),B3_INTENT_NO_BARRIER,after_barrier_before_dispatch,payments,AUTHORITATIVE_READBACK,CALLER_REFERENCE,978f4188-2e35-489c-ab90-f6a43e0a3869,CONFIRMED_NOT_APPLIED,FAILED_CONFIRMED,0,1,0,,31104.0,0,0
b3_intent_no_barrier-after_barrier_before_dispatch-payments-d46fb584-r0,(session-3),B3_INTENT_NO_BARRIER,after_barrier_before_dispatch,payments,AUTHORITATIVE_READBACK,CALLER_REFERENCE,48ad34db-895d-4c2f-946f-56fd9844217d,CONFIRMED_NOT_APPLIED,FAILED_CONFIRMED,0,1,0,,30600.0,0,0
b3_intent_no_barrier-after_barrier_before_dispatch-payments-d46fb584-r0,(session-3),B3_INTENT_NO_BARRIER,after_barrier_before_dispatch,payments,AUTHORITATIVE_READBACK,CALLER_REFERENCE,ce52aaf5-b0ae-4e3b-8e4d-aff30355709a,CONFIRMED_NOT_APPLIED,FAILED_CONFIRMED,0,1,0,,30146.0,0,0
b3_intent_no_barrier-after_barrier_before_dispatch-payments-d46fb584-r1,(session-3),B3_INTENT_NO_BARRIER,after_barrier_before_dispatch,payments,AUTHORITATIVE_READBACK,CALLER_REFERENCE,2b7fdf0b-8924-4dfe-a445-027ad1116c16,CONFIRMED_NOT_APPLIED,FAILED_CONFIRMED,0,1,0,,32001.0,0,0
b3_intent_no_barrier-after_barrier_before_dispatch-payments-d46fb584-r1,(session-3),B3_INTENT_NO_BARRIER,after_barrier_before_dispatch,payments,AUTHORITATIVE_READBACK,CALLER_REFERENCE,0acae834-3c2e-406b-b052-383ee8f8c63b,CONFIRMED_NOT_APPLIED,FAILED_CONFIRMED,0,1,0,,31554.0,0,0
b3_intent_no_barrier-after_barrier_before_dispatch-payments-d46fb584-r1,(session-3),B3_INTENT_NO_BARRIER,after_barrier_before_dispatch,payments,AUTHORITATIVE_READBACK,CALLER_REFERENCE,913d75a5-912f-41f8-b749-6b594e351b9d,CONFIRMED_NOT_APPLIED,FAILED_CONFIRMED,0,1,0,,31154.0,0,0
b3_intent_no_barrier-after_barrier_before_dispatch-payments-d46fb584-r1,(session-3),B3_INTENT_NO_BARRIER,after_barrier_before_dispatch,payments,AUTHORITATIVE_READBACK,CALLER_REFERENCE,da2632b5-e1db-4012-bb9a-aaed768ad785,CONFIRMED_NOT_APPLIED,FAILED_CONFIRMED,0,1,0,,30664.0,0,0
b3_intent_no_barrier-after_barrier_before_dispatch-payments-d46fb584-r1,(session-3),B3_INTENT_NO_BARRIER,after_barrier_before_dispatch,payments,AUTHORITATIVE_READBACK,CALLER_REFERENCE,1841e49c-85ce-4de0-b604-71d332621c44,CONFIRMED_NOT_APPLIED,FAILED_CONFIRMED,0,1,0,,30170.0,0,0
b3_intent_no_barrier-after_barrier_before_dispatch-payments-d46fb584-r1,(session-3),B3_INTENT_NO_BARRIER,after_barrier_before_dispatch,payments,AUTHORITATIVE_READBACK,CALLER_REFERENCE,8c671546-7dbc-4d43-a21f-a390f67025fe,CONFIRMED_NOT_APPLIED,FAILED_CONFIRMED,0,1,0,,31981.0,0,0
b3_intent_no_barrier-after_barrier_before_dispatch-payments-d46fb584-r1,(session-3),B3_INTENT_NO_BARRIER,after_barrier_before_dispatch,payments,AUTHORITATIVE_READBACK,CALLER_REFERENCE,142b6bf4-e112-4f96-8f83-5df0242015b9,CONFIRMED_NOT_APPLIED,FAILED_CONFIRMED,0,1,0,,31499.0,0,0
b3_intent_no_barrier-after_barrier_before_dispatch-payments-d46fb584-r1,(session-3),B3_INTENT_NO_BARRIER,after_barrier_before_dispatch,payments,AUTHORITATIVE_READBACK,CALLER_REFERENCE,893ea08d-12aa-4702-a9fd-0c4f5fb2dde0,CONFIRMED_NOT_APPLIED,FAILED_CONFIRMED,0,1,0,,31019.0,0,0
b3_intent_no_barrier-after_barrier_before_dispatch-payments-d46fb584-r1,(session-3),B3_INTENT_NO_BARRIER,after_barrier_before_dispatch,payments,AUTHORITATIVE_READBACK,CALLER_REFERENCE,63f2f3dd-bd48-40b5-86ed-800868501581,CONFIRMED_NOT_APPLIED,FAILED_CONFIRMED,0,1,0,,30566.0,0,0
b3_intent_no_barrier-after_barrier_before_dispatch-payments-d46fb584-r1,(session-3),B3_INTENT_NO_BARRIER,after_barrier_before_dispatch,payments,AUTHORITATIVE_READBACK,CALLER_REFERENCE,000e21e3-a546-483b-a446-ec27eeb7c1b2,CONFIRMED_NOT_APPLIED,FAILED_CONFIRMED,0,1,0,,30085.0,0,0
b3_intent_no_barrier-after_barrier_before_dispatch-payments-d46fb584-r2,(session-3),B3_INTENT_NO_BARRIER,after_barrier_before_dispatch,payments,AUTHORITATIVE_READBACK,CALLER_REFERENCE,993139e4-6630-4179-aca4-de75a3da30df,CONFIRMED_NOT_APPLIED,FAILED_CONFIRMED,0,1,0,,31908.0,0,0
b3_intent_no_barrier-after_barrier_before_dispatch-payments-d46fb584-r2,(session-3),B3_INTENT_NO_BARRIER,after_barrier_before_dispatch,payments,AUTHORITATIVE_READBACK,CALLER_REFERENCE,72e51c4f-6ab7-4354-94f6-7edf5b4285b4,CONFIRMED_NOT_APPLIED,FAILED_CONFIRMED,0,1,0,,31425.0,0,0
b3_intent_no_barrier-after_barrier_before_dispatch-payments-d46fb584-r2,(session-3),B3_INTENT_NO_BARRIER,after_barrier_before_dispatch,payments,AUTHORITATIVE_READBACK,CALLER_REFERENCE,601ca708-1867-41d8-8af6-3c3855a404dc,CONFIRMED_NOT_APPLIED,FAILED_CONFIRMED,0,1,0,,30935.0,0,0
b3_intent_no_barrier-after_barrier_before_dispatch-payments-d46fb584-r2,(session-3),B3_INTENT_NO_BARRIER,after_barrier_before_dispatch,payments,AUTHORITATIVE_READBACK,CALLER_REFERENCE,46327487-8492-445a-956c-5ec33a0f9546,CONFIRMED_NOT_APPLIED,FAILED_CONFIRMED,0,1,0,,30436.0,0,0
b3_intent_no_barrier-after_barrier_before_dispatch-payments-d46fb584-r2,(session-3),B3_INTENT_NO_BARRIER,after_barrier_before_dispatch,payments,AUTHORITATIVE_READBACK,CALLER_REFERENCE,a2e04170-3500-408e-9a0b-ed2fd591e8d0,CONFIRMED_NOT_APPLIED,FAILED_CONFIRMED,0,1,0,,30076.0,0,0
b3_intent_no_barrier-after_barrier_before_dispatch-payments-d46fb584-r2,(session-3),B3_INTENT_NO_BARRIER,after_barrier_before_dispatch,payments,AUTHORITATIVE_READBACK,CALLER_REFERENCE,4b800d90-18f8-4ea8-83f5-b7a00023d97f,CONFIRMED_NOT_APPLIED,FAILED_CONFIRMED,0,1,0,,31897.0,0,0
b3_intent_no_barrier-after_barrier_before_dispatch-payments-d46fb584-r2,(session-3),B3_INTENT_NO_BARRIER,after_barrier_before_dispatch,payments,AUTHORITATIVE_READBACK,CALLER_REFERENCE,1256ae41-b750-407a-8845-67b60af9a29d,CONFIRMED_NOT_APPLIED,FAILED_CONFIRMED,0,1,0,,31438.0,0,0
b3_intent_no_barrier-after_barrier_before_dispatch-payments-d46fb584-r2,(session-3),B3_INTENT_NO_BARRIER,after_barrier_before_dispatch,payments,AUTHORITATIVE_READBACK,CALLER_REFERENCE,34015890-6afa-4b9b-ba0d-91d52937df45,CONFIRMED_NOT_APPLIED,FAILED_CONFIRMED,0,1,0,,30997.0,0,0
b3_intent_no_barrier-after_barrier_before_dispatch-payments-d46fb584-r2,(session-3),B3_INTENT_NO_BARRIER,after_barrier_before_dispatch,payments,AUTHORITATIVE_READBACK,CALLER_REFERENCE,1aac2947-b6d8-4818-a89b-29bce188479a,CONFIRMED_NOT_APPLIED,FAILED_CONFIRMED,0,1,0,,30610.0,0,0
b3_intent_no_barrier-after_barrier_before_dispatch-payments-d46fb584-r2,(session-3),B3_INTENT_NO_BARRIER,after_barrier_before_dispatch,payments,AUTHORITATIVE_READBACK,CALLER_REFERENCE,57e616c1-97e0-4a76-b527-5cc677ebfdb6,CONFIRMED_NOT_APPLIED,FAILED_CONFIRMED,0,1,0,,30118.0,0,0
b3_intent_no_barrier-after_intent_before_barrier-ledger_postings-139565cf-r0,(session-3),B3_INTENT_NO_BARRIER,after_intent_before_barrier,ledger_postings,NO_READBACK,CALLER_REFERENCE,86f36b07-448c-4048-a207-11486658f51a,DECLARED_AMBIGUOUS,PERMANENTLY_AMBIGUOUS,0,1,0,,32228.0,0,0
b3_intent_no_barrier-after_intent_before_barrier-ledger_postings-139565cf-r0,(session-3),B3_INTENT_NO_BARRIER,after_intent_before_barrier,ledger_postings,NO_READBACK,CALLER_REFERENCE,337638cd-9e52-417a-a56e-e533abb5c8e3,DECLARED_AMBIGUOUS,PERMANENTLY_AMBIGUOUS,0,1,0,,31722.0,0,0
b3_intent_no_barrier-after_intent_before_barrier-ledger_postings-139565cf-r0,(session-3),B3_INTENT_NO_BARRIER,after_intent_before_barrier,ledger_postings,NO_READBACK,CALLER_REFERENCE,e77de0ab-9907-4e90-9140-23dcd0d85bc3,DECLARED_AMBIGUOUS,PERMANENTLY_AMBIGUOUS,0,1,0,,31159.0,0,0
b3_intent_no_barrier-after_intent_before_barrier-ledger_postings-139565cf-r0,(session-3),B3_INTENT_NO_BARRIER,after_intent_before_barrier,ledger_postings,NO_READBACK,CALLER_REFERENCE,e68e123d-d33f-470b-8c97-a8bb35686f21,DECLARED_AMBIGUOUS,PERMANENTLY_AMBIGUOUS,0,1,0,,30660.0,0,0
b3_intent_no_barrier-after_intent_before_barrier-ledger_postings-139565cf-r0,(session-3),B3_INTENT_NO_BARRIER,after_intent_before_barrier,ledger_postings,NO_READBACK,CALLER_REFERENCE,f598ab95-1d81-4097-852e-a722e6034d57,DECLARED_AMBIGUOUS,PERMANENTLY_AMBIGUOUS,0,1,0,,30223.0,0,0
b3_intent_no_barrier-after_intent_before_barrier-ledger_postings-139565cf-r0,(session-3),B3_INTENT_NO_BARRIER,after_intent_before_barrier,ledger_postings,NO_READBACK,CALLER_REFERENCE,03fbd778-452d-4739-b8b8-c7f35ba3522f,DECLARED_AMBIGUOUS,PERMANENTLY_AMBIGUOUS,0,1,0,,32270.0,0,0
b3_intent_no_barrier-after_intent_before_barrier-ledger_postings-139565cf-r0,(session-3),B3_INTENT_NO_BARRIER,after_intent_before_barrier,ledger_postings,NO_READBACK,CALLER_REFERENCE,8d2db659-5cfc-4250-821d-c4c0c22de1b0,DECLARED_AMBIGUOUS,PERMANENTLY_AMBIGUOUS,0,1,0,,31756.0,0,0
b3_intent_no_barrier-after_intent_before_barrier-ledger_postings-139565cf-r0,(session-3),B3_INTENT_NO_BARRIER,after_intent_before_barrier,ledger_postings,NO_READBACK,CALLER_REFERENCE,a26eb10d-3200-4110-8679-048a2fec13ea,DECLARED_AMBIGUOUS,PERMANENTLY_AMBIGUOUS,0,1,0,,31181.0,0,0
b3_intent_no_barrier-after_intent_before_barrier-ledger_postings-139565cf-r0,(session-3),B3_INTENT_NO_BARRIER,after_intent_before_barrier,ledger_postings,NO_READBACK,CALLER_REFERENCE,e131b148-c9c7-4a7f-9d3d-190d24617941,DECLARED_AMBIGUOUS,PERMANENTLY_AMBIGUOUS,0,1,0,,30704.0,0,0
b3_intent_no_barrier-after_intent_before_barrier-ledger_postings-139565cf-r0,(session-3),B3_INTENT_NO_BARRIER,after_intent_before_barrier,ledger_postings,NO_READBACK,CALLER_REFERENCE,f04da357-a46a-41c0-b41a-ffea205d323b,DECLARED_AMBIGUOUS,PERMANENTLY_AMBIGUOUS,0,1,0,,30292.0,0,0
b3_intent_no_barrier-after_intent_before_barrier-ledger_postings-139565cf-r1,(session-3),B3_INTENT_NO_BARRIER,after_intent_before_barrier,ledger_postings,NO_READBACK,CALLER_REFERENCE,42985143-8a71-4bd1-ba96-0b25bc677cc3,DECLARED_AMBIGUOUS,PERMANENTLY_AMBIGUOUS,0,1,0,,32168.0,0,0
b3_intent_no_barrier-after_intent_before_barrier-ledger_postings-139565cf-r1,(session-3),B3_INTENT_NO_BARRIER,after_intent_before_barrier,ledger_postings,NO_READBACK,CALLER_REFERENCE,5b82806f-4f39-40fc-bae6-41c8c2d9f6eb,DECLARED_AMBIGUOUS,PERMANENTLY_AMBIGUOUS,0,1,0,,31694.0,0,0
b3_intent_no_barrier-after_intent_before_barrier-ledger_postings-139565cf-r1,(session-3),B3_INTENT_NO_BARRIER,after_intent_before_barrier,ledger_postings,NO_READBACK,CALLER_REFERENCE,656d4f26-1714-4ef0-8221-296a62698bd7,DECLARED_AMBIGUOUS,PERMANENTLY_AMBIGUOUS,0,1,0,,31251.0,0,0
b3_intent_no_barrier-after_intent_before_barrier-ledger_postings-139565cf-r1,(session-3),B3_INTENT_NO_BARRIER,after_intent_before_barrier,ledger_postings,NO_READBACK,CALLER_REFERENCE,e2ae074d-17cf-4472-96da-ba1d1bcc5576,DECLARED_AMBIGUOUS,PERMANENTLY_AMBIGUOUS,0,1,0,,30748.0,0,0
b3_intent_no_barrier-after_intent_before_barrier-ledger_postings-139565cf-r1,(session-3),B3_INTENT_NO_BARRIER,after_intent_before_barrier,ledger_postings,NO_READBACK,CALLER_REFERENCE,872d0941-9942-4604-994f-d0c4684c3fee,DECLARED_AMBIGUOUS,PERMANENTLY_AMBIGUOUS,0,1,0,,30274.0,0,0
b3_intent_no_barrier-after_intent_before_barrier-ledger_postings-139565cf-r1,(session-3),B3_INTENT_NO_BARRIER,after_intent_before_barrier,ledger_postings,NO_READBACK,CALLER_REFERENCE,84f33b60-0603-4b2f-87aa-9fbac8d2b91a,DECLARED_AMBIGUOUS,PERMANENTLY_AMBIGUOUS,0,1,0,,32199.0,0,0
b3_intent_no_barrier-after_intent_before_barrier-ledger_postings-139565cf-r1,(session-3),B3_INTENT_NO_BARRIER,after_intent_before_barrier,ledger_postings,NO_READBACK,CALLER_REFERENCE,9a49986f-81a2-478d-a666-f734189a22ec,DECLARED_AMBIGUOUS,PERMANENTLY_AMBIGUOUS,0,1,0,,31698.0,0,0
b3_intent_no_barrier-after_intent_before_barrier-ledger_postings-139565cf-r1,(session-3),B3_INTENT_NO_BARRIER,after_intent_before_barrier,ledger_postings,NO_READBACK,CALLER_REFERENCE,2f57d6d4-04eb-4318-95ef-c879d9601478,DECLARED_AMBIGUOUS,PERMANENTLY_AMBIGUOUS,0,1,0,,31281.0,0,0
b3_intent_no_barrier-after_intent_before_barrier-ledger_postings-139565cf-r1,(session-3),B3_INTENT_NO_BARRIER,after_intent_before_barrier,ledger_postings,NO_READBACK,CALLER_REFERENCE,431d27f1-084e-4c47-87d2-aaaf521d19f1,DECLARED_AMBIGUOUS,PERMANENTLY_AMBIGUOUS,0,1,0,,30772.0,0,0
b3_intent_no_barrier-after_intent_before_barrier-ledger_postings-139565cf-r1,(session-3),B3_INTENT_NO_BARRIER,after_intent_before_barrier,ledger_postings,NO_READBACK,CALLER_REFERENCE,3f7ee75f-ad66-471b-8903-41f11438e90a,DECLARED_AMBIGUOUS,PERMANENTLY_AMBIGUOUS,0,1,0,,30287.0,0,0
b3_intent_no_barrier-after_intent_before_barrier-ledger_postings-139565cf-r2,(session-3),B3_INTENT_NO_BARRIER,after_intent_before_barrier,ledger_postings,NO_READBACK,CALLER_REFERENCE,70c04d38-21d1-435f-a77d-a363cdbe728f,DECLARED_AMBIGUOUS,PERMANENTLY_AMBIGUOUS,0,1,0,,32286.0,0,0
b3_intent_no_barrier-after_intent_before_barrier-ledger_postings-139565cf-r2,(session-3),B3_INTENT_NO_BARRIER,after_intent_before_barrier,ledger_postings,NO_READBACK,CALLER_REFERENCE,035cce74-3536-40d1-bbd4-c97526608ba8,DECLARED_AMBIGUOUS,PERMANENTLY_AMBIGUOUS,0,1,0,,31846.0,0,0
b3_intent_no_barrier-after_intent_before_barrier-ledger_postings-139565cf-r2,(session-3),B3_INTENT_NO_BARRIER,after_intent_before_barrier,ledger_postings,NO_READBACK,CALLER_REFERENCE,3c4c8014-04e3-464d-9951-38a015effe60,DECLARED_AMBIGUOUS,PERMANENTLY_AMBIGUOUS,0,1,0,,31291.0,0,0
b3_intent_no_barrier-after_intent_before_barrier-ledger_postings-139565cf-r2,(session-3),B3_INTENT_NO_BARRIER,after_intent_before_barrier,ledger_postings,NO_READBACK,CALLER_REFERENCE,b63f7bd5-ca98-448d-851b-4b597e819f80,DECLARED_AMBIGUOUS,PERMANENTLY_AMBIGUOUS,0,1,0,,30807.0,0,0
b3_intent_no_barrier-after_intent_before_barrier-ledger_postings-139565cf-r2,(session-3),B3_INTENT_NO_BARRIER,after_intent_before_barrier,ledger_postings,NO_READBACK,CALLER_REFERENCE,78e9f112-37d6-467f-87ce-09038cd778b4,DECLARED_AMBIGUOUS,PERMANENTLY_AMBIGUOUS,0,1,0,,30237.0,0,0
b3_intent_no_barrier-after_intent_before_barrier-ledger_postings-139565cf-r2,(session-3),B3_INTENT_NO_BARRIER,after_intent_before_barrier,ledger_postings,NO_READBACK,CALLER_REFERENCE,678bc047-22f8-48b1-b10c-8115891c0dd2,DECLARED_AMBIGUOUS,PERMANENTLY_AMBIGUOUS,0,1,0,,32247.0,0,0
b3_intent_no_barrier-after_intent_before_barrier-ledger_postings-139565cf-r2,(session-3),B3_INTENT_NO_BARRIER,after_intent_before_barrier,ledger_postings,NO_READBACK,CALLER_REFERENCE,7861a98d-66c4-468e-9d0e-3e5b2365fe30,DECLARED_AMBIGUOUS,PERMANENTLY_AMBIGUOUS,0,1,0,,31798.0,0,0
b3_intent_no_barrier-after_intent_before_barrier-ledger_postings-139565cf-r2,(session-3),B3_INTENT_NO_BARRIER,after_intent_before_barrier,ledger_postings,NO_READBACK,CALLER_REFERENCE,a7bca1aa-6aa6-4531-b474-2a0e286e742b,DECLARED_AMBIGUOUS,PERMANENTLY_AMBIGUOUS,0,1,0,,31288.0,0,0
b3_intent_no_barrier-after_intent_before_barrier-ledger_postings-139565cf-r2,(session-3),B3_INTENT_NO_BARRIER,after_intent_before_barrier,ledger_postings,NO_READBACK,CALLER_REFERENCE,f1ae94a5-80b0-4a02-ac73-d28439d159bc,DECLARED_AMBIGUOUS,PERMANENTLY_AMBIGUOUS,0,1,0,,30784.0,0,0
b3_intent_no_barrier-after_intent_before_barrier-ledger_postings-139565cf-r2,(session-3),B3_INTENT_NO_BARRIER,after_intent_before_barrier,ledger_postings,NO_READBACK,CALLER_REFERENCE,31ec8483-f8db-4d58-bd31-d12030a5c932,DECLARED_AMBIGUOUS,PERMANENTLY_AMBIGUOUS,0,1,0,,30314.0,0,0
b3_intent_no_barrier-after_intent_before_barrier-notifications-93be8078-r0,(session-3),B3_INTENT_NO_BARRIER,after_intent_before_barrier,notifications,POSITIVE_ONLY_READBACK,CALLER_REFERENCE,fa4d7700-6abc-4aa2-87f8-de2484cf89bb,DECLARED_AMBIGUOUS,FIRED_UNCONFIRMED,0,1,0,,122952.0,0,0
b3_intent_no_barrier-after_intent_before_barrier-notifications-93be8078-r0,(session-3),B3_INTENT_NO_BARRIER,after_intent_before_barrier,notifications,POSITIVE_ONLY_READBACK,CALLER_REFERENCE,b0bc1ec2-4969-4197-8259-2ce424090432,DECLARED_AMBIGUOUS,FIRED_UNCONFIRMED,0,1,0,,122465.0,0,0
b3_intent_no_barrier-after_intent_before_barrier-notifications-93be8078-r0,(session-3),B3_INTENT_NO_BARRIER,after_intent_before_barrier,notifications,POSITIVE_ONLY_READBACK,CALLER_REFERENCE,fde04c95-0434-425a-bfa9-00589016970c,DECLARED_AMBIGUOUS,FIRED_UNCONFIRMED,0,1,0,,121976.0,0,0
b3_intent_no_barrier-after_intent_before_barrier-notifications-93be8078-r0,(session-3),B3_INTENT_NO_BARRIER,after_intent_before_barrier,notifications,POSITIVE_ONLY_READBACK,CALLER_REFERENCE,92b43f91-4e28-4125-8731-c6bc81f0e95a,DECLARED_AMBIGUOUS,FIRED_UNCONFIRMED,0,1,0,,121523.0,0,0
b3_intent_no_barrier-after_intent_before_barrier-notifications-93be8078-r0,(session-3),B3_INTENT_NO_BARRIER,after_intent_before_barrier,notifications,POSITIVE_ONLY_READBACK,CALLER_REFERENCE,6ed20363-f072-4f95-a9ef-529d0990b6ea,DECLARED_AMBIGUOUS,FIRED_UNCONFIRMED,0,1,0,,121069.0,0,0
b3_intent_no_barrier-after_intent_before_barrier-notifications-93be8078-r0,(session-3),B3_INTENT_NO_BARRIER,after_intent_before_barrier,notifications,POSITIVE_ONLY_READBACK,CALLER_REFERENCE,85c6efff-d480-4eab-b486-3288bf750139,DECLARED_AMBIGUOUS,FIRED_UNCONFIRMED,0,1,0,,122956.0,0,0
b3_intent_no_barrier-after_intent_before_barrier-notifications-93be8078-r0,(session-3),B3_INTENT_NO_BARRIER,after_intent_before_barrier,notifications,POSITIVE_ONLY_READBACK,CALLER_REFERENCE,3b65911e-ecc7-40a0-b0f2-5ad4f81efd44,DECLARED_AMBIGUOUS,FIRED_UNCONFIRMED,0,1,0,,122416.0,0,0
b3_intent_no_barrier-after_intent_before_barrier-notifications-93be8078-r0,(session-3),B3_INTENT_NO_BARRIER,after_intent_before_barrier,notifications,POSITIVE_ONLY_READBACK,CALLER_REFERENCE,08db0fe3-3251-46e2-a0dc-cef43276ff74,DECLARED_AMBIGUOUS,FIRED_UNCONFIRMED,0,1,0,,121897.0,0,0
b3_intent_no_barrier-after_intent_before_barrier-notifications-93be8078-r0,(session-3),B3_INTENT_NO_BARRIER,after_intent_before_barrier,notifications,POSITIVE_ONLY_READBACK,CALLER_REFERENCE,e2dbea2e-38e9-4fc4-96e9-d750392920c6,DECLARED_AMBIGUOUS,FIRED_UNCONFIRMED,0,1,0,,121474.0,0,0
b3_intent_no_barrier-after_intent_before_barrier-notifications-93be8078-r0,(session-3),B3_INTENT_NO_BARRIER,after_intent_before_barrier,notifications,POSITIVE_ONLY_READBACK,CALLER_REFERENCE,488b1352-b40b-4022-8bde-b10400e71bb9,DECLARED_AMBIGUOUS,FIRED_UNCONFIRMED,0,1,0,,121048.0,0,0
b3_intent_no_barrier-after_intent_before_barrier-notifications-93be8078-r1,(session-3),B3_INTENT_NO_BARRIER,after_intent_before_barrier,notifications,POSITIVE_ONLY_READBACK,CALLER_REFERENCE,f2e9f053-4896-4d75-8096-8141ccd2347a,DECLARED_AMBIGUOUS,FIRED_UNCONFIRMED,0,1,0,,123851.0,0,0
b3_intent_no_barrier-after_intent_before_barrier-notifications-93be8078-r1,(session-3),B3_INTENT_NO_BARRIER,after_intent_before_barrier,notifications,POSITIVE_ONLY_READBACK,CALLER_REFERENCE,657c0a07-c1d6-4ad0-84c1-16d78bbe1c08,DECLARED_AMBIGUOUS,FIRED_UNCONFIRMED,0,1,0,,123072.0,0,0
b3_intent_no_barrier-after_intent_before_barrier-notifications-93be8078-r1,(session-3),B3_INTENT_NO_BARRIER,after_intent_before_barrier,notifications,POSITIVE_ONLY_READBACK,CALLER_REFERENCE,f2a06fac-010b-446e-ae8c-4a6c512d5fb6,DECLARED_AMBIGUOUS,FIRED_UNCONFIRMED,0,1,0,,122371.0,0,0
b3_intent_no_barrier-after_intent_before_barrier-notifications-93be8078-r1,(session-3),B3_INTENT_NO_BARRIER,after_intent_before_barrier,notifications,POSITIVE_ONLY_READBACK,CALLER_REFERENCE,324869eb-e708-403d-8b5b-b242fb93c62a,DECLARED_AMBIGUOUS,FIRED_UNCONFIRMED,0,1,0,,121642.0,0,0
b3_intent_no_barrier-after_intent_before_barrier-notifications-93be8078-r1,(session-3),B3_INTENT_NO_BARRIER,after_intent_before_barrier,notifications,POSITIVE_ONLY_READBACK,CALLER_REFERENCE,a89b2880-ff39-4b57-8432-67fa60c6d529,DECLARED_AMBIGUOUS,FIRED_UNCONFIRMED,0,1,0,,120946.0,0,0
b3_intent_no_barrier-after_intent_before_barrier-notifications-93be8078-r1,(session-3),B3_INTENT_NO_BARRIER,after_intent_before_barrier,notifications,POSITIVE_ONLY_READBACK,CALLER_REFERENCE,c3f0a857-9e4f-435e-aca5-6348b72405be,DECLARED_AMBIGUOUS,FIRED_UNCONFIRMED,0,1,0,,123872.0,0,0
b3_intent_no_barrier-after_intent_before_barrier-notifications-93be8078-r1,(session-3),B3_INTENT_NO_BARRIER,after_intent_before_barrier,notifications,POSITIVE_ONLY_READBACK,CALLER_REFERENCE,8375a64b-0e8e-44ba-b529-b60ac75255ac,DECLARED_AMBIGUOUS,FIRED_UNCONFIRMED,0,1,0,,123084.0,0,0
b3_intent_no_barrier-after_intent_before_barrier-notifications-93be8078-r1,(session-3),B3_INTENT_NO_BARRIER,after_intent_before_barrier,notifications,POSITIVE_ONLY_READBACK,CALLER_REFERENCE,248b7f5f-3da6-4462-8c4b-d03685c628b6,DECLARED_AMBIGUOUS,FIRED_UNCONFIRMED,0,1,0,,122396.0,0,0
b3_intent_no_barrier-after_intent_before_barrier-notifications-93be8078-r1,(session-3),B3_INTENT_NO_BARRIER,after_intent_before_barrier,notifications,POSITIVE_ONLY_READBACK,CALLER_REFERENCE,0351f6cc-589a-4dcb-9e23-9f33343e3dc2,DECLARED_AMBIGUOUS,FIRED_UNCONFIRMED,0,1,0,,121741.0,0,0
b3_intent_no_barrier-after_intent_before_barrier-notifications-93be8078-r1,(session-3),B3_INTENT_NO_BARRIER,after_intent_before_barrier,notifications,POSITIVE_ONLY_READBACK,CALLER_REFERENCE,97ebcac3-63e0-4916-af23-e520c10d67df,DECLARED_AMBIGUOUS,FIRED_UNCONFIRMED,0,1,0,,121038.0,0,0
b3_intent_no_barrier-after_intent_before_barrier-notifications-93be8078-r2,(session-3),B3_INTENT_NO_BARRIER,after_intent_before_barrier,notifications,POSITIVE_ONLY_READBACK,CALLER_REFERENCE,fa7244fc-70c6-4400-b061-a18cce9d6517,DECLARED_AMBIGUOUS,FIRED_UNCONFIRMED,0,1,0,,125900.0,0,0
b3_intent_no_barrier-after_intent_before_barrier-notifications-93be8078-r2,(session-3),B3_INTENT_NO_BARRIER,after_intent_before_barrier,notifications,POSITIVE_ONLY_READBACK,CALLER_REFERENCE,bbbd84cb-657e-4b90-b42c-b607e396e724,DECLARED_AMBIGUOUS,FIRED_UNCONFIRMED,0,1,0,,125076.0,0,0
b3_intent_no_barrier-after_intent_before_barrier-notifications-93be8078-r2,(session-3),B3_INTENT_NO_BARRIER,after_intent_before_barrier,notifications,POSITIVE_ONLY_READBACK,CALLER_REFERENCE,4a8b8055-681b-490e-a26a-dd7f3f876343,DECLARED_AMBIGUOUS,FIRED_UNCONFIRMED,0,1,0,,123279.0,0,0
b3_intent_no_barrier-after_intent_before_barrier-notifications-93be8078-r2,(session-3),B3_INTENT_NO_BARRIER,after_intent_before_barrier,notifications,POSITIVE_ONLY_READBACK,CALLER_REFERENCE,36e3652c-79a0-4f0c-bd41-eb176ab33e2e,DECLARED_AMBIGUOUS,FIRED_UNCONFIRMED,0,1,0,,121861.0,0,0
b3_intent_no_barrier-after_intent_before_barrier-notifications-93be8078-r2,(session-3),B3_INTENT_NO_BARRIER,after_intent_before_barrier,notifications,POSITIVE_ONLY_READBACK,CALLER_REFERENCE,18e399a4-608e-453a-80ab-f4c8a4f0a6fb,DECLARED_AMBIGUOUS,FIRED_UNCONFIRMED,0,1,0,,121076.0,0,0
b3_intent_no_barrier-after_intent_before_barrier-notifications-93be8078-r2,(session-3),B3_INTENT_NO_BARRIER,after_intent_before_barrier,notifications,POSITIVE_ONLY_READBACK,CALLER_REFERENCE,05ddb8b8-2784-488d-8159-48901790bcf2,DECLARED_AMBIGUOUS,FIRED_UNCONFIRMED,0,1,0,,125966.0,0,0
b3_intent_no_barrier-after_intent_before_barrier-notifications-93be8078-r2,(session-3),B3_INTENT_NO_BARRIER,after_intent_before_barrier,notifications,POSITIVE_ONLY_READBACK,CALLER_REFERENCE,4eefec9a-6cd5-4bc1-87fe-da7fd8c4f0d9,DECLARED_AMBIGUOUS,FIRED_UNCONFIRMED,0,1,0,,125125.0,0,0
b3_intent_no_barrier-after_intent_before_barrier-notifications-93be8078-r2,(session-3),B3_INTENT_NO_BARRIER,after_intent_before_barrier,notifications,POSITIVE_ONLY_READBACK,CALLER_REFERENCE,d77daa10-791e-4210-a700-22e1195c8a2c,DECLARED_AMBIGUOUS,FIRED_UNCONFIRMED,0,1,0,,123754.0,0,0
b3_intent_no_barrier-after_intent_before_barrier-notifications-93be8078-r2,(session-3),B3_INTENT_NO_BARRIER,after_intent_before_barrier,notifications,POSITIVE_ONLY_READBACK,CALLER_REFERENCE,ff604957-8cb9-435c-84ad-88c7a3861479,DECLARED_AMBIGUOUS,FIRED_UNCONFIRMED,0,1,0,,122107.0,0,0
b3_intent_no_barrier-after_intent_before_barrier-notifications-93be8078-r2,(session-3),B3_INTENT_NO_BARRIER,after_intent_before_barrier,notifications,POSITIVE_ONLY_READBACK,CALLER_REFERENCE,e3235721-3041-4105-bcc4-005cbf589d24,DECLARED_AMBIGUOUS,FIRED_UNCONFIRMED,0,1,0,,121214.0,0,0
b3_intent_no_barrier-after_intent_before_barrier-payments-d5765a7b-r0,(session-3),B3_INTENT_NO_BARRIER,after_intent_before_barrier,payments,AUTHORITATIVE_READBACK,CALLER_REFERENCE,95209e8d-abb8-4061-862d-e710594108e6,CONFIRMED_NOT_APPLIED,FAILED_CONFIRMED,0,1,0,,31957.0,0,0
b3_intent_no_barrier-after_intent_before_barrier-payments-d5765a7b-r0,(session-3),B3_INTENT_NO_BARRIER,after_intent_before_barrier,payments,AUTHORITATIVE_READBACK,CALLER_REFERENCE,e0977325-a372-4d89-b15f-554a736dc9d6,CONFIRMED_NOT_APPLIED,FAILED_CONFIRMED,0,1,0,,31461.0,0,0
b3_intent_no_barrier-after_intent_before_barrier-payments-d5765a7b-r0,(session-3),B3_INTENT_NO_BARRIER,after_intent_before_barrier,payments,AUTHORITATIVE_READBACK,CALLER_REFERENCE,69584355-2ba5-424f-b6c3-5bf9ed11a6f2,CONFIRMED_NOT_APPLIED,FAILED_CONFIRMED,0,1,0,,31036.0,0,0
b3_intent_no_barrier-after_intent_before_barrier-payments-d5765a7b-r0,(session-3),B3_INTENT_NO_BARRIER,after_intent_before_barrier,payments,AUTHORITATIVE_READBACK,CALLER_REFERENCE,a599ad55-4647-4027-81a1-c1fda8736dfc,CONFIRMED_NOT_APPLIED,FAILED_CONFIRMED,0,1,0,,30481.0,0,0
b3_intent_no_barrier-after_intent_before_barrier-payments-d5765a7b-r0,(session-3),B3_INTENT_NO_BARRIER,after_intent_before_barrier,payments,AUTHORITATIVE_READBACK,CALLER_REFERENCE,2846107b-c6d2-48db-8160-9b1897f81f3d,CONFIRMED_NOT_APPLIED,FAILED_CONFIRMED,0,1,0,,30095.0,0,0
b3_intent_no_barrier-after_intent_before_barrier-payments-d5765a7b-r0,(session-3),B3_INTENT_NO_BARRIER,after_intent_before_barrier,payments,AUTHORITATIVE_READBACK,CALLER_REFERENCE,262d7af4-44ea-44c2-afc5-f647271b2204,CONFIRMED_NOT_APPLIED,FAILED_CONFIRMED,0,1,0,,31979.0,0,0
b3_intent_no_barrier-after_intent_before_barrier-payments-d5765a7b-r0,(session-3),B3_INTENT_NO_BARRIER,after_intent_before_barrier,payments,AUTHORITATIVE_READBACK,CALLER_REFERENCE,ede7bfb7-570e-4e4c-8fdb-84023206ab69,CONFIRMED_NOT_APPLIED,FAILED_CONFIRMED,0,1,0,,31527.0,0,0
b3_intent_no_barrier-after_intent_before_barrier-payments-d5765a7b-r0,(session-3),B3_INTENT_NO_BARRIER,after_intent_before_barrier,payments,AUTHORITATIVE_READBACK,CALLER_REFERENCE,f1412d3a-b0dd-4c16-9dd4-53508e43bf9e,CONFIRMED_NOT_APPLIED,FAILED_CONFIRMED,0,1,0,,31105.0,0,0
b3_intent_no_barrier-after_intent_before_barrier-payments-d5765a7b-r0,(session-3),B3_INTENT_NO_BARRIER,after_intent_before_barrier,payments,AUTHORITATIVE_READBACK,CALLER_REFERENCE,b9aeb540-3199-4c90-ad67-26da32bdb089,CONFIRMED_NOT_APPLIED,FAILED_CONFIRMED,0,1,0,,30591.0,0,0
b3_intent_no_barrier-after_intent_before_barrier-payments-d5765a7b-r0,(session-3),B3_INTENT_NO_BARRIER,after_intent_before_barrier,payments,AUTHORITATIVE_READBACK,CALLER_REFERENCE,190ecfea-f0c3-4fe3-bd1a-c1fe3b5047b9,CONFIRMED_NOT_APPLIED,FAILED_CONFIRMED,0,1,0,,30197.0,0,0
b3_intent_no_barrier-after_intent_before_barrier-payments-d5765a7b-r1,(session-3),B3_INTENT_NO_BARRIER,after_intent_before_barrier,payments,AUTHORITATIVE_READBACK,CALLER_REFERENCE,c1c63c01-18d6-43c1-b151-1b4420141b50,CONFIRMED_NOT_APPLIED,FAILED_CONFIRMED,0,1,0,,32031.0,0,0
b3_intent_no_barrier-after_intent_before_barrier-payments-d5765a7b-r1,(session-3),B3_INTENT_NO_BARRIER,after_intent_before_barrier,payments,AUTHORITATIVE_READBACK,CALLER_REFERENCE,06deaf56-c026-4c60-96df-fa637eacf623,CONFIRMED_NOT_APPLIED,FAILED_CONFIRMED,0,1,0,,31499.0,0,0
b3_intent_no_barrier-after_intent_before_barrier-payments-d5765a7b-r1,(session-3),B3_INTENT_NO_BARRIER,after_intent_before_barrier,payments,AUTHORITATIVE_READBACK,CALLER_REFERENCE,ed7246f3-d716-480b-93f4-90380e482742,CONFIRMED_NOT_APPLIED,FAILED_CONFIRMED,0,1,0,,30989.0,0,0
b3_intent_no_barrier-after_intent_before_barrier-payments-d5765a7b-r1,(session-3),B3_INTENT_NO_BARRIER,after_intent_before_barrier,payments,AUTHORITATIVE_READBACK,CALLER_REFERENCE,0ea04ef0-a421-4a86-8098-2f4806f22551,CONFIRMED_NOT_APPLIED,FAILED_CONFIRMED,0,1,0,,30567.0,0,0
b3_intent_no_barrier-after_intent_before_barrier-payments-d5765a7b-r1,(session-3),B3_INTENT_NO_BARRIER,after_intent_before_barrier,payments,AUTHORITATIVE_READBACK,CALLER_REFERENCE,ec47d5a1-6b6e-4daf-bb80-549e35220141,CONFIRMED_NOT_APPLIED,FAILED_CONFIRMED,0,1,0,,30070.0,0,0
b3_intent_no_barrier-after_intent_before_barrier-payments-d5765a7b-r1,(session-3),B3_INTENT_NO_BARRIER,after_intent_before_barrier,payments,AUTHORITATIVE_READBACK,CALLER_REFERENCE,1a98a659-f26e-47a9-a4a5-fb9e46236d7d,CONFIRMED_NOT_APPLIED,FAILED_CONFIRMED,0,1,0,,32069.0,0,0
b3_intent_no_barrier-after_intent_before_barrier-payments-d5765a7b-r1,(session-3),B3_INTENT_NO_BARRIER,after_intent_before_barrier,payments,AUTHORITATIVE_READBACK,CALLER_REFERENCE,75cacde8-2622-4ced-a1de-0d1f2a20db23,CONFIRMED_NOT_APPLIED,FAILED_CONFIRMED,0,1,0,,31608.0,0,0
b3_intent_no_barrier-after_intent_before_barrier-payments-d5765a7b-r1,(session-3),B3_INTENT_NO_BARRIER,after_intent_before_barrier,payments,AUTHORITATIVE_READBACK,CALLER_REFERENCE,c775a6ee-797d-498e-a55b-5066bbf5ed9b,CONFIRMED_NOT_APPLIED,FAILED_CONFIRMED,0,1,0,,31118.0,0,0
b3_intent_no_barrier-after_intent_before_barrier-payments-d5765a7b-r1,(session-3),B3_INTENT_NO_BARRIER,after_intent_before_barrier,payments,AUTHORITATIVE_READBACK,CALLER_REFERENCE,1de7da87-e8b5-4c97-994e-57a957cf8d85,CONFIRMED_NOT_APPLIED,FAILED_CONFIRMED,0,1,0,,30613.0,0,0
b3_intent_no_barrier-after_intent_before_barrier-payments-d5765a7b-r1,(session-3),B3_INTENT_NO_BARRIER,after_intent_before_barrier,payments,AUTHORITATIVE_READBACK,CALLER_REFERENCE,6ab75f1f-ef21-441b-8720-ddcf05f6327e,CONFIRMED_NOT_APPLIED,FAILED_CONFIRMED,0,1,0,,30101.0,0,0
b3_intent_no_barrier-after_intent_before_barrier-payments-d5765a7b-r2,(session-3),B3_INTENT_NO_BARRIER,after_intent_before_barrier,payments,AUTHORITATIVE_READBACK,CALLER_REFERENCE,9a9cfbed-1eac-4643-bdd0-654d43401613,CONFIRMED_NOT_APPLIED,FAILED_CONFIRMED,0,1,0,,32136.0,0,0
b3_intent_no_barrier-after_intent_before_barrier-payments-d5765a7b-r2,(session-3),B3_INTENT_NO_BARRIER,after_intent_before_barrier,payments,AUTHORITATIVE_READBACK,CALLER_REFERENCE,917ada38-0dcb-40c9-b92b-dcb3210aece4,CONFIRMED_NOT_APPLIED,FAILED_CONFIRMED,0,1,0,,31618.0,0,0
b3_intent_no_barrier-after_intent_before_barrier-payments-d5765a7b-r2,(session-3),B3_INTENT_NO_BARRIER,after_intent_before_barrier,payments,AUTHORITATIVE_READBACK,CALLER_REFERENCE,010d116b-62c6-4545-bfb3-f3d56941de5e,CONFIRMED_NOT_APPLIED,FAILED_CONFIRMED,0,1,0,,31112.0,0,0
b3_intent_no_barrier-after_intent_before_barrier-payments-d5765a7b-r2,(session-3),B3_INTENT_NO_BARRIER,after_intent_before_barrier,payments,AUTHORITATIVE_READBACK,CALLER_REFERENCE,245b6da3-224f-4032-a817-b4c4152f2f97,CONFIRMED_NOT_APPLIED,FAILED_CONFIRMED,0,1,0,,30603.0,0,0
b3_intent_no_barrier-after_intent_before_barrier-payments-d5765a7b-r2,(session-3),B3_INTENT_NO_BARRIER,after_intent_before_barrier,payments,AUTHORITATIVE_READBACK,CALLER_REFERENCE,48b8e45a-d3f1-4644-ac98-6028f493003b,CONFIRMED_NOT_APPLIED,FAILED_CONFIRMED,0,1,0,,30102.0,0,0
b3_intent_no_barrier-after_intent_before_barrier-payments-d5765a7b-r2,(session-3),B3_INTENT_NO_BARRIER,after_intent_before_barrier,payments,AUTHORITATIVE_READBACK,CALLER_REFERENCE,25642f38-ea94-44df-8039-f5eec91199ab,CONFIRMED_NOT_APPLIED,FAILED_CONFIRMED,0,1,0,,32199.0,0,0
b3_intent_no_barrier-after_intent_before_barrier-payments-d5765a7b-r2,(session-3),B3_INTENT_NO_BARRIER,after_intent_before_barrier,payments,AUTHORITATIVE_READBACK,CALLER_REFERENCE,d5de4394-9c8f-43b3-8290-2250680d074f,CONFIRMED_NOT_APPLIED,FAILED_CONFIRMED,0,1,0,,31611.0,0,0
b3_intent_no_barrier-after_intent_before_barrier-payments-d5765a7b-r2,(session-3),B3_INTENT_NO_BARRIER,after_intent_before_barrier,payments,AUTHORITATIVE_READBACK,CALLER_REFERENCE,132a81a1-0ebf-4e4d-bfc7-52c107b16382,CONFIRMED_NOT_APPLIED,FAILED_CONFIRMED,0,1,0,,31090.0,0,0
b3_intent_no_barrier-after_intent_before_barrier-payments-d5765a7b-r2,(session-3),B3_INTENT_NO_BARRIER,after_intent_before_barrier,payments,AUTHORITATIVE_READBACK,CALLER_REFERENCE,bc8ac76e-a720-4927-8b64-9f6a8cfb5840,CONFIRMED_NOT_APPLIED,FAILED_CONFIRMED,0,1,0,,30592.0,0,0
b3_intent_no_barrier-after_intent_before_barrier-payments-d5765a7b-r2,(session-3),B3_INTENT_NO_BARRIER,after_intent_before_barrier,payments,AUTHORITATIVE_READBACK,CALLER_REFERENCE,9cdb5331-116d-4309-b2c4-f745d5f96a44,CONFIRMED_NOT_APPLIED,FAILED_CONFIRMED,0,1,0,,30140.0,0,0
b3_intent_no_barrier-after_resolution_before_barrier-ledger_postings-27c18477-r0,(session-3),B3_INTENT_NO_BARRIER,after_resolution_before_barrier,ledger_postings,NO_READBACK,CALLER_REFERENCE,e54cabb9-3711-4d97-a03e-79f97c6b7334,DECLARED_AMBIGUOUS,PERMANENTLY_AMBIGUOUS,1,1,0,,26417.0,0,0
b3_intent_no_barrier-after_resolution_before_barrier-ledger_postings-27c18477-r0,(session-3),B3_INTENT_NO_BARRIER,after_resolution_before_barrier,ledger_postings,NO_READBACK,CALLER_REFERENCE,53b85942-758b-46ec-8f4d-e77ded936601,CONFIRMED_APPLIED,FIRED_CONFIRMED,1,1,0,,23866.0,0,0
b3_intent_no_barrier-after_resolution_before_barrier-ledger_postings-27c18477-r0,(session-3),B3_INTENT_NO_BARRIER,after_resolution_before_barrier,ledger_postings,NO_READBACK,CALLER_REFERENCE,b4c999cc-ae20-4412-a3c3-6c10b369cb9f,CONFIRMED_APPLIED,FIRED_CONFIRMED,1,1,0,,21296.0,0,0
b3_intent_no_barrier-after_resolution_before_barrier-ledger_postings-27c18477-r0,(session-3),B3_INTENT_NO_BARRIER,after_resolution_before_barrier,ledger_postings,NO_READBACK,CALLER_REFERENCE,496eef27-2ef5-4f04-88af-7db4b5fe0f03,CONFIRMED_APPLIED,FIRED_CONFIRMED,1,1,0,,18666.0,0,0
b3_intent_no_barrier-after_resolution_before_barrier-ledger_postings-27c18477-r0,(session-3),B3_INTENT_NO_BARRIER,after_resolution_before_barrier,ledger_postings,NO_READBACK,CALLER_REFERENCE,a281d9dd-9fa3-4d11-bcee-0d12dd430c11,CONFIRMED_APPLIED,FIRED_CONFIRMED,1,1,0,,16128.0,0,0
b3_intent_no_barrier-after_resolution_before_barrier-ledger_postings-27c18477-r0,(session-3),B3_INTENT_NO_BARRIER,after_resolution_before_barrier,ledger_postings,NO_READBACK,CALLER_REFERENCE,f3e0f6c2-8939-4693-856d-14eb3614c44e,CONFIRMED_APPLIED,FIRED_CONFIRMED,1,1,0,,29458.0,0,0
b3_intent_no_barrier-after_resolution_before_barrier-ledger_postings-27c18477-r0,(session-3),B3_INTENT_NO_BARRIER,after_resolution_before_barrier,ledger_postings,NO_READBACK,CALLER_REFERENCE,701fd61f-253d-428b-b34e-a9baa430fb73,DECLARED_AMBIGUOUS,PERMANENTLY_AMBIGUOUS,1,1,0,,23956.0,0,0
b3_intent_no_barrier-after_resolution_before_barrier-ledger_postings-27c18477-r0,(session-3),B3_INTENT_NO_BARRIER,after_resolution_before_barrier,ledger_postings,NO_READBACK,CALLER_REFERENCE,ff911986-0f0d-4cda-9e5a-691cecf77dd5,CONFIRMED_APPLIED,FIRED_CONFIRMED,1,1,0,,21400.0,0,0
b3_intent_no_barrier-after_resolution_before_barrier-ledger_postings-27c18477-r0,(session-3),B3_INTENT_NO_BARRIER,after_resolution_before_barrier,ledger_postings,NO_READBACK,CALLER_REFERENCE,1a7e6d96-f015-4ca4-8f3a-031d545163ae,CONFIRMED_APPLIED,FIRED_CONFIRMED,1,1,0,,18798.0,0,0
b3_intent_no_barrier-after_resolution_before_barrier-ledger_postings-27c18477-r0,(session-3),B3_INTENT_NO_BARRIER,after_resolution_before_barrier,ledger_postings,NO_READBACK,CALLER_REFERENCE,3ba6e4b2-c2fb-4b23-8e14-e84af1f6f8c9,CONFIRMED_APPLIED,FIRED_CONFIRMED,1,1,0,,16212.0,0,0
b3_intent_no_barrier-after_resolution_before_barrier-ledger_postings-27c18477-r1,(session-3),B3_INTENT_NO_BARRIER,after_resolution_before_barrier,ledger_postings,NO_READBACK,CALLER_REFERENCE,597013ea-95e8-4582-91f3-c71f2d80d714,DECLARED_AMBIGUOUS,PERMANENTLY_AMBIGUOUS,1,1,0,,38429.0,0,0
b3_intent_no_barrier-after_resolution_before_barrier-ledger_postings-27c18477-r1,(session-3),B3_INTENT_NO_BARRIER,after_resolution_before_barrier,ledger_postings,NO_READBACK,CALLER_REFERENCE,4efc7291-9a12-43fc-a1c5-247057e34321,CONFIRMED_APPLIED,FIRED_CONFIRMED,1,1,0,,35905.0,0,0
b3_intent_no_barrier-after_resolution_before_barrier-ledger_postings-27c18477-r1,(session-3),B3_INTENT_NO_BARRIER,after_resolution_before_barrier,ledger_postings,NO_READBACK,CALLER_REFERENCE,96f6306a-65e7-4ed7-9c3e-f7abc10f68ac,CONFIRMED_APPLIED,FIRED_CONFIRMED,1,1,0,,33314.0,0,0
b3_intent_no_barrier-after_resolution_before_barrier-ledger_postings-27c18477-r1,(session-3),B3_INTENT_NO_BARRIER,after_resolution_before_barrier,ledger_postings,NO_READBACK,CALLER_REFERENCE,9de54da6-5775-41af-9c58-93ef95f325be,DECLARED_AMBIGUOUS,PERMANENTLY_AMBIGUOUS,1,1,0,,27716.0,0,0
b3_intent_no_barrier-after_resolution_before_barrier-ledger_postings-27c18477-r1,(session-3),B3_INTENT_NO_BARRIER,after_resolution_before_barrier,ledger_postings,NO_READBACK,CALLER_REFERENCE,77291429-0b49-4527-954f-a149d44afc7f,DECLARED_AMBIGUOUS,PERMANENTLY_AMBIGUOUS,1,1,0,,22190.0,0,0
b3_intent_no_barrier-after_resolution_before_barrier-ledger_postings-27c18477-r1,(session-3),B3_INTENT_NO_BARRIER,after_resolution_before_barrier,ledger_postings,NO_READBACK,CALLER_REFERENCE,b4ba721f-488c-4383-90bb-ba01baadcfda,CONFIRMED_APPLIED,FIRED_CONFIRMED,1,1,0,,41405.0,0,0
b3_intent_no_barrier-after_resolution_before_barrier-ledger_postings-27c18477-r1,(session-3),B3_INTENT_NO_BARRIER,after_resolution_before_barrier,ledger_postings,NO_READBACK,CALLER_REFERENCE,de256e66-4c7b-49ed-ae06-e62cda4d1ab2,DECLARED_AMBIGUOUS,PERMANENTLY_AMBIGUOUS,1,1,0,,35956.0,0,0
b3_intent_no_barrier-after_resolution_before_barrier-ledger_postings-27c18477-r1,(session-3),B3_INTENT_NO_BARRIER,after_resolution_before_barrier,ledger_postings,NO_READBACK,CALLER_REFERENCE,66b981c8-eeec-4494-a53d-cff14e4bf906,CONFIRMED_APPLIED,FIRED_CONFIRMED,1,1,0,,33424.0,0,0
b3_intent_no_barrier-after_resolution_before_barrier-ledger_postings-27c18477-r1,(session-3),B3_INTENT_NO_BARRIER,after_resolution_before_barrier,ledger_postings,NO_READBACK,CALLER_REFERENCE,be7146ac-d9eb-4fcf-ae0d-9c4c8faf4031,CONFIRMED_APPLIED,FIRED_CONFIRMED,1,1,0,,30861.0,0,0
b3_intent_no_barrier-after_resolution_before_barrier-ledger_postings-27c18477-r1,(session-3),B3_INTENT_NO_BARRIER,after_resolution_before_barrier,ledger_postings,NO_READBACK,CALLER_REFERENCE,9c072bf7-4e69-4391-9eeb-aeeabc0427e6,CONFIRMED_APPLIED,FIRED_CONFIRMED,1,1,0,,28381.0,0,0
b3_intent_no_barrier-after_resolution_before_barrier-ledger_postings-27c18477-r2,(session-3),B3_INTENT_NO_BARRIER,after_resolution_before_barrier,ledger_postings,NO_READBACK,CALLER_REFERENCE,aad812e7-1a1e-4dd4-a2fb-88b74174902e,DECLARED_AMBIGUOUS,PERMANENTLY_AMBIGUOUS,1,1,0,,39904.0,0,0
b3_intent_no_barrier-after_resolution_before_barrier-ledger_postings-27c18477-r2,(session-3),B3_INTENT_NO_BARRIER,after_resolution_before_barrier,ledger_postings,NO_READBACK,CALLER_REFERENCE,b252de68-1366-46b9-9f59-b6d1e46ba705,CONFIRMED_APPLIED,FIRED_CONFIRMED,1,1,0,,36911.0,0,0
b3_intent_no_barrier-after_resolution_before_barrier-ledger_postings-27c18477-r2,(session-3),B3_INTENT_NO_BARRIER,after_resolution_before_barrier,ledger_postings,NO_READBACK,CALLER_REFERENCE,dac07e40-1898-4f9f-9ab2-b873674a7c15,CONFIRMED_APPLIED,FIRED_CONFIRMED,1,1,0,,33566.0,0,0
b3_intent_no_barrier-after_resolution_before_barrier-ledger_postings-27c18477-r2,(session-3),B3_INTENT_NO_BARRIER,after_resolution_before_barrier,ledger_postings,NO_READBACK,CALLER_REFERENCE,77313063-4cfd-4422-b015-5684d6bcc31e,CONFIRMED_APPLIED,FIRED_CONFIRMED,1,1,0,,28811.0,0,0
b3_intent_no_barrier-after_resolution_before_barrier-ledger_postings-27c18477-r2,(session-3),B3_INTENT_NO_BARRIER,after_resolution_before_barrier,ledger_postings,NO_READBACK,CALLER_REFERENCE,86c1e631-2359-4a37-a291-475309703295,DECLARED_AMBIGUOUS,PERMANENTLY_AMBIGUOUS,1,1,0,,22213.0,0,0
b3_intent_no_barrier-after_resolution_before_barrier-ledger_postings-27c18477-r2,(session-3),B3_INTENT_NO_BARRIER,after_resolution_before_barrier,ledger_postings,NO_READBACK,CALLER_REFERENCE,58511377-65bb-4315-a9f1-9f7f60f0e292,CONFIRMED_APPLIED,FIRED_CONFIRMED,1,1,0,,42924.0,0,0
b3_intent_no_barrier-after_resolution_before_barrier-ledger_postings-27c18477-r2,(session-3),B3_INTENT_NO_BARRIER,after_resolution_before_barrier,ledger_postings,NO_READBACK,CALLER_REFERENCE,ab0d1cbe-d523-4c1f-b530-49f5b676b992,CONFIRMED_APPLIED,FIRED_CONFIRMED,1,1,0,,39707.0,0,0
b3_intent_no_barrier-after_resolution_before_barrier-ledger_postings-27c18477-r2,(session-3),B3_INTENT_NO_BARRIER,after_resolution_before_barrier,ledger_postings,NO_READBACK,CALLER_REFERENCE,92d220d4-034e-49c1-9beb-7a2fbae881cb,CONFIRMED_APPLIED,FIRED_CONFIRMED,1,1,0,,36560.0,0,0
b3_intent_no_barrier-after_resolution_before_barrier-ledger_postings-27c18477-r2,(session-3),B3_INTENT_NO_BARRIER,after_resolution_before_barrier,ledger_postings,NO_READBACK,CALLER_REFERENCE,4c3128bd-4f3f-41d8-bfb7-801dd4440931,DECLARED_AMBIGUOUS,PERMANENTLY_AMBIGUOUS,1,1,0,,30148.0,0,0
b3_intent_no_barrier-after_resolution_before_barrier-ledger_postings-27c18477-r2,(session-3),B3_INTENT_NO_BARRIER,after_resolution_before_barrier,ledger_postings,NO_READBACK,CALLER_REFERENCE,5be25320-76be-48e0-9161-f2e6b3ed2f46,CONFIRMED_APPLIED,FIRED_CONFIRMED,1,1,0,,25878.0,0,0
b3_intent_no_barrier-after_resolution_before_barrier-notifications-c5760ad9-r0,(session-3),B3_INTENT_NO_BARRIER,after_resolution_before_barrier,notifications,POSITIVE_ONLY_READBACK,CALLER_REFERENCE,e94d70d3-3df0-4c5e-b97b-04b8b3fa0800,CONFIRMED_APPLIED,FIRED_CONFIRMED,1,1,0,,10635.0,0,0
b3_intent_no_barrier-after_resolution_before_barrier-notifications-c5760ad9-r0,(session-3),B3_INTENT_NO_BARRIER,after_resolution_before_barrier,notifications,POSITIVE_ONLY_READBACK,CALLER_REFERENCE,ed58bad2-ef20-48be-9c03-82b1408e78cd,CONFIRMED_APPLIED,FIRED_CONFIRMED,1,1,0,,7981.0,0,0
b3_intent_no_barrier-after_resolution_before_barrier-notifications-c5760ad9-r0,(session-3),B3_INTENT_NO_BARRIER,after_resolution_before_barrier,notifications,POSITIVE_ONLY_READBACK,CALLER_REFERENCE,3a306f2a-c15e-4f1f-8e5a-73817b7c6bf0,CONFIRMED_APPLIED,FIRED_CONFIRMED,1,1,0,,5368.0,0,0
b3_intent_no_barrier-after_resolution_before_barrier-notifications-c5760ad9-r0,(session-3),B3_INTENT_NO_BARRIER,after_resolution_before_barrier,notifications,POSITIVE_ONLY_READBACK,CALLER_REFERENCE,c7d08976-de73-4c2b-95d4-887952925369,CONFIRMED_APPLIED,FIRED_CONFIRMED,1,1,0,,2674.0,0,0
b3_intent_no_barrier-after_resolution_before_barrier-notifications-c5760ad9-r0,(session-3),B3_INTENT_NO_BARRIER,after_resolution_before_barrier,notifications,POSITIVE_ONLY_READBACK,CALLER_REFERENCE,1b1a68e8-8381-46ec-91a9-1fe3385a72f3,CONFIRMED_APPLIED,FIRED_CONFIRMED,1,1,0,,16.0,0,0
b3_intent_no_barrier-after_resolution_before_barrier-notifications-c5760ad9-r0,(session-3),B3_INTENT_NO_BARRIER,after_resolution_before_barrier,notifications,POSITIVE_ONLY_READBACK,CALLER_REFERENCE,fba1da14-cf45-48f6-8209-31fa0c491457,CONFIRMED_APPLIED,FIRED_CONFIRMED,1,1,0,,10639.0,0,0
b3_intent_no_barrier-after_resolution_before_barrier-notifications-c5760ad9-r0,(session-3),B3_INTENT_NO_BARRIER,after_resolution_before_barrier,notifications,POSITIVE_ONLY_READBACK,CALLER_REFERENCE,8e10ac3d-44e0-4246-93af-0dcc40c8a7e1,CONFIRMED_APPLIED,FIRED_CONFIRMED,1,1,0,,7985.0,0,0
b3_intent_no_barrier-after_resolution_before_barrier-notifications-c5760ad9-r0,(session-3),B3_INTENT_NO_BARRIER,after_resolution_before_barrier,notifications,POSITIVE_ONLY_READBACK,CALLER_REFERENCE,595b515b-452c-43fe-8d34-e1b2f8a87a55,CONFIRMED_APPLIED,FIRED_CONFIRMED,1,1,0,,5372.0,0,0
b3_intent_no_barrier-after_resolution_before_barrier-notifications-c5760ad9-r0,(session-3),B3_INTENT_NO_BARRIER,after_resolution_before_barrier,notifications,POSITIVE_ONLY_READBACK,CALLER_REFERENCE,73395d92-9405-4ec5-90f2-d2abdb26c322,CONFIRMED_APPLIED,FIRED_CONFIRMED,1,1,0,,2647.0,0,0
b3_intent_no_barrier-after_resolution_before_barrier-notifications-c5760ad9-r0,(session-3),B3_INTENT_NO_BARRIER,after_resolution_before_barrier,notifications,POSITIVE_ONLY_READBACK,CALLER_REFERENCE,c1eb18f8-dc69-4a2f-a1ac-d08cc32b8c85,CONFIRMED_APPLIED,FIRED_CONFIRMED,1,1,0,,12.0,0,0
b3_intent_no_barrier-after_resolution_before_barrier-notifications-c5760ad9-r1,(session-3),B3_INTENT_NO_BARRIER,after_resolution_before_barrier,notifications,POSITIVE_ONLY_READBACK,CALLER_REFERENCE,977c2b0e-8aa6-420a-8ca0-4c98d63a3549,CONFIRMED_APPLIED,FIRED_CONFIRMED,1,1,0,,38901.0,0,0
b3_intent_no_barrier-after_resolution_before_barrier-notifications-c5760ad9-r1,(session-3),B3_INTENT_NO_BARRIER,after_resolution_before_barrier,notifications,POSITIVE_ONLY_READBACK,CALLER_REFERENCE,249457b4-45b6-4a2b-a32e-4b5fadff576b,CONFIRMED_APPLIED,FIRED_CONFIRMED,1,1,0,,36150.0,0,0
b3_intent_no_barrier-after_resolution_before_barrier-notifications-c5760ad9-r1,(session-3),B3_INTENT_NO_BARRIER,after_resolution_before_barrier,notifications,POSITIVE_ONLY_READBACK,CALLER_REFERENCE,e31987fb-0595-4d5f-88fa-a53a8ad317b5,CONFIRMED_APPLIED,FIRED_CONFIRMED,1,1,0,,33496.0,0,0
b3_intent_no_barrier-after_resolution_before_barrier-notifications-c5760ad9-r1,(session-3),B3_INTENT_NO_BARRIER,after_resolution_before_barrier,notifications,POSITIVE_ONLY_READBACK,CALLER_REFERENCE,e95b8eb3-e864-4a7c-8b67-a7a4fc8158d9,CONFIRMED_APPLIED,FIRED_CONFIRMED,1,1,0,,30844.0,0,0
b3_intent_no_barrier-after_resolution_before_barrier-notifications-c5760ad9-r1,(session-3),B3_INTENT_NO_BARRIER,after_resolution_before_barrier,notifications,POSITIVE_ONLY_READBACK,CALLER_REFERENCE,fa7b50ec-944f-44d5-91d7-2e8ab04c5548,CONFIRMED_APPLIED,FIRED_CONFIRMED,1,1,0,,28274.0,0,0
b3_intent_no_barrier-after_resolution_before_barrier-notifications-c5760ad9-r1,(session-3),B3_INTENT_NO_BARRIER,after_resolution_before_barrier,notifications,POSITIVE_ONLY_READBACK,CALLER_REFERENCE,7484ea95-7f86-4101-85f5-a486bfd04335,CONFIRMED_APPLIED,FIRED_CONFIRMED,1,1,0,,38963.0,0,0
b3_intent_no_barrier-after_resolution_before_barrier-notifications-c5760ad9-r1,(session-3),B3_INTENT_NO_BARRIER,after_resolution_before_barrier,notifications,POSITIVE_ONLY_READBACK,CALLER_REFERENCE,f9767a04-7c7e-4032-8db3-2fed4b99b036,CONFIRMED_APPLIED,FIRED_CONFIRMED,1,1,0,,36242.0,0,0
b3_intent_no_barrier-after_resolution_before_barrier-notifications-c5760ad9-r1,(session-3),B3_INTENT_NO_BARRIER,after_resolution_before_barrier,notifications,POSITIVE_ONLY_READBACK,CALLER_REFERENCE,8ca85999-34f5-4d9c-818d-f7e662c820b7,CONFIRMED_APPLIED,FIRED_CONFIRMED,1,1,0,,33571.0,0,0
b3_intent_no_barrier-after_resolution_before_barrier-notifications-c5760ad9-r1,(session-3),B3_INTENT_NO_BARRIER,after_resolution_before_barrier,notifications,POSITIVE_ONLY_READBACK,CALLER_REFERENCE,fbefbadd-91c0-416d-bc3e-7d2c934be1d8,CONFIRMED_APPLIED,FIRED_CONFIRMED,1,1,0,,27919.0,0,0
b3_intent_no_barrier-after_resolution_before_barrier-notifications-c5760ad9-r1,(session-3),B3_INTENT_NO_BARRIER,after_resolution_before_barrier,notifications,POSITIVE_ONLY_READBACK,CALLER_REFERENCE,bc6d2b78-6698-43a8-ad4b-d5da0dc0a262,CONFIRMED_APPLIED,FIRED_CONFIRMED,1,1,0,,22186.0,0,0
b3_intent_no_barrier-after_resolution_before_barrier-notifications-c5760ad9-r2,(session-3),B3_INTENT_NO_BARRIER,after_resolution_before_barrier,notifications,POSITIVE_ONLY_READBACK,CALLER_REFERENCE,e7c764cf-e485-40ad-97aa-9ddae038ec9a,CONFIRMED_APPLIED,FIRED_CONFIRMED,1,1,0,,134621.0,0,0
b3_intent_no_barrier-after_resolution_before_barrier-notifications-c5760ad9-r2,(session-3),B3_INTENT_NO_BARRIER,after_resolution_before_barrier,notifications,POSITIVE_ONLY_READBACK,CALLER_REFERENCE,03e091da-615a-4093-822b-a9927ba4d66c,CONFIRMED_APPLIED,FIRED_CONFIRMED,1,1,0,,132044.0,0,0
b3_intent_no_barrier-after_resolution_before_barrier-notifications-c5760ad9-r2,(session-3),B3_INTENT_NO_BARRIER,after_resolution_before_barrier,notifications,POSITIVE_ONLY_READBACK,CALLER_REFERENCE,0b22cf52-8cf4-4dd3-9c05-85d1d05df9a3,CONFIRMED_APPLIED,FIRED_CONFIRMED,1,1,0,,129326.0,0,0
b3_intent_no_barrier-after_resolution_before_barrier-notifications-c5760ad9-r2,(session-3),B3_INTENT_NO_BARRIER,after_resolution_before_barrier,notifications,POSITIVE_ONLY_READBACK,CALLER_REFERENCE,0e3a3a1c-f03b-43e3-8dc4-c8fc3e5334b1,CONFIRMED_APPLIED,FIRED_CONFIRMED,1,1,0,,126679.0,0,0
b3_intent_no_barrier-after_resolution_before_barrier-notifications-c5760ad9-r2,(session-3),B3_INTENT_NO_BARRIER,after_resolution_before_barrier,notifications,POSITIVE_ONLY_READBACK,CALLER_REFERENCE,b942a79e-de12-4f25-981e-8378b24154d4,CONFIRMED_APPLIED,FIRED_CONFIRMED,1,1,0,,121086.0,0,0
b3_intent_no_barrier-after_resolution_before_barrier-notifications-c5760ad9-r2,(session-3),B3_INTENT_NO_BARRIER,after_resolution_before_barrier,notifications,POSITIVE_ONLY_READBACK,CALLER_REFERENCE,93d9cdd3-b43a-4510-86bb-b586cea7aa83,CONFIRMED_APPLIED,FIRED_CONFIRMED,1,1,0,,134647.0,0,0
b3_intent_no_barrier-after_resolution_before_barrier-notifications-c5760ad9-r2,(session-3),B3_INTENT_NO_BARRIER,after_resolution_before_barrier,notifications,POSITIVE_ONLY_READBACK,CALLER_REFERENCE,de6376f6-fb58-44dc-8fa7-5dc0f6ff973e,CONFIRMED_APPLIED,FIRED_CONFIRMED,1,1,0,,132032.0,0,0
b3_intent_no_barrier-after_resolution_before_barrier-notifications-c5760ad9-r2,(session-3),B3_INTENT_NO_BARRIER,after_resolution_before_barrier,notifications,POSITIVE_ONLY_READBACK,CALLER_REFERENCE,6a36b028-fdb3-4937-b4a9-aa0af167d29f,DECLARED_AMBIGUOUS,FIRED_UNCONFIRMED,0,1,0,,129329.0,0,0
b3_intent_no_barrier-after_resolution_before_barrier-notifications-c5760ad9-r2,(session-3),B3_INTENT_NO_BARRIER,after_resolution_before_barrier,notifications,POSITIVE_ONLY_READBACK,CALLER_REFERENCE,9663fc12-4a83-44b1-9245-141f98432e21,DECLARED_AMBIGUOUS,FIRED_UNCONFIRMED,0,1,0,,126718.0,0,0
b3_intent_no_barrier-after_resolution_before_barrier-notifications-c5760ad9-r2,(session-3),B3_INTENT_NO_BARRIER,after_resolution_before_barrier,notifications,POSITIVE_ONLY_READBACK,CALLER_REFERENCE,be75e240-4f66-4235-9a83-a830bfba58ed,CONFIRMED_APPLIED,FIRED_CONFIRMED,1,1,0,,124139.0,0,0
b3_intent_no_barrier-after_resolution_before_barrier-payments-492ba4b0-r0,(session-3),B3_INTENT_NO_BARRIER,after_resolution_before_barrier,payments,AUTHORITATIVE_READBACK,CALLER_REFERENCE,f31d8845-5333-4fba-80fe-cfac7b0de06e,CONFIRMED_APPLIED,FIRED_CONFIRMED,1,1,0,,35184.0,0,0
b3_intent_no_barrier-after_resolution_before_barrier-payments-492ba4b0-r0,(session-3),B3_INTENT_NO_BARRIER,after_resolution_before_barrier,payments,AUTHORITATIVE_READBACK,CALLER_REFERENCE,aa37fe1f-6b4f-4e46-b79e-a094265490d3,CONFIRMED_APPLIED,FIRED_CONFIRMED,1,1,0,,32760.0,0,0
b3_intent_no_barrier-after_resolution_before_barrier-payments-492ba4b0-r0,(session-3),B3_INTENT_NO_BARRIER,after_resolution_before_barrier,payments,AUTHORITATIVE_READBACK,CALLER_REFERENCE,89674ad0-0747-4d40-97d2-47d2834a059f,CONFIRMED_APPLIED,FIRED_CONFIRMED,1,1,0,,30197.0,0,0
b3_intent_no_barrier-after_resolution_before_barrier-payments-492ba4b0-r0,(session-3),B3_INTENT_NO_BARRIER,after_resolution_before_barrier,payments,AUTHORITATIVE_READBACK,CALLER_REFERENCE,ba5ac1bc-46c6-41dd-88e7-5aacffec1f96,CONFIRMED_APPLIED,FIRED_CONFIRMED,1,1,0,,27653.0,0,0
b3_intent_no_barrier-after_resolution_before_barrier-payments-492ba4b0-r0,(session-3),B3_INTENT_NO_BARRIER,after_resolution_before_barrier,payments,AUTHORITATIVE_READBACK,CALLER_REFERENCE,393c29a6-1986-499d-9c75-a9b30684d40e,CONFIRMED_APPLIED,FIRED_CONFIRMED,1,1,0,,25114.0,0,0
b3_intent_no_barrier-after_resolution_before_barrier-payments-492ba4b0-r0,(session-3),B3_INTENT_NO_BARRIER,after_resolution_before_barrier,payments,AUTHORITATIVE_READBACK,CALLER_REFERENCE,78a3f990-bdb0-416c-b521-74745909958b,CONFIRMED_APPLIED,FIRED_CONFIRMED,1,1,0,,35185.0,0,0
b3_intent_no_barrier-after_resolution_before_barrier-payments-492ba4b0-r0,(session-3),B3_INTENT_NO_BARRIER,after_resolution_before_barrier,payments,AUTHORITATIVE_READBACK,CALLER_REFERENCE,e7bb4632-7704-4d6d-a7f0-59d36fe9c0c9,CONFIRMED_APPLIED,FIRED_CONFIRMED,1,1,0,,32761.0,0,0
b3_intent_no_barrier-after_resolution_before_barrier-payments-492ba4b0-r0,(session-3),B3_INTENT_NO_BARRIER,after_resolution_before_barrier,payments,AUTHORITATIVE_READBACK,CALLER_REFERENCE,00b760ad-92e9-424a-8b57-c59a783f6253,CONFIRMED_APPLIED,FIRED_CONFIRMED,1,1,0,,30203.0,0,0
b3_intent_no_barrier-after_resolution_before_barrier-payments-492ba4b0-r0,(session-3),B3_INTENT_NO_BARRIER,after_resolution_before_barrier,payments,AUTHORITATIVE_READBACK,CALLER_REFERENCE,a6108cdc-57bf-4cce-8d9c-8fe80f3e5b5b,CONFIRMED_NOT_APPLIED,FAILED_CONFIRMED,0,1,0,,27629.0,0,0
b3_intent_no_barrier-after_resolution_before_barrier-payments-492ba4b0-r0,(session-3),B3_INTENT_NO_BARRIER,after_resolution_before_barrier,payments,AUTHORITATIVE_READBACK,CALLER_REFERENCE,6d1b2d7c-ee0d-4612-864c-cb106e055f56,CONFIRMED_APPLIED,FIRED_CONFIRMED,1,1,0,,22135.0,0,0
b3_intent_no_barrier-after_resolution_before_barrier-payments-492ba4b0-r1,(session-3),B3_INTENT_NO_BARRIER,after_resolution_before_barrier,payments,AUTHORITATIVE_READBACK,CALLER_REFERENCE,f7bc9cbd-d1af-46d9-a21b-c06cc4da3d97,CONFIRMED_APPLIED,FIRED_CONFIRMED,1,1,0,,26880.0,0,0
b3_intent_no_barrier-after_resolution_before_barrier-payments-492ba4b0-r1,(session-3),B3_INTENT_NO_BARRIER,after_resolution_before_barrier,payments,AUTHORITATIVE_READBACK,CALLER_REFERENCE,24db0c34-9f88-42f6-b040-1fa46de06e62,CONFIRMED_APPLIED,FIRED_CONFIRMED,1,1,0,,21465.0,0,0
b3_intent_no_barrier-after_resolution_before_barrier-payments-492ba4b0-r1,(session-3),B3_INTENT_NO_BARRIER,after_resolution_before_barrier,payments,AUTHORITATIVE_READBACK,CALLER_REFERENCE,ded42548-13c0-47ca-9c99-43bcf602530e,CONFIRMED_APPLIED,FIRED_CONFIRMED,1,1,0,,19005.0,0,0
b3_intent_no_barrier-after_resolution_before_barrier-payments-492ba4b0-r1,(session-3),B3_INTENT_NO_BARRIER,after_resolution_before_barrier,payments,AUTHORITATIVE_READBACK,CALLER_REFERENCE,769b2254-587b-473d-837d-ca8ec958f291,CONFIRMED_APPLIED,FIRED_CONFIRMED,1,1,0,,16494.0,0,0
b3_intent_no_barrier-after_resolution_before_barrier-payments-492ba4b0-r1,(session-3),B3_INTENT_NO_BARRIER,after_resolution_before_barrier,payments,AUTHORITATIVE_READBACK,CALLER_REFERENCE,e66f3753-4f41-43ca-bce4-2b0490ac84e2,CONFIRMED_APPLIED,FIRED_CONFIRMED,1,1,0,,14096.0,0,0
b3_intent_no_barrier-after_resolution_before_barrier-payments-492ba4b0-r1,(session-3),B3_INTENT_NO_BARRIER,after_resolution_before_barrier,payments,AUTHORITATIVE_READBACK,CALLER_REFERENCE,c0f93362-c7d8-4d85-a879-f4694236905f,CONFIRMED_APPLIED,FIRED_CONFIRMED,1,1,0,,26746.0,0,0
b3_intent_no_barrier-after_resolution_before_barrier-payments-492ba4b0-r1,(session-3),B3_INTENT_NO_BARRIER,after_resolution_before_barrier,payments,AUTHORITATIVE_READBACK,CALLER_REFERENCE,a5eadc93-a938-4e45-9181-52005b76c563,CONFIRMED_APPLIED,FIRED_CONFIRMED,1,1,0,,24303.0,0,0
b3_intent_no_barrier-after_resolution_before_barrier-payments-492ba4b0-r1,(session-3),B3_INTENT_NO_BARRIER,after_resolution_before_barrier,payments,AUTHORITATIVE_READBACK,CALLER_REFERENCE,f318c652-13ce-4db0-87ea-bdfba80e76f4,CONFIRMED_APPLIED,FIRED_CONFIRMED,1,1,0,,21906.0,0,0
b3_intent_no_barrier-after_resolution_before_barrier-payments-492ba4b0-r1,(session-3),B3_INTENT_NO_BARRIER,after_resolution_before_barrier,payments,AUTHORITATIVE_READBACK,CALLER_REFERENCE,678a0c35-950a-43be-a59a-3e0059c9b43f,CONFIRMED_APPLIED,FIRED_CONFIRMED,1,1,0,,19517.0,0,0
b3_intent_no_barrier-after_resolution_before_barrier-payments-492ba4b0-r1,(session-3),B3_INTENT_NO_BARRIER,after_resolution_before_barrier,payments,AUTHORITATIVE_READBACK,CALLER_REFERENCE,608ffe49-dbbc-4483-ae78-14d658fbd749,CONFIRMED_APPLIED,FIRED_CONFIRMED,1,1,0,,17067.0,0,0
b3_intent_no_barrier-after_resolution_before_barrier-payments-492ba4b0-r2,(session-3),B3_INTENT_NO_BARRIER,after_resolution_before_barrier,payments,AUTHORITATIVE_READBACK,CALLER_REFERENCE,8a5afc96-24e6-4990-aaf4-c5401eced8ca,CONFIRMED_APPLIED,FIRED_CONFIRMED,1,1,0,,25960.0,0,0
b3_intent_no_barrier-after_resolution_before_barrier-payments-492ba4b0-r2,(session-3),B3_INTENT_NO_BARRIER,after_resolution_before_barrier,payments,AUTHORITATIVE_READBACK,CALLER_REFERENCE,edf1b79c-68fb-4d4a-8a69-4d4318c60de1,CONFIRMED_APPLIED,FIRED_CONFIRMED,1,1,0,,23496.0,0,0
b3_intent_no_barrier-after_resolution_before_barrier-payments-492ba4b0-r2,(session-3),B3_INTENT_NO_BARRIER,after_resolution_before_barrier,payments,AUTHORITATIVE_READBACK,CALLER_REFERENCE,66a359cf-4c46-4ae4-ba31-1d9aa3f7d3a0,CONFIRMED_APPLIED,FIRED_CONFIRMED,1,1,0,,21101.0,0,0
b3_intent_no_barrier-after_resolution_before_barrier-payments-492ba4b0-r2,(session-3),B3_INTENT_NO_BARRIER,after_resolution_before_barrier,payments,AUTHORITATIVE_READBACK,CALLER_REFERENCE,8c902848-be1b-45af-aba0-c932ae5ee8c2,CONFIRMED_APPLIED,FIRED_CONFIRMED,1,1,0,,18630.0,0,0
b3_intent_no_barrier-after_resolution_before_barrier-payments-492ba4b0-r2,(session-3),B3_INTENT_NO_BARRIER,after_resolution_before_barrier,payments,AUTHORITATIVE_READBACK,CALLER_REFERENCE,a0186dfc-3b74-4044-86e3-628e47fe7358,CONFIRMED_APPLIED,FIRED_CONFIRMED,1,1,0,,16197.0,0,0
b3_intent_no_barrier-after_resolution_before_barrier-payments-492ba4b0-r2,(session-3),B3_INTENT_NO_BARRIER,after_resolution_before_barrier,payments,AUTHORITATIVE_READBACK,CALLER_REFERENCE,08f62aa6-ba4f-4ccc-bdee-3bf3f349f39a,CONFIRMED_APPLIED,FIRED_CONFIRMED,1,1,0,,28861.0,0,0
b3_intent_no_barrier-after_resolution_before_barrier-payments-492ba4b0-r2,(session-3),B3_INTENT_NO_BARRIER,after_resolution_before_barrier,payments,AUTHORITATIVE_READBACK,CALLER_REFERENCE,db208978-5408-4502-8711-291d43bdea6d,CONFIRMED_APPLIED,FIRED_CONFIRMED,1,1,0,,26427.0,0,0
b3_intent_no_barrier-after_resolution_before_barrier-payments-492ba4b0-r2,(session-3),B3_INTENT_NO_BARRIER,after_resolution_before_barrier,payments,AUTHORITATIVE_READBACK,CALLER_REFERENCE,4d4270ba-ce46-4680-a76c-e82c498e817f,CONFIRMED_APPLIED,FIRED_CONFIRMED,1,1,0,,21004.0,0,0
b3_intent_no_barrier-after_resolution_before_barrier-payments-492ba4b0-r2,(session-3),B3_INTENT_NO_BARRIER,after_resolution_before_barrier,payments,AUTHORITATIVE_READBACK,CALLER_REFERENCE,a7a65c9f-64ac-4b9d-8eb1-701c08fb28de,CONFIRMED_APPLIED,FIRED_CONFIRMED,1,1,0,,18501.0,0,0
b3_intent_no_barrier-after_resolution_before_barrier-payments-492ba4b0-r2,(session-3),B3_INTENT_NO_BARRIER,after_resolution_before_barrier,payments,AUTHORITATIVE_READBACK,CALLER_REFERENCE,e836ed7b-b87d-454f-a324-d9424b80af3e,CONFIRMED_APPLIED,FIRED_CONFIRMED,1,1,0,,16001.0,0,0
b3_intent_no_barrier-after_response_before_resolution-ledger_postings-cb7f68b8-r0,(session-3),B3_INTENT_NO_BARRIER,after_response_before_resolution,ledger_postings,NO_READBACK,CALLER_REFERENCE,913a8f3c-fb56-499b-9207-ef368a6bd2b0,DECLARED_AMBIGUOUS,PERMANENTLY_AMBIGUOUS,1,1,0,,39434.0,0,0
b3_intent_no_barrier-after_response_before_resolution-ledger_postings-cb7f68b8-r0,(session-3),B3_INTENT_NO_BARRIER,after_response_before_resolution,ledger_postings,NO_READBACK,CALLER_REFERENCE,3acc2a83-ac0b-47f3-b91f-2402fb005218,DECLARED_AMBIGUOUS,PERMANENTLY_AMBIGUOUS,1,1,0,,36823.0,0,0
b3_intent_no_barrier-after_response_before_resolution-ledger_postings-cb7f68b8-r0,(session-3),B3_INTENT_NO_BARRIER,after_response_before_resolution,ledger_postings,NO_READBACK,CALLER_REFERENCE,bade71cf-9017-494c-9de9-70d26f2ca831,DECLARED_AMBIGUOUS,PERMANENTLY_AMBIGUOUS,1,1,0,,34252.0,0,0
b3_intent_no_barrier-after_response_before_resolution-ledger_postings-cb7f68b8-r0,(session-3),B3_INTENT_NO_BARRIER,after_response_before_resolution,ledger_postings,NO_READBACK,CALLER_REFERENCE,e3a4cd80-1fc9-4d66-9e06-a384431f7c26,DECLARED_AMBIGUOUS,PERMANENTLY_AMBIGUOUS,1,1,0,,31611.0,0,0
b3_intent_no_barrier-after_response_before_resolution-ledger_postings-cb7f68b8-r0,(session-3),B3_INTENT_NO_BARRIER,after_response_before_resolution,ledger_postings,NO_READBACK,CALLER_REFERENCE,a20a501e-b737-4de0-94e1-b3875e816134,DECLARED_AMBIGUOUS,PERMANENTLY_AMBIGUOUS,1,1,0,,28939.0,0,0
b3_intent_no_barrier-after_response_before_resolution-ledger_postings-cb7f68b8-r0,(session-3),B3_INTENT_NO_BARRIER,after_response_before_resolution,ledger_postings,NO_READBACK,CALLER_REFERENCE,f20b6094-d037-4708-8395-4ba86e916b38,DECLARED_AMBIGUOUS,PERMANENTLY_AMBIGUOUS,1,1,0,,42424.0,0,0
b3_intent_no_barrier-after_response_before_resolution-ledger_postings-cb7f68b8-r0,(session-3),B3_INTENT_NO_BARRIER,after_response_before_resolution,ledger_postings,NO_READBACK,CALLER_REFERENCE,8fb527d1-5782-401f-aa4e-cf70f5f84f6f,DECLARED_AMBIGUOUS,PERMANENTLY_AMBIGUOUS,1,1,0,,39916.0,0,0
b3_intent_no_barrier-after_response_before_resolution-ledger_postings-cb7f68b8-r0,(session-3),B3_INTENT_NO_BARRIER,after_response_before_resolution,ledger_postings,NO_READBACK,CALLER_REFERENCE,93b38108-dd9e-431c-ba48-11915aa39606,DECLARED_AMBIGUOUS,PERMANENTLY_AMBIGUOUS,1,1,0,,34404.0,0,0
b3_intent_no_barrier-after_response_before_resolution-ledger_postings-cb7f68b8-r0,(session-3),B3_INTENT_NO_BARRIER,after_response_before_resolution,ledger_postings,NO_READBACK,CALLER_REFERENCE,5f7a42c6-0401-4589-adc3-77c3475f9e84,DECLARED_AMBIGUOUS,PERMANENTLY_AMBIGUOUS,1,1,0,,31807.0,0,0
b3_intent_no_barrier-after_response_before_resolution-ledger_postings-cb7f68b8-r0,(session-3),B3_INTENT_NO_BARRIER,after_response_before_resolution,ledger_postings,NO_READBACK,CALLER_REFERENCE,ca6efcaf-f961-4d6b-a67d-b041cc87275f,DECLARED_AMBIGUOUS,PERMANENTLY_AMBIGUOUS,1,1,0,,26202.0,0,0
b3_intent_no_barrier-after_response_before_resolution-ledger_postings-cb7f68b8-r1,(session-3),B3_INTENT_NO_BARRIER,after_response_before_resolution,ledger_postings,NO_READBACK,CALLER_REFERENCE,ffacc72a-a832-45f6-b267-fe5e3e276b91,DECLARED_AMBIGUOUS,PERMANENTLY_AMBIGUOUS,1,1,0,,41828.0,0,0
b3_intent_no_barrier-after_response_before_resolution-ledger_postings-cb7f68b8-r1,(session-3),B3_INTENT_NO_BARRIER,after_response_before_resolution,ledger_postings,NO_READBACK,CALLER_REFERENCE,e97e85ca-c2c8-46ab-bed7-7e2f777dbf85,DECLARED_AMBIGUOUS,PERMANENTLY_AMBIGUOUS,1,1,0,,39136.0,0,0
b3_intent_no_barrier-after_response_before_resolution-ledger_postings-cb7f68b8-r1,(session-3),B3_INTENT_NO_BARRIER,after_response_before_resolution,ledger_postings,NO_READBACK,CALLER_REFERENCE,21b48891-3cdc-4fe6-ae09-061ecc8c74f1,DECLARED_AMBIGUOUS,PERMANENTLY_AMBIGUOUS,1,1,0,,36505.0,0,0
b3_intent_no_barrier-after_response_before_resolution-ledger_postings-cb7f68b8-r1,(session-3),B3_INTENT_NO_BARRIER,after_response_before_resolution,ledger_postings,NO_READBACK,CALLER_REFERENCE,305234ea-d6c1-4378-b9bd-172523ac077f,DECLARED_AMBIGUOUS,PERMANENTLY_AMBIGUOUS,1,1,0,,33844.0,0,0
b3_intent_no_barrier-after_response_before_resolution-ledger_postings-cb7f68b8-r1,(session-3),B3_INTENT_NO_BARRIER,after_response_before_resolution,ledger_postings,NO_READBACK,CALLER_REFERENCE,2ec480e9-0d1a-4063-b698-949494c7c18b,DECLARED_AMBIGUOUS,PERMANENTLY_AMBIGUOUS,1,1,0,,31309.0,0,0
b3_intent_no_barrier-after_response_before_resolution-ledger_postings-cb7f68b8-r1,(session-3),B3_INTENT_NO_BARRIER,after_response_before_resolution,ledger_postings,NO_READBACK,CALLER_REFERENCE,738e627e-7a3e-46dd-b79d-7dbdcb398f2b,DECLARED_AMBIGUOUS,PERMANENTLY_AMBIGUOUS,1,1,0,,41816.0,0,0
b3_intent_no_barrier-after_response_before_resolution-ledger_postings-cb7f68b8-r1,(session-3),B3_INTENT_NO_BARRIER,after_response_before_resolution,ledger_postings,NO_READBACK,CALLER_REFERENCE,e4815c7b-b5de-4ffe-80a9-2bbac85d6025,DECLARED_AMBIGUOUS,PERMANENTLY_AMBIGUOUS,1,1,0,,39111.0,0,0
b3_intent_no_barrier-after_response_before_resolution-ledger_postings-cb7f68b8-r1,(session-3),B3_INTENT_NO_BARRIER,after_response_before_resolution,ledger_postings,NO_READBACK,CALLER_REFERENCE,cf3d37f0-f4cd-422d-939f-f3c8647ad9eb,DECLARED_AMBIGUOUS,PERMANENTLY_AMBIGUOUS,1,1,0,,36481.0,0,0
b3_intent_no_barrier-after_response_before_resolution-ledger_postings-cb7f68b8-r1,(session-3),B3_INTENT_NO_BARRIER,after_response_before_resolution,ledger_postings,NO_READBACK,CALLER_REFERENCE,b5f78f23-1628-4f2d-b149-0cc6ea3664b6,DECLARED_AMBIGUOUS,PERMANENTLY_AMBIGUOUS,1,1,0,,30822.0,0,0
b3_intent_no_barrier-after_response_before_resolution-ledger_postings-cb7f68b8-r1,(session-3),B3_INTENT_NO_BARRIER,after_response_before_resolution,ledger_postings,NO_READBACK,CALLER_REFERENCE,c7133965-431f-45f3-9410-dca3be85c83e,DECLARED_AMBIGUOUS,PERMANENTLY_AMBIGUOUS,1,1,0,,28293.0,0,0
b3_intent_no_barrier-after_response_before_resolution-ledger_postings-cb7f68b8-r2,(session-3),B3_INTENT_NO_BARRIER,after_response_before_resolution,ledger_postings,NO_READBACK,CALLER_REFERENCE,4e844279-649a-4484-b77d-793e1a48af43,DECLARED_AMBIGUOUS,PERMANENTLY_AMBIGUOUS,1,1,0,,39082.0,0,0
b3_intent_no_barrier-after_response_before_resolution-ledger_postings-cb7f68b8-r2,(session-3),B3_INTENT_NO_BARRIER,after_response_before_resolution,ledger_postings,NO_READBACK,CALLER_REFERENCE,f4a1eec7-59cf-439e-b07f-e3836e2c27bf,DECLARED_AMBIGUOUS,PERMANENTLY_AMBIGUOUS,1,1,0,,36423.0,0,0
b3_intent_no_barrier-after_response_before_resolution-ledger_postings-cb7f68b8-r2,(session-3),B3_INTENT_NO_BARRIER,after_response_before_resolution,ledger_postings,NO_READBACK,CALLER_REFERENCE,db656779-7d3d-4099-9ff7-9e68f3f6fa30,DECLARED_AMBIGUOUS,PERMANENTLY_AMBIGUOUS,1,1,0,,33726.0,0,0
b3_intent_no_barrier-after_response_before_resolution-ledger_postings-cb7f68b8-r2,(session-3),B3_INTENT_NO_BARRIER,after_response_before_resolution,ledger_postings,NO_READBACK,CALLER_REFERENCE,8260c2ce-ddbd-4446-b8ca-fb617bd074ea,DECLARED_AMBIGUOUS,PERMANENTLY_AMBIGUOUS,1,1,0,,31085.0,0,0
b3_intent_no_barrier-after_response_before_resolution-ledger_postings-cb7f68b8-r2,(session-3),B3_INTENT_NO_BARRIER,after_response_before_resolution,ledger_postings,NO_READBACK,CALLER_REFERENCE,19c74926-9cc0-4359-be11-2c16d8856c05,DECLARED_AMBIGUOUS,PERMANENTLY_AMBIGUOUS,1,1,0,,28299.0,0,0
b3_intent_no_barrier-after_response_before_resolution-ledger_postings-cb7f68b8-r2,(session-3),B3_INTENT_NO_BARRIER,after_response_before_resolution,ledger_postings,NO_READBACK,CALLER_REFERENCE,146f6f13-894b-469d-90dd-a1486f490f44,DECLARED_AMBIGUOUS,PERMANENTLY_AMBIGUOUS,1,1,0,,39087.0,0,0
b3_intent_no_barrier-after_response_before_resolution-ledger_postings-cb7f68b8-r2,(session-3),B3_INTENT_NO_BARRIER,after_response_before_resolution,ledger_postings,NO_READBACK,CALLER_REFERENCE,df22fc31-d97e-4af2-8f25-45600b9ffc2e,DECLARED_AMBIGUOUS,PERMANENTLY_AMBIGUOUS,1,1,0,,36427.0,0,0
b3_intent_no_barrier-after_response_before_resolution-ledger_postings-cb7f68b8-r2,(session-3),B3_INTENT_NO_BARRIER,after_response_before_resolution,ledger_postings,NO_READBACK,CALLER_REFERENCE,c586b463-4d27-44bc-9158-209c48d5d9d8,DECLARED_AMBIGUOUS,PERMANENTLY_AMBIGUOUS,1,1,0,,33731.0,0,0
b3_intent_no_barrier-after_response_before_resolution-ledger_postings-cb7f68b8-r2,(session-3),B3_INTENT_NO_BARRIER,after_response_before_resolution,ledger_postings,NO_READBACK,CALLER_REFERENCE,6fbffd4d-7c8a-456d-ad92-9647ee48c82f,DECLARED_AMBIGUOUS,PERMANENTLY_AMBIGUOUS,1,1,0,,31092.0,0,0
b3_intent_no_barrier-after_response_before_resolution-ledger_postings-cb7f68b8-r2,(session-3),B3_INTENT_NO_BARRIER,after_response_before_resolution,ledger_postings,NO_READBACK,CALLER_REFERENCE,437cadbe-06f2-46b9-8a13-23291686bc7a,DECLARED_AMBIGUOUS,PERMANENTLY_AMBIGUOUS,1,1,0,,28301.0,0,0
b3_intent_no_barrier-after_response_before_resolution-notifications-1e4bcfa9-r0,(session-3),B3_INTENT_NO_BARRIER,after_response_before_resolution,notifications,POSITIVE_ONLY_READBACK,CALLER_REFERENCE,1616c748-ffbd-470e-8463-1988221e8f10,CONFIRMED_APPLIED,FIRED_CONFIRMED,1,1,0,,42292.0,0,0
b3_intent_no_barrier-after_response_before_resolution-notifications-1e4bcfa9-r0,(session-3),B3_INTENT_NO_BARRIER,after_response_before_resolution,notifications,POSITIVE_ONLY_READBACK,CALLER_REFERENCE,ca6649a5-5fda-4ce2-8898-8b7cb5c4f592,CONFIRMED_APPLIED,FIRED_CONFIRMED,1,1,0,,36814.0,0,0
b3_intent_no_barrier-after_response_before_resolution-notifications-1e4bcfa9-r0,(session-3),B3_INTENT_NO_BARRIER,after_response_before_resolution,notifications,POSITIVE_ONLY_READBACK,CALLER_REFERENCE,e499f783-0593-4bfb-93f3-d12941a04d11,CONFIRMED_APPLIED,FIRED_CONFIRMED,1,1,0,,34288.0,0,0
b3_intent_no_barrier-after_response_before_resolution-notifications-1e4bcfa9-r0,(session-3),B3_INTENT_NO_BARRIER,after_response_before_resolution,notifications,POSITIVE_ONLY_READBACK,CALLER_REFERENCE,459a3283-8687-4249-800e-2d45ca997fa1,CONFIRMED_APPLIED,FIRED_CONFIRMED,1,1,0,,31707.0,0,0
b3_intent_no_barrier-after_response_before_resolution-notifications-1e4bcfa9-r0,(session-3),B3_INTENT_NO_BARRIER,after_response_before_resolution,notifications,POSITIVE_ONLY_READBACK,CALLER_REFERENCE,47a75185-a73e-4a68-a5b6-42e5fcd397b3,CONFIRMED_APPLIED,FIRED_CONFIRMED,1,1,0,,29173.0,0,0
b3_intent_no_barrier-after_response_before_resolution-notifications-1e4bcfa9-r0,(session-3),B3_INTENT_NO_BARRIER,after_response_before_resolution,notifications,POSITIVE_ONLY_READBACK,CALLER_REFERENCE,ca536a79-f797-458b-b371-fbff6f6d3c8c,CONFIRMED_APPLIED,FIRED_CONFIRMED,1,1,0,,39384.0,0,0
b3_intent_no_barrier-after_response_before_resolution-notifications-1e4bcfa9-r0,(session-3),B3_INTENT_NO_BARRIER,after_response_before_resolution,notifications,POSITIVE_ONLY_READBACK,CALLER_REFERENCE,bc0198e9-d11f-4a62-9ef4-02aad821e9a1,CONFIRMED_APPLIED,FIRED_CONFIRMED,1,1,0,,33895.0,0,0
b3_intent_no_barrier-after_response_before_resolution-notifications-1e4bcfa9-r0,(session-3),B3_INTENT_NO_BARRIER,after_response_before_resolution,notifications,POSITIVE_ONLY_READBACK,CALLER_REFERENCE,8121dc4a-49b2-497c-b8db-721222e2eff5,CONFIRMED_APPLIED,FIRED_CONFIRMED,1,1,0,,31312.0,0,0
b3_intent_no_barrier-after_response_before_resolution-notifications-1e4bcfa9-r0,(session-3),B3_INTENT_NO_BARRIER,after_response_before_resolution,notifications,POSITIVE_ONLY_READBACK,CALLER_REFERENCE,cd081c90-e574-4145-a243-980d1ac148d8,CONFIRMED_APPLIED,FIRED_CONFIRMED,1,1,0,,28772.0,0,0
b3_intent_no_barrier-after_response_before_resolution-notifications-1e4bcfa9-r0,(session-3),B3_INTENT_NO_BARRIER,after_response_before_resolution,notifications,POSITIVE_ONLY_READBACK,CALLER_REFERENCE,01d4b01e-3ba5-4ed0-aa2a-d7aedf8ccff9,CONFIRMED_APPLIED,FIRED_CONFIRMED,1,1,0,,26209.0,0,0
b3_intent_no_barrier-after_response_before_resolution-notifications-1e4bcfa9-r1,(session-3),B3_INTENT_NO_BARRIER,after_response_before_resolution,notifications,POSITIVE_ONLY_READBACK,CALLER_REFERENCE,2cd0d901-ed63-4dcb-b5ed-cd792de236d4,CONFIRMED_APPLIED,FIRED_CONFIRMED,1,1,0,,137635.0,0,0
b3_intent_no_barrier-after_response_before_resolution-notifications-1e4bcfa9-r1,(session-3),B3_INTENT_NO_BARRIER,after_response_before_resolution,notifications,POSITIVE_ONLY_READBACK,CALLER_REFERENCE,791a7a1b-4d87-413e-a4a5-c3f31e0ee30a,CONFIRMED_APPLIED,FIRED_CONFIRMED,1,1,0,,134942.0,0,0
b3_intent_no_barrier-after_response_before_resolution-notifications-1e4bcfa9-r1,(session-3),B3_INTENT_NO_BARRIER,after_response_before_resolution,notifications,POSITIVE_ONLY_READBACK,CALLER_REFERENCE,0ce1dcd8-5a9e-4667-8995-8179ba64b306,CONFIRMED_APPLIED,FIRED_CONFIRMED,1,1,0,,132316.0,0,0
b3_intent_no_barrier-after_response_before_resolution-notifications-1e4bcfa9-r1,(session-3),B3_INTENT_NO_BARRIER,after_response_before_resolution,notifications,POSITIVE_ONLY_READBACK,CALLER_REFERENCE,5e63720c-39b0-431a-b8ed-73f8ebf0722b,CONFIRMED_APPLIED,FIRED_CONFIRMED,1,1,0,,126613.0,0,0
b3_intent_no_barrier-after_response_before_resolution-notifications-1e4bcfa9-r1,(session-3),B3_INTENT_NO_BARRIER,after_response_before_resolution,notifications,POSITIVE_ONLY_READBACK,CALLER_REFERENCE,0b8c5275-2778-42b5-a13b-befbb6a9a111,CONFIRMED_APPLIED,FIRED_CONFIRMED,1,1,0,,121075.0,0,0
b3_intent_no_barrier-after_response_before_resolution-notifications-1e4bcfa9-r1,(session-3),B3_INTENT_NO_BARRIER,after_response_before_resolution,notifications,POSITIVE_ONLY_READBACK,CALLER_REFERENCE,516e5cc6-2cc8-4309-b203-6b2e4d57bde4,CONFIRMED_APPLIED,FIRED_CONFIRMED,1,1,0,,140679.0,0,0
b3_intent_no_barrier-after_response_before_resolution-notifications-1e4bcfa9-r1,(session-3),B3_INTENT_NO_BARRIER,after_response_before_resolution,notifications,POSITIVE_ONLY_READBACK,CALLER_REFERENCE,f2452cb9-c488-4882-9cb9-70e0b43d5437,DECLARED_AMBIGUOUS,FIRED_UNCONFIRMED,0,1,0,,138057.0,0,0
b3_intent_no_barrier-after_response_before_resolution-notifications-1e4bcfa9-r1,(session-3),B3_INTENT_NO_BARRIER,after_response_before_resolution,notifications,POSITIVE_ONLY_READBACK,CALLER_REFERENCE,02ef129b-2e5c-40c5-a3f0-4324150d5dce,CONFIRMED_APPLIED,FIRED_CONFIRMED,1,1,0,,135475.0,0,0
b3_intent_no_barrier-after_response_before_resolution-notifications-1e4bcfa9-r1,(session-3),B3_INTENT_NO_BARRIER,after_response_before_resolution,notifications,POSITIVE_ONLY_READBACK,CALLER_REFERENCE,ca9c2bd2-57a6-4303-adb1-e94acf5b5d6d,CONFIRMED_APPLIED,FIRED_CONFIRMED,1,1,0,,132937.0,0,0
b3_intent_no_barrier-after_response_before_resolution-notifications-1e4bcfa9-r1,(session-3),B3_INTENT_NO_BARRIER,after_response_before_resolution,notifications,POSITIVE_ONLY_READBACK,CALLER_REFERENCE,f7ff06cf-0118-4162-b9b6-8bc578ad78e2,CONFIRMED_APPLIED,FIRED_CONFIRMED,1,1,0,,127170.0,0,0
b3_intent_no_barrier-after_response_before_resolution-notifications-1e4bcfa9-r2,(session-3),B3_INTENT_NO_BARRIER,after_response_before_resolution,notifications,POSITIVE_ONLY_READBACK,CALLER_REFERENCE,59512782-20da-4aaf-89cb-5dead322a375,CONFIRMED_APPLIED,FIRED_CONFIRMED,1,1,0,,134402.0,0,0
b3_intent_no_barrier-after_response_before_resolution-notifications-1e4bcfa9-r2,(session-3),B3_INTENT_NO_BARRIER,after_response_before_resolution,notifications,POSITIVE_ONLY_READBACK,CALLER_REFERENCE,d98ea86e-4051-483f-8a9c-05744c93ec82,CONFIRMED_APPLIED,FIRED_CONFIRMED,1,1,0,,131730.0,0,0
b3_intent_no_barrier-after_response_before_resolution-notifications-1e4bcfa9-r2,(session-3),B3_INTENT_NO_BARRIER,after_response_before_resolution,notifications,POSITIVE_ONLY_READBACK,CALLER_REFERENCE,37ada7db-0790-4b51-aaad-e2ea36d1a6a7,CONFIRMED_APPLIED,FIRED_CONFIRMED,1,1,0,,129107.0,0,0
b3_intent_no_barrier-after_response_before_resolution-notifications-1e4bcfa9-r2,(session-3),B3_INTENT_NO_BARRIER,after_response_before_resolution,notifications,POSITIVE_ONLY_READBACK,CALLER_REFERENCE,735ed041-8ee4-4b65-a341-1f409ef4f721,CONFIRMED_APPLIED,FIRED_CONFIRMED,1,1,0,,126577.0,0,0
b3_intent_no_barrier-after_response_before_resolution-notifications-1e4bcfa9-r2,(session-3),B3_INTENT_NO_BARRIER,after_response_before_resolution,notifications,POSITIVE_ONLY_READBACK,CALLER_REFERENCE,2097adb3-00ae-444b-a114-d54745dade61,CONFIRMED_APPLIED,FIRED_CONFIRMED,1,1,0,,124000.0,0,0
b3_intent_no_barrier-after_response_before_resolution-notifications-1e4bcfa9-r2,(session-3),B3_INTENT_NO_BARRIER,after_response_before_resolution,notifications,POSITIVE_ONLY_READBACK,CALLER_REFERENCE,1dfb020c-3fe6-44d7-bff4-17c04574742b,DECLARED_AMBIGUOUS,FIRED_UNCONFIRMED,0,1,0,,134430.0,0,0
b3_intent_no_barrier-after_response_before_resolution-notifications-1e4bcfa9-r2,(session-3),B3_INTENT_NO_BARRIER,after_response_before_resolution,notifications,POSITIVE_ONLY_READBACK,CALLER_REFERENCE,93ff8427-03d0-46d3-91ee-7511c8248f54,CONFIRMED_APPLIED,FIRED_CONFIRMED,1,1,0,,131757.0,0,0
b3_intent_no_barrier-after_response_before_resolution-notifications-1e4bcfa9-r2,(session-3),B3_INTENT_NO_BARRIER,after_response_before_resolution,notifications,POSITIVE_ONLY_READBACK,CALLER_REFERENCE,097f3f6a-ae4e-4f71-abf7-aebc330bfc40,CONFIRMED_APPLIED,FIRED_CONFIRMED,1,1,0,,126138.0,0,0
b3_intent_no_barrier-after_response_before_resolution-notifications-1e4bcfa9-r2,(session-3),B3_INTENT_NO_BARRIER,after_response_before_resolution,notifications,POSITIVE_ONLY_READBACK,CALLER_REFERENCE,41e497e6-e310-4c26-80e3-c1900156eafe,CONFIRMED_APPLIED,FIRED_CONFIRMED,1,1,0,,123565.0,0,0
b3_intent_no_barrier-after_response_before_resolution-notifications-1e4bcfa9-r2,(session-3),B3_INTENT_NO_BARRIER,after_response_before_resolution,notifications,POSITIVE_ONLY_READBACK,CALLER_REFERENCE,e1751d8e-f335-4b11-88a3-1161fa42df9a,CONFIRMED_APPLIED,FIRED_CONFIRMED,1,1,0,,120995.0,0,0
b3_intent_no_barrier-after_response_before_resolution-payments-21a75840-r0,(session-3),B3_INTENT_NO_BARRIER,after_response_before_resolution,payments,AUTHORITATIVE_READBACK,CALLER_REFERENCE,be1b399e-da0f-4c97-8831-45c15b79cccf,CONFIRMED_APPLIED,FIRED_CONFIRMED,1,1,0,,36909.0,0,0
b3_intent_no_barrier-after_response_before_resolution-payments-21a75840-r0,(session-3),B3_INTENT_NO_BARRIER,after_response_before_resolution,payments,AUTHORITATIVE_READBACK,CALLER_REFERENCE,81c11663-3188-4892-9841-1087156eb1c4,CONFIRMED_APPLIED,FIRED_CONFIRMED,1,1,0,,34378.0,0,0
b3_intent_no_barrier-after_response_before_resolution-payments-21a75840-r0,(session-3),B3_INTENT_NO_BARRIER,after_response_before_resolution,payments,AUTHORITATIVE_READBACK,CALLER_REFERENCE,25c0d551-33e8-48b5-a478-e632208cdb57,CONFIRMED_APPLIED,FIRED_CONFIRMED,1,1,0,,31922.0,0,0
b3_intent_no_barrier-after_response_before_resolution-payments-21a75840-r0,(session-3),B3_INTENT_NO_BARRIER,after_response_before_resolution,payments,AUTHORITATIVE_READBACK,CALLER_REFERENCE,304b75bc-eaa2-4e6e-afa6-5103bf495c29,CONFIRMED_APPLIED,FIRED_CONFIRMED,1,1,0,,29502.0,0,0
b3_intent_no_barrier-after_response_before_resolution-payments-21a75840-r0,(session-3),B3_INTENT_NO_BARRIER,after_response_before_resolution,payments,AUTHORITATIVE_READBACK,CALLER_REFERENCE,eb8dce5e-ff84-4346-965b-3ec9d0bda78a,CONFIRMED_APPLIED,FIRED_CONFIRMED,1,1,0,,24072.0,0,0
b3_intent_no_barrier-after_response_before_resolution-payments-21a75840-r0,(session-3),B3_INTENT_NO_BARRIER,after_response_before_resolution,payments,AUTHORITATIVE_READBACK,CALLER_REFERENCE,6dd9c143-2a40-4654-8d87-ac1445e4a2d6,CONFIRMED_APPLIED,FIRED_CONFIRMED,1,1,0,,36864.0,0,0
b3_intent_no_barrier-after_response_before_resolution-payments-21a75840-r0,(session-3),B3_INTENT_NO_BARRIER,after_response_before_resolution,payments,AUTHORITATIVE_READBACK,CALLER_REFERENCE,01d565ac-1ff5-4d17-a092-bf315b795cb1,CONFIRMED_APPLIED,FIRED_CONFIRMED,1,1,0,,31365.0,0,0
b3_intent_no_barrier-after_response_before_resolution-payments-21a75840-r0,(session-3),B3_INTENT_NO_BARRIER,after_response_before_resolution,payments,AUTHORITATIVE_READBACK,CALLER_REFERENCE,a49d57ee-eb85-4bdf-9fa7-a5380b9f2d54,CONFIRMED_APPLIED,FIRED_CONFIRMED,1,1,0,,28981.0,0,0
b3_intent_no_barrier-after_response_before_resolution-payments-21a75840-r0,(session-3),B3_INTENT_NO_BARRIER,after_response_before_resolution,payments,AUTHORITATIVE_READBACK,CALLER_REFERENCE,aac250bc-107b-461a-8feb-e2998b882693,CONFIRMED_APPLIED,FIRED_CONFIRMED,1,1,0,,26552.0,0,0
b3_intent_no_barrier-after_response_before_resolution-payments-21a75840-r0,(session-3),B3_INTENT_NO_BARRIER,after_response_before_resolution,payments,AUTHORITATIVE_READBACK,CALLER_REFERENCE,30b06e32-5c2a-40d7-9ad0-e9fd773773e5,CONFIRMED_APPLIED,FIRED_CONFIRMED,1,1,0,,24198.0,0,0
b3_intent_no_barrier-after_response_before_resolution-payments-21a75840-r1,(session-3),B3_INTENT_NO_BARRIER,after_response_before_resolution,payments,AUTHORITATIVE_READBACK,CALLER_REFERENCE,ef0487d4-5245-4f4f-b694-bd20dfeb2892,CONFIRMED_APPLIED,FIRED_CONFIRMED,1,1,0,,38705.0,0,0
b3_intent_no_barrier-after_response_before_resolution-payments-21a75840-r1,(session-3),B3_INTENT_NO_BARRIER,after_response_before_resolution,payments,AUTHORITATIVE_READBACK,CALLER_REFERENCE,f3370c66-ed9a-4c05-ba66-1726c21c9cef,CONFIRMED_APPLIED,FIRED_CONFIRMED,1,1,0,,33274.0,0,0
b3_intent_no_barrier-after_response_before_resolution-payments-21a75840-r1,(session-3),B3_INTENT_NO_BARRIER,after_response_before_resolution,payments,AUTHORITATIVE_READBACK,CALLER_REFERENCE,62f15bfd-a482-4a77-8215-d3f205b20f84,CONFIRMED_APPLIED,FIRED_CONFIRMED,1,1,0,,30846.0,0,0
b3_intent_no_barrier-after_response_before_resolution-payments-21a75840-r1,(session-3),B3_INTENT_NO_BARRIER,after_response_before_resolution,payments,AUTHORITATIVE_READBACK,CALLER_REFERENCE,2039d576-aae0-443d-9a6f-2d60c29b1b48,CONFIRMED_APPLIED,FIRED_CONFIRMED,1,1,0,,28449.0,0,0
b3_intent_no_barrier-after_response_before_resolution-payments-21a75840-r1,(session-3),B3_INTENT_NO_BARRIER,after_response_before_resolution,payments,AUTHORITATIVE_READBACK,CALLER_REFERENCE,02a75d1f-5b25-4762-83c5-ada4277d56cf,CONFIRMED_APPLIED,FIRED_CONFIRMED,1,1,0,,26069.0,0,0
b3_intent_no_barrier-after_response_before_resolution-payments-21a75840-r1,(session-3),B3_INTENT_NO_BARRIER,after_response_before_resolution,payments,AUTHORITATIVE_READBACK,CALLER_REFERENCE,89393fd9-d563-4aab-9283-8ef1be11c6bb,CONFIRMED_APPLIED,FIRED_CONFIRMED,1,1,0,,38709.0,0,0
b3_intent_no_barrier-after_response_before_resolution-payments-21a75840-r1,(session-3),B3_INTENT_NO_BARRIER,after_response_before_resolution,payments,AUTHORITATIVE_READBACK,CALLER_REFERENCE,867b22eb-4ba3-4c06-8e52-89ff30dee1d0,CONFIRMED_APPLIED,FIRED_CONFIRMED,1,1,0,,36216.0,0,0
b3_intent_no_barrier-after_response_before_resolution-payments-21a75840-r1,(session-3),B3_INTENT_NO_BARRIER,after_response_before_resolution,payments,AUTHORITATIVE_READBACK,CALLER_REFERENCE,de1d17ad-be09-4266-85d0-e5640a6c5ad2,CONFIRMED_NOT_APPLIED,FAILED_CONFIRMED,0,1,0,,33903.0,0,0
b3_intent_no_barrier-after_response_before_resolution-payments-21a75840-r1,(session-3),B3_INTENT_NO_BARRIER,after_response_before_resolution,payments,AUTHORITATIVE_READBACK,CALLER_REFERENCE,f380ed89-107a-456f-b8ad-0b42a2d06d13,CONFIRMED_APPLIED,FIRED_CONFIRMED,1,1,0,,31466.0,0,0
b3_intent_no_barrier-after_response_before_resolution-payments-21a75840-r1,(session-3),B3_INTENT_NO_BARRIER,after_response_before_resolution,payments,AUTHORITATIVE_READBACK,CALLER_REFERENCE,c6a2b13f-2259-4d4c-aa90-d96a330cf37b,CONFIRMED_APPLIED,FIRED_CONFIRMED,1,1,0,,29017.0,0,0
b3_intent_no_barrier-after_response_before_resolution-payments-21a75840-r2,(session-3),B3_INTENT_NO_BARRIER,after_response_before_resolution,payments,AUTHORITATIVE_READBACK,CALLER_REFERENCE,8d24ed6b-3e2f-473b-8d5e-e80a5750db6c,CONFIRMED_APPLIED,FIRED_CONFIRMED,1,1,0,,36939.0,0,0
b3_intent_no_barrier-after_response_before_resolution-payments-21a75840-r2,(session-3),B3_INTENT_NO_BARRIER,after_response_before_resolution,payments,AUTHORITATIVE_READBACK,CALLER_REFERENCE,0507d708-e4c0-4235-b5b9-8f42e2ad8f4d,CONFIRMED_APPLIED,FIRED_CONFIRMED,1,1,0,,34465.0,0,0
b3_intent_no_barrier-after_response_before_resolution-payments-21a75840-r2,(session-3),B3_INTENT_NO_BARRIER,after_response_before_resolution,payments,AUTHORITATIVE_READBACK,CALLER_REFERENCE,86c11c49-21dd-4942-92df-b87de3b3ef58,CONFIRMED_NOT_APPLIED,FAILED_CONFIRMED,0,1,0,,31934.0,0,0
b3_intent_no_barrier-after_response_before_resolution-payments-21a75840-r2,(session-3),B3_INTENT_NO_BARRIER,after_response_before_resolution,payments,AUTHORITATIVE_READBACK,CALLER_REFERENCE,147dbeb8-23fc-4b31-98fd-eaf4c2a20771,CONFIRMED_APPLIED,FIRED_CONFIRMED,1,1,0,,29464.0,0,0
b3_intent_no_barrier-after_response_before_resolution-payments-21a75840-r2,(session-3),B3_INTENT_NO_BARRIER,after_response_before_resolution,payments,AUTHORITATIVE_READBACK,CALLER_REFERENCE,744b279c-0b65-4075-ad53-550f7e634367,CONFIRMED_APPLIED,FIRED_CONFIRMED,1,1,0,,24020.0,0,0
b3_intent_no_barrier-after_response_before_resolution-payments-21a75840-r2,(session-3),B3_INTENT_NO_BARRIER,after_response_before_resolution,payments,AUTHORITATIVE_READBACK,CALLER_REFERENCE,b132ac5d-6650-44ac-81c5-83d4c8c9ac34,CONFIRMED_APPLIED,FIRED_CONFIRMED,1,1,0,,36915.0,0,0
b3_intent_no_barrier-after_response_before_resolution-payments-21a75840-r2,(session-3),B3_INTENT_NO_BARRIER,after_response_before_resolution,payments,AUTHORITATIVE_READBACK,CALLER_REFERENCE,76b17838-6878-4176-b4a6-4518fc8faab7,CONFIRMED_APPLIED,FIRED_CONFIRMED,1,1,0,,34403.0,0,0
b3_intent_no_barrier-after_response_before_resolution-payments-21a75840-r2,(session-3),B3_INTENT_NO_BARRIER,after_response_before_resolution,payments,AUTHORITATIVE_READBACK,CALLER_REFERENCE,1804b86a-a6c5-47fb-8da2-b3c03efb544f,CONFIRMED_APPLIED,FIRED_CONFIRMED,1,1,0,,31954.0,0,0
b3_intent_no_barrier-after_response_before_resolution-payments-21a75840-r2,(session-3),B3_INTENT_NO_BARRIER,after_response_before_resolution,payments,AUTHORITATIVE_READBACK,CALLER_REFERENCE,c46e25cd-914c-4294-a760-48327813d00f,CONFIRMED_APPLIED,FIRED_CONFIRMED,1,1,0,,29494.0,0,0
b3_intent_no_barrier-after_response_before_resolution-payments-21a75840-r2,(session-3),B3_INTENT_NO_BARRIER,after_response_before_resolution,payments,AUTHORITATIVE_READBACK,CALLER_REFERENCE,00677580-b04e-4190-9a1a-d26ce63b2e1c,CONFIRMED_APPLIED,FIRED_CONFIRMED,1,1,0,,27035.0,0,0
b3_intent_no_barrier-before_intent_write-ledger_postings-9a40f08b-r0,(session-3),B3_INTENT_NO_BARRIER,before_intent_write,ledger_postings,NO_READBACK,CALLER_REFERENCE,ab92f4c0-7433-4931-83b0-f6fa06ffd856,NO_RECORD,NO_INTENT,0,1,0,,3078.0,0,0
b3_intent_no_barrier-before_intent_write-ledger_postings-9a40f08b-r0,(session-3),B3_INTENT_NO_BARRIER,before_intent_write,ledger_postings,NO_READBACK,CALLER_REFERENCE,24ea08bf-e060-4527-80b6-59e9d99dd289,NO_RECORD,NO_INTENT,0,1,0,,2312.0,0,0
b3_intent_no_barrier-before_intent_write-ledger_postings-9a40f08b-r0,(session-3),B3_INTENT_NO_BARRIER,before_intent_write,ledger_postings,NO_READBACK,CALLER_REFERENCE,ea7a5861-58fb-444a-bdfe-f08da2fd52d2,NO_RECORD,NO_INTENT,0,1,0,,1580.0,0,0
b3_intent_no_barrier-before_intent_write-ledger_postings-9a40f08b-r0,(session-3),B3_INTENT_NO_BARRIER,before_intent_write,ledger_postings,NO_READBACK,CALLER_REFERENCE,e13268b9-f1ec-44cd-94e3-ceb5b08ee305,NO_RECORD,NO_INTENT,0,1,0,,807.0,0,0
b3_intent_no_barrier-before_intent_write-ledger_postings-9a40f08b-r0,(session-3),B3_INTENT_NO_BARRIER,before_intent_write,ledger_postings,NO_READBACK,CALLER_REFERENCE,6dd8d47d-42c4-4fb3-aff2-9eace493ee97,NO_RECORD,NO_INTENT,0,1,0,,14.0,0,0
b3_intent_no_barrier-before_intent_write-ledger_postings-9a40f08b-r0,(session-3),B3_INTENT_NO_BARRIER,before_intent_write,ledger_postings,NO_READBACK,CALLER_REFERENCE,b5b276a4-8f72-45e9-abe0-2a539ffad026,NO_RECORD,NO_INTENT,0,1,0,,3049.0,0,0
b3_intent_no_barrier-before_intent_write-ledger_postings-9a40f08b-r0,(session-3),B3_INTENT_NO_BARRIER,before_intent_write,ledger_postings,NO_READBACK,CALLER_REFERENCE,895daf4d-f8f1-4974-acf0-4f520b83032f,NO_RECORD,NO_INTENT,0,1,0,,2266.0,0,0
b3_intent_no_barrier-before_intent_write-ledger_postings-9a40f08b-r0,(session-3),B3_INTENT_NO_BARRIER,before_intent_write,ledger_postings,NO_READBACK,CALLER_REFERENCE,e03f18ae-3773-44d0-8d40-cdcb818a69a0,NO_RECORD,NO_INTENT,0,1,0,,1551.0,0,0
b3_intent_no_barrier-before_intent_write-ledger_postings-9a40f08b-r0,(session-3),B3_INTENT_NO_BARRIER,before_intent_write,ledger_postings,NO_READBACK,CALLER_REFERENCE,d77640bd-53c4-4ec6-b1f2-df822ab44d84,NO_RECORD,NO_INTENT,0,1,0,,808.0,0,0
b3_intent_no_barrier-before_intent_write-ledger_postings-9a40f08b-r0,(session-3),B3_INTENT_NO_BARRIER,before_intent_write,ledger_postings,NO_READBACK,CALLER_REFERENCE,2393d844-8ab2-4763-9ea8-c591c1440438,NO_RECORD,NO_INTENT,0,1,0,,24.0,0,0
b3_intent_no_barrier-before_intent_write-ledger_postings-9a40f08b-r1,(session-3),B3_INTENT_NO_BARRIER,before_intent_write,ledger_postings,NO_READBACK,CALLER_REFERENCE,a0adea88-57e2-48a3-8c25-3d31be9d1623,NO_RECORD,NO_INTENT,0,1,0,,2735.0,0,0
b3_intent_no_barrier-before_intent_write-ledger_postings-9a40f08b-r1,(session-3),B3_INTENT_NO_BARRIER,before_intent_write,ledger_postings,NO_READBACK,CALLER_REFERENCE,1188cd6d-337d-4232-9e39-2ff177c0c2d0,NO_RECORD,NO_INTENT,0,1,0,,1979.0,0,0
b3_intent_no_barrier-before_intent_write-ledger_postings-9a40f08b-r1,(session-3),B3_INTENT_NO_BARRIER,before_intent_write,ledger_postings,NO_READBACK,CALLER_REFERENCE,22a3bbcd-4a3f-4765-83ea-976541c7a80f,NO_RECORD,NO_INTENT,0,1,0,,1404.0,0,0
b3_intent_no_barrier-before_intent_write-ledger_postings-9a40f08b-r1,(session-3),B3_INTENT_NO_BARRIER,before_intent_write,ledger_postings,NO_READBACK,CALLER_REFERENCE,a32fadb0-540c-45e9-99ea-b52f099899e7,NO_RECORD,NO_INTENT,0,1,0,,732.0,0,0
b3_intent_no_barrier-before_intent_write-ledger_postings-9a40f08b-r1,(session-3),B3_INTENT_NO_BARRIER,before_intent_write,ledger_postings,NO_READBACK,CALLER_REFERENCE,b0776852-65fc-42af-9b3f-aed1333ac507,NO_RECORD,NO_INTENT,0,1,0,,63.0,0,0
b3_intent_no_barrier-before_intent_write-ledger_postings-9a40f08b-r1,(session-3),B3_INTENT_NO_BARRIER,before_intent_write,ledger_postings,NO_READBACK,CALLER_REFERENCE,9ffdac13-643c-46ac-81bf-f8197d22db98,NO_RECORD,NO_INTENT,0,1,0,,2736.0,0,0
b3_intent_no_barrier-before_intent_write-ledger_postings-9a40f08b-r1,(session-3),B3_INTENT_NO_BARRIER,before_intent_write,ledger_postings,NO_READBACK,CALLER_REFERENCE,94881fa1-bef9-4f42-a2bc-010d2405cba7,NO_RECORD,NO_INTENT,0,1,0,,1969.0,0,0
b3_intent_no_barrier-before_intent_write-ledger_postings-9a40f08b-r1,(session-3),B3_INTENT_NO_BARRIER,before_intent_write,ledger_postings,NO_READBACK,CALLER_REFERENCE,a6906273-838d-4ce1-a9c4-7ae38d788a3b,NO_RECORD,NO_INTENT,0,1,0,,1352.0,0,0
b3_intent_no_barrier-before_intent_write-ledger_postings-9a40f08b-r1,(session-3),B3_INTENT_NO_BARRIER,before_intent_write,ledger_postings,NO_READBACK,CALLER_REFERENCE,c521c6c2-c8e8-4057-aa4d-2d849414ec80,NO_RECORD,NO_INTENT,0,1,0,,729.0,0,0
b3_intent_no_barrier-before_intent_write-ledger_postings-9a40f08b-r1,(session-3),B3_INTENT_NO_BARRIER,before_intent_write,ledger_postings,NO_READBACK,CALLER_REFERENCE,ebe51774-d40d-4228-8271-06235843aeb6,NO_RECORD,NO_INTENT,0,1,0,,10.0,0,0
b3_intent_no_barrier-before_intent_write-ledger_postings-9a40f08b-r2,(session-3),B3_INTENT_NO_BARRIER,before_intent_write,ledger_postings,NO_READBACK,CALLER_REFERENCE,3bff4878-6106-4784-a5e5-2a6d4ba418d9,NO_RECORD,NO_INTENT,0,1,0,,2785.0,0,0
b3_intent_no_barrier-before_intent_write-ledger_postings-9a40f08b-r2,(session-3),B3_INTENT_NO_BARRIER,before_intent_write,ledger_postings,NO_READBACK,CALLER_REFERENCE,b16fe4e0-6bc1-41fb-8a6e-726bbf83c93a,NO_RECORD,NO_INTENT,0,1,0,,2142.0,0,0
b3_intent_no_barrier-before_intent_write-ledger_postings-9a40f08b-r2,(session-3),B3_INTENT_NO_BARRIER,before_intent_write,ledger_postings,NO_READBACK,CALLER_REFERENCE,4f79ad20-1313-4776-90ab-8754148d6579,NO_RECORD,NO_INTENT,0,1,0,,1408.0,0,0
b3_intent_no_barrier-before_intent_write-ledger_postings-9a40f08b-r2,(session-3),B3_INTENT_NO_BARRIER,before_intent_write,ledger_postings,NO_READBACK,CALLER_REFERENCE,508ea415-987a-4cd4-9d3b-2f9755bb9381,NO_RECORD,NO_INTENT,0,1,0,,659.0,0,0
b3_intent_no_barrier-before_intent_write-ledger_postings-9a40f08b-r2,(session-3),B3_INTENT_NO_BARRIER,before_intent_write,ledger_postings,NO_READBACK,CALLER_REFERENCE,ce7d4789-089c-4e17-87c8-b072b0959a77,NO_RECORD,NO_INTENT,0,1,0,,21.0,0,0
b3_intent_no_barrier-before_intent_write-ledger_postings-9a40f08b-r2,(session-3),B3_INTENT_NO_BARRIER,before_intent_write,ledger_postings,NO_READBACK,CALLER_REFERENCE,114496f2-ee10-442b-86a1-88a92a79bbe7,NO_RECORD,NO_INTENT,0,1,0,,2802.0,0,0
b3_intent_no_barrier-before_intent_write-ledger_postings-9a40f08b-r2,(session-3),B3_INTENT_NO_BARRIER,before_intent_write,ledger_postings,NO_READBACK,CALLER_REFERENCE,296865f2-36e2-4c06-bd43-6a1eee5e7c5d,NO_RECORD,NO_INTENT,0,1,0,,2121.0,0,0
b3_intent_no_barrier-before_intent_write-ledger_postings-9a40f08b-r2,(session-3),B3_INTENT_NO_BARRIER,before_intent_write,ledger_postings,NO_READBACK,CALLER_REFERENCE,95479859-c24d-4707-a953-83358267f445,NO_RECORD,NO_INTENT,0,1,0,,1378.0,0,0
b3_intent_no_barrier-before_intent_write-ledger_postings-9a40f08b-r2,(session-3),B3_INTENT_NO_BARRIER,before_intent_write,ledger_postings,NO_READBACK,CALLER_REFERENCE,ff7fe760-a6fe-4fe7-9a2c-990d8bb5fd14,NO_RECORD,NO_INTENT,0,1,0,,664.0,0,0
b3_intent_no_barrier-before_intent_write-ledger_postings-9a40f08b-r2,(session-3),B3_INTENT_NO_BARRIER,before_intent_write,ledger_postings,NO_READBACK,CALLER_REFERENCE,375bb26a-d3b7-462f-b27f-864a4d6a9b09,NO_RECORD,NO_INTENT,0,1,0,,9.0,0,0
b3_intent_no_barrier-before_intent_write-notifications-ed6f2d89-r0,(session-3),B3_INTENT_NO_BARRIER,before_intent_write,notifications,POSITIVE_ONLY_READBACK,CALLER_REFERENCE,f7032d1c-609c-4ae6-ad4d-6144e8bfabfb,NO_RECORD,NO_INTENT,0,1,0,,2638.0,0,0
b3_intent_no_barrier-before_intent_write-notifications-ed6f2d89-r0,(session-3),B3_INTENT_NO_BARRIER,before_intent_write,notifications,POSITIVE_ONLY_READBACK,CALLER_REFERENCE,e9cb15aa-9101-41ba-8a86-bd76b435cd1f,NO_RECORD,NO_INTENT,0,1,0,,1927.0,0,0
b3_intent_no_barrier-before_intent_write-notifications-ed6f2d89-r0,(session-3),B3_INTENT_NO_BARRIER,before_intent_write,notifications,POSITIVE_ONLY_READBACK,CALLER_REFERENCE,adb061ef-b25d-46bb-af52-3887b855b03a,NO_RECORD,NO_INTENT,0,1,0,,1262.0,0,0
b3_intent_no_barrier-before_intent_write-notifications-ed6f2d89-r0,(session-3),B3_INTENT_NO_BARRIER,before_intent_write,notifications,POSITIVE_ONLY_READBACK,CALLER_REFERENCE,61159ff6-d5aa-466e-9d1c-9f5cf2037974,NO_RECORD,NO_INTENT,0,1,0,,657.0,0,0
b3_intent_no_barrier-before_intent_write-notifications-ed6f2d89-r0,(session-3),B3_INTENT_NO_BARRIER,before_intent_write,notifications,POSITIVE_ONLY_READBACK,CALLER_REFERENCE,1bf40bb6-a2ce-4e11-aa8a-44ddf876d6d6,NO_RECORD,NO_INTENT,0,1,0,,18.0,0,0
b3_intent_no_barrier-before_intent_write-notifications-ed6f2d89-r0,(session-3),B3_INTENT_NO_BARRIER,before_intent_write,notifications,POSITIVE_ONLY_READBACK,CALLER_REFERENCE,e560145c-f0a1-431e-9871-1251639d3743,NO_RECORD,NO_INTENT,0,1,0,,2638.0,0,0
b3_intent_no_barrier-before_intent_write-notifications-ed6f2d89-r0,(session-3),B3_INTENT_NO_BARRIER,before_intent_write,notifications,POSITIVE_ONLY_READBACK,CALLER_REFERENCE,3aefd2d7-419c-4684-857e-47a00e49cb6a,NO_RECORD,NO_INTENT,0,1,0,,1937.0,0,0
b3_intent_no_barrier-before_intent_write-notifications-ed6f2d89-r0,(session-3),B3_INTENT_NO_BARRIER,before_intent_write,notifications,POSITIVE_ONLY_READBACK,CALLER_REFERENCE,aca48be5-b745-4875-88ee-405cd85103ff,NO_RECORD,NO_INTENT,0,1,0,,1289.0,0,0
b3_intent_no_barrier-before_intent_write-notifications-ed6f2d89-r0,(session-3),B3_INTENT_NO_BARRIER,before_intent_write,notifications,POSITIVE_ONLY_READBACK,CALLER_REFERENCE,493b0761-6c48-4b31-ba5f-0b9f6249487d,NO_RECORD,NO_INTENT,0,1,0,,669.0,0,0
b3_intent_no_barrier-before_intent_write-notifications-ed6f2d89-r0,(session-3),B3_INTENT_NO_BARRIER,before_intent_write,notifications,POSITIVE_ONLY_READBACK,CALLER_REFERENCE,da2a73ab-29b3-4c0f-933c-19865f5f3c5e,NO_RECORD,NO_INTENT,0,1,0,,8.0,0,0
b3_intent_no_barrier-before_intent_write-notifications-ed6f2d89-r1,(session-3),B3_INTENT_NO_BARRIER,before_intent_write,notifications,POSITIVE_ONLY_READBACK,CALLER_REFERENCE,69f1c598-8a06-48f2-a1f4-542954405bc3,NO_RECORD,NO_INTENT,0,1,0,,2782.0,0,0
b3_intent_no_barrier-before_intent_write-notifications-ed6f2d89-r1,(session-3),B3_INTENT_NO_BARRIER,before_intent_write,notifications,POSITIVE_ONLY_READBACK,CALLER_REFERENCE,649e36f4-cdce-4c4c-9a4a-6c951e58b280,NO_RECORD,NO_INTENT,0,1,0,,1983.0,0,0
b3_intent_no_barrier-before_intent_write-notifications-ed6f2d89-r1,(session-3),B3_INTENT_NO_BARRIER,before_intent_write,notifications,POSITIVE_ONLY_READBACK,CALLER_REFERENCE,54e7a927-cc90-480c-9252-6d8cec5b1458,NO_RECORD,NO_INTENT,0,1,0,,1277.0,0,0
b3_intent_no_barrier-before_intent_write-notifications-ed6f2d89-r1,(session-3),B3_INTENT_NO_BARRIER,before_intent_write,notifications,POSITIVE_ONLY_READBACK,CALLER_REFERENCE,35e1ef5b-ddcb-4fb1-b861-7feabeda120a,NO_RECORD,NO_INTENT,0,1,0,,703.0,0,0
b3_intent_no_barrier-before_intent_write-notifications-ed6f2d89-r1,(session-3),B3_INTENT_NO_BARRIER,before_intent_write,notifications,POSITIVE_ONLY_READBACK,CALLER_REFERENCE,1611b51d-df00-4fd7-91d2-ee6f224583ee,NO_RECORD,NO_INTENT,0,1,0,,7.0,0,0
b3_intent_no_barrier-before_intent_write-notifications-ed6f2d89-r1,(session-3),B3_INTENT_NO_BARRIER,before_intent_write,notifications,POSITIVE_ONLY_READBACK,CALLER_REFERENCE,218321c3-1a00-45a3-8955-8fd7e92c39bc,NO_RECORD,NO_INTENT,0,1,0,,2761.0,0,0
b3_intent_no_barrier-before_intent_write-notifications-ed6f2d89-r1,(session-3),B3_INTENT_NO_BARRIER,before_intent_write,notifications,POSITIVE_ONLY_READBACK,CALLER_REFERENCE,ac12a5ff-5312-4df0-9982-a6cd20a7b067,NO_RECORD,NO_INTENT,0,1,0,,1975.0,0,0
b3_intent_no_barrier-before_intent_write-notifications-ed6f2d89-r1,(session-3),B3_INTENT_NO_BARRIER,before_intent_write,notifications,POSITIVE_ONLY_READBACK,CALLER_REFERENCE,7afc6721-66c1-4696-bbbd-84b0443d8ce9,NO_RECORD,NO_INTENT,0,1,0,,1293.0,0,0
b3_intent_no_barrier-before_intent_write-notifications-ed6f2d89-r1,(session-3),B3_INTENT_NO_BARRIER,before_intent_write,notifications,POSITIVE_ONLY_READBACK,CALLER_REFERENCE,7d033058-a06b-4874-ba9a-021e152b90c4,NO_RECORD,NO_INTENT,0,1,0,,746.0,0,0
b3_intent_no_barrier-before_intent_write-notifications-ed6f2d89-r1,(session-3),B3_INTENT_NO_BARRIER,before_intent_write,notifications,POSITIVE_ONLY_READBACK,CALLER_REFERENCE,a48f20e1-f4d0-4fbe-be98-645581db6a71,NO_RECORD,NO_INTENT,0,1,0,,35.0,0,0
b3_intent_no_barrier-before_intent_write-notifications-ed6f2d89-r2,(session-3),B3_INTENT_NO_BARRIER,before_intent_write,notifications,POSITIVE_ONLY_READBACK,CALLER_REFERENCE,43e5e29e-0c80-4315-a071-6cdf066b2ca4,NO_RECORD,NO_INTENT,0,1,0,,2626.0,0,0
b3_intent_no_barrier-before_intent_write-notifications-ed6f2d89-r2,(session-3),B3_INTENT_NO_BARRIER,before_intent_write,notifications,POSITIVE_ONLY_READBACK,CALLER_REFERENCE,9692d6c0-0337-48a6-a97d-fdf04cdc9838,NO_RECORD,NO_INTENT,0,1,0,,1922.0,0,0
b3_intent_no_barrier-before_intent_write-notifications-ed6f2d89-r2,(session-3),B3_INTENT_NO_BARRIER,before_intent_write,notifications,POSITIVE_ONLY_READBACK,CALLER_REFERENCE,24b6e33a-c85f-4e17-8e84-63dd7f073df5,NO_RECORD,NO_INTENT,0,1,0,,1318.0,0,0
b3_intent_no_barrier-before_intent_write-notifications-ed6f2d89-r2,(session-3),B3_INTENT_NO_BARRIER,before_intent_write,notifications,POSITIVE_ONLY_READBACK,CALLER_REFERENCE,a916b59e-5cee-4735-bfcc-c5047e0c8690,NO_RECORD,NO_INTENT,0,1,0,,665.0,0,0
b3_intent_no_barrier-before_intent_write-notifications-ed6f2d89-r2,(session-3),B3_INTENT_NO_BARRIER,before_intent_write,notifications,POSITIVE_ONLY_READBACK,CALLER_REFERENCE,f91e9e42-908e-4934-86e7-ecce545daa97,NO_RECORD,NO_INTENT,0,1,0,,16.0,0,0
b3_intent_no_barrier-before_intent_write-notifications-ed6f2d89-r2,(session-3),B3_INTENT_NO_BARRIER,before_intent_write,notifications,POSITIVE_ONLY_READBACK,CALLER_REFERENCE,3c5ccd94-0f32-4c38-82be-361ff7726206,NO_RECORD,NO_INTENT,0,1,0,,2552.0,0,0
b3_intent_no_barrier-before_intent_write-notifications-ed6f2d89-r2,(session-3),B3_INTENT_NO_BARRIER,before_intent_write,notifications,POSITIVE_ONLY_READBACK,CALLER_REFERENCE,a20b0e26-1aa8-4610-ab6b-934552f0f97f,NO_RECORD,NO_INTENT,0,1,0,,1914.0,0,0
b3_intent_no_barrier-before_intent_write-notifications-ed6f2d89-r2,(session-3),B3_INTENT_NO_BARRIER,before_intent_write,notifications,POSITIVE_ONLY_READBACK,CALLER_REFERENCE,35a71702-6881-425c-9a65-744213ce9089,NO_RECORD,NO_INTENT,0,1,0,,1292.0,0,0
b3_intent_no_barrier-before_intent_write-notifications-ed6f2d89-r2,(session-3),B3_INTENT_NO_BARRIER,before_intent_write,notifications,POSITIVE_ONLY_READBACK,CALLER_REFERENCE,1076ffd2-fdea-4425-9bf5-649407490e15,NO_RECORD,NO_INTENT,0,1,0,,680.0,0,0
b3_intent_no_barrier-before_intent_write-notifications-ed6f2d89-r2,(session-3),B3_INTENT_NO_BARRIER,before_intent_write,notifications,POSITIVE_ONLY_READBACK,CALLER_REFERENCE,15cbae8d-ffdb-49f1-9dc4-c160d84ce2e2,NO_RECORD,NO_INTENT,0,1,0,,44.0,0,0
b3_intent_no_barrier-before_intent_write-payments-49da3383-r0,(session-3),B3_INTENT_NO_BARRIER,before_intent_write,payments,AUTHORITATIVE_READBACK,CALLER_REFERENCE,1c836081-4776-4d34-8213-76ae67d3b8e2,NO_RECORD,NO_INTENT,0,1,0,,1887.0,0,0
b3_intent_no_barrier-before_intent_write-payments-49da3383-r0,(session-3),B3_INTENT_NO_BARRIER,before_intent_write,payments,AUTHORITATIVE_READBACK,CALLER_REFERENCE,c948b14b-9e20-4257-8028-6cf7aea91a7a,NO_RECORD,NO_INTENT,0,1,0,,1432.0,0,0
b3_intent_no_barrier-before_intent_write-payments-49da3383-r0,(session-3),B3_INTENT_NO_BARRIER,before_intent_write,payments,AUTHORITATIVE_READBACK,CALLER_REFERENCE,ef047ab2-6e42-4bbe-81f8-43a22e5d62ef,NO_RECORD,NO_INTENT,0,1,0,,990.0,0,0
b3_intent_no_barrier-before_intent_write-payments-49da3383-r0,(session-3),B3_INTENT_NO_BARRIER,before_intent_write,payments,AUTHORITATIVE_READBACK,CALLER_REFERENCE,bfa1cbaf-5f67-46cc-9fca-5b61d1f01a7c,NO_RECORD,NO_INTENT,0,1,0,,532.0,0,0
b3_intent_no_barrier-before_intent_write-payments-49da3383-r0,(session-3),B3_INTENT_NO_BARRIER,before_intent_write,payments,AUTHORITATIVE_READBACK,CALLER_REFERENCE,47e428dd-b2bb-4faf-904c-56a09436aa7b,NO_RECORD,NO_INTENT,0,1,0,,92.0,0,0
b3_intent_no_barrier-before_intent_write-payments-49da3383-r0,(session-3),B3_INTENT_NO_BARRIER,before_intent_write,payments,AUTHORITATIVE_READBACK,CALLER_REFERENCE,60e919c8-64ac-4b68-b593-bd36776c7fc6,NO_RECORD,NO_INTENT,0,1,0,,1909.0,0,0
b3_intent_no_barrier-before_intent_write-payments-49da3383-r0,(session-3),B3_INTENT_NO_BARRIER,before_intent_write,payments,AUTHORITATIVE_READBACK,CALLER_REFERENCE,c8fdfae6-41d8-46d5-b168-ceaf6afbc8d3,NO_RECORD,NO_INTENT,0,1,0,,1350.0,0,0
b3_intent_no_barrier-before_intent_write-payments-49da3383-r0,(session-3),B3_INTENT_NO_BARRIER,before_intent_write,payments,AUTHORITATIVE_READBACK,CALLER_REFERENCE,3e081227-f62d-44c3-a3a7-edb9bb3cfde0,NO_RECORD,NO_INTENT,0,1,0,,850.0,0,0
b3_intent_no_barrier-before_intent_write-payments-49da3383-r0,(session-3),B3_INTENT_NO_BARRIER,before_intent_write,payments,AUTHORITATIVE_READBACK,CALLER_REFERENCE,7391f1fb-65aa-4f2c-a788-36c4153d0878,NO_RECORD,NO_INTENT,0,1,0,,419.0,0,0
b3_intent_no_barrier-before_intent_write-payments-49da3383-r0,(session-3),B3_INTENT_NO_BARRIER,before_intent_write,payments,AUTHORITATIVE_READBACK,CALLER_REFERENCE,e65cb51c-8386-4c5e-beee-0a4ef4dd7c17,NO_RECORD,NO_INTENT,0,1,0,,5.0,0,0
b3_intent_no_barrier-before_intent_write-payments-49da3383-r1,(session-3),B3_INTENT_NO_BARRIER,before_intent_write,payments,AUTHORITATIVE_READBACK,CALLER_REFERENCE,96fa99ac-fee5-43c8-9e47-71424ed27855,NO_RECORD,NO_INTENT,0,1,0,,2027.0,0,0
b3_intent_no_barrier-before_intent_write-payments-49da3383-r1,(session-3),B3_INTENT_NO_BARRIER,before_intent_write,payments,AUTHORITATIVE_READBACK,CALLER_REFERENCE,ef38c56e-1004-47ff-a7c9-f53d94424148,NO_RECORD,NO_INTENT,0,1,0,,1590.0,0,0
b3_intent_no_barrier-before_intent_write-payments-49da3383-r1,(session-3),B3_INTENT_NO_BARRIER,before_intent_write,payments,AUTHORITATIVE_READBACK,CALLER_REFERENCE,512fefd5-17e3-4824-8c3b-63d71b4e5b51,NO_RECORD,NO_INTENT,0,1,0,,1116.0,0,0
b3_intent_no_barrier-before_intent_write-payments-49da3383-r1,(session-3),B3_INTENT_NO_BARRIER,before_intent_write,payments,AUTHORITATIVE_READBACK,CALLER_REFERENCE,d70e4f63-e6ec-4664-8819-2257daa51ebf,NO_RECORD,NO_INTENT,0,1,0,,609.0,0,0
b3_intent_no_barrier-before_intent_write-payments-49da3383-r1,(session-3),B3_INTENT_NO_BARRIER,before_intent_write,payments,AUTHORITATIVE_READBACK,CALLER_REFERENCE,1eb7f9e1-67a9-4547-8242-31416d5a5843,NO_RECORD,NO_INTENT,0,1,0,,156.0,0,0
b3_intent_no_barrier-before_intent_write-payments-49da3383-r1,(session-3),B3_INTENT_NO_BARRIER,before_intent_write,payments,AUTHORITATIVE_READBACK,CALLER_REFERENCE,babfdc44-2749-4fa4-a0c5-49d30e8d5ec6,NO_RECORD,NO_INTENT,0,1,0,,2018.0,0,0
b3_intent_no_barrier-before_intent_write-payments-49da3383-r1,(session-3),B3_INTENT_NO_BARRIER,before_intent_write,payments,AUTHORITATIVE_READBACK,CALLER_REFERENCE,1c775ae1-730e-4a4c-a487-2eb4dcbfce6d,NO_RECORD,NO_INTENT,0,1,0,,1488.0,0,0
b3_intent_no_barrier-before_intent_write-payments-49da3383-r1,(session-3),B3_INTENT_NO_BARRIER,before_intent_write,payments,AUTHORITATIVE_READBACK,CALLER_REFERENCE,af521ed9-d1fb-4384-8fb7-4f365d897eb8,NO_RECORD,NO_INTENT,0,1,0,,963.0,0,0
b3_intent_no_barrier-before_intent_write-payments-49da3383-r1,(session-3),B3_INTENT_NO_BARRIER,before_intent_write,payments,AUTHORITATIVE_READBACK,CALLER_REFERENCE,a845e91d-b45a-4292-9a6d-641935709136,NO_RECORD,NO_INTENT,0,1,0,,458.0,0,0
b3_intent_no_barrier-before_intent_write-payments-49da3383-r1,(session-3),B3_INTENT_NO_BARRIER,before_intent_write,payments,AUTHORITATIVE_READBACK,CALLER_REFERENCE,b6c63305-05ce-41dc-afb1-b815609f6c3d,NO_RECORD,NO_INTENT,0,1,0,,9.0,0,0
b3_intent_no_barrier-before_intent_write-payments-49da3383-r2,(session-3),B3_INTENT_NO_BARRIER,before_intent_write,payments,AUTHORITATIVE_READBACK,CALLER_REFERENCE,289068fe-d370-4ea3-860b-5cef8e4e081b,NO_RECORD,NO_INTENT,0,1,0,,1544.0,0,0
b3_intent_no_barrier-before_intent_write-payments-49da3383-r2,(session-3),B3_INTENT_NO_BARRIER,before_intent_write,payments,AUTHORITATIVE_READBACK,CALLER_REFERENCE,79075bb5-b87e-467f-85c4-4be7187bb80b,NO_RECORD,NO_INTENT,0,1,0,,1134.0,0,0
b3_intent_no_barrier-before_intent_write-payments-49da3383-r2,(session-3),B3_INTENT_NO_BARRIER,before_intent_write,payments,AUTHORITATIVE_READBACK,CALLER_REFERENCE,1b973a59-ec4d-4d0f-b205-f1a547646fa1,NO_RECORD,NO_INTENT,0,1,0,,834.0,0,0
b3_intent_no_barrier-before_intent_write-payments-49da3383-r2,(session-3),B3_INTENT_NO_BARRIER,before_intent_write,payments,AUTHORITATIVE_READBACK,CALLER_REFERENCE,b230155b-36e6-4fbb-94d6-77e34629058a,NO_RECORD,NO_INTENT,0,1,0,,410.0,0,0
b3_intent_no_barrier-before_intent_write-payments-49da3383-r2,(session-3),B3_INTENT_NO_BARRIER,before_intent_write,payments,AUTHORITATIVE_READBACK,CALLER_REFERENCE,9156212b-69fa-4c0b-9f7a-1817d23bfbcc,NO_RECORD,NO_INTENT,0,1,0,,7.0,0,0
b3_intent_no_barrier-before_intent_write-payments-49da3383-r2,(session-3),B3_INTENT_NO_BARRIER,before_intent_write,payments,AUTHORITATIVE_READBACK,CALLER_REFERENCE,39c5117f-8cb5-40d1-859f-48b28a030fab,NO_RECORD,NO_INTENT,0,1,0,,1542.0,0,0
b3_intent_no_barrier-before_intent_write-payments-49da3383-r2,(session-3),B3_INTENT_NO_BARRIER,before_intent_write,payments,AUTHORITATIVE_READBACK,CALLER_REFERENCE,7ee13da8-da1f-400e-b75d-f838cb3e7232,NO_RECORD,NO_INTENT,0,1,0,,1130.0,0,0
b3_intent_no_barrier-before_intent_write-payments-49da3383-r2,(session-3),B3_INTENT_NO_BARRIER,before_intent_write,payments,AUTHORITATIVE_READBACK,CALLER_REFERENCE,f1756d63-a655-4499-8488-daff52d59162,NO_RECORD,NO_INTENT,0,1,0,,837.0,0,0
b3_intent_no_barrier-before_intent_write-payments-49da3383-r2,(session-3),B3_INTENT_NO_BARRIER,before_intent_write,payments,AUTHORITATIVE_READBACK,CALLER_REFERENCE,431942f5-ddd3-4713-a326-a3baf9df3e2c,NO_RECORD,NO_INTENT,0,1,0,,419.0,0,0
b3_intent_no_barrier-before_intent_write-payments-49da3383-r2,(session-3),B3_INTENT_NO_BARRIER,before_intent_write,payments,AUTHORITATIVE_READBACK,CALLER_REFERENCE,926606aa-da80-4c5e-914c-24a17415c03b,NO_RECORD,NO_INTENT,0,1,0,,5.0,0,0
b3_intent_no_barrier-mid_dispatch-ledger_postings-2c5b2532-r0,(session-3),B3_INTENT_NO_BARRIER,mid_dispatch,ledger_postings,NO_READBACK,CALLER_REFERENCE,403441d9-0780-469f-890e-c7bba2fb50ee,DECLARED_AMBIGUOUS,PERMANENTLY_AMBIGUOUS,1,1,0,,32236.0,0,0
b3_intent_no_barrier-mid_dispatch-ledger_postings-2c5b2532-r0,(session-3),B3_INTENT_NO_BARRIER,mid_dispatch,ledger_postings,NO_READBACK,CALLER_REFERENCE,9205c4ea-578b-47f0-a573-9483194779c6,DECLARED_AMBIGUOUS,PERMANENTLY_AMBIGUOUS,1,1,0,,31171.0,0,0
b3_intent_no_barrier-mid_dispatch-ledger_postings-2c5b2532-r0,(session-3),B3_INTENT_NO_BARRIER,mid_dispatch,ledger_postings,NO_READBACK,CALLER_REFERENCE,9273d69f-08bc-4160-97eb-d676a5fa48e4,DECLARED_AMBIGUOUS,PERMANENTLY_AMBIGUOUS,1,1,0,,30193.0,0,0
b3_intent_no_barrier-mid_dispatch-ledger_postings-2c5b2532-r0,(session-3),B3_INTENT_NO_BARRIER,mid_dispatch,ledger_postings,NO_READBACK,CALLER_REFERENCE,f7a40299-c5ad-4fed-a488-d55d692cc4c7,DECLARED_AMBIGUOUS,PERMANENTLY_AMBIGUOUS,1,1,0,,29262.0,0,0
b3_intent_no_barrier-mid_dispatch-ledger_postings-2c5b2532-r0,(session-3),B3_INTENT_NO_BARRIER,mid_dispatch,ledger_postings,NO_READBACK,CALLER_REFERENCE,26a24ee7-9eb0-460e-b6e7-25f5de5cac90,DECLARED_AMBIGUOUS,PERMANENTLY_AMBIGUOUS,1,1,0,,28338.0,0,0
b3_intent_no_barrier-mid_dispatch-ledger_postings-2c5b2532-r0,(session-3),B3_INTENT_NO_BARRIER,mid_dispatch,ledger_postings,NO_READBACK,CALLER_REFERENCE,c3ae57cb-23fb-4237-bff0-047a071749bd,DECLARED_AMBIGUOUS,PERMANENTLY_AMBIGUOUS,1,1,0,,32224.0,0,0
b3_intent_no_barrier-mid_dispatch-ledger_postings-2c5b2532-r0,(session-3),B3_INTENT_NO_BARRIER,mid_dispatch,ledger_postings,NO_READBACK,CALLER_REFERENCE,b5caaaaa-a62b-4b70-be26-babb29f4a392,DECLARED_AMBIGUOUS,PERMANENTLY_AMBIGUOUS,1,1,0,,31152.0,0,0
b3_intent_no_barrier-mid_dispatch-ledger_postings-2c5b2532-r0,(session-3),B3_INTENT_NO_BARRIER,mid_dispatch,ledger_postings,NO_READBACK,CALLER_REFERENCE,c6d06380-50ed-40fa-91bf-d6f5bc9329b3,DECLARED_AMBIGUOUS,PERMANENTLY_AMBIGUOUS,1,1,0,,30135.0,0,0
b3_intent_no_barrier-mid_dispatch-ledger_postings-2c5b2532-r0,(session-3),B3_INTENT_NO_BARRIER,mid_dispatch,ledger_postings,NO_READBACK,CALLER_REFERENCE,8b53eb33-e843-45f0-8e7f-2d0102f32013,DECLARED_AMBIGUOUS,PERMANENTLY_AMBIGUOUS,1,1,0,,29190.0,0,0
b3_intent_no_barrier-mid_dispatch-ledger_postings-2c5b2532-r0,(session-3),B3_INTENT_NO_BARRIER,mid_dispatch,ledger_postings,NO_READBACK,CALLER_REFERENCE,5dbf3cc4-6133-4d54-b8ea-06ab06051dcf,DECLARED_AMBIGUOUS,PERMANENTLY_AMBIGUOUS,1,1,0,,28221.0,0,0
b3_intent_no_barrier-mid_dispatch-ledger_postings-2c5b2532-r1,(session-3),B3_INTENT_NO_BARRIER,mid_dispatch,ledger_postings,NO_READBACK,CALLER_REFERENCE,e87b1691-ff7a-4e96-9eed-1c451954d172,DECLARED_AMBIGUOUS,PERMANENTLY_AMBIGUOUS,1,1,0,,32429.0,0,0
b3_intent_no_barrier-mid_dispatch-ledger_postings-2c5b2532-r1,(session-3),B3_INTENT_NO_BARRIER,mid_dispatch,ledger_postings,NO_READBACK,CALLER_REFERENCE,9cf3bb91-ad01-44cd-a797-78310f3610ce,DECLARED_AMBIGUOUS,PERMANENTLY_AMBIGUOUS,1,1,0,,31484.0,0,0
b3_intent_no_barrier-mid_dispatch-ledger_postings-2c5b2532-r1,(session-3),B3_INTENT_NO_BARRIER,mid_dispatch,ledger_postings,NO_READBACK,CALLER_REFERENCE,59039a68-189a-4474-989b-7d36783b01a6,DECLARED_AMBIGUOUS,PERMANENTLY_AMBIGUOUS,1,1,0,,30468.0,0,0
b3_intent_no_barrier-mid_dispatch-ledger_postings-2c5b2532-r1,(session-3),B3_INTENT_NO_BARRIER,mid_dispatch,ledger_postings,NO_READBACK,CALLER_REFERENCE,67a93dc4-2e20-4002-9588-9e9cad5712e9,DECLARED_AMBIGUOUS,PERMANENTLY_AMBIGUOUS,1,1,0,,29402.0,0,0
b3_intent_no_barrier-mid_dispatch-ledger_postings-2c5b2532-r1,(session-3),B3_INTENT_NO_BARRIER,mid_dispatch,ledger_postings,NO_READBACK,CALLER_REFERENCE,f285f27a-871e-4bb0-b6de-b4afd04aa35e,DECLARED_AMBIGUOUS,PERMANENTLY_AMBIGUOUS,1,1,0,,28371.0,0,0
b3_intent_no_barrier-mid_dispatch-ledger_postings-2c5b2532-r1,(session-3),B3_INTENT_NO_BARRIER,mid_dispatch,ledger_postings,NO_READBACK,CALLER_REFERENCE,1af9f988-0f03-45db-bc14-ff7085dcbad9,DECLARED_AMBIGUOUS,PERMANENTLY_AMBIGUOUS,1,1,0,,32397.0,0,0
b3_intent_no_barrier-mid_dispatch-ledger_postings-2c5b2532-r1,(session-3),B3_INTENT_NO_BARRIER,mid_dispatch,ledger_postings,NO_READBACK,CALLER_REFERENCE,2948ccbe-3ea5-461d-9d24-ae97bba61b92,DECLARED_AMBIGUOUS,PERMANENTLY_AMBIGUOUS,1,1,0,,31431.0,0,0
b3_intent_no_barrier-mid_dispatch-ledger_postings-2c5b2532-r1,(session-3),B3_INTENT_NO_BARRIER,mid_dispatch,ledger_postings,NO_READBACK,CALLER_REFERENCE,cc2f3791-2faa-4d99-a17b-fe2a0308dcb1,DECLARED_AMBIGUOUS,PERMANENTLY_AMBIGUOUS,1,1,0,,30404.0,0,0
b3_intent_no_barrier-mid_dispatch-ledger_postings-2c5b2532-r1,(session-3),B3_INTENT_NO_BARRIER,mid_dispatch,ledger_postings,NO_READBACK,CALLER_REFERENCE,fca3b580-4422-4634-9a21-6df202caf84b,DECLARED_AMBIGUOUS,PERMANENTLY_AMBIGUOUS,1,1,0,,29334.0,0,0
b3_intent_no_barrier-mid_dispatch-ledger_postings-2c5b2532-r1,(session-3),B3_INTENT_NO_BARRIER,mid_dispatch,ledger_postings,NO_READBACK,CALLER_REFERENCE,aee87dda-e7f9-4441-b068-74989a76091d,DECLARED_AMBIGUOUS,PERMANENTLY_AMBIGUOUS,1,1,0,,28289.0,0,0
b3_intent_no_barrier-mid_dispatch-ledger_postings-2c5b2532-r2,(session-3),B3_INTENT_NO_BARRIER,mid_dispatch,ledger_postings,NO_READBACK,CALLER_REFERENCE,80777699-adba-4f1f-b14a-da338993b228,DECLARED_AMBIGUOUS,PERMANENTLY_AMBIGUOUS,1,1,0,,32288.0,0,0
b3_intent_no_barrier-mid_dispatch-ledger_postings-2c5b2532-r2,(session-3),B3_INTENT_NO_BARRIER,mid_dispatch,ledger_postings,NO_READBACK,CALLER_REFERENCE,d3affeac-4c70-477b-8f9a-93247a29443d,DECLARED_AMBIGUOUS,PERMANENTLY_AMBIGUOUS,1,1,0,,31288.0,0,0
b3_intent_no_barrier-mid_dispatch-ledger_postings-2c5b2532-r2,(session-3),B3_INTENT_NO_BARRIER,mid_dispatch,ledger_postings,NO_READBACK,CALLER_REFERENCE,875da0d3-5844-4416-826e-0f1749f9a0c3,DECLARED_AMBIGUOUS,PERMANENTLY_AMBIGUOUS,1,1,0,,30239.0,0,0
b3_intent_no_barrier-mid_dispatch-ledger_postings-2c5b2532-r2,(session-3),B3_INTENT_NO_BARRIER,mid_dispatch,ledger_postings,NO_READBACK,CALLER_REFERENCE,86a51fbd-5c9c-43a7-a3bc-5c01ece1f0fa,DECLARED_AMBIGUOUS,PERMANENTLY_AMBIGUOUS,1,1,0,,29238.0,0,0
b3_intent_no_barrier-mid_dispatch-ledger_postings-2c5b2532-r2,(session-3),B3_INTENT_NO_BARRIER,mid_dispatch,ledger_postings,NO_READBACK,CALLER_REFERENCE,0f3d02b3-ed16-42ad-a5de-fd323661dfad,DECLARED_AMBIGUOUS,PERMANENTLY_AMBIGUOUS,1,1,0,,28225.0,0,0
b3_intent_no_barrier-mid_dispatch-ledger_postings-2c5b2532-r2,(session-3),B3_INTENT_NO_BARRIER,mid_dispatch,ledger_postings,NO_READBACK,CALLER_REFERENCE,5d801d4a-474a-443e-be53-b97ae0ccbc74,DECLARED_AMBIGUOUS,PERMANENTLY_AMBIGUOUS,1,1,0,,32278.0,0,0
b3_intent_no_barrier-mid_dispatch-ledger_postings-2c5b2532-r2,(session-3),B3_INTENT_NO_BARRIER,mid_dispatch,ledger_postings,NO_READBACK,CALLER_REFERENCE,67066e32-68f1-40b0-9efe-5f29e1a656cd,DECLARED_AMBIGUOUS,PERMANENTLY_AMBIGUOUS,1,1,0,,31281.0,0,0
b3_intent_no_barrier-mid_dispatch-ledger_postings-2c5b2532-r2,(session-3),B3_INTENT_NO_BARRIER,mid_dispatch,ledger_postings,NO_READBACK,CALLER_REFERENCE,5f6a8b40-7b7e-4f51-8e7d-b9849be7b76a,DECLARED_AMBIGUOUS,PERMANENTLY_AMBIGUOUS,1,1,0,,30260.0,0,0
b3_intent_no_barrier-mid_dispatch-ledger_postings-2c5b2532-r2,(session-3),B3_INTENT_NO_BARRIER,mid_dispatch,ledger_postings,NO_READBACK,CALLER_REFERENCE,034dd77b-1789-4db6-ab0b-6adbfdbf2eac,DECLARED_AMBIGUOUS,PERMANENTLY_AMBIGUOUS,1,1,0,,29238.0,0,0
b3_intent_no_barrier-mid_dispatch-ledger_postings-2c5b2532-r2,(session-3),B3_INTENT_NO_BARRIER,mid_dispatch,ledger_postings,NO_READBACK,CALLER_REFERENCE,93fa6291-66a4-4ad3-88f1-2259a0e35da0,DECLARED_AMBIGUOUS,PERMANENTLY_AMBIGUOUS,1,1,0,,28236.0,0,0
b3_intent_no_barrier-mid_dispatch-notifications-6b8f707e-r0,(session-3),B3_INTENT_NO_BARRIER,mid_dispatch,notifications,POSITIVE_ONLY_READBACK,CALLER_REFERENCE,d4cee274-dbb1-4955-8884-9c09a061758f,CONFIRMED_APPLIED,FIRED_CONFIRMED,1,1,0,,125159.0,0,0
b3_intent_no_barrier-mid_dispatch-notifications-6b8f707e-r0,(session-3),B3_INTENT_NO_BARRIER,mid_dispatch,notifications,POSITIVE_ONLY_READBACK,CALLER_REFERENCE,6be81bed-1158-44af-8e07-4e8d884b4725,CONFIRMED_APPLIED,FIRED_CONFIRMED,1,1,0,,124212.0,0,0
b3_intent_no_barrier-mid_dispatch-notifications-6b8f707e-r0,(session-3),B3_INTENT_NO_BARRIER,mid_dispatch,notifications,POSITIVE_ONLY_READBACK,CALLER_REFERENCE,21b36d82-5fa0-48c6-9f2a-9d43d1bd1846,CONFIRMED_APPLIED,FIRED_CONFIRMED,1,1,0,,123206.0,0,0
b3_intent_no_barrier-mid_dispatch-notifications-6b8f707e-r0,(session-3),B3_INTENT_NO_BARRIER,mid_dispatch,notifications,POSITIVE_ONLY_READBACK,CALLER_REFERENCE,e441bbcd-d2cf-4fe5-a14c-53473505fc41,CONFIRMED_APPLIED,FIRED_CONFIRMED,1,1,0,,122230.0,0,0
b3_intent_no_barrier-mid_dispatch-notifications-6b8f707e-r0,(session-3),B3_INTENT_NO_BARRIER,mid_dispatch,notifications,POSITIVE_ONLY_READBACK,CALLER_REFERENCE,5fa0f0d8-e689-4c21-9215-cfa398011392,CONFIRMED_APPLIED,FIRED_CONFIRMED,1,1,0,,121289.0,0,0
b3_intent_no_barrier-mid_dispatch-notifications-6b8f707e-r0,(session-3),B3_INTENT_NO_BARRIER,mid_dispatch,notifications,POSITIVE_ONLY_READBACK,CALLER_REFERENCE,ed0830e9-aaa8-48b3-8397-607c0c788af6,CONFIRMED_APPLIED,FIRED_CONFIRMED,1,1,0,,125093.0,0,0
b3_intent_no_barrier-mid_dispatch-notifications-6b8f707e-r0,(session-3),B3_INTENT_NO_BARRIER,mid_dispatch,notifications,POSITIVE_ONLY_READBACK,CALLER_REFERENCE,54fda707-0deb-4ac2-9d17-634cda9289dd,CONFIRMED_APPLIED,FIRED_CONFIRMED,1,1,0,,124104.0,0,0
b3_intent_no_barrier-mid_dispatch-notifications-6b8f707e-r0,(session-3),B3_INTENT_NO_BARRIER,mid_dispatch,notifications,POSITIVE_ONLY_READBACK,CALLER_REFERENCE,d7224aaf-6326-4d4f-95db-cd40228ca85d,CONFIRMED_APPLIED,FIRED_CONFIRMED,1,1,0,,123018.0,0,0
b3_intent_no_barrier-mid_dispatch-notifications-6b8f707e-r0,(session-3),B3_INTENT_NO_BARRIER,mid_dispatch,notifications,POSITIVE_ONLY_READBACK,CALLER_REFERENCE,6b609210-14b3-45b9-ae48-e9f0afa8f086,CONFIRMED_APPLIED,FIRED_CONFIRMED,1,1,0,,122028.0,0,0
b3_intent_no_barrier-mid_dispatch-notifications-6b8f707e-r0,(session-3),B3_INTENT_NO_BARRIER,mid_dispatch,notifications,POSITIVE_ONLY_READBACK,CALLER_REFERENCE,45176534-5bb2-4210-b587-aaa8d12fe520,DECLARED_AMBIGUOUS,FIRED_UNCONFIRMED,0,1,0,,121098.0,0,0
b3_intent_no_barrier-mid_dispatch-notifications-6b8f707e-r1,(session-3),B3_INTENT_NO_BARRIER,mid_dispatch,notifications,POSITIVE_ONLY_READBACK,CALLER_REFERENCE,b13bbe35-0322-499d-82a5-1ed8c51e187f,CONFIRMED_APPLIED,FIRED_CONFIRMED,1,1,0,,125193.0,0,0
b3_intent_no_barrier-mid_dispatch-notifications-6b8f707e-r1,(session-3),B3_INTENT_NO_BARRIER,mid_dispatch,notifications,POSITIVE_ONLY_READBACK,CALLER_REFERENCE,f35d6f9d-0780-4e36-92d1-ab69f4d79624,CONFIRMED_APPLIED,FIRED_CONFIRMED,1,1,0,,124174.0,0,0
b3_intent_no_barrier-mid_dispatch-notifications-6b8f707e-r1,(session-3),B3_INTENT_NO_BARRIER,mid_dispatch,notifications,POSITIVE_ONLY_READBACK,CALLER_REFERENCE,11ce6bca-214c-4d3a-ad09-beb30fede2e7,DECLARED_AMBIGUOUS,FIRED_UNCONFIRMED,0,1,0,,123183.0,0,0
b3_intent_no_barrier-mid_dispatch-notifications-6b8f707e-r1,(session-3),B3_INTENT_NO_BARRIER,mid_dispatch,notifications,POSITIVE_ONLY_READBACK,CALLER_REFERENCE,74e9cbc3-6a69-45b6-9985-8c63bdfd5f98,CONFIRMED_APPLIED,FIRED_CONFIRMED,1,1,0,,122089.0,0,0
b3_intent_no_barrier-mid_dispatch-notifications-6b8f707e-r1,(session-3),B3_INTENT_NO_BARRIER,mid_dispatch,notifications,POSITIVE_ONLY_READBACK,CALLER_REFERENCE,f6ae1520-39d1-4535-af63-dafa450bf50c,CONFIRMED_APPLIED,FIRED_CONFIRMED,1,1,0,,121051.0,0,0
b3_intent_no_barrier-mid_dispatch-notifications-6b8f707e-r1,(session-3),B3_INTENT_NO_BARRIER,mid_dispatch,notifications,POSITIVE_ONLY_READBACK,CALLER_REFERENCE,454d8e61-ee60-4191-9f27-2a5837520673,CONFIRMED_APPLIED,FIRED_CONFIRMED,1,1,0,,125204.0,0,0
b3_intent_no_barrier-mid_dispatch-notifications-6b8f707e-r1,(session-3),B3_INTENT_NO_BARRIER,mid_dispatch,notifications,POSITIVE_ONLY_READBACK,CALLER_REFERENCE,94b1cde6-ddea-45c3-9be7-23405ef147a2,CONFIRMED_APPLIED,FIRED_CONFIRMED,1,1,0,,124165.0,0,0
b3_intent_no_barrier-mid_dispatch-notifications-6b8f707e-r1,(session-3),B3_INTENT_NO_BARRIER,mid_dispatch,notifications,POSITIVE_ONLY_READBACK,CALLER_REFERENCE,b9460f49-2908-43b1-aec1-28d2444f3d31,CONFIRMED_APPLIED,FIRED_CONFIRMED,1,1,0,,123164.0,0,0
b3_intent_no_barrier-mid_dispatch-notifications-6b8f707e-r1,(session-3),B3_INTENT_NO_BARRIER,mid_dispatch,notifications,POSITIVE_ONLY_READBACK,CALLER_REFERENCE,11237931-5d9a-49b2-81c8-0f3333684cd3,CONFIRMED_APPLIED,FIRED_CONFIRMED,1,1,0,,122103.0,0,0
b3_intent_no_barrier-mid_dispatch-notifications-6b8f707e-r1,(session-3),B3_INTENT_NO_BARRIER,mid_dispatch,notifications,POSITIVE_ONLY_READBACK,CALLER_REFERENCE,e6b8445e-2f93-41eb-bbba-e6ec523261af,CONFIRMED_APPLIED,FIRED_CONFIRMED,1,1,0,,121059.0,0,0
b3_intent_no_barrier-mid_dispatch-notifications-6b8f707e-r2,(session-3),B3_INTENT_NO_BARRIER,mid_dispatch,notifications,POSITIVE_ONLY_READBACK,CALLER_REFERENCE,92ea3530-da06-4751-9dfb-3b266f68232b,CONFIRMED_APPLIED,FIRED_CONFIRMED,1,1,0,,32369.0,0,0
b3_intent_no_barrier-mid_dispatch-notifications-6b8f707e-r2,(session-3),B3_INTENT_NO_BARRIER,mid_dispatch,notifications,POSITIVE_ONLY_READBACK,CALLER_REFERENCE,1c406933-089e-4fcf-9bf6-7a08f86cbe34,CONFIRMED_APPLIED,FIRED_CONFIRMED,1,1,0,,31382.0,0,0
b3_intent_no_barrier-mid_dispatch-notifications-6b8f707e-r2,(session-3),B3_INTENT_NO_BARRIER,mid_dispatch,notifications,POSITIVE_ONLY_READBACK,CALLER_REFERENCE,7e0cea91-a9d4-49e9-ad62-98288d6a2291,CONFIRMED_APPLIED,FIRED_CONFIRMED,1,1,0,,30346.0,0,0
b3_intent_no_barrier-mid_dispatch-notifications-6b8f707e-r2,(session-3),B3_INTENT_NO_BARRIER,mid_dispatch,notifications,POSITIVE_ONLY_READBACK,CALLER_REFERENCE,78a65fc3-ef6a-4123-845b-a7b4bbcc70cd,CONFIRMED_APPLIED,FIRED_CONFIRMED,1,1,0,,29286.0,0,0
b3_intent_no_barrier-mid_dispatch-notifications-6b8f707e-r2,(session-3),B3_INTENT_NO_BARRIER,mid_dispatch,notifications,POSITIVE_ONLY_READBACK,CALLER_REFERENCE,33246a94-1b9e-4b15-b9b0-ec9be085e211,CONFIRMED_APPLIED,FIRED_CONFIRMED,1,1,0,,28249.0,0,0
b3_intent_no_barrier-mid_dispatch-notifications-6b8f707e-r2,(session-3),B3_INTENT_NO_BARRIER,mid_dispatch,notifications,POSITIVE_ONLY_READBACK,CALLER_REFERENCE,bfc722b9-9c6d-423b-b16c-1e223caec07a,CONFIRMED_APPLIED,FIRED_CONFIRMED,1,1,0,,32414.0,0,0
b3_intent_no_barrier-mid_dispatch-notifications-6b8f707e-r2,(session-3),B3_INTENT_NO_BARRIER,mid_dispatch,notifications,POSITIVE_ONLY_READBACK,CALLER_REFERENCE,6938600a-8cab-4d61-b035-a5ad67db01e5,CONFIRMED_APPLIED,FIRED_CONFIRMED,1,1,0,,31414.0,0,0
b3_intent_no_barrier-mid_dispatch-notifications-6b8f707e-r2,(session-3),B3_INTENT_NO_BARRIER,mid_dispatch,notifications,POSITIVE_ONLY_READBACK,CALLER_REFERENCE,1a0d5857-ada2-45cc-9d87-2b10e44a0fde,CONFIRMED_APPLIED,FIRED_CONFIRMED,1,1,0,,30348.0,0,0
b3_intent_no_barrier-mid_dispatch-notifications-6b8f707e-r2,(session-3),B3_INTENT_NO_BARRIER,mid_dispatch,notifications,POSITIVE_ONLY_READBACK,CALLER_REFERENCE,e74be100-411b-40e7-97b0-734e8fbd619a,CONFIRMED_APPLIED,FIRED_CONFIRMED,1,1,0,,29296.0,0,0
b3_intent_no_barrier-mid_dispatch-notifications-6b8f707e-r2,(session-3),B3_INTENT_NO_BARRIER,mid_dispatch,notifications,POSITIVE_ONLY_READBACK,CALLER_REFERENCE,b8676c0d-7424-4eb3-86c9-5d38b686007d,CONFIRMED_APPLIED,FIRED_CONFIRMED,1,1,0,,28231.0,0,0
b3_intent_no_barrier-mid_dispatch-payments-c3f36ba8-r0,(session-3),B3_INTENT_NO_BARRIER,mid_dispatch,payments,AUTHORITATIVE_READBACK,CALLER_REFERENCE,c7350f22-421f-4f66-aa4f-2dcd8e20d90b,CONFIRMED_APPLIED,FIRED_CONFIRMED,1,1,0,,31478.0,0,0
b3_intent_no_barrier-mid_dispatch-payments-c3f36ba8-r0,(session-3),B3_INTENT_NO_BARRIER,mid_dispatch,payments,AUTHORITATIVE_READBACK,CALLER_REFERENCE,17cae4d5-7b1d-4be6-8a7e-c89210fbd5ab,CONFIRMED_APPLIED,FIRED_CONFIRMED,1,1,0,,30666.0,0,0
b3_intent_no_barrier-mid_dispatch-payments-c3f36ba8-r0,(session-3),B3_INTENT_NO_BARRIER,mid_dispatch,payments,AUTHORITATIVE_READBACK,CALLER_REFERENCE,b92b3ef0-7507-472e-b9b9-b049fac157ee,CONFIRMED_APPLIED,FIRED_CONFIRMED,1,1,0,,29828.0,0,0
b3_intent_no_barrier-mid_dispatch-payments-c3f36ba8-r0,(session-3),B3_INTENT_NO_BARRIER,mid_dispatch,payments,AUTHORITATIVE_READBACK,CALLER_REFERENCE,ab1037cb-b21f-4218-ad0a-e233b5484436,CONFIRMED_APPLIED,FIRED_CONFIRMED,1,1,0,,28960.0,0,0
b3_intent_no_barrier-mid_dispatch-payments-c3f36ba8-r0,(session-3),B3_INTENT_NO_BARRIER,mid_dispatch,payments,AUTHORITATIVE_READBACK,CALLER_REFERENCE,10f40f19-ae10-4f5b-9623-699dce1ba7d5,CONFIRMED_APPLIED,FIRED_CONFIRMED,1,1,0,,28155.0,0,0
b3_intent_no_barrier-mid_dispatch-payments-c3f36ba8-r0,(session-3),B3_INTENT_NO_BARRIER,mid_dispatch,payments,AUTHORITATIVE_READBACK,CALLER_REFERENCE,35cd29b0-cf93-4900-96d2-bb96b4d5e2ff,CONFIRMED_APPLIED,FIRED_CONFIRMED,1,1,0,,31421.0,0,0
b3_intent_no_barrier-mid_dispatch-payments-c3f36ba8-r0,(session-3),B3_INTENT_NO_BARRIER,mid_dispatch,payments,AUTHORITATIVE_READBACK,CALLER_REFERENCE,5dc89b0d-f5f6-41c7-aa48-234d209af012,CONFIRMED_APPLIED,FIRED_CONFIRMED,1,1,0,,30631.0,0,0
b3_intent_no_barrier-mid_dispatch-payments-c3f36ba8-r0,(session-3),B3_INTENT_NO_BARRIER,mid_dispatch,payments,AUTHORITATIVE_READBACK,CALLER_REFERENCE,4cb8ba95-f781-416a-a6ee-8c8b2b058395,CONFIRMED_APPLIED,FIRED_CONFIRMED,1,1,0,,29798.0,0,0
b3_intent_no_barrier-mid_dispatch-payments-c3f36ba8-r0,(session-3),B3_INTENT_NO_BARRIER,mid_dispatch,payments,AUTHORITATIVE_READBACK,CALLER_REFERENCE,cb7a057b-680d-4364-bbf7-4ad32e20e421,CONFIRMED_APPLIED,FIRED_CONFIRMED,1,1,0,,28926.0,0,0
b3_intent_no_barrier-mid_dispatch-payments-c3f36ba8-r0,(session-3),B3_INTENT_NO_BARRIER,mid_dispatch,payments,AUTHORITATIVE_READBACK,CALLER_REFERENCE,915d02dc-9bee-4b3d-b8d1-9fc34331379a,CONFIRMED_APPLIED,FIRED_CONFIRMED,1,1,0,,28059.0,0,0
b3_intent_no_barrier-mid_dispatch-payments-c3f36ba8-r1,(session-3),B3_INTENT_NO_BARRIER,mid_dispatch,payments,AUTHORITATIVE_READBACK,CALLER_REFERENCE,31728394-00e7-4d0d-959c-9705b67a3641,CONFIRMED_APPLIED,FIRED_CONFIRMED,1,1,0,,31471.0,0,0
b3_intent_no_barrier-mid_dispatch-payments-c3f36ba8-r1,(session-3),B3_INTENT_NO_BARRIER,mid_dispatch,payments,AUTHORITATIVE_READBACK,CALLER_REFERENCE,c26de534-55e7-4564-bf2e-f294fa8731ee,CONFIRMED_APPLIED,FIRED_CONFIRMED,1,1,0,,30580.0,0,0
b3_intent_no_barrier-mid_dispatch-payments-c3f36ba8-r1,(session-3),B3_INTENT_NO_BARRIER,mid_dispatch,payments,AUTHORITATIVE_READBACK,CALLER_REFERENCE,aebe67a1-cdee-42a7-8483-26eae9e5a7b6,CONFIRMED_APPLIED,FIRED_CONFIRMED,1,1,0,,29812.0,0,0
b3_intent_no_barrier-mid_dispatch-payments-c3f36ba8-r1,(session-3),B3_INTENT_NO_BARRIER,mid_dispatch,payments,AUTHORITATIVE_READBACK,CALLER_REFERENCE,f8db507b-3ed7-46b4-92c6-1373c003a605,CONFIRMED_APPLIED,FIRED_CONFIRMED,1,1,0,,28968.0,0,0
b3_intent_no_barrier-mid_dispatch-payments-c3f36ba8-r1,(session-3),B3_INTENT_NO_BARRIER,mid_dispatch,payments,AUTHORITATIVE_READBACK,CALLER_REFERENCE,bc1e5e91-91ef-4117-985b-0e64131207be,CONFIRMED_APPLIED,FIRED_CONFIRMED,1,1,0,,28078.0,0,0
b3_intent_no_barrier-mid_dispatch-payments-c3f36ba8-r1,(session-3),B3_INTENT_NO_BARRIER,mid_dispatch,payments,AUTHORITATIVE_READBACK,CALLER_REFERENCE,9d03de71-4314-4e51-8dc9-298155eea86a,CONFIRMED_APPLIED,FIRED_CONFIRMED,1,1,0,,31490.0,0,0
b3_intent_no_barrier-mid_dispatch-payments-c3f36ba8-r1,(session-3),B3_INTENT_NO_BARRIER,mid_dispatch,payments,AUTHORITATIVE_READBACK,CALLER_REFERENCE,bca8b4c1-c065-42a1-97bb-8db1f4a23c48,CONFIRMED_APPLIED,FIRED_CONFIRMED,1,1,0,,30743.0,0,0
b3_intent_no_barrier-mid_dispatch-payments-c3f36ba8-r1,(session-3),B3_INTENT_NO_BARRIER,mid_dispatch,payments,AUTHORITATIVE_READBACK,CALLER_REFERENCE,e6fd2839-36bd-4385-9f52-07c0c6806e00,CONFIRMED_APPLIED,FIRED_CONFIRMED,1,1,0,,29893.0,0,0
b3_intent_no_barrier-mid_dispatch-payments-c3f36ba8-r1,(session-3),B3_INTENT_NO_BARRIER,mid_dispatch,payments,AUTHORITATIVE_READBACK,CALLER_REFERENCE,4bac198f-2030-4bbf-8220-1ada67e19f7c,CONFIRMED_APPLIED,FIRED_CONFIRMED,1,1,0,,29060.0,0,0
b3_intent_no_barrier-mid_dispatch-payments-c3f36ba8-r1,(session-3),B3_INTENT_NO_BARRIER,mid_dispatch,payments,AUTHORITATIVE_READBACK,CALLER_REFERENCE,3ea5a166-991e-423b-a3b2-3e0dd196fdbb,CONFIRMED_APPLIED,FIRED_CONFIRMED,1,1,0,,28195.0,0,0
b3_intent_no_barrier-mid_dispatch-payments-c3f36ba8-r2,(session-3),B3_INTENT_NO_BARRIER,mid_dispatch,payments,AUTHORITATIVE_READBACK,CALLER_REFERENCE,ddbb64a0-ba71-4f03-9275-725b7664d094,CONFIRMED_APPLIED,FIRED_CONFIRMED,1,1,0,,31359.0,0,0
b3_intent_no_barrier-mid_dispatch-payments-c3f36ba8-r2,(session-3),B3_INTENT_NO_BARRIER,mid_dispatch,payments,AUTHORITATIVE_READBACK,CALLER_REFERENCE,ebe5323b-005a-433f-929f-4c27853c012e,CONFIRMED_APPLIED,FIRED_CONFIRMED,1,1,0,,30482.0,0,0
b3_intent_no_barrier-mid_dispatch-payments-c3f36ba8-r2,(session-3),B3_INTENT_NO_BARRIER,mid_dispatch,payments,AUTHORITATIVE_READBACK,CALLER_REFERENCE,b4d8e579-688a-41c5-82ab-a553062ede5f,CONFIRMED_APPLIED,FIRED_CONFIRMED,1,1,0,,29659.0,0,0
b3_intent_no_barrier-mid_dispatch-payments-c3f36ba8-r2,(session-3),B3_INTENT_NO_BARRIER,mid_dispatch,payments,AUTHORITATIVE_READBACK,CALLER_REFERENCE,4896699c-a92b-403b-83e9-7a7e0891effb,CONFIRMED_APPLIED,FIRED_CONFIRMED,1,1,0,,28865.0,0,0
b3_intent_no_barrier-mid_dispatch-payments-c3f36ba8-r2,(session-3),B3_INTENT_NO_BARRIER,mid_dispatch,payments,AUTHORITATIVE_READBACK,CALLER_REFERENCE,50a2daf5-2329-4715-ab37-d2a2dafe7059,CONFIRMED_NOT_APPLIED,FAILED_CONFIRMED,0,1,0,,28093.0,0,0
b3_intent_no_barrier-mid_dispatch-payments-c3f36ba8-r2,(session-3),B3_INTENT_NO_BARRIER,mid_dispatch,payments,AUTHORITATIVE_READBACK,CALLER_REFERENCE,0447f8f8-208a-4a59-bc19-e0640dcf8c56,CONFIRMED_APPLIED,FIRED_CONFIRMED,1,1,0,,31352.0,0,0
b3_intent_no_barrier-mid_dispatch-payments-c3f36ba8-r2,(session-3),B3_INTENT_NO_BARRIER,mid_dispatch,payments,AUTHORITATIVE_READBACK,CALLER_REFERENCE,a0e6a39c-679e-45bf-827b-99c492dc6f25,CONFIRMED_APPLIED,FIRED_CONFIRMED,1,1,0,,30483.0,0,0
b3_intent_no_barrier-mid_dispatch-payments-c3f36ba8-r2,(session-3),B3_INTENT_NO_BARRIER,mid_dispatch,payments,AUTHORITATIVE_READBACK,CALLER_REFERENCE,652af4ba-3f55-47ea-b77a-48b4c45cdc1c,CONFIRMED_APPLIED,FIRED_CONFIRMED,1,1,0,,29648.0,0,0
b3_intent_no_barrier-mid_dispatch-payments-c3f36ba8-r2,(session-3),B3_INTENT_NO_BARRIER,mid_dispatch,payments,AUTHORITATIVE_READBACK,CALLER_REFERENCE,08ba8481-4dcd-4f96-a2d9-1fba32c3b640,CONFIRMED_APPLIED,FIRED_CONFIRMED,1,1,0,,28867.0,0,0
b3_intent_no_barrier-mid_dispatch-payments-c3f36ba8-r2,(session-3),B3_INTENT_NO_BARRIER,mid_dispatch,payments,AUTHORITATIVE_READBACK,CALLER_REFERENCE,8c5b2229-5839-46d0-954f-9b579cd27227,CONFIRMED_APPLIED,FIRED_CONFIRMED,1,1,0,,28074.0,0,0
b3_intent_no_barrier-none-ledger_postings-99ac28be-r0,redis-kill-preack,B3_INTENT_NO_BARRIER,none,ledger_postings,NO_READBACK,CALLER_REFERENCE,37b4b29f-6ae1-41ce-85ae-2f7dc3291568,DECLARED_AMBIGUOUS,PERMANENTLY_AMBIGUOUS,0,0,0,,,0,0
b3_intent_no_barrier-none-ledger_postings-99ac28be-r1,redis-kill-preack,B3_INTENT_NO_BARRIER,none,ledger_postings,NO_READBACK,CALLER_REFERENCE,e8a01b35-a47e-4dbb-8e41-02c2fee1c2d8,DECLARED_AMBIGUOUS,PERMANENTLY_AMBIGUOUS,1,0,0,,,0,0
b3_intent_no_barrier-none-ledger_postings-99ac28be-r10,redis-kill-preack,B3_INTENT_NO_BARRIER,none,ledger_postings,NO_READBACK,CALLER_REFERENCE,f292165e-cfee-4952-80be-8d8f90f3069e,DECLARED_AMBIGUOUS,PERMANENTLY_AMBIGUOUS,1,0,0,,,0,0
b3_intent_no_barrier-none-ledger_postings-99ac28be-r11,redis-kill-preack,B3_INTENT_NO_BARRIER,none,ledger_postings,NO_READBACK,CALLER_REFERENCE,23cd94df-02a6-4205-ad67-237332aaba86,DECLARED_AMBIGUOUS,PERMANENTLY_AMBIGUOUS,1,0,0,,,0,0
b3_intent_no_barrier-none-ledger_postings-99ac28be-r12,redis-kill-preack,B3_INTENT_NO_BARRIER,none,ledger_postings,NO_READBACK,CALLER_REFERENCE,90a590da-43a4-47a8-b2a2-0e223a957b20,DECLARED_AMBIGUOUS,PERMANENTLY_AMBIGUOUS,1,0,0,,,0,0
b3_intent_no_barrier-none-ledger_postings-99ac28be-r13,redis-kill-preack,B3_INTENT_NO_BARRIER,none,ledger_postings,NO_READBACK,CALLER_REFERENCE,484a6e95-9be3-4a5a-82dc-0ea02b1f41de,DECLARED_AMBIGUOUS,PERMANENTLY_AMBIGUOUS,1,0,0,,,0,0
b3_intent_no_barrier-none-ledger_postings-99ac28be-r14,redis-kill-preack,B3_INTENT_NO_BARRIER,none,ledger_postings,NO_READBACK,CALLER_REFERENCE,31319334-c43b-4945-9109-29fd48f09301,DECLARED_AMBIGUOUS,PERMANENTLY_AMBIGUOUS,1,0,0,,,0,0
b3_intent_no_barrier-none-ledger_postings-99ac28be-r15,redis-kill-preack,B3_INTENT_NO_BARRIER,none,ledger_postings,NO_READBACK,CALLER_REFERENCE,3a78a0f2-4d62-4f67-9ac2-a3b65794dc25,DECLARED_AMBIGUOUS,PERMANENTLY_AMBIGUOUS,1,0,0,,,0,0
b3_intent_no_barrier-none-ledger_postings-99ac28be-r16,redis-kill-preack,B3_INTENT_NO_BARRIER,none,ledger_postings,NO_READBACK,CALLER_REFERENCE,3e8a0451-656f-4bf7-8d43-ce5e1744db09,DECLARED_AMBIGUOUS,PERMANENTLY_AMBIGUOUS,1,0,0,,,0,0
b3_intent_no_barrier-none-ledger_postings-99ac28be-r17,redis-kill-preack,B3_INTENT_NO_BARRIER,none,ledger_postings,NO_READBACK,CALLER_REFERENCE,1e6fc293-d424-4649-b942-1e445f039d76,DECLARED_AMBIGUOUS,PERMANENTLY_AMBIGUOUS,1,0,0,,,0,0
b3_intent_no_barrier-none-ledger_postings-99ac28be-r18,redis-kill-preack,B3_INTENT_NO_BARRIER,none,ledger_postings,NO_READBACK,CALLER_REFERENCE,0d980e97-9e62-45dd-ad9a-751bd913ac44,DECLARED_AMBIGUOUS,PERMANENTLY_AMBIGUOUS,0,0,0,,,0,0
b3_intent_no_barrier-none-ledger_postings-99ac28be-r19,redis-kill-preack,B3_INTENT_NO_BARRIER,none,ledger_postings,NO_READBACK,CALLER_REFERENCE,4ca795a0-160c-4214-9e9a-cbc76a9e989e,DECLARED_AMBIGUOUS,PERMANENTLY_AMBIGUOUS,1,0,0,,,0,0
b3_intent_no_barrier-none-ledger_postings-99ac28be-r2,redis-kill-preack,B3_INTENT_NO_BARRIER,none,ledger_postings,NO_READBACK,CALLER_REFERENCE,62773058-08c0-4611-92f3-e28a846b9d09,DECLARED_AMBIGUOUS,PERMANENTLY_AMBIGUOUS,1,0,0,,,0,0
b3_intent_no_barrier-none-ledger_postings-99ac28be-r20,redis-kill-preack,B3_INTENT_NO_BARRIER,none,ledger_postings,NO_READBACK,CALLER_REFERENCE,cd32fbcc-cdb7-40b7-987d-a054066af993,DECLARED_AMBIGUOUS,PERMANENTLY_AMBIGUOUS,1,0,0,,,0,0
b3_intent_no_barrier-none-ledger_postings-99ac28be-r21,redis-kill-preack,B3_INTENT_NO_BARRIER,none,ledger_postings,NO_READBACK,CALLER_REFERENCE,08ad0f17-3ce7-482e-9965-98a66d0b28f7,DECLARED_AMBIGUOUS,PERMANENTLY_AMBIGUOUS,1,0,0,,,0,0
b3_intent_no_barrier-none-ledger_postings-99ac28be-r22,redis-kill-preack,B3_INTENT_NO_BARRIER,none,ledger_postings,NO_READBACK,CALLER_REFERENCE,5080b8e1-42a3-40bb-8587-3bbff6fedf6d,DECLARED_AMBIGUOUS,PERMANENTLY_AMBIGUOUS,1,0,0,,,0,0
b3_intent_no_barrier-none-ledger_postings-99ac28be-r23,redis-kill-preack,B3_INTENT_NO_BARRIER,none,ledger_postings,NO_READBACK,CALLER_REFERENCE,9fe83b72-e443-4328-a371-98f4d2880848,DECLARED_AMBIGUOUS,PERMANENTLY_AMBIGUOUS,1,0,0,,,0,0
b3_intent_no_barrier-none-ledger_postings-99ac28be-r24,redis-kill-preack,B3_INTENT_NO_BARRIER,none,ledger_postings,NO_READBACK,CALLER_REFERENCE,4d13aae4-6480-4a28-9146-7bb86d96d615,DECLARED_AMBIGUOUS,PERMANENTLY_AMBIGUOUS,1,0,0,,,0,0
b3_intent_no_barrier-none-ledger_postings-99ac28be-r25,redis-kill-preack,B3_INTENT_NO_BARRIER,none,ledger_postings,NO_READBACK,CALLER_REFERENCE,dafcb0fe-237b-4961-b0e6-4e02e5b1075b,DECLARED_AMBIGUOUS,PERMANENTLY_AMBIGUOUS,1,0,0,,,0,0
b3_intent_no_barrier-none-ledger_postings-99ac28be-r26,redis-kill-preack,B3_INTENT_NO_BARRIER,none,ledger_postings,NO_READBACK,CALLER_REFERENCE,75f2f3f2-a7a7-4698-b56b-3021bf5656b3,DECLARED_AMBIGUOUS,PERMANENTLY_AMBIGUOUS,1,0,0,,,0,0
b3_intent_no_barrier-none-ledger_postings-99ac28be-r27,redis-kill-preack,B3_INTENT_NO_BARRIER,none,ledger_postings,NO_READBACK,CALLER_REFERENCE,22af6179-41c4-41ea-ac2e-75540f9c439c,DECLARED_AMBIGUOUS,PERMANENTLY_AMBIGUOUS,1,0,0,,,0,0
b3_intent_no_barrier-none-ledger_postings-99ac28be-r28,redis-kill-preack,B3_INTENT_NO_BARRIER,none,ledger_postings,NO_READBACK,CALLER_REFERENCE,6b238f79-0edf-4747-b529-f6f45bc4fc6e,DECLARED_AMBIGUOUS,PERMANENTLY_AMBIGUOUS,1,0,0,,,0,0
b3_intent_no_barrier-none-ledger_postings-99ac28be-r29,redis-kill-preack,B3_INTENT_NO_BARRIER,none,ledger_postings,NO_READBACK,CALLER_REFERENCE,c2e43eec-98d8-4981-a824-d20f3c2d4872,DECLARED_AMBIGUOUS,PERMANENTLY_AMBIGUOUS,1,0,0,,,0,0
b3_intent_no_barrier-none-ledger_postings-99ac28be-r3,redis-kill-preack,B3_INTENT_NO_BARRIER,none,ledger_postings,NO_READBACK,CALLER_REFERENCE,c67f78a9-5b6c-4561-9af0-63ff7e1d2264,DECLARED_AMBIGUOUS,PERMANENTLY_AMBIGUOUS,1,0,0,,,0,0
b3_intent_no_barrier-none-ledger_postings-99ac28be-r4,redis-kill-preack,B3_INTENT_NO_BARRIER,none,ledger_postings,NO_READBACK,CALLER_REFERENCE,cd3cd959-02ce-4218-ae4a-0e3e2b9142de,DECLARED_AMBIGUOUS,PERMANENTLY_AMBIGUOUS,1,0,0,,,0,0
b3_intent_no_barrier-none-ledger_postings-99ac28be-r5,redis-kill-preack,B3_INTENT_NO_BARRIER,none,ledger_postings,NO_READBACK,CALLER_REFERENCE,a4b46257-6b81-4924-9430-ef24d20acc68,DECLARED_AMBIGUOUS,PERMANENTLY_AMBIGUOUS,1,0,0,,,0,0
b3_intent_no_barrier-none-ledger_postings-99ac28be-r6,redis-kill-preack,B3_INTENT_NO_BARRIER,none,ledger_postings,NO_READBACK,CALLER_REFERENCE,2c2d36f9-9557-4675-96ee-b719fbaf2da9,DECLARED_AMBIGUOUS,PERMANENTLY_AMBIGUOUS,1,0,0,,,0,0
b3_intent_no_barrier-none-ledger_postings-99ac28be-r7,redis-kill-preack,B3_INTENT_NO_BARRIER,none,ledger_postings,NO_READBACK,CALLER_REFERENCE,98802678-3139-4d88-b939-1797c2488a4a,DECLARED_AMBIGUOUS,PERMANENTLY_AMBIGUOUS,1,0,0,,,0,0
b3_intent_no_barrier-none-ledger_postings-99ac28be-r8,redis-kill-preack,B3_INTENT_NO_BARRIER,none,ledger_postings,NO_READBACK,CALLER_REFERENCE,a321ad69-93a8-4ea4-a892-65cb99ead749,DECLARED_AMBIGUOUS,PERMANENTLY_AMBIGUOUS,1,0,0,,,0,0
b3_intent_no_barrier-none-ledger_postings-99ac28be-r9,redis-kill-preack,B3_INTENT_NO_BARRIER,none,ledger_postings,NO_READBACK,CALLER_REFERENCE,993c73c7-05ec-4b75-ba5c-91cdf711a735,DECLARED_AMBIGUOUS,PERMANENTLY_AMBIGUOUS,1,0,0,,,0,0
b3_intent_no_barrier-none-payments-85b7630d-r0,p0,B3_INTENT_NO_BARRIER,none,payments,AUTHORITATIVE_READBACK,CALLER_REFERENCE,4e513b1c-b34f-4af4-a74c-36306ae57236,CONFIRMED_APPLIED,FIRED_CONFIRMED,1,0,1,2106.231577,,0,0
b3_intent_no_barrier-none-payments-85b7630d-r0,p0,B3_INTENT_NO_BARRIER,none,payments,AUTHORITATIVE_READBACK,CALLER_REFERENCE,8fd8d950-6959-419f-9886-b36642e5226d,CONFIRMED_APPLIED,FIRED_CONFIRMED,1,0,1,2031.954058,,0,0
b3_intent_no_barrier-none-payments-85b7630d-r0,p0,B3_INTENT_NO_BARRIER,none,payments,AUTHORITATIVE_READBACK,CALLER_REFERENCE,bc08533b-3751-4996-9bc9-149b069525b0,CONFIRMED_NOT_APPLIED,FAILED_CONFIRMED,0,0,1,2034.378521,,0,0
b3_intent_no_barrier-none-payments-85b7630d-r0,p0,B3_INTENT_NO_BARRIER,none,payments,AUTHORITATIVE_READBACK,CALLER_REFERENCE,95d86f69-9c6c-4b45-a1bb-ce5ef5cb5a7c,CONFIRMED_APPLIED,FIRED_CONFIRMED,1,0,1,5040.466947,,0,0
b3_intent_no_barrier-none-payments-85b7630d-r0,p0,B3_INTENT_NO_BARRIER,none,payments,AUTHORITATIVE_READBACK,CALLER_REFERENCE,f2cc60ef-dff5-490b-8c3c-7468ec67f555,CONFIRMED_APPLIED,FIRED_CONFIRMED,1,0,1,2043.160466,,0,0
b3_intent_no_barrier-none-payments-85b7630d-r0,p0,B3_INTENT_NO_BARRIER,none,payments,AUTHORITATIVE_READBACK,CALLER_REFERENCE,8746949e-8fc3-4265-ba11-b5abf59ec978,CONFIRMED_APPLIED,FIRED_CONFIRMED,1,0,1,2112.833457,,0,0
b3_intent_no_barrier-none-payments-85b7630d-r0,p0,B3_INTENT_NO_BARRIER,none,payments,AUTHORITATIVE_READBACK,CALLER_REFERENCE,e84d5d3f-abc5-40c9-81bb-6e1517424059,CONFIRMED_APPLIED,FIRED_CONFIRMED,1,0,1,2037.415681,,0,0
b3_intent_no_barrier-none-payments-85b7630d-r0,p0,B3_INTENT_NO_BARRIER,none,payments,AUTHORITATIVE_READBACK,CALLER_REFERENCE,043f3d84-1211-4b75-af50-33e8ce2520da,CONFIRMED_APPLIED,FIRED_CONFIRMED,1,0,1,2038.206892,,0,0
b3_intent_no_barrier-none-payments-85b7630d-r0,p0,B3_INTENT_NO_BARRIER,none,payments,AUTHORITATIVE_READBACK,CALLER_REFERENCE,e4c86d72-ef0d-4c7d-85f7-dc9215b1719e,CONFIRMED_APPLIED,FIRED_CONFIRMED,1,0,1,2027.185611,,0,0
b3_intent_no_barrier-none-payments-85b7630d-r0,p0,B3_INTENT_NO_BARRIER,none,payments,AUTHORITATIVE_READBACK,CALLER_REFERENCE,5ab0248d-cc3e-4603-adc9-46db9b97667d,CONFIRMED_APPLIED,FIRED_CONFIRMED,1,0,1,2030.504412,,0,0
b3_intent_no_barrier-none-payments-85b7630d-r1,p0,B3_INTENT_NO_BARRIER,none,payments,AUTHORITATIVE_READBACK,CALLER_REFERENCE,b0753baf-34b9-4c1b-814b-28babc4e0c28,CONFIRMED_APPLIED,FIRED_CONFIRMED,1,0,1,2114.686375,,0,0
b3_intent_no_barrier-none-payments-85b7630d-r1,p0,B3_INTENT_NO_BARRIER,none,payments,AUTHORITATIVE_READBACK,CALLER_REFERENCE,1f0ed010-6941-4f0c-888d-69dcf345f82c,CONFIRMED_APPLIED,FIRED_CONFIRMED,1,0,1,2046.469298,,0,0
b3_intent_no_barrier-none-payments-85b7630d-r1,p0,B3_INTENT_NO_BARRIER,none,payments,AUTHORITATIVE_READBACK,CALLER_REFERENCE,3f50657c-d9fc-44cb-8592-bf29b71745bb,CONFIRMED_APPLIED,FIRED_CONFIRMED,1,0,1,5028.975877,,0,0
b3_intent_no_barrier-none-payments-85b7630d-r1,p0,B3_INTENT_NO_BARRIER,none,payments,AUTHORITATIVE_READBACK,CALLER_REFERENCE,ccf1cd6e-edb1-4e0f-bdb7-dc7aa7a17223,CONFIRMED_APPLIED,FIRED_CONFIRMED,1,0,1,2034.386062,,0,0
b3_intent_no_barrier-none-payments-85b7630d-r1,p0,B3_INTENT_NO_BARRIER,none,payments,AUTHORITATIVE_READBACK,CALLER_REFERENCE,0d2e6fae-5f9f-47bb-8525-ee5dd50ee211,CONFIRMED_APPLIED,FIRED_CONFIRMED,1,0,1,5027.603496,,0,0
b3_intent_no_barrier-none-payments-85b7630d-r1,p0,B3_INTENT_NO_BARRIER,none,payments,AUTHORITATIVE_READBACK,CALLER_REFERENCE,3aa66139-6ca2-4798-a842-198b6727bfee,CONFIRMED_APPLIED,FIRED_CONFIRMED,1,0,1,2110.442195,,0,0
b3_intent_no_barrier-none-payments-85b7630d-r1,p0,B3_INTENT_NO_BARRIER,none,payments,AUTHORITATIVE_READBACK,CALLER_REFERENCE,67ae7920-ce58-4c83-8324-e22e1e0ce1db,CONFIRMED_APPLIED,FIRED_CONFIRMED,1,0,1,2054.241224,,0,0
b3_intent_no_barrier-none-payments-85b7630d-r1,p0,B3_INTENT_NO_BARRIER,none,payments,AUTHORITATIVE_READBACK,CALLER_REFERENCE,13657746-b5e8-479d-b59c-be6983b05c8f,CONFIRMED_APPLIED,FIRED_CONFIRMED,1,0,1,2033.810203,,0,0
b3_intent_no_barrier-none-payments-85b7630d-r1,p0,B3_INTENT_NO_BARRIER,none,payments,AUTHORITATIVE_READBACK,CALLER_REFERENCE,ca8a488b-2eb7-464c-9103-ad0f09a0d91c,CONFIRMED_APPLIED,FIRED_CONFIRMED,1,0,1,2029.966024,,0,0
b3_intent_no_barrier-none-payments-85b7630d-r1,p0,B3_INTENT_NO_BARRIER,none,payments,AUTHORITATIVE_READBACK,CALLER_REFERENCE,2db1677b-b8d6-48b7-97ca-ef0e0b2667e2,CONFIRMED_APPLIED,FIRED_CONFIRMED,1,0,1,2023.772565,,0,0
b3_intent_no_barrier-none-payments-85b7630d-r2,p0,B3_INTENT_NO_BARRIER,none,payments,AUTHORITATIVE_READBACK,CALLER_REFERENCE,ceaabd88-fa29-4346-9bc4-8cd665982499,CONFIRMED_APPLIED,FIRED_CONFIRMED,1,0,1,5083.547915,,0,0
b3_intent_no_barrier-none-payments-85b7630d-r2,p0,B3_INTENT_NO_BARRIER,none,payments,AUTHORITATIVE_READBACK,CALLER_REFERENCE,0bdfae88-b171-4618-83a6-32a4598cab36,CONFIRMED_APPLIED,FIRED_CONFIRMED,1,0,1,5032.546865,,0,0
b3_intent_no_barrier-none-payments-85b7630d-r2,p0,B3_INTENT_NO_BARRIER,none,payments,AUTHORITATIVE_READBACK,CALLER_REFERENCE,52433c6b-1516-4d17-9146-a1306c32d812,CONFIRMED_APPLIED,FIRED_CONFIRMED,1,0,1,2031.596356,,0,0
b3_intent_no_barrier-none-payments-85b7630d-r2,p0,B3_INTENT_NO_BARRIER,none,payments,AUTHORITATIVE_READBACK,CALLER_REFERENCE,126cdca6-4334-4ec2-af4e-2e3986a6793c,CONFIRMED_NOT_APPLIED,FAILED_CONFIRMED,0,0,1,2023.100145,,0,0
b3_intent_no_barrier-none-payments-85b7630d-r2,p0,B3_INTENT_NO_BARRIER,none,payments,AUTHORITATIVE_READBACK,CALLER_REFERENCE,bfd596cf-4f38-482a-81e9-157af44bffec,CONFIRMED_APPLIED,FIRED_CONFIRMED,1,0,1,2024.141949,,0,0
b3_intent_no_barrier-none-payments-85b7630d-r2,p0,B3_INTENT_NO_BARRIER,none,payments,AUTHORITATIVE_READBACK,CALLER_REFERENCE,bfab3de4-3a45-49e4-a753-6350e1037ebb,CONFIRMED_APPLIED,FIRED_CONFIRMED,1,0,1,5077.701466,,0,0
b3_intent_no_barrier-none-payments-85b7630d-r2,p0,B3_INTENT_NO_BARRIER,none,payments,AUTHORITATIVE_READBACK,CALLER_REFERENCE,78479c57-2f93-4b36-bfb9-6ce6286a50ed,CONFIRMED_APPLIED,FIRED_CONFIRMED,1,0,1,5033.724631,,0,0
b3_intent_no_barrier-none-payments-85b7630d-r2,p0,B3_INTENT_NO_BARRIER,none,payments,AUTHORITATIVE_READBACK,CALLER_REFERENCE,4e8e34d5-ac93-4638-86f1-4bdbb2d6e2fb,CONFIRMED_APPLIED,FIRED_CONFIRMED,1,0,1,5032.390616,,0,0
b3_intent_no_barrier-none-payments-85b7630d-r2,p0,B3_INTENT_NO_BARRIER,none,payments,AUTHORITATIVE_READBACK,CALLER_REFERENCE,8bb7ca06-622c-4319-acaf-64612dfaa6dd,CONFIRMED_APPLIED,FIRED_CONFIRMED,1,0,1,2037.201008,,0,0
b3_intent_no_barrier-none-payments-85b7630d-r2,p0,B3_INTENT_NO_BARRIER,none,payments,AUTHORITATIVE_READBACK,CALLER_REFERENCE,01d49cbb-d341-4469-8128-752531169dbd,CONFIRMED_APPLIED,FIRED_CONFIRMED,1,0,1,2028.865196,,0,0
b4_durable_workflow-after_barrier_before_dispatch-ledger_postings-5a1a38f0-r0,(session-3),B4_DURABLE_WORKFLOW,after_barrier_before_dispatch,ledger_postings,NO_READBACK,CALLER_REFERENCE,6141a658-b4c6-4a87-861d-acc33c1714d0,CONFIRMED_APPLIED,APPLIED,2,1,1,26524.24396,150548.0,1,0
b4_durable_workflow-after_barrier_before_dispatch-ledger_postings-5a1a38f0-r0,(session-3),B4_DURABLE_WORKFLOW,after_barrier_before_dispatch,ledger_postings,NO_READBACK,CALLER_REFERENCE,ddc2e562-f6c4-47ef-a750-54232ed6e9b2,CONFIRMED_APPLIED,APPLIED,2,1,1,27047.466212,121650.0,1,0
b4_durable_workflow-after_barrier_before_dispatch-ledger_postings-5a1a38f0-r0,(session-3),B4_DURABLE_WORKFLOW,after_barrier_before_dispatch,ledger_postings,NO_READBACK,CALLER_REFERENCE,03e2bca4-3f08-4daf-b874-cb93184a74bb,CONFIRMED_APPLIED,APPLIED,2,1,1,27177.094466,92708.0,1,0
b4_durable_workflow-after_barrier_before_dispatch-ledger_postings-5a1a38f0-r0,(session-3),B4_DURABLE_WORKFLOW,after_barrier_before_dispatch,ledger_postings,NO_READBACK,CALLER_REFERENCE,e654662a-e833-434d-84de-4940c71740db,CONFIRMED_APPLIED,APPLIED,2,1,1,26989.195675,63600.0,1,0
b4_durable_workflow-after_barrier_before_dispatch-ledger_postings-5a1a38f0-r0,(session-3),B4_DURABLE_WORKFLOW,after_barrier_before_dispatch,ledger_postings,NO_READBACK,CALLER_REFERENCE,c5d1a552-a9ea-4431-b424-55b315ecd5d3,CONFIRMED_APPLIED,APPLIED,3,1,2,32179.088885,34662.0,1,0
b4_durable_workflow-after_barrier_before_dispatch-ledger_postings-5a1a38f0-r0,(session-3),B4_DURABLE_WORKFLOW,after_barrier_before_dispatch,ledger_postings,NO_READBACK,CALLER_REFERENCE,0381a7b7-297d-4330-8426-44475c8b2e98,CONFIRMED_APPLIED,APPLIED,3,1,2,31680.088906,150550.0,1,0
b4_durable_workflow-after_barrier_before_dispatch-ledger_postings-5a1a38f0-r0,(session-3),B4_DURABLE_WORKFLOW,after_barrier_before_dispatch,ledger_postings,NO_READBACK,CALLER_REFERENCE,258b4741-bd61-4641-ae32-50a65362566c,CONFIRMED_APPLIED,APPLIED,2,1,1,27184.219976,116688.0,1,0
b4_durable_workflow-after_barrier_before_dispatch-ledger_postings-5a1a38f0-r0,(session-3),B4_DURABLE_WORKFLOW,after_barrier_before_dispatch,ledger_postings,NO_READBACK,CALLER_REFERENCE,82994734-ed6f-4a17-b615-c3c2851e0c78,CONFIRMED_APPLIED,APPLIED,2,1,1,27085.40712,87682.0,1,0
b4_durable_workflow-after_barrier_before_dispatch-ledger_postings-5a1a38f0-r0,(session-3),B4_DURABLE_WORKFLOW,after_barrier_before_dispatch,ledger_postings,NO_READBACK,CALLER_REFERENCE,78cc88eb-a6a4-4bdb-b4a2-4559c1e8b92a,CONFIRMED_APPLIED,APPLIED,2,1,2,29063.303464,58657.0,1,0
b4_durable_workflow-after_barrier_before_dispatch-ledger_postings-5a1a38f0-r0,(session-3),B4_DURABLE_WORKFLOW,after_barrier_before_dispatch,ledger_postings,NO_READBACK,CALLER_REFERENCE,50601021-619b-4c0c-baf0-4d374852946a,CONFIRMED_APPLIED,APPLIED,2,1,1,27003.473373,27625.0,1,0
b4_durable_workflow-after_barrier_before_dispatch-ledger_postings-5a1a38f0-r1,(session-3),B4_DURABLE_WORKFLOW,after_barrier_before_dispatch,ledger_postings,NO_READBACK,CALLER_REFERENCE,42742d4a-4cb8-4207-9d6d-a47fd47bf158,CONFIRMED_APPLIED,APPLIED,1,1,1,27025.164755,155712.0,0,0
b4_durable_workflow-after_barrier_before_dispatch-ledger_postings-5a1a38f0-r1,(session-3),B4_DURABLE_WORKFLOW,after_barrier_before_dispatch,ledger_postings,NO_READBACK,CALLER_REFERENCE,8d0fc342-afaf-48b6-97e0-7122ca9ebd38,CONFIRMED_APPLIED,APPLIED,2,1,1,27055.675453,126631.0,1,0
b4_durable_workflow-after_barrier_before_dispatch-ledger_postings-5a1a38f0-r1,(session-3),B4_DURABLE_WORKFLOW,after_barrier_before_dispatch,ledger_postings,NO_READBACK,CALLER_REFERENCE,a074afe1-a3da-4b83-a16f-6f7998750575,CONFIRMED_APPLIED,APPLIED,2,1,1,26034.327105,97712.0,1,0
b4_durable_workflow-after_barrier_before_dispatch-ledger_postings-5a1a38f0-r1,(session-3),B4_DURABLE_WORKFLOW,after_barrier_before_dispatch,ledger_postings,NO_READBACK,CALLER_REFERENCE,09e1f0a8-8232-4d49-bac3-9a4c5cb15499,CONFIRMED_APPLIED,APPLIED,3,1,2,32290.731805,68820.0,1,0
b4_durable_workflow-after_barrier_before_dispatch-ledger_postings-5a1a38f0-r1,(session-3),B4_DURABLE_WORKFLOW,after_barrier_before_dispatch,ledger_postings,NO_READBACK,CALLER_REFERENCE,b787b295-7fa0-47b5-a7d6-7522601196fd,CONFIRMED_APPLIED,APPLIED,3,1,2,32205.15604,34693.0,1,0
b4_durable_workflow-after_barrier_before_dispatch-ledger_postings-5a1a38f0-r1,(session-3),B4_DURABLE_WORKFLOW,after_barrier_before_dispatch,ledger_postings,NO_READBACK,CALLER_REFERENCE,62edf05c-b733-4c43-a38a-30b1cca47350,CONFIRMED_APPLIED,APPLIED,2,1,2,28837.136833,155714.0,1,0
b4_durable_workflow-after_barrier_before_dispatch-ledger_postings-5a1a38f0-r1,(session-3),B4_DURABLE_WORKFLOW,after_barrier_before_dispatch,ledger_postings,NO_READBACK,CALLER_REFERENCE,09cca40f-e851-453a-b468-1d55b1a65e15,CONFIRMED_APPLIED,APPLIED,3,1,2,32287.911047,124798.0,1,0
b4_durable_workflow-after_barrier_before_dispatch-ledger_postings-5a1a38f0-r1,(session-3),B4_DURABLE_WORKFLOW,after_barrier_before_dispatch,ledger_postings,NO_READBACK,CALLER_REFERENCE,c3b64e05-7a39-4e42-84fb-1a3baaafb96c,CONFIRMED_APPLIED,APPLIED,3,1,2,32068.810977,90687.0,1,0
b4_durable_workflow-after_barrier_before_dispatch-ledger_postings-5a1a38f0-r1,(session-3),B4_DURABLE_WORKFLOW,after_barrier_before_dispatch,ledger_postings,NO_READBACK,CALLER_REFERENCE,714dd215-c936-4860-97a6-560eb7cd19f5,CONFIRMED_APPLIED,APPLIED,2,1,1,27079.479258,56729.0,1,0
b4_durable_workflow-after_barrier_before_dispatch-ledger_postings-5a1a38f0-r1,(session-3),B4_DURABLE_WORKFLOW,after_barrier_before_dispatch,ledger_postings,NO_READBACK,CALLER_REFERENCE,c0e5e74f-ce93-474d-81f1-854c2df40fff,CONFIRMED_APPLIED,APPLIED,2,1,1,27110.607807,27740.0,1,0
b4_durable_workflow-after_barrier_before_dispatch-ledger_postings-5a1a38f0-r2,(session-3),B4_DURABLE_WORKFLOW,after_barrier_before_dispatch,ledger_postings,NO_READBACK,CALLER_REFERENCE,7574d020-75a9-4c84-9e23-d9e8b4b9e88c,CONFIRMED_APPLIED,APPLIED,3,1,2,32026.536259,158764.0,1,0
b4_durable_workflow-after_barrier_before_dispatch-ledger_postings-5a1a38f0-r2,(session-3),B4_DURABLE_WORKFLOW,after_barrier_before_dispatch,ledger_postings,NO_READBACK,CALLER_REFERENCE,73deca46-fafc-4266-8823-54733017a1d5,CONFIRMED_APPLIED,APPLIED,2,1,1,27076.560309,124689.0,1,0
b4_durable_workflow-after_barrier_before_dispatch-ledger_postings-5a1a38f0-r2,(session-3),B4_DURABLE_WORKFLOW,after_barrier_before_dispatch,ledger_postings,NO_READBACK,CALLER_REFERENCE,4a74ba19-7f42-485e-8131-ccc874b4c8ad,CONFIRMED_APPLIED,APPLIED,2,1,1,26967.370711,95677.0,1,0
b4_durable_workflow-after_barrier_before_dispatch-ledger_postings-5a1a38f0-r2,(session-3),B4_DURABLE_WORKFLOW,after_barrier_before_dispatch,ledger_postings,NO_READBACK,CALLER_REFERENCE,e27460f8-1bfb-4e7e-be0b-c6e936b755a2,CONFIRMED_APPLIED,APPLIED,4,1,3,36779.512005,66657.0,1,0
b4_durable_workflow-after_barrier_before_dispatch-ledger_postings-5a1a38f0-r2,(session-3),B4_DURABLE_WORKFLOW,after_barrier_before_dispatch,ledger_postings,NO_READBACK,CALLER_REFERENCE,c69d223f-9be3-4ad3-98a5-9f6a90bad4d9,CONFIRMED_APPLIED,APPLIED,2,1,1,26978.255444,27765.0,1,0
b4_durable_workflow-after_barrier_before_dispatch-ledger_postings-5a1a38f0-r2,(session-3),B4_DURABLE_WORKFLOW,after_barrier_before_dispatch,ledger_postings,NO_READBACK,CALLER_REFERENCE,91362817-4db2-4da3-9d8f-34f37cf19858,CONFIRMED_APPLIED,APPLIED,3,1,2,32001.778904,158766.0,1,0
b4_durable_workflow-after_barrier_before_dispatch-ledger_postings-5a1a38f0-r2,(session-3),B4_DURABLE_WORKFLOW,after_barrier_before_dispatch,ledger_postings,NO_READBACK,CALLER_REFERENCE,2f96a2fe-ec57-4956-8389-7bd5a9dc84d3,CONFIRMED_APPLIED,APPLIED,2,1,1,27093.853243,124691.0,1,0
b4_durable_workflow-after_barrier_before_dispatch-ledger_postings-5a1a38f0-r2,(session-3),B4_DURABLE_WORKFLOW,after_barrier_before_dispatch,ledger_postings,NO_READBACK,CALLER_REFERENCE,cb7a095b-3608-4ee9-a723-c0d28a77b443,CONFIRMED_APPLIED,APPLIED,2,1,1,26973.735367,95678.0,1,0
b4_durable_workflow-after_barrier_before_dispatch-ledger_postings-5a1a38f0-r2,(session-3),B4_DURABLE_WORKFLOW,after_barrier_before_dispatch,ledger_postings,NO_READBACK,CALLER_REFERENCE,a3ff73ad-8c14-4fe4-9f14-e1fdd5fbb1f4,CONFIRMED_APPLIED,APPLIED,2,1,1,26824.24766,66659.0,1,0
b4_durable_workflow-after_barrier_before_dispatch-ledger_postings-5a1a38f0-r2,(session-3),B4_DURABLE_WORKFLOW,after_barrier_before_dispatch,ledger_postings,NO_READBACK,CALLER_REFERENCE,08bb7683-ac28-4eb9-aada-013844d1fbfe,CONFIRMED_APPLIED,APPLIED,2,1,1,26913.681136,37720.0,1,0
b4_durable_workflow-after_barrier_before_dispatch-notifications-b46b11fa-r0,(session-3),B4_DURABLE_WORKFLOW,after_barrier_before_dispatch,notifications,POSITIVE_ONLY_READBACK,CALLER_REFERENCE,efb06577-5020-4c15-b521-699e0b8c02b6,CONFIRMED_APPLIED,APPLIED,2,1,1,27006.617032,153744.0,1,0
b4_durable_workflow-after_barrier_before_dispatch-notifications-b46b11fa-r0,(session-3),B4_DURABLE_WORKFLOW,after_barrier_before_dispatch,notifications,POSITIVE_ONLY_READBACK,CALLER_REFERENCE,e31c1c11-6500-4169-8e48-d4916d9c0c53,CONFIRMED_APPLIED,APPLIED,2,1,1,26846.741408,124717.0,1,0
b4_durable_workflow-after_barrier_before_dispatch-notifications-b46b11fa-r0,(session-3),B4_DURABLE_WORKFLOW,after_barrier_before_dispatch,notifications,POSITIVE_ONLY_READBACK,CALLER_REFERENCE,16694ac6-c37b-480a-83a0-67f6427ba6b9,CONFIRMED_APPLIED,APPLIED,2,1,1,27118.276742,95845.0,1,0
b4_durable_workflow-after_barrier_before_dispatch-notifications-b46b11fa-r0,(session-3),B4_DURABLE_WORKFLOW,after_barrier_before_dispatch,notifications,POSITIVE_ONLY_READBACK,CALLER_REFERENCE,44d61ebb-02d7-469c-b4a1-7df779038a69,CONFIRMED_APPLIED,APPLIED,4,1,3,37217.094646,66832.0,1,0
b4_durable_workflow-after_barrier_before_dispatch-notifications-b46b11fa-r0,(session-3),B4_DURABLE_WORKFLOW,after_barrier_before_dispatch,notifications,POSITIVE_ONLY_READBACK,CALLER_REFERENCE,40104739-225a-4a78-932e-34197e68a1cf,CONFIRMED_APPLIED,APPLIED,2,1,1,27238.05365,27849.0,1,0
b4_durable_workflow-after_barrier_before_dispatch-notifications-b46b11fa-r0,(session-3),B4_DURABLE_WORKFLOW,after_barrier_before_dispatch,notifications,POSITIVE_ONLY_READBACK,CALLER_REFERENCE,48a95cc8-3967-474a-8941-83887a0856d0,CONFIRMED_APPLIED,APPLIED,2,1,1,26993.784139,153746.0,1,0
b4_durable_workflow-after_barrier_before_dispatch-notifications-b46b11fa-r0,(session-3),B4_DURABLE_WORKFLOW,after_barrier_before_dispatch,notifications,POSITIVE_ONLY_READBACK,CALLER_REFERENCE,23b0133a-5546-4113-a920-d8dd5bc19787,CONFIRMED_APPLIED,APPLIED,3,1,2,31893.083375,124718.0,1,0
b4_durable_workflow-after_barrier_before_dispatch-notifications-b46b11fa-r0,(session-3),B4_DURABLE_WORKFLOW,after_barrier_before_dispatch,notifications,POSITIVE_ONLY_READBACK,CALLER_REFERENCE,c4c312cb-6008-4424-baae-b2d44188051c,CONFIRMED_APPLIED,APPLIED,2,1,1,27095.837122,90770.0,1,0
b4_durable_workflow-after_barrier_before_dispatch-notifications-b46b11fa-r0,(session-3),B4_DURABLE_WORKFLOW,after_barrier_before_dispatch,notifications,POSITIVE_ONLY_READBACK,CALLER_REFERENCE,fcd22283-75fb-458c-9f19-7455ec2a5250,CONFIRMED_APPLIED,APPLIED,2,1,1,27223.502284,61774.0,1,0
b4_durable_workflow-after_barrier_before_dispatch-notifications-b46b11fa-r0,(session-3),B4_DURABLE_WORKFLOW,after_barrier_before_dispatch,notifications,POSITIVE_ONLY_READBACK,CALLER_REFERENCE,01feb499-7ae1-418d-8c23-0b9187835ae5,CONFIRMED_APPLIED,APPLIED,2,1,1,26994.88945,32697.0,1,0
b4_durable_workflow-after_barrier_before_dispatch-notifications-b46b11fa-r1,(session-3),B4_DURABLE_WORKFLOW,after_barrier_before_dispatch,notifications,POSITIVE_ONLY_READBACK,CALLER_REFERENCE,d3003fdf-9f65-471f-94b0-3d1e688c897e,CONFIRMED_APPLIED,APPLIED,2,1,1,27015.063739,148858.0,1,0
b4_durable_workflow-after_barrier_before_dispatch-notifications-b46b11fa-r1,(session-3),B4_DURABLE_WORKFLOW,after_barrier_before_dispatch,notifications,POSITIVE_ONLY_READBACK,CALLER_REFERENCE,8730fb3b-015a-401f-a03a-e9ef617c8723,CONFIRMED_APPLIED,APPLIED,2,1,1,27094.415449,119820.0,1,0
b4_durable_workflow-after_barrier_before_dispatch-notifications-b46b11fa-r1,(session-3),B4_DURABLE_WORKFLOW,after_barrier_before_dispatch,notifications,POSITIVE_ONLY_READBACK,CALLER_REFERENCE,e314c1a1-105d-4657-89cd-f59d6175982a,CONFIRMED_APPLIED,APPLIED,2,1,1,27000.025989,90733.0,1,0
b4_durable_workflow-after_barrier_before_dispatch-notifications-b46b11fa-r1,(session-3),B4_DURABLE_WORKFLOW,after_barrier_before_dispatch,notifications,POSITIVE_ONLY_READBACK,CALLER_REFERENCE,c5fe750a-8daf-490f-ba92-2cf97bed68c6,CONFIRMED_APPLIED,APPLIED,2,1,1,26910.112695,61670.0,1,0
b4_durable_workflow-after_barrier_before_dispatch-notifications-b46b11fa-r1,(session-3),B4_DURABLE_WORKFLOW,after_barrier_before_dispatch,notifications,POSITIVE_ONLY_READBACK,CALLER_REFERENCE,19838bc1-f974-4b2a-b781-39d0e4e1ab22,CONFIRMED_APPLIED,APPLIED,2,1,1,26976.516372,32738.0,1,0
b4_durable_workflow-after_barrier_before_dispatch-notifications-b46b11fa-r1,(session-3),B4_DURABLE_WORKFLOW,after_barrier_before_dispatch,notifications,POSITIVE_ONLY_READBACK,CALLER_REFERENCE,29258608-3e4e-41af-85bb-06ec657c6a76,CONFIRMED_APPLIED,APPLIED,2,1,1,27003.959002,148859.0,1,0
b4_durable_workflow-after_barrier_before_dispatch-notifications-b46b11fa-r1,(session-3),B4_DURABLE_WORKFLOW,after_barrier_before_dispatch,notifications,POSITIVE_ONLY_READBACK,CALLER_REFERENCE,485a33b4-1c93-404b-9019-e07735d5b118,CONFIRMED_APPLIED,APPLIED,2,1,1,27094.163109,119822.0,1,0
b4_durable_workflow-after_barrier_before_dispatch-notifications-b46b11fa-r1,(session-3),B4_DURABLE_WORKFLOW,after_barrier_before_dispatch,notifications,POSITIVE_ONLY_READBACK,CALLER_REFERENCE,d282efb4-7a20-4948-aed0-7f245bb12916,CONFIRMED_APPLIED,APPLIED,2,1,1,27012.398476,90734.0,1,0
b4_durable_workflow-after_barrier_before_dispatch-notifications-b46b11fa-r1,(session-3),B4_DURABLE_WORKFLOW,after_barrier_before_dispatch,notifications,POSITIVE_ONLY_READBACK,CALLER_REFERENCE,4d860e62-5a30-4d4f-a57e-cfee590f424d,CONFIRMED_APPLIED,APPLIED,2,1,1,26947.199236,61671.0,1,0
b4_durable_workflow-after_barrier_before_dispatch-notifications-b46b11fa-r1,(session-3),B4_DURABLE_WORKFLOW,after_barrier_before_dispatch,notifications,POSITIVE_ONLY_READBACK,CALLER_REFERENCE,d7440608-666c-495f-8d6b-ef681495f4ba,CONFIRMED_APPLIED,APPLIED,3,1,2,31903.01964,32740.0,1,0
b4_durable_workflow-after_barrier_before_dispatch-notifications-b46b11fa-r2,(session-3),B4_DURABLE_WORKFLOW,after_barrier_before_dispatch,notifications,POSITIVE_ONLY_READBACK,CALLER_REFERENCE,7c49ce1b-db80-4bbf-9503-04ecd9ec9e8a,CONFIRMED_APPLIED,APPLIED,2,1,1,26983.798287,153730.0,1,0
b4_durable_workflow-after_barrier_before_dispatch-notifications-b46b11fa-r2,(session-3),B4_DURABLE_WORKFLOW,after_barrier_before_dispatch,notifications,POSITIVE_ONLY_READBACK,CALLER_REFERENCE,cdeb934e-b093-4df1-876a-43e9ce50480a,CONFIRMED_APPLIED,APPLIED,2,1,1,26918.223091,124770.0,1,0
b4_durable_workflow-after_barrier_before_dispatch-notifications-b46b11fa-r2,(session-3),B4_DURABLE_WORKFLOW,after_barrier_before_dispatch,notifications,POSITIVE_ONLY_READBACK,CALLER_REFERENCE,623081a6-7f9d-472b-a586-8a424af6cf4a,CONFIRMED_APPLIED,APPLIED,2,1,1,26759.132322,95795.0,1,0
b4_durable_workflow-after_barrier_before_dispatch-notifications-b46b11fa-r2,(session-3),B4_DURABLE_WORKFLOW,after_barrier_before_dispatch,notifications,POSITIVE_ONLY_READBACK,CALLER_REFERENCE,2ef11c8a-af9c-41bd-91cb-57477bfe99f0,CONFIRMED_APPLIED,APPLIED,2,1,1,27068.488785,66817.0,1,0
b4_durable_workflow-after_barrier_before_dispatch-notifications-b46b11fa-r2,(session-3),B4_DURABLE_WORKFLOW,after_barrier_before_dispatch,notifications,POSITIVE_ONLY_READBACK,CALLER_REFERENCE,07c6acdc-4ab7-4187-afaf-25637d156145,CONFIRMED_APPLIED,APPLIED,2,1,1,27104.089419,37871.0,1,0
b4_durable_workflow-after_barrier_before_dispatch-notifications-b46b11fa-r2,(session-3),B4_DURABLE_WORKFLOW,after_barrier_before_dispatch,notifications,POSITIVE_ONLY_READBACK,CALLER_REFERENCE,77c148ad-af77-479a-8a22-bca067cddbff,CONFIRMED_APPLIED,APPLIED,2,1,1,26985.186292,153732.0,1,0
b4_durable_workflow-after_barrier_before_dispatch-notifications-b46b11fa-r2,(session-3),B4_DURABLE_WORKFLOW,after_barrier_before_dispatch,notifications,POSITIVE_ONLY_READBACK,CALLER_REFERENCE,c8004e5e-d10e-4da8-a792-28a645a87384,CONFIRMED_APPLIED,APPLIED,2,1,1,26963.694145,124770.0,1,0
b4_durable_workflow-after_barrier_before_dispatch-notifications-b46b11fa-r2,(session-3),B4_DURABLE_WORKFLOW,after_barrier_before_dispatch,notifications,POSITIVE_ONLY_READBACK,CALLER_REFERENCE,6446ef46-ccac-45d6-8605-4a1c7ed68e8f,CONFIRMED_APPLIED,APPLIED,3,1,2,31892.724059,95797.0,1,0
b4_durable_workflow-after_barrier_before_dispatch-notifications-b46b11fa-r2,(session-3),B4_DURABLE_WORKFLOW,after_barrier_before_dispatch,notifications,POSITIVE_ONLY_READBACK,CALLER_REFERENCE,eb6bec57-f3f6-4e0b-b2d0-d9b94a0ef967,CONFIRMED_APPLIED,APPLIED,2,1,1,27044.805979,61840.0,1,0
b4_durable_workflow-after_barrier_before_dispatch-notifications-b46b11fa-r2,(session-3),B4_DURABLE_WORKFLOW,after_barrier_before_dispatch,notifications,POSITIVE_ONLY_READBACK,CALLER_REFERENCE,e4ccd5e8-d78e-4b35-94f3-bf24b8020026,CONFIRMED_APPLIED,APPLIED,3,1,2,32113.829744,32786.0,1,0
b4_durable_workflow-after_barrier_before_dispatch-payments-11d6b7e1-r0,(session-3),B4_DURABLE_WORKFLOW,after_barrier_before_dispatch,payments,AUTHORITATIVE_READBACK,CALLER_REFERENCE,23318fef-a008-4b42-bd03-d8fdad016765,CONFIRMED_APPLIED,APPLIED,2,1,1,27216.923355,158598.0,1,0
b4_durable_workflow-after_barrier_before_dispatch-payments-11d6b7e1-r0,(session-3),B4_DURABLE_WORKFLOW,after_barrier_before_dispatch,payments,AUTHORITATIVE_READBACK,CALLER_REFERENCE,11ef60bd-a7fa-40d6-86d2-7b2baf2fbcb2,CONFIRMED_APPLIED,APPLIED,2,1,1,27552.776384,129853.0,1,0
b4_durable_workflow-after_barrier_before_dispatch-payments-11d6b7e1-r0,(session-3),B4_DURABLE_WORKFLOW,after_barrier_before_dispatch,payments,AUTHORITATIVE_READBACK,CALLER_REFERENCE,92e5175d-2cab-46fd-94ab-57d171da17af,CONFIRMED_APPLIED,APPLIED,2,1,1,27209.857529,100609.0,1,0
b4_durable_workflow-after_barrier_before_dispatch-payments-11d6b7e1-r0,(session-3),B4_DURABLE_WORKFLOW,after_barrier_before_dispatch,payments,AUTHORITATIVE_READBACK,CALLER_REFERENCE,c78ad915-87fb-42a3-a5b5-717e5bc892f8,CONFIRMED_APPLIED,APPLIED,2,1,1,26922.239129,71679.0,1,0
b4_durable_workflow-after_barrier_before_dispatch-payments-11d6b7e1-r0,(session-3),B4_DURABLE_WORKFLOW,after_barrier_before_dispatch,payments,AUTHORITATIVE_READBACK,CALLER_REFERENCE,bab499e2-6048-4a7d-b51d-2f739b9930be,CONFIRMED_APPLIED,APPLIED,2,1,1,27331.758109,42813.0,1,0
b4_durable_workflow-after_barrier_before_dispatch-payments-11d6b7e1-r0,(session-3),B4_DURABLE_WORKFLOW,after_barrier_before_dispatch,payments,AUTHORITATIVE_READBACK,CALLER_REFERENCE,b65a40ac-9ce4-4c95-bfa7-fe2540041223,CONFIRMED_APPLIED,APPLIED,2,1,1,27172.470499,158600.0,1,0
b4_durable_workflow-after_barrier_before_dispatch-payments-11d6b7e1-r0,(session-3),B4_DURABLE_WORKFLOW,after_barrier_before_dispatch,payments,AUTHORITATIVE_READBACK,CALLER_REFERENCE,31435a80-4efc-451c-8abf-ea122fe24e0a,CONFIRMED_APPLIED,APPLIED,2,1,1,27554.711679,129855.0,1,0
b4_durable_workflow-after_barrier_before_dispatch-payments-11d6b7e1-r0,(session-3),B4_DURABLE_WORKFLOW,after_barrier_before_dispatch,payments,AUTHORITATIVE_READBACK,CALLER_REFERENCE,992c7907-084e-4e48-8a33-626c2a076d6f,CONFIRMED_APPLIED,APPLIED,2,1,1,27208.558718,100611.0,1,0
b4_durable_workflow-after_barrier_before_dispatch-payments-11d6b7e1-r0,(session-3),B4_DURABLE_WORKFLOW,after_barrier_before_dispatch,payments,AUTHORITATIVE_READBACK,CALLER_REFERENCE,218fbf97-cb6c-468d-b3f5-0686960979f1,CONFIRMED_APPLIED,APPLIED,3,1,2,31806.92141,71680.0,1,0
b4_durable_workflow-after_barrier_before_dispatch-payments-11d6b7e1-r0,(session-3),B4_DURABLE_WORKFLOW,after_barrier_before_dispatch,payments,AUTHORITATIVE_READBACK,CALLER_REFERENCE,bc992bd1-42da-493d-83bc-add06f9fc897,CONFIRMED_APPLIED,APPLIED,4,1,3,37341.133894,37696.0,1,0
b4_durable_workflow-after_barrier_before_dispatch-payments-11d6b7e1-r1,(session-3),B4_DURABLE_WORKFLOW,after_barrier_before_dispatch,payments,AUTHORITATIVE_READBACK,CALLER_REFERENCE,4cd9d701-e311-4e0e-b7bf-0adcb2653525,CONFIRMED_APPLIED,APPLIED,3,1,2,33297.899873,154683.0,1,0
b4_durable_workflow-after_barrier_before_dispatch-payments-11d6b7e1-r1,(session-3),B4_DURABLE_WORKFLOW,after_barrier_before_dispatch,payments,AUTHORITATIVE_READBACK,CALLER_REFERENCE,5abd3607-c373-4133-b401-86f61f47b88b,CONFIRMED_APPLIED,APPLIED,3,1,2,32313.998454,119679.0,1,0
b4_durable_workflow-after_barrier_before_dispatch-payments-11d6b7e1-r1,(session-3),B4_DURABLE_WORKFLOW,after_barrier_before_dispatch,payments,AUTHORITATIVE_READBACK,CALLER_REFERENCE,ca673753-4cb8-4898-91c4-fc5b597c2b48,CONFIRMED_APPLIED,APPLIED,2,1,1,27390.553599,85711.0,1,0
b4_durable_workflow-after_barrier_before_dispatch-payments-11d6b7e1-r1,(session-3),B4_DURABLE_WORKFLOW,after_barrier_before_dispatch,payments,AUTHORITATIVE_READBACK,CALLER_REFERENCE,3a31c8c5-4aef-4e73-bdd0-485d4108bef4,CONFIRMED_APPLIED,APPLIED,1,1,1,27501.152241,56861.0,0,0
b4_durable_workflow-after_barrier_before_dispatch-payments-11d6b7e1-r1,(session-3),B4_DURABLE_WORKFLOW,after_barrier_before_dispatch,payments,AUTHORITATIVE_READBACK,CALLER_REFERENCE,b3c36007-76cd-42ca-8e8c-4668b453157f,CONFIRMED_APPLIED,APPLIED,2,1,1,27364.980765,27727.0,1,0
b4_durable_workflow-after_barrier_before_dispatch-payments-11d6b7e1-r1,(session-3),B4_DURABLE_WORKFLOW,after_barrier_before_dispatch,payments,AUTHORITATIVE_READBACK,CALLER_REFERENCE,f720e9c2-d090-45b9-af13-2f0bc4a56f2e,CONFIRMED_APPLIED,APPLIED,2,1,1,28194.39708,154685.0,1,0
b4_durable_workflow-after_barrier_before_dispatch-payments-11d6b7e1-r1,(session-3),B4_DURABLE_WORKFLOW,after_barrier_before_dispatch,payments,AUTHORITATIVE_READBACK,CALLER_REFERENCE,ece7f73a-89c0-41d5-87f4-11e16481da36,CONFIRMED_APPLIED,APPLIED,3,1,2,32211.686963,124680.0,1,0
b4_durable_workflow-after_barrier_before_dispatch-payments-11d6b7e1-r1,(session-3),B4_DURABLE_WORKFLOW,after_barrier_before_dispatch,payments,AUTHORITATIVE_READBACK,CALLER_REFERENCE,1eef6eb6-f252-4df9-97f8-a30f2a8bfcb4,CONFIRMED_APPLIED,APPLIED,2,1,1,27473.439214,90782.0,1,0
b4_durable_workflow-after_barrier_before_dispatch-payments-11d6b7e1-r1,(session-3),B4_DURABLE_WORKFLOW,after_barrier_before_dispatch,payments,AUTHORITATIVE_READBACK,CALLER_REFERENCE,dabd3b85-4c8f-49c1-88d9-0f1d4c4b438a,CONFIRMED_APPLIED,APPLIED,2,1,1,27204.732998,61654.0,1,0
b4_durable_workflow-after_barrier_before_dispatch-payments-11d6b7e1-r1,(session-3),B4_DURABLE_WORKFLOW,after_barrier_before_dispatch,payments,AUTHORITATIVE_READBACK,CALLER_REFERENCE,655cdb9f-a5c6-4c9a-8772-055eada93f9e,CONFIRMED_APPLIED,APPLIED,2,1,1,27445.532077,32772.0,1,0
b4_durable_workflow-after_barrier_before_dispatch-payments-11d6b7e1-r2,(session-3),B4_DURABLE_WORKFLOW,after_barrier_before_dispatch,payments,AUTHORITATIVE_READBACK,CALLER_REFERENCE,ebeedfc7-bddd-49d0-92ed-87d59b1c9d0c,CONFIRMED_APPLIED,APPLIED,2,1,1,27110.706951,153684.0,1,0
b4_durable_workflow-after_barrier_before_dispatch-payments-11d6b7e1-r2,(session-3),B4_DURABLE_WORKFLOW,after_barrier_before_dispatch,payments,AUTHORITATIVE_READBACK,CALLER_REFERENCE,f39d5a1d-abcf-49f6-bdea-63ff2fa56de1,CONFIRMED_APPLIED,APPLIED,2,1,2,31622.593253,124520.0,1,0
b4_durable_workflow-after_barrier_before_dispatch-payments-11d6b7e1-r2,(session-3),B4_DURABLE_WORKFLOW,after_barrier_before_dispatch,payments,AUTHORITATIVE_READBACK,CALLER_REFERENCE,bf365195-b5e9-4012-94e8-60a20d7a6704,CONFIRMED_APPLIED,APPLIED,2,1,1,27041.555347,90797.0,1,0
b4_durable_workflow-after_barrier_before_dispatch-payments-11d6b7e1-r2,(session-3),B4_DURABLE_WORKFLOW,after_barrier_before_dispatch,payments,AUTHORITATIVE_READBACK,CALLER_REFERENCE,46df0143-7dd8-4cae-ae89-2f2280232a8d,CONFIRMED_APPLIED,APPLIED,2,1,1,27021.463004,61788.0,1,0
b4_durable_workflow-after_barrier_before_dispatch-payments-11d6b7e1-r2,(session-3),B4_DURABLE_WORKFLOW,after_barrier_before_dispatch,payments,AUTHORITATIVE_READBACK,CALLER_REFERENCE,bf889599-db53-4930-9663-e02f88f5cbff,CONFIRMED_APPLIED,APPLIED,3,1,2,32171.577442,32813.0,1,0
b4_durable_workflow-after_barrier_before_dispatch-payments-11d6b7e1-r2,(session-3),B4_DURABLE_WORKFLOW,after_barrier_before_dispatch,payments,AUTHORITATIVE_READBACK,CALLER_REFERENCE,7620a6f9-998f-4cf5-b8d0-01a96f7b1c25,CONFIRMED_APPLIED,APPLIED,2,1,1,27101.460284,153693.0,1,0
b4_durable_workflow-after_barrier_before_dispatch-payments-11d6b7e1-r2,(session-3),B4_DURABLE_WORKFLOW,after_barrier_before_dispatch,payments,AUTHORITATIVE_READBACK,CALLER_REFERENCE,6e04d392-232f-45a1-b4e7-dd8f8489ebde,CONFIRMED_APPLIED,APPLIED,2,1,1,26872.904549,124522.0,1,0
b4_durable_workflow-after_barrier_before_dispatch-payments-11d6b7e1-r2,(session-3),B4_DURABLE_WORKFLOW,after_barrier_before_dispatch,payments,AUTHORITATIVE_READBACK,CALLER_REFERENCE,17973e03-36ef-4f5d-a9fb-5b5936c41963,CONFIRMED_APPLIED,APPLIED,1,1,1,27084.044274,95742.0,0,0
b4_durable_workflow-after_barrier_before_dispatch-payments-11d6b7e1-r2,(session-3),B4_DURABLE_WORKFLOW,after_barrier_before_dispatch,payments,AUTHORITATIVE_READBACK,CALLER_REFERENCE,cfa39449-2909-4f70-9e3d-d76f20a347cd,CONFIRMED_APPLIED,APPLIED,2,1,1,26850.034795,66724.0,1,0
b4_durable_workflow-after_barrier_before_dispatch-payments-11d6b7e1-r2,(session-3),B4_DURABLE_WORKFLOW,after_barrier_before_dispatch,payments,AUTHORITATIVE_READBACK,CALLER_REFERENCE,a76e18a2-4218-4c7c-8f19-d831172e6e56,CONFIRMED_APPLIED,APPLIED,2,1,1,26999.912629,37827.0,1,0
b4_durable_workflow-after_intent_before_barrier-ledger_postings-7cb1f1f7-r0,(session-3),B4_DURABLE_WORKFLOW,after_intent_before_barrier,ledger_postings,NO_READBACK,CALLER_REFERENCE,b4ef942b-3214-4655-b3f6-9eba09c1d4c4,CONFIRMED_APPLIED,APPLIED,1,1,1,27322.962726,149088.0,0,0
b4_durable_workflow-after_intent_before_barrier-ledger_postings-7cb1f1f7-r0,(session-3),B4_DURABLE_WORKFLOW,after_intent_before_barrier,ledger_postings,NO_READBACK,CALLER_REFERENCE,6bfb0d84-2370-46de-9326-ab48c7ee8742,CONFIRMED_APPLIED,APPLIED,1,1,1,26610.402866,120137.0,0,0
b4_durable_workflow-after_intent_before_barrier-ledger_postings-7cb1f1f7-r0,(session-3),B4_DURABLE_WORKFLOW,after_intent_before_barrier,ledger_postings,NO_READBACK,CALLER_REFERENCE,9a48f12e-ac85-4326-adcc-5dcb628ae0ff,CONFIRMED_APPLIED,APPLIED,1,1,1,26859.038606,91103.0,0,0
b4_durable_workflow-after_intent_before_barrier-ledger_postings-7cb1f1f7-r0,(session-3),B4_DURABLE_WORKFLOW,after_intent_before_barrier,ledger_postings,NO_READBACK,CALLER_REFERENCE,4fc408ee-b534-42a5-86f9-5066c3f8b1c8,CONFIRMED_APPLIED,APPLIED,1,1,1,27559.549632,62217.0,0,0
b4_durable_workflow-after_intent_before_barrier-ledger_postings-7cb1f1f7-r0,(session-3),B4_DURABLE_WORKFLOW,after_intent_before_barrier,ledger_postings,NO_READBACK,CALLER_REFERENCE,fdb6d044-19d3-4646-8fd9-6a4bfffc7301,CONFIRMED_APPLIED,APPLIED,2,1,2,32592.839245,33188.0,1,0
b4_durable_workflow-after_intent_before_barrier-ledger_postings-7cb1f1f7-r0,(session-3),B4_DURABLE_WORKFLOW,after_intent_before_barrier,ledger_postings,NO_READBACK,CALLER_REFERENCE,3e5994b1-1f53-44e6-8ae9-8501f98705fe,CONFIRMED_APPLIED,APPLIED,1,1,1,27346.06872,149092.0,0,0
b4_durable_workflow-after_intent_before_barrier-ledger_postings-7cb1f1f7-r0,(session-3),B4_DURABLE_WORKFLOW,after_intent_before_barrier,ledger_postings,NO_READBACK,CALLER_REFERENCE,f9527a1e-695b-4ceb-99be-4d16d26b07c0,CONFIRMED_APPLIED,APPLIED,1,1,1,27038.768062,120139.0,0,0
b4_durable_workflow-after_intent_before_barrier-ledger_postings-7cb1f1f7-r0,(session-3),B4_DURABLE_WORKFLOW,after_intent_before_barrier,ledger_postings,NO_READBACK,CALLER_REFERENCE,b45c4db1-ec41-450a-b49b-09998be06ff0,CONFIRMED_APPLIED,APPLIED,1,1,1,26877.536021,91106.0,0,0
b4_durable_workflow-after_intent_before_barrier-ledger_postings-7cb1f1f7-r0,(session-3),B4_DURABLE_WORKFLOW,after_intent_before_barrier,ledger_postings,NO_READBACK,CALLER_REFERENCE,c5ba930f-5cac-4114-b097-7df884ec94fd,CONFIRMED_APPLIED,APPLIED,2,1,2,32423.945957,62219.0,1,0
b4_durable_workflow-after_intent_before_barrier-ledger_postings-7cb1f1f7-r0,(session-3),B4_DURABLE_WORKFLOW,after_intent_before_barrier,ledger_postings,NO_READBACK,CALLER_REFERENCE,ec04a09c-cd32-44ab-a47f-910b3f5df262,CONFIRMED_APPLIED,APPLIED,1,1,1,27600.821655,28216.0,0,0
b4_durable_workflow-after_intent_before_barrier-ledger_postings-7cb1f1f7-r1,(session-3),B4_DURABLE_WORKFLOW,after_intent_before_barrier,ledger_postings,NO_READBACK,CALLER_REFERENCE,7b26045e-4376-4728-95eb-5045150165d6,CONFIRMED_APPLIED,APPLIED,1,1,2,29471.469543,148190.0,0,0
b4_durable_workflow-after_intent_before_barrier-ledger_postings-7cb1f1f7-r1,(session-3),B4_DURABLE_WORKFLOW,after_intent_before_barrier,ledger_postings,NO_READBACK,CALLER_REFERENCE,bbb072db-2afc-4a64-89d1-984c052b52b4,CONFIRMED_APPLIED,APPLIED,1,1,1,27604.342058,117239.0,0,0
b4_durable_workflow-after_intent_before_barrier-ledger_postings-7cb1f1f7-r1,(session-3),B4_DURABLE_WORKFLOW,after_intent_before_barrier,ledger_postings,NO_READBACK,CALLER_REFERENCE,9b497bea-2a0e-469c-b544-c941d5b28227,CONFIRMED_APPLIED,APPLIED,1,1,1,27385.958126,88104.0,0,0
b4_durable_workflow-after_intent_before_barrier-ledger_postings-7cb1f1f7-r1,(session-3),B4_DURABLE_WORKFLOW,after_intent_before_barrier,ledger_postings,NO_READBACK,CALLER_REFERENCE,4f53dc6f-5543-4d45-85c0-499540c7786f,CONFIRMED_APPLIED,APPLIED,1,1,1,27516.355136,59186.0,0,0
b4_durable_workflow-after_intent_before_barrier-ledger_postings-7cb1f1f7-r1,(session-3),B4_DURABLE_WORKFLOW,after_intent_before_barrier,ledger_postings,NO_READBACK,CALLER_REFERENCE,1eb4803e-00c3-41b8-9ad5-9d764d7399db,CONFIRMED_APPLIED,APPLIED,1,1,1,27399.032055,30113.0,0,0
b4_durable_workflow-after_intent_before_barrier-ledger_postings-7cb1f1f7-r1,(session-3),B4_DURABLE_WORKFLOW,after_intent_before_barrier,ledger_postings,NO_READBACK,CALLER_REFERENCE,50432228-565a-4b6a-841c-fc4bacfb5820,CONFIRMED_APPLIED,APPLIED,1,1,3,31323.847676,148193.0,0,0
b4_durable_workflow-after_intent_before_barrier-ledger_postings-7cb1f1f7-r1,(session-3),B4_DURABLE_WORKFLOW,after_intent_before_barrier,ledger_postings,NO_READBACK,CALLER_REFERENCE,bee51511-1972-4243-b460-0ec198aa7190,CONFIRMED_APPLIED,APPLIED,1,1,1,27540.430177,115296.0,0,0
b4_durable_workflow-after_intent_before_barrier-ledger_postings-7cb1f1f7-r1,(session-3),B4_DURABLE_WORKFLOW,after_intent_before_barrier,ledger_postings,NO_READBACK,CALLER_REFERENCE,f9e8834a-3bd6-4e63-9e00-eb726dfe9ab0,CONFIRMED_APPLIED,APPLIED,1,1,1,27593.911283,86295.0,0,0
b4_durable_workflow-after_intent_before_barrier-ledger_postings-7cb1f1f7-r1,(session-3),B4_DURABLE_WORKFLOW,after_intent_before_barrier,ledger_postings,NO_READBACK,CALLER_REFERENCE,6eeaf7b9-0b8f-4c53-bed5-6b4fd541f48f,CONFIRMED_APPLIED,APPLIED,1,1,1,27290.970935,57210.0,0,0
b4_durable_workflow-after_intent_before_barrier-ledger_postings-7cb1f1f7-r1,(session-3),B4_DURABLE_WORKFLOW,after_intent_before_barrier,ledger_postings,NO_READBACK,CALLER_REFERENCE,a64b7772-9b67-41e1-85a9-4c3836577f65,CONFIRMED_APPLIED,APPLIED,1,1,1,27624.549493,28289.0,0,0
b4_durable_workflow-after_intent_before_barrier-ledger_postings-7cb1f1f7-r2,(session-3),B4_DURABLE_WORKFLOW,after_intent_before_barrier,ledger_postings,NO_READBACK,CALLER_REFERENCE,2f6da09e-fb49-424b-9f7c-46cad88f468f,CONFIRMED_APPLIED,APPLIED,1,1,1,27472.632208,154110.0,0,0
b4_durable_workflow-after_intent_before_barrier-ledger_postings-7cb1f1f7-r2,(session-3),B4_DURABLE_WORKFLOW,after_intent_before_barrier,ledger_postings,NO_READBACK,CALLER_REFERENCE,fd93077c-2477-411f-9ab6-e0a140eca939,CONFIRMED_APPLIED,APPLIED,1,1,1,27415.803596,125192.0,0,0
b4_durable_workflow-after_intent_before_barrier-ledger_postings-7cb1f1f7-r2,(session-3),B4_DURABLE_WORKFLOW,after_intent_before_barrier,ledger_postings,NO_READBACK,CALLER_REFERENCE,0e4063dc-d8e0-4eaf-968f-d9ec76678e08,CONFIRMED_APPLIED,APPLIED,1,1,1,27341.592266,96145.0,0,0
b4_durable_workflow-after_intent_before_barrier-ledger_postings-7cb1f1f7-r2,(session-3),B4_DURABLE_WORKFLOW,after_intent_before_barrier,ledger_postings,NO_READBACK,CALLER_REFERENCE,7f0cfbbd-f552-4632-a2cd-91202393a83b,CONFIRMED_APPLIED,APPLIED,1,1,1,27482.273265,67279.0,0,0
b4_durable_workflow-after_intent_before_barrier-ledger_postings-7cb1f1f7-r2,(session-3),B4_DURABLE_WORKFLOW,after_intent_before_barrier,ledger_postings,NO_READBACK,CALLER_REFERENCE,04e167e0-b681-41f0-8401-dd5685e33a64,CONFIRMED_APPLIED,APPLIED,1,1,1,27437.108522,38239.0,0,0
b4_durable_workflow-after_intent_before_barrier-ledger_postings-7cb1f1f7-r2,(session-3),B4_DURABLE_WORKFLOW,after_intent_before_barrier,ledger_postings,NO_READBACK,CALLER_REFERENCE,c723c14c-052b-483b-b158-4efce2eef34b,CONFIRMED_APPLIED,APPLIED,1,1,1,27488.489776,154112.0,0,0
b4_durable_workflow-after_intent_before_barrier-ledger_postings-7cb1f1f7-r2,(session-3),B4_DURABLE_WORKFLOW,after_intent_before_barrier,ledger_postings,NO_READBACK,CALLER_REFERENCE,5eba53af-6940-46db-b3b8-2e53628aed97,CONFIRMED_APPLIED,APPLIED,1,1,1,27385.332018,125193.0,0,0
b4_durable_workflow-after_intent_before_barrier-ledger_postings-7cb1f1f7-r2,(session-3),B4_DURABLE_WORKFLOW,after_intent_before_barrier,ledger_postings,NO_READBACK,CALLER_REFERENCE,84ab7cc5-4747-4c80-af67-360c325c553c,CONFIRMED_APPLIED,APPLIED,3,1,3,37338.537303,96146.0,1,0
b4_durable_workflow-after_intent_before_barrier-ledger_postings-7cb1f1f7-r2,(session-3),B4_DURABLE_WORKFLOW,after_intent_before_barrier,ledger_postings,NO_READBACK,CALLER_REFERENCE,d588f19e-d3de-444a-abe1-9486a6d8215b,CONFIRMED_APPLIED,APPLIED,1,1,1,27471.466512,57200.0,0,0
b4_durable_workflow-after_intent_before_barrier-ledger_postings-7cb1f1f7-r2,(session-3),B4_DURABLE_WORKFLOW,after_intent_before_barrier,ledger_postings,NO_READBACK,CALLER_REFERENCE,5fea1e05-7f72-479d-a9cc-3ae55e0839a8,CONFIRMED_APPLIED,APPLIED,1,1,1,27737.297423,28252.0,0,0
b4_durable_workflow-after_intent_before_barrier-notifications-4b75290a-r0,(session-3),B4_DURABLE_WORKFLOW,after_intent_before_barrier,notifications,POSITIVE_ONLY_READBACK,CALLER_REFERENCE,865b89a4-f25d-4639-90b0-bb0e914b6f06,CONFIRMED_APPLIED,APPLIED,1,1,1,27417.072651,151030.0,0,0
b4_durable_workflow-after_intent_before_barrier-notifications-4b75290a-r0,(session-3),B4_DURABLE_WORKFLOW,after_intent_before_barrier,notifications,POSITIVE_ONLY_READBACK,CALLER_REFERENCE,9793a8d4-c44f-46b4-95e0-a996e0f348b2,CONFIRMED_APPLIED,APPLIED,1,1,1,27316.026776,122088.0,0,0
b4_durable_workflow-after_intent_before_barrier-notifications-4b75290a-r0,(session-3),B4_DURABLE_WORKFLOW,after_intent_before_barrier,notifications,POSITIVE_ONLY_READBACK,CALLER_REFERENCE,d2413c06-6204-4982-b5af-0646a37266f3,CONFIRMED_APPLIED,APPLIED,1,1,1,27531.844796,93228.0,0,0
b4_durable_workflow-after_intent_before_barrier-notifications-4b75290a-r0,(session-3),B4_DURABLE_WORKFLOW,after_intent_before_barrier,notifications,POSITIVE_ONLY_READBACK,CALLER_REFERENCE,6a4bca84-c056-459c-b7db-88fef17e7ce8,CONFIRMED_APPLIED,APPLIED,1,1,1,27650.453642,64196.0,0,0
b4_durable_workflow-after_intent_before_barrier-notifications-4b75290a-r0,(session-3),B4_DURABLE_WORKFLOW,after_intent_before_barrier,notifications,POSITIVE_ONLY_READBACK,CALLER_REFERENCE,a5a6bb37-2e9e-431e-b22a-1d5db61f35d2,CONFIRMED_APPLIED,APPLIED,2,1,2,32706.296604,35283.0,1,0
b4_durable_workflow-after_intent_before_barrier-notifications-4b75290a-r0,(session-3),B4_DURABLE_WORKFLOW,after_intent_before_barrier,notifications,POSITIVE_ONLY_READBACK,CALLER_REFERENCE,08a9ce9f-1177-433b-ac5c-c1790545f016,CONFIRMED_APPLIED,APPLIED,1,1,1,27404.706136,151032.0,0,0
b4_durable_workflow-after_intent_before_barrier-notifications-4b75290a-r0,(session-3),B4_DURABLE_WORKFLOW,after_intent_before_barrier,notifications,POSITIVE_ONLY_READBACK,CALLER_REFERENCE,1ab74569-97ee-4d36-b2ef-17e8f7f5b891,CONFIRMED_APPLIED,APPLIED,1,1,2,29345.438216,122090.0,0,0
b4_durable_workflow-after_intent_before_barrier-notifications-4b75290a-r0,(session-3),B4_DURABLE_WORKFLOW,after_intent_before_barrier,notifications,POSITIVE_ONLY_READBACK,CALLER_REFERENCE,0d589a75-ed84-459b-a8a3-a16c8337a107,CONFIRMED_APPLIED,APPLIED,2,1,2,32451.779406,91172.0,1,0
b4_durable_workflow-after_intent_before_barrier-notifications-4b75290a-r0,(session-3),B4_DURABLE_WORKFLOW,after_intent_before_barrier,notifications,POSITIVE_ONLY_READBACK,CALLER_REFERENCE,07e168fe-a3f8-49ef-9147-53570aa36ed2,CONFIRMED_APPLIED,APPLIED,1,1,1,27614.586704,57179.0,0,0
b4_durable_workflow-after_intent_before_barrier-notifications-4b75290a-r0,(session-3),B4_DURABLE_WORKFLOW,after_intent_before_barrier,notifications,POSITIVE_ONLY_READBACK,CALLER_REFERENCE,7f74117c-975a-40ae-ae37-0a152badc041,CONFIRMED_APPLIED,APPLIED,1,1,1,27495.190764,28107.0,0,0
b4_durable_workflow-after_intent_before_barrier-notifications-4b75290a-r1,(session-3),B4_DURABLE_WORKFLOW,after_intent_before_barrier,notifications,POSITIVE_ONLY_READBACK,CALLER_REFERENCE,2df70411-bbb5-4073-bedf-33ec90071e28,CONFIRMED_APPLIED,APPLIED,1,1,1,27504.410475,151135.0,0,0
b4_durable_workflow-after_intent_before_barrier-notifications-4b75290a-r1,(session-3),B4_DURABLE_WORKFLOW,after_intent_before_barrier,notifications,POSITIVE_ONLY_READBACK,CALLER_REFERENCE,15eef2b5-bf3d-4841-b05f-8975e6d858ae,CONFIRMED_APPLIED,APPLIED,1,1,1,27394.611533,122140.0,0,0
b4_durable_workflow-after_intent_before_barrier-notifications-4b75290a-r1,(session-3),B4_DURABLE_WORKFLOW,after_intent_before_barrier,notifications,POSITIVE_ONLY_READBACK,CALLER_REFERENCE,7960a129-bae5-4d09-a170-d65409973fe5,CONFIRMED_APPLIED,APPLIED,1,1,1,27428.414716,93250.0,0,0
b4_durable_workflow-after_intent_before_barrier-notifications-4b75290a-r1,(session-3),B4_DURABLE_WORKFLOW,after_intent_before_barrier,notifications,POSITIVE_ONLY_READBACK,CALLER_REFERENCE,8ddd8c8a-8186-4932-bba5-28b29126b994,CONFIRMED_APPLIED,APPLIED,1,1,1,27426.125309,64255.0,0,0
b4_durable_workflow-after_intent_before_barrier-notifications-4b75290a-r1,(session-3),B4_DURABLE_WORKFLOW,after_intent_before_barrier,notifications,POSITIVE_ONLY_READBACK,CALLER_REFERENCE,e5a42506-948f-4a05-9538-bef3ca40aa9a,CONFIRMED_APPLIED,APPLIED,1,1,1,27637.304909,35276.0,0,0
b4_durable_workflow-after_intent_before_barrier-notifications-4b75290a-r1,(session-3),B4_DURABLE_WORKFLOW,after_intent_before_barrier,notifications,POSITIVE_ONLY_READBACK,CALLER_REFERENCE,92a22ef6-52bb-4211-afab-643608e1829d,CONFIRMED_APPLIED,APPLIED,2,1,3,34440.486978,151137.0,1,0
b4_durable_workflow-after_intent_before_barrier-notifications-4b75290a-r1,(session-3),B4_DURABLE_WORKFLOW,after_intent_before_barrier,notifications,POSITIVE_ONLY_READBACK,CALLER_REFERENCE,f628459c-a22f-41be-87b5-a9d8b3fd78b3,CONFIRMED_APPLIED,APPLIED,1,1,1,27472.993381,115200.0,0,0
b4_durable_workflow-after_intent_before_barrier-notifications-4b75290a-r1,(session-3),B4_DURABLE_WORKFLOW,after_intent_before_barrier,notifications,POSITIVE_ONLY_READBACK,CALLER_REFERENCE,9cd308fa-5e65-4e69-8dd1-09fbe3a6b520,CONFIRMED_APPLIED,APPLIED,1,1,1,27480.212636,86210.0,0,0
b4_durable_workflow-after_intent_before_barrier-notifications-4b75290a-r1,(session-3),B4_DURABLE_WORKFLOW,after_intent_before_barrier,notifications,POSITIVE_ONLY_READBACK,CALLER_REFERENCE,9f5bb54a-f78d-4b33-a5c6-d68f2be3bd92,CONFIRMED_APPLIED,APPLIED,1,1,1,27409.260033,57214.0,0,0
b4_durable_workflow-after_intent_before_barrier-notifications-4b75290a-r1,(session-3),B4_DURABLE_WORKFLOW,after_intent_before_barrier,notifications,POSITIVE_ONLY_READBACK,CALLER_REFERENCE,b4053267-8d85-48bb-920a-824495954552,CONFIRMED_APPLIED,APPLIED,1,1,1,27666.969832,28277.0,0,0
b4_durable_workflow-after_intent_before_barrier-notifications-4b75290a-r2,(session-3),B4_DURABLE_WORKFLOW,after_intent_before_barrier,notifications,POSITIVE_ONLY_READBACK,CALLER_REFERENCE,a5913c8c-fa0d-4f79-8dca-183ca0b9a6ed,CONFIRMED_APPLIED,APPLIED,1,1,1,27430.730436,149034.0,0,0
b4_durable_workflow-after_intent_before_barrier-notifications-4b75290a-r2,(session-3),B4_DURABLE_WORKFLOW,after_intent_before_barrier,notifications,POSITIVE_ONLY_READBACK,CALLER_REFERENCE,f3856ae8-4f26-448e-bf5a-3995f4abccca,CONFIRMED_APPLIED,APPLIED,1,1,1,27396.705302,119986.0,0,0
b4_durable_workflow-after_intent_before_barrier-notifications-4b75290a-r2,(session-3),B4_DURABLE_WORKFLOW,after_intent_before_barrier,notifications,POSITIVE_ONLY_READBACK,CALLER_REFERENCE,d2a6fd37-2ed8-4ac1-b0a6-0542ed1194e6,CONFIRMED_APPLIED,APPLIED,1,1,1,27578.078241,91046.0,0,0
b4_durable_workflow-after_intent_before_barrier-notifications-4b75290a-r2,(session-3),B4_DURABLE_WORKFLOW,after_intent_before_barrier,notifications,POSITIVE_ONLY_READBACK,CALLER_REFERENCE,5c97c916-84f7-49d8-9955-5174eed5ac87,CONFIRMED_APPLIED,APPLIED,1,1,1,27336.715611,61984.0,0,0
b4_durable_workflow-after_intent_before_barrier-notifications-4b75290a-r2,(session-3),B4_DURABLE_WORKFLOW,after_intent_before_barrier,notifications,POSITIVE_ONLY_READBACK,CALLER_REFERENCE,606562f0-08e6-4374-bbcd-25612a87179d,CONFIRMED_APPLIED,APPLIED,1,1,1,27506.713923,33147.0,0,0
b4_durable_workflow-after_intent_before_barrier-notifications-4b75290a-r2,(session-3),B4_DURABLE_WORKFLOW,after_intent_before_barrier,notifications,POSITIVE_ONLY_READBACK,CALLER_REFERENCE,6a515551-e414-4132-972f-af335888617c,CONFIRMED_APPLIED,APPLIED,1,1,1,27505.208097,149037.0,0,0
b4_durable_workflow-after_intent_before_barrier-notifications-4b75290a-r2,(session-3),B4_DURABLE_WORKFLOW,after_intent_before_barrier,notifications,POSITIVE_ONLY_READBACK,CALLER_REFERENCE,df00ccb7-88ee-4f57-b178-e1ffe868ed49,CONFIRMED_APPLIED,APPLIED,1,1,1,27462.41807,119987.0,0,0
b4_durable_workflow-after_intent_before_barrier-notifications-4b75290a-r2,(session-3),B4_DURABLE_WORKFLOW,after_intent_before_barrier,notifications,POSITIVE_ONLY_READBACK,CALLER_REFERENCE,413e46ef-f49c-45ab-99ab-7071d0bbedb3,CONFIRMED_APPLIED,APPLIED,2,1,2,32376.722816,91049.0,1,0
b4_durable_workflow-after_intent_before_barrier-notifications-4b75290a-r2,(session-3),B4_DURABLE_WORKFLOW,after_intent_before_barrier,notifications,POSITIVE_ONLY_READBACK,CALLER_REFERENCE,f1e61b75-a5e6-4ba7-863e-4761361f5e6e,CONFIRMED_APPLIED,APPLIED,1,1,1,27575.589363,57261.0,0,0
b4_durable_workflow-after_intent_before_barrier-notifications-4b75290a-r2,(session-3),B4_DURABLE_WORKFLOW,after_intent_before_barrier,notifications,POSITIVE_ONLY_READBACK,CALLER_REFERENCE,589862e0-091e-4a09-8ad7-e6d31a04d6b7,CONFIRMED_APPLIED,APPLIED,1,1,1,27460.243296,28141.0,0,0
b4_durable_workflow-after_intent_before_barrier-payments-5b5a2213-r0,(session-3),B4_DURABLE_WORKFLOW,after_intent_before_barrier,payments,AUTHORITATIVE_READBACK,CALLER_REFERENCE,e85a4550-fc5c-4ff1-aed7-b586e90c7c70,CONFIRMED_APPLIED,APPLIED,1,1,1,27483.183101,144175.0,0,0
b4_durable_workflow-after_intent_before_barrier-payments-5b5a2213-r0,(session-3),B4_DURABLE_WORKFLOW,after_intent_before_barrier,payments,AUTHORITATIVE_READBACK,CALLER_REFERENCE,577e7d89-ffde-42b5-9be9-ef900a098b7e,CONFIRMED_APPLIED,APPLIED,1,1,1,27361.17387,115126.0,0,0
b4_durable_workflow-after_intent_before_barrier-payments-5b5a2213-r0,(session-3),B4_DURABLE_WORKFLOW,after_intent_before_barrier,payments,AUTHORITATIVE_READBACK,CALLER_REFERENCE,6a5ed33a-c35d-46ff-9728-d92940620359,CONFIRMED_APPLIED,APPLIED,1,1,1,27426.935198,86177.0,0,0
b4_durable_workflow-after_intent_before_barrier-payments-5b5a2213-r0,(session-3),B4_DURABLE_WORKFLOW,after_intent_before_barrier,payments,AUTHORITATIVE_READBACK,CALLER_REFERENCE,ed1b79cb-24c2-4966-b6f2-1047e17e2d62,CONFIRMED_APPLIED,APPLIED,1,1,1,27328.236501,57139.0,0,0
b4_durable_workflow-after_intent_before_barrier-payments-5b5a2213-r0,(session-3),B4_DURABLE_WORKFLOW,after_intent_before_barrier,payments,AUTHORITATIVE_READBACK,CALLER_REFERENCE,2678cae8-a28e-4194-b98a-b9362b9b413f,CONFIRMED_APPLIED,APPLIED,1,1,1,27431.833151,28161.0,0,0
b4_durable_workflow-after_intent_before_barrier-payments-5b5a2213-r0,(session-3),B4_DURABLE_WORKFLOW,after_intent_before_barrier,payments,AUTHORITATIVE_READBACK,CALLER_REFERENCE,558f3ebf-5920-4938-a591-886dfd8111ad,CONFIRMED_APPLIED,APPLIED,1,1,1,27483.147459,144177.0,0,0
b4_durable_workflow-after_intent_before_barrier-payments-5b5a2213-r0,(session-3),B4_DURABLE_WORKFLOW,after_intent_before_barrier,payments,AUTHORITATIVE_READBACK,CALLER_REFERENCE,70d7b3e2-fed8-4e56-9106-ebc94795e590,CONFIRMED_APPLIED,APPLIED,1,1,1,27362.469154,115127.0,0,0
b4_durable_workflow-after_intent_before_barrier-payments-5b5a2213-r0,(session-3),B4_DURABLE_WORKFLOW,after_intent_before_barrier,payments,AUTHORITATIVE_READBACK,CALLER_REFERENCE,fde194a4-82e7-429e-b476-cd30cb348b90,CONFIRMED_APPLIED,APPLIED,1,1,1,27426.718487,86178.0,0,0
b4_durable_workflow-after_intent_before_barrier-payments-5b5a2213-r0,(session-3),B4_DURABLE_WORKFLOW,after_intent_before_barrier,payments,AUTHORITATIVE_READBACK,CALLER_REFERENCE,d23d71ff-3459-4d17-a7b7-f7a6745da20c,CONFIRMED_APPLIED,APPLIED,1,1,1,27310.491202,57141.0,0,0
b4_durable_workflow-after_intent_before_barrier-payments-5b5a2213-r0,(session-3),B4_DURABLE_WORKFLOW,after_intent_before_barrier,payments,AUTHORITATIVE_READBACK,CALLER_REFERENCE,215f6d66-5d96-4feb-8777-b4d528fb4472,CONFIRMED_APPLIED,APPLIED,1,1,1,27438.985934,28162.0,0,0
b4_durable_workflow-after_intent_before_barrier-payments-5b5a2213-r1,(session-3),B4_DURABLE_WORKFLOW,after_intent_before_barrier,payments,AUTHORITATIVE_READBACK,CALLER_REFERENCE,9b34b99e-5233-464d-a159-dba4fa23dcbe,CONFIRMED_APPLIED,APPLIED,1,1,1,27336.546637,144030.0,0,0
b4_durable_workflow-after_intent_before_barrier-payments-5b5a2213-r1,(session-3),B4_DURABLE_WORKFLOW,after_intent_before_barrier,payments,AUTHORITATIVE_READBACK,CALLER_REFERENCE,65047913-7b3c-4639-aad8-63b93e30c0c8,CONFIRMED_APPLIED,APPLIED,1,1,1,27363.874168,115038.0,0,0
b4_durable_workflow-after_intent_before_barrier-payments-5b5a2213-r1,(session-3),B4_DURABLE_WORKFLOW,after_intent_before_barrier,payments,AUTHORITATIVE_READBACK,CALLER_REFERENCE,2ece6ad4-a8ea-41b1-a9fd-3896b29b658b,CONFIRMED_APPLIED,APPLIED,1,1,1,27481.743209,86079.0,0,0
b4_durable_workflow-after_intent_before_barrier-payments-5b5a2213-r1,(session-3),B4_DURABLE_WORKFLOW,after_intent_before_barrier,payments,AUTHORITATIVE_READBACK,CALLER_REFERENCE,16e96303-4670-4157-9911-3c6f61287369,CONFIRMED_APPLIED,APPLIED,1,1,1,27322.111802,57052.0,0,0
b4_durable_workflow-after_intent_before_barrier-payments-5b5a2213-r1,(session-3),B4_DURABLE_WORKFLOW,after_intent_before_barrier,payments,AUTHORITATIVE_READBACK,CALLER_REFERENCE,fb547814-2dbb-4c4e-afe8-9929a2f972e3,CONFIRMED_APPLIED,APPLIED,1,1,1,27386.99795,28085.0,0,0
b4_durable_workflow-after_intent_before_barrier-payments-5b5a2213-r1,(session-3),B4_DURABLE_WORKFLOW,after_intent_before_barrier,payments,AUTHORITATIVE_READBACK,CALLER_REFERENCE,9c2a581d-a25c-4506-998d-69818138319d,CONFIRMED_APPLIED,APPLIED,1,1,1,27333.941365,144031.0,0,0
b4_durable_workflow-after_intent_before_barrier-payments-5b5a2213-r1,(session-3),B4_DURABLE_WORKFLOW,after_intent_before_barrier,payments,AUTHORITATIVE_READBACK,CALLER_REFERENCE,9b2b187e-b6fe-47a9-8f9c-4f89117fc484,CONFIRMED_APPLIED,APPLIED,1,1,1,27345.448237,115040.0,0,0
b4_durable_workflow-after_intent_before_barrier-payments-5b5a2213-r1,(session-3),B4_DURABLE_WORKFLOW,after_intent_before_barrier,payments,AUTHORITATIVE_READBACK,CALLER_REFERENCE,fcd6247b-b83b-4072-a7ca-2693df1fd644,CONFIRMED_APPLIED,APPLIED,1,1,1,27484.606717,86081.0,0,0
b4_durable_workflow-after_intent_before_barrier-payments-5b5a2213-r1,(session-3),B4_DURABLE_WORKFLOW,after_intent_before_barrier,payments,AUTHORITATIVE_READBACK,CALLER_REFERENCE,889caa33-7428-42c6-8f48-761ab349b0d1,CONFIRMED_APPLIED,APPLIED,1,1,1,27326.893378,57053.0,0,0
b4_durable_workflow-after_intent_before_barrier-payments-5b5a2213-r1,(session-3),B4_DURABLE_WORKFLOW,after_intent_before_barrier,payments,AUTHORITATIVE_READBACK,CALLER_REFERENCE,b87195bd-fa01-45af-9a8b-7ee7b9f85fa6,CONFIRMED_APPLIED,APPLIED,1,1,1,27377.10805,28086.0,0,0
b4_durable_workflow-after_intent_before_barrier-payments-5b5a2213-r2,(session-3),B4_DURABLE_WORKFLOW,after_intent_before_barrier,payments,AUTHORITATIVE_READBACK,CALLER_REFERENCE,6481e6fe-e841-4f83-a5f8-84f8872f551d,CONFIRMED_APPLIED,APPLIED,1,1,1,27336.31213,149122.0,0,0
b4_durable_workflow-after_intent_before_barrier-payments-5b5a2213-r2,(session-3),B4_DURABLE_WORKFLOW,after_intent_before_barrier,payments,AUTHORITATIVE_READBACK,CALLER_REFERENCE,04a64276-8987-407d-95a4-83e8840ed7a5,CONFIRMED_APPLIED,APPLIED,1,1,1,27345.874442,120127.0,0,0
b4_durable_workflow-after_intent_before_barrier-payments-5b5a2213-r2,(session-3),B4_DURABLE_WORKFLOW,after_intent_before_barrier,payments,AUTHORITATIVE_READBACK,CALLER_REFERENCE,1c590e74-66b4-4ff9-9376-814c816bfd77,CONFIRMED_APPLIED,APPLIED,2,1,2,32342.375363,91189.0,1,0
b4_durable_workflow-after_intent_before_barrier-payments-5b5a2213-r2,(session-3),B4_DURABLE_WORKFLOW,after_intent_before_barrier,payments,AUTHORITATIVE_READBACK,CALLER_REFERENCE,8c08a889-3a3f-4fa3-a8b8-1aef73a6cac4,CONFIRMED_APPLIED,APPLIED,1,1,1,27470.673951,57204.0,0,0
b4_durable_workflow-after_intent_before_barrier-payments-5b5a2213-r2,(session-3),B4_DURABLE_WORKFLOW,after_intent_before_barrier,payments,AUTHORITATIVE_READBACK,CALLER_REFERENCE,430ee8b9-c547-428a-8517-56fae1a7a590,CONFIRMED_APPLIED,APPLIED,1,1,1,27498.365742,28198.0,0,0
b4_durable_workflow-after_intent_before_barrier-payments-5b5a2213-r2,(session-3),B4_DURABLE_WORKFLOW,after_intent_before_barrier,payments,AUTHORITATIVE_READBACK,CALLER_REFERENCE,707c485a-7730-4d8f-9f08-c56867c96b23,CONFIRMED_APPLIED,APPLIED,1,1,1,27336.916603,149124.0,0,0
b4_durable_workflow-after_intent_before_barrier-payments-5b5a2213-r2,(session-3),B4_DURABLE_WORKFLOW,after_intent_before_barrier,payments,AUTHORITATIVE_READBACK,CALLER_REFERENCE,acce5888-5cf9-4c15-9fbc-12fff838cfe9,CONFIRMED_APPLIED,APPLIED,1,1,1,27355.733716,120128.0,0,0
b4_durable_workflow-after_intent_before_barrier-payments-5b5a2213-r2,(session-3),B4_DURABLE_WORKFLOW,after_intent_before_barrier,payments,AUTHORITATIVE_READBACK,CALLER_REFERENCE,21991c6d-d8e7-45e7-a5ae-c268dfad6737,CONFIRMED_APPLIED,APPLIED,1,1,1,27406.593776,91191.0,0,0
b4_durable_workflow-after_intent_before_barrier-payments-5b5a2213-r2,(session-3),B4_DURABLE_WORKFLOW,after_intent_before_barrier,payments,AUTHORITATIVE_READBACK,CALLER_REFERENCE,36af5fec-da83-4a69-ab47-6ca92a05e7f4,CONFIRMED_APPLIED,APPLIED,1,1,1,27328.875063,62137.0,0,0
b4_durable_workflow-after_intent_before_barrier-payments-5b5a2213-r2,(session-3),B4_DURABLE_WORKFLOW,after_intent_before_barrier,payments,AUTHORITATIVE_READBACK,CALLER_REFERENCE,504ff441-7a51-4886-9bf2-e564810bc58b,CONFIRMED_APPLIED,APPLIED,1,1,2,29434.561038,33244.0,0,0
b4_durable_workflow-after_resolution_before_barrier-ledger_postings-55de1140-r0,(session-3),B4_DURABLE_WORKFLOW,after_resolution_before_barrier,ledger_postings,NO_READBACK,CALLER_REFERENCE,907b6a6a-904d-4617-aa66-324995ae98c0,CONFIRMED_APPLIED,APPLIED,1,1,0,20885.216576,122139.0,0,0
b4_durable_workflow-after_resolution_before_barrier-ledger_postings-55de1140-r0,(session-3),B4_DURABLE_WORKFLOW,after_resolution_before_barrier,ledger_postings,NO_READBACK,CALLER_REFERENCE,f27c928c-c7ec-48b8-93fd-6f1d73fa6426,CONFIRMED_APPLIED,APPLIED,1,1,0,21135.137397,97121.0,0,0
b4_durable_workflow-after_resolution_before_barrier-ledger_postings-55de1140-r0,(session-3),B4_DURABLE_WORKFLOW,after_resolution_before_barrier,ledger_postings,NO_READBACK,CALLER_REFERENCE,b5255ad8-cde5-4234-a049-e5dd9a464ab4,CONFIRMED_APPLIED,APPLIED,1,1,0,21379.89703,72202.0,0,0
b4_durable_workflow-after_resolution_before_barrier-ledger_postings-55de1140-r0,(session-3),B4_DURABLE_WORKFLOW,after_resolution_before_barrier,ledger_postings,NO_READBACK,CALLER_REFERENCE,56e32f95-3db8-44cc-80f0-760d44d11b7d,CONFIRMED_APPLIED,APPLIED,1,1,0,20624.312533,46219.0,0,0
b4_durable_workflow-after_resolution_before_barrier-ledger_postings-55de1140-r0,(session-3),B4_DURABLE_WORKFLOW,after_resolution_before_barrier,ledger_postings,NO_READBACK,CALLER_REFERENCE,4299985c-d0ad-42e5-837b-facc3715f82f,CONFIRMED_APPLIED,APPLIED,1,1,0,20631.090268,21186.0,0,0
b4_durable_workflow-after_resolution_before_barrier-ledger_postings-55de1140-r0,(session-3),B4_DURABLE_WORKFLOW,after_resolution_before_barrier,ledger_postings,NO_READBACK,CALLER_REFERENCE,a6a8d390-0368-4075-a56e-1c7eb63c1606,CONFIRMED_APPLIED,APPLIED,1,1,0,20888.322095,122140.0,0,0
b4_durable_workflow-after_resolution_before_barrier-ledger_postings-55de1140-r0,(session-3),B4_DURABLE_WORKFLOW,after_resolution_before_barrier,ledger_postings,NO_READBACK,CALLER_REFERENCE,4e7e0999-3aed-4897-bc99-33bb657a20e7,CONFIRMED_APPLIED,APPLIED,1,1,0,20876.547445,97115.0,0,0
b4_durable_workflow-after_resolution_before_barrier-ledger_postings-55de1140-r0,(session-3),B4_DURABLE_WORKFLOW,after_resolution_before_barrier,ledger_postings,NO_READBACK,CALLER_REFERENCE,faf1d3fe-002c-4e8b-b769-6f220390db90,CONFIRMED_APPLIED,APPLIED,1,1,0,21124.809437,72203.0,0,0
b4_durable_workflow-after_resolution_before_barrier-ledger_postings-55de1140-r0,(session-3),B4_DURABLE_WORKFLOW,after_resolution_before_barrier,ledger_postings,NO_READBACK,CALLER_REFERENCE,885206e6-137c-4f1c-ad94-b7618c516b2a,CONFIRMED_APPLIED,APPLIED,2,1,0,16351.110039,42255.0,1,0
b4_durable_workflow-after_resolution_before_barrier-ledger_postings-55de1140-r0,(session-3),B4_DURABLE_WORKFLOW,after_resolution_before_barrier,ledger_postings,NO_READBACK,CALLER_REFERENCE,abb11b15-632f-46ab-a1c4-12c83f5d661f,CONFIRMED_APPLIED,APPLIED,1,1,0,21388.834879,22164.0,0,0
b4_durable_workflow-after_resolution_before_barrier-ledger_postings-55de1140-r1,(session-3),B4_DURABLE_WORKFLOW,after_resolution_before_barrier,ledger_postings,NO_READBACK,CALLER_REFERENCE,13dcff92-4d36-429c-9d39-f141be272b29,CONFIRMED_APPLIED,APPLIED,1,1,0,20905.433334,122114.0,0,0
b4_durable_workflow-after_resolution_before_barrier-ledger_postings-55de1140-r1,(session-3),B4_DURABLE_WORKFLOW,after_resolution_before_barrier,ledger_postings,NO_READBACK,CALLER_REFERENCE,5fdf99a6-3016-441e-b7ec-be1dda1c5229,CONFIRMED_APPLIED,APPLIED,2,1,0,16114.900529,92175.0,1,0
b4_durable_workflow-after_resolution_before_barrier-ledger_postings-55de1140-r1,(session-3),B4_DURABLE_WORKFLOW,after_resolution_before_barrier,ledger_postings,NO_READBACK,CALLER_REFERENCE,212d08ab-15d6-4faa-be02-43de508b33b6,CONFIRMED_APPLIED,APPLIED,1,1,0,21137.0491,72145.0,0,0
b4_durable_workflow-after_resolution_before_barrier-ledger_postings-55de1140-r1,(session-3),B4_DURABLE_WORKFLOW,after_resolution_before_barrier,ledger_postings,NO_READBACK,CALLER_REFERENCE,1c43e7f7-ca09-42e1-aa71-45046931caaa,CONFIRMED_APPLIED,APPLIED,1,1,0,20378.213681,46202.0,0,0
b4_durable_workflow-after_resolution_before_barrier-ledger_postings-55de1140-r1,(session-3),B4_DURABLE_WORKFLOW,after_resolution_before_barrier,ledger_postings,NO_READBACK,CALLER_REFERENCE,5cb3df28-6b54-4743-b4e8-b59eecdaa6ee,CONFIRMED_APPLIED,APPLIED,1,1,0,20378.992765,21092.0,0,0
b4_durable_workflow-after_resolution_before_barrier-ledger_postings-55de1140-r1,(session-3),B4_DURABLE_WORKFLOW,after_resolution_before_barrier,ledger_postings,NO_READBACK,CALLER_REFERENCE,1c366e76-b51f-41bd-96b1-964ed9327bac,CONFIRMED_APPLIED,APPLIED,2,1,0,16118.680054,117219.0,1,0
b4_durable_workflow-after_resolution_before_barrier-ledger_postings-55de1140-r1,(session-3),B4_DURABLE_WORKFLOW,after_resolution_before_barrier,ledger_postings,NO_READBACK,CALLER_REFERENCE,cec76a90-363c-4954-a05e-3c11afccc603,CONFIRMED_APPLIED,APPLIED,1,1,0,21137.959245,97150.0,0,0
b4_durable_workflow-after_resolution_before_barrier-ledger_postings-55de1140-r1,(session-3),B4_DURABLE_WORKFLOW,after_resolution_before_barrier,ledger_postings,NO_READBACK,CALLER_REFERENCE,c38f4097-14fe-4c1a-b800-dca716dd1b62,CONFIRMED_APPLIED,APPLIED,1,1,0,21137.277802,72147.0,0,0
b4_durable_workflow-after_resolution_before_barrier-ledger_postings-55de1140-r1,(session-3),B4_DURABLE_WORKFLOW,after_resolution_before_barrier,ledger_postings,NO_READBACK,CALLER_REFERENCE,6d6e74e6-4426-4ad2-b680-e4d5227eb163,CONFIRMED_APPLIED,APPLIED,1,1,0,20373.91877,46204.0,0,0
b4_durable_workflow-after_resolution_before_barrier-ledger_postings-55de1140-r1,(session-3),B4_DURABLE_WORKFLOW,after_resolution_before_barrier,ledger_postings,NO_READBACK,CALLER_REFERENCE,255a1895-0f44-47a2-b94f-3104587a9d82,CONFIRMED_APPLIED,APPLIED,1,1,0,20372.167331,21094.0,0,0
b4_durable_workflow-after_resolution_before_barrier-ledger_postings-55de1140-r2,(session-3),B4_DURABLE_WORKFLOW,after_resolution_before_barrier,ledger_postings,NO_READBACK,CALLER_REFERENCE,b712a92c-3b98-49f8-b717-a14ca5c75d04,CONFIRMED_APPLIED,APPLIED,1,1,0,20873.82569,122060.0,0,0
b4_durable_workflow-after_resolution_before_barrier-ledger_postings-55de1140-r2,(session-3),B4_DURABLE_WORKFLOW,after_resolution_before_barrier,ledger_postings,NO_READBACK,CALLER_REFERENCE,827b3c9f-2645-4432-aaae-dd6748b0362d,CONFIRMED_APPLIED,APPLIED,1,1,0,20887.40889,97119.0,0,0
b4_durable_workflow-after_resolution_before_barrier-ledger_postings-55de1140-r2,(session-3),B4_DURABLE_WORKFLOW,after_resolution_before_barrier,ledger_postings,NO_READBACK,CALLER_REFERENCE,5a8a423f-855e-4553-830e-0da64bf04ac5,CONFIRMED_APPLIED,APPLIED,1,1,0,21107.648229,72085.0,0,0
b4_durable_workflow-after_resolution_before_barrier-ledger_postings-55de1140-r2,(session-3),B4_DURABLE_WORKFLOW,after_resolution_before_barrier,ledger_postings,NO_READBACK,CALLER_REFERENCE,09c83b75-4feb-43a2-a5b4-d9b307f0b17d,CONFIRMED_APPLIED,APPLIED,1,1,0,21397.495527,47141.0,0,0
b4_durable_workflow-after_resolution_before_barrier-ledger_postings-55de1140-r2,(session-3),B4_DURABLE_WORKFLOW,after_resolution_before_barrier,ledger_postings,NO_READBACK,CALLER_REFERENCE,eac29a91-7f66-4305-a820-caaa27908084,CONFIRMED_APPLIED,APPLIED,1,1,0,20378.653458,21094.0,0,0
b4_durable_workflow-after_resolution_before_barrier-ledger_postings-55de1140-r2,(session-3),B4_DURABLE_WORKFLOW,after_resolution_before_barrier,ledger_postings,NO_READBACK,CALLER_REFERENCE,25ff1fbb-fb6d-48f2-8630-7a2abe32e133,CONFIRMED_APPLIED,APPLIED,1,1,0,20892.054162,122062.0,0,0
b4_durable_workflow-after_resolution_before_barrier-ledger_postings-55de1140-r2,(session-3),B4_DURABLE_WORKFLOW,after_resolution_before_barrier,ledger_postings,NO_READBACK,CALLER_REFERENCE,20828050-3e11-409f-8213-2a628f9aa5d1,CONFIRMED_APPLIED,APPLIED,1,1,0,20870.119231,97121.0,0,0
b4_durable_workflow-after_resolution_before_barrier-ledger_postings-55de1140-r2,(session-3),B4_DURABLE_WORKFLOW,after_resolution_before_barrier,ledger_postings,NO_READBACK,CALLER_REFERENCE,9c1a771d-68d2-499f-ad11-810aa1299f61,CONFIRMED_APPLIED,APPLIED,1,1,0,21117.683732,72086.0,0,0
b4_durable_workflow-after_resolution_before_barrier-ledger_postings-55de1140-r2,(session-3),B4_DURABLE_WORKFLOW,after_resolution_before_barrier,ledger_postings,NO_READBACK,CALLER_REFERENCE,fb8b6b50-0f7a-46dd-a145-ed30cb86bee1,CONFIRMED_APPLIED,APPLIED,1,1,0,21394.321565,47142.0,0,0
b4_durable_workflow-after_resolution_before_barrier-ledger_postings-55de1140-r2,(session-3),B4_DURABLE_WORKFLOW,after_resolution_before_barrier,ledger_postings,NO_READBACK,CALLER_REFERENCE,819a5bd5-d229-490d-9555-e225907ac532,CONFIRMED_APPLIED,APPLIED,3,1,0,10566.537741,11138.0,1,0
b4_durable_workflow-after_resolution_before_barrier-notifications-519ee2b8-r0,(session-3),B4_DURABLE_WORKFLOW,after_resolution_before_barrier,notifications,POSITIVE_ONLY_READBACK,CALLER_REFERENCE,ec154c3c-b2c2-44e3-be68-aa369d5701af,CONFIRMED_APPLIED,APPLIED,1,1,0,20630.545348,121846.0,0,0
b4_durable_workflow-after_resolution_before_barrier-notifications-519ee2b8-r0,(session-3),B4_DURABLE_WORKFLOW,after_resolution_before_barrier,notifications,POSITIVE_ONLY_READBACK,CALLER_REFERENCE,e8be948c-ad8e-41dd-a938-f870571bd905,CONFIRMED_APPLIED,APPLIED,1,1,0,20872.092054,96910.0,0,0
b4_durable_workflow-after_resolution_before_barrier-notifications-519ee2b8-r0,(session-3),B4_DURABLE_WORKFLOW,after_resolution_before_barrier,notifications,POSITIVE_ONLY_READBACK,CALLER_REFERENCE,d12adee6-254d-4852-946c-179934f03fb4,CONFIRMED_APPLIED,APPLIED,1,1,0,20870.927458,71912.0,0,0
b4_durable_workflow-after_resolution_before_barrier-notifications-519ee2b8-r0,(session-3),B4_DURABLE_WORKFLOW,after_resolution_before_barrier,notifications,POSITIVE_ONLY_READBACK,CALLER_REFERENCE,97b91958-d15d-4ec9-96fb-2d332f3471e7,CONFIRMED_APPLIED,APPLIED,1,1,0,21375.490261,46995.0,0,0
b4_durable_workflow-after_resolution_before_barrier-notifications-519ee2b8-r0,(session-3),B4_DURABLE_WORKFLOW,after_resolution_before_barrier,notifications,POSITIVE_ONLY_READBACK,CALLER_REFERENCE,e035037b-f65d-4149-b339-8132e40549c8,CONFIRMED_APPLIED,APPLIED,1,1,0,21383.934548,21869.0,0,0
b4_durable_workflow-after_resolution_before_barrier-notifications-519ee2b8-r0,(session-3),B4_DURABLE_WORKFLOW,after_resolution_before_barrier,notifications,POSITIVE_ONLY_READBACK,CALLER_REFERENCE,5fe70034-7323-4692-bb89-892f84c3117f,CONFIRMED_APPLIED,APPLIED,1,1,0,20618.132083,121849.0,0,0
b4_durable_workflow-after_resolution_before_barrier-notifications-519ee2b8-r0,(session-3),B4_DURABLE_WORKFLOW,after_resolution_before_barrier,notifications,POSITIVE_ONLY_READBACK,CALLER_REFERENCE,c7fe76aa-ea77-47ec-8eec-884d2b86a55f,CONFIRMED_APPLIED,APPLIED,1,1,0,20858.672495,96913.0,0,0
b4_durable_workflow-after_resolution_before_barrier-notifications-519ee2b8-r0,(session-3),B4_DURABLE_WORKFLOW,after_resolution_before_barrier,notifications,POSITIVE_ONLY_READBACK,CALLER_REFERENCE,b6c2a815-510a-4593-9982-8d7811a9f6a2,CONFIRMED_APPLIED,APPLIED,1,1,0,20877.247792,71915.0,0,0
b4_durable_workflow-after_resolution_before_barrier-notifications-519ee2b8-r0,(session-3),B4_DURABLE_WORKFLOW,after_resolution_before_barrier,notifications,POSITIVE_ONLY_READBACK,CALLER_REFERENCE,ccc14355-eecd-4e9d-8cc4-912adf9bb3ce,CONFIRMED_APPLIED,APPLIED,1,1,0,21371.35099,46996.0,0,0
b4_durable_workflow-after_resolution_before_barrier-notifications-519ee2b8-r0,(session-3),B4_DURABLE_WORKFLOW,after_resolution_before_barrier,notifications,POSITIVE_ONLY_READBACK,CALLER_REFERENCE,57d7974d-b718-47ef-b3d9-2216a40f9972,CONFIRMED_APPLIED,APPLIED,1,1,0,19374.163555,19952.0,0,0
b4_durable_workflow-after_resolution_before_barrier-notifications-519ee2b8-r1,(session-3),B4_DURABLE_WORKFLOW,after_resolution_before_barrier,notifications,POSITIVE_ONLY_READBACK,CALLER_REFERENCE,ca10fd8e-adee-45c0-9a9f-67417362e380,CONFIRMED_APPLIED,APPLIED,1,1,0,20616.610114,121775.0,0,0
b4_durable_workflow-after_resolution_before_barrier-notifications-519ee2b8-r1,(session-3),B4_DURABLE_WORKFLOW,after_resolution_before_barrier,notifications,POSITIVE_ONLY_READBACK,CALLER_REFERENCE,b8caef40-7f59-4f02-b5c7-d00ae0ab6943,CONFIRMED_APPLIED,APPLIED,1,1,0,20621.744134,96763.0,0,0
b4_durable_workflow-after_resolution_before_barrier-notifications-519ee2b8-r1,(session-3),B4_DURABLE_WORKFLOW,after_resolution_before_barrier,notifications,POSITIVE_ONLY_READBACK,CALLER_REFERENCE,dae4291d-f4af-4737-bbbb-da697d768da7,CONFIRMED_APPLIED,APPLIED,1,1,0,20874.18992,71890.0,0,0
b4_durable_workflow-after_resolution_before_barrier-notifications-519ee2b8-r1,(session-3),B4_DURABLE_WORKFLOW,after_resolution_before_barrier,notifications,POSITIVE_ONLY_READBACK,CALLER_REFERENCE,40d3ff4f-95de-4f31-b58c-8a680cf6ffd4,CONFIRMED_APPLIED,APPLIED,2,1,0,16095.930483,41849.0,1,0
b4_durable_workflow-after_resolution_before_barrier-notifications-519ee2b8-r1,(session-3),B4_DURABLE_WORKFLOW,after_resolution_before_barrier,notifications,POSITIVE_ONLY_READBACK,CALLER_REFERENCE,c5fa8240-c948-4ee0-b389-06ee2a8783ce,CONFIRMED_APPLIED,APPLIED,2,1,0,16087.86781,16771.0,1,0
b4_durable_workflow-after_resolution_before_barrier-notifications-519ee2b8-r1,(session-3),B4_DURABLE_WORKFLOW,after_resolution_before_barrier,notifications,POSITIVE_ONLY_READBACK,CALLER_REFERENCE,4585d4c9-60cf-4752-8f61-e8fb3a52abcd,CONFIRMED_APPLIED,APPLIED,1,1,0,20625.193286,121777.0,0,0
b4_durable_workflow-after_resolution_before_barrier-notifications-519ee2b8-r1,(session-3),B4_DURABLE_WORKFLOW,after_resolution_before_barrier,notifications,POSITIVE_ONLY_READBACK,CALLER_REFERENCE,78290426-9e58-4629-a17a-dbb8d7d99640,CONFIRMED_APPLIED,APPLIED,1,1,0,20622.640557,96765.0,0,0
b4_durable_workflow-after_resolution_before_barrier-notifications-519ee2b8-r1,(session-3),B4_DURABLE_WORKFLOW,after_resolution_before_barrier,notifications,POSITIVE_ONLY_READBACK,CALLER_REFERENCE,7f7d8dd3-41ea-4a12-8fb9-7042e3673c73,CONFIRMED_APPLIED,APPLIED,1,1,0,20870.942628,71892.0,0,0
b4_durable_workflow-after_resolution_before_barrier-notifications-519ee2b8-r1,(session-3),B4_DURABLE_WORKFLOW,after_resolution_before_barrier,notifications,POSITIVE_ONLY_READBACK,CALLER_REFERENCE,54e5b848-80b8-43c9-b9cd-f6c26596727d,CONFIRMED_APPLIED,APPLIED,2,1,0,14084.085218,39869.0,1,0
b4_durable_workflow-after_resolution_before_barrier-notifications-519ee2b8-r1,(session-3),B4_DURABLE_WORKFLOW,after_resolution_before_barrier,notifications,POSITIVE_ONLY_READBACK,CALLER_REFERENCE,8a6cb86b-dfa4-4ab0-807a-fd1a9a71d4c0,CONFIRMED_APPLIED,APPLIED,1,1,0,21118.377605,21706.0,0,0
b4_durable_workflow-after_resolution_before_barrier-notifications-519ee2b8-r2,(session-3),B4_DURABLE_WORKFLOW,after_resolution_before_barrier,notifications,POSITIVE_ONLY_READBACK,CALLER_REFERENCE,c622c20d-b0d2-4c86-b40e-e891047f7b22,CONFIRMED_APPLIED,APPLIED,1,1,0,20613.429036,121803.0,0,0
b4_durable_workflow-after_resolution_before_barrier-notifications-519ee2b8-r2,(session-3),B4_DURABLE_WORKFLOW,after_resolution_before_barrier,notifications,POSITIVE_ONLY_READBACK,CALLER_REFERENCE,65dbc9bb-e306-44ce-aa0c-410d6305b5f2,CONFIRMED_APPLIED,APPLIED,1,1,0,20883.990012,96813.0,0,0
b4_durable_workflow-after_resolution_before_barrier-notifications-519ee2b8-r2,(session-3),B4_DURABLE_WORKFLOW,after_resolution_before_barrier,notifications,POSITIVE_ONLY_READBACK,CALLER_REFERENCE,7c5e8a18-4a24-4316-9051-daa077f25fc5,CONFIRMED_APPLIED,APPLIED,1,1,0,20877.892524,71799.0,0,0
b4_durable_workflow-after_resolution_before_barrier-notifications-519ee2b8-r2,(session-3),B4_DURABLE_WORKFLOW,after_resolution_before_barrier,notifications,POSITIVE_ONLY_READBACK,CALLER_REFERENCE,34cd0277-3560-4d76-9e0c-814a94a71bda,CONFIRMED_APPLIED,APPLIED,2,1,0,16101.422256,41849.0,1,0
b4_durable_workflow-after_resolution_before_barrier-notifications-519ee2b8-r2,(session-3),B4_DURABLE_WORKFLOW,after_resolution_before_barrier,notifications,POSITIVE_ONLY_READBACK,CALLER_REFERENCE,089bb5ef-c51e-46ad-8fa4-397e9449e266,CONFIRMED_APPLIED,APPLIED,1,1,0,21118.211914,21804.0,0,0
b4_durable_workflow-after_resolution_before_barrier-notifications-519ee2b8-r2,(session-3),B4_DURABLE_WORKFLOW,after_resolution_before_barrier,notifications,POSITIVE_ONLY_READBACK,CALLER_REFERENCE,454798a6-bb87-4d06-a8e2-8f769ee66b1d,CONFIRMED_APPLIED,APPLIED,1,1,0,20612.003114,121805.0,0,0
b4_durable_workflow-after_resolution_before_barrier-notifications-519ee2b8-r2,(session-3),B4_DURABLE_WORKFLOW,after_resolution_before_barrier,notifications,POSITIVE_ONLY_READBACK,CALLER_REFERENCE,70ec1926-f7cc-4d3b-8e66-9ed824373d49,CONFIRMED_APPLIED,APPLIED,1,1,0,20887.742136,96814.0,0,0
b4_durable_workflow-after_resolution_before_barrier-notifications-519ee2b8-r2,(session-3),B4_DURABLE_WORKFLOW,after_resolution_before_barrier,notifications,POSITIVE_ONLY_READBACK,CALLER_REFERENCE,bdacc30e-ab67-45ae-aa1a-ed6177b29558,CONFIRMED_APPLIED,APPLIED,1,1,0,20877.500323,71801.0,0,0
b4_durable_workflow-after_resolution_before_barrier-notifications-519ee2b8-r2,(session-3),B4_DURABLE_WORKFLOW,after_resolution_before_barrier,notifications,POSITIVE_ONLY_READBACK,CALLER_REFERENCE,907fa568-d440-4878-953e-03823f81a283,CONFIRMED_APPLIED,APPLIED,1,1,0,21137.312661,46835.0,0,0
b4_durable_workflow-after_resolution_before_barrier-notifications-519ee2b8-r2,(session-3),B4_DURABLE_WORKFLOW,after_resolution_before_barrier,notifications,POSITIVE_ONLY_READBACK,CALLER_REFERENCE,6240869a-c66e-4a20-9bf9-48868f978302,CONFIRMED_APPLIED,APPLIED,1,1,0,21135.226296,21805.0,0,0
b4_durable_workflow-after_resolution_before_barrier-payments-8fbcc4e9-r0,(session-3),B4_DURABLE_WORKFLOW,after_resolution_before_barrier,payments,AUTHORITATIVE_READBACK,CALLER_REFERENCE,ed259d5d-bc82-4cbc-bf70-75a9341ec9de,CONFIRMED_APPLIED,APPLIED,1,1,0,20880.806312,122145.0,0,0
b4_durable_workflow-after_resolution_before_barrier-payments-8fbcc4e9-r0,(session-3),B4_DURABLE_WORKFLOW,after_resolution_before_barrier,payments,AUTHORITATIVE_READBACK,CALLER_REFERENCE,a1e79fda-6555-4fbb-b94e-cc1dd7e4c781,CONFIRMED_APPLIED,APPLIED,1,1,0,21113.749299,97093.0,0,0
b4_durable_workflow-after_resolution_before_barrier-payments-8fbcc4e9-r0,(session-3),B4_DURABLE_WORKFLOW,after_resolution_before_barrier,payments,AUTHORITATIVE_READBACK,CALLER_REFERENCE,8d79415a-1921-41b2-b4b9-ea42a73d7b97,CONFIRMED_APPLIED,APPLIED,1,1,0,19360.328027,70051.0,0,0
b4_durable_workflow-after_resolution_before_barrier-payments-8fbcc4e9-r0,(session-3),B4_DURABLE_WORKFLOW,after_resolution_before_barrier,payments,AUTHORITATIVE_READBACK,CALLER_REFERENCE,62b1155f-85fc-48ca-aa74-cf911e9b3534,CONFIRMED_APPLIED,APPLIED,1,1,0,20634.586349,46220.0,0,0
b4_durable_workflow-after_resolution_before_barrier-payments-8fbcc4e9-r0,(session-3),B4_DURABLE_WORKFLOW,after_resolution_before_barrier,payments,AUTHORITATIVE_READBACK,CALLER_REFERENCE,a151946b-1c54-4fc6-a98b-a6f1a4c7616c,CONFIRMED_APPLIED,APPLIED,1,1,0,20375.539005,21054.0,0,0
b4_durable_workflow-after_resolution_before_barrier-payments-8fbcc4e9-r0,(session-3),B4_DURABLE_WORKFLOW,after_resolution_before_barrier,payments,AUTHORITATIVE_READBACK,CALLER_REFERENCE,a38df945-027a-4f44-86b5-1a8c826168c5,CONFIRMED_APPLIED,APPLIED,1,1,0,20873.192031,122146.0,0,0
b4_durable_workflow-after_resolution_before_barrier-payments-8fbcc4e9-r0,(session-3),B4_DURABLE_WORKFLOW,after_resolution_before_barrier,payments,AUTHORITATIVE_READBACK,CALLER_REFERENCE,6e1f0c50-3c5e-4428-a8f9-5bca60a5dad4,CONFIRMED_APPLIED,APPLIED,2,1,0,14075.579198,90157.0,1,0
b4_durable_workflow-after_resolution_before_barrier-payments-8fbcc4e9-r0,(session-3),B4_DURABLE_WORKFLOW,after_resolution_before_barrier,payments,AUTHORITATIVE_READBACK,CALLER_REFERENCE,8e026d58-18fd-441f-aa28-b65e516174f1,CONFIRMED_APPLIED,APPLIED,2,1,0,16341.910545,67142.0,1,0
b4_durable_workflow-after_resolution_before_barrier-payments-8fbcc4e9-r0,(session-3),B4_DURABLE_WORKFLOW,after_resolution_before_barrier,payments,AUTHORITATIVE_READBACK,CALLER_REFERENCE,c6c353d9-fce0-46f1-96db-9da5d51a213f,CONFIRMED_APPLIED,APPLIED,1,1,0,21382.208021,47110.0,0,0
b4_durable_workflow-after_resolution_before_barrier-payments-8fbcc4e9-r0,(session-3),B4_DURABLE_WORKFLOW,after_resolution_before_barrier,payments,AUTHORITATIVE_READBACK,CALLER_REFERENCE,7c3ddd78-92c6-4c3c-8c6c-db9053f0de64,CONFIRMED_APPLIED,APPLIED,1,1,0,20374.405718,21056.0,0,0
b4_durable_workflow-after_resolution_before_barrier-payments-8fbcc4e9-r1,(session-3),B4_DURABLE_WORKFLOW,after_resolution_before_barrier,payments,AUTHORITATIVE_READBACK,CALLER_REFERENCE,753be8ce-fea5-439e-926c-1935ad539186,UNVERIFIED_FAILURE,FAILED,2,1,0,11069.192362,112139.0,1,1
b4_durable_workflow-after_resolution_before_barrier-payments-8fbcc4e9-r1,(session-3),B4_DURABLE_WORKFLOW,after_resolution_before_barrier,payments,AUTHORITATIVE_READBACK,CALLER_REFERENCE,00a7db18-366c-41d2-9ac0-fdc042245120,CONFIRMED_APPLIED,APPLIED,1,1,0,20625.601533,96961.0,0,0
b4_durable_workflow-after_resolution_before_barrier-payments-8fbcc4e9-r1,(session-3),B4_DURABLE_WORKFLOW,after_resolution_before_barrier,payments,AUTHORITATIVE_READBACK,CALLER_REFERENCE,14dae7d8-4150-4597-91c7-98ef84b7e49c,CONFIRMED_APPLIED,APPLIED,1,1,0,20876.498883,71982.0,0,0
b4_durable_workflow-after_resolution_before_barrier-payments-8fbcc4e9-r1,(session-3),B4_DURABLE_WORKFLOW,after_resolution_before_barrier,payments,AUTHORITATIVE_READBACK,CALLER_REFERENCE,378f0bdb-576e-49ba-aca9-9a58a582e13a,CONFIRMED_APPLIED,APPLIED,1,1,0,21369.706896,47114.0,0,0
b4_durable_workflow-after_resolution_before_barrier-payments-8fbcc4e9-r1,(session-3),B4_DURABLE_WORKFLOW,after_resolution_before_barrier,payments,AUTHORITATIVE_READBACK,CALLER_REFERENCE,104654d2-17d4-47ad-95f2-6b0e41840462,CONFIRMED_APPLIED,APPLIED,1,1,0,21390.956574,21952.0,0,0
b4_durable_workflow-after_resolution_before_barrier-payments-8fbcc4e9-r1,(session-3),B4_DURABLE_WORKFLOW,after_resolution_before_barrier,payments,AUTHORITATIVE_READBACK,CALLER_REFERENCE,b40ce087-8783-40a7-a149-571833667b5a,CONFIRMED_APPLIED,APPLIED,1,1,0,20622.95076,121976.0,0,0
b4_durable_workflow-after_resolution_before_barrier-payments-8fbcc4e9-r1,(session-3),B4_DURABLE_WORKFLOW,after_resolution_before_barrier,payments,AUTHORITATIVE_READBACK,CALLER_REFERENCE,cb5bae70-3075-467e-a639-b7c352df655e,CONFIRMED_APPLIED,APPLIED,1,1,0,20633.830458,96963.0,0,0
b4_durable_workflow-after_resolution_before_barrier-payments-8fbcc4e9-r1,(session-3),B4_DURABLE_WORKFLOW,after_resolution_before_barrier,payments,AUTHORITATIVE_READBACK,CALLER_REFERENCE,937602b8-8ffc-4f76-96f4-16b7e98e8d05,CONFIRMED_APPLIED,APPLIED,2,1,0,16096.376738,67051.0,1,0
b4_durable_workflow-after_resolution_before_barrier-payments-8fbcc4e9-r1,(session-3),B4_DURABLE_WORKFLOW,after_resolution_before_barrier,payments,AUTHORITATIVE_READBACK,CALLER_REFERENCE,3df8a3c2-64aa-42d9-8536-9ef0026a4d02,CONFIRMED_APPLIED,APPLIED,1,1,0,21366.595535,47116.0,0,0
b4_durable_workflow-after_resolution_before_barrier-payments-8fbcc4e9-r1,(session-3),B4_DURABLE_WORKFLOW,after_resolution_before_barrier,payments,AUTHORITATIVE_READBACK,CALLER_REFERENCE,8d991cb6-ee4b-49c5-b38d-034c32f19c26,CONFIRMED_APPLIED,APPLIED,2,1,0,16591.350377,17015.0,1,0
b4_durable_workflow-after_resolution_before_barrier-payments-8fbcc4e9-r2,(session-3),B4_DURABLE_WORKFLOW,after_resolution_before_barrier,payments,AUTHORITATIVE_READBACK,CALLER_REFERENCE,d0adb2a6-42b0-4ec6-8cbf-64b07408d84e,CONFIRMED_APPLIED,APPLIED,1,1,0,20872.493972,121924.0,0,0
b4_durable_workflow-after_resolution_before_barrier-payments-8fbcc4e9-r2,(session-3),B4_DURABLE_WORKFLOW,after_resolution_before_barrier,payments,AUTHORITATIVE_READBACK,CALLER_REFERENCE,bcc0db95-d284-4413-98cb-65f0c667de65,CONFIRMED_APPLIED,APPLIED,1,1,0,20630.418544,96957.0,0,0
b4_durable_workflow-after_resolution_before_barrier-payments-8fbcc4e9-r2,(session-3),B4_DURABLE_WORKFLOW,after_resolution_before_barrier,payments,AUTHORITATIVE_READBACK,CALLER_REFERENCE,5d35c792-291f-4a20-8988-48c1ccef32fa,CONFIRMED_APPLIED,APPLIED,1,1,0,20887.931998,71960.0,0,0
b4_durable_workflow-after_resolution_before_barrier-payments-8fbcc4e9-r2,(session-3),B4_DURABLE_WORKFLOW,after_resolution_before_barrier,payments,AUTHORITATIVE_READBACK,CALLER_REFERENCE,9d0f200f-0dde-42a3-8ce4-b7c6302a89c3,CONFIRMED_APPLIED,APPLIED,1,1,0,20875.864034,46944.0,0,0
b4_durable_workflow-after_resolution_before_barrier-payments-8fbcc4e9-r2,(session-3),B4_DURABLE_WORKFLOW,after_resolution_before_barrier,payments,AUTHORITATIVE_READBACK,CALLER_REFERENCE,3c0bc25e-5cca-45a3-9514-bcf3ddf236e7,CONFIRMED_APPLIED,APPLIED,1,1,0,20876.84928,21899.0,0,0
b4_durable_workflow-after_resolution_before_barrier-payments-8fbcc4e9-r2,(session-3),B4_DURABLE_WORKFLOW,after_resolution_before_barrier,payments,AUTHORITATIVE_READBACK,CALLER_REFERENCE,9a091238-24ff-437a-80b6-66545772f4d5,CONFIRMED_APPLIED,APPLIED,1,1,0,19105.342546,120009.0,0,0
b4_durable_workflow-after_resolution_before_barrier-payments-8fbcc4e9-r2,(session-3),B4_DURABLE_WORKFLOW,after_resolution_before_barrier,payments,AUTHORITATIVE_READBACK,CALLER_REFERENCE,2fb9623d-f1bd-4dc9-8991-9b82c41b9e1f,CONFIRMED_APPLIED,APPLIED,1,1,0,20878.586126,96959.0,0,0
b4_durable_workflow-after_resolution_before_barrier-payments-8fbcc4e9-r2,(session-3),B4_DURABLE_WORKFLOW,after_resolution_before_barrier,payments,AUTHORITATIVE_READBACK,CALLER_REFERENCE,1a1dba8c-3274-493d-9d3f-e692a89307f6,CONFIRMED_APPLIED,APPLIED,1,1,0,21121.851463,71962.0,0,0
b4_durable_workflow-after_resolution_before_barrier-payments-8fbcc4e9-r2,(session-3),B4_DURABLE_WORKFLOW,after_resolution_before_barrier,payments,AUTHORITATIVE_READBACK,CALLER_REFERENCE,4ce2bb2e-9e14-46b7-a4a3-2b406818eed2,CONFIRMED_APPLIED,APPLIED,1,1,0,21132.626421,46945.0,0,0
b4_durable_workflow-after_resolution_before_barrier-payments-8fbcc4e9-r2,(session-3),B4_DURABLE_WORKFLOW,after_resolution_before_barrier,payments,AUTHORITATIVE_READBACK,CALLER_REFERENCE,fb7f18f6-1207-4338-95c9-b786c26abac7,CONFIRMED_APPLIED,APPLIED,1,1,0,21133.968079,21900.0,0,0
b4_durable_workflow-after_response_before_resolution-ledger_postings-8fce5e6d-r0,(session-3),B4_DURABLE_WORKFLOW,after_response_before_resolution,ledger_postings,NO_READBACK,CALLER_REFERENCE,cbeeafeb-9a5b-4257-8f19-6b841450c790,CONFIRMED_APPLIED,APPLIED,2,1,1,25472.397412,151962.0,1,0
b4_durable_workflow-after_response_before_resolution-ledger_postings-8fce5e6d-r0,(session-3),B4_DURABLE_WORKFLOW,after_response_before_resolution,ledger_postings,NO_READBACK,CALLER_REFERENCE,d9de42ce-43bc-49be-98c2-05b5090bab13,CONFIRMED_APPLIED,APPLIED,2,1,2,24461.674648,119995.0,1,0
b4_durable_workflow-after_response_before_resolution-ledger_postings-8fce5e6d-r0,(session-3),B4_DURABLE_WORKFLOW,after_response_before_resolution,ledger_postings,NO_READBACK,CALLER_REFERENCE,efd6d9ed-789f-45b6-99b6-27b3d1289fd8,CONFIRMED_APPLIED,APPLIED,2,1,1,25656.965804,92090.0,1,0
b4_durable_workflow-after_response_before_resolution-ledger_postings-8fce5e6d-r0,(session-3),B4_DURABLE_WORKFLOW,after_response_before_resolution,ledger_postings,NO_READBACK,CALLER_REFERENCE,ab5ef0c0-4340-41bb-b882-798260b1021d,CONFIRMED_APPLIED,APPLIED,2,1,1,25434.320677,62984.0,1,0
b4_durable_workflow-after_response_before_resolution-ledger_postings-8fce5e6d-r0,(session-3),B4_DURABLE_WORKFLOW,after_response_before_resolution,ledger_postings,NO_READBACK,CALLER_REFERENCE,cd7972cb-87ba-4f2c-8e11-83ee57c7feb1,CONFIRMED_APPLIED,APPLIED,2,1,1,25515.134389,33994.0,1,0
b4_durable_workflow-after_response_before_resolution-ledger_postings-8fce5e6d-r0,(session-3),B4_DURABLE_WORKFLOW,after_response_before_resolution,ledger_postings,NO_READBACK,CALLER_REFERENCE,c543b8ca-32d8-48a6-ba49-ae5e3150045d,CONFIRMED_APPLIED,APPLIED,2,1,1,22456.663126,148976.0,1,0
b4_durable_workflow-after_response_before_resolution-ledger_postings-8fce5e6d-r0,(session-3),B4_DURABLE_WORKFLOW,after_response_before_resolution,ledger_postings,NO_READBACK,CALLER_REFERENCE,50d219be-29b4-4c66-befe-406218a48e8f,CONFIRMED_APPLIED,APPLIED,2,1,1,25451.072367,122994.0,1,0
b4_durable_workflow-after_response_before_resolution-ledger_postings-8fce5e6d-r0,(session-3),B4_DURABLE_WORKFLOW,after_response_before_resolution,ledger_postings,NO_READBACK,CALLER_REFERENCE,9da9c3d8-5fdc-4606-a6e1-f4a1ee2f0900,CONFIRMED_APPLIED,APPLIED,3,1,2,30652.95132,94103.0,1,0
b4_durable_workflow-after_response_before_resolution-ledger_postings-8fce5e6d-r0,(session-3),B4_DURABLE_WORKFLOW,after_response_before_resolution,ledger_postings,NO_READBACK,CALLER_REFERENCE,6c635150-a3c9-4c81-b160-56f32f078757,CONFIRMED_APPLIED,APPLIED,2,1,1,25604.77455,60073.0,1,0
b4_durable_workflow-after_response_before_resolution-ledger_postings-8fce5e6d-r0,(session-3),B4_DURABLE_WORKFLOW,after_response_before_resolution,ledger_postings,NO_READBACK,CALLER_REFERENCE,a4becba2-d3ea-4509-b8d9-be9c91f8b1e9,CONFIRMED_APPLIED,APPLIED,3,1,2,30523.061089,31081.0,1,0
b4_durable_workflow-after_response_before_resolution-ledger_postings-8fce5e6d-r1,(session-3),B4_DURABLE_WORKFLOW,after_response_before_resolution,ledger_postings,NO_READBACK,CALLER_REFERENCE,d07531a0-b9e3-4fb0-85eb-c6e501b85859,CONFIRMED_APPLIED,APPLIED,2,1,1,25499.91345,149091.0,1,0
b4_durable_workflow-after_response_before_resolution-ledger_postings-8fce5e6d-r1,(session-3),B4_DURABLE_WORKFLOW,after_response_before_resolution,ledger_postings,NO_READBACK,CALLER_REFERENCE,7dc2dffb-d7d3-4e05-a0a7-5a0fc6b1b058,CONFIRMED_APPLIED,APPLIED,3,1,3,32366.902451,120086.0,1,0
b4_durable_workflow-after_response_before_resolution-ledger_postings-8fce5e6d-r1,(session-3),B4_DURABLE_WORKFLOW,after_response_before_resolution,ledger_postings,NO_READBACK,CALLER_REFERENCE,b87c6eb6-e683-4761-aec1-84e7d5251510,CONFIRMED_APPLIED,APPLIED,2,1,1,25647.380257,84222.0,1,0
b4_durable_workflow-after_response_before_resolution-ledger_postings-8fce5e6d-r1,(session-3),B4_DURABLE_WORKFLOW,after_response_before_resolution,ledger_postings,NO_READBACK,CALLER_REFERENCE,08096d85-954e-4b4e-91d4-4058ca64250c,CONFIRMED_APPLIED,APPLIED,2,1,1,25539.286896,55189.0,1,0
b4_durable_workflow-after_response_before_resolution-ledger_postings-8fce5e6d-r1,(session-3),B4_DURABLE_WORKFLOW,after_response_before_resolution,ledger_postings,NO_READBACK,CALLER_REFERENCE,e3231b21-02a8-418e-a7ac-e5a84b59df5a,CONFIRMED_APPLIED,APPLIED,2,1,1,25600.47348,26187.0,1,0
b4_durable_workflow-after_response_before_resolution-ledger_postings-8fce5e6d-r1,(session-3),B4_DURABLE_WORKFLOW,after_response_before_resolution,ledger_postings,NO_READBACK,CALLER_REFERENCE,fb653ab6-d9a8-4ff8-85be-2739a2dbaba0,CONFIRMED_APPLIED,APPLIED,2,1,1,25465.396661,149088.0,1,0
b4_durable_workflow-after_response_before_resolution-ledger_postings-8fce5e6d-r1,(session-3),B4_DURABLE_WORKFLOW,after_response_before_resolution,ledger_postings,NO_READBACK,CALLER_REFERENCE,fe1a49f9-0d11-4260-b539-52f9281549a3,CONFIRMED_APPLIED,APPLIED,2,1,1,25428.806506,120086.0,1,0
b4_durable_workflow-after_response_before_resolution-ledger_postings-8fce5e6d-r1,(session-3),B4_DURABLE_WORKFLOW,after_response_before_resolution,ledger_postings,NO_READBACK,CALLER_REFERENCE,6ff340b4-5f34-46ea-8567-611e6760ae22,CONFIRMED_APPLIED,APPLIED,2,1,3,29429.073886,91069.0,1,0
b4_durable_workflow-after_response_before_resolution-ledger_postings-8fce5e6d-r1,(session-3),B4_DURABLE_WORKFLOW,after_response_before_resolution,ledger_postings,NO_READBACK,CALLER_REFERENCE,66b0f26c-eeb8-4f9a-8bc8-b392b5bcf851,CONFIRMED_APPLIED,APPLIED,2,1,1,25463.341509,58124.0,1,0
b4_durable_workflow-after_response_before_resolution-ledger_postings-8fce5e6d-r1,(session-3),B4_DURABLE_WORKFLOW,after_response_before_resolution,ledger_postings,NO_READBACK,CALLER_REFERENCE,c65007d6-2558-4167-b521-6c78b2f13701,CONFIRMED_APPLIED,APPLIED,2,1,1,25489.345404,29124.0,1,0
b4_durable_workflow-after_response_before_resolution-ledger_postings-8fce5e6d-r2,(session-3),B4_DURABLE_WORKFLOW,after_response_before_resolution,ledger_postings,NO_READBACK,CALLER_REFERENCE,cd255258-64c4-4088-a91b-73ddc167a110,UNVERIFIED_FAILURE,FAILED,4,1,3,38415.691295,165066.0,1,1
b4_durable_workflow-after_response_before_resolution-ledger_postings-8fce5e6d-r2,(session-3),B4_DURABLE_WORKFLOW,after_response_before_resolution,ledger_postings,NO_READBACK,CALLER_REFERENCE,1a218341-6f0b-4cd3-baba-21359d75d079,CONFIRMED_APPLIED,APPLIED,2,1,1,25599.492993,123132.0,1,0
b4_durable_workflow-after_response_before_resolution-ledger_postings-8fce5e6d-r2,(session-3),B4_DURABLE_WORKFLOW,after_response_before_resolution,ledger_postings,NO_READBACK,CALLER_REFERENCE,9963a02c-a36d-423d-a961-c25399672dc6,CONFIRMED_APPLIED,APPLIED,2,1,1,25284.367763,94044.0,1,0
b4_durable_workflow-after_response_before_resolution-ledger_postings-8fce5e6d-r2,(session-3),B4_DURABLE_WORKFLOW,after_response_before_resolution,ledger_postings,NO_READBACK,CALLER_REFERENCE,13f10c98-99b9-473c-b433-61a3661435ce,CONFIRMED_APPLIED,APPLIED,3,1,2,30603.869326,65234.0,1,0
b4_durable_workflow-after_response_before_resolution-ledger_postings-8fce5e6d-r2,(session-3),B4_DURABLE_WORKFLOW,after_response_before_resolution,ledger_postings,NO_READBACK,CALLER_REFERENCE,476af7de-fb6e-4fb0-bb13-d4b9c1e014dc,CONFIRMED_APPLIED,APPLIED,3,1,2,30613.194868,31246.0,1,0
b4_durable_workflow-after_response_before_resolution-ledger_postings-8fce5e6d-r2,(session-3),B4_DURABLE_WORKFLOW,after_response_before_resolution,ledger_postings,NO_READBACK,CALLER_REFERENCE,6493d8d4-b5b5-40fa-86d9-f7c6ee79012c,CONFIRMED_APPLIED,APPLIED,2,1,1,25439.603785,165070.0,1,0
b4_durable_workflow-after_response_before_resolution-ledger_postings-8fce5e6d-r2,(session-3),B4_DURABLE_WORKFLOW,after_response_before_resolution,ledger_postings,NO_READBACK,CALLER_REFERENCE,9d547e47-4b57-43f4-a944-adb266f1639d,CONFIRMED_APPLIED,APPLIED,2,1,1,25370.062729,136102.0,1,0
b4_durable_workflow-after_response_before_resolution-ledger_postings-8fce5e6d-r2,(session-3),B4_DURABLE_WORKFLOW,after_response_before_resolution,ledger_postings,NO_READBACK,CALLER_REFERENCE,58ca226d-ed57-48f7-bd87-d58dc34bde01,CONFIRMED_APPLIED,APPLIED,2,1,1,25518.244549,107218.0,1,0
b4_durable_workflow-after_response_before_resolution-ledger_postings-8fce5e6d-r2,(session-3),B4_DURABLE_WORKFLOW,after_response_before_resolution,ledger_postings,NO_READBACK,CALLER_REFERENCE,38e2bb74-e455-435f-a184-d561bafc8a2a,CONFIRMED_APPLIED,APPLIED,2,1,1,25618.535357,78306.0,1,0
b4_durable_workflow-after_response_before_resolution-ledger_postings-8fce5e6d-r2,(session-3),B4_DURABLE_WORKFLOW,after_response_before_resolution,ledger_postings,NO_READBACK,CALLER_REFERENCE,9f8734e1-f16b-499c-8173-d128b44ead7e,CONFIRMED_APPLIED,APPLIED,2,1,1,25602.932577,49174.0,1,0
b4_durable_workflow-after_response_before_resolution-notifications-3aa55d4f-r0,(session-3),B4_DURABLE_WORKFLOW,after_response_before_resolution,notifications,POSITIVE_ONLY_READBACK,CALLER_REFERENCE,201a04a6-4108-47b5-a3b3-689cf71e30ad,CONFIRMED_APPLIED,APPLIED,2,1,1,25554.959046,142188.0,1,0
b4_durable_workflow-after_response_before_resolution-notifications-3aa55d4f-r0,(session-3),B4_DURABLE_WORKFLOW,after_response_before_resolution,notifications,POSITIVE_ONLY_READBACK,CALLER_REFERENCE,43d68d6f-212b-44f0-98e2-06a9ade89af9,CONFIRMED_APPLIED,APPLIED,2,1,1,25397.665737,113204.0,1,0
b4_durable_workflow-after_response_before_resolution-notifications-3aa55d4f-r0,(session-3),B4_DURABLE_WORKFLOW,after_response_before_resolution,notifications,POSITIVE_ONLY_READBACK,CALLER_REFERENCE,21f47700-c346-41a2-ad29-bb57ef00ac84,CONFIRMED_APPLIED,APPLIED,2,1,1,25493.342799,84235.0,1,0
b4_durable_workflow-after_response_before_resolution-notifications-3aa55d4f-r0,(session-3),B4_DURABLE_WORKFLOW,after_response_before_resolution,notifications,POSITIVE_ONLY_READBACK,CALLER_REFERENCE,dfa0a9af-d2fb-4ce8-8543-0f653100a5ec,CONFIRMED_APPLIED,APPLIED,2,1,1,22280.311627,52223.0,1,0
b4_durable_workflow-after_response_before_resolution-notifications-3aa55d4f-r0,(session-3),B4_DURABLE_WORKFLOW,after_response_before_resolution,notifications,POSITIVE_ONLY_READBACK,CALLER_REFERENCE,14b38b25-b227-47d8-8ed7-c36e965fae75,CONFIRMED_APPLIED,APPLIED,2,1,1,25476.053219,26174.0,1,0
b4_durable_workflow-after_response_before_resolution-notifications-3aa55d4f-r0,(session-3),B4_DURABLE_WORKFLOW,after_response_before_resolution,notifications,POSITIVE_ONLY_READBACK,CALLER_REFERENCE,c9d086ac-02db-4d45-8c18-8f9b0f92adc5,CONFIRMED_APPLIED,APPLIED,2,1,1,25535.080822,142189.0,1,0
b4_durable_workflow-after_response_before_resolution-notifications-3aa55d4f-r0,(session-3),B4_DURABLE_WORKFLOW,after_response_before_resolution,notifications,POSITIVE_ONLY_READBACK,CALLER_REFERENCE,59c74985-9fa2-4681-8905-734d1a8bbc0d,CONFIRMED_APPLIED,APPLIED,2,1,1,25391.957512,113206.0,1,0
b4_durable_workflow-after_response_before_resolution-notifications-3aa55d4f-r0,(session-3),B4_DURABLE_WORKFLOW,after_response_before_resolution,notifications,POSITIVE_ONLY_READBACK,CALLER_REFERENCE,9f0f831b-2b6e-4ba7-9c5c-7b91db5d52a2,CONFIRMED_APPLIED,APPLIED,2,1,1,25508.057363,84236.0,1,0
b4_durable_workflow-after_response_before_resolution-notifications-3aa55d4f-r0,(session-3),B4_DURABLE_WORKFLOW,after_response_before_resolution,notifications,POSITIVE_ONLY_READBACK,CALLER_REFERENCE,f7cd2388-9199-4457-b0e2-751cbcdbb572,CONFIRMED_APPLIED,APPLIED,2,1,1,22409.005234,52224.0,1,0
b4_durable_workflow-after_response_before_resolution-notifications-3aa55d4f-r0,(session-3),B4_DURABLE_WORKFLOW,after_response_before_resolution,notifications,POSITIVE_ONLY_READBACK,CALLER_REFERENCE,1399bff2-bb56-446c-8541-8a88410403de,CONFIRMED_APPLIED,APPLIED,2,1,1,25475.366751,26178.0,1,0
b4_durable_workflow-after_response_before_resolution-notifications-3aa55d4f-r1,(session-3),B4_DURABLE_WORKFLOW,after_response_before_resolution,notifications,POSITIVE_ONLY_READBACK,CALLER_REFERENCE,076fcee2-decb-4903-9c7f-ecb6f5613cbf,CONFIRMED_APPLIED,APPLIED,2,1,1,22469.405251,143017.0,1,0
b4_durable_workflow-after_response_before_resolution-notifications-3aa55d4f-r1,(session-3),B4_DURABLE_WORKFLOW,after_response_before_resolution,notifications,POSITIVE_ONLY_READBACK,CALLER_REFERENCE,43ae1828-e4d4-4e96-8925-032ca90fd8c0,CONFIRMED_APPLIED,APPLIED,2,1,1,25471.91277,117130.0,1,0
b4_durable_workflow-after_response_before_resolution-notifications-3aa55d4f-r1,(session-3),B4_DURABLE_WORKFLOW,after_response_before_resolution,notifications,POSITIVE_ONLY_READBACK,CALLER_REFERENCE,ed7a0928-6df4-48e8-a090-6b4cbbe97600,CONFIRMED_APPLIED,APPLIED,2,1,1,25461.722081,88075.0,1,0
b4_durable_workflow-after_response_before_resolution-notifications-3aa55d4f-r1,(session-3),B4_DURABLE_WORKFLOW,after_response_before_resolution,notifications,POSITIVE_ONLY_READBACK,CALLER_REFERENCE,5b9b3738-a232-436a-8d15-e9bee919127d,CONFIRMED_APPLIED,APPLIED,2,1,3,29452.707808,59070.0,1,0
b4_durable_workflow-after_response_before_resolution-notifications-3aa55d4f-r1,(session-3),B4_DURABLE_WORKFLOW,after_response_before_resolution,notifications,POSITIVE_ONLY_READBACK,CALLER_REFERENCE,dbd6d56f-6e1f-4092-8372-317ac13d8e65,CONFIRMED_APPLIED,APPLIED,2,1,1,25574.328754,26131.0,1,0
b4_durable_workflow-after_response_before_resolution-notifications-3aa55d4f-r1,(session-3),B4_DURABLE_WORKFLOW,after_response_before_resolution,notifications,POSITIVE_ONLY_READBACK,CALLER_REFERENCE,69c0def8-5789-4334-a342-78dbee619d1a,CONFIRMED_APPLIED,APPLIED,2,1,1,25521.223822,146018.0,1,0
b4_durable_workflow-after_response_before_resolution-notifications-3aa55d4f-r1,(session-3),B4_DURABLE_WORKFLOW,after_response_before_resolution,notifications,POSITIVE_ONLY_READBACK,CALLER_REFERENCE,8bbf2245-9a3b-4b19-9d01-c90922ccd9c8,CONFIRMED_APPLIED,APPLIED,2,1,1,25480.012751,117133.0,1,0
b4_durable_workflow-after_response_before_resolution-notifications-3aa55d4f-r1,(session-3),B4_DURABLE_WORKFLOW,after_response_before_resolution,notifications,POSITIVE_ONLY_READBACK,CALLER_REFERENCE,8cc38f5b-74d2-42bb-ba18-cfb823f31a56,CONFIRMED_APPLIED,APPLIED,2,1,1,25468.283443,88076.0,1,0
b4_durable_workflow-after_response_before_resolution-notifications-3aa55d4f-r1,(session-3),B4_DURABLE_WORKFLOW,after_response_before_resolution,notifications,POSITIVE_ONLY_READBACK,CALLER_REFERENCE,f45ceaee-da70-4481-893a-425439a5cf33,CONFIRMED_APPLIED,APPLIED,2,1,1,25534.288666,59070.0,1,0
b4_durable_workflow-after_response_before_resolution-notifications-3aa55d4f-r1,(session-3),B4_DURABLE_WORKFLOW,after_response_before_resolution,notifications,POSITIVE_ONLY_READBACK,CALLER_REFERENCE,19098ac1-95d2-466e-b014-3dc19058cea0,CONFIRMED_APPLIED,APPLIED,2,1,1,25357.964329,30052.0,1,0
b4_durable_workflow-after_response_before_resolution-notifications-3aa55d4f-r2,(session-3),B4_DURABLE_WORKFLOW,after_response_before_resolution,notifications,POSITIVE_ONLY_READBACK,CALLER_REFERENCE,bd6cf478-44e5-48cc-9c96-c095ba86a1ae,CONFIRMED_APPLIED,APPLIED,2,1,1,25306.038197,146894.0,1,0
b4_durable_workflow-after_response_before_resolution-notifications-3aa55d4f-r2,(session-3),B4_DURABLE_WORKFLOW,after_response_before_resolution,notifications,POSITIVE_ONLY_READBACK,CALLER_REFERENCE,2872bb90-e7da-4f08-8342-8ddbce862490,CONFIRMED_APPLIED,APPLIED,2,1,2,27659.609557,117946.0,1,0
b4_durable_workflow-after_response_before_resolution-notifications-3aa55d4f-r2,(session-3),B4_DURABLE_WORKFLOW,after_response_before_resolution,notifications,POSITIVE_ONLY_READBACK,CALLER_REFERENCE,8f603fb6-8c5a-4f4d-a398-844ff8b5fd64,CONFIRMED_APPLIED,APPLIED,2,1,1,25490.968669,86923.0,1,0
b4_durable_workflow-after_response_before_resolution-notifications-3aa55d4f-r2,(session-3),B4_DURABLE_WORKFLOW,after_response_before_resolution,notifications,POSITIVE_ONLY_READBACK,CALLER_REFERENCE,db934328-9564-4f35-a257-57907b0b336e,CONFIRMED_APPLIED,APPLIED,2,1,1,25601.377664,57960.0,1,0
b4_durable_workflow-after_response_before_resolution-notifications-3aa55d4f-r2,(session-3),B4_DURABLE_WORKFLOW,after_response_before_resolution,notifications,POSITIVE_ONLY_READBACK,CALLER_REFERENCE,8b44b357-7055-4297-8609-0e025a97f269,CONFIRMED_APPLIED,APPLIED,2,1,1,22513.509663,25928.0,1,0
b4_durable_workflow-after_response_before_resolution-notifications-3aa55d4f-r2,(session-3),B4_DURABLE_WORKFLOW,after_response_before_resolution,notifications,POSITIVE_ONLY_READBACK,CALLER_REFERENCE,b89aab6a-fe1a-43b5-8720-08a88d2a93e8,CONFIRMED_APPLIED,APPLIED,2,1,1,25329.136059,146899.0,1,0
b4_durable_workflow-after_response_before_resolution-notifications-3aa55d4f-r2,(session-3),B4_DURABLE_WORKFLOW,after_response_before_resolution,notifications,POSITIVE_ONLY_READBACK,CALLER_REFERENCE,a12b443f-4dd7-4d14-8397-ae062e5151be,CONFIRMED_APPLIED,APPLIED,2,1,1,25641.807533,117947.0,1,0
b4_durable_workflow-after_response_before_resolution-notifications-3aa55d4f-r2,(session-3),B4_DURABLE_WORKFLOW,after_response_before_resolution,notifications,POSITIVE_ONLY_READBACK,CALLER_REFERENCE,42349015-729d-4ce1-b2ea-4ac813d93a69,CONFIRMED_APPLIED,APPLIED,2,1,1,25497.743823,88935.0,1,0
b4_durable_workflow-after_response_before_resolution-notifications-3aa55d4f-r2,(session-3),B4_DURABLE_WORKFLOW,after_response_before_resolution,notifications,POSITIVE_ONLY_READBACK,CALLER_REFERENCE,41f249dd-563a-411e-8900-e67ed2438f82,CONFIRMED_APPLIED,APPLIED,3,1,2,30529.391989,59972.0,1,0
b4_durable_workflow-after_response_before_resolution-notifications-3aa55d4f-r2,(session-3),B4_DURABLE_WORKFLOW,after_response_before_resolution,notifications,POSITIVE_ONLY_READBACK,CALLER_REFERENCE,7e04d58e-bc78-43e2-a3a5-dbd9af9e0f29,CONFIRMED_APPLIED,APPLIED,2,1,1,22646.317142,23177.0,1,0
b4_durable_workflow-after_response_before_resolution-payments-6192e658-r0,(session-3),B4_DURABLE_WORKFLOW,after_response_before_resolution,payments,AUTHORITATIVE_READBACK,CALLER_REFERENCE,3c85efde-4ca4-46ea-a3f5-9f16ca38f908,CONFIRMED_APPLIED,APPLIED,2,1,1,22357.51506,156005.0,1,0
b4_durable_workflow-after_response_before_resolution-payments-6192e658-r0,(session-3),B4_DURABLE_WORKFLOW,after_response_before_resolution,payments,AUTHORITATIVE_READBACK,CALLER_REFERENCE,da23c3b1-6874-41ba-a68f-3cf2254a93cc,CONFIRMED_APPLIED,APPLIED,3,1,3,32355.430495,130092.0,1,0
b4_durable_workflow-after_response_before_resolution-payments-6192e658-r0,(session-3),B4_DURABLE_WORKFLOW,after_response_before_resolution,payments,AUTHORITATIVE_READBACK,CALLER_REFERENCE,2b6bf6b9-39bd-4020-a338-3a8ff798a03d,CONFIRMED_APPLIED,APPLIED,3,1,2,30438.689601,94139.0,1,0
b4_durable_workflow-after_response_before_resolution-payments-6192e658-r0,(session-3),B4_DURABLE_WORKFLOW,after_response_before_resolution,payments,AUTHORITATIVE_READBACK,CALLER_REFERENCE,3ffe5ef6-9d6c-4326-b1ce-5ddce035f71d,CONFIRMED_APPLIED,APPLIED,2,1,1,25467.441259,60159.0,1,0
b4_durable_workflow-after_response_before_resolution-payments-6192e658-r0,(session-3),B4_DURABLE_WORKFLOW,after_response_before_resolution,payments,AUTHORITATIVE_READBACK,CALLER_REFERENCE,1c77b0d0-678f-4fd7-914b-493f7a8bff8d,CONFIRMED_APPLIED,APPLIED,3,1,2,30590.6003,31141.0,1,0
b4_durable_workflow-after_response_before_resolution-payments-6192e658-r0,(session-3),B4_DURABLE_WORKFLOW,after_response_before_resolution,payments,AUTHORITATIVE_READBACK,CALLER_REFERENCE,5ccbe836-7141-4b19-98dd-3ebdb63e49ac,CONFIRMED_APPLIED,APPLIED,2,1,1,25412.021405,159012.0,1,0
b4_durable_workflow-after_response_before_resolution-payments-6192e658-r0,(session-3),B4_DURABLE_WORKFLOW,after_response_before_resolution,payments,AUTHORITATIVE_READBACK,CALLER_REFERENCE,e1b06f03-0025-4dbf-ab80-70dbbecc9969,CONFIRMED_APPLIED,APPLIED,2,1,1,25402.464614,130097.0,1,0
b4_durable_workflow-after_response_before_resolution-payments-6192e658-r0,(session-3),B4_DURABLE_WORKFLOW,after_response_before_resolution,payments,AUTHORITATIVE_READBACK,CALLER_REFERENCE,a1c5da0b-8a32-4753-82e6-e4a1dedbd9ce,CONFIRMED_APPLIED,APPLIED,3,1,2,30372.630953,101088.0,1,0
b4_durable_workflow-after_response_before_resolution-payments-6192e658-r0,(session-3),B4_DURABLE_WORKFLOW,after_response_before_resolution,payments,AUTHORITATIVE_READBACK,CALLER_REFERENCE,7a1d88b2-a2f3-4dc6-bf22-b4f8e75d0e38,CONFIRMED_APPLIED,APPLIED,1,1,1,25418.265698,67177.0,0,0
b4_durable_workflow-after_response_before_resolution-payments-6192e658-r0,(session-3),B4_DURABLE_WORKFLOW,after_response_before_resolution,payments,AUTHORITATIVE_READBACK,CALLER_REFERENCE,d21d4db2-31b8-45a7-b9d0-ca3244c46234,CONFIRMED_APPLIED,APPLIED,3,1,2,30519.922749,38177.0,1,0
b4_durable_workflow-after_response_before_resolution-payments-6192e658-r1,(session-3),B4_DURABLE_WORKFLOW,after_response_before_resolution,payments,AUTHORITATIVE_READBACK,CALLER_REFERENCE,2797cbd0-3f46-42e7-846d-a9cd912ec9d0,CONFIRMED_APPLIED,APPLIED,2,1,1,25373.236145,142140.0,1,0
b4_durable_workflow-after_response_before_resolution-payments-6192e658-r1,(session-3),B4_DURABLE_WORKFLOW,after_response_before_resolution,payments,AUTHORITATIVE_READBACK,CALLER_REFERENCE,26319262-c41d-432f-a482-7e2f8b150eab,CONFIRMED_APPLIED,APPLIED,2,1,1,25391.629774,113114.0,1,0
b4_durable_workflow-after_response_before_resolution-payments-6192e658-r1,(session-3),B4_DURABLE_WORKFLOW,after_response_before_resolution,payments,AUTHORITATIVE_READBACK,CALLER_REFERENCE,569c293c-4bb3-4cc5-8b87-8ae47c375fad,CONFIRMED_APPLIED,APPLIED,2,1,1,22688.965472,81162.0,1,0
b4_durable_workflow-after_response_before_resolution-payments-6192e658-r1,(session-3),B4_DURABLE_WORKFLOW,after_response_before_resolution,payments,AUTHORITATIVE_READBACK,CALLER_REFERENCE,1cb637b8-74cb-4001-beaf-9f80e86611b3,CONFIRMED_APPLIED,APPLIED,2,1,1,25493.094535,55116.0,1,0
b4_durable_workflow-after_response_before_resolution-payments-6192e658-r1,(session-3),B4_DURABLE_WORKFLOW,after_response_before_resolution,payments,AUTHORITATIVE_READBACK,CALLER_REFERENCE,8e208a1b-48fd-4cb5-90b7-0dc30bc49a70,CONFIRMED_APPLIED,APPLIED,2,1,1,25344.720687,25910.0,1,0
b4_durable_workflow-after_response_before_resolution-payments-6192e658-r1,(session-3),B4_DURABLE_WORKFLOW,after_response_before_resolution,payments,AUTHORITATIVE_READBACK,CALLER_REFERENCE,6d917470-8547-4d40-a7d8-a72742957526,CONFIRMED_APPLIED,APPLIED,2,1,1,25354.842599,142141.0,1,0
b4_durable_workflow-after_response_before_resolution-payments-6192e658-r1,(session-3),B4_DURABLE_WORKFLOW,after_response_before_resolution,payments,AUTHORITATIVE_READBACK,CALLER_REFERENCE,c8848c96-5430-4d94-8d3f-1381907a7cb8,CONFIRMED_APPLIED,APPLIED,2,1,1,25397.537863,113114.0,1,0
b4_durable_workflow-after_response_before_resolution-payments-6192e658-r1,(session-3),B4_DURABLE_WORKFLOW,after_response_before_resolution,payments,AUTHORITATIVE_READBACK,CALLER_REFERENCE,ea6fb5ea-92ca-4934-ac0b-69b9aa831c78,CONFIRMED_APPLIED,APPLIED,2,1,1,25704.07252,84159.0,1,0
b4_durable_workflow-after_response_before_resolution-payments-6192e658-r1,(session-3),B4_DURABLE_WORKFLOW,after_response_before_resolution,payments,AUTHORITATIVE_READBACK,CALLER_REFERENCE,a66a0919-99d1-4149-babb-7f91e930c112,CONFIRMED_APPLIED,APPLIED,2,1,1,25553.252512,55121.0,1,0
b4_durable_workflow-after_response_before_resolution-payments-6192e658-r1,(session-3),B4_DURABLE_WORKFLOW,after_response_before_resolution,payments,AUTHORITATIVE_READBACK,CALLER_REFERENCE,65eb4227-5254-4a62-86af-dfa44689b6d8,CONFIRMED_APPLIED,APPLIED,2,1,1,25367.016708,25911.0,1,0
b4_durable_workflow-after_response_before_resolution-payments-6192e658-r2,(session-3),B4_DURABLE_WORKFLOW,after_response_before_resolution,payments,AUTHORITATIVE_READBACK,CALLER_REFERENCE,388d8568-63ce-4a6b-bd62-e39df431be9c,CONFIRMED_APPLIED,APPLIED,2,1,1,25314.682379,148823.0,1,0
b4_durable_workflow-after_response_before_resolution-payments-6192e658-r2,(session-3),B4_DURABLE_WORKFLOW,after_response_before_resolution,payments,AUTHORITATIVE_READBACK,CALLER_REFERENCE,0cde8396-b407-4333-b502-2e7d2bd3fa91,CONFIRMED_APPLIED,APPLIED,2,1,1,25458.820393,119855.0,1,0
b4_durable_workflow-after_response_before_resolution-payments-6192e658-r2,(session-3),B4_DURABLE_WORKFLOW,after_response_before_resolution,payments,AUTHORITATIVE_READBACK,CALLER_REFERENCE,46b84bef-10ce-485a-9e65-f00966f1762e,CONFIRMED_APPLIED,APPLIED,2,1,1,25354.146661,90998.0,1,0
b4_durable_workflow-after_response_before_resolution-payments-6192e658-r2,(session-3),B4_DURABLE_WORKFLOW,after_response_before_resolution,payments,AUTHORITATIVE_READBACK,CALLER_REFERENCE,06cbcdc3-f0fe-4d21-985b-94526d08cd07,CONFIRMED_APPLIED,APPLIED,2,1,1,25318.407519,62038.0,1,0
b4_durable_workflow-after_response_before_resolution-payments-6192e658-r2,(session-3),B4_DURABLE_WORKFLOW,after_response_before_resolution,payments,AUTHORITATIVE_READBACK,CALLER_REFERENCE,4ebac0cd-a275-44e8-bd48-730da18296ec,CONFIRMED_APPLIED,APPLIED,3,1,3,32541.557951,33176.0,1,0
b4_durable_workflow-after_response_before_resolution-payments-6192e658-r2,(session-3),B4_DURABLE_WORKFLOW,after_response_before_resolution,payments,AUTHORITATIVE_READBACK,CALLER_REFERENCE,c0e708f9-e00d-4d58-9d1a-f041a2e56b6f,CONFIRMED_APPLIED,APPLIED,2,1,1,25289.676786,148821.0,1,0
b4_durable_workflow-after_response_before_resolution-payments-6192e658-r2,(session-3),B4_DURABLE_WORKFLOW,after_response_before_resolution,payments,AUTHORITATIVE_READBACK,CALLER_REFERENCE,4d782905-89b1-46fc-ad5f-92af6e449cc9,CONFIRMED_APPLIED,APPLIED,2,1,2,27454.296976,119855.0,1,0
b4_durable_workflow-after_response_before_resolution-payments-6192e658-r2,(session-3),B4_DURABLE_WORKFLOW,after_response_before_resolution,payments,AUTHORITATIVE_READBACK,CALLER_REFERENCE,67766a29-a84d-42bf-9c57-d50a2f1dbb46,CONFIRMED_APPLIED,APPLIED,2,1,1,25370.542294,88789.0,1,0
b4_durable_workflow-after_response_before_resolution-payments-6192e658-r2,(session-3),B4_DURABLE_WORKFLOW,after_response_before_resolution,payments,AUTHORITATIVE_READBACK,CALLER_REFERENCE,3b83a529-bcd6-4754-a349-4f815295c7ba,CONFIRMED_APPLIED,APPLIED,2,1,1,25370.731909,59869.0,1,0
b4_durable_workflow-after_response_before_resolution-payments-6192e658-r2,(session-3),B4_DURABLE_WORKFLOW,after_response_before_resolution,payments,AUTHORITATIVE_READBACK,CALLER_REFERENCE,962cc405-5187-43c2-b4fa-d51a23b676e9,CONFIRMED_APPLIED,APPLIED,2,1,1,25452.370239,31144.0,1,0
b4_durable_workflow-before_intent_write-ledger_postings-7a042aec-r0,(session-3),B4_DURABLE_WORKFLOW,before_intent_write,ledger_postings,NO_READBACK,CALLER_REFERENCE,7754cfaf-863a-4011-a044-2fd4ed051094,CONFIRMED_APPLIED,APPLIED,1,1,1,28761.654521,152232.0,0,0
b4_durable_workflow-before_intent_write-ledger_postings-7a042aec-r0,(session-3),B4_DURABLE_WORKFLOW,before_intent_write,ledger_postings,NO_READBACK,CALLER_REFERENCE,9917ade0-5430-43f9-b400-2fb369b679c3,CONFIRMED_APPLIED,APPLIED,1,1,1,28397.52796,122944.0,0,0
b4_durable_workflow-before_intent_write-ledger_postings-7a042aec-r0,(session-3),B4_DURABLE_WORKFLOW,before_intent_write,ledger_postings,NO_READBACK,CALLER_REFERENCE,fcec5e67-583f-48be-b22f-1b97bf7fb9d8,CONFIRMED_APPLIED,APPLIED,1,1,1,28554.893284,94083.0,0,0
b4_durable_workflow-before_intent_write-ledger_postings-7a042aec-r0,(session-3),B4_DURABLE_WORKFLOW,before_intent_write,ledger_postings,NO_READBACK,CALLER_REFERENCE,df680744-8360-458d-b535-1c6731020ce5,CONFIRMED_APPLIED,APPLIED,2,1,3,35415.049782,65040.0,1,0
b4_durable_workflow-before_intent_write-ledger_postings-7a042aec-r0,(session-3),B4_DURABLE_WORKFLOW,before_intent_write,ledger_postings,NO_READBACK,CALLER_REFERENCE,b51db31b-ee87-4209-b411-92ba13ec8420,CONFIRMED_APPLIED,APPLIED,1,1,1,28609.117193,29144.0,0,0
b4_durable_workflow-before_intent_write-ledger_postings-7a042aec-r0,(session-3),B4_DURABLE_WORKFLOW,before_intent_write,ledger_postings,NO_READBACK,CALLER_REFERENCE,010b9051-6ff3-4cdf-ab1c-ea62531e89b4,CONFIRMED_APPLIED,APPLIED,2,1,2,33659.406136,152253.0,1,0
b4_durable_workflow-before_intent_write-ledger_postings-7a042aec-r0,(session-3),B4_DURABLE_WORKFLOW,before_intent_write,ledger_postings,NO_READBACK,CALLER_REFERENCE,ea07a7fc-67ac-4957-b099-2f5cd79b93e3,CONFIRMED_APPLIED,APPLIED,1,1,1,28459.820966,118030.0,0,0
b4_durable_workflow-before_intent_write-ledger_postings-7a042aec-r0,(session-3),B4_DURABLE_WORKFLOW,before_intent_write,ledger_postings,NO_READBACK,CALLER_REFERENCE,6dcff071-fdc2-4e17-b256-b901b54c6814,CONFIRMED_APPLIED,APPLIED,1,1,1,28517.157142,89054.0,0,0
b4_durable_workflow-before_intent_write-ledger_postings-7a042aec-r0,(session-3),B4_DURABLE_WORKFLOW,before_intent_write,ledger_postings,NO_READBACK,CALLER_REFERENCE,8ee906b7-bcd0-4e7e-8c7d-16d3ac82e5da,CONFIRMED_APPLIED,APPLIED,1,1,1,28624.729276,60111.0,0,0
b4_durable_workflow-before_intent_write-ledger_postings-7a042aec-r0,(session-3),B4_DURABLE_WORKFLOW,before_intent_write,ledger_postings,NO_READBACK,CALLER_REFERENCE,99bf8020-116a-47e1-aff6-5cea9a82f528,CONFIRMED_APPLIED,APPLIED,1,1,1,28583.129481,31000.0,0,0
b4_durable_workflow-before_intent_write-ledger_postings-7a042aec-r1,(session-3),B4_DURABLE_WORKFLOW,before_intent_write,ledger_postings,NO_READBACK,CALLER_REFERENCE,339f6b6c-782a-4e57-9f57-809d943b94af,CONFIRMED_APPLIED,APPLIED,1,1,1,28412.269162,150120.0,0,0
b4_durable_workflow-before_intent_write-ledger_postings-7a042aec-r1,(session-3),B4_DURABLE_WORKFLOW,before_intent_write,ledger_postings,NO_READBACK,CALLER_REFERENCE,887e11c0-81fc-4f20-8adc-d95d44b40ada,CONFIRMED_APPLIED,APPLIED,1,1,1,28527.526165,121204.0,0,0
b4_durable_workflow-before_intent_write-ledger_postings-7a042aec-r1,(session-3),B4_DURABLE_WORKFLOW,before_intent_write,ledger_postings,NO_READBACK,CALLER_REFERENCE,2f008380-93ef-4a7e-93b8-e85589768404,CONFIRMED_APPLIED,APPLIED,1,1,1,28403.93393,92167.0,0,0
b4_durable_workflow-before_intent_write-ledger_postings-7a042aec-r1,(session-3),B4_DURABLE_WORKFLOW,before_intent_write,ledger_postings,NO_READBACK,CALLER_REFERENCE,12acb018-928b-4105-96c3-27e27294cb84,CONFIRMED_APPLIED,APPLIED,1,1,1,28548.022779,63251.0,0,0
b4_durable_workflow-before_intent_write-ledger_postings-7a042aec-r1,(session-3),B4_DURABLE_WORKFLOW,before_intent_write,ledger_postings,NO_READBACK,CALLER_REFERENCE,03a06dd8-e646-4c6d-87a0-022d0d19dbb0,CONFIRMED_APPLIED,APPLIED,1,1,1,28556.163271,34168.0,0,0
b4_durable_workflow-before_intent_write-ledger_postings-7a042aec-r1,(session-3),B4_DURABLE_WORKFLOW,before_intent_write,ledger_postings,NO_READBACK,CALLER_REFERENCE,f66d36cb-7bf5-4b32-96fc-64baf9d4d4db,CONFIRMED_APPLIED,APPLIED,1,1,1,28354.52493,150133.0,0,0
b4_durable_workflow-before_intent_write-ledger_postings-7a042aec-r1,(session-3),B4_DURABLE_WORKFLOW,before_intent_write,ledger_postings,NO_READBACK,CALLER_REFERENCE,c0072465-a48f-4e72-9c42-f4c2ab807005,CONFIRMED_APPLIED,APPLIED,1,1,1,28517.34713,121206.0,0,0
b4_durable_workflow-before_intent_write-ledger_postings-7a042aec-r1,(session-3),B4_DURABLE_WORKFLOW,before_intent_write,ledger_postings,NO_READBACK,CALLER_REFERENCE,d939edcc-3720-4ee7-8a93-51dde3d1f955,CONFIRMED_APPLIED,APPLIED,1,1,1,28361.440672,92168.0,0,0
b4_durable_workflow-before_intent_write-ledger_postings-7a042aec-r1,(session-3),B4_DURABLE_WORKFLOW,before_intent_write,ledger_postings,NO_READBACK,CALLER_REFERENCE,83d986f5-d548-45e5-a69d-05d23414ae4c,CONFIRMED_APPLIED,APPLIED,1,1,1,28534.139205,63252.0,0,0
b4_durable_workflow-before_intent_write-ledger_postings-7a042aec-r1,(session-3),B4_DURABLE_WORKFLOW,before_intent_write,ledger_postings,NO_READBACK,CALLER_REFERENCE,481b315b-0010-4064-ad35-20ba476c2d03,CONFIRMED_APPLIED,APPLIED,2,1,2,33541.789882,34169.0,1,0
b4_durable_workflow-before_intent_write-ledger_postings-7a042aec-r2,(session-3),B4_DURABLE_WORKFLOW,before_intent_write,ledger_postings,NO_READBACK,CALLER_REFERENCE,7d5346ac-865e-4e97-b6b9-e418f6cc320d,CONFIRMED_APPLIED,APPLIED,1,1,1,28545.994509,155055.0,0,0
b4_durable_workflow-before_intent_write-ledger_postings-7a042aec-r2,(session-3),B4_DURABLE_WORKFLOW,before_intent_write,ledger_postings,NO_READBACK,CALLER_REFERENCE,4aef03e1-24c2-4a9a-bc43-7536d4000e2d,CONFIRMED_APPLIED,APPLIED,2,1,2,33257.1444,126069.0,1,0
b4_durable_workflow-before_intent_write-ledger_postings-7a042aec-r2,(session-3),B4_DURABLE_WORKFLOW,before_intent_write,ledger_postings,NO_READBACK,CALLER_REFERENCE,c02ce8a1-505e-4a55-854a-df9fb3975bd9,CONFIRMED_APPLIED,APPLIED,1,1,1,28665.232095,92246.0,0,0
b4_durable_workflow-before_intent_write-ledger_postings-7a042aec-r2,(session-3),B4_DURABLE_WORKFLOW,before_intent_write,ledger_postings,NO_READBACK,CALLER_REFERENCE,6fd916b4-c4cb-4966-90c8-d5f860a2715b,CONFIRMED_APPLIED,APPLIED,1,1,1,28523.40437,63127.0,0,0
b4_durable_workflow-before_intent_write-ledger_postings-7a042aec-r2,(session-3),B4_DURABLE_WORKFLOW,before_intent_write,ledger_postings,NO_READBACK,CALLER_REFERENCE,48620491-4074-4579-b10a-5fa16526521a,CONFIRMED_APPLIED,APPLIED,2,1,2,33550.11311,34153.0,1,0
b4_durable_workflow-before_intent_write-ledger_postings-7a042aec-r2,(session-3),B4_DURABLE_WORKFLOW,before_intent_write,ledger_postings,NO_READBACK,CALLER_REFERENCE,97c58c64-0656-4224-b800-b0a50925762a,CONFIRMED_APPLIED,APPLIED,1,1,1,28527.909522,155066.0,0,0
b4_durable_workflow-before_intent_write-ledger_postings-7a042aec-r2,(session-3),B4_DURABLE_WORKFLOW,before_intent_write,ledger_postings,NO_READBACK,CALLER_REFERENCE,467b175e-1832-4f0a-a287-d03031a66a84,CONFIRMED_APPLIED,APPLIED,1,1,1,28505.370186,126073.0,0,0
b4_durable_workflow-before_intent_write-ledger_postings-7a042aec-r2,(session-3),B4_DURABLE_WORKFLOW,before_intent_write,ledger_postings,NO_READBACK,CALLER_REFERENCE,f1a663c2-8da5-412d-b2a7-13a216f2f5c9,CONFIRMED_APPLIED,APPLIED,1,1,2,30490.547426,97072.0,0,0
b4_durable_workflow-before_intent_write-ledger_postings-7a042aec-r2,(session-3),B4_DURABLE_WORKFLOW,before_intent_write,ledger_postings,NO_READBACK,CALLER_REFERENCE,d0a08411-5507-43e6-9dd8-1076e79e088f,CONFIRMED_APPLIED,APPLIED,1,1,1,28531.670359,66070.0,0,0
b4_durable_workflow-before_intent_write-ledger_postings-7a042aec-r2,(session-3),B4_DURABLE_WORKFLOW,before_intent_write,ledger_postings,NO_READBACK,CALLER_REFERENCE,032177f3-e323-4284-95ed-c1b56b74ee73,CONFIRMED_APPLIED,APPLIED,1,1,1,28577.42377,37118.0,0,0
b4_durable_workflow-before_intent_write-notifications-d699fd03-r0,(session-3),B4_DURABLE_WORKFLOW,before_intent_write,notifications,POSITIVE_ONLY_READBACK,CALLER_REFERENCE,407c8d3b-1397-4627-adba-6edd5403d6af,CONFIRMED_APPLIED,APPLIED,1,1,1,28474.759955,154146.0,0,0
b4_durable_workflow-before_intent_write-notifications-d699fd03-r0,(session-3),B4_DURABLE_WORKFLOW,before_intent_write,notifications,POSITIVE_ONLY_READBACK,CALLER_REFERENCE,af6c4f3d-e14b-4d1a-8a75-0b40c784f351,CONFIRMED_APPLIED,APPLIED,1,1,1,28516.84722,125167.0,0,0
b4_durable_workflow-before_intent_write-notifications-d699fd03-r0,(session-3),B4_DURABLE_WORKFLOW,before_intent_write,notifications,POSITIVE_ONLY_READBACK,CALLER_REFERENCE,ed4960e5-ec22-4957-9cfb-e6ab87124bd5,CONFIRMED_APPLIED,APPLIED,1,1,1,28528.862699,96163.0,0,0
b4_durable_workflow-before_intent_write-notifications-d699fd03-r0,(session-3),B4_DURABLE_WORKFLOW,before_intent_write,notifications,POSITIVE_ONLY_READBACK,CALLER_REFERENCE,f2f18da8-ab54-434d-b5ff-f92077844c3a,CONFIRMED_APPLIED,APPLIED,1,1,1,28438.278935,67086.0,0,0
b4_durable_workflow-before_intent_write-notifications-d699fd03-r0,(session-3),B4_DURABLE_WORKFLOW,before_intent_write,notifications,POSITIVE_ONLY_READBACK,CALLER_REFERENCE,fc5ccd60-f110-4149-b723-5a8bf224e41c,CONFIRMED_APPLIED,APPLIED,1,1,1,28406.223898,38150.0,0,0
b4_durable_workflow-before_intent_write-notifications-d699fd03-r0,(session-3),B4_DURABLE_WORKFLOW,before_intent_write,notifications,POSITIVE_ONLY_READBACK,CALLER_REFERENCE,753dd1e3-2e2f-464d-906e-acb4f39f8703,CONFIRMED_APPLIED,APPLIED,1,1,1,28496.78779,154189.0,0,0
b4_durable_workflow-before_intent_write-notifications-d699fd03-r0,(session-3),B4_DURABLE_WORKFLOW,before_intent_write,notifications,POSITIVE_ONLY_READBACK,CALLER_REFERENCE,f752df67-851c-4d28-aa45-44f69bcc6ed6,CONFIRMED_APPLIED,APPLIED,1,1,1,28532.044502,125169.0,0,0
b4_durable_workflow-before_intent_write-notifications-d699fd03-r0,(session-3),B4_DURABLE_WORKFLOW,before_intent_write,notifications,POSITIVE_ONLY_READBACK,CALLER_REFERENCE,5f09030f-4b12-48e1-92eb-a1ccd2eff3d4,CONFIRMED_APPLIED,APPLIED,1,1,2,30504.746891,96165.0,0,0
b4_durable_workflow-before_intent_write-notifications-d699fd03-r0,(session-3),B4_DURABLE_WORKFLOW,before_intent_write,notifications,POSITIVE_ONLY_READBACK,CALLER_REFERENCE,acafee13-35d2-4228-9b8c-e1a4c8c32620,CONFIRMED_APPLIED,APPLIED,2,1,3,35488.94028,65124.0,1,0
b4_durable_workflow-before_intent_write-notifications-d699fd03-r0,(session-3),B4_DURABLE_WORKFLOW,before_intent_write,notifications,POSITIVE_ONLY_READBACK,CALLER_REFERENCE,1901ef35-88b3-4707-bd7f-3e58d60952c8,CONFIRMED_APPLIED,APPLIED,1,1,1,28614.928135,29200.0,0,0
b4_durable_workflow-before_intent_write-notifications-d699fd03-r1,(session-3),B4_DURABLE_WORKFLOW,before_intent_write,notifications,POSITIVE_ONLY_READBACK,CALLER_REFERENCE,a28bdded-bc7b-413c-acf5-5a09a5b0a9d4,CONFIRMED_APPLIED,APPLIED,1,1,1,28268.886317,151857.0,0,0
b4_durable_workflow-before_intent_write-notifications-d699fd03-r1,(session-3),B4_DURABLE_WORKFLOW,before_intent_write,notifications,POSITIVE_ONLY_READBACK,CALLER_REFERENCE,57796851-65a0-47b7-a4a1-29393a90df19,CONFIRMED_APPLIED,APPLIED,1,1,1,28565.074644,123094.0,0,0
b4_durable_workflow-before_intent_write-notifications-d699fd03-r1,(session-3),B4_DURABLE_WORKFLOW,before_intent_write,notifications,POSITIVE_ONLY_READBACK,CALLER_REFERENCE,8e972543-9b8d-49bc-9a23-9d44466b60e2,CONFIRMED_APPLIED,APPLIED,2,1,2,33440.345901,94068.0,1,0
b4_durable_workflow-before_intent_write-notifications-d699fd03-r1,(session-3),B4_DURABLE_WORKFLOW,before_intent_write,notifications,POSITIVE_ONLY_READBACK,CALLER_REFERENCE,3f5bbeb3-e078-438b-a156-b826a50674f9,CONFIRMED_APPLIED,APPLIED,1,1,1,28572.531239,60109.0,0,0
b4_durable_workflow-before_intent_write-notifications-d699fd03-r1,(session-3),B4_DURABLE_WORKFLOW,before_intent_write,notifications,POSITIVE_ONLY_READBACK,CALLER_REFERENCE,b114a8cf-61b8-446b-98b6-0ff3bb2024f3,CONFIRMED_APPLIED,APPLIED,1,1,1,28606.677646,31062.0,0,0
b4_durable_workflow-before_intent_write-notifications-d699fd03-r1,(session-3),B4_DURABLE_WORKFLOW,before_intent_write,notifications,POSITIVE_ONLY_READBACK,CALLER_REFERENCE,ea04a3c2-622a-4f9a-97ac-3194fc9d7bee,CONFIRMED_APPLIED,APPLIED,1,1,1,28289.797487,151855.0,0,0
b4_durable_workflow-before_intent_write-notifications-d699fd03-r1,(session-3),B4_DURABLE_WORKFLOW,before_intent_write,notifications,POSITIVE_ONLY_READBACK,CALLER_REFERENCE,ab8ffdfb-65ab-47c4-8e1c-13ba04970593,CONFIRMED_APPLIED,APPLIED,1,1,1,28582.032523,123096.0,0,0
b4_durable_workflow-before_intent_write-notifications-d699fd03-r1,(session-3),B4_DURABLE_WORKFLOW,before_intent_write,notifications,POSITIVE_ONLY_READBACK,CALLER_REFERENCE,fac0a06f-6962-4f8e-a88b-5c955d6aa27d,CONFIRMED_APPLIED,APPLIED,1,1,1,28429.649455,94069.0,0,0
b4_durable_workflow-before_intent_write-notifications-d699fd03-r1,(session-3),B4_DURABLE_WORKFLOW,before_intent_write,notifications,POSITIVE_ONLY_READBACK,CALLER_REFERENCE,19e87415-e234-4b8f-b48d-5fc7d20e3293,CONFIRMED_APPLIED,APPLIED,2,1,3,35589.91191,65137.0,1,0
b4_durable_workflow-before_intent_write-notifications-d699fd03-r1,(session-3),B4_DURABLE_WORKFLOW,before_intent_write,notifications,POSITIVE_ONLY_READBACK,CALLER_REFERENCE,fdeb54a2-2d3e-4d3c-a742-50690a3c8ae1,CONFIRMED_APPLIED,APPLIED,1,1,1,28589.179071,29139.0,0,0
b4_durable_workflow-before_intent_write-notifications-d699fd03-r2,(session-3),B4_DURABLE_WORKFLOW,before_intent_write,notifications,POSITIVE_ONLY_READBACK,CALLER_REFERENCE,0e87777f-42cf-4893-8b7c-419ce063b112,CONFIRMED_APPLIED,APPLIED,2,1,2,33262.162263,169089.0,1,0
b4_durable_workflow-before_intent_write-notifications-d699fd03-r2,(session-3),B4_DURABLE_WORKFLOW,before_intent_write,notifications,POSITIVE_ONLY_READBACK,CALLER_REFERENCE,71134828-adc2-4c3b-8b41-16ec02210978,CONFIRMED_APPLIED,APPLIED,2,1,2,33433.921792,135181.0,1,0
b4_durable_workflow-before_intent_write-notifications-d699fd03-r2,(session-3),B4_DURABLE_WORKFLOW,before_intent_write,notifications,POSITIVE_ONLY_READBACK,CALLER_REFERENCE,743873a5-d322-4f65-9eb1-f57dfb37542a,CONFIRMED_APPLIED,APPLIED,2,1,2,33500.242422,101210.0,1,0
b4_durable_workflow-before_intent_write-notifications-d699fd03-r2,(session-3),B4_DURABLE_WORKFLOW,before_intent_write,notifications,POSITIVE_ONLY_READBACK,CALLER_REFERENCE,57b91601-ee89-46b3-a263-2ef8329cd8a1,CONFIRMED_APPLIED,APPLIED,1,1,3,32542.976285,67211.0,0,0
b4_durable_workflow-before_intent_write-notifications-d699fd03-r2,(session-3),B4_DURABLE_WORKFLOW,before_intent_write,notifications,POSITIVE_ONLY_READBACK,CALLER_REFERENCE,f62b93f2-9874-423b-9a19-24b0da293aff,CONFIRMED_APPLIED,APPLIED,2,1,2,33688.775061,34239.0,1,0
b4_durable_workflow-before_intent_write-notifications-d699fd03-r2,(session-3),B4_DURABLE_WORKFLOW,before_intent_write,notifications,POSITIVE_ONLY_READBACK,CALLER_REFERENCE,306bd18f-eecf-4841-b7aa-21bdc856cf34,CONFIRMED_APPLIED,APPLIED,2,1,2,33309.15169,169099.0,1,0
b4_durable_workflow-before_intent_write-notifications-d699fd03-r2,(session-3),B4_DURABLE_WORKFLOW,before_intent_write,notifications,POSITIVE_ONLY_READBACK,CALLER_REFERENCE,a7eed1ec-9ad3-4bba-a841-f673c0ca5f2a,CONFIRMED_APPLIED,APPLIED,1,1,1,28544.978447,135185.0,0,0
b4_durable_workflow-before_intent_write-notifications-d699fd03-r2,(session-3),B4_DURABLE_WORKFLOW,before_intent_write,notifications,POSITIVE_ONLY_READBACK,CALLER_REFERENCE,acb893ab-3321-41d5-b16a-ca27cb86aaf8,CONFIRMED_APPLIED,APPLIED,2,1,2,33563.887584,106138.0,1,0
b4_durable_workflow-before_intent_write-notifications-d699fd03-r2,(session-3),B4_DURABLE_WORKFLOW,before_intent_write,notifications,POSITIVE_ONLY_READBACK,CALLER_REFERENCE,8c7053d6-bb97-4272-aad8-89406d01b157,CONFIRMED_APPLIED,APPLIED,2,1,2,33564.484321,72125.0,1,0
b4_durable_workflow-before_intent_write-notifications-d699fd03-r2,(session-3),B4_DURABLE_WORKFLOW,before_intent_write,notifications,POSITIVE_ONLY_READBACK,CALLER_REFERENCE,142e8c0d-fc9c-45f8-a339-a6988c6cbc47,CONFIRMED_APPLIED,APPLIED,1,1,1,28538.82322,38139.0,0,0
b4_durable_workflow-before_intent_write-payments-0214887a-r0,(session-3),B4_DURABLE_WORKFLOW,before_intent_write,payments,AUTHORITATIVE_READBACK,CALLER_REFERENCE,c54e4392-7545-4fd7-8469-f5f9465b751c,CONFIRMED_APPLIED,APPLIED,1,1,1,28310.137264,152092.0,0,0
b4_durable_workflow-before_intent_write-payments-0214887a-r0,(session-3),B4_DURABLE_WORKFLOW,before_intent_write,payments,AUTHORITATIVE_READBACK,CALLER_REFERENCE,4eef0670-e059-452a-9809-12396d67a552,CONFIRMED_APPLIED,APPLIED,2,1,2,33289.685956,123156.0,1,0
b4_durable_workflow-before_intent_write-payments-0214887a-r0,(session-3),B4_DURABLE_WORKFLOW,before_intent_write,payments,AUTHORITATIVE_READBACK,CALLER_REFERENCE,4e96eda1-89e8-4047-a4d3-e6ac8a25b5b7,CONFIRMED_APPLIED,APPLIED,1,1,1,28264.225974,89181.0,0,0
b4_durable_workflow-before_intent_write-payments-0214887a-r0,(session-3),B4_DURABLE_WORKFLOW,before_intent_write,payments,AUTHORITATIVE_READBACK,CALLER_REFERENCE,5db9e17e-be67-434c-b391-e3efbe7b11e6,CONFIRMED_APPLIED,APPLIED,1,1,1,28360.519299,60187.0,0,0
b4_durable_workflow-before_intent_write-payments-0214887a-r0,(session-3),B4_DURABLE_WORKFLOW,before_intent_write,payments,AUTHORITATIVE_READBACK,CALLER_REFERENCE,30fa969c-0b4a-45e5-bd4f-56f437c61929,CONFIRMED_APPLIED,APPLIED,1,1,1,28350.270055,31116.0,0,0
b4_durable_workflow-before_intent_write-payments-0214887a-r0,(session-3),B4_DURABLE_WORKFLOW,before_intent_write,payments,AUTHORITATIVE_READBACK,CALLER_REFERENCE,e282bffc-a3bc-418a-bd8f-c4e1fbdc1efb,CONFIRMED_APPLIED,APPLIED,1,1,1,28287.302228,152095.0,0,0
b4_durable_workflow-before_intent_write-payments-0214887a-r0,(session-3),B4_DURABLE_WORKFLOW,before_intent_write,payments,AUTHORITATIVE_READBACK,CALLER_REFERENCE,5fae00bd-5737-481f-ac6e-25601dd26a32,CONFIRMED_APPLIED,APPLIED,2,1,2,33270.102956,123159.0,1,0
b4_durable_workflow-before_intent_write-payments-0214887a-r0,(session-3),B4_DURABLE_WORKFLOW,before_intent_write,payments,AUTHORITATIVE_READBACK,CALLER_REFERENCE,a046a729-327a-4b4a-a2d7-0442c57d8eed,CONFIRMED_APPLIED,APPLIED,1,1,1,28280.172065,89183.0,0,0
b4_durable_workflow-before_intent_write-payments-0214887a-r0,(session-3),B4_DURABLE_WORKFLOW,before_intent_write,payments,AUTHORITATIVE_READBACK,CALLER_REFERENCE,6e85bd1b-ca5d-4604-8692-59d2e9a20139,CONFIRMED_APPLIED,APPLIED,1,1,2,30310.077177,60190.0,0,0
b4_durable_workflow-before_intent_write-payments-0214887a-r0,(session-3),B4_DURABLE_WORKFLOW,before_intent_write,payments,AUTHORITATIVE_READBACK,CALLER_REFERENCE,e7df28bc-2836-4d08-9ca3-c04acacd1e6a,CONFIRMED_APPLIED,APPLIED,1,1,1,28379.761288,29156.0,0,0
b4_durable_workflow-before_intent_write-payments-0214887a-r1,(session-3),B4_DURABLE_WORKFLOW,before_intent_write,payments,AUTHORITATIVE_READBACK,CALLER_REFERENCE,0a849d7e-51d6-4052-aaa9-c93741f009d1,CONFIRMED_APPLIED,APPLIED,2,1,2,32939.298495,156686.0,1,0
b4_durable_workflow-before_intent_write-payments-0214887a-r1,(session-3),B4_DURABLE_WORKFLOW,before_intent_write,payments,AUTHORITATIVE_READBACK,CALLER_REFERENCE,c935dc41-64bb-4ba3-b5fc-d5a4e0ac9dec,CONFIRMED_APPLIED,APPLIED,1,1,1,28225.896044,123111.0,0,0
b4_durable_workflow-before_intent_write-payments-0214887a-r1,(session-3),B4_DURABLE_WORKFLOW,before_intent_write,payments,AUTHORITATIVE_READBACK,CALLER_REFERENCE,b968b460-2325-4a5d-a70b-1e29ee5a7696,CONFIRMED_APPLIED,APPLIED,2,1,3,35486.550336,94205.0,1,0
b4_durable_workflow-before_intent_write-payments-0214887a-r1,(session-3),B4_DURABLE_WORKFLOW,before_intent_write,payments,AUTHORITATIVE_READBACK,CALLER_REFERENCE,620e8697-6c7d-4dd5-bbb1-98ae82922b8e,CONFIRMED_APPLIED,APPLIED,1,1,1,28211.306363,58104.0,0,0
b4_durable_workflow-before_intent_write-payments-0214887a-r1,(session-3),B4_DURABLE_WORKFLOW,before_intent_write,payments,AUTHORITATIVE_READBACK,CALLER_REFERENCE,079c8ca1-7b28-4744-a00b-b22779acd252,CONFIRMED_APPLIED,APPLIED,1,1,1,28486.106304,29187.0,0,0
b4_durable_workflow-before_intent_write-payments-0214887a-r1,(session-3),B4_DURABLE_WORKFLOW,before_intent_write,payments,AUTHORITATIVE_READBACK,CALLER_REFERENCE,29e46d12-761d-4ace-84c9-f7144e113340,CONFIRMED_APPLIED,APPLIED,1,1,1,27961.165223,156702.0,0,0
b4_durable_workflow-before_intent_write-payments-0214887a-r1,(session-3),B4_DURABLE_WORKFLOW,before_intent_write,payments,AUTHORITATIVE_READBACK,CALLER_REFERENCE,608b5fee-dabd-4f19-9e88-f43e06aca511,CONFIRMED_APPLIED,APPLIED,1,1,1,28231.185204,128116.0,0,0
b4_durable_workflow-before_intent_write-payments-0214887a-r1,(session-3),B4_DURABLE_WORKFLOW,before_intent_write,payments,AUTHORITATIVE_READBACK,CALLER_REFERENCE,112546c2-74e9-4049-99b6-704ced733eb8,CONFIRMED_APPLIED,APPLIED,2,1,3,35486.740974,99205.0,1,0
b4_durable_workflow-before_intent_write-payments-0214887a-r1,(session-3),B4_DURABLE_WORKFLOW,before_intent_write,payments,AUTHORITATIVE_READBACK,CALLER_REFERENCE,e2c7a4f6-3428-444d-a462-e27e286b0ade,CONFIRMED_APPLIED,APPLIED,1,1,1,28246.227539,63096.0,0,0
b4_durable_workflow-before_intent_write-payments-0214887a-r1,(session-3),B4_DURABLE_WORKFLOW,before_intent_write,payments,AUTHORITATIVE_READBACK,CALLER_REFERENCE,c04a4eb3-ce6b-4230-8b0c-4a28f4103d67,CONFIRMED_APPLIED,APPLIED,1,1,1,28402.926194,34219.0,0,0
b4_durable_workflow-before_intent_write-payments-0214887a-r2,(session-3),B4_DURABLE_WORKFLOW,before_intent_write,payments,AUTHORITATIVE_READBACK,CALLER_REFERENCE,909a9abd-e3a7-460d-b460-b6db261b1499,CONFIRMED_APPLIED,APPLIED,1,1,1,28085.476379,151904.0,0,0
b4_durable_workflow-before_intent_write-payments-0214887a-r2,(session-3),B4_DURABLE_WORKFLOW,before_intent_write,payments,AUTHORITATIVE_READBACK,CALLER_REFERENCE,5a663972-feda-467a-abe6-e4ccbec3a869,CONFIRMED_APPLIED,APPLIED,2,1,2,33299.242953,123161.0,1,0
b4_durable_workflow-before_intent_write-payments-0214887a-r2,(session-3),B4_DURABLE_WORKFLOW,before_intent_write,payments,AUTHORITATIVE_READBACK,CALLER_REFERENCE,89ee4ddf-4ac5-4ff0-a4a7-a44068db2f83,CONFIRMED_APPLIED,APPLIED,1,1,1,28127.368168,89223.0,0,0
b4_durable_workflow-before_intent_write-payments-0214887a-r2,(session-3),B4_DURABLE_WORKFLOW,before_intent_write,payments,AUTHORITATIVE_READBACK,CALLER_REFERENCE,77776f06-c573-4107-86a9-a6935270255a,CONFIRMED_APPLIED,APPLIED,1,1,1,28237.096126,60162.0,0,0
b4_durable_workflow-before_intent_write-payments-0214887a-r2,(session-3),B4_DURABLE_WORKFLOW,before_intent_write,payments,AUTHORITATIVE_READBACK,CALLER_REFERENCE,f6075a66-ba6f-43ac-b587-8b4bc56665be,CONFIRMED_APPLIED,APPLIED,1,1,2,30236.721842,31181.0,0,0
b4_durable_workflow-before_intent_write-payments-0214887a-r2,(session-3),B4_DURABLE_WORKFLOW,before_intent_write,payments,AUTHORITATIVE_READBACK,CALLER_REFERENCE,006cb68e-c1b3-4412-a5b5-a90a31af07cb,CONFIRMED_APPLIED,APPLIED,2,1,2,33092.327871,151933.0,1,0
b4_durable_workflow-before_intent_write-payments-0214887a-r2,(session-3),B4_DURABLE_WORKFLOW,before_intent_write,payments,AUTHORITATIVE_READBACK,CALLER_REFERENCE,59a9f7e4-79f7-4a96-bd98-522038436b7a,CONFIRMED_APPLIED,APPLIED,1,1,1,28390.589125,118155.0,0,0
b4_durable_workflow-before_intent_write-payments-0214887a-r2,(session-3),B4_DURABLE_WORKFLOW,before_intent_write,payments,AUTHORITATIVE_READBACK,CALLER_REFERENCE,716eefc0-48f8-48e6-b1d4-c4defc4903ba,CONFIRMED_APPLIED,APPLIED,1,1,1,28132.387035,89226.0,0,0
b4_durable_workflow-before_intent_write-payments-0214887a-r2,(session-3),B4_DURABLE_WORKFLOW,before_intent_write,payments,AUTHORITATIVE_READBACK,CALLER_REFERENCE,a58b3b77-e88d-41c7-b40f-5e6cb6cefda8,CONFIRMED_APPLIED,APPLIED,1,1,1,28215.345967,60166.0,0,0
b4_durable_workflow-before_intent_write-payments-0214887a-r2,(session-3),B4_DURABLE_WORKFLOW,before_intent_write,payments,AUTHORITATIVE_READBACK,CALLER_REFERENCE,12204d3a-eca8-4884-8add-67cfafb7e648,CONFIRMED_APPLIED,APPLIED,1,1,1,28232.437726,31185.0,0,0
b4_durable_workflow-mid_dispatch-ledger_postings-abf3683c-r0,(session-3),B4_DURABLE_WORKFLOW,mid_dispatch,ledger_postings,NO_READBACK,CALLER_REFERENCE,958fa1f7-05db-47bc-9d6b-502278fb7fcb,CONFIRMED_APPLIED,APPLIED,2,1,1,27051.299992,153530.0,1,0
b4_durable_workflow-mid_dispatch-ledger_postings-abf3683c-r0,(session-3),B4_DURABLE_WORKFLOW,mid_dispatch,ledger_postings,NO_READBACK,CALLER_REFERENCE,07b5dca5-5aa6-4199-86a0-4dbb4d8b810e,CONFIRMED_APPLIED,APPLIED,3,1,2,31955.681669,124480.0,1,0
b4_durable_workflow-mid_dispatch-ledger_postings-abf3683c-r0,(session-3),B4_DURABLE_WORKFLOW,mid_dispatch,ledger_postings,NO_READBACK,CALLER_REFERENCE,aca1c9de-51be-4e29-afda-5efb4c7b8c46,CONFIRMED_APPLIED,APPLIED,2,1,1,27195.414831,90594.0,1,0
b4_durable_workflow-mid_dispatch-ledger_postings-abf3683c-r0,(session-3),B4_DURABLE_WORKFLOW,mid_dispatch,ledger_postings,NO_READBACK,CALLER_REFERENCE,4150c908-35cd-4964-8052-877e821b3225,CONFIRMED_APPLIED,APPLIED,2,1,1,27059.852214,61557.0,1,0
b4_durable_workflow-mid_dispatch-ledger_postings-abf3683c-r0,(session-3),B4_DURABLE_WORKFLOW,mid_dispatch,ledger_postings,NO_READBACK,CALLER_REFERENCE,11395318-95a8-45ae-a841-77b18421c927,CONFIRMED_APPLIED,APPLIED,3,1,2,31956.972307,32580.0,1,0
b4_durable_workflow-mid_dispatch-ledger_postings-abf3683c-r0,(session-3),B4_DURABLE_WORKFLOW,mid_dispatch,ledger_postings,NO_READBACK,CALLER_REFERENCE,855633dc-b747-45c8-82fd-f5d49550aaa9,CONFIRMED_APPLIED,APPLIED,2,1,1,27110.948672,153532.0,1,0
b4_durable_workflow-mid_dispatch-ledger_postings-abf3683c-r0,(session-3),B4_DURABLE_WORKFLOW,mid_dispatch,ledger_postings,NO_READBACK,CALLER_REFERENCE,8b3c6135-5dc1-401e-8d87-9da1d1ee6975,CONFIRMED_APPLIED,APPLIED,2,1,1,26995.10644,124481.0,1,0
b4_durable_workflow-mid_dispatch-ledger_postings-abf3683c-r0,(session-3),B4_DURABLE_WORKFLOW,mid_dispatch,ledger_postings,NO_READBACK,CALLER_REFERENCE,ec9ffa7e-965c-45e7-9dbf-72c0f72f1c7b,CONFIRMED_APPLIED,APPLIED,2,1,1,27119.774041,95541.0,1,0
b4_durable_workflow-mid_dispatch-ledger_postings-abf3683c-r0,(session-3),B4_DURABLE_WORKFLOW,mid_dispatch,ledger_postings,NO_READBACK,CALLER_REFERENCE,4048c635-8b8c-47d1-b97b-47f37e9be135,CONFIRMED_APPLIED,APPLIED,2,1,1,27158.369725,66581.0,1,0
b4_durable_workflow-mid_dispatch-ledger_postings-abf3683c-r0,(session-3),B4_DURABLE_WORKFLOW,mid_dispatch,ledger_postings,NO_READBACK,CALLER_REFERENCE,245a1ffd-2dbe-4cf9-805f-4ece6c4791da,CONFIRMED_APPLIED,APPLIED,2,1,1,27113.39283,37568.0,1,0
b4_durable_workflow-mid_dispatch-ledger_postings-abf3683c-r1,(session-3),B4_DURABLE_WORKFLOW,mid_dispatch,ledger_postings,NO_READBACK,CALLER_REFERENCE,6411e320-2bb1-426f-b5a4-90c60c61bc58,UNVERIFIED_FAILURE,FAILED,3,1,3,36951.071413,158611.0,1,1
b4_durable_workflow-mid_dispatch-ledger_postings-abf3683c-r1,(session-3),B4_DURABLE_WORKFLOW,mid_dispatch,ledger_postings,NO_READBACK,CALLER_REFERENCE,a387cdf4-36ab-4990-bd60-04999de0e5ac,CONFIRMED_APPLIED,APPLIED,3,1,2,32159.94724,119659.0,1,0
b4_durable_workflow-mid_dispatch-ledger_postings-abf3683c-r1,(session-3),B4_DURABLE_WORKFLOW,mid_dispatch,ledger_postings,NO_READBACK,CALLER_REFERENCE,d5b26a85-b834-47a5-95bf-e7b2cd174650,CONFIRMED_APPLIED,APPLIED,2,1,1,27066.369527,85557.0,1,0
b4_durable_workflow-mid_dispatch-ledger_postings-abf3683c-r1,(session-3),B4_DURABLE_WORKFLOW,mid_dispatch,ledger_postings,NO_READBACK,CALLER_REFERENCE,de39c124-d21e-4053-ba71-766a2c8f2e3d,CONFIRMED_APPLIED,APPLIED,2,1,1,27173.394184,56700.0,1,0
b4_durable_workflow-mid_dispatch-ledger_postings-abf3683c-r1,(session-3),B4_DURABLE_WORKFLOW,mid_dispatch,ledger_postings,NO_READBACK,CALLER_REFERENCE,fca26ac4-4cbc-48f2-a2d3-cb321d8db528,CONFIRMED_APPLIED,APPLIED,2,1,1,27106.890923,27636.0,1,0
b4_durable_workflow-mid_dispatch-ledger_postings-abf3683c-r1,(session-3),B4_DURABLE_WORKFLOW,mid_dispatch,ledger_postings,NO_READBACK,CALLER_REFERENCE,9a3f87f0-8208-4cee-a016-b95c97ca3163,CONFIRMED_APPLIED,APPLIED,2,1,1,26937.177806,158613.0,1,0
b4_durable_workflow-mid_dispatch-ledger_postings-abf3683c-r1,(session-3),B4_DURABLE_WORKFLOW,mid_dispatch,ledger_postings,NO_READBACK,CALLER_REFERENCE,7fde934a-fa04-4ecd-8f6c-23e8caa4a873,CONFIRMED_APPLIED,APPLIED,2,1,1,27042.438965,129639.0,1,0
b4_durable_workflow-mid_dispatch-ledger_postings-abf3683c-r1,(session-3),B4_DURABLE_WORKFLOW,mid_dispatch,ledger_postings,NO_READBACK,CALLER_REFERENCE,c39ef25c-d632-49b5-8d2c-7d3ff21e41ca,CONFIRMED_APPLIED,APPLIED,3,1,2,32197.402266,100674.0,1,0
b4_durable_workflow-mid_dispatch-ledger_postings-abf3683c-r1,(session-3),B4_DURABLE_WORKFLOW,mid_dispatch,ledger_postings,NO_READBACK,CALLER_REFERENCE,94cd73b7-73b4-4097-8ca7-66af6da01741,CONFIRMED_APPLIED,APPLIED,2,1,1,27108.62479,66644.0,1,0
b4_durable_workflow-mid_dispatch-ledger_postings-abf3683c-r1,(session-3),B4_DURABLE_WORKFLOW,mid_dispatch,ledger_postings,NO_READBACK,CALLER_REFERENCE,8d8f8596-02b7-4d65-a9e7-6953f1d6532e,CONFIRMED_APPLIED,APPLIED,2,1,1,27197.827569,37681.0,1,0
b4_durable_workflow-mid_dispatch-ledger_postings-abf3683c-r2,(session-3),B4_DURABLE_WORKFLOW,mid_dispatch,ledger_postings,NO_READBACK,CALLER_REFERENCE,c8524b53-3506-4491-8d5c-3a6cd99de38a,CONFIRMED_APPLIED,APPLIED,2,1,2,29027.411131,158737.0,1,0
b4_durable_workflow-mid_dispatch-ledger_postings-abf3683c-r2,(session-3),B4_DURABLE_WORKFLOW,mid_dispatch,ledger_postings,NO_READBACK,CALLER_REFERENCE,4de74f48-53cc-4b00-b94c-f6f14c81ba73,CONFIRMED_APPLIED,APPLIED,2,1,1,27166.540602,127743.0,1,0
b4_durable_workflow-mid_dispatch-ledger_postings-abf3683c-r2,(session-3),B4_DURABLE_WORKFLOW,mid_dispatch,ledger_postings,NO_READBACK,CALLER_REFERENCE,09a5cfab-93b4-4b85-97c5-9ae4e910a0e1,CONFIRMED_APPLIED,APPLIED,3,1,2,32196.612027,98713.0,1,0
b4_durable_workflow-mid_dispatch-ledger_postings-abf3683c-r2,(session-3),B4_DURABLE_WORKFLOW,mid_dispatch,ledger_postings,NO_READBACK,CALLER_REFERENCE,5bfd7d75-d4a4-4ef1-9d1a-71b65ff4e01f,CONFIRMED_APPLIED,APPLIED,2,1,1,27177.932674,64756.0,1,0
b4_durable_workflow-mid_dispatch-ledger_postings-abf3683c-r2,(session-3),B4_DURABLE_WORKFLOW,mid_dispatch,ledger_postings,NO_READBACK,CALLER_REFERENCE,bbe5470c-0c95-4277-ae56-f073431552ee,CONFIRMED_APPLIED,APPLIED,3,1,2,32027.266271,35661.0,1,0
b4_durable_workflow-mid_dispatch-ledger_postings-abf3683c-r2,(session-3),B4_DURABLE_WORKFLOW,mid_dispatch,ledger_postings,NO_READBACK,CALLER_REFERENCE,e28eb942-6a49-4d11-9dcc-318f55b243f3,CONFIRMED_APPLIED,APPLIED,3,1,2,32007.626655,158739.0,1,0
b4_durable_workflow-mid_dispatch-ledger_postings-abf3683c-r2,(session-3),B4_DURABLE_WORKFLOW,mid_dispatch,ledger_postings,NO_READBACK,CALLER_REFERENCE,0d1d2f09-12dd-4091-8a90-b9b7dc821749,CONFIRMED_APPLIED,APPLIED,3,1,2,32206.286205,124724.0,1,0
b4_durable_workflow-mid_dispatch-ledger_postings-abf3683c-r2,(session-3),B4_DURABLE_WORKFLOW,mid_dispatch,ledger_postings,NO_READBACK,CALLER_REFERENCE,637acb61-9a3f-4e10-afb4-6f1c705a6278,CONFIRMED_APPLIED,APPLIED,2,1,1,27065.681599,90665.0,1,0
b4_durable_workflow-mid_dispatch-ledger_postings-abf3683c-r2,(session-3),B4_DURABLE_WORKFLOW,mid_dispatch,ledger_postings,NO_READBACK,CALLER_REFERENCE,201831ca-1da8-484d-8cfc-02a478d0cd67,CONFIRMED_APPLIED,APPLIED,3,1,2,32035.853741,61740.0,1,0
b4_durable_workflow-mid_dispatch-ledger_postings-abf3683c-r2,(session-3),B4_DURABLE_WORKFLOW,mid_dispatch,ledger_postings,NO_READBACK,CALLER_REFERENCE,ce27ad98-e167-4b49-b9a3-7c4c45bdb10e,CONFIRMED_APPLIED,APPLIED,2,1,1,27202.86525,27809.0,1,0
b4_durable_workflow-mid_dispatch-notifications-d0007170-r0,(session-3),B4_DURABLE_WORKFLOW,mid_dispatch,notifications,POSITIVE_ONLY_READBACK,CALLER_REFERENCE,8c3d1b7d-8e85-460f-b9b7-6f5105c44552,CONFIRMED_APPLIED,APPLIED,3,1,2,32014.723594,148678.0,1,0
b4_durable_workflow-mid_dispatch-notifications-d0007170-r0,(session-3),B4_DURABLE_WORKFLOW,mid_dispatch,notifications,POSITIVE_ONLY_READBACK,CALLER_REFERENCE,6eecd99e-1f8d-4a5b-8646-d9bd68047078,CONFIRMED_APPLIED,APPLIED,2,1,1,27061.025596,114721.0,1,0
b4_durable_workflow-mid_dispatch-notifications-d0007170-r0,(session-3),B4_DURABLE_WORKFLOW,mid_dispatch,notifications,POSITIVE_ONLY_READBACK,CALLER_REFERENCE,80bedb56-7dcf-4496-ba5d-c2719f4d28fc,CONFIRMED_APPLIED,APPLIED,2,1,1,27000.376055,85710.0,1,0
b4_durable_workflow-mid_dispatch-notifications-d0007170-r0,(session-3),B4_DURABLE_WORKFLOW,mid_dispatch,notifications,POSITIVE_ONLY_READBACK,CALLER_REFERENCE,560e0ab8-c6e7-4cde-92b3-cc3cdb264fa0,CONFIRMED_APPLIED,APPLIED,2,1,1,27062.13755,56784.0,1,0
b4_durable_workflow-mid_dispatch-notifications-d0007170-r0,(session-3),B4_DURABLE_WORKFLOW,mid_dispatch,notifications,POSITIVE_ONLY_READBACK,CALLER_REFERENCE,fa821968-5bd1-4200-9260-4a0a459282d8,CONFIRMED_APPLIED,APPLIED,2,1,1,27273.085506,27778.0,1,0
b4_durable_workflow-mid_dispatch-notifications-d0007170-r0,(session-3),B4_DURABLE_WORKFLOW,mid_dispatch,notifications,POSITIVE_ONLY_READBACK,CALLER_REFERENCE,c0e7ddfc-7fd8-405c-8e64-7879093b5ed4,CONFIRMED_APPLIED,APPLIED,2,1,1,27155.675073,148680.0,1,0
b4_durable_workflow-mid_dispatch-notifications-d0007170-r0,(session-3),B4_DURABLE_WORKFLOW,mid_dispatch,notifications,POSITIVE_ONLY_READBACK,CALLER_REFERENCE,9b594944-4313-4113-a365-467199ef640a,CONFIRMED_APPLIED,APPLIED,2,1,1,27059.952681,119614.0,1,0
b4_durable_workflow-mid_dispatch-notifications-d0007170-r0,(session-3),B4_DURABLE_WORKFLOW,mid_dispatch,notifications,POSITIVE_ONLY_READBACK,CALLER_REFERENCE,3e42973a-a0a9-4181-b280-5ce3c4080bba,CONFIRMED_APPLIED,APPLIED,2,1,1,27138.05568,90760.0,1,0
b4_durable_workflow-mid_dispatch-notifications-d0007170-r0,(session-3),B4_DURABLE_WORKFLOW,mid_dispatch,notifications,POSITIVE_ONLY_READBACK,CALLER_REFERENCE,94efee32-0502-4829-bc62-458eb7f1fe2c,CONFIRMED_APPLIED,APPLIED,2,1,1,27099.242977,61711.0,1,0
b4_durable_workflow-mid_dispatch-notifications-d0007170-r0,(session-3),B4_DURABLE_WORKFLOW,mid_dispatch,notifications,POSITIVE_ONLY_READBACK,CALLER_REFERENCE,01106968-2254-4147-b908-5a1990cf7c6f,CONFIRMED_APPLIED,APPLIED,2,1,1,27117.06894,32714.0,1,0
b4_durable_workflow-mid_dispatch-notifications-d0007170-r1,(session-3),B4_DURABLE_WORKFLOW,mid_dispatch,notifications,POSITIVE_ONLY_READBACK,CALLER_REFERENCE,a9b74ecf-19fc-4aa9-ad65-518054b147c5,CONFIRMED_APPLIED,APPLIED,2,1,1,27064.163452,143746.0,1,0
b4_durable_workflow-mid_dispatch-notifications-d0007170-r1,(session-3),B4_DURABLE_WORKFLOW,mid_dispatch,notifications,POSITIVE_ONLY_READBACK,CALLER_REFERENCE,f91bf903-943c-4923-bdff-11a399336808,CONFIRMED_APPLIED,APPLIED,2,1,1,27133.71014,114732.0,1,0
b4_durable_workflow-mid_dispatch-notifications-d0007170-r1,(session-3),B4_DURABLE_WORKFLOW,mid_dispatch,notifications,POSITIVE_ONLY_READBACK,CALLER_REFERENCE,4c76360b-c8eb-4297-a7e0-c92821a59f9a,CONFIRMED_APPLIED,APPLIED,2,1,1,27055.993577,85754.0,1,0
b4_durable_workflow-mid_dispatch-notifications-d0007170-r1,(session-3),B4_DURABLE_WORKFLOW,mid_dispatch,notifications,POSITIVE_ONLY_READBACK,CALLER_REFERENCE,282ac399-7998-4985-8295-88e9e78885e0,CONFIRMED_APPLIED,APPLIED,2,1,1,27014.461824,56812.0,1,0
b4_durable_workflow-mid_dispatch-notifications-d0007170-r1,(session-3),B4_DURABLE_WORKFLOW,mid_dispatch,notifications,POSITIVE_ONLY_READBACK,CALLER_REFERENCE,86c68d2b-4923-4fef-8846-ab9d7ddf349a,CONFIRMED_APPLIED,APPLIED,2,1,1,27087.031889,27783.0,1,0
b4_durable_workflow-mid_dispatch-notifications-d0007170-r1,(session-3),B4_DURABLE_WORKFLOW,mid_dispatch,notifications,POSITIVE_ONLY_READBACK,CALLER_REFERENCE,62dce718-b9c3-499a-a0a2-7408bc26976b,CONFIRMED_APPLIED,APPLIED,2,1,1,27052.504214,143754.0,1,0
b4_durable_workflow-mid_dispatch-notifications-d0007170-r1,(session-3),B4_DURABLE_WORKFLOW,mid_dispatch,notifications,POSITIVE_ONLY_READBACK,CALLER_REFERENCE,117212bd-5622-41e9-9d4e-57bcd7ca8347,CONFIRMED_APPLIED,APPLIED,2,1,1,27123.086683,114734.0,1,0
b4_durable_workflow-mid_dispatch-notifications-d0007170-r1,(session-3),B4_DURABLE_WORKFLOW,mid_dispatch,notifications,POSITIVE_ONLY_READBACK,CALLER_REFERENCE,2ddd7eb2-8ca0-427f-8309-3f207dbe2ce3,CONFIRMED_APPLIED,APPLIED,2,1,1,27057.369713,85757.0,1,0
b4_durable_workflow-mid_dispatch-notifications-d0007170-r1,(session-3),B4_DURABLE_WORKFLOW,mid_dispatch,notifications,POSITIVE_ONLY_READBACK,CALLER_REFERENCE,cbb7cdac-aaa3-4122-bafa-4d960cd2f7ac,CONFIRMED_APPLIED,APPLIED,2,1,1,27044.400307,56814.0,1,0
b4_durable_workflow-mid_dispatch-notifications-d0007170-r1,(session-3),B4_DURABLE_WORKFLOW,mid_dispatch,notifications,POSITIVE_ONLY_READBACK,CALLER_REFERENCE,f931dc19-fbd1-442d-b39b-fb0b2161583c,CONFIRMED_APPLIED,APPLIED,2,1,1,27133.077152,27786.0,1,0
b4_durable_workflow-mid_dispatch-notifications-d0007170-r2,(session-3),B4_DURABLE_WORKFLOW,mid_dispatch,notifications,POSITIVE_ONLY_READBACK,CALLER_REFERENCE,258d9f2d-787f-43cd-861e-548fb7958c76,CONFIRMED_APPLIED,APPLIED,2,1,1,26900.139099,150690.0,1,0
b4_durable_workflow-mid_dispatch-notifications-d0007170-r2,(session-3),B4_DURABLE_WORKFLOW,mid_dispatch,notifications,POSITIVE_ONLY_READBACK,CALLER_REFERENCE,08198f7c-d800-4066-91d5-8969bdf76d4a,CONFIRMED_APPLIED,APPLIED,2,1,1,27224.493785,121897.0,1,0
b4_durable_workflow-mid_dispatch-notifications-d0007170-r2,(session-3),B4_DURABLE_WORKFLOW,mid_dispatch,notifications,POSITIVE_ONLY_READBACK,CALLER_REFERENCE,284a28e1-ad0d-4e29-9cfa-c6609606df8d,CONFIRMED_APPLIED,APPLIED,1,1,1,27324.587642,92954.0,0,0
b4_durable_workflow-mid_dispatch-notifications-d0007170-r2,(session-3),B4_DURABLE_WORKFLOW,mid_dispatch,notifications,POSITIVE_ONLY_READBACK,CALLER_REFERENCE,c4169db7-ba21-4588-bfea-c9ac8abed4a6,CONFIRMED_APPLIED,APPLIED,2,1,1,27249.817219,63834.0,1,0
b4_durable_workflow-mid_dispatch-notifications-d0007170-r2,(session-3),B4_DURABLE_WORKFLOW,mid_dispatch,notifications,POSITIVE_ONLY_READBACK,CALLER_REFERENCE,35083388-5158-4b8c-b3bf-d4c7fe92314f,CONFIRMED_APPLIED,APPLIED,3,1,3,34045.374241,34703.0,1,0
b4_durable_workflow-mid_dispatch-notifications-d0007170-r2,(session-3),B4_DURABLE_WORKFLOW,mid_dispatch,notifications,POSITIVE_ONLY_READBACK,CALLER_REFERENCE,ecd4e38c-eb4c-4f06-8099-b57584c902c4,CONFIRMED_APPLIED,APPLIED,2,1,1,26915.052474,150692.0,1,0
b4_durable_workflow-mid_dispatch-notifications-d0007170-r2,(session-3),B4_DURABLE_WORKFLOW,mid_dispatch,notifications,POSITIVE_ONLY_READBACK,CALLER_REFERENCE,92db0bbb-01cf-492b-a262-9e9de31900f8,CONFIRMED_APPLIED,APPLIED,2,1,1,27219.624316,121899.0,1,0
b4_durable_workflow-mid_dispatch-notifications-d0007170-r2,(session-3),B4_DURABLE_WORKFLOW,mid_dispatch,notifications,POSITIVE_ONLY_READBACK,CALLER_REFERENCE,17d3ff84-db28-485d-8794-460decaef73b,CONFIRMED_APPLIED,APPLIED,2,1,1,27307.167494,92956.0,1,0
b4_durable_workflow-mid_dispatch-notifications-d0007170-r2,(session-3),B4_DURABLE_WORKFLOW,mid_dispatch,notifications,POSITIVE_ONLY_READBACK,CALLER_REFERENCE,32fea7a9-9792-414c-993a-9623b2cc3ad3,CONFIRMED_APPLIED,APPLIED,1,1,1,27232.485612,63836.0,0,0
b4_durable_workflow-mid_dispatch-notifications-d0007170-r2,(session-3),B4_DURABLE_WORKFLOW,mid_dispatch,notifications,POSITIVE_ONLY_READBACK,CALLER_REFERENCE,e5b0e8d0-d881-4207-aa25-8e8fb1adb922,CONFIRMED_APPLIED,APPLIED,2,1,1,26963.744857,34707.0,1,0
b4_durable_workflow-mid_dispatch-payments-6a6a3d6c-r0,(session-3),B4_DURABLE_WORKFLOW,mid_dispatch,payments,AUTHORITATIVE_READBACK,CALLER_REFERENCE,cfde3b62-c4f0-4414-946b-ecfed896a703,CONFIRMED_APPLIED,APPLIED,2,1,1,27326.759479,159776.0,1,0
b4_durable_workflow-mid_dispatch-payments-6a6a3d6c-r0,(session-3),B4_DURABLE_WORKFLOW,mid_dispatch,payments,AUTHORITATIVE_READBACK,CALLER_REFERENCE,c3cd9660-2daa-4ca1-be14-5329be302f63,UNVERIFIED_FAILURE,FAILED,3,1,3,37046.401533,129803.0,1,1
b4_durable_workflow-mid_dispatch-payments-6a6a3d6c-r0,(session-3),B4_DURABLE_WORKFLOW,mid_dispatch,payments,AUTHORITATIVE_READBACK,CALLER_REFERENCE,579a846a-cc7f-465f-b9bb-c72e11383950,CONFIRMED_APPLIED,APPLIED,3,1,2,31986.229998,90734.0,1,0
b4_durable_workflow-mid_dispatch-payments-6a6a3d6c-r0,(session-3),B4_DURABLE_WORKFLOW,mid_dispatch,payments,AUTHORITATIVE_READBACK,CALLER_REFERENCE,60b7c1c7-2198-4c37-b99d-64240d5ec469,CONFIRMED_APPLIED,APPLIED,2,1,1,27080.669859,56854.0,1,0
b4_durable_workflow-mid_dispatch-payments-6a6a3d6c-r0,(session-3),B4_DURABLE_WORKFLOW,mid_dispatch,payments,AUTHORITATIVE_READBACK,CALLER_REFERENCE,751b0d2f-ebe0-4f06-bea9-3ce24501a006,CONFIRMED_APPLIED,APPLIED,2,1,1,27008.167462,27724.0,1,0
b4_durable_workflow-mid_dispatch-payments-6a6a3d6c-r0,(session-3),B4_DURABLE_WORKFLOW,mid_dispatch,payments,AUTHORITATIVE_READBACK,CALLER_REFERENCE,4af7d004-b940-42d6-a9ec-59f7b20dcdf5,CONFIRMED_APPLIED,APPLIED,1,1,1,26330.866535,159777.0,0,0
b4_durable_workflow-mid_dispatch-payments-6a6a3d6c-r0,(session-3),B4_DURABLE_WORKFLOW,mid_dispatch,payments,AUTHORITATIVE_READBACK,CALLER_REFERENCE,1579f28f-95a0-4311-98be-5f7e896d2f9b,CONFIRMED_APPLIED,APPLIED,1,1,2,29256.969026,130654.0,0,0
b4_durable_workflow-mid_dispatch-payments-6a6a3d6c-r0,(session-3),B4_DURABLE_WORKFLOW,mid_dispatch,payments,AUTHORITATIVE_READBACK,CALLER_REFERENCE,e9b0f1b5-186e-41ba-a80e-7ea66e0e6673,CONFIRMED_APPLIED,APPLIED,2,1,1,26812.157872,99615.0,1,0
b4_durable_workflow-mid_dispatch-payments-6a6a3d6c-r0,(session-3),B4_DURABLE_WORKFLOW,mid_dispatch,payments,AUTHORITATIVE_READBACK,CALLER_REFERENCE,66f6f4aa-6e13-48e2-a51d-cad26bcaf002,CONFIRMED_APPLIED,APPLIED,2,1,1,26993.687421,70759.0,1,0
b4_durable_workflow-mid_dispatch-payments-6a6a3d6c-r0,(session-3),B4_DURABLE_WORKFLOW,mid_dispatch,payments,AUTHORITATIVE_READBACK,CALLER_REFERENCE,b4ea7dfd-c6f6-425b-a6d5-c644ed03c3e2,CONFIRMED_APPLIED,APPLIED,2,1,1,26983.232878,41725.0,1,0
b4_durable_workflow-mid_dispatch-payments-6a6a3d6c-r1,(session-3),B4_DURABLE_WORKFLOW,mid_dispatch,payments,AUTHORITATIVE_READBACK,CALLER_REFERENCE,caaeed20-a208-4da5-a5aa-d0f192cb999d,CONFIRMED_APPLIED,APPLIED,2,1,1,27058.095655,148736.0,1,0
b4_durable_workflow-mid_dispatch-payments-6a6a3d6c-r1,(session-3),B4_DURABLE_WORKFLOW,mid_dispatch,payments,AUTHORITATIVE_READBACK,CALLER_REFERENCE,e3c0f3ed-05a1-461d-b8a0-fa50d0b57fda,CONFIRMED_APPLIED,APPLIED,2,1,1,26860.899539,119662.0,1,0
b4_durable_workflow-mid_dispatch-payments-6a6a3d6c-r1,(session-3),B4_DURABLE_WORKFLOW,mid_dispatch,payments,AUTHORITATIVE_READBACK,CALLER_REFERENCE,98596991-b45a-4d6b-8e98-65bca559ca47,CONFIRMED_APPLIED,APPLIED,1,1,1,27015.148543,90699.0,0,0
b4_durable_workflow-mid_dispatch-payments-6a6a3d6c-r1,(session-3),B4_DURABLE_WORKFLOW,mid_dispatch,payments,AUTHORITATIVE_READBACK,CALLER_REFERENCE,ec9dcc12-3ce0-41bf-b965-417308892d77,CONFIRMED_APPLIED,APPLIED,3,1,2,31948.257441,61741.0,1,0
b4_durable_workflow-mid_dispatch-payments-6a6a3d6c-r1,(session-3),B4_DURABLE_WORKFLOW,mid_dispatch,payments,AUTHORITATIVE_READBACK,CALLER_REFERENCE,aa93b6ae-4026-4500-b162-917cb1dab437,CONFIRMED_APPLIED,APPLIED,2,1,1,27079.181508,27732.0,1,0
b4_durable_workflow-mid_dispatch-payments-6a6a3d6c-r1,(session-3),B4_DURABLE_WORKFLOW,mid_dispatch,payments,AUTHORITATIVE_READBACK,CALLER_REFERENCE,9d617e23-b208-460c-aa05-89a112720ce7,CONFIRMED_APPLIED,APPLIED,2,1,1,27035.354655,148738.0,1,0
b4_durable_workflow-mid_dispatch-payments-6a6a3d6c-r1,(session-3),B4_DURABLE_WORKFLOW,mid_dispatch,payments,AUTHORITATIVE_READBACK,CALLER_REFERENCE,c009c0ad-192d-41f7-a752-4c4c266c3910,CONFIRMED_APPLIED,APPLIED,2,1,1,26874.435439,119664.0,1,0
b4_durable_workflow-mid_dispatch-payments-6a6a3d6c-r1,(session-3),B4_DURABLE_WORKFLOW,mid_dispatch,payments,AUTHORITATIVE_READBACK,CALLER_REFERENCE,daffeff7-9b4a-4105-86c4-c89b6b31004d,CONFIRMED_APPLIED,APPLIED,2,1,2,28767.000212,90701.0,1,0
b4_durable_workflow-mid_dispatch-payments-6a6a3d6c-r1,(session-3),B4_DURABLE_WORKFLOW,mid_dispatch,payments,AUTHORITATIVE_READBACK,CALLER_REFERENCE,7333c6d5-0dae-4434-bbbc-6694040f939b,CONFIRMED_APPLIED,APPLIED,2,1,1,26840.319661,59829.0,1,0
b4_durable_workflow-mid_dispatch-payments-6a6a3d6c-r1,(session-3),B4_DURABLE_WORKFLOW,mid_dispatch,payments,AUTHORITATIVE_READBACK,CALLER_REFERENCE,904fe8b4-efb3-462f-a3e8-c521d9a98a4e,CONFIRMED_APPLIED,APPLIED,2,1,1,26968.760405,30788.0,1,0
b4_durable_workflow-mid_dispatch-payments-6a6a3d6c-r2,(session-3),B4_DURABLE_WORKFLOW,mid_dispatch,payments,AUTHORITATIVE_READBACK,CALLER_REFERENCE,1fc8ac95-d730-4366-9928-15af3c630d37,CONFIRMED_APPLIED,APPLIED,2,1,1,27011.32967,148668.0,1,0
b4_durable_workflow-mid_dispatch-payments-6a6a3d6c-r2,(session-3),B4_DURABLE_WORKFLOW,mid_dispatch,payments,AUTHORITATIVE_READBACK,CALLER_REFERENCE,fb00e0d9-d3e5-4a98-a8ee-9dcae66b1e02,CONFIRMED_APPLIED,APPLIED,3,1,2,31896.74128,119622.0,1,0
b4_durable_workflow-mid_dispatch-payments-6a6a3d6c-r2,(session-3),B4_DURABLE_WORKFLOW,mid_dispatch,payments,AUTHORITATIVE_READBACK,CALLER_REFERENCE,be00d32c-a7b2-4066-b003-e81f3185565b,CONFIRMED_APPLIED,APPLIED,1,1,1,27016.330354,85683.0,0,0
b4_durable_workflow-mid_dispatch-payments-6a6a3d6c-r2,(session-3),B4_DURABLE_WORKFLOW,mid_dispatch,payments,AUTHORITATIVE_READBACK,CALLER_REFERENCE,4bd6fe86-4654-452e-84a6-2fdb2a14e075,CONFIRMED_APPLIED,APPLIED,2,1,1,27058.784278,56711.0,1,0
b4_durable_workflow-mid_dispatch-payments-6a6a3d6c-r2,(session-3),B4_DURABLE_WORKFLOW,mid_dispatch,payments,AUTHORITATIVE_READBACK,CALLER_REFERENCE,cc318cdc-f799-48fe-8b61-c4a23fe26e97,CONFIRMED_APPLIED,APPLIED,2,1,1,27034.875274,27741.0,1,0
b4_durable_workflow-mid_dispatch-payments-6a6a3d6c-r2,(session-3),B4_DURABLE_WORKFLOW,mid_dispatch,payments,AUTHORITATIVE_READBACK,CALLER_REFERENCE,c64b9a6e-819e-4067-9010-4d267494f5ac,CONFIRMED_APPLIED,APPLIED,2,1,1,27012.514098,148670.0,1,0
b4_durable_workflow-mid_dispatch-payments-6a6a3d6c-r2,(session-3),B4_DURABLE_WORKFLOW,mid_dispatch,payments,AUTHORITATIVE_READBACK,CALLER_REFERENCE,19c75bde-c5b4-4186-a7c6-17a815eeba76,CONFIRMED_APPLIED,APPLIED,2,1,1,26872.537411,119624.0,1,0
b4_durable_workflow-mid_dispatch-payments-6a6a3d6c-r2,(session-3),B4_DURABLE_WORKFLOW,mid_dispatch,payments,AUTHORITATIVE_READBACK,CALLER_REFERENCE,77f9bcc0-4caa-4afa-8638-ead190a6d570,CONFIRMED_APPLIED,APPLIED,2,1,1,27041.314954,90700.0,1,0
b4_durable_workflow-mid_dispatch-payments-6a6a3d6c-r2,(session-3),B4_DURABLE_WORKFLOW,mid_dispatch,payments,AUTHORITATIVE_READBACK,CALLER_REFERENCE,43b2d151-f15f-4ee1-bf2f-7f2c139e1d1c,CONFIRMED_APPLIED,APPLIED,2,1,1,27097.261959,61747.0,1,0
b4_durable_workflow-mid_dispatch-payments-6a6a3d6c-r2,(session-3),B4_DURABLE_WORKFLOW,mid_dispatch,payments,AUTHORITATIVE_READBACK,CALLER_REFERENCE,adabc51f-3554-489a-85a9-58ed5a0d5cc6,CONFIRMED_APPLIED,APPLIED,1,1,1,26902.401593,32681.0,0,0
b4_durable_workflow-none-payments-01e70659-r0,p0,B4_DURABLE_WORKFLOW,none,payments,AUTHORITATIVE_READBACK,CALLER_REFERENCE,1a39b5f5-23a6-41d1-94d3-24f896af32a8,CONFIRMED_APPLIED,APPLIED,1,0,1,3988.827601,,0,0
b4_durable_workflow-none-payments-01e70659-r0,p0,B4_DURABLE_WORKFLOW,none,payments,AUTHORITATIVE_READBACK,CALLER_REFERENCE,0689a63b-a9ea-4c2f-93fa-38ddd176a79b,CONFIRMED_APPLIED,APPLIED,1,0,1,3923.653794,,0,0
b4_durable_workflow-none-payments-01e70659-r0,p0,B4_DURABLE_WORKFLOW,none,payments,AUTHORITATIVE_READBACK,CALLER_REFERENCE,f1aca4e0-67ff-4df5-a8fe-8f98770db383,CONFIRMED_APPLIED,APPLIED,1,0,1,3925.791776,,0,0
b4_durable_workflow-none-payments-01e70659-r0,p0,B4_DURABLE_WORKFLOW,none,payments,AUTHORITATIVE_READBACK,CALLER_REFERENCE,cf70cd69-699e-42b6-9d63-0582c2d0eff4,CONFIRMED_APPLIED,APPLIED,1,0,1,4017.672565,,0,0
b4_durable_workflow-none-payments-01e70659-r0,p0,B4_DURABLE_WORKFLOW,none,payments,AUTHORITATIVE_READBACK,CALLER_REFERENCE,3550fa33-b3f1-4aec-9bb0-cee609f61e46,CONFIRMED_APPLIED,APPLIED,1,0,1,4015.902566,,0,0
b4_durable_workflow-none-payments-01e70659-r0,p0,B4_DURABLE_WORKFLOW,none,payments,AUTHORITATIVE_READBACK,CALLER_REFERENCE,2101d7ba-1475-4628-a373-784d1745052b,CONFIRMED_APPLIED,APPLIED,1,0,1,3989.270548,,0,0
b4_durable_workflow-none-payments-01e70659-r0,p0,B4_DURABLE_WORKFLOW,none,payments,AUTHORITATIVE_READBACK,CALLER_REFERENCE,b496a573-3531-4160-a7d8-53c23b4072dc,CONFIRMED_APPLIED,APPLIED,1,0,1,3923.597459,,0,0
b4_durable_workflow-none-payments-01e70659-r0,p0,B4_DURABLE_WORKFLOW,none,payments,AUTHORITATIVE_READBACK,CALLER_REFERENCE,fcd73383-c94b-4923-9930-d31ff344d2ad,CONFIRMED_APPLIED,APPLIED,1,0,1,3925.837983,,0,0
b4_durable_workflow-none-payments-01e70659-r0,p0,B4_DURABLE_WORKFLOW,none,payments,AUTHORITATIVE_READBACK,CALLER_REFERENCE,f2a87f76-a117-4eb5-9cc3-212babf973f6,CONFIRMED_APPLIED,APPLIED,1,0,1,4017.6543,,0,0
b4_durable_workflow-none-payments-01e70659-r0,p0,B4_DURABLE_WORKFLOW,none,payments,AUTHORITATIVE_READBACK,CALLER_REFERENCE,3d9b82ef-b2dc-4656-b51e-e29cd063fbfb,CONFIRMED_APPLIED,APPLIED,1,0,1,4015.918412,,0,0
b4_durable_workflow-none-payments-01e70659-r1,p0,B4_DURABLE_WORKFLOW,none,payments,AUTHORITATIVE_READBACK,CALLER_REFERENCE,5a2af9a8-5232-4d4f-943e-fee60a9941eb,CONFIRMED_APPLIED,APPLIED,1,0,1,3560.067432,,0,0
b4_durable_workflow-none-payments-01e70659-r1,p0,B4_DURABLE_WORKFLOW,none,payments,AUTHORITATIVE_READBACK,CALLER_REFERENCE,595b7cdf-3a7c-4908-b93f-e05d6d910d33,CONFIRMED_APPLIED,APPLIED,1,0,1,4083.01757,,0,0
b4_durable_workflow-none-payments-01e70659-r1,p0,B4_DURABLE_WORKFLOW,none,payments,AUTHORITATIVE_READBACK,CALLER_REFERENCE,0617acc4-57dd-44e5-8708-89b622e5c416,CONFIRMED_APPLIED,APPLIED,1,0,1,4017.021659,,0,0
b4_durable_workflow-none-payments-01e70659-r1,p0,B4_DURABLE_WORKFLOW,none,payments,AUTHORITATIVE_READBACK,CALLER_REFERENCE,7d90fe4f-415e-4610-a572-eed5d128225c,UNVERIFIED_FAILURE,FAILED,1,0,3,10872.32865,,0,1
b4_durable_workflow-none-payments-01e70659-r1,p0,B4_DURABLE_WORKFLOW,none,payments,AUTHORITATIVE_READBACK,CALLER_REFERENCE,99ac9662-7540-44c5-8f6e-fe816a466420,CONFIRMED_APPLIED,APPLIED,1,0,2,5924.321943,,0,0
b4_durable_workflow-none-payments-01e70659-r1,p0,B4_DURABLE_WORKFLOW,none,payments,AUTHORITATIVE_READBACK,CALLER_REFERENCE,bdec3435-8f0e-4b4d-959c-625e7dc85315,CONFIRMED_APPLIED,APPLIED,2,0,3,10653.652479,,1,0
b4_durable_workflow-none-payments-01e70659-r1,p0,B4_DURABLE_WORKFLOW,none,payments,AUTHORITATIVE_READBACK,CALLER_REFERENCE,28b69e76-bee8-474d-b5a7-fb98c98fbfb3,CONFIRMED_APPLIED,APPLIED,1,0,1,3815.475037,,0,0
b4_durable_workflow-none-payments-01e70659-r1,p0,B4_DURABLE_WORKFLOW,none,payments,AUTHORITATIVE_READBACK,CALLER_REFERENCE,156101c3-e712-4a60-8f70-01782940e1da,CONFIRMED_APPLIED,APPLIED,1,0,1,4038.957821,,0,0
b4_durable_workflow-none-payments-01e70659-r1,p0,B4_DURABLE_WORKFLOW,none,payments,AUTHORITATIVE_READBACK,CALLER_REFERENCE,6768cb06-46ae-4d30-bd0f-bb214b03add5,CONFIRMED_APPLIED,APPLIED,2,0,2,9041.130119,,1,0
b4_durable_workflow-none-payments-01e70659-r1,p0,B4_DURABLE_WORKFLOW,none,payments,AUTHORITATIVE_READBACK,CALLER_REFERENCE,a92395ac-f4f1-432e-8f75-ea50bdc14578,CONFIRMED_APPLIED,APPLIED,2,0,2,8943.333246,,1,0
b4_durable_workflow-none-payments-01e70659-r2,p0,B4_DURABLE_WORKFLOW,none,payments,AUTHORITATIVE_READBACK,CALLER_REFERENCE,a85d963a-cb35-43ab-aba5-4948f03de0f4,CONFIRMED_APPLIED,APPLIED,1,0,1,3936.384431,,0,0
b4_durable_workflow-none-payments-01e70659-r2,p0,B4_DURABLE_WORKFLOW,none,payments,AUTHORITATIVE_READBACK,CALLER_REFERENCE,7c858fd0-10a9-40f0-863e-3b88ca023cdf,CONFIRMED_APPLIED,APPLIED,1,0,1,3993.290258,,0,0
b4_durable_workflow-none-payments-01e70659-r2,p0,B4_DURABLE_WORKFLOW,none,payments,AUTHORITATIVE_READBACK,CALLER_REFERENCE,ba32088f-77a3-4ffe-b415-c4d2b5c94e30,CONFIRMED_APPLIED,APPLIED,1,0,1,4037.799174,,0,0
b4_durable_workflow-none-payments-01e70659-r2,p0,B4_DURABLE_WORKFLOW,none,payments,AUTHORITATIVE_READBACK,CALLER_REFERENCE,4a1ed27c-5e27-4f2d-82ee-1d62a6cda582,CONFIRMED_APPLIED,APPLIED,1,0,1,4015.819874,,0,0
b4_durable_workflow-none-payments-01e70659-r2,p0,B4_DURABLE_WORKFLOW,none,payments,AUTHORITATIVE_READBACK,CALLER_REFERENCE,f5e28167-010f-43d5-809d-b9753c68b1f9,CONFIRMED_APPLIED,APPLIED,1,0,1,3838.390189,,0,0
b4_durable_workflow-none-payments-01e70659-r2,p0,B4_DURABLE_WORKFLOW,none,payments,AUTHORITATIVE_READBACK,CALLER_REFERENCE,0c20c338-0936-4880-9056-0d8183e33b95,CONFIRMED_APPLIED,APPLIED,1,0,1,3901.129391,,0,0
b4_durable_workflow-none-payments-01e70659-r2,p0,B4_DURABLE_WORKFLOW,none,payments,AUTHORITATIVE_READBACK,CALLER_REFERENCE,2a4d485d-63e9-42a0-9214-33bbc64f97c2,CONFIRMED_APPLIED,APPLIED,1,0,1,3993.301407,,0,0
b4_durable_workflow-none-payments-01e70659-r2,p0,B4_DURABLE_WORKFLOW,none,payments,AUTHORITATIVE_READBACK,CALLER_REFERENCE,91f91d6d-f987-42c8-adbf-f22866c271ff,CONFIRMED_APPLIED,APPLIED,1,0,1,4037.844984,,0,0
b4_durable_workflow-none-payments-01e70659-r2,p0,B4_DURABLE_WORKFLOW,none,payments,AUTHORITATIVE_READBACK,CALLER_REFERENCE,21e1ea26-a644-4345-844d-421ba327b20b,CONFIRMED_APPLIED,APPLIED,1,0,1,4015.65867,,0,0
b4_durable_workflow-none-payments-01e70659-r2,p0,B4_DURABLE_WORKFLOW,none,payments,AUTHORITATIVE_READBACK,CALLER_REFERENCE,ae4b065a-18f1-41de-9761-6a1b63836874,CONFIRMED_APPLIED,APPLIED,1,0,1,3838.282952,,0,0
b4b_durable_workflow_at_most_once-after_barrier_before_dispatch-ledger_postings-813bf39f-r0,(session-3),B4B_DURABLE_WORKFLOW_AT_MOST_ONCE,after_barrier_before_dispatch,ledger_postings,NO_READBACK,CALLER_REFERENCE,18d3ac7d-0cdb-4d2f-8a70-80b4ed8a310c,UNVERIFIED_FAILURE,TIMED_OUT,1,1,0,23471.674825,128876.0,0,1
b4b_durable_workflow_at_most_once-after_barrier_before_dispatch-ledger_postings-813bf39f-r0,(session-3),B4B_DURABLE_WORKFLOW_AT_MOST_ONCE,after_barrier_before_dispatch,ledger_postings,NO_READBACK,CALLER_REFERENCE,52f699c5-66e7-4910-ab95-4b0a2092e510,UNVERIFIED_FAILURE,TIMED_OUT,0,1,0,24085.985895,102837.0,0,0
b4b_durable_workflow_at_most_once-after_barrier_before_dispatch-ledger_postings-813bf39f-r0,(session-3),B4B_DURABLE_WORKFLOW_AT_MOST_ONCE,after_barrier_before_dispatch,ledger_postings,NO_READBACK,CALLER_REFERENCE,29e36e23-a345-405e-ad01-00471a5f0dee,UNVERIFIED_FAILURE,TIMED_OUT,1,1,0,23936.464143,76840.0,0,1
b4b_durable_workflow_at_most_once-after_barrier_before_dispatch-ledger_postings-813bf39f-r0,(session-3),B4B_DURABLE_WORKFLOW_AT_MOST_ONCE,after_barrier_before_dispatch,ledger_postings,NO_READBACK,CALLER_REFERENCE,f554baa4-ba5d-46a9-b43d-9e5c0b6ced72,UNVERIFIED_FAILURE,TIMED_OUT,1,1,0,23819.137545,50772.0,0,1
b4b_durable_workflow_at_most_once-after_barrier_before_dispatch-ledger_postings-813bf39f-r0,(session-3),B4B_DURABLE_WORKFLOW_AT_MOST_ONCE,after_barrier_before_dispatch,ledger_postings,NO_READBACK,CALLER_REFERENCE,f0b1b0a4-1f75-4113-b183-db181a52c541,UNVERIFIED_FAILURE,TIMED_OUT,1,1,0,23847.883489,24827.0,0,1
b4b_durable_workflow_at_most_once-after_barrier_before_dispatch-ledger_postings-813bf39f-r0,(session-3),B4B_DURABLE_WORKFLOW_AT_MOST_ONCE,after_barrier_before_dispatch,ledger_postings,NO_READBACK,CALLER_REFERENCE,9b2b96ec-8ae3-4478-88a4-ef49ca2cddb9,UNVERIFIED_FAILURE,TIMED_OUT,1,1,0,23487.825366,128884.0,0,1
b4b_durable_workflow_at_most_once-after_barrier_before_dispatch-ledger_postings-813bf39f-r0,(session-3),B4B_DURABLE_WORKFLOW_AT_MOST_ONCE,after_barrier_before_dispatch,ledger_postings,NO_READBACK,CALLER_REFERENCE,da4c0dbf-95de-485b-9e8d-b82e9a91edc0,UNVERIFIED_FAILURE,TIMED_OUT,1,1,0,24080.111262,102840.0,0,1
b4b_durable_workflow_at_most_once-after_barrier_before_dispatch-ledger_postings-813bf39f-r0,(session-3),B4B_DURABLE_WORKFLOW_AT_MOST_ONCE,after_barrier_before_dispatch,ledger_postings,NO_READBACK,CALLER_REFERENCE,8d04795d-e8e2-4733-882d-c8710e1f5b2d,UNVERIFIED_FAILURE,TIMED_OUT,1,1,0,23929.424742,76843.0,0,1
b4b_durable_workflow_at_most_once-after_barrier_before_dispatch-ledger_postings-813bf39f-r0,(session-3),B4B_DURABLE_WORKFLOW_AT_MOST_ONCE,after_barrier_before_dispatch,ledger_postings,NO_READBACK,CALLER_REFERENCE,5c833fca-f180-4367-8b3b-4174e53bb8f3,UNVERIFIED_FAILURE,TIMED_OUT,1,1,0,23824.039409,50775.0,0,1
b4b_durable_workflow_at_most_once-after_barrier_before_dispatch-ledger_postings-813bf39f-r0,(session-3),B4B_DURABLE_WORKFLOW_AT_MOST_ONCE,after_barrier_before_dispatch,ledger_postings,NO_READBACK,CALLER_REFERENCE,447526b3-60d7-4a7d-883a-d97a494a836d,UNVERIFIED_FAILURE,TIMED_OUT,1,1,0,23835.807357,24829.0,0,1
b4b_durable_workflow_at_most_once-after_barrier_before_dispatch-ledger_postings-813bf39f-r1,(session-3),B4B_DURABLE_WORKFLOW_AT_MOST_ONCE,after_barrier_before_dispatch,ledger_postings,NO_READBACK,CALLER_REFERENCE,13f160e6-bfe5-4280-91a6-811e5789cfca,UNVERIFIED_FAILURE,TIMED_OUT,1,1,0,24804.880124,129910.0,0,1
b4b_durable_workflow_at_most_once-after_barrier_before_dispatch-ledger_postings-813bf39f-r1,(session-3),B4B_DURABLE_WORKFLOW_AT_MOST_ONCE,after_barrier_before_dispatch,ledger_postings,NO_READBACK,CALLER_REFERENCE,02152323-479f-4fa6-b89b-be374931fb2a,UNVERIFIED_FAILURE,TIMED_OUT,1,1,0,23813.074273,102877.0,0,1
b4b_durable_workflow_at_most_once-after_barrier_before_dispatch-ledger_postings-813bf39f-r1,(session-3),B4B_DURABLE_WORKFLOW_AT_MOST_ONCE,after_barrier_before_dispatch,ledger_postings,NO_READBACK,CALLER_REFERENCE,d3fae206-ca4f-4db5-babf-f0e6bb15b9cf,UNVERIFIED_FAILURE,TIMED_OUT,0,1,0,23553.719764,76897.0,0,0
b4b_durable_workflow_at_most_once-after_barrier_before_dispatch-ledger_postings-813bf39f-r1,(session-3),B4B_DURABLE_WORKFLOW_AT_MOST_ONCE,after_barrier_before_dispatch,ledger_postings,NO_READBACK,CALLER_REFERENCE,8e5789d3-a6c2-4df9-8162-37cac2d37604,UNVERIFIED_FAILURE,TIMED_OUT,1,1,0,23917.775013,50901.0,0,1
b4b_durable_workflow_at_most_once-after_barrier_before_dispatch-ledger_postings-813bf39f-r1,(session-3),B4B_DURABLE_WORKFLOW_AT_MOST_ONCE,after_barrier_before_dispatch,ledger_postings,NO_READBACK,CALLER_REFERENCE,21c02adf-4837-42b0-bac3-b490c0ae6fc7,UNVERIFIED_FAILURE,TIMED_OUT,1,1,0,23780.312096,24820.0,0,1
b4b_durable_workflow_at_most_once-after_barrier_before_dispatch-ledger_postings-813bf39f-r1,(session-3),B4B_DURABLE_WORKFLOW_AT_MOST_ONCE,after_barrier_before_dispatch,ledger_postings,NO_READBACK,CALLER_REFERENCE,1d8b7fce-727c-4de6-a3f9-e66422e243cf,UNVERIFIED_FAILURE,TIMED_OUT,1,1,0,24783.588562,129914.0,0,1
b4b_durable_workflow_at_most_once-after_barrier_before_dispatch-ledger_postings-813bf39f-r1,(session-3),B4B_DURABLE_WORKFLOW_AT_MOST_ONCE,after_barrier_before_dispatch,ledger_postings,NO_READBACK,CALLER_REFERENCE,e65a03cc-2fbe-4b26-bf75-089224e29338,UNVERIFIED_FAILURE,TIMED_OUT,1,1,0,23822.619374,102880.0,0,1
b4b_durable_workflow_at_most_once-after_barrier_before_dispatch-ledger_postings-813bf39f-r1,(session-3),B4B_DURABLE_WORKFLOW_AT_MOST_ONCE,after_barrier_before_dispatch,ledger_postings,NO_READBACK,CALLER_REFERENCE,b89150ee-a8a9-46c2-8e33-7d93b323ec4c,UNVERIFIED_FAILURE,TIMED_OUT,1,1,0,23595.054747,76900.0,0,1
b4b_durable_workflow_at_most_once-after_barrier_before_dispatch-ledger_postings-813bf39f-r1,(session-3),B4B_DURABLE_WORKFLOW_AT_MOST_ONCE,after_barrier_before_dispatch,ledger_postings,NO_READBACK,CALLER_REFERENCE,2ff36fba-c6bf-4ee2-bf0b-c2a8b8f29f12,UNVERIFIED_FAILURE,TIMED_OUT,1,1,0,24009.264625,50904.0,0,1
b4b_durable_workflow_at_most_once-after_barrier_before_dispatch-ledger_postings-813bf39f-r1,(session-3),B4B_DURABLE_WORKFLOW_AT_MOST_ONCE,after_barrier_before_dispatch,ledger_postings,NO_READBACK,CALLER_REFERENCE,f89b7704-5b9b-4d87-b31b-25794e60cd4a,UNVERIFIED_FAILURE,TIMED_OUT,1,1,0,23605.682225,24823.0,0,1
b4b_durable_workflow_at_most_once-after_barrier_before_dispatch-ledger_postings-813bf39f-r2,(session-3),B4B_DURABLE_WORKFLOW_AT_MOST_ONCE,after_barrier_before_dispatch,ledger_postings,NO_READBACK,CALLER_REFERENCE,9241e0da-34eb-4a4a-b701-68e7edc6469b,UNVERIFIED_FAILURE,TIMED_OUT,1,1,0,23492.688948,128834.0,0,1
b4b_durable_workflow_at_most_once-after_barrier_before_dispatch-ledger_postings-813bf39f-r2,(session-3),B4B_DURABLE_WORKFLOW_AT_MOST_ONCE,after_barrier_before_dispatch,ledger_postings,NO_READBACK,CALLER_REFERENCE,ef1cc587-9131-4505-95df-53635099d2bd,UNVERIFIED_FAILURE,TIMED_OUT,1,1,0,23526.894733,102847.0,0,1
b4b_durable_workflow_at_most_once-after_barrier_before_dispatch-ledger_postings-813bf39f-r2,(session-3),B4B_DURABLE_WORKFLOW_AT_MOST_ONCE,after_barrier_before_dispatch,ledger_postings,NO_READBACK,CALLER_REFERENCE,ba858fc0-c39a-4119-86a8-ed1b7da94205,UNVERIFIED_FAILURE,TIMED_OUT,1,1,0,23903.718565,76993.0,0,1
b4b_durable_workflow_at_most_once-after_barrier_before_dispatch-ledger_postings-813bf39f-r2,(session-3),B4B_DURABLE_WORKFLOW_AT_MOST_ONCE,after_barrier_before_dispatch,ledger_postings,NO_READBACK,CALLER_REFERENCE,922ab763-cd46-4af6-a7b4-3508799dbd44,UNVERIFIED_FAILURE,TIMED_OUT,1,1,0,23573.359266,50881.0,0,1
b4b_durable_workflow_at_most_once-after_barrier_before_dispatch-ledger_postings-813bf39f-r2,(session-3),B4B_DURABLE_WORKFLOW_AT_MOST_ONCE,after_barrier_before_dispatch,ledger_postings,NO_READBACK,CALLER_REFERENCE,7fc438da-47c5-4063-ba81-1c17f5755533,UNVERIFIED_FAILURE,TIMED_OUT,1,1,0,23409.328034,24825.0,0,1
b4b_durable_workflow_at_most_once-after_barrier_before_dispatch-ledger_postings-813bf39f-r2,(session-3),B4B_DURABLE_WORKFLOW_AT_MOST_ONCE,after_barrier_before_dispatch,ledger_postings,NO_READBACK,CALLER_REFERENCE,e5505e23-1438-420b-b732-53b533d73553,UNVERIFIED_FAILURE,TIMED_OUT,0,1,0,23489.864544,128838.0,0,0
b4b_durable_workflow_at_most_once-after_barrier_before_dispatch-ledger_postings-813bf39f-r2,(session-3),B4B_DURABLE_WORKFLOW_AT_MOST_ONCE,after_barrier_before_dispatch,ledger_postings,NO_READBACK,CALLER_REFERENCE,7c8e5f90-a02f-46f4-b6fa-b08bab2093ea,UNVERIFIED_FAILURE,TIMED_OUT,1,1,0,23343.332484,102849.0,0,1
b4b_durable_workflow_at_most_once-after_barrier_before_dispatch-ledger_postings-813bf39f-r2,(session-3),B4B_DURABLE_WORKFLOW_AT_MOST_ONCE,after_barrier_before_dispatch,ledger_postings,NO_READBACK,CALLER_REFERENCE,7f16eead-741b-4068-9a12-17956e2acf4d,UNVERIFIED_FAILURE,TIMED_OUT,0,1,0,23834.064908,76997.0,0,0
b4b_durable_workflow_at_most_once-after_barrier_before_dispatch-ledger_postings-813bf39f-r2,(session-3),B4B_DURABLE_WORKFLOW_AT_MOST_ONCE,after_barrier_before_dispatch,ledger_postings,NO_READBACK,CALLER_REFERENCE,a5031054-56d1-4d4b-bb96-4132ee01e9d5,UNVERIFIED_FAILURE,TIMED_OUT,1,1,0,23556.395843,50886.0,0,1
b4b_durable_workflow_at_most_once-after_barrier_before_dispatch-ledger_postings-813bf39f-r2,(session-3),B4B_DURABLE_WORKFLOW_AT_MOST_ONCE,after_barrier_before_dispatch,ledger_postings,NO_READBACK,CALLER_REFERENCE,7e480544-480e-475b-9705-5219c966f990,UNVERIFIED_FAILURE,TIMED_OUT,1,1,0,23342.080016,24829.0,0,1
b4b_durable_workflow_at_most_once-after_barrier_before_dispatch-notifications-bdc2cacd-r0,(session-3),B4B_DURABLE_WORKFLOW_AT_MOST_ONCE,after_barrier_before_dispatch,notifications,POSITIVE_ONLY_READBACK,CALLER_REFERENCE,c4f996db-f152-4bb0-89e7-faf0e46863ed,UNVERIFIED_FAILURE,TIMED_OUT,1,1,0,23963.478029,128945.0,0,1
b4b_durable_workflow_at_most_once-after_barrier_before_dispatch-notifications-bdc2cacd-r0,(session-3),B4B_DURABLE_WORKFLOW_AT_MOST_ONCE,after_barrier_before_dispatch,notifications,POSITIVE_ONLY_READBACK,CALLER_REFERENCE,6fc2f356-ebb3-45e3-87ca-3ae4f69661af,UNVERIFIED_FAILURE,TIMED_OUT,1,1,0,23782.511708,102838.0,0,1
b4b_durable_workflow_at_most_once-after_barrier_before_dispatch-notifications-bdc2cacd-r0,(session-3),B4B_DURABLE_WORKFLOW_AT_MOST_ONCE,after_barrier_before_dispatch,notifications,POSITIVE_ONLY_READBACK,CALLER_REFERENCE,5f8843b8-e2c7-487b-b011-d493f419f7c1,UNVERIFIED_FAILURE,TIMED_OUT,1,1,0,23908.58785,76825.0,0,1
b4b_durable_workflow_at_most_once-after_barrier_before_dispatch-notifications-bdc2cacd-r0,(session-3),B4B_DURABLE_WORKFLOW_AT_MOST_ONCE,after_barrier_before_dispatch,notifications,POSITIVE_ONLY_READBACK,CALLER_REFERENCE,14d319fc-adc1-4187-9ab0-1ac1951cfba5,UNVERIFIED_FAILURE,TIMED_OUT,0,1,0,23906.227894,50770.0,0,0
b4b_durable_workflow_at_most_once-after_barrier_before_dispatch-notifications-bdc2cacd-r0,(session-3),B4B_DURABLE_WORKFLOW_AT_MOST_ONCE,after_barrier_before_dispatch,notifications,POSITIVE_ONLY_READBACK,CALLER_REFERENCE,3f64e36f-9d0e-4a6f-8a2c-e10100dba723,UNVERIFIED_FAILURE,TIMED_OUT,1,1,0,24022.868649,24816.0,0,1
b4b_durable_workflow_at_most_once-after_barrier_before_dispatch-notifications-bdc2cacd-r0,(session-3),B4B_DURABLE_WORKFLOW_AT_MOST_ONCE,after_barrier_before_dispatch,notifications,POSITIVE_ONLY_READBACK,CALLER_REFERENCE,06ad7580-8817-4165-88fd-9f6280222aad,UNVERIFIED_FAILURE,TIMED_OUT,1,1,0,23966.989288,128949.0,0,1
b4b_durable_workflow_at_most_once-after_barrier_before_dispatch-notifications-bdc2cacd-r0,(session-3),B4B_DURABLE_WORKFLOW_AT_MOST_ONCE,after_barrier_before_dispatch,notifications,POSITIVE_ONLY_READBACK,CALLER_REFERENCE,c6641163-cf81-4784-bfe3-9b258ae2a5dd,UNVERIFIED_FAILURE,TIMED_OUT,1,1,0,23970.667557,102842.0,0,1
b4b_durable_workflow_at_most_once-after_barrier_before_dispatch-notifications-bdc2cacd-r0,(session-3),B4B_DURABLE_WORKFLOW_AT_MOST_ONCE,after_barrier_before_dispatch,notifications,POSITIVE_ONLY_READBACK,CALLER_REFERENCE,77aab196-1ab2-4341-8a65-91ca975c47d2,UNVERIFIED_FAILURE,TIMED_OUT,1,1,0,24016.457357,76828.0,0,1
b4b_durable_workflow_at_most_once-after_barrier_before_dispatch-notifications-bdc2cacd-r0,(session-3),B4B_DURABLE_WORKFLOW_AT_MOST_ONCE,after_barrier_before_dispatch,notifications,POSITIVE_ONLY_READBACK,CALLER_REFERENCE,8cbb4d6d-c9b7-4040-9ef3-3bb1b1f37086,UNVERIFIED_FAILURE,TIMED_OUT,0,1,0,23927.059547,50773.0,0,0
b4b_durable_workflow_at_most_once-after_barrier_before_dispatch-notifications-bdc2cacd-r0,(session-3),B4B_DURABLE_WORKFLOW_AT_MOST_ONCE,after_barrier_before_dispatch,notifications,POSITIVE_ONLY_READBACK,CALLER_REFERENCE,8a41ba86-7218-479d-a48c-8a4df1d4b38f,UNVERIFIED_FAILURE,TIMED_OUT,1,1,0,24000.711526,24820.0,0,1
b4b_durable_workflow_at_most_once-after_barrier_before_dispatch-notifications-bdc2cacd-r1,(session-3),B4B_DURABLE_WORKFLOW_AT_MOST_ONCE,after_barrier_before_dispatch,notifications,POSITIVE_ONLY_READBACK,CALLER_REFERENCE,438cf8b7-8541-4048-8205-0c111d3b2c3f,UNVERIFIED_FAILURE,TIMED_OUT,1,1,0,24151.526947,128878.0,0,1
b4b_durable_workflow_at_most_once-after_barrier_before_dispatch-notifications-bdc2cacd-r1,(session-3),B4B_DURABLE_WORKFLOW_AT_MOST_ONCE,after_barrier_before_dispatch,notifications,POSITIVE_ONLY_READBACK,CALLER_REFERENCE,508b65b8-0b1e-494e-b59b-1be63737b332,UNVERIFIED_FAILURE,TIMED_OUT,1,1,0,24059.332619,102799.0,0,1
b4b_durable_workflow_at_most_once-after_barrier_before_dispatch-notifications-bdc2cacd-r1,(session-3),B4B_DURABLE_WORKFLOW_AT_MOST_ONCE,after_barrier_before_dispatch,notifications,POSITIVE_ONLY_READBACK,CALLER_REFERENCE,faf3fb01-3888-4530-bf0b-3094afe3a599,UNVERIFIED_FAILURE,TIMED_OUT,1,1,0,23994.073524,76778.0,0,1
b4b_durable_workflow_at_most_once-after_barrier_before_dispatch-notifications-bdc2cacd-r1,(session-3),B4B_DURABLE_WORKFLOW_AT_MOST_ONCE,after_barrier_before_dispatch,notifications,POSITIVE_ONLY_READBACK,CALLER_REFERENCE,ea3aa77d-a697-42a7-845d-471399af6735,UNVERIFIED_FAILURE,TIMED_OUT,1,1,0,24065.962045,50767.0,0,1
b4b_durable_workflow_at_most_once-after_barrier_before_dispatch-notifications-bdc2cacd-r1,(session-3),B4B_DURABLE_WORKFLOW_AT_MOST_ONCE,after_barrier_before_dispatch,notifications,POSITIVE_ONLY_READBACK,CALLER_REFERENCE,647c96ae-6fd5-460e-8f4a-a381a5a069e4,UNVERIFIED_FAILURE,TIMED_OUT,1,1,0,24011.618286,24754.0,0,1
b4b_durable_workflow_at_most_once-after_barrier_before_dispatch-notifications-bdc2cacd-r1,(session-3),B4B_DURABLE_WORKFLOW_AT_MOST_ONCE,after_barrier_before_dispatch,notifications,POSITIVE_ONLY_READBACK,CALLER_REFERENCE,1d167127-74d4-446f-a7f5-dac1173b3f33,UNVERIFIED_FAILURE,TIMED_OUT,1,1,0,24141.735015,128881.0,0,1
b4b_durable_workflow_at_most_once-after_barrier_before_dispatch-notifications-bdc2cacd-r1,(session-3),B4B_DURABLE_WORKFLOW_AT_MOST_ONCE,after_barrier_before_dispatch,notifications,POSITIVE_ONLY_READBACK,CALLER_REFERENCE,ebb5d6c9-b436-4855-a680-6b4ef65f1105,UNVERIFIED_FAILURE,TIMED_OUT,1,1,0,24092.346213,102801.0,0,1
b4b_durable_workflow_at_most_once-after_barrier_before_dispatch-notifications-bdc2cacd-r1,(session-3),B4B_DURABLE_WORKFLOW_AT_MOST_ONCE,after_barrier_before_dispatch,notifications,POSITIVE_ONLY_READBACK,CALLER_REFERENCE,db082db1-4963-46c3-ae49-e03cfa0423d1,UNVERIFIED_FAILURE,TIMED_OUT,1,1,0,23972.912656,76781.0,0,1
b4b_durable_workflow_at_most_once-after_barrier_before_dispatch-notifications-bdc2cacd-r1,(session-3),B4B_DURABLE_WORKFLOW_AT_MOST_ONCE,after_barrier_before_dispatch,notifications,POSITIVE_ONLY_READBACK,CALLER_REFERENCE,c53f2aff-930d-4d55-b92d-31b7b8f13b85,UNVERIFIED_FAILURE,TIMED_OUT,1,1,0,24041.394619,50770.0,0,1
b4b_durable_workflow_at_most_once-after_barrier_before_dispatch-notifications-bdc2cacd-r1,(session-3),B4B_DURABLE_WORKFLOW_AT_MOST_ONCE,after_barrier_before_dispatch,notifications,POSITIVE_ONLY_READBACK,CALLER_REFERENCE,2b790db9-0990-424c-84d3-58cd2df4dc6e,UNVERIFIED_FAILURE,TIMED_OUT,1,1,0,24003.270889,24757.0,0,1
b4b_durable_workflow_at_most_once-after_barrier_before_dispatch-notifications-bdc2cacd-r2,(session-3),B4B_DURABLE_WORKFLOW_AT_MOST_ONCE,after_barrier_before_dispatch,notifications,POSITIVE_ONLY_READBACK,CALLER_REFERENCE,6d56b9d9-856f-4e50-85e0-91cc4718c767,UNVERIFIED_FAILURE,TIMED_OUT,1,1,0,23752.173214,128755.0,0,1
b4b_durable_workflow_at_most_once-after_barrier_before_dispatch-notifications-bdc2cacd-r2,(session-3),B4B_DURABLE_WORKFLOW_AT_MOST_ONCE,after_barrier_before_dispatch,notifications,POSITIVE_ONLY_READBACK,CALLER_REFERENCE,c39c7f9b-06ee-4dda-89d3-23a9135a65cb,UNVERIFIED_FAILURE,TIMED_OUT,1,1,0,23981.370014,102819.0,0,1
b4b_durable_workflow_at_most_once-after_barrier_before_dispatch-notifications-bdc2cacd-r2,(session-3),B4B_DURABLE_WORKFLOW_AT_MOST_ONCE,after_barrier_before_dispatch,notifications,POSITIVE_ONLY_READBACK,CALLER_REFERENCE,c7f824c9-9154-4ae4-99e9-a5ba09d67fd3,UNVERIFIED_FAILURE,TIMED_OUT,0,1,0,24054.677406,76778.0,0,0
b4b_durable_workflow_at_most_once-after_barrier_before_dispatch-notifications-bdc2cacd-r2,(session-3),B4B_DURABLE_WORKFLOW_AT_MOST_ONCE,after_barrier_before_dispatch,notifications,POSITIVE_ONLY_READBACK,CALLER_REFERENCE,41e62cb3-c18e-4a1c-af03-ebba6ade22d5,UNVERIFIED_FAILURE,TIMED_OUT,1,1,0,24013.435211,50691.0,0,1
b4b_durable_workflow_at_most_once-after_barrier_before_dispatch-notifications-bdc2cacd-r2,(session-3),B4B_DURABLE_WORKFLOW_AT_MOST_ONCE,after_barrier_before_dispatch,notifications,POSITIVE_ONLY_READBACK,CALLER_REFERENCE,1b05a2ff-341a-4c86-9c3d-269ddb228621,UNVERIFIED_FAILURE,TIMED_OUT,1,1,0,23949.537681,24728.0,0,1
b4b_durable_workflow_at_most_once-after_barrier_before_dispatch-notifications-bdc2cacd-r2,(session-3),B4B_DURABLE_WORKFLOW_AT_MOST_ONCE,after_barrier_before_dispatch,notifications,POSITIVE_ONLY_READBACK,CALLER_REFERENCE,7167ad12-93e1-4af1-a4ba-fdb5ab9d5e92,UNVERIFIED_FAILURE,TIMED_OUT,1,1,0,23747.775065,128757.0,0,1
b4b_durable_workflow_at_most_once-after_barrier_before_dispatch-notifications-bdc2cacd-r2,(session-3),B4B_DURABLE_WORKFLOW_AT_MOST_ONCE,after_barrier_before_dispatch,notifications,POSITIVE_ONLY_READBACK,CALLER_REFERENCE,c79d3327-ae99-4e08-8285-a09ccb158052,UNVERIFIED_FAILURE,TIMED_OUT,1,1,0,23973.805575,102822.0,0,1
b4b_durable_workflow_at_most_once-after_barrier_before_dispatch-notifications-bdc2cacd-r2,(session-3),B4B_DURABLE_WORKFLOW_AT_MOST_ONCE,after_barrier_before_dispatch,notifications,POSITIVE_ONLY_READBACK,CALLER_REFERENCE,7d10315c-a098-4667-a1b8-31a30247f30f,UNVERIFIED_FAILURE,TIMED_OUT,1,1,0,24059.336755,76783.0,0,1
b4b_durable_workflow_at_most_once-after_barrier_before_dispatch-notifications-bdc2cacd-r2,(session-3),B4B_DURABLE_WORKFLOW_AT_MOST_ONCE,after_barrier_before_dispatch,notifications,POSITIVE_ONLY_READBACK,CALLER_REFERENCE,f3d551b3-21e4-4a98-9784-19f562049b27,UNVERIFIED_FAILURE,TIMED_OUT,1,1,0,24011.238238,50694.0,0,1
b4b_durable_workflow_at_most_once-after_barrier_before_dispatch-notifications-bdc2cacd-r2,(session-3),B4B_DURABLE_WORKFLOW_AT_MOST_ONCE,after_barrier_before_dispatch,notifications,POSITIVE_ONLY_READBACK,CALLER_REFERENCE,5ac08b4b-84f4-4203-a512-0b305437071c,UNVERIFIED_FAILURE,TIMED_OUT,1,1,0,23971.681218,24731.0,0,1
b4b_durable_workflow_at_most_once-after_barrier_before_dispatch-payments-3edf93ea-r0,(session-3),B4B_DURABLE_WORKFLOW_AT_MOST_ONCE,after_barrier_before_dispatch,payments,AUTHORITATIVE_READBACK,CALLER_REFERENCE,92ea147a-e085-4653-9ff2-e77c77f7640b,UNVERIFIED_FAILURE,TIMED_OUT,1,1,0,23992.016069,128709.0,0,1
b4b_durable_workflow_at_most_once-after_barrier_before_dispatch-payments-3edf93ea-r0,(session-3),B4B_DURABLE_WORKFLOW_AT_MOST_ONCE,after_barrier_before_dispatch,payments,AUTHORITATIVE_READBACK,CALLER_REFERENCE,043b777e-e0bd-4888-8ad0-d7dc199b1d93,UNVERIFIED_FAILURE,TIMED_OUT,1,1,0,24141.544838,102691.0,0,1
b4b_durable_workflow_at_most_once-after_barrier_before_dispatch-payments-3edf93ea-r0,(session-3),B4B_DURABLE_WORKFLOW_AT_MOST_ONCE,after_barrier_before_dispatch,payments,AUTHORITATIVE_READBACK,CALLER_REFERENCE,45f219de-a349-4de9-95fb-6ccb4f8c7d31,UNVERIFIED_FAILURE,TIMED_OUT,1,1,0,24080.121873,76689.0,0,1
b4b_durable_workflow_at_most_once-after_barrier_before_dispatch-payments-3edf93ea-r0,(session-3),B4B_DURABLE_WORKFLOW_AT_MOST_ONCE,after_barrier_before_dispatch,payments,AUTHORITATIVE_READBACK,CALLER_REFERENCE,0800a807-b8ae-4ec9-a33a-5e0b59587b98,UNVERIFIED_FAILURE,TIMED_OUT,1,1,0,24123.156748,50735.0,0,1
b4b_durable_workflow_at_most_once-after_barrier_before_dispatch-payments-3edf93ea-r0,(session-3),B4B_DURABLE_WORKFLOW_AT_MOST_ONCE,after_barrier_before_dispatch,payments,AUTHORITATIVE_READBACK,CALLER_REFERENCE,5c9a75dc-054b-4791-bdd4-54233dd99c46,UNVERIFIED_FAILURE,TIMED_OUT,0,1,0,24063.705317,24680.0,0,0
b4b_durable_workflow_at_most_once-after_barrier_before_dispatch-payments-3edf93ea-r0,(session-3),B4B_DURABLE_WORKFLOW_AT_MOST_ONCE,after_barrier_before_dispatch,payments,AUTHORITATIVE_READBACK,CALLER_REFERENCE,b627d485-fee7-4471-b86c-df860d260621,UNVERIFIED_FAILURE,TIMED_OUT,1,1,0,24003.039399,128714.0,0,1
b4b_durable_workflow_at_most_once-after_barrier_before_dispatch-payments-3edf93ea-r0,(session-3),B4B_DURABLE_WORKFLOW_AT_MOST_ONCE,after_barrier_before_dispatch,payments,AUTHORITATIVE_READBACK,CALLER_REFERENCE,25c9d7bb-6889-483e-82d8-290a6d8c5f88,UNVERIFIED_FAILURE,TIMED_OUT,1,1,0,24139.018004,102696.0,0,1
b4b_durable_workflow_at_most_once-after_barrier_before_dispatch-payments-3edf93ea-r0,(session-3),B4B_DURABLE_WORKFLOW_AT_MOST_ONCE,after_barrier_before_dispatch,payments,AUTHORITATIVE_READBACK,CALLER_REFERENCE,d9c99c40-e511-4753-b96b-8265b9379eab,UNVERIFIED_FAILURE,TIMED_OUT,1,1,0,24061.896087,76690.0,0,1
b4b_durable_workflow_at_most_once-after_barrier_before_dispatch-payments-3edf93ea-r0,(session-3),B4B_DURABLE_WORKFLOW_AT_MOST_ONCE,after_barrier_before_dispatch,payments,AUTHORITATIVE_READBACK,CALLER_REFERENCE,3b483db8-22fb-4b58-be95-fb76f911c8dd,UNVERIFIED_FAILURE,TIMED_OUT,1,1,0,24121.025354,50735.0,0,1
b4b_durable_workflow_at_most_once-after_barrier_before_dispatch-payments-3edf93ea-r0,(session-3),B4B_DURABLE_WORKFLOW_AT_MOST_ONCE,after_barrier_before_dispatch,payments,AUTHORITATIVE_READBACK,CALLER_REFERENCE,1a79d538-64bb-4589-ac4d-4121fa68d474,UNVERIFIED_FAILURE,TIMED_OUT,1,1,0,24077.142912,24681.0,0,1
b4b_durable_workflow_at_most_once-after_barrier_before_dispatch-payments-3edf93ea-r1,(session-3),B4B_DURABLE_WORKFLOW_AT_MOST_ONCE,after_barrier_before_dispatch,payments,AUTHORITATIVE_READBACK,CALLER_REFERENCE,f2244233-1b2e-4909-8482-8acfbec51e53,UNVERIFIED_FAILURE,TIMED_OUT,1,1,0,24138.736536,128770.0,0,1
b4b_durable_workflow_at_most_once-after_barrier_before_dispatch-payments-3edf93ea-r1,(session-3),B4B_DURABLE_WORKFLOW_AT_MOST_ONCE,after_barrier_before_dispatch,payments,AUTHORITATIVE_READBACK,CALLER_REFERENCE,9f429ae9-ffe0-4621-bfe1-336f35dc428d,UNVERIFIED_FAILURE,TIMED_OUT,1,1,0,24003.551917,102796.0,0,1
b4b_durable_workflow_at_most_once-after_barrier_before_dispatch-payments-3edf93ea-r1,(session-3),B4B_DURABLE_WORKFLOW_AT_MOST_ONCE,after_barrier_before_dispatch,payments,AUTHORITATIVE_READBACK,CALLER_REFERENCE,ddf87a39-d60d-454a-beda-5159d7dc7333,UNVERIFIED_FAILURE,TIMED_OUT,1,1,0,24105.224384,76784.0,0,1
b4b_durable_workflow_at_most_once-after_barrier_before_dispatch-payments-3edf93ea-r1,(session-3),B4B_DURABLE_WORKFLOW_AT_MOST_ONCE,after_barrier_before_dispatch,payments,AUTHORITATIVE_READBACK,CALLER_REFERENCE,9e18e954-53d6-49ea-b4a3-2842370df57c,UNVERIFIED_FAILURE,TIMED_OUT,1,1,0,24146.427408,50809.0,0,1
b4b_durable_workflow_at_most_once-after_barrier_before_dispatch-payments-3edf93ea-r1,(session-3),B4B_DURABLE_WORKFLOW_AT_MOST_ONCE,after_barrier_before_dispatch,payments,AUTHORITATIVE_READBACK,CALLER_REFERENCE,5311de61-36b7-4edd-9a4c-9d01b07a275c,UNVERIFIED_FAILURE,TIMED_OUT,1,1,0,24018.718085,24797.0,0,1
b4b_durable_workflow_at_most_once-after_barrier_before_dispatch-payments-3edf93ea-r1,(session-3),B4B_DURABLE_WORKFLOW_AT_MOST_ONCE,after_barrier_before_dispatch,payments,AUTHORITATIVE_READBACK,CALLER_REFERENCE,3fded386-716d-4446-874a-1c3bf1709c1a,UNVERIFIED_FAILURE,TIMED_OUT,1,1,0,24113.883985,128773.0,0,1
b4b_durable_workflow_at_most_once-after_barrier_before_dispatch-payments-3edf93ea-r1,(session-3),B4B_DURABLE_WORKFLOW_AT_MOST_ONCE,after_barrier_before_dispatch,payments,AUTHORITATIVE_READBACK,CALLER_REFERENCE,75fff0c0-194a-4e81-b0b1-7c53dc06e39c,UNVERIFIED_FAILURE,TIMED_OUT,1,1,0,24013.712207,102801.0,0,1
b4b_durable_workflow_at_most_once-after_barrier_before_dispatch-payments-3edf93ea-r1,(session-3),B4B_DURABLE_WORKFLOW_AT_MOST_ONCE,after_barrier_before_dispatch,payments,AUTHORITATIVE_READBACK,CALLER_REFERENCE,7130727e-dd11-4782-a01e-be4a4e42c61d,UNVERIFIED_FAILURE,TIMED_OUT,1,1,0,24093.326986,76787.0,0,1
b4b_durable_workflow_at_most_once-after_barrier_before_dispatch-payments-3edf93ea-r1,(session-3),B4B_DURABLE_WORKFLOW_AT_MOST_ONCE,after_barrier_before_dispatch,payments,AUTHORITATIVE_READBACK,CALLER_REFERENCE,faf83199-38bc-49c9-8f8c-55719fd628f1,UNVERIFIED_FAILURE,TIMED_OUT,1,1,0,24071.307505,50814.0,0,1
b4b_durable_workflow_at_most_once-after_barrier_before_dispatch-payments-3edf93ea-r1,(session-3),B4B_DURABLE_WORKFLOW_AT_MOST_ONCE,after_barrier_before_dispatch,payments,AUTHORITATIVE_READBACK,CALLER_REFERENCE,19e2fe86-abc7-4f9f-a7e3-cce143b67043,UNVERIFIED_FAILURE,TIMED_OUT,1,1,0,23970.918894,24802.0,0,1
b4b_durable_workflow_at_most_once-after_barrier_before_dispatch-payments-3edf93ea-r2,(session-3),B4B_DURABLE_WORKFLOW_AT_MOST_ONCE,after_barrier_before_dispatch,payments,AUTHORITATIVE_READBACK,CALLER_REFERENCE,6d169f72-d902-476c-a495-5ec26d47990a,UNVERIFIED_FAILURE,TIMED_OUT,1,1,0,24026.72804,128739.0,0,1
b4b_durable_workflow_at_most_once-after_barrier_before_dispatch-payments-3edf93ea-r2,(session-3),B4B_DURABLE_WORKFLOW_AT_MOST_ONCE,after_barrier_before_dispatch,payments,AUTHORITATIVE_READBACK,CALLER_REFERENCE,49a3504f-3698-467f-82bc-1c934f6eeffe,UNVERIFIED_FAILURE,TIMED_OUT,1,1,0,23844.246487,102671.0,0,1
b4b_durable_workflow_at_most_once-after_barrier_before_dispatch-payments-3edf93ea-r2,(session-3),B4B_DURABLE_WORKFLOW_AT_MOST_ONCE,after_barrier_before_dispatch,payments,AUTHORITATIVE_READBACK,CALLER_REFERENCE,bc8919f2-0a56-43d3-bf57-6f2e5f96827a,UNVERIFIED_FAILURE,TIMED_OUT,1,1,0,24023.367674,76730.0,0,1
b4b_durable_workflow_at_most_once-after_barrier_before_dispatch-payments-3edf93ea-r2,(session-3),B4B_DURABLE_WORKFLOW_AT_MOST_ONCE,after_barrier_before_dispatch,payments,AUTHORITATIVE_READBACK,CALLER_REFERENCE,0ebf4dcf-3e20-4b60-bdba-5affd9f9ff89,UNVERIFIED_FAILURE,TIMED_OUT,1,1,0,23795.244213,50740.0,0,1
b4b_durable_workflow_at_most_once-after_barrier_before_dispatch-payments-3edf93ea-r2,(session-3),B4B_DURABLE_WORKFLOW_AT_MOST_ONCE,after_barrier_before_dispatch,payments,AUTHORITATIVE_READBACK,CALLER_REFERENCE,2af9c513-7242-44cf-8d5b-e58c660c8661,UNVERIFIED_FAILURE,TIMED_OUT,1,1,0,24165.664515,24864.0,0,1
b4b_durable_workflow_at_most_once-after_barrier_before_dispatch-payments-3edf93ea-r2,(session-3),B4B_DURABLE_WORKFLOW_AT_MOST_ONCE,after_barrier_before_dispatch,payments,AUTHORITATIVE_READBACK,CALLER_REFERENCE,463ec978-40f7-4c60-bab8-d296146f520f,UNVERIFIED_FAILURE,TIMED_OUT,1,1,0,24013.690381,128741.0,0,1
b4b_durable_workflow_at_most_once-after_barrier_before_dispatch-payments-3edf93ea-r2,(session-3),B4B_DURABLE_WORKFLOW_AT_MOST_ONCE,after_barrier_before_dispatch,payments,AUTHORITATIVE_READBACK,CALLER_REFERENCE,40519424-1042-43bf-b77f-fa913ecf4b1c,UNVERIFIED_FAILURE,TIMED_OUT,1,1,0,23852.643846,102672.0,0,1
b4b_durable_workflow_at_most_once-after_barrier_before_dispatch-payments-3edf93ea-r2,(session-3),B4B_DURABLE_WORKFLOW_AT_MOST_ONCE,after_barrier_before_dispatch,payments,AUTHORITATIVE_READBACK,CALLER_REFERENCE,8c8dd5b6-6a3a-41f2-ad14-cc76001f27ba,UNVERIFIED_FAILURE,TIMED_OUT,1,1,0,24018.724922,76730.0,0,1
b4b_durable_workflow_at_most_once-after_barrier_before_dispatch-payments-3edf93ea-r2,(session-3),B4B_DURABLE_WORKFLOW_AT_MOST_ONCE,after_barrier_before_dispatch,payments,AUTHORITATIVE_READBACK,CALLER_REFERENCE,f40b65de-95e8-4c09-bcea-7d88a6f044d7,UNVERIFIED_FAILURE,TIMED_OUT,1,1,0,23785.766832,50742.0,0,1
b4b_durable_workflow_at_most_once-after_barrier_before_dispatch-payments-3edf93ea-r2,(session-3),B4B_DURABLE_WORKFLOW_AT_MOST_ONCE,after_barrier_before_dispatch,payments,AUTHORITATIVE_READBACK,CALLER_REFERENCE,8d136df3-c51b-4d96-81ab-8c7a58f39363,UNVERIFIED_FAILURE,TIMED_OUT,1,1,0,24170.699757,24866.0,0,1
b4b_durable_workflow_at_most_once-after_intent_before_barrier-ledger_postings-3527c477-r0,(session-3),B4B_DURABLE_WORKFLOW_AT_MOST_ONCE,after_intent_before_barrier,ledger_postings,NO_READBACK,CALLER_REFERENCE,4d1a0275-0960-44be-a854-49b476b8dd7b,UNVERIFIED_FAILURE,TIMED_OUT,0,1,0,24308.970743,129131.0,0,0
b4b_durable_workflow_at_most_once-after_intent_before_barrier-ledger_postings-3527c477-r0,(session-3),B4B_DURABLE_WORKFLOW_AT_MOST_ONCE,after_intent_before_barrier,ledger_postings,NO_READBACK,CALLER_REFERENCE,cce04064-6bef-434a-8595-fc8a50d26a61,UNVERIFIED_FAILURE,TIMED_OUT,0,1,0,24462.937835,103183.0,0,0
b4b_durable_workflow_at_most_once-after_intent_before_barrier-ledger_postings-3527c477-r0,(session-3),B4B_DURABLE_WORKFLOW_AT_MOST_ONCE,after_intent_before_barrier,ledger_postings,NO_READBACK,CALLER_REFERENCE,6457c443-4bfd-43e5-9fdb-22b28b000997,UNVERIFIED_FAILURE,TIMED_OUT,0,1,0,24392.627184,77148.0,0,0
b4b_durable_workflow_at_most_once-after_intent_before_barrier-ledger_postings-3527c477-r0,(session-3),B4B_DURABLE_WORKFLOW_AT_MOST_ONCE,after_intent_before_barrier,ledger_postings,NO_READBACK,CALLER_REFERENCE,6560c17c-37e3-48ba-81d2-35f1fdc26af5,UNVERIFIED_FAILURE,TIMED_OUT,0,1,0,24403.685331,51164.0,0,0
b4b_durable_workflow_at_most_once-after_intent_before_barrier-ledger_postings-3527c477-r0,(session-3),B4B_DURABLE_WORKFLOW_AT_MOST_ONCE,after_intent_before_barrier,ledger_postings,NO_READBACK,CALLER_REFERENCE,a20136a9-3329-4f64-b14f-a187e94fcc8c,UNVERIFIED_FAILURE,TIMED_OUT,0,1,0,24196.489496,25136.0,0,0
b4b_durable_workflow_at_most_once-after_intent_before_barrier-ledger_postings-3527c477-r0,(session-3),B4B_DURABLE_WORKFLOW_AT_MOST_ONCE,after_intent_before_barrier,ledger_postings,NO_READBACK,CALLER_REFERENCE,92cf16a0-ce49-4f4e-95c1-ce43a3e9e986,UNVERIFIED_FAILURE,TIMED_OUT,0,1,0,24305.235221,129133.0,0,0
b4b_durable_workflow_at_most_once-after_intent_before_barrier-ledger_postings-3527c477-r0,(session-3),B4B_DURABLE_WORKFLOW_AT_MOST_ONCE,after_intent_before_barrier,ledger_postings,NO_READBACK,CALLER_REFERENCE,a53a1f5f-2f4d-4b04-8410-8f6bb445cef1,UNVERIFIED_FAILURE,TIMED_OUT,0,1,0,24467.031332,103185.0,0,0
b4b_durable_workflow_at_most_once-after_intent_before_barrier-ledger_postings-3527c477-r0,(session-3),B4B_DURABLE_WORKFLOW_AT_MOST_ONCE,after_intent_before_barrier,ledger_postings,NO_READBACK,CALLER_REFERENCE,e72e8617-e55b-41e3-8b69-205ea87872b6,UNVERIFIED_FAILURE,TIMED_OUT,0,1,0,24346.855027,77150.0,0,0
b4b_durable_workflow_at_most_once-after_intent_before_barrier-ledger_postings-3527c477-r0,(session-3),B4B_DURABLE_WORKFLOW_AT_MOST_ONCE,after_intent_before_barrier,ledger_postings,NO_READBACK,CALLER_REFERENCE,7c379654-6edc-4afe-8b29-5a7b3fd29f1a,UNVERIFIED_FAILURE,TIMED_OUT,0,1,0,24390.614128,51166.0,0,0
b4b_durable_workflow_at_most_once-after_intent_before_barrier-ledger_postings-3527c477-r0,(session-3),B4B_DURABLE_WORKFLOW_AT_MOST_ONCE,after_intent_before_barrier,ledger_postings,NO_READBACK,CALLER_REFERENCE,8ddc29d3-bb4d-4d09-a6f0-912af360ead9,UNVERIFIED_FAILURE,TIMED_OUT,0,1,0,24217.909757,25139.0,0,0
b4b_durable_workflow_at_most_once-after_intent_before_barrier-ledger_postings-3527c477-r1,(session-3),B4B_DURABLE_WORKFLOW_AT_MOST_ONCE,after_intent_before_barrier,ledger_postings,NO_READBACK,CALLER_REFERENCE,c99a387a-d8b6-48f4-b89b-baa74d8cd9b0,UNVERIFIED_FAILURE,TIMED_OUT,0,1,0,24396.58387,129125.0,0,0
b4b_durable_workflow_at_most_once-after_intent_before_barrier-ledger_postings-3527c477-r1,(session-3),B4B_DURABLE_WORKFLOW_AT_MOST_ONCE,after_intent_before_barrier,ledger_postings,NO_READBACK,CALLER_REFERENCE,c323f954-129c-44d9-9680-7205ebabce54,UNVERIFIED_FAILURE,TIMED_OUT,0,1,0,24347.839461,103170.0,0,0
b4b_durable_workflow_at_most_once-after_intent_before_barrier-ledger_postings-3527c477-r1,(session-3),B4B_DURABLE_WORKFLOW_AT_MOST_ONCE,after_intent_before_barrier,ledger_postings,NO_READBACK,CALLER_REFERENCE,8ad6b9d5-5cbb-422e-996b-83d39cdd9c1d,UNVERIFIED_FAILURE,TIMED_OUT,0,1,0,24247.146907,77162.0,0,0
b4b_durable_workflow_at_most_once-after_intent_before_barrier-ledger_postings-3527c477-r1,(session-3),B4B_DURABLE_WORKFLOW_AT_MOST_ONCE,after_intent_before_barrier,ledger_postings,NO_READBACK,CALLER_REFERENCE,f7dde918-96c5-4339-a069-d64c83c490ab,UNVERIFIED_FAILURE,TIMED_OUT,0,1,0,24409.148964,51274.0,0,0
b4b_durable_workflow_at_most_once-after_intent_before_barrier-ledger_postings-3527c477-r1,(session-3),B4B_DURABLE_WORKFLOW_AT_MOST_ONCE,after_intent_before_barrier,ledger_postings,NO_READBACK,CALLER_REFERENCE,a45f6b57-47ef-4338-8108-ecbca59bb48e,UNVERIFIED_FAILURE,TIMED_OUT,0,1,0,24354.042191,25204.0,0,0
b4b_durable_workflow_at_most_once-after_intent_before_barrier-ledger_postings-3527c477-r1,(session-3),B4B_DURABLE_WORKFLOW_AT_MOST_ONCE,after_intent_before_barrier,ledger_postings,NO_READBACK,CALLER_REFERENCE,24da7f81-c598-48ca-85ab-2af76871b68c,UNVERIFIED_FAILURE,TIMED_OUT,0,1,0,24397.827229,129128.0,0,0
b4b_durable_workflow_at_most_once-after_intent_before_barrier-ledger_postings-3527c477-r1,(session-3),B4B_DURABLE_WORKFLOW_AT_MOST_ONCE,after_intent_before_barrier,ledger_postings,NO_READBACK,CALLER_REFERENCE,9c6e0813-e7da-4a1e-bad2-ce5675fd8457,UNVERIFIED_FAILURE,TIMED_OUT,0,1,0,24324.44444,103173.0,0,0
b4b_durable_workflow_at_most_once-after_intent_before_barrier-ledger_postings-3527c477-r1,(session-3),B4B_DURABLE_WORKFLOW_AT_MOST_ONCE,after_intent_before_barrier,ledger_postings,NO_READBACK,CALLER_REFERENCE,77a562f5-fe94-434a-9da9-810061770cb1,UNVERIFIED_FAILURE,TIMED_OUT,0,1,0,24203.761732,77166.0,0,0
b4b_durable_workflow_at_most_once-after_intent_before_barrier-ledger_postings-3527c477-r1,(session-3),B4B_DURABLE_WORKFLOW_AT_MOST_ONCE,after_intent_before_barrier,ledger_postings,NO_READBACK,CALLER_REFERENCE,c08eec7a-ea7e-47c6-96c4-b89f4fa7a1b6,UNVERIFIED_FAILURE,TIMED_OUT,0,1,0,24420.675123,51277.0,0,0
b4b_durable_workflow_at_most_once-after_intent_before_barrier-ledger_postings-3527c477-r1,(session-3),B4B_DURABLE_WORKFLOW_AT_MOST_ONCE,after_intent_before_barrier,ledger_postings,NO_READBACK,CALLER_REFERENCE,578e8784-fee6-4aee-b53f-fe7812fbea36,UNVERIFIED_FAILURE,TIMED_OUT,0,1,0,24325.8014,25207.0,0,0
b4b_durable_workflow_at_most_once-after_intent_before_barrier-ledger_postings-3527c477-r2,(session-3),B4B_DURABLE_WORKFLOW_AT_MOST_ONCE,after_intent_before_barrier,ledger_postings,NO_READBACK,CALLER_REFERENCE,6ff2f8aa-c31d-4b3f-bde9-20af17664629,UNVERIFIED_FAILURE,TIMED_OUT,0,1,0,24373.612407,129139.0,0,0
b4b_durable_workflow_at_most_once-after_intent_before_barrier-ledger_postings-3527c477-r2,(session-3),B4B_DURABLE_WORKFLOW_AT_MOST_ONCE,after_intent_before_barrier,ledger_postings,NO_READBACK,CALLER_REFERENCE,db2f81ab-e0f8-4c58-a387-bbe396c5bbfc,UNVERIFIED_FAILURE,TIMED_OUT,0,1,0,23952.703123,103267.0,0,0
b4b_durable_workflow_at_most_once-after_intent_before_barrier-ledger_postings-3527c477-r2,(session-3),B4B_DURABLE_WORKFLOW_AT_MOST_ONCE,after_intent_before_barrier,ledger_postings,NO_READBACK,CALLER_REFERENCE,1bbd92ad-06a9-4ac7-9bdb-a5203f2b535d,UNVERIFIED_FAILURE,TIMED_OUT,0,1,0,24452.084949,77122.0,0,0
b4b_durable_workflow_at_most_once-after_intent_before_barrier-ledger_postings-3527c477-r2,(session-3),B4B_DURABLE_WORKFLOW_AT_MOST_ONCE,after_intent_before_barrier,ledger_postings,NO_READBACK,CALLER_REFERENCE,ecb4d127-4618-4e71-ae6a-b42a7265d4a0,UNVERIFIED_FAILURE,TIMED_OUT,0,1,0,24363.379873,51153.0,0,0
b4b_durable_workflow_at_most_once-after_intent_before_barrier-ledger_postings-3527c477-r2,(session-3),B4B_DURABLE_WORKFLOW_AT_MOST_ONCE,after_intent_before_barrier,ledger_postings,NO_READBACK,CALLER_REFERENCE,4114b298-e0f6-44e9-92a7-62c8f3bd5158,UNVERIFIED_FAILURE,TIMED_OUT,0,1,0,23848.697446,25070.0,0,0
b4b_durable_workflow_at_most_once-after_intent_before_barrier-ledger_postings-3527c477-r2,(session-3),B4B_DURABLE_WORKFLOW_AT_MOST_ONCE,after_intent_before_barrier,ledger_postings,NO_READBACK,CALLER_REFERENCE,6da0027b-c9dd-41b0-ac33-063cb0d1d8ff,UNVERIFIED_FAILURE,TIMED_OUT,0,1,0,24390.574586,129142.0,0,0
b4b_durable_workflow_at_most_once-after_intent_before_barrier-ledger_postings-3527c477-r2,(session-3),B4B_DURABLE_WORKFLOW_AT_MOST_ONCE,after_intent_before_barrier,ledger_postings,NO_READBACK,CALLER_REFERENCE,ed29c019-0efd-4314-b838-d324d2beb765,UNVERIFIED_FAILURE,TIMED_OUT,0,1,0,23981.780329,103269.0,0,0
b4b_durable_workflow_at_most_once-after_intent_before_barrier-ledger_postings-3527c477-r2,(session-3),B4B_DURABLE_WORKFLOW_AT_MOST_ONCE,after_intent_before_barrier,ledger_postings,NO_READBACK,CALLER_REFERENCE,a13a2f23-210c-4266-99f9-3ada396adf60,UNVERIFIED_FAILURE,TIMED_OUT,0,1,0,24429.510231,77123.0,0,0
b4b_durable_workflow_at_most_once-after_intent_before_barrier-ledger_postings-3527c477-r2,(session-3),B4B_DURABLE_WORKFLOW_AT_MOST_ONCE,after_intent_before_barrier,ledger_postings,NO_READBACK,CALLER_REFERENCE,8538407d-d0c1-4d23-bae6-09889b5cfc41,UNVERIFIED_FAILURE,TIMED_OUT,0,1,0,24396.174915,51155.0,0,0
b4b_durable_workflow_at_most_once-after_intent_before_barrier-ledger_postings-3527c477-r2,(session-3),B4B_DURABLE_WORKFLOW_AT_MOST_ONCE,after_intent_before_barrier,ledger_postings,NO_READBACK,CALLER_REFERENCE,310aa1fe-e505-4a84-9b24-2dcf59a1ebd0,UNVERIFIED_FAILURE,TIMED_OUT,0,1,0,23840.503881,25072.0,0,0
b4b_durable_workflow_at_most_once-after_intent_before_barrier-notifications-8304ec38-r0,(session-3),B4B_DURABLE_WORKFLOW_AT_MOST_ONCE,after_intent_before_barrier,notifications,POSITIVE_ONLY_READBACK,CALLER_REFERENCE,5ef7f360-a98e-4429-8f57-673028d8d405,UNVERIFIED_FAILURE,TIMED_OUT,0,1,0,25324.739292,130302.0,0,0
b4b_durable_workflow_at_most_once-after_intent_before_barrier-notifications-8304ec38-r0,(session-3),B4B_DURABLE_WORKFLOW_AT_MOST_ONCE,after_intent_before_barrier,notifications,POSITIVE_ONLY_READBACK,CALLER_REFERENCE,87ac1d47-4b66-4777-bd2c-ef639967b762,UNVERIFIED_FAILURE,TIMED_OUT,0,1,0,23896.702862,103175.0,0,0
b4b_durable_workflow_at_most_once-after_intent_before_barrier-notifications-8304ec38-r0,(session-3),B4B_DURABLE_WORKFLOW_AT_MOST_ONCE,after_intent_before_barrier,notifications,POSITIVE_ONLY_READBACK,CALLER_REFERENCE,2d1fe980-8dc6-4efc-aed6-0ba0849527b3,UNVERIFIED_FAILURE,TIMED_OUT,0,1,0,24169.98214,77166.0,0,0
b4b_durable_workflow_at_most_once-after_intent_before_barrier-notifications-8304ec38-r0,(session-3),B4B_DURABLE_WORKFLOW_AT_MOST_ONCE,after_intent_before_barrier,notifications,POSITIVE_ONLY_READBACK,CALLER_REFERENCE,e7259946-9b4b-4784-8c2a-b32de50dc12f,UNVERIFIED_FAILURE,TIMED_OUT,0,1,0,24321.866254,51146.0,0,0
b4b_durable_workflow_at_most_once-after_intent_before_barrier-notifications-8304ec38-r0,(session-3),B4B_DURABLE_WORKFLOW_AT_MOST_ONCE,after_intent_before_barrier,notifications,POSITIVE_ONLY_READBACK,CALLER_REFERENCE,205a2248-d7f3-49dd-bfa1-7f20c298d113,UNVERIFIED_FAILURE,TIMED_OUT,0,1,0,24242.27403,25122.0,0,0
b4b_durable_workflow_at_most_once-after_intent_before_barrier-notifications-8304ec38-r0,(session-3),B4B_DURABLE_WORKFLOW_AT_MOST_ONCE,after_intent_before_barrier,notifications,POSITIVE_ONLY_READBACK,CALLER_REFERENCE,1828a722-e903-45c4-ac6d-86f67b7c76aa,UNVERIFIED_FAILURE,TIMED_OUT,0,1,0,25332.909291,130304.0,0,0
b4b_durable_workflow_at_most_once-after_intent_before_barrier-notifications-8304ec38-r0,(session-3),B4B_DURABLE_WORKFLOW_AT_MOST_ONCE,after_intent_before_barrier,notifications,POSITIVE_ONLY_READBACK,CALLER_REFERENCE,ce949364-5669-4476-930b-9077f8d86036,UNVERIFIED_FAILURE,TIMED_OUT,0,1,0,23879.250003,103177.0,0,0
b4b_durable_workflow_at_most_once-after_intent_before_barrier-notifications-8304ec38-r0,(session-3),B4B_DURABLE_WORKFLOW_AT_MOST_ONCE,after_intent_before_barrier,notifications,POSITIVE_ONLY_READBACK,CALLER_REFERENCE,f511c876-7096-43b3-8268-da9e9913dd47,UNVERIFIED_FAILURE,TIMED_OUT,0,1,0,24133.201008,77168.0,0,0
b4b_durable_workflow_at_most_once-after_intent_before_barrier-notifications-8304ec38-r0,(session-3),B4B_DURABLE_WORKFLOW_AT_MOST_ONCE,after_intent_before_barrier,notifications,POSITIVE_ONLY_READBACK,CALLER_REFERENCE,04b2e0e9-0305-4ef3-bf3b-f8480ce33e12,UNVERIFIED_FAILURE,TIMED_OUT,0,1,0,24307.267496,51147.0,0,0
b4b_durable_workflow_at_most_once-after_intent_before_barrier-notifications-8304ec38-r0,(session-3),B4B_DURABLE_WORKFLOW_AT_MOST_ONCE,after_intent_before_barrier,notifications,POSITIVE_ONLY_READBACK,CALLER_REFERENCE,62903989-8c65-4f08-86c3-27f6e7f7641a,UNVERIFIED_FAILURE,TIMED_OUT,0,1,0,24276.989773,25124.0,0,0
b4b_durable_workflow_at_most_once-after_intent_before_barrier-notifications-8304ec38-r1,(session-3),B4B_DURABLE_WORKFLOW_AT_MOST_ONCE,after_intent_before_barrier,notifications,POSITIVE_ONLY_READBACK,CALLER_REFERENCE,6063d6ab-0e63-46de-90a5-ed34267e7c03,UNVERIFIED_FAILURE,TIMED_OUT,0,1,0,24355.73473,129204.0,0,0
b4b_durable_workflow_at_most_once-after_intent_before_barrier-notifications-8304ec38-r1,(session-3),B4B_DURABLE_WORKFLOW_AT_MOST_ONCE,after_intent_before_barrier,notifications,POSITIVE_ONLY_READBACK,CALLER_REFERENCE,2e4ae30b-8db6-4191-bd4c-77563c1b14d7,UNVERIFIED_FAILURE,TIMED_OUT,0,1,0,24425.20266,103149.0,0,0
b4b_durable_workflow_at_most_once-after_intent_before_barrier-notifications-8304ec38-r1,(session-3),B4B_DURABLE_WORKFLOW_AT_MOST_ONCE,after_intent_before_barrier,notifications,POSITIVE_ONLY_READBACK,CALLER_REFERENCE,adde5e8c-b302-469a-862d-22933fe20ddb,UNVERIFIED_FAILURE,TIMED_OUT,0,1,0,24412.770728,77187.0,0,0
b4b_durable_workflow_at_most_once-after_intent_before_barrier-notifications-8304ec38-r1,(session-3),B4B_DURABLE_WORKFLOW_AT_MOST_ONCE,after_intent_before_barrier,notifications,POSITIVE_ONLY_READBACK,CALLER_REFERENCE,c0d15f6b-0536-4778-9ca5-0543c1c4e395,UNVERIFIED_FAILURE,TIMED_OUT,0,1,0,24423.65514,51184.0,0,0
b4b_durable_workflow_at_most_once-after_intent_before_barrier-notifications-8304ec38-r1,(session-3),B4B_DURABLE_WORKFLOW_AT_MOST_ONCE,after_intent_before_barrier,notifications,POSITIVE_ONLY_READBACK,CALLER_REFERENCE,5c3d223e-969a-4f1f-9a8d-e06813e7618e,UNVERIFIED_FAILURE,TIMED_OUT,0,1,0,24364.533355,25164.0,0,0
b4b_durable_workflow_at_most_once-after_intent_before_barrier-notifications-8304ec38-r1,(session-3),B4B_DURABLE_WORKFLOW_AT_MOST_ONCE,after_intent_before_barrier,notifications,POSITIVE_ONLY_READBACK,CALLER_REFERENCE,9dd046b7-869f-42c3-8e13-a588250edb78,UNVERIFIED_FAILURE,TIMED_OUT,0,1,0,24360.68538,129208.0,0,0
b4b_durable_workflow_at_most_once-after_intent_before_barrier-notifications-8304ec38-r1,(session-3),B4B_DURABLE_WORKFLOW_AT_MOST_ONCE,after_intent_before_barrier,notifications,POSITIVE_ONLY_READBACK,CALLER_REFERENCE,4154f0e2-0d18-4d62-aea2-ee5269795322,UNVERIFIED_FAILURE,TIMED_OUT,0,1,0,24402.045678,103151.0,0,0
b4b_durable_workflow_at_most_once-after_intent_before_barrier-notifications-8304ec38-r1,(session-3),B4B_DURABLE_WORKFLOW_AT_MOST_ONCE,after_intent_before_barrier,notifications,POSITIVE_ONLY_READBACK,CALLER_REFERENCE,bd378fb2-6fbc-44de-adc9-12c7e5c67876,UNVERIFIED_FAILURE,TIMED_OUT,0,1,0,24408.931089,77190.0,0,0
b4b_durable_workflow_at_most_once-after_intent_before_barrier-notifications-8304ec38-r1,(session-3),B4B_DURABLE_WORKFLOW_AT_MOST_ONCE,after_intent_before_barrier,notifications,POSITIVE_ONLY_READBACK,CALLER_REFERENCE,ed4d4ff7-aa24-46b3-b2eb-54606faeb46c,UNVERIFIED_FAILURE,TIMED_OUT,0,1,0,24452.355133,51186.0,0,0
b4b_durable_workflow_at_most_once-after_intent_before_barrier-notifications-8304ec38-r1,(session-3),B4B_DURABLE_WORKFLOW_AT_MOST_ONCE,after_intent_before_barrier,notifications,POSITIVE_ONLY_READBACK,CALLER_REFERENCE,3853306c-de5c-49a3-933c-3eefb1558003,UNVERIFIED_FAILURE,TIMED_OUT,0,1,0,24429.401874,25167.0,0,0
b4b_durable_workflow_at_most_once-after_intent_before_barrier-notifications-8304ec38-r2,(session-3),B4B_DURABLE_WORKFLOW_AT_MOST_ONCE,after_intent_before_barrier,notifications,POSITIVE_ONLY_READBACK,CALLER_REFERENCE,7535e565-4659-4a48-a82f-98ed22961415,UNVERIFIED_FAILURE,TIMED_OUT,0,1,0,24251.770893,129260.0,0,0
b4b_durable_workflow_at_most_once-after_intent_before_barrier-notifications-8304ec38-r2,(session-3),B4B_DURABLE_WORKFLOW_AT_MOST_ONCE,after_intent_before_barrier,notifications,POSITIVE_ONLY_READBACK,CALLER_REFERENCE,4e4cd36f-3771-470f-b7bb-6d7893cfa094,UNVERIFIED_FAILURE,TIMED_OUT,0,1,0,24215.728256,103281.0,0,0
b4b_durable_workflow_at_most_once-after_intent_before_barrier-notifications-8304ec38-r2,(session-3),B4B_DURABLE_WORKFLOW_AT_MOST_ONCE,after_intent_before_barrier,notifications,POSITIVE_ONLY_READBACK,CALLER_REFERENCE,078ff318-6ac2-4d8f-8373-d460805ad07a,UNVERIFIED_FAILURE,TIMED_OUT,0,1,0,24318.626328,77382.0,0,0
b4b_durable_workflow_at_most_once-after_intent_before_barrier-notifications-8304ec38-r2,(session-3),B4B_DURABLE_WORKFLOW_AT_MOST_ONCE,after_intent_before_barrier,notifications,POSITIVE_ONLY_READBACK,CALLER_REFERENCE,d5e6200c-3db3-493a-a7df-2e79322802fe,UNVERIFIED_FAILURE,TIMED_OUT,0,1,0,24249.798529,51247.0,0,0
b4b_durable_workflow_at_most_once-after_intent_before_barrier-notifications-8304ec38-r2,(session-3),B4B_DURABLE_WORKFLOW_AT_MOST_ONCE,after_intent_before_barrier,notifications,POSITIVE_ONLY_READBACK,CALLER_REFERENCE,58162f9d-1459-4f75-a95a-401ead5311a9,UNVERIFIED_FAILURE,TIMED_OUT,0,1,0,24263.097663,25226.0,0,0
b4b_durable_workflow_at_most_once-after_intent_before_barrier-notifications-8304ec38-r2,(session-3),B4B_DURABLE_WORKFLOW_AT_MOST_ONCE,after_intent_before_barrier,notifications,POSITIVE_ONLY_READBACK,CALLER_REFERENCE,06663f63-5dfd-45f8-a29d-00836135c458,UNVERIFIED_FAILURE,TIMED_OUT,0,1,0,24229.968334,129264.0,0,0
b4b_durable_workflow_at_most_once-after_intent_before_barrier-notifications-8304ec38-r2,(session-3),B4B_DURABLE_WORKFLOW_AT_MOST_ONCE,after_intent_before_barrier,notifications,POSITIVE_ONLY_READBACK,CALLER_REFERENCE,5340d3e2-d107-4e32-981f-9e1e2ad0ba09,UNVERIFIED_FAILURE,TIMED_OUT,0,1,0,24209.648199,103284.0,0,0
b4b_durable_workflow_at_most_once-after_intent_before_barrier-notifications-8304ec38-r2,(session-3),B4B_DURABLE_WORKFLOW_AT_MOST_ONCE,after_intent_before_barrier,notifications,POSITIVE_ONLY_READBACK,CALLER_REFERENCE,81babbf4-1897-428a-9453-141cf81d5d6b,UNVERIFIED_FAILURE,TIMED_OUT,0,1,0,24276.939618,77384.0,0,0
b4b_durable_workflow_at_most_once-after_intent_before_barrier-notifications-8304ec38-r2,(session-3),B4B_DURABLE_WORKFLOW_AT_MOST_ONCE,after_intent_before_barrier,notifications,POSITIVE_ONLY_READBACK,CALLER_REFERENCE,f3a268dc-5e3c-4b76-8c6d-0e0be62f1bdd,UNVERIFIED_FAILURE,TIMED_OUT,0,1,0,24201.927586,51250.0,0,0
b4b_durable_workflow_at_most_once-after_intent_before_barrier-notifications-8304ec38-r2,(session-3),B4B_DURABLE_WORKFLOW_AT_MOST_ONCE,after_intent_before_barrier,notifications,POSITIVE_ONLY_READBACK,CALLER_REFERENCE,a580df2b-7956-4ac5-a8b3-28d56f62d9eb,UNVERIFIED_FAILURE,TIMED_OUT,0,1,0,24275.04923,25227.0,0,0
b4b_durable_workflow_at_most_once-after_intent_before_barrier-payments-990b871e-r0,(session-3),B4B_DURABLE_WORKFLOW_AT_MOST_ONCE,after_intent_before_barrier,payments,AUTHORITATIVE_READBACK,CALLER_REFERENCE,cd324171-10c2-412b-9d97-64c594a81b6b,UNVERIFIED_FAILURE,TIMED_OUT,0,1,0,24415.259263,129094.0,0,0
b4b_durable_workflow_at_most_once-after_intent_before_barrier-payments-990b871e-r0,(session-3),B4B_DURABLE_WORKFLOW_AT_MOST_ONCE,after_intent_before_barrier,payments,AUTHORITATIVE_READBACK,CALLER_REFERENCE,bb2de620-18f5-4601-a5fa-775b33ecbe11,UNVERIFIED_FAILURE,TIMED_OUT,0,1,0,24528.983627,103119.0,0,0
b4b_durable_workflow_at_most_once-after_intent_before_barrier-payments-990b871e-r0,(session-3),B4B_DURABLE_WORKFLOW_AT_MOST_ONCE,after_intent_before_barrier,payments,AUTHORITATIVE_READBACK,CALLER_REFERENCE,e400cd32-24a0-4a7b-8611-0f4720b547e9,UNVERIFIED_FAILURE,TIMED_OUT,0,1,0,24362.483234,77042.0,0,0
b4b_durable_workflow_at_most_once-after_intent_before_barrier-payments-990b871e-r0,(session-3),B4B_DURABLE_WORKFLOW_AT_MOST_ONCE,after_intent_before_barrier,payments,AUTHORITATIVE_READBACK,CALLER_REFERENCE,d38cbd6d-43b7-4932-93ad-5f8c9286b036,UNVERIFIED_FAILURE,TIMED_OUT,0,1,0,24637.240091,51237.0,0,0
b4b_durable_workflow_at_most_once-after_intent_before_barrier-payments-990b871e-r0,(session-3),B4B_DURABLE_WORKFLOW_AT_MOST_ONCE,after_intent_before_barrier,payments,AUTHORITATIVE_READBACK,CALLER_REFERENCE,be75106a-2a3a-4c4f-a27a-0c4d35366de0,UNVERIFIED_FAILURE,TIMED_OUT,0,1,0,24306.677377,25064.0,0,0
b4b_durable_workflow_at_most_once-after_intent_before_barrier-payments-990b871e-r0,(session-3),B4B_DURABLE_WORKFLOW_AT_MOST_ONCE,after_intent_before_barrier,payments,AUTHORITATIVE_READBACK,CALLER_REFERENCE,9285ccf6-ae3c-420f-8776-fd7db9786098,UNVERIFIED_FAILURE,TIMED_OUT,0,1,0,24408.782284,129096.0,0,0
b4b_durable_workflow_at_most_once-after_intent_before_barrier-payments-990b871e-r0,(session-3),B4B_DURABLE_WORKFLOW_AT_MOST_ONCE,after_intent_before_barrier,payments,AUTHORITATIVE_READBACK,CALLER_REFERENCE,2a950117-078e-44c1-a813-b55b79264c14,UNVERIFIED_FAILURE,TIMED_OUT,0,1,0,24535.321874,103120.0,0,0
b4b_durable_workflow_at_most_once-after_intent_before_barrier-payments-990b871e-r0,(session-3),B4B_DURABLE_WORKFLOW_AT_MOST_ONCE,after_intent_before_barrier,payments,AUTHORITATIVE_READBACK,CALLER_REFERENCE,29199414-4ced-4f44-818f-959bf48137aa,UNVERIFIED_FAILURE,TIMED_OUT,0,1,0,24370.594245,77044.0,0,0
b4b_durable_workflow_at_most_once-after_intent_before_barrier-payments-990b871e-r0,(session-3),B4B_DURABLE_WORKFLOW_AT_MOST_ONCE,after_intent_before_barrier,payments,AUTHORITATIVE_READBACK,CALLER_REFERENCE,288bb70d-ce95-4371-ae6d-e9bdefd04b64,UNVERIFIED_FAILURE,TIMED_OUT,0,1,0,24652.067906,51238.0,0,0
b4b_durable_workflow_at_most_once-after_intent_before_barrier-payments-990b871e-r0,(session-3),B4B_DURABLE_WORKFLOW_AT_MOST_ONCE,after_intent_before_barrier,payments,AUTHORITATIVE_READBACK,CALLER_REFERENCE,758bcd67-c023-49cc-86b4-0ba06bdcfa9e,UNVERIFIED_FAILURE,TIMED_OUT,0,1,0,24316.142312,25065.0,0,0
b4b_durable_workflow_at_most_once-after_intent_before_barrier-payments-990b871e-r1,(session-3),B4B_DURABLE_WORKFLOW_AT_MOST_ONCE,after_intent_before_barrier,payments,AUTHORITATIVE_READBACK,CALLER_REFERENCE,5a055d86-bc69-4b47-bc4b-dbbbc06d26db,UNVERIFIED_FAILURE,TIMED_OUT,0,1,0,24506.334866,129109.0,0,0
b4b_durable_workflow_at_most_once-after_intent_before_barrier-payments-990b871e-r1,(session-3),B4B_DURABLE_WORKFLOW_AT_MOST_ONCE,after_intent_before_barrier,payments,AUTHORITATIVE_READBACK,CALLER_REFERENCE,6f0b27ca-faca-4d86-961e-c83033eb8ac8,UNVERIFIED_FAILURE,TIMED_OUT,0,1,0,24191.650335,103042.0,0,0
b4b_durable_workflow_at_most_once-after_intent_before_barrier-payments-990b871e-r1,(session-3),B4B_DURABLE_WORKFLOW_AT_MOST_ONCE,after_intent_before_barrier,payments,AUTHORITATIVE_READBACK,CALLER_REFERENCE,9d2e6100-7fd0-4d62-9859-3d6ed7610e39,UNVERIFIED_FAILURE,TIMED_OUT,0,1,0,24501.954122,77166.0,0,0
b4b_durable_workflow_at_most_once-after_intent_before_barrier-payments-990b871e-r1,(session-3),B4B_DURABLE_WORKFLOW_AT_MOST_ONCE,after_intent_before_barrier,payments,AUTHORITATIVE_READBACK,CALLER_REFERENCE,d370deff-d02f-4c33-8b10-0fff527ae508,UNVERIFIED_FAILURE,TIMED_OUT,0,1,0,24411.196012,51085.0,0,0
b4b_durable_workflow_at_most_once-after_intent_before_barrier-payments-990b871e-r1,(session-3),B4B_DURABLE_WORKFLOW_AT_MOST_ONCE,after_intent_before_barrier,payments,AUTHORITATIVE_READBACK,CALLER_REFERENCE,31ac556e-f451-4811-90ec-5116fd31270d,UNVERIFIED_FAILURE,TIMED_OUT,0,1,0,24441.53668,25080.0,0,0
b4b_durable_workflow_at_most_once-after_intent_before_barrier-payments-990b871e-r1,(session-3),B4B_DURABLE_WORKFLOW_AT_MOST_ONCE,after_intent_before_barrier,payments,AUTHORITATIVE_READBACK,CALLER_REFERENCE,ebcac6c9-7bae-44d7-a902-065c4579be1e,UNVERIFIED_FAILURE,TIMED_OUT,0,1,0,24534.150698,129111.0,0,0
b4b_durable_workflow_at_most_once-after_intent_before_barrier-payments-990b871e-r1,(session-3),B4B_DURABLE_WORKFLOW_AT_MOST_ONCE,after_intent_before_barrier,payments,AUTHORITATIVE_READBACK,CALLER_REFERENCE,6bcce5ec-9488-429d-a248-b1a07038bcb0,UNVERIFIED_FAILURE,TIMED_OUT,0,1,0,24207.167692,103044.0,0,0
b4b_durable_workflow_at_most_once-after_intent_before_barrier-payments-990b871e-r1,(session-3),B4B_DURABLE_WORKFLOW_AT_MOST_ONCE,after_intent_before_barrier,payments,AUTHORITATIVE_READBACK,CALLER_REFERENCE,aae01c55-dad7-43ce-bae6-873dbcbd7fdf,UNVERIFIED_FAILURE,TIMED_OUT,0,1,0,24495.83266,77168.0,0,0
b4b_durable_workflow_at_most_once-after_intent_before_barrier-payments-990b871e-r1,(session-3),B4B_DURABLE_WORKFLOW_AT_MOST_ONCE,after_intent_before_barrier,payments,AUTHORITATIVE_READBACK,CALLER_REFERENCE,6dc473e8-d558-4486-8791-c5e8ca8cec37,UNVERIFIED_FAILURE,TIMED_OUT,0,1,0,24424.662856,51086.0,0,0
b4b_durable_workflow_at_most_once-after_intent_before_barrier-payments-990b871e-r1,(session-3),B4B_DURABLE_WORKFLOW_AT_MOST_ONCE,after_intent_before_barrier,payments,AUTHORITATIVE_READBACK,CALLER_REFERENCE,8e274bc2-0e5d-4319-8f9e-28acb8ac4521,UNVERIFIED_FAILURE,TIMED_OUT,0,1,0,24435.699162,25082.0,0,0
b4b_durable_workflow_at_most_once-after_intent_before_barrier-payments-990b871e-r2,(session-3),B4B_DURABLE_WORKFLOW_AT_MOST_ONCE,after_intent_before_barrier,payments,AUTHORITATIVE_READBACK,CALLER_REFERENCE,ff105f30-b7b7-4486-b0bb-1f674c875c04,UNVERIFIED_FAILURE,TIMED_OUT,0,1,0,24332.030285,128929.0,0,0
b4b_durable_workflow_at_most_once-after_intent_before_barrier-payments-990b871e-r2,(session-3),B4B_DURABLE_WORKFLOW_AT_MOST_ONCE,after_intent_before_barrier,payments,AUTHORITATIVE_READBACK,CALLER_REFERENCE,4a34bb63-6c0f-46b7-81a9-dc8a73f580a5,UNVERIFIED_FAILURE,TIMED_OUT,0,1,0,24476.506304,103077.0,0,0
b4b_durable_workflow_at_most_once-after_intent_before_barrier-payments-990b871e-r2,(session-3),B4B_DURABLE_WORKFLOW_AT_MOST_ONCE,after_intent_before_barrier,payments,AUTHORITATIVE_READBACK,CALLER_REFERENCE,e09f5d1e-f949-43d7-a87a-c4a9f7498a62,UNVERIFIED_FAILURE,TIMED_OUT,0,1,0,24415.827578,77040.0,0,0
b4b_durable_workflow_at_most_once-after_intent_before_barrier-payments-990b871e-r2,(session-3),B4B_DURABLE_WORKFLOW_AT_MOST_ONCE,after_intent_before_barrier,payments,AUTHORITATIVE_READBACK,CALLER_REFERENCE,17f382bb-e966-4279-8801-10626c1e2089,UNVERIFIED_FAILURE,TIMED_OUT,0,1,0,24439.95366,51039.0,0,0
b4b_durable_workflow_at_most_once-after_intent_before_barrier-payments-990b871e-r2,(session-3),B4B_DURABLE_WORKFLOW_AT_MOST_ONCE,after_intent_before_barrier,payments,AUTHORITATIVE_READBACK,CALLER_REFERENCE,01868084-3610-47da-9b25-bd88679c7f70,UNVERIFIED_FAILURE,TIMED_OUT,0,1,0,24275.037217,25047.0,0,0
b4b_durable_workflow_at_most_once-after_intent_before_barrier-payments-990b871e-r2,(session-3),B4B_DURABLE_WORKFLOW_AT_MOST_ONCE,after_intent_before_barrier,payments,AUTHORITATIVE_READBACK,CALLER_REFERENCE,4aed2b3f-f74e-4f21-81eb-24b5fb70d882,UNVERIFIED_FAILURE,TIMED_OUT,0,1,0,24336.967776,128930.0,0,0
b4b_durable_workflow_at_most_once-after_intent_before_barrier-payments-990b871e-r2,(session-3),B4B_DURABLE_WORKFLOW_AT_MOST_ONCE,after_intent_before_barrier,payments,AUTHORITATIVE_READBACK,CALLER_REFERENCE,4529a58c-1b90-491b-9d31-271215947d8b,UNVERIFIED_FAILURE,TIMED_OUT,0,1,0,24484.328971,103079.0,0,0
b4b_durable_workflow_at_most_once-after_intent_before_barrier-payments-990b871e-r2,(session-3),B4B_DURABLE_WORKFLOW_AT_MOST_ONCE,after_intent_before_barrier,payments,AUTHORITATIVE_READBACK,CALLER_REFERENCE,178b1308-f5d9-48a9-903e-e4cbd91ca38c,UNVERIFIED_FAILURE,TIMED_OUT,0,1,0,24407.419352,77042.0,0,0
b4b_durable_workflow_at_most_once-after_intent_before_barrier-payments-990b871e-r2,(session-3),B4B_DURABLE_WORKFLOW_AT_MOST_ONCE,after_intent_before_barrier,payments,AUTHORITATIVE_READBACK,CALLER_REFERENCE,94236feb-5277-4ae7-a72f-e36a06fd212f,UNVERIFIED_FAILURE,TIMED_OUT,0,1,0,24417.180735,51040.0,0,0
b4b_durable_workflow_at_most_once-after_intent_before_barrier-payments-990b871e-r2,(session-3),B4B_DURABLE_WORKFLOW_AT_MOST_ONCE,after_intent_before_barrier,payments,AUTHORITATIVE_READBACK,CALLER_REFERENCE,7b14a703-3bdf-4733-a1f2-d3ba18cd7c96,UNVERIFIED_FAILURE,TIMED_OUT,0,1,0,24263.850565,25050.0,0,0
b4b_durable_workflow_at_most_once-after_resolution_before_barrier-ledger_postings-d771b38e-r0,(session-3),B4B_DURABLE_WORKFLOW_AT_MOST_ONCE,after_resolution_before_barrier,ledger_postings,NO_READBACK,CALLER_REFERENCE,0b0013dc-d0b1-4494-b08c-42fa1876f404,CONFIRMED_APPLIED,APPLIED,1,1,0,20141.943617,121605.0,0,0
b4b_durable_workflow_at_most_once-after_resolution_before_barrier-ledger_postings-d771b38e-r0,(session-3),B4B_DURABLE_WORKFLOW_AT_MOST_ONCE,after_resolution_before_barrier,ledger_postings,NO_READBACK,CALLER_REFERENCE,58b2520a-9172-4b87-9680-93ae724318c0,CONFIRMED_APPLIED,APPLIED,1,1,0,20164.934157,96647.0,0,0
b4b_durable_workflow_at_most_once-after_resolution_before_barrier-ledger_postings-d771b38e-r0,(session-3),B4B_DURABLE_WORKFLOW_AT_MOST_ONCE,after_resolution_before_barrier,ledger_postings,NO_READBACK,CALLER_REFERENCE,da69701f-599f-4448-b7b1-0e020e4858c9,CONFIRMED_APPLIED,APPLIED,1,1,0,20398.850894,71777.0,0,0
b4b_durable_workflow_at_most_once-after_resolution_before_barrier-ledger_postings-d771b38e-r0,(session-3),B4B_DURABLE_WORKFLOW_AT_MOST_ONCE,after_resolution_before_barrier,ledger_postings,NO_READBACK,CALLER_REFERENCE,b4923d70-a0cc-4118-b039-da23953b8388,CONFIRMED_APPLIED,APPLIED,1,1,0,20647.460646,46695.0,0,0
b4b_durable_workflow_at_most_once-after_resolution_before_barrier-ledger_postings-d771b38e-r0,(session-3),B4B_DURABLE_WORKFLOW_AT_MOST_ONCE,after_resolution_before_barrier,ledger_postings,NO_READBACK,CALLER_REFERENCE,869dd34f-3b77-47f1-ae6a-5239a9c0fa82,CONFIRMED_APPLIED,APPLIED,1,1,0,20901.185439,21863.0,0,0
b4b_durable_workflow_at_most_once-after_resolution_before_barrier-ledger_postings-d771b38e-r0,(session-3),B4B_DURABLE_WORKFLOW_AT_MOST_ONCE,after_resolution_before_barrier,ledger_postings,NO_READBACK,CALLER_REFERENCE,dda8a800-70f3-49ce-98ca-3592e71b7285,CONFIRMED_APPLIED,APPLIED,1,1,0,20132.389869,121608.0,0,0
b4b_durable_workflow_at_most_once-after_resolution_before_barrier-ledger_postings-d771b38e-r0,(session-3),B4B_DURABLE_WORKFLOW_AT_MOST_ONCE,after_resolution_before_barrier,ledger_postings,NO_READBACK,CALLER_REFERENCE,337ef4f0-4e2a-44d8-b02f-2eefd3e05193,CONFIRMED_APPLIED,APPLIED,1,1,0,20145.517161,96650.0,0,0
b4b_durable_workflow_at_most_once-after_resolution_before_barrier-ledger_postings-d771b38e-r0,(session-3),B4B_DURABLE_WORKFLOW_AT_MOST_ONCE,after_resolution_before_barrier,ledger_postings,NO_READBACK,CALLER_REFERENCE,1d9795e8-c98b-4fcf-9359-1e53bce71d4c,CONFIRMED_APPLIED,APPLIED,1,1,0,20643.116335,71780.0,0,0
b4b_durable_workflow_at_most_once-after_resolution_before_barrier-ledger_postings-d771b38e-r0,(session-3),B4B_DURABLE_WORKFLOW_AT_MOST_ONCE,after_resolution_before_barrier,ledger_postings,NO_READBACK,CALLER_REFERENCE,31872ff6-3322-4b03-b526-3b7665a29d2e,CONFIRMED_APPLIED,APPLIED,1,1,0,20643.678825,46698.0,0,0
b4b_durable_workflow_at_most_once-after_resolution_before_barrier-ledger_postings-d771b38e-r0,(session-3),B4B_DURABLE_WORKFLOW_AT_MOST_ONCE,after_resolution_before_barrier,ledger_postings,NO_READBACK,CALLER_REFERENCE,91568346-f769-4210-9d4c-7a372681b35b,CONFIRMED_APPLIED,APPLIED,1,1,0,20891.658346,21865.0,0,0
b4b_durable_workflow_at_most_once-after_resolution_before_barrier-ledger_postings-d771b38e-r1,(session-3),B4B_DURABLE_WORKFLOW_AT_MOST_ONCE,after_resolution_before_barrier,ledger_postings,NO_READBACK,CALLER_REFERENCE,5e43feeb-6550-4f7a-880b-47bec3ad71b7,UNVERIFIED_FAILURE,FAILED,1,1,0,17614.15807,118943.0,0,1
b4b_durable_workflow_at_most_once-after_resolution_before_barrier-ledger_postings-d771b38e-r1,(session-3),B4B_DURABLE_WORKFLOW_AT_MOST_ONCE,after_resolution_before_barrier,ledger_postings,NO_READBACK,CALLER_REFERENCE,d8ec9f13-4112-4abe-8ee2-d7d0c1c1cc7d,UNVERIFIED_FAILURE,FAILED,0,1,0,20639.037235,96964.0,0,0
b4b_durable_workflow_at_most_once-after_resolution_before_barrier-ledger_postings-d771b38e-r1,(session-3),B4B_DURABLE_WORKFLOW_AT_MOST_ONCE,after_resolution_before_barrier,ledger_postings,NO_READBACK,CALLER_REFERENCE,54c07efd-3026-4e26-8a30-0be537b49237,CONFIRMED_APPLIED,APPLIED,1,1,0,20647.21844,71856.0,0,0
b4b_durable_workflow_at_most_once-after_resolution_before_barrier-ledger_postings-d771b38e-r1,(session-3),B4B_DURABLE_WORKFLOW_AT_MOST_ONCE,after_resolution_before_barrier,ledger_postings,NO_READBACK,CALLER_REFERENCE,c8cca7c4-a54e-47d8-8cd0-a47ab74e5710,CONFIRMED_APPLIED,APPLIED,1,1,0,20639.354395,46820.0,0,0
b4b_durable_workflow_at_most_once-after_resolution_before_barrier-ledger_postings-d771b38e-r1,(session-3),B4B_DURABLE_WORKFLOW_AT_MOST_ONCE,after_resolution_before_barrier,ledger_postings,NO_READBACK,CALLER_REFERENCE,2d6588f6-e826-4c77-b1eb-88a8ab66c7c7,CONFIRMED_APPLIED,APPLIED,1,1,0,20643.213682,21822.0,0,0
b4b_durable_workflow_at_most_once-after_resolution_before_barrier-ledger_postings-d771b38e-r1,(session-3),B4B_DURABLE_WORKFLOW_AT_MOST_ONCE,after_resolution_before_barrier,ledger_postings,NO_READBACK,CALLER_REFERENCE,477e30e0-4c2a-4873-ae10-b99ed2e1f4ba,CONFIRMED_APPLIED,APPLIED,1,1,0,20389.359545,121867.0,0,0
b4b_durable_workflow_at_most_once-after_resolution_before_barrier-ledger_postings-d771b38e-r1,(session-3),B4B_DURABLE_WORKFLOW_AT_MOST_ONCE,after_resolution_before_barrier,ledger_postings,NO_READBACK,CALLER_REFERENCE,c2c52b59-9343-4294-b5a2-6649641c064d,CONFIRMED_APPLIED,APPLIED,1,1,0,20641.646261,96968.0,0,0
b4b_durable_workflow_at_most_once-after_resolution_before_barrier-ledger_postings-d771b38e-r1,(session-3),B4B_DURABLE_WORKFLOW_AT_MOST_ONCE,after_resolution_before_barrier,ledger_postings,NO_READBACK,CALLER_REFERENCE,b6f4e750-575a-424e-9382-625ef7a9270c,CONFIRMED_APPLIED,APPLIED,1,1,0,20642.903187,71859.0,0,0
b4b_durable_workflow_at_most_once-after_resolution_before_barrier-ledger_postings-d771b38e-r1,(session-3),B4B_DURABLE_WORKFLOW_AT_MOST_ONCE,after_resolution_before_barrier,ledger_postings,NO_READBACK,CALLER_REFERENCE,7d129b51-98fa-4061-9d5a-383ec65e2ebf,CONFIRMED_APPLIED,APPLIED,1,1,0,20896.123074,46825.0,0,0
b4b_durable_workflow_at_most_once-after_resolution_before_barrier-ledger_postings-d771b38e-r1,(session-3),B4B_DURABLE_WORKFLOW_AT_MOST_ONCE,after_resolution_before_barrier,ledger_postings,NO_READBACK,CALLER_REFERENCE,8a5f6fc2-fb50-4830-a3d7-8080714d1cea,CONFIRMED_APPLIED,APPLIED,1,1,0,20892.901025,21826.0,0,0
b4b_durable_workflow_at_most_once-after_resolution_before_barrier-ledger_postings-d771b38e-r2,(session-3),B4B_DURABLE_WORKFLOW_AT_MOST_ONCE,after_resolution_before_barrier,ledger_postings,NO_READBACK,CALLER_REFERENCE,5e874dca-9a51-4a6c-84db-56fa2a18964c,CONFIRMED_APPLIED,APPLIED,1,1,0,20890.748229,122118.0,0,0
b4b_durable_workflow_at_most_once-after_resolution_before_barrier-ledger_postings-d771b38e-r2,(session-3),B4B_DURABLE_WORKFLOW_AT_MOST_ONCE,after_resolution_before_barrier,ledger_postings,NO_READBACK,CALLER_REFERENCE,076f1803-7591-4d1e-ac5e-ce96f3ec53e7,CONFIRMED_APPLIED,APPLIED,1,1,0,20899.759641,97157.0,0,0
b4b_durable_workflow_at_most_once-after_resolution_before_barrier-ledger_postings-d771b38e-r2,(session-3),B4B_DURABLE_WORKFLOW_AT_MOST_ONCE,after_resolution_before_barrier,ledger_postings,NO_READBACK,CALLER_REFERENCE,3728a26c-4e49-4e90-8993-e58c9e7d5c3f,CONFIRMED_APPLIED,APPLIED,1,1,0,21135.282206,72121.0,0,0
b4b_durable_workflow_at_most_once-after_resolution_before_barrier-ledger_postings-d771b38e-r2,(session-3),B4B_DURABLE_WORKFLOW_AT_MOST_ONCE,after_resolution_before_barrier,ledger_postings,NO_READBACK,CALLER_REFERENCE,20b554b0-8a52-4ae0-820d-fec9be414dbe,CONFIRMED_APPLIED,APPLIED,1,1,0,20394.745414,46297.0,0,0
b4b_durable_workflow_at_most_once-after_resolution_before_barrier-ledger_postings-d771b38e-r2,(session-3),B4B_DURABLE_WORKFLOW_AT_MOST_ONCE,after_resolution_before_barrier,ledger_postings,NO_READBACK,CALLER_REFERENCE,c93c9b16-8aed-45bb-8c67-15c431c6e622,CONFIRMED_APPLIED,APPLIED,1,1,0,20399.906792,21196.0,0,0
b4b_durable_workflow_at_most_once-after_resolution_before_barrier-ledger_postings-d771b38e-r2,(session-3),B4B_DURABLE_WORKFLOW_AT_MOST_ONCE,after_resolution_before_barrier,ledger_postings,NO_READBACK,CALLER_REFERENCE,794d60a2-13dd-45b5-869e-4086498a123d,UNVERIFIED_FAILURE,FAILED,1,1,0,17872.220091,119282.0,0,1
b4b_durable_workflow_at_most_once-after_resolution_before_barrier-ledger_postings-d771b38e-r2,(session-3),B4B_DURABLE_WORKFLOW_AT_MOST_ONCE,after_resolution_before_barrier,ledger_postings,NO_READBACK,CALLER_REFERENCE,38eecb86-84e1-41d3-8f71-31cc60c04b46,CONFIRMED_APPLIED,APPLIED,1,1,0,20645.360664,97161.0,0,0
b4b_durable_workflow_at_most_once-after_resolution_before_barrier-ledger_postings-d771b38e-r2,(session-3),B4B_DURABLE_WORKFLOW_AT_MOST_ONCE,after_resolution_before_barrier,ledger_postings,NO_READBACK,CALLER_REFERENCE,827b4012-6415-4f14-a6d2-38f28c1347dc,CONFIRMED_APPLIED,APPLIED,1,1,0,20895.078022,72124.0,0,0
b4b_durable_workflow_at_most_once-after_resolution_before_barrier-ledger_postings-d771b38e-r2,(session-3),B4B_DURABLE_WORKFLOW_AT_MOST_ONCE,after_resolution_before_barrier,ledger_postings,NO_READBACK,CALLER_REFERENCE,52fcedb4-b4df-4f44-98d0-836e27bbd624,CONFIRMED_APPLIED,APPLIED,1,1,0,21152.072099,47130.0,0,0
b4b_durable_workflow_at_most_once-after_resolution_before_barrier-ledger_postings-d771b38e-r2,(session-3),B4B_DURABLE_WORKFLOW_AT_MOST_ONCE,after_resolution_before_barrier,ledger_postings,NO_READBACK,CALLER_REFERENCE,56643dfe-c681-4933-91cd-d0b2c46dce3a,CONFIRMED_APPLIED,APPLIED,1,1,0,21149.598524,22155.0,0,0
b4b_durable_workflow_at_most_once-after_resolution_before_barrier-notifications-6f091ca6-r0,(session-3),B4B_DURABLE_WORKFLOW_AT_MOST_ONCE,after_resolution_before_barrier,notifications,POSITIVE_ONLY_READBACK,CALLER_REFERENCE,55ec1518-1cbb-4abf-9986-ce60ee85bb3d,CONFIRMED_APPLIED,APPLIED,1,1,0,21146.35049,122590.0,0,0
b4b_durable_workflow_at_most_once-after_resolution_before_barrier-notifications-6f091ca6-r0,(session-3),B4B_DURABLE_WORKFLOW_AT_MOST_ONCE,after_resolution_before_barrier,notifications,POSITIVE_ONLY_READBACK,CALLER_REFERENCE,c8caae5a-3e33-46b8-abdb-cc1031ca8ac1,CONFIRMED_APPLIED,APPLIED,1,1,0,21150.596334,97472.0,0,0
b4b_durable_workflow_at_most_once-after_resolution_before_barrier-notifications-6f091ca6-r0,(session-3),B4B_DURABLE_WORKFLOW_AT_MOST_ONCE,after_resolution_before_barrier,notifications,POSITIVE_ONLY_READBACK,CALLER_REFERENCE,b927be05-2549-41a3-9ce9-d4d728320b9f,CONFIRMED_APPLIED,APPLIED,1,1,0,20394.453054,71436.0,0,0
b4b_durable_workflow_at_most_once-after_resolution_before_barrier-notifications-6f091ca6-r0,(session-3),B4B_DURABLE_WORKFLOW_AT_MOST_ONCE,after_resolution_before_barrier,notifications,POSITIVE_ONLY_READBACK,CALLER_REFERENCE,51b594f9-97bb-4136-959e-45104114cd2c,CONFIRMED_APPLIED,APPLIED,1,1,0,20638.695002,46514.0,0,0
b4b_durable_workflow_at_most_once-after_resolution_before_barrier-notifications-6f091ca6-r0,(session-3),B4B_DURABLE_WORKFLOW_AT_MOST_ONCE,after_resolution_before_barrier,notifications,POSITIVE_ONLY_READBACK,CALLER_REFERENCE,505a17c9-3ba6-4ca4-8aff-0ab33e6c736e,UNVERIFIED_FAILURE,FAILED,0,1,0,20642.548449,21514.0,0,0
b4b_durable_workflow_at_most_once-after_resolution_before_barrier-notifications-6f091ca6-r0,(session-3),B4B_DURABLE_WORKFLOW_AT_MOST_ONCE,after_resolution_before_barrier,notifications,POSITIVE_ONLY_READBACK,CALLER_REFERENCE,28d854e0-bf1c-40fd-8ec9-3674592d9e6a,CONFIRMED_APPLIED,APPLIED,1,1,0,21134.309915,122594.0,0,0
b4b_durable_workflow_at_most_once-after_resolution_before_barrier-notifications-6f091ca6-r0,(session-3),B4B_DURABLE_WORKFLOW_AT_MOST_ONCE,after_resolution_before_barrier,notifications,POSITIVE_ONLY_READBACK,CALLER_REFERENCE,a88528c5-c529-4716-b7fa-2f0b33d47bbc,CONFIRMED_APPLIED,APPLIED,1,1,0,21151.992206,97476.0,0,0
b4b_durable_workflow_at_most_once-after_resolution_before_barrier-notifications-6f091ca6-r0,(session-3),B4B_DURABLE_WORKFLOW_AT_MOST_ONCE,after_resolution_before_barrier,notifications,POSITIVE_ONLY_READBACK,CALLER_REFERENCE,c4fe46cc-6492-4c3a-9cd1-2d4c4e0c43ee,CONFIRMED_APPLIED,APPLIED,1,1,0,20381.8984,71440.0,0,0
b4b_durable_workflow_at_most_once-after_resolution_before_barrier-notifications-6f091ca6-r0,(session-3),B4B_DURABLE_WORKFLOW_AT_MOST_ONCE,after_resolution_before_barrier,notifications,POSITIVE_ONLY_READBACK,CALLER_REFERENCE,48aeeb8f-4122-41a0-8552-d54cef9b1078,CONFIRMED_APPLIED,APPLIED,1,1,0,20641.136253,46518.0,0,0
b4b_durable_workflow_at_most_once-after_resolution_before_barrier-notifications-6f091ca6-r0,(session-3),B4B_DURABLE_WORKFLOW_AT_MOST_ONCE,after_resolution_before_barrier,notifications,POSITIVE_ONLY_READBACK,CALLER_REFERENCE,afd2caa6-4620-40a5-ae99-4320e6eff354,CONFIRMED_APPLIED,APPLIED,1,1,0,20653.589621,21518.0,0,0
b4b_durable_workflow_at_most_once-after_resolution_before_barrier-notifications-6f091ca6-r1,(session-3),B4B_DURABLE_WORKFLOW_AT_MOST_ONCE,after_resolution_before_barrier,notifications,POSITIVE_ONLY_READBACK,CALLER_REFERENCE,9e0a230b-5d8e-46ee-b5bf-c5103e98a489,CONFIRMED_APPLIED,APPLIED,1,1,0,20138.631215,121544.0,0,0
b4b_durable_workflow_at_most_once-after_resolution_before_barrier-notifications-6f091ca6-r1,(session-3),B4B_DURABLE_WORKFLOW_AT_MOST_ONCE,after_resolution_before_barrier,notifications,POSITIVE_ONLY_READBACK,CALLER_REFERENCE,fcb3206a-f9b1-4d34-af31-dede7d15d40f,CONFIRMED_APPLIED,APPLIED,1,1,0,20398.637076,96718.0,0,0
b4b_durable_workflow_at_most_once-after_resolution_before_barrier-notifications-6f091ca6-r1,(session-3),B4B_DURABLE_WORKFLOW_AT_MOST_ONCE,after_resolution_before_barrier,notifications,POSITIVE_ONLY_READBACK,CALLER_REFERENCE,49ac7d0e-a127-4a38-94f8-1d575bfda9bb,CONFIRMED_APPLIED,APPLIED,1,1,0,20636.861178,71753.0,0,0
b4b_durable_workflow_at_most_once-after_resolution_before_barrier-notifications-6f091ca6-r1,(session-3),B4B_DURABLE_WORKFLOW_AT_MOST_ONCE,after_resolution_before_barrier,notifications,POSITIVE_ONLY_READBACK,CALLER_REFERENCE,03bd036f-3c29-4e8d-8003-3c4969b43e9f,CONFIRMED_APPLIED,APPLIED,1,1,0,20405.16852,46629.0,0,0
b4b_durable_workflow_at_most_once-after_resolution_before_barrier-notifications-6f091ca6-r1,(session-3),B4B_DURABLE_WORKFLOW_AT_MOST_ONCE,after_resolution_before_barrier,notifications,POSITIVE_ONLY_READBACK,CALLER_REFERENCE,45c164f2-2d68-427e-9941-e2ea8394aac5,UNVERIFIED_FAILURE,FAILED,1,1,0,18104.270125,18732.0,0,1
b4b_durable_workflow_at_most_once-after_resolution_before_barrier-notifications-6f091ca6-r1,(session-3),B4B_DURABLE_WORKFLOW_AT_MOST_ONCE,after_resolution_before_barrier,notifications,POSITIVE_ONLY_READBACK,CALLER_REFERENCE,e6548a2a-458a-4ac1-aaa5-2a12d7f714e8,CONFIRMED_APPLIED,APPLIED,1,1,0,20132.397419,121546.0,0,0
b4b_durable_workflow_at_most_once-after_resolution_before_barrier-notifications-6f091ca6-r1,(session-3),B4B_DURABLE_WORKFLOW_AT_MOST_ONCE,after_resolution_before_barrier,notifications,POSITIVE_ONLY_READBACK,CALLER_REFERENCE,7f9d6cd4-d0df-423f-9b02-0bb1bf60442a,CONFIRMED_APPLIED,APPLIED,1,1,0,20389.683604,96721.0,0,0
b4b_durable_workflow_at_most_once-after_resolution_before_barrier-notifications-6f091ca6-r1,(session-3),B4B_DURABLE_WORKFLOW_AT_MOST_ONCE,after_resolution_before_barrier,notifications,POSITIVE_ONLY_READBACK,CALLER_REFERENCE,9ba45fd7-4bff-48c1-816c-5a18e96e883e,CONFIRMED_APPLIED,APPLIED,1,1,0,20642.618792,71755.0,0,0
b4b_durable_workflow_at_most_once-after_resolution_before_barrier-notifications-6f091ca6-r1,(session-3),B4B_DURABLE_WORKFLOW_AT_MOST_ONCE,after_resolution_before_barrier,notifications,POSITIVE_ONLY_READBACK,CALLER_REFERENCE,5be4ad87-38c7-4e31-9f0a-d3dadb09b2f6,CONFIRMED_APPLIED,APPLIED,1,1,0,20411.511661,46631.0,0,0
b4b_durable_workflow_at_most_once-after_resolution_before_barrier-notifications-6f091ca6-r1,(session-3),B4B_DURABLE_WORKFLOW_AT_MOST_ONCE,after_resolution_before_barrier,notifications,POSITIVE_ONLY_READBACK,CALLER_REFERENCE,0c4ab6a6-334d-4858-bc3a-665259c549f7,CONFIRMED_APPLIED,APPLIED,1,1,0,21120.078441,21779.0,0,0
b4b_durable_workflow_at_most_once-after_resolution_before_barrier-notifications-6f091ca6-r2,(session-3),B4B_DURABLE_WORKFLOW_AT_MOST_ONCE,after_resolution_before_barrier,notifications,POSITIVE_ONLY_READBACK,CALLER_REFERENCE,b71b58ed-3d50-4807-b2c4-c777b97f2339,CONFIRMED_APPLIED,APPLIED,1,1,0,20875.856337,122500.0,0,0
b4b_durable_workflow_at_most_once-after_resolution_before_barrier-notifications-6f091ca6-r2,(session-3),B4B_DURABLE_WORKFLOW_AT_MOST_ONCE,after_resolution_before_barrier,notifications,POSITIVE_ONLY_READBACK,CALLER_REFERENCE,8998dc7a-8ac3-4ffe-9daf-570d7bb61256,CONFIRMED_APPLIED,APPLIED,1,1,0,21121.214538,97445.0,0,0
b4b_durable_workflow_at_most_once-after_resolution_before_barrier-notifications-6f091ca6-r2,(session-3),B4B_DURABLE_WORKFLOW_AT_MOST_ONCE,after_resolution_before_barrier,notifications,POSITIVE_ONLY_READBACK,CALLER_REFERENCE,1df864a3-dbbf-47e0-b0f7-620413036c14,UNVERIFIED_FAILURE,FAILED,1,1,0,17349.507323,68625.0,0,1
b4b_durable_workflow_at_most_once-after_resolution_before_barrier-notifications-6f091ca6-r2,(session-3),B4B_DURABLE_WORKFLOW_AT_MOST_ONCE,after_resolution_before_barrier,notifications,POSITIVE_ONLY_READBACK,CALLER_REFERENCE,4b20cc76-20eb-46fd-a779-0d0fa4657d20,CONFIRMED_APPLIED,APPLIED,1,1,0,20622.473085,46492.0,0,0
b4b_durable_workflow_at_most_once-after_resolution_before_barrier-notifications-6f091ca6-r2,(session-3),B4B_DURABLE_WORKFLOW_AT_MOST_ONCE,after_resolution_before_barrier,notifications,POSITIVE_ONLY_READBACK,CALLER_REFERENCE,9ae7c91f-4b8a-4941-976a-a5ad4e58530c,CONFIRMED_APPLIED,APPLIED,1,1,0,20867.827389,21668.0,0,0
b4b_durable_workflow_at_most_once-after_resolution_before_barrier-notifications-6f091ca6-r2,(session-3),B4B_DURABLE_WORKFLOW_AT_MOST_ONCE,after_resolution_before_barrier,notifications,POSITIVE_ONLY_READBACK,CALLER_REFERENCE,a2a71377-7cde-4e15-a586-d7f4bf4f8a50,CONFIRMED_APPLIED,APPLIED,1,1,0,20882.381602,122506.0,0,0
b4b_durable_workflow_at_most_once-after_resolution_before_barrier-notifications-6f091ca6-r2,(session-3),B4B_DURABLE_WORKFLOW_AT_MOST_ONCE,after_resolution_before_barrier,notifications,POSITIVE_ONLY_READBACK,CALLER_REFERENCE,2b346330-5139-454d-84eb-322ed7e3994b,CONFIRMED_APPLIED,APPLIED,1,1,0,21121.234461,97452.0,0,0
b4b_durable_workflow_at_most_once-after_resolution_before_barrier-notifications-6f091ca6-r2,(session-3),B4B_DURABLE_WORKFLOW_AT_MOST_ONCE,after_resolution_before_barrier,notifications,POSITIVE_ONLY_READBACK,CALLER_REFERENCE,275c14e3-6b05-40b0-9ae5-41f4b9504fc0,CONFIRMED_APPLIED,APPLIED,1,1,0,20377.71458,71485.0,0,0
b4b_durable_workflow_at_most_once-after_resolution_before_barrier-notifications-6f091ca6-r2,(session-3),B4B_DURABLE_WORKFLOW_AT_MOST_ONCE,after_resolution_before_barrier,notifications,POSITIVE_ONLY_READBACK,CALLER_REFERENCE,6dbb2763-61fa-41a2-927b-2f55acdd1eb4,CONFIRMED_APPLIED,APPLIED,1,1,0,20371.59463,46500.0,0,0
b4b_durable_workflow_at_most_once-after_resolution_before_barrier-notifications-6f091ca6-r2,(session-3),B4B_DURABLE_WORKFLOW_AT_MOST_ONCE,after_resolution_before_barrier,notifications,POSITIVE_ONLY_READBACK,CALLER_REFERENCE,4d0b6767-cd9f-43da-a489-17559a94f42a,CONFIRMED_APPLIED,APPLIED,1,1,0,20632.382832,21676.0,0,0
b4b_durable_workflow_at_most_once-after_resolution_before_barrier-payments-f8c0cc29-r0,(session-3),B4B_DURABLE_WORKFLOW_AT_MOST_ONCE,after_resolution_before_barrier,payments,AUTHORITATIVE_READBACK,CALLER_REFERENCE,308368f7-f208-47ea-b2af-7a5b4df02460,CONFIRMED_APPLIED,APPLIED,1,1,0,20373.073042,121755.0,0,0
b4b_durable_workflow_at_most_once-after_resolution_before_barrier-payments-f8c0cc29-r0,(session-3),B4B_DURABLE_WORKFLOW_AT_MOST_ONCE,after_resolution_before_barrier,payments,AUTHORITATIVE_READBACK,CALLER_REFERENCE,ed470ea0-651a-4d2c-9ed0-703d33b6c2b5,CONFIRMED_APPLIED,APPLIED,1,1,0,20854.236423,96770.0,0,0
b4b_durable_workflow_at_most_once-after_resolution_before_barrier-payments-f8c0cc29-r0,(session-3),B4B_DURABLE_WORKFLOW_AT_MOST_ONCE,after_resolution_before_barrier,payments,AUTHORITATIVE_READBACK,CALLER_REFERENCE,46974876-6212-47c0-a865-8ae49261f88e,CONFIRMED_APPLIED,APPLIED,1,1,0,20867.288964,71826.0,0,0
b4b_durable_workflow_at_most_once-after_resolution_before_barrier-payments-f8c0cc29-r0,(session-3),B4B_DURABLE_WORKFLOW_AT_MOST_ONCE,after_resolution_before_barrier,payments,AUTHORITATIVE_READBACK,CALLER_REFERENCE,b38cf4d0-ac8d-4977-97db-0e251b6d22c2,CONFIRMED_APPLIED,APPLIED,1,1,0,20872.736583,46778.0,0,0
b4b_durable_workflow_at_most_once-after_resolution_before_barrier-payments-f8c0cc29-r0,(session-3),B4B_DURABLE_WORKFLOW_AT_MOST_ONCE,after_resolution_before_barrier,payments,AUTHORITATIVE_READBACK,CALLER_REFERENCE,d550a91c-12f7-4f9d-8e55-6f736ff7306a,CONFIRMED_APPLIED,APPLIED,1,1,0,21132.386821,21897.0,0,0
b4b_durable_workflow_at_most_once-after_resolution_before_barrier-payments-f8c0cc29-r0,(session-3),B4B_DURABLE_WORKFLOW_AT_MOST_ONCE,after_resolution_before_barrier,payments,AUTHORITATIVE_READBACK,CALLER_REFERENCE,97de5517-30f0-4392-bb28-2325bfc035f4,UNVERIFIED_FAILURE,FAILED,1,1,0,17602.73156,118741.0,0,1
b4b_durable_workflow_at_most_once-after_resolution_before_barrier-payments-f8c0cc29-r0,(session-3),B4B_DURABLE_WORKFLOW_AT_MOST_ONCE,after_resolution_before_barrier,payments,AUTHORITATIVE_READBACK,CALLER_REFERENCE,dfe9ee45-cdac-47fa-9efb-de045fbbf3f7,UNVERIFIED_FAILURE,FAILED,0,1,0,20859.760956,96771.0,0,0
b4b_durable_workflow_at_most_once-after_resolution_before_barrier-payments-f8c0cc29-r0,(session-3),B4B_DURABLE_WORKFLOW_AT_MOST_ONCE,after_resolution_before_barrier,payments,AUTHORITATIVE_READBACK,CALLER_REFERENCE,a2f06af2-462f-4254-bfd1-e7984ef93ff2,CONFIRMED_APPLIED,APPLIED,1,1,0,20871.623609,71827.0,0,0
b4b_durable_workflow_at_most_once-after_resolution_before_barrier-payments-f8c0cc29-r0,(session-3),B4B_DURABLE_WORKFLOW_AT_MOST_ONCE,after_resolution_before_barrier,payments,AUTHORITATIVE_READBACK,CALLER_REFERENCE,02889bb6-9074-4479-9f08-a02682d5ed90,CONFIRMED_APPLIED,APPLIED,1,1,0,20869.16726,46779.0,0,0
b4b_durable_workflow_at_most_once-after_resolution_before_barrier-payments-f8c0cc29-r0,(session-3),B4B_DURABLE_WORKFLOW_AT_MOST_ONCE,after_resolution_before_barrier,payments,AUTHORITATIVE_READBACK,CALLER_REFERENCE,c86b9b31-4377-4492-897d-fc77a3dbd4f7,CONFIRMED_APPLIED,APPLIED,1,1,0,21133.867654,21898.0,0,0
b4b_durable_workflow_at_most_once-after_resolution_before_barrier-payments-f8c0cc29-r1,(session-3),B4B_DURABLE_WORKFLOW_AT_MOST_ONCE,after_resolution_before_barrier,payments,AUTHORITATIVE_READBACK,CALLER_REFERENCE,bea15876-eceb-4f72-b04b-e950b4709688,UNVERIFIED_FAILURE,FAILED,0,1,0,21381.274691,122553.0,0,0
b4b_durable_workflow_at_most_once-after_resolution_before_barrier-payments-f8c0cc29-r1,(session-3),B4B_DURABLE_WORKFLOW_AT_MOST_ONCE,after_resolution_before_barrier,payments,AUTHORITATIVE_READBACK,CALLER_REFERENCE,f44bde6f-2949-47b6-b275-ca8287830914,CONFIRMED_APPLIED,APPLIED,1,1,0,20366.050928,96570.0,0,0
b4b_durable_workflow_at_most_once-after_resolution_before_barrier-payments-f8c0cc29-r1,(session-3),B4B_DURABLE_WORKFLOW_AT_MOST_ONCE,after_resolution_before_barrier,payments,AUTHORITATIVE_READBACK,CALLER_REFERENCE,486eb8cd-c533-4512-ab7d-b917b6b4275f,CONFIRMED_APPLIED,APPLIED,1,1,0,20606.769275,71539.0,0,0
b4b_durable_workflow_at_most_once-after_resolution_before_barrier-payments-f8c0cc29-r1,(session-3),B4B_DURABLE_WORKFLOW_AT_MOST_ONCE,after_resolution_before_barrier,payments,AUTHORITATIVE_READBACK,CALLER_REFERENCE,51e95590-b232-4794-af49-7b9885e87381,CONFIRMED_APPLIED,APPLIED,1,1,0,20866.163738,46516.0,0,0
b4b_durable_workflow_at_most_once-after_resolution_before_barrier-payments-f8c0cc29-r1,(session-3),B4B_DURABLE_WORKFLOW_AT_MOST_ONCE,after_resolution_before_barrier,payments,AUTHORITATIVE_READBACK,CALLER_REFERENCE,64141481-c772-4c1e-a391-681055f40db4,UNVERIFIED_FAILURE,FAILED,1,1,0,18109.825567,18602.0,0,1
b4b_durable_workflow_at_most_once-after_resolution_before_barrier-payments-f8c0cc29-r1,(session-3),B4B_DURABLE_WORKFLOW_AT_MOST_ONCE,after_resolution_before_barrier,payments,AUTHORITATIVE_READBACK,CALLER_REFERENCE,70bd11e8-8d06-4ea6-ba5d-0d3ba351c1e8,CONFIRMED_APPLIED,APPLIED,1,1,0,21377.581872,122555.0,0,0
b4b_durable_workflow_at_most_once-after_resolution_before_barrier-payments-f8c0cc29-r1,(session-3),B4B_DURABLE_WORKFLOW_AT_MOST_ONCE,after_resolution_before_barrier,payments,AUTHORITATIVE_READBACK,CALLER_REFERENCE,046a0f49-eb18-44c2-8a9a-eab509d4c728,CONFIRMED_APPLIED,APPLIED,1,1,0,20367.104713,96573.0,0,0
b4b_durable_workflow_at_most_once-after_resolution_before_barrier-payments-f8c0cc29-r1,(session-3),B4B_DURABLE_WORKFLOW_AT_MOST_ONCE,after_resolution_before_barrier,payments,AUTHORITATIVE_READBACK,CALLER_REFERENCE,ae6ed4dc-1136-4f5f-a118-4fdbbcd3efd5,CONFIRMED_APPLIED,APPLIED,1,1,0,20361.545311,71541.0,0,0
b4b_durable_workflow_at_most_once-after_resolution_before_barrier-payments-f8c0cc29-r1,(session-3),B4B_DURABLE_WORKFLOW_AT_MOST_ONCE,after_resolution_before_barrier,payments,AUTHORITATIVE_READBACK,CALLER_REFERENCE,b760e68e-9dda-49e0-997d-66ac137b9e6d,CONFIRMED_APPLIED,APPLIED,1,1,0,20609.469457,46516.0,0,0
b4b_durable_workflow_at_most_once-after_resolution_before_barrier-payments-f8c0cc29-r1,(session-3),B4B_DURABLE_WORKFLOW_AT_MOST_ONCE,after_resolution_before_barrier,payments,AUTHORITATIVE_READBACK,CALLER_REFERENCE,11027a6b-dc6e-41f8-a9e1-c6804ad84fa3,CONFIRMED_APPLIED,APPLIED,1,1,0,20633.732734,21576.0,0,0
b4b_durable_workflow_at_most_once-after_resolution_before_barrier-payments-f8c0cc29-r2,(session-3),B4B_DURABLE_WORKFLOW_AT_MOST_ONCE,after_resolution_before_barrier,payments,AUTHORITATIVE_READBACK,CALLER_REFERENCE,6866838f-60b6-488c-bf87-ef920dcb47f3,UNVERIFIED_FAILURE,FAILED,1,1,0,17845.621157,119204.0,0,1
b4b_durable_workflow_at_most_once-after_resolution_before_barrier-payments-f8c0cc29-r2,(session-3),B4B_DURABLE_WORKFLOW_AT_MOST_ONCE,after_resolution_before_barrier,payments,AUTHORITATIVE_READBACK,CALLER_REFERENCE,431af1e8-c524-4846-b7c0-bc97df4268dc,CONFIRMED_APPLIED,APPLIED,1,1,0,20626.729752,97124.0,0,0
b4b_durable_workflow_at_most_once-after_resolution_before_barrier-payments-f8c0cc29-r2,(session-3),B4B_DURABLE_WORKFLOW_AT_MOST_ONCE,after_resolution_before_barrier,payments,AUTHORITATIVE_READBACK,CALLER_REFERENCE,b6250e28-5a27-4ebc-8b29-722961fdff44,CONFIRMED_APPLIED,APPLIED,1,1,0,20876.761719,72076.0,0,0
b4b_durable_workflow_at_most_once-after_resolution_before_barrier-payments-f8c0cc29-r2,(session-3),B4B_DURABLE_WORKFLOW_AT_MOST_ONCE,after_resolution_before_barrier,payments,AUTHORITATIVE_READBACK,CALLER_REFERENCE,6adddf75-6063-4e34-b7d6-b4a6678d484a,CONFIRMED_APPLIED,APPLIED,1,1,0,21128.20514,47252.0,0,0
b4b_durable_workflow_at_most_once-after_resolution_before_barrier-payments-f8c0cc29-r2,(session-3),B4B_DURABLE_WORKFLOW_AT_MOST_ONCE,after_resolution_before_barrier,payments,AUTHORITATIVE_READBACK,CALLER_REFERENCE,30c5d1af-edfd-41bb-b027-6d44173c5c0b,CONFIRMED_APPLIED,APPLIED,1,1,0,21136.843059,22090.0,0,0
b4b_durable_workflow_at_most_once-after_resolution_before_barrier-payments-f8c0cc29-r2,(session-3),B4B_DURABLE_WORKFLOW_AT_MOST_ONCE,after_resolution_before_barrier,payments,AUTHORITATIVE_READBACK,CALLER_REFERENCE,5cd8d4b6-e400-4f2c-b6f9-7d17784d6ba3,CONFIRMED_APPLIED,APPLIED,1,1,0,20864.816354,122091.0,0,0
b4b_durable_workflow_at_most_once-after_resolution_before_barrier-payments-f8c0cc29-r2,(session-3),B4B_DURABLE_WORKFLOW_AT_MOST_ONCE,after_resolution_before_barrier,payments,AUTHORITATIVE_READBACK,CALLER_REFERENCE,100ba5d0-1c02-47cf-babe-c93d06d23a7b,CONFIRMED_APPLIED,APPLIED,1,1,0,20878.145733,97127.0,0,0
b4b_durable_workflow_at_most_once-after_resolution_before_barrier-payments-f8c0cc29-r2,(session-3),B4B_DURABLE_WORKFLOW_AT_MOST_ONCE,after_resolution_before_barrier,payments,AUTHORITATIVE_READBACK,CALLER_REFERENCE,0cdc943c-9337-47e3-8ef4-17722f026d04,CONFIRMED_APPLIED,APPLIED,1,1,0,21133.898012,72078.0,0,0
b4b_durable_workflow_at_most_once-after_resolution_before_barrier-payments-f8c0cc29-r2,(session-3),B4B_DURABLE_WORKFLOW_AT_MOST_ONCE,after_resolution_before_barrier,payments,AUTHORITATIVE_READBACK,CALLER_REFERENCE,a054a958-8dc3-491f-9c12-e634d75c2098,UNVERIFIED_FAILURE,FAILED,0,1,0,21391.463354,47253.0,0,0
b4b_durable_workflow_at_most_once-after_resolution_before_barrier-payments-f8c0cc29-r2,(session-3),B4B_DURABLE_WORKFLOW_AT_MOST_ONCE,after_resolution_before_barrier,payments,AUTHORITATIVE_READBACK,CALLER_REFERENCE,f376662c-0323-45a3-9ad8-f2024530e237,UNVERIFIED_FAILURE,FAILED,0,1,0,20629.21043,21186.0,0,0
b4b_durable_workflow_at_most_once-after_response_before_resolution-ledger_postings-ad23306b-r0,(session-3),B4B_DURABLE_WORKFLOW_AT_MOST_ONCE,after_response_before_resolution,ledger_postings,NO_READBACK,CALLER_REFERENCE,b1fc83e5-0b69-477b-af94-68dd1e64c642,UNVERIFIED_FAILURE,TIMED_OUT,1,1,0,22187.56273,127027.0,0,1
b4b_durable_workflow_at_most_once-after_response_before_resolution-ledger_postings-ad23306b-r0,(session-3),B4B_DURABLE_WORKFLOW_AT_MOST_ONCE,after_response_before_resolution,ledger_postings,NO_READBACK,CALLER_REFERENCE,72e1b86f-f2e7-473f-a718-e6c6da0a472d,UNVERIFIED_FAILURE,TIMED_OUT,1,1,0,22265.496282,101070.0,0,1
b4b_durable_workflow_at_most_once-after_response_before_resolution-ledger_postings-ad23306b-r0,(session-3),B4B_DURABLE_WORKFLOW_AT_MOST_ONCE,after_response_before_resolution,ledger_postings,NO_READBACK,CALLER_REFERENCE,7a498621-8f03-4cf6-be3b-0db57d2cf244,UNVERIFIED_FAILURE,TIMED_OUT,1,1,0,22365.009386,75084.0,0,1
b4b_durable_workflow_at_most_once-after_response_before_resolution-ledger_postings-ad23306b-r0,(session-3),B4B_DURABLE_WORKFLOW_AT_MOST_ONCE,after_response_before_resolution,ledger_postings,NO_READBACK,CALLER_REFERENCE,5b064b39-9fb7-4d4e-bafb-7bf3aa1e004f,UNVERIFIED_FAILURE,TIMED_OUT,1,1,0,22096.520474,49080.0,0,1
b4b_durable_workflow_at_most_once-after_response_before_resolution-ledger_postings-ad23306b-r0,(session-3),B4B_DURABLE_WORKFLOW_AT_MOST_ONCE,after_response_before_resolution,ledger_postings,NO_READBACK,CALLER_REFERENCE,58ef3262-1454-4b86-8a03-6e237d5a6a12,UNVERIFIED_FAILURE,TIMED_OUT,1,1,0,22270.837785,23058.0,0,1
b4b_durable_workflow_at_most_once-after_response_before_resolution-ledger_postings-ad23306b-r0,(session-3),B4B_DURABLE_WORKFLOW_AT_MOST_ONCE,after_response_before_resolution,ledger_postings,NO_READBACK,CALLER_REFERENCE,d6af7a0f-0db4-45a8-98e2-c738d6e108d7,UNVERIFIED_FAILURE,TIMED_OUT,1,1,0,22176.058001,127032.0,0,1
b4b_durable_workflow_at_most_once-after_response_before_resolution-ledger_postings-ad23306b-r0,(session-3),B4B_DURABLE_WORKFLOW_AT_MOST_ONCE,after_response_before_resolution,ledger_postings,NO_READBACK,CALLER_REFERENCE,0567fd4d-6f16-42d0-b3c8-d051021affd2,UNVERIFIED_FAILURE,TIMED_OUT,0,1,0,22271.105739,101070.0,0,0
b4b_durable_workflow_at_most_once-after_response_before_resolution-ledger_postings-ad23306b-r0,(session-3),B4B_DURABLE_WORKFLOW_AT_MOST_ONCE,after_response_before_resolution,ledger_postings,NO_READBACK,CALLER_REFERENCE,a4399c05-24f3-48b4-9b2f-cabce00d51ab,UNVERIFIED_FAILURE,TIMED_OUT,1,1,0,22369.001569,75090.0,0,1
b4b_durable_workflow_at_most_once-after_response_before_resolution-ledger_postings-ad23306b-r0,(session-3),B4B_DURABLE_WORKFLOW_AT_MOST_ONCE,after_response_before_resolution,ledger_postings,NO_READBACK,CALLER_REFERENCE,7676ca10-4a5d-4fd0-99e8-6d4224b2da7a,UNVERIFIED_FAILURE,TIMED_OUT,0,1,0,22145.803157,49086.0,0,0
b4b_durable_workflow_at_most_once-after_response_before_resolution-ledger_postings-ad23306b-r0,(session-3),B4B_DURABLE_WORKFLOW_AT_MOST_ONCE,after_response_before_resolution,ledger_postings,NO_READBACK,CALLER_REFERENCE,46466feb-81d9-43cf-b964-bd6d63233c31,UNVERIFIED_FAILURE,TIMED_OUT,1,1,0,19234.027895,20046.0,0,1
b4b_durable_workflow_at_most_once-after_response_before_resolution-ledger_postings-ad23306b-r1,(session-3),B4B_DURABLE_WORKFLOW_AT_MOST_ONCE,after_response_before_resolution,ledger_postings,NO_READBACK,CALLER_REFERENCE,42243750-62c5-4a5c-aaba-85c206b058de,UNVERIFIED_FAILURE,TIMED_OUT,1,1,0,23358.192074,128194.0,0,1
b4b_durable_workflow_at_most_once-after_response_before_resolution-ledger_postings-ad23306b-r1,(session-3),B4B_DURABLE_WORKFLOW_AT_MOST_ONCE,after_response_before_resolution,ledger_postings,NO_READBACK,CALLER_REFERENCE,7b7a6599-4bae-4457-9906-4ba4f15ad5e7,UNVERIFIED_FAILURE,TIMED_OUT,1,1,0,19304.837314,98181.0,0,1
b4b_durable_workflow_at_most_once-after_response_before_resolution-ledger_postings-ad23306b-r1,(session-3),B4B_DURABLE_WORKFLOW_AT_MOST_ONCE,after_response_before_resolution,ledger_postings,NO_READBACK,CALLER_REFERENCE,56190b70-b0fb-45e4-8bb6-aab9aec35cca,UNVERIFIED_FAILURE,TIMED_OUT,1,1,0,22128.464427,75240.0,0,1
b4b_durable_workflow_at_most_once-after_response_before_resolution-ledger_postings-ad23306b-r1,(session-3),B4B_DURABLE_WORKFLOW_AT_MOST_ONCE,after_response_before_resolution,ledger_postings,NO_READBACK,CALLER_REFERENCE,7f034aa4-b6c1-48a6-92ed-6c8ef7f4f07e,UNVERIFIED_FAILURE,TIMED_OUT,1,1,0,22294.808195,49292.0,0,1
b4b_durable_workflow_at_most_once-after_response_before_resolution-ledger_postings-ad23306b-r1,(session-3),B4B_DURABLE_WORKFLOW_AT_MOST_ONCE,after_response_before_resolution,ledger_postings,NO_READBACK,CALLER_REFERENCE,436a13f7-bb2f-4e4a-8a34-2103144bbc6e,UNVERIFIED_FAILURE,TIMED_OUT,1,1,0,22069.348268,23204.0,0,1
b4b_durable_workflow_at_most_once-after_response_before_resolution-ledger_postings-ad23306b-r1,(session-3),B4B_DURABLE_WORKFLOW_AT_MOST_ONCE,after_response_before_resolution,ledger_postings,NO_READBACK,CALLER_REFERENCE,640519e2-29cb-4b91-a310-ae5ee2bc3e58,UNVERIFIED_FAILURE,TIMED_OUT,1,1,0,19161.89163,125204.0,0,1
b4b_durable_workflow_at_most_once-after_response_before_resolution-ledger_postings-ad23306b-r1,(session-3),B4B_DURABLE_WORKFLOW_AT_MOST_ONCE,after_response_before_resolution,ledger_postings,NO_READBACK,CALLER_REFERENCE,e897c6f3-8f5f-4497-a72a-e3200713e1f8,UNVERIFIED_FAILURE,TIMED_OUT,1,1,0,22153.786674,102197.0,0,1
b4b_durable_workflow_at_most_once-after_response_before_resolution-ledger_postings-ad23306b-r1,(session-3),B4B_DURABLE_WORKFLOW_AT_MOST_ONCE,after_response_before_resolution,ledger_postings,NO_READBACK,CALLER_REFERENCE,52aaa1f0-ed69-4c9b-b952-e8ab63a6d199,UNVERIFIED_FAILURE,TIMED_OUT,1,1,0,22191.520373,76148.0,0,1
b4b_durable_workflow_at_most_once-after_response_before_resolution-ledger_postings-ad23306b-r1,(session-3),B4B_DURABLE_WORKFLOW_AT_MOST_ONCE,after_response_before_resolution,ledger_postings,NO_READBACK,CALLER_REFERENCE,32229f6f-9d8c-44a0-82d3-cec11e6b9fa0,UNVERIFIED_FAILURE,TIMED_OUT,0,1,0,22178.302182,50371.0,0,0
b4b_durable_workflow_at_most_once-after_response_before_resolution-ledger_postings-ad23306b-r1,(session-3),B4B_DURABLE_WORKFLOW_AT_MOST_ONCE,after_response_before_resolution,ledger_postings,NO_READBACK,CALLER_REFERENCE,0d254039-b78f-4f97-a8ce-cd057cb22d09,UNVERIFIED_FAILURE,TIMED_OUT,1,1,0,21951.322318,24273.0,0,1
b4b_durable_workflow_at_most_once-after_response_before_resolution-ledger_postings-ad23306b-r2,(session-3),B4B_DURABLE_WORKFLOW_AT_MOST_ONCE,after_response_before_resolution,ledger_postings,NO_READBACK,CALLER_REFERENCE,ffc7a238-b478-4362-b255-fa02bc9e0436,UNVERIFIED_FAILURE,TIMED_OUT,1,1,0,22034.276599,127083.0,0,1
b4b_durable_workflow_at_most_once-after_response_before_resolution-ledger_postings-ad23306b-r2,(session-3),B4B_DURABLE_WORKFLOW_AT_MOST_ONCE,after_response_before_resolution,ledger_postings,NO_READBACK,CALLER_REFERENCE,f23701b8-8b6a-48ac-af5c-876403dc4604,UNVERIFIED_FAILURE,TIMED_OUT,1,1,0,19398.27413,98131.0,0,1
b4b_durable_workflow_at_most_once-after_response_before_resolution-ledger_postings-ad23306b-r2,(session-3),B4B_DURABLE_WORKFLOW_AT_MOST_ONCE,after_response_before_resolution,ledger_postings,NO_READBACK,CALLER_REFERENCE,51be96c9-9a1f-4a32-b14b-76b093dcb782,UNVERIFIED_FAILURE,TIMED_OUT,1,1,0,19037.160951,72145.0,0,1
b4b_durable_workflow_at_most_once-after_response_before_resolution-ledger_postings-ad23306b-r2,(session-3),B4B_DURABLE_WORKFLOW_AT_MOST_ONCE,after_response_before_resolution,ledger_postings,NO_READBACK,CALLER_REFERENCE,e8615855-a147-4745-bab8-33d6193dac9e,UNVERIFIED_FAILURE,TIMED_OUT,1,1,0,22081.195024,49187.0,0,1
b4b_durable_workflow_at_most_once-after_response_before_resolution-ledger_postings-ad23306b-r2,(session-3),B4B_DURABLE_WORKFLOW_AT_MOST_ONCE,after_response_before_resolution,ledger_postings,NO_READBACK,CALLER_REFERENCE,6704ef7b-eff4-4da1-a8f4-a425a164cdea,UNVERIFIED_FAILURE,TIMED_OUT,1,1,0,19452.153537,20292.0,0,1
b4b_durable_workflow_at_most_once-after_response_before_resolution-ledger_postings-ad23306b-r2,(session-3),B4B_DURABLE_WORKFLOW_AT_MOST_ONCE,after_response_before_resolution,ledger_postings,NO_READBACK,CALLER_REFERENCE,3bb02685-1417-4842-812f-25989b40c7d2,UNVERIFIED_FAILURE,TIMED_OUT,1,1,0,22079.006943,127103.0,0,1
b4b_durable_workflow_at_most_once-after_response_before_resolution-ledger_postings-ad23306b-r2,(session-3),B4B_DURABLE_WORKFLOW_AT_MOST_ONCE,after_response_before_resolution,ledger_postings,NO_READBACK,CALLER_REFERENCE,440b2fef-e6e7-4a55-ab57-e0042170eafd,UNVERIFIED_FAILURE,TIMED_OUT,1,1,0,22259.654239,101126.0,0,1
b4b_durable_workflow_at_most_once-after_response_before_resolution-ledger_postings-ad23306b-r2,(session-3),B4B_DURABLE_WORKFLOW_AT_MOST_ONCE,after_response_before_resolution,ledger_postings,NO_READBACK,CALLER_REFERENCE,6e94c603-3fd5-436d-b560-55db241358be,UNVERIFIED_FAILURE,TIMED_OUT,1,1,0,19015.518215,72140.0,0,1
b4b_durable_workflow_at_most_once-after_response_before_resolution-ledger_postings-ad23306b-r2,(session-3),B4B_DURABLE_WORKFLOW_AT_MOST_ONCE,after_response_before_resolution,ledger_postings,NO_READBACK,CALLER_REFERENCE,78e8242d-0832-41f6-bbe8-2432de126e90,UNVERIFIED_FAILURE,TIMED_OUT,1,1,0,22120.968979,49195.0,0,1
b4b_durable_workflow_at_most_once-after_response_before_resolution-ledger_postings-ad23306b-r2,(session-3),B4B_DURABLE_WORKFLOW_AT_MOST_ONCE,after_response_before_resolution,ledger_postings,NO_READBACK,CALLER_REFERENCE,be8e5d97-052b-45ff-8df9-56509876450e,UNVERIFIED_FAILURE,TIMED_OUT,0,1,0,22353.937638,23290.0,0,0
b4b_durable_workflow_at_most_once-after_response_before_resolution-notifications-9e459483-r0,(session-3),B4B_DURABLE_WORKFLOW_AT_MOST_ONCE,after_response_before_resolution,notifications,POSITIVE_ONLY_READBACK,CALLER_REFERENCE,6b018fed-9c98-4708-a0e7-64c2ac0f4474,UNVERIFIED_FAILURE,TIMED_OUT,1,1,0,22130.849343,127096.0,0,1
b4b_durable_workflow_at_most_once-after_response_before_resolution-notifications-9e459483-r0,(session-3),B4B_DURABLE_WORKFLOW_AT_MOST_ONCE,after_response_before_resolution,notifications,POSITIVE_ONLY_READBACK,CALLER_REFERENCE,8a5aab23-c331-4c0f-857f-65f676ed773d,UNVERIFIED_FAILURE,TIMED_OUT,1,1,0,19315.923193,98150.0,0,1
b4b_durable_workflow_at_most_once-after_response_before_resolution-notifications-9e459483-r0,(session-3),B4B_DURABLE_WORKFLOW_AT_MOST_ONCE,after_response_before_resolution,notifications,POSITIVE_ONLY_READBACK,CALLER_REFERENCE,b66409d5-4125-41ec-a3f0-991f2b4d8c37,UNVERIFIED_FAILURE,TIMED_OUT,1,1,0,22364.93029,75130.0,0,1
b4b_durable_workflow_at_most_once-after_response_before_resolution-notifications-9e459483-r0,(session-3),B4B_DURABLE_WORKFLOW_AT_MOST_ONCE,after_response_before_resolution,notifications,POSITIVE_ONLY_READBACK,CALLER_REFERENCE,81f569c8-7d7f-44ca-b7a7-30d0375a13e9,UNVERIFIED_FAILURE,TIMED_OUT,1,1,0,22072.206366,48972.0,0,1
b4b_durable_workflow_at_most_once-after_response_before_resolution-notifications-9e459483-r0,(session-3),B4B_DURABLE_WORKFLOW_AT_MOST_ONCE,after_response_before_resolution,notifications,POSITIVE_ONLY_READBACK,CALLER_REFERENCE,94cc4c06-b33c-44e6-bc92-181470270fe7,UNVERIFIED_FAILURE,TIMED_OUT,1,1,0,22165.176805,23117.0,0,1
b4b_durable_workflow_at_most_once-after_response_before_resolution-notifications-9e459483-r0,(session-3),B4B_DURABLE_WORKFLOW_AT_MOST_ONCE,after_response_before_resolution,notifications,POSITIVE_ONLY_READBACK,CALLER_REFERENCE,66a9c9cf-e715-496e-ada8-8f4be39d4347,UNVERIFIED_FAILURE,TIMED_OUT,1,1,0,19174.849208,124110.0,0,1
b4b_durable_workflow_at_most_once-after_response_before_resolution-notifications-9e459483-r0,(session-3),B4B_DURABLE_WORKFLOW_AT_MOST_ONCE,after_response_before_resolution,notifications,POSITIVE_ONLY_READBACK,CALLER_REFERENCE,e44cf1a3-c3d5-4933-94ed-3a0b85e85575,UNVERIFIED_FAILURE,TIMED_OUT,1,1,0,22214.738716,101147.0,0,1
b4b_durable_workflow_at_most_once-after_response_before_resolution-notifications-9e459483-r0,(session-3),B4B_DURABLE_WORKFLOW_AT_MOST_ONCE,after_response_before_resolution,notifications,POSITIVE_ONLY_READBACK,CALLER_REFERENCE,20498f1b-9ddc-4ff8-88c5-69a6a2b82248,UNVERIFIED_FAILURE,TIMED_OUT,1,1,0,19455.049728,72142.0,0,1
b4b_durable_workflow_at_most_once-after_response_before_resolution-notifications-9e459483-r0,(session-3),B4B_DURABLE_WORKFLOW_AT_MOST_ONCE,after_response_before_resolution,notifications,POSITIVE_ONLY_READBACK,CALLER_REFERENCE,214b2d28-2f99-4f70-b57b-c9b034338178,UNVERIFIED_FAILURE,TIMED_OUT,1,1,0,22113.079738,48982.0,0,1
b4b_durable_workflow_at_most_once-after_response_before_resolution-notifications-9e459483-r0,(session-3),B4B_DURABLE_WORKFLOW_AT_MOST_ONCE,after_response_before_resolution,notifications,POSITIVE_ONLY_READBACK,CALLER_REFERENCE,0c2b2daf-cbac-44dc-83fb-dd61d2fbc73c,UNVERIFIED_FAILURE,TIMED_OUT,1,1,0,22196.792645,23125.0,0,1
b4b_durable_workflow_at_most_once-after_response_before_resolution-notifications-9e459483-r1,(session-3),B4B_DURABLE_WORKFLOW_AT_MOST_ONCE,after_response_before_resolution,notifications,POSITIVE_ONLY_READBACK,CALLER_REFERENCE,2d02be19-0325-4bb4-8fb3-798667294438,UNVERIFIED_FAILURE,TIMED_OUT,1,1,0,22151.230454,127170.0,0,1
b4b_durable_workflow_at_most_once-after_response_before_resolution-notifications-9e459483-r1,(session-3),B4B_DURABLE_WORKFLOW_AT_MOST_ONCE,after_response_before_resolution,notifications,POSITIVE_ONLY_READBACK,CALLER_REFERENCE,1c6c46bc-4628-4f3b-bb5c-7e3a64a09b7c,UNVERIFIED_FAILURE,TIMED_OUT,1,1,0,22532.772641,101087.0,0,1
b4b_durable_workflow_at_most_once-after_response_before_resolution-notifications-9e459483-r1,(session-3),B4B_DURABLE_WORKFLOW_AT_MOST_ONCE,after_response_before_resolution,notifications,POSITIVE_ONLY_READBACK,CALLER_REFERENCE,1beb0a98-026d-4df8-94e9-3af7fd3b584e,UNVERIFIED_FAILURE,TIMED_OUT,1,1,0,22501.901062,75096.0,0,1
b4b_durable_workflow_at_most_once-after_response_before_resolution-notifications-9e459483-r1,(session-3),B4B_DURABLE_WORKFLOW_AT_MOST_ONCE,after_response_before_resolution,notifications,POSITIVE_ONLY_READBACK,CALLER_REFERENCE,5ed7f383-046c-4ee9-8bf4-a2b908cdbc27,UNVERIFIED_FAILURE,TIMED_OUT,1,1,0,22363.479523,49035.0,0,1
b4b_durable_workflow_at_most_once-after_response_before_resolution-notifications-9e459483-r1,(session-3),B4B_DURABLE_WORKFLOW_AT_MOST_ONCE,after_response_before_resolution,notifications,POSITIVE_ONLY_READBACK,CALLER_REFERENCE,80ad827d-c43a-43d7-bf78-e7182c4a99d2,UNVERIFIED_FAILURE,TIMED_OUT,1,1,0,22274.041975,23003.0,0,1
b4b_durable_workflow_at_most_once-after_response_before_resolution-notifications-9e459483-r1,(session-3),B4B_DURABLE_WORKFLOW_AT_MOST_ONCE,after_response_before_resolution,notifications,POSITIVE_ONLY_READBACK,CALLER_REFERENCE,20e6338d-cc8f-4b44-817a-dc79f5160d65,UNVERIFIED_FAILURE,TIMED_OUT,1,1,0,22160.525757,127174.0,0,1
b4b_durable_workflow_at_most_once-after_response_before_resolution-notifications-9e459483-r1,(session-3),B4B_DURABLE_WORKFLOW_AT_MOST_ONCE,after_response_before_resolution,notifications,POSITIVE_ONLY_READBACK,CALLER_REFERENCE,d10378f3-3635-491b-9918-06f57233661d,UNVERIFIED_FAILURE,TIMED_OUT,1,1,0,19491.442263,98093.0,0,1
b4b_durable_workflow_at_most_once-after_response_before_resolution-notifications-9e459483-r1,(session-3),B4B_DURABLE_WORKFLOW_AT_MOST_ONCE,after_response_before_resolution,notifications,POSITIVE_ONLY_READBACK,CALLER_REFERENCE,0862b224-1eb4-40af-a1f5-3d90e5d821e0,UNVERIFIED_FAILURE,TIMED_OUT,1,1,0,19495.405604,72097.0,0,1
b4b_durable_workflow_at_most_once-after_response_before_resolution-notifications-9e459483-r1,(session-3),B4B_DURABLE_WORKFLOW_AT_MOST_ONCE,after_response_before_resolution,notifications,POSITIVE_ONLY_READBACK,CALLER_REFERENCE,f262b248-094c-4d96-b284-81f6a2bcf052,UNVERIFIED_FAILURE,TIMED_OUT,1,1,0,22341.389376,49042.0,0,1
b4b_durable_workflow_at_most_once-after_response_before_resolution-notifications-9e459483-r1,(session-3),B4B_DURABLE_WORKFLOW_AT_MOST_ONCE,after_response_before_resolution,notifications,POSITIVE_ONLY_READBACK,CALLER_REFERENCE,c258397c-f7a8-499e-9376-b1d89af87ab6,UNVERIFIED_FAILURE,TIMED_OUT,1,1,0,22265.093749,23000.0,0,1
b4b_durable_workflow_at_most_once-after_response_before_resolution-notifications-9e459483-r2,(session-3),B4B_DURABLE_WORKFLOW_AT_MOST_ONCE,after_response_before_resolution,notifications,POSITIVE_ONLY_READBACK,CALLER_REFERENCE,cb86ea26-1ed5-4f95-8472-cc3288a17a1c,UNVERIFIED_FAILURE,TIMED_OUT,1,1,0,19458.642113,124011.0,0,1
b4b_durable_workflow_at_most_once-after_response_before_resolution-notifications-9e459483-r2,(session-3),B4B_DURABLE_WORKFLOW_AT_MOST_ONCE,after_response_before_resolution,notifications,POSITIVE_ONLY_READBACK,CALLER_REFERENCE,6e20cda6-adb0-4646-b98d-b73cf5e46559,UNVERIFIED_FAILURE,TIMED_OUT,1,1,0,22344.108509,101101.0,0,1
b4b_durable_workflow_at_most_once-after_response_before_resolution-notifications-9e459483-r2,(session-3),B4B_DURABLE_WORKFLOW_AT_MOST_ONCE,after_response_before_resolution,notifications,POSITIVE_ONLY_READBACK,CALLER_REFERENCE,f97b8592-798b-43ec-8e8c-cf7ac6a80609,UNVERIFIED_FAILURE,TIMED_OUT,1,1,0,22272.671821,75061.0,0,1
b4b_durable_workflow_at_most_once-after_response_before_resolution-notifications-9e459483-r2,(session-3),B4B_DURABLE_WORKFLOW_AT_MOST_ONCE,after_response_before_resolution,notifications,POSITIVE_ONLY_READBACK,CALLER_REFERENCE,f010f541-b7e2-4d59-a75e-c879ea30dab4,UNVERIFIED_FAILURE,TIMED_OUT,1,1,0,22056.26852,49015.0,0,1
b4b_durable_workflow_at_most_once-after_response_before_resolution-notifications-9e459483-r2,(session-3),B4B_DURABLE_WORKFLOW_AT_MOST_ONCE,after_response_before_resolution,notifications,POSITIVE_ONLY_READBACK,CALLER_REFERENCE,2a4612d1-8aef-40d7-af04-e8ff4bd0dc4b,UNVERIFIED_FAILURE,TIMED_OUT,1,1,0,21528.896252,23021.0,0,1
b4b_durable_workflow_at_most_once-after_response_before_resolution-notifications-9e459483-r2,(session-3),B4B_DURABLE_WORKFLOW_AT_MOST_ONCE,after_response_before_resolution,notifications,POSITIVE_ONLY_READBACK,CALLER_REFERENCE,1d5a8a24-6a12-497f-99d8-585b3f7154b5,UNVERIFIED_FAILURE,TIMED_OUT,1,1,0,22377.196332,127009.0,0,1
b4b_durable_workflow_at_most_once-after_response_before_resolution-notifications-9e459483-r2,(session-3),B4B_DURABLE_WORKFLOW_AT_MOST_ONCE,after_response_before_resolution,notifications,POSITIVE_ONLY_READBACK,CALLER_REFERENCE,e8425fcb-8d60-4822-9b6b-b4b49046fe3e,UNVERIFIED_FAILURE,TIMED_OUT,1,1,0,22336.032833,101114.0,0,1
b4b_durable_workflow_at_most_once-after_response_before_resolution-notifications-9e459483-r2,(session-3),B4B_DURABLE_WORKFLOW_AT_MOST_ONCE,after_response_before_resolution,notifications,POSITIVE_ONLY_READBACK,CALLER_REFERENCE,f7006924-b6d3-418b-9722-91ac0cb6e9f1,UNVERIFIED_FAILURE,TIMED_OUT,1,1,0,22257.7852,75070.0,0,1
b4b_durable_workflow_at_most_once-after_response_before_resolution-notifications-9e459483-r2,(session-3),B4B_DURABLE_WORKFLOW_AT_MOST_ONCE,after_response_before_resolution,notifications,POSITIVE_ONLY_READBACK,CALLER_REFERENCE,257e0d1f-cd01-4014-9275-05feed2e6e11,UNVERIFIED_FAILURE,TIMED_OUT,1,1,0,22100.784271,49014.0,0,1
b4b_durable_workflow_at_most_once-after_response_before_resolution-notifications-9e459483-r2,(session-3),B4B_DURABLE_WORKFLOW_AT_MOST_ONCE,after_response_before_resolution,notifications,POSITIVE_ONLY_READBACK,CALLER_REFERENCE,404bf232-4ecf-40a7-b260-73278d97c732,UNVERIFIED_FAILURE,TIMED_OUT,1,1,0,21529.333516,23027.0,0,1
b4b_durable_workflow_at_most_once-after_response_before_resolution-payments-5be43c2e-r0,(session-3),B4B_DURABLE_WORKFLOW_AT_MOST_ONCE,after_response_before_resolution,payments,AUTHORITATIVE_READBACK,CALLER_REFERENCE,fe702382-ba2b-426f-8dcb-47da9877a45b,UNVERIFIED_FAILURE,TIMED_OUT,1,1,0,22369.454762,127067.0,0,1
b4b_durable_workflow_at_most_once-after_response_before_resolution-payments-5be43c2e-r0,(session-3),B4B_DURABLE_WORKFLOW_AT_MOST_ONCE,after_response_before_resolution,payments,AUTHORITATIVE_READBACK,CALLER_REFERENCE,e8aef732-d266-4470-828f-35f20d3237f2,UNVERIFIED_FAILURE,TIMED_OUT,1,1,0,22531.21565,101130.0,0,1
b4b_durable_workflow_at_most_once-after_response_before_resolution-payments-5be43c2e-r0,(session-3),B4B_DURABLE_WORKFLOW_AT_MOST_ONCE,after_response_before_resolution,payments,AUTHORITATIVE_READBACK,CALLER_REFERENCE,a09f809f-2c10-4504-81d6-2be1a4d2483d,UNVERIFIED_FAILURE,TIMED_OUT,1,1,0,22312.951646,74894.0,0,1
b4b_durable_workflow_at_most_once-after_response_before_resolution-payments-5be43c2e-r0,(session-3),B4B_DURABLE_WORKFLOW_AT_MOST_ONCE,after_response_before_resolution,payments,AUTHORITATIVE_READBACK,CALLER_REFERENCE,f9fb0f3a-40d9-4893-aba8-62c4a6fad00a,UNVERIFIED_FAILURE,TIMED_OUT,1,1,0,22361.303866,49129.0,0,1
b4b_durable_workflow_at_most_once-after_response_before_resolution-payments-5be43c2e-r0,(session-3),B4B_DURABLE_WORKFLOW_AT_MOST_ONCE,after_response_before_resolution,payments,AUTHORITATIVE_READBACK,CALLER_REFERENCE,1615caa9-56a0-440d-bd98-5f5bf7cd14ef,UNVERIFIED_FAILURE,TIMED_OUT,1,1,0,22363.354923,23068.0,0,1
b4b_durable_workflow_at_most_once-after_response_before_resolution-payments-5be43c2e-r0,(session-3),B4B_DURABLE_WORKFLOW_AT_MOST_ONCE,after_response_before_resolution,payments,AUTHORITATIVE_READBACK,CALLER_REFERENCE,d3d5aec4-4f5b-4e50-9e1e-6beaa99d946d,UNVERIFIED_FAILURE,TIMED_OUT,1,1,0,22406.370051,127067.0,0,1
b4b_durable_workflow_at_most_once-after_response_before_resolution-payments-5be43c2e-r0,(session-3),B4B_DURABLE_WORKFLOW_AT_MOST_ONCE,after_response_before_resolution,payments,AUTHORITATIVE_READBACK,CALLER_REFERENCE,ebcf1349-05da-4cdb-bdfd-b9969ebb8a4d,UNVERIFIED_FAILURE,TIMED_OUT,1,1,0,22532.510238,101135.0,0,1
b4b_durable_workflow_at_most_once-after_response_before_resolution-payments-5be43c2e-r0,(session-3),B4B_DURABLE_WORKFLOW_AT_MOST_ONCE,after_response_before_resolution,payments,AUTHORITATIVE_READBACK,CALLER_REFERENCE,f9ea301b-51bd-4db3-8838-3be964b96edd,UNVERIFIED_FAILURE,TIMED_OUT,1,1,0,22314.655359,74893.0,0,1
b4b_durable_workflow_at_most_once-after_response_before_resolution-payments-5be43c2e-r0,(session-3),B4B_DURABLE_WORKFLOW_AT_MOST_ONCE,after_response_before_resolution,payments,AUTHORITATIVE_READBACK,CALLER_REFERENCE,50a38d91-a0fd-4f5b-a150-1763b50746d2,UNVERIFIED_FAILURE,TIMED_OUT,0,1,0,22376.287722,49128.0,0,0
b4b_durable_workflow_at_most_once-after_response_before_resolution-payments-5be43c2e-r0,(session-3),B4B_DURABLE_WORKFLOW_AT_MOST_ONCE,after_response_before_resolution,payments,AUTHORITATIVE_READBACK,CALLER_REFERENCE,cfbd26ef-272d-4d81-a0d2-9dfacf8ec400,UNVERIFIED_FAILURE,TIMED_OUT,0,1,0,22365.659476,23070.0,0,0
b4b_durable_workflow_at_most_once-after_response_before_resolution-payments-5be43c2e-r1,(session-3),B4B_DURABLE_WORKFLOW_AT_MOST_ONCE,after_response_before_resolution,payments,AUTHORITATIVE_READBACK,CALLER_REFERENCE,a8e1cba6-ea8d-4710-a113-aa5966286326,UNVERIFIED_FAILURE,TIMED_OUT,1,1,0,22564.452354,127299.0,0,1
b4b_durable_workflow_at_most_once-after_response_before_resolution-payments-5be43c2e-r1,(session-3),B4B_DURABLE_WORKFLOW_AT_MOST_ONCE,after_response_before_resolution,payments,AUTHORITATIVE_READBACK,CALLER_REFERENCE,60f36e82-e997-46ea-9eb5-29bb719ed433,UNVERIFIED_FAILURE,TIMED_OUT,1,1,0,22366.734437,101121.0,0,1
b4b_durable_workflow_at_most_once-after_response_before_resolution-payments-5be43c2e-r1,(session-3),B4B_DURABLE_WORKFLOW_AT_MOST_ONCE,after_response_before_resolution,payments,AUTHORITATIVE_READBACK,CALLER_REFERENCE,0a8c67fd-0c40-4211-9f0f-3e2a8dedede9,UNVERIFIED_FAILURE,TIMED_OUT,1,1,0,19455.62748,72088.0,0,1
b4b_durable_workflow_at_most_once-after_response_before_resolution-payments-5be43c2e-r1,(session-3),B4B_DURABLE_WORKFLOW_AT_MOST_ONCE,after_response_before_resolution,payments,AUTHORITATIVE_READBACK,CALLER_REFERENCE,0cf343e4-516f-4a6c-9a68-0cbbfa59b4f0,UNVERIFIED_FAILURE,TIMED_OUT,1,1,0,22493.505664,49096.0,0,1
b4b_durable_workflow_at_most_once-after_response_before_resolution-payments-5be43c2e-r1,(session-3),B4B_DURABLE_WORKFLOW_AT_MOST_ONCE,after_response_before_resolution,payments,AUTHORITATIVE_READBACK,CALLER_REFERENCE,020e48ac-03a7-4fea-8fe6-600c5f60757a,UNVERIFIED_FAILURE,TIMED_OUT,1,1,0,22677.483822,23205.0,0,1
b4b_durable_workflow_at_most_once-after_response_before_resolution-payments-5be43c2e-r1,(session-3),B4B_DURABLE_WORKFLOW_AT_MOST_ONCE,after_response_before_resolution,payments,AUTHORITATIVE_READBACK,CALLER_REFERENCE,89781d6e-96b3-4ba1-8615-904c737effaf,UNVERIFIED_FAILURE,TIMED_OUT,1,1,0,22572.860035,127299.0,0,1
b4b_durable_workflow_at_most_once-after_response_before_resolution-payments-5be43c2e-r1,(session-3),B4B_DURABLE_WORKFLOW_AT_MOST_ONCE,after_response_before_resolution,payments,AUTHORITATIVE_READBACK,CALLER_REFERENCE,ab854057-ec5c-434d-825a-480bf044c026,UNVERIFIED_FAILURE,TIMED_OUT,1,1,0,22400.776142,101125.0,0,1
b4b_durable_workflow_at_most_once-after_response_before_resolution-payments-5be43c2e-r1,(session-3),B4B_DURABLE_WORKFLOW_AT_MOST_ONCE,after_response_before_resolution,payments,AUTHORITATIVE_READBACK,CALLER_REFERENCE,d3b3a8e5-efe9-4267-8290-cd2a9f3380af,UNVERIFIED_FAILURE,TIMED_OUT,1,1,0,22452.869016,75098.0,0,1
b4b_durable_workflow_at_most_once-after_response_before_resolution-payments-5be43c2e-r1,(session-3),B4B_DURABLE_WORKFLOW_AT_MOST_ONCE,after_response_before_resolution,payments,AUTHORITATIVE_READBACK,CALLER_REFERENCE,9700eddb-026f-4120-ae1a-70a95930f7cf,UNVERIFIED_FAILURE,TIMED_OUT,1,1,0,19516.487837,46098.0,0,1
b4b_durable_workflow_at_most_once-after_response_before_resolution-payments-5be43c2e-r1,(session-3),B4B_DURABLE_WORKFLOW_AT_MOST_ONCE,after_response_before_resolution,payments,AUTHORITATIVE_READBACK,CALLER_REFERENCE,46ad5240-6193-470f-b414-3c6ec9eb1e07,UNVERIFIED_FAILURE,TIMED_OUT,1,1,0,19669.331232,20209.0,0,1
b4b_durable_workflow_at_most_once-after_response_before_resolution-payments-5be43c2e-r2,(session-3),B4B_DURABLE_WORKFLOW_AT_MOST_ONCE,after_response_before_resolution,payments,AUTHORITATIVE_READBACK,CALLER_REFERENCE,41d312a9-2ae6-46f6-94b9-6aed099035bf,UNVERIFIED_FAILURE,TIMED_OUT,1,1,0,22242.020033,127057.0,0,1
b4b_durable_workflow_at_most_once-after_response_before_resolution-payments-5be43c2e-r2,(session-3),B4B_DURABLE_WORKFLOW_AT_MOST_ONCE,after_response_before_resolution,payments,AUTHORITATIVE_READBACK,CALLER_REFERENCE,d25831a2-618f-4e4e-bcd1-2c4fe8ade3d8,UNVERIFIED_FAILURE,TIMED_OUT,1,1,0,22476.656407,101072.0,0,1
b4b_durable_workflow_at_most_once-after_response_before_resolution-payments-5be43c2e-r2,(session-3),B4B_DURABLE_WORKFLOW_AT_MOST_ONCE,after_response_before_resolution,payments,AUTHORITATIVE_READBACK,CALLER_REFERENCE,e8815121-2670-4ee2-aec8-28e85bb4b288,UNVERIFIED_FAILURE,TIMED_OUT,1,1,0,22492.518975,75109.0,0,1
b4b_durable_workflow_at_most_once-after_response_before_resolution-payments-5be43c2e-r2,(session-3),B4B_DURABLE_WORKFLOW_AT_MOST_ONCE,after_response_before_resolution,payments,AUTHORITATIVE_READBACK,CALLER_REFERENCE,006342e8-2da8-443c-b6d7-a3845b00760d,UNVERIFIED_FAILURE,TIMED_OUT,1,1,0,22364.284582,49098.0,0,1
b4b_durable_workflow_at_most_once-after_response_before_resolution-payments-5be43c2e-r2,(session-3),B4B_DURABLE_WORKFLOW_AT_MOST_ONCE,after_response_before_resolution,payments,AUTHORITATIVE_READBACK,CALLER_REFERENCE,bbfa925f-0601-4f3e-a65f-07cc26b8019b,UNVERIFIED_FAILURE,TIMED_OUT,1,1,0,22352.990765,23067.0,0,1
b4b_durable_workflow_at_most_once-after_response_before_resolution-payments-5be43c2e-r2,(session-3),B4B_DURABLE_WORKFLOW_AT_MOST_ONCE,after_response_before_resolution,payments,AUTHORITATIVE_READBACK,CALLER_REFERENCE,4d4b0775-71aa-4431-bb59-30b9cc0fdd19,UNVERIFIED_FAILURE,TIMED_OUT,1,1,0,22232.690593,127060.0,0,1
b4b_durable_workflow_at_most_once-after_response_before_resolution-payments-5be43c2e-r2,(session-3),B4B_DURABLE_WORKFLOW_AT_MOST_ONCE,after_response_before_resolution,payments,AUTHORITATIVE_READBACK,CALLER_REFERENCE,3ab7a47f-bccc-4251-b847-cfc2c5c013d0,UNVERIFIED_FAILURE,TIMED_OUT,1,1,0,22491.368143,101076.0,0,1
b4b_durable_workflow_at_most_once-after_response_before_resolution-payments-5be43c2e-r2,(session-3),B4B_DURABLE_WORKFLOW_AT_MOST_ONCE,after_response_before_resolution,payments,AUTHORITATIVE_READBACK,CALLER_REFERENCE,b9b2a2f8-a335-4141-b844-091423dce8ce,UNVERIFIED_FAILURE,TIMED_OUT,1,1,0,22492.568108,75106.0,0,1
b4b_durable_workflow_at_most_once-after_response_before_resolution-payments-5be43c2e-r2,(session-3),B4B_DURABLE_WORKFLOW_AT_MOST_ONCE,after_response_before_resolution,payments,AUTHORITATIVE_READBACK,CALLER_REFERENCE,0822ca4f-c51f-46c4-8fa4-f61f45812f19,UNVERIFIED_FAILURE,TIMED_OUT,1,1,0,22379.112949,49098.0,0,1
b4b_durable_workflow_at_most_once-after_response_before_resolution-payments-5be43c2e-r2,(session-3),B4B_DURABLE_WORKFLOW_AT_MOST_ONCE,after_response_before_resolution,payments,AUTHORITATIVE_READBACK,CALLER_REFERENCE,b4404119-b135-4c2b-814f-a3a4ded770bf,UNVERIFIED_FAILURE,TIMED_OUT,1,1,0,22341.802238,23071.0,0,1
b4b_durable_workflow_at_most_once-before_intent_write-ledger_postings-2a281638-r0,(session-3),B4B_DURABLE_WORKFLOW_AT_MOST_ONCE,before_intent_write,ledger_postings,NO_READBACK,CALLER_REFERENCE,c134d07c-003b-4cb6-8803-b18c60160e28,UNVERIFIED_FAILURE,FAILED,1,1,1,30887.329325,148039.0,0,1
b4b_durable_workflow_at_most_once-before_intent_write-ledger_postings-2a281638-r0,(session-3),B4B_DURABLE_WORKFLOW_AT_MOST_ONCE,before_intent_write,ledger_postings,NO_READBACK,CALLER_REFERENCE,c4394b33-d5cb-4dfd-a967-da770ddf45c1,CONFIRMED_APPLIED,APPLIED,1,1,1,28418.805516,116223.0,0,0
b4b_durable_workflow_at_most_once-before_intent_write-ledger_postings-2a281638-r0,(session-3),B4B_DURABLE_WORKFLOW_AT_MOST_ONCE,before_intent_write,ledger_postings,NO_READBACK,CALLER_REFERENCE,5ca911a7-50ae-43c9-a152-fcdc20c3be8a,CONFIRMED_APPLIED,APPLIED,1,1,1,28573.690617,87316.0,0,0
b4b_durable_workflow_at_most_once-before_intent_write-ledger_postings-2a281638-r0,(session-3),B4B_DURABLE_WORKFLOW_AT_MOST_ONCE,before_intent_write,ledger_postings,NO_READBACK,CALLER_REFERENCE,74a11ba4-cd92-4b4c-9dde-853c5d1dcb66,CONFIRMED_APPLIED,APPLIED,1,1,1,28579.676576,58235.0,0,0
b4b_durable_workflow_at_most_once-before_intent_write-ledger_postings-2a281638-r0,(session-3),B4B_DURABLE_WORKFLOW_AT_MOST_ONCE,before_intent_write,ledger_postings,NO_READBACK,CALLER_REFERENCE,981445ea-2ddc-4410-85ff-9f9ec51e189f,CONFIRMED_APPLIED,APPLIED,1,1,1,28333.482651,29113.0,0,0
b4b_durable_workflow_at_most_once-before_intent_write-ledger_postings-2a281638-r0,(session-3),B4B_DURABLE_WORKFLOW_AT_MOST_ONCE,before_intent_write,ledger_postings,NO_READBACK,CALLER_REFERENCE,cc1c5a37-0ce8-4533-8c4f-a27fc61b5e1e,UNVERIFIED_FAILURE,FAILED,0,1,1,27965.04388,148094.0,0,0
b4b_durable_workflow_at_most_once-before_intent_write-ledger_postings-2a281638-r0,(session-3),B4B_DURABLE_WORKFLOW_AT_MOST_ONCE,before_intent_write,ledger_postings,NO_READBACK,CALLER_REFERENCE,8d329a36-0858-4dce-9600-89e45b0eb83e,CONFIRMED_APPLIED,APPLIED,1,1,1,28161.420018,119143.0,0,0
b4b_durable_workflow_at_most_once-before_intent_write-ledger_postings-2a281638-r0,(session-3),B4B_DURABLE_WORKFLOW_AT_MOST_ONCE,before_intent_write,ledger_postings,NO_READBACK,CALLER_REFERENCE,5e9a2356-d0a0-4cbb-8160-0f66208ce0b5,UNVERIFIED_FAILURE,FAILED,0,1,1,28457.09133,90175.0,0,0
b4b_durable_workflow_at_most_once-before_intent_write-ledger_postings-2a281638-r0,(session-3),B4B_DURABLE_WORKFLOW_AT_MOST_ONCE,before_intent_write,ledger_postings,NO_READBACK,CALLER_REFERENCE,fd2a8d45-1b6c-4265-97f9-39abd539003f,UNVERIFIED_FAILURE,FAILED,1,1,1,31544.450853,61210.0,0,1
b4b_durable_workflow_at_most_once-before_intent_write-ledger_postings-2a281638-r0,(session-3),B4B_DURABLE_WORKFLOW_AT_MOST_ONCE,before_intent_write,ledger_postings,NO_READBACK,CALLER_REFERENCE,d2e8d686-f754-4a91-b91d-2017cedb333a,CONFIRMED_APPLIED,APPLIED,1,1,1,28308.33175,29116.0,0,0
b4b_durable_workflow_at_most_once-before_intent_write-ledger_postings-2a281638-r1,(session-3),B4B_DURABLE_WORKFLOW_AT_MOST_ONCE,before_intent_write,ledger_postings,NO_READBACK,CALLER_REFERENCE,18293273-c638-426a-8b29-1bd778a32921,CONFIRMED_APPLIED,APPLIED,1,1,1,28138.525014,148148.0,0,0
b4b_durable_workflow_at_most_once-before_intent_write-ledger_postings-2a281638-r1,(session-3),B4B_DURABLE_WORKFLOW_AT_MOST_ONCE,before_intent_write,ledger_postings,NO_READBACK,CALLER_REFERENCE,8ae3cf1b-54f7-42b8-849f-99d1796ca2eb,UNVERIFIED_FAILURE,FAILED,1,1,1,31229.793032,119067.0,0,1
b4b_durable_workflow_at_most_once-before_intent_write-ledger_postings-2a281638-r1,(session-3),B4B_DURABLE_WORKFLOW_AT_MOST_ONCE,before_intent_write,ledger_postings,NO_READBACK,CALLER_REFERENCE,952b0a82-7d7a-4e22-a960-d7a1539efdd5,CONFIRMED_APPLIED,APPLIED,1,1,1,28515.753404,87176.0,0,0
b4b_durable_workflow_at_most_once-before_intent_write-ledger_postings-2a281638-r1,(session-3),B4B_DURABLE_WORKFLOW_AT_MOST_ONCE,before_intent_write,ledger_postings,NO_READBACK,CALLER_REFERENCE,4cc30682-c7f4-42a2-8ce5-45661324b68b,CONFIRMED_APPLIED,APPLIED,1,1,1,28492.901999,58100.0,0,0
b4b_durable_workflow_at_most_once-before_intent_write-ledger_postings-2a281638-r1,(session-3),B4B_DURABLE_WORKFLOW_AT_MOST_ONCE,before_intent_write,ledger_postings,NO_READBACK,CALLER_REFERENCE,fd31e376-4812-45ce-86e2-c5f4d90100c0,CONFIRMED_APPLIED,APPLIED,1,1,1,28244.00791,29072.0,0,0
b4b_durable_workflow_at_most_once-before_intent_write-ledger_postings-2a281638-r1,(session-3),B4B_DURABLE_WORKFLOW_AT_MOST_ONCE,before_intent_write,ledger_postings,NO_READBACK,CALLER_REFERENCE,93a9e3f1-c1e1-4809-898c-5f5d6d6d2762,CONFIRMED_APPLIED,APPLIED,1,1,1,28198.291797,148192.0,0,0
b4b_durable_workflow_at_most_once-before_intent_write-ledger_postings-2a281638-r1,(session-3),B4B_DURABLE_WORKFLOW_AT_MOST_ONCE,before_intent_write,ledger_postings,NO_READBACK,CALLER_REFERENCE,19b0e140-c960-4761-8ed0-f32fd4cbb1cf,CONFIRMED_APPLIED,APPLIED,1,1,1,28192.143,119069.0,0,0
b4b_durable_workflow_at_most_once-before_intent_write-ledger_postings-2a281638-r1,(session-3),B4B_DURABLE_WORKFLOW_AT_MOST_ONCE,before_intent_write,ledger_postings,NO_READBACK,CALLER_REFERENCE,7edb6b5e-c61b-498d-b7e3-46b4ca486b3b,CONFIRMED_APPLIED,APPLIED,1,1,1,28536.321372,90224.0,0,0
b4b_durable_workflow_at_most_once-before_intent_write-ledger_postings-2a281638-r1,(session-3),B4B_DURABLE_WORKFLOW_AT_MOST_ONCE,before_intent_write,ledger_postings,NO_READBACK,CALLER_REFERENCE,2a517280-7fe2-4746-bbc6-3683f4ee076a,UNVERIFIED_FAILURE,FAILED,1,1,1,31508.680112,61111.0,0,1
b4b_durable_workflow_at_most_once-before_intent_write-ledger_postings-2a281638-r1,(session-3),B4B_DURABLE_WORKFLOW_AT_MOST_ONCE,before_intent_write,ledger_postings,NO_READBACK,CALLER_REFERENCE,3df825d9-79d4-4a01-90ca-85e6ef15afde,CONFIRMED_APPLIED,APPLIED,1,1,1,28231.043411,29074.0,0,0
b4b_durable_workflow_at_most_once-before_intent_write-ledger_postings-2a281638-r2,(session-3),B4B_DURABLE_WORKFLOW_AT_MOST_ONCE,before_intent_write,ledger_postings,NO_READBACK,CALLER_REFERENCE,288da2b9-5ced-4f7a-b156-280d3e7bc3cc,UNVERIFIED_FAILURE,FAILED,1,1,1,30989.23374,159893.0,0,1
b4b_durable_workflow_at_most_once-before_intent_write-ledger_postings-2a281638-r2,(session-3),B4B_DURABLE_WORKFLOW_AT_MOST_ONCE,before_intent_write,ledger_postings,NO_READBACK,CALLER_REFERENCE,b29a6fdf-8546-41c3-9a24-22a63c26afd1,UNVERIFIED_FAILURE,FAILED,1,1,1,31396.417423,128210.0,0,1
b4b_durable_workflow_at_most_once-before_intent_write-ledger_postings-2a281638-r2,(session-3),B4B_DURABLE_WORKFLOW_AT_MOST_ONCE,before_intent_write,ledger_postings,NO_READBACK,CALLER_REFERENCE,41f08eab-bf8c-4565-b7d5-d38deb490a1d,UNVERIFIED_FAILURE,FAILED,1,1,1,31511.936066,96280.0,0,1
b4b_durable_workflow_at_most_once-before_intent_write-ledger_postings-2a281638-r2,(session-3),B4B_DURABLE_WORKFLOW_AT_MOST_ONCE,before_intent_write,ledger_postings,NO_READBACK,CALLER_REFERENCE,f4c78693-e63c-4f7c-b649-66340be263b2,UNVERIFIED_FAILURE,FAILED,1,1,1,31489.394183,64306.0,0,1
b4b_durable_workflow_at_most_once-before_intent_write-ledger_postings-2a281638-r2,(session-3),B4B_DURABLE_WORKFLOW_AT_MOST_ONCE,before_intent_write,ledger_postings,NO_READBACK,CALLER_REFERENCE,51f48f1e-d8e2-4fdb-b748-be0cdfe85cf1,UNVERIFIED_FAILURE,FAILED,1,1,1,31537.809055,32219.0,0,1
b4b_durable_workflow_at_most_once-before_intent_write-ledger_postings-2a281638-r2,(session-3),B4B_DURABLE_WORKFLOW_AT_MOST_ONCE,before_intent_write,ledger_postings,NO_READBACK,CALLER_REFERENCE,d53499ab-0bb5-4b72-8555-9d0091104367,CONFIRMED_APPLIED,APPLIED,1,1,1,28008.427676,159901.0,0,0
b4b_durable_workflow_at_most_once-before_intent_write-ledger_postings-2a281638-r2,(session-3),B4B_DURABLE_WORKFLOW_AT_MOST_ONCE,before_intent_write,ledger_postings,NO_READBACK,CALLER_REFERENCE,6c7cc6c5-00d6-4423-8a1d-8a41f98dc30d,CONFIRMED_APPLIED,APPLIED,1,1,1,28544.331958,131172.0,0,0
b4b_durable_workflow_at_most_once-before_intent_write-ledger_postings-2a281638-r2,(session-3),B4B_DURABLE_WORKFLOW_AT_MOST_ONCE,before_intent_write,ledger_postings,NO_READBACK,CALLER_REFERENCE,a1e1571c-6114-4068-92d9-1246ae89543f,CONFIRMED_APPLIED,APPLIED,1,1,1,28409.742225,102122.0,0,0
b4b_durable_workflow_at_most_once-before_intent_write-ledger_postings-2a281638-r2,(session-3),B4B_DURABLE_WORKFLOW_AT_MOST_ONCE,before_intent_write,ledger_postings,NO_READBACK,CALLER_REFERENCE,0db77b3b-350a-46ed-9a21-10f06ef7e29e,UNVERIFIED_FAILURE,FAILED,1,1,1,31379.143769,73179.0,0,1
b4b_durable_workflow_at_most_once-before_intent_write-ledger_postings-2a281638-r2,(session-3),B4B_DURABLE_WORKFLOW_AT_MOST_ONCE,before_intent_write,ledger_postings,NO_READBACK,CALLER_REFERENCE,3edd618b-f125-4d25-8a7d-4fdb7d36ec2a,CONFIRMED_APPLIED,APPLIED,1,1,1,28473.949783,41274.0,0,0
b4b_durable_workflow_at_most_once-before_intent_write-notifications-6451e4c7-r0,(session-3),B4B_DURABLE_WORKFLOW_AT_MOST_ONCE,before_intent_write,notifications,POSITIVE_ONLY_READBACK,CALLER_REFERENCE,7ae42dc7-6b15-44fe-9df0-19f276f3926d,CONFIRMED_APPLIED,APPLIED,1,1,1,28360.39926,148033.0,0,0
b4b_durable_workflow_at_most_once-before_intent_write-notifications-6451e4c7-r0,(session-3),B4B_DURABLE_WORKFLOW_AT_MOST_ONCE,before_intent_write,notifications,POSITIVE_ONLY_READBACK,CALLER_REFERENCE,da57fa0e-e9cc-4fb5-874b-758e8241a054,CONFIRMED_APPLIED,APPLIED,1,1,1,28356.037217,119167.0,0,0
b4b_durable_workflow_at_most_once-before_intent_write-notifications-6451e4c7-r0,(session-3),B4B_DURABLE_WORKFLOW_AT_MOST_ONCE,before_intent_write,notifications,POSITIVE_ONLY_READBACK,CALLER_REFERENCE,841609c1-e54a-498c-9127-f4cd187290f0,CONFIRMED_APPLIED,APPLIED,1,1,1,28424.746626,90194.0,0,0
b4b_durable_workflow_at_most_once-before_intent_write-notifications-6451e4c7-r0,(session-3),B4B_DURABLE_WORKFLOW_AT_MOST_ONCE,before_intent_write,notifications,POSITIVE_ONLY_READBACK,CALLER_REFERENCE,2f7bc171-f648-40cd-ac13-b45419c05ba8,CONFIRMED_APPLIED,APPLIED,1,1,1,28477.671557,61127.0,0,0
b4b_durable_workflow_at_most_once-before_intent_write-notifications-6451e4c7-r0,(session-3),B4B_DURABLE_WORKFLOW_AT_MOST_ONCE,before_intent_write,notifications,POSITIVE_ONLY_READBACK,CALLER_REFERENCE,f42795ea-8f29-42be-910c-2fba30fd9982,CONFIRMED_APPLIED,APPLIED,1,1,1,28434.591603,32159.0,0,0
b4b_durable_workflow_at_most_once-before_intent_write-notifications-6451e4c7-r0,(session-3),B4B_DURABLE_WORKFLOW_AT_MOST_ONCE,before_intent_write,notifications,POSITIVE_ONLY_READBACK,CALLER_REFERENCE,7e9955b8-3257-412f-a233-f78bae835ddf,CONFIRMED_APPLIED,APPLIED,1,1,1,28291.267507,148020.0,0,0
b4b_durable_workflow_at_most_once-before_intent_write-notifications-6451e4c7-r0,(session-3),B4B_DURABLE_WORKFLOW_AT_MOST_ONCE,before_intent_write,notifications,POSITIVE_ONLY_READBACK,CALLER_REFERENCE,07f2c14c-351b-48ab-959e-47dedac2c068,CONFIRMED_APPLIED,APPLIED,1,1,1,28355.735365,119171.0,0,0
b4b_durable_workflow_at_most_once-before_intent_write-notifications-6451e4c7-r0,(session-3),B4B_DURABLE_WORKFLOW_AT_MOST_ONCE,before_intent_write,notifications,POSITIVE_ONLY_READBACK,CALLER_REFERENCE,92102190-5fd5-4cc2-89aa-cc79c1a1d921,CONFIRMED_APPLIED,APPLIED,1,1,1,28442.394291,90197.0,0,0
b4b_durable_workflow_at_most_once-before_intent_write-notifications-6451e4c7-r0,(session-3),B4B_DURABLE_WORKFLOW_AT_MOST_ONCE,before_intent_write,notifications,POSITIVE_ONLY_READBACK,CALLER_REFERENCE,9bfca8cf-155d-4a2e-96de-59d9ff4e23ed,CONFIRMED_APPLIED,APPLIED,1,1,1,28444.555844,61130.0,0,0
b4b_durable_workflow_at_most_once-before_intent_write-notifications-6451e4c7-r0,(session-3),B4B_DURABLE_WORKFLOW_AT_MOST_ONCE,before_intent_write,notifications,POSITIVE_ONLY_READBACK,CALLER_REFERENCE,c0b32c7f-d016-4b21-bcac-af44a7447af7,UNVERIFIED_FAILURE,FAILED,1,1,1,31349.243107,32162.0,0,1
b4b_durable_workflow_at_most_once-before_intent_write-notifications-6451e4c7-r1,(session-3),B4B_DURABLE_WORKFLOW_AT_MOST_ONCE,before_intent_write,notifications,POSITIVE_ONLY_READBACK,CALLER_REFERENCE,95546d1f-77ad-465b-8d0e-67f94851bfcf,CONFIRMED_APPLIED,APPLIED,1,1,1,28870.322599,145520.0,0,0
b4b_durable_workflow_at_most_once-before_intent_write-notifications-6451e4c7-r1,(session-3),B4B_DURABLE_WORKFLOW_AT_MOST_ONCE,before_intent_write,notifications,POSITIVE_ONLY_READBACK,CALLER_REFERENCE,304abbe3-5832-46ee-851a-9b9c6d0fe5e5,CONFIRMED_APPLIED,APPLIED,1,1,1,28423.860983,116107.0,0,0
b4b_durable_workflow_at_most_once-before_intent_write-notifications-6451e4c7-r1,(session-3),B4B_DURABLE_WORKFLOW_AT_MOST_ONCE,before_intent_write,notifications,POSITIVE_ONLY_READBACK,CALLER_REFERENCE,5f104735-68d1-41f3-b38c-d330b9368f56,CONFIRMED_APPLIED,APPLIED,1,1,1,28520.118472,87183.0,0,0
b4b_durable_workflow_at_most_once-before_intent_write-notifications-6451e4c7-r1,(session-3),B4B_DURABLE_WORKFLOW_AT_MOST_ONCE,before_intent_write,notifications,POSITIVE_ONLY_READBACK,CALLER_REFERENCE,392a0c6a-91fe-4ce6-a268-fd4e9f2d0af0,CONFIRMED_APPLIED,APPLIED,1,1,1,28525.496797,58173.0,0,0
b4b_durable_workflow_at_most_once-before_intent_write-notifications-6451e4c7-r1,(session-3),B4B_DURABLE_WORKFLOW_AT_MOST_ONCE,before_intent_write,notifications,POSITIVE_ONLY_READBACK,CALLER_REFERENCE,214992c3-8bf4-4f6d-9783-e7a614b8079f,CONFIRMED_APPLIED,APPLIED,1,1,1,28541.177044,29156.0,0,0
b4b_durable_workflow_at_most_once-before_intent_write-notifications-6451e4c7-r1,(session-3),B4B_DURABLE_WORKFLOW_AT_MOST_ONCE,before_intent_write,notifications,POSITIVE_ONLY_READBACK,CALLER_REFERENCE,57eb2a0e-5b91-43a7-b02d-bffaca7e9714,CONFIRMED_APPLIED,APPLIED,1,1,1,28852.481626,145452.0,0,0
b4b_durable_workflow_at_most_once-before_intent_write-notifications-6451e4c7-r1,(session-3),B4B_DURABLE_WORKFLOW_AT_MOST_ONCE,before_intent_write,notifications,POSITIVE_ONLY_READBACK,CALLER_REFERENCE,2b01dc75-4238-481c-8d34-dc2a29b00bb2,CONFIRMED_APPLIED,APPLIED,1,1,1,28454.826584,116109.0,0,0
b4b_durable_workflow_at_most_once-before_intent_write-notifications-6451e4c7-r1,(session-3),B4B_DURABLE_WORKFLOW_AT_MOST_ONCE,before_intent_write,notifications,POSITIVE_ONLY_READBACK,CALLER_REFERENCE,e7a3285d-44a8-427f-95e5-4b98ab9f82df,CONFIRMED_APPLIED,APPLIED,1,1,1,28510.006974,87185.0,0,0
b4b_durable_workflow_at_most_once-before_intent_write-notifications-6451e4c7-r1,(session-3),B4B_DURABLE_WORKFLOW_AT_MOST_ONCE,before_intent_write,notifications,POSITIVE_ONLY_READBACK,CALLER_REFERENCE,14db19eb-5990-4246-baff-afcb1fceaffc,CONFIRMED_APPLIED,APPLIED,1,1,1,28515.543063,58175.0,0,0
b4b_durable_workflow_at_most_once-before_intent_write-notifications-6451e4c7-r1,(session-3),B4B_DURABLE_WORKFLOW_AT_MOST_ONCE,before_intent_write,notifications,POSITIVE_ONLY_READBACK,CALLER_REFERENCE,b8c20f7d-c7f6-40c1-a145-5a0125ac933c,CONFIRMED_APPLIED,APPLIED,1,1,1,28505.765975,29157.0,0,0
b4b_durable_workflow_at_most_once-before_intent_write-notifications-6451e4c7-r2,(session-3),B4B_DURABLE_WORKFLOW_AT_MOST_ONCE,before_intent_write,notifications,POSITIVE_ONLY_READBACK,CALLER_REFERENCE,04d0383a-3cee-433a-afff-14f75d254a97,CONFIRMED_APPLIED,APPLIED,1,1,1,28110.306748,150860.0,0,0
b4b_durable_workflow_at_most_once-before_intent_write-notifications-6451e4c7-r2,(session-3),B4B_DURABLE_WORKFLOW_AT_MOST_ONCE,before_intent_write,notifications,POSITIVE_ONLY_READBACK,CALLER_REFERENCE,cafe19c9-613e-44ae-be50-d6c6fe9e9fcd,UNVERIFIED_FAILURE,FAILED,1,1,1,31554.787541,122176.0,0,1
b4b_durable_workflow_at_most_once-before_intent_write-notifications-6451e4c7-r2,(session-3),B4B_DURABLE_WORKFLOW_AT_MOST_ONCE,before_intent_write,notifications,POSITIVE_ONLY_READBACK,CALLER_REFERENCE,36688d54-dff8-478b-b49e-03c170ae6b23,CONFIRMED_APPLIED,APPLIED,1,1,1,28437.938173,90090.0,0,0
b4b_durable_workflow_at_most_once-before_intent_write-notifications-6451e4c7-r2,(session-3),B4B_DURABLE_WORKFLOW_AT_MOST_ONCE,before_intent_write,notifications,POSITIVE_ONLY_READBACK,CALLER_REFERENCE,f3b4a16b-a4fb-4c81-ad0a-e8ca850a0b9f,CONFIRMED_APPLIED,APPLIED,1,1,1,28491.586886,61145.0,0,0
b4b_durable_workflow_at_most_once-before_intent_write-notifications-6451e4c7-r2,(session-3),B4B_DURABLE_WORKFLOW_AT_MOST_ONCE,before_intent_write,notifications,POSITIVE_ONLY_READBACK,CALLER_REFERENCE,5fdcedbc-7c4c-4667-a282-06f565bdd7ac,CONFIRMED_APPLIED,APPLIED,1,1,1,28376.526424,32110.0,0,0
b4b_durable_workflow_at_most_once-before_intent_write-notifications-6451e4c7-r2,(session-3),B4B_DURABLE_WORKFLOW_AT_MOST_ONCE,before_intent_write,notifications,POSITIVE_ONLY_READBACK,CALLER_REFERENCE,a09c3620-ff03-431e-9873-e40028bedb92,CONFIRMED_APPLIED,APPLIED,1,1,1,28148.170715,150859.0,0,0
b4b_durable_workflow_at_most_once-before_intent_write-notifications-6451e4c7-r2,(session-3),B4B_DURABLE_WORKFLOW_AT_MOST_ONCE,before_intent_write,notifications,POSITIVE_ONLY_READBACK,CALLER_REFERENCE,e951f961-2915-48ec-be41-3c09f4887ecf,UNVERIFIED_FAILURE,FAILED,1,1,1,31571.841677,122176.0,0,1
b4b_durable_workflow_at_most_once-before_intent_write-notifications-6451e4c7-r2,(session-3),B4B_DURABLE_WORKFLOW_AT_MOST_ONCE,before_intent_write,notifications,POSITIVE_ONLY_READBACK,CALLER_REFERENCE,0ec56d02-442a-40b9-aaed-b5457096a211,CONFIRMED_APPLIED,APPLIED,1,1,1,28416.560318,90090.0,0,0
b4b_durable_workflow_at_most_once-before_intent_write-notifications-6451e4c7-r2,(session-3),B4B_DURABLE_WORKFLOW_AT_MOST_ONCE,before_intent_write,notifications,POSITIVE_ONLY_READBACK,CALLER_REFERENCE,1ebad2e0-65d0-432e-b5a8-635291c0e21c,UNVERIFIED_FAILURE,FAILED,1,1,1,31381.30186,61146.0,0,1
b4b_durable_workflow_at_most_once-before_intent_write-notifications-6451e4c7-r2,(session-3),B4B_DURABLE_WORKFLOW_AT_MOST_ONCE,before_intent_write,notifications,POSITIVE_ONLY_READBACK,CALLER_REFERENCE,3cfaf227-5867-4470-b9f2-c496d9d53083,CONFIRMED_APPLIED,APPLIED,1,1,1,28617.093836,29194.0,0,0
b4b_durable_workflow_at_most_once-before_intent_write-payments-0585f6e9-r0,(session-3),B4B_DURABLE_WORKFLOW_AT_MOST_ONCE,before_intent_write,payments,AUTHORITATIVE_READBACK,CALLER_REFERENCE,f97e0fde-3483-4a30-a7a6-6b013180f874,UNVERIFIED_FAILURE,FAILED,1,1,1,31154.626621,150938.0,0,1
b4b_durable_workflow_at_most_once-before_intent_write-payments-0585f6e9-r0,(session-3),B4B_DURABLE_WORKFLOW_AT_MOST_ONCE,before_intent_write,payments,AUTHORITATIVE_READBACK,CALLER_REFERENCE,02c7d446-89ec-4ced-ba07-72e7eeaca7d0,CONFIRMED_APPLIED,APPLIED,1,1,1,28378.732671,119228.0,0,0
b4b_durable_workflow_at_most_once-before_intent_write-payments-0585f6e9-r0,(session-3),B4B_DURABLE_WORKFLOW_AT_MOST_ONCE,before_intent_write,payments,AUTHORITATIVE_READBACK,CALLER_REFERENCE,55b1917e-2571-4f5a-86ae-ea4b22b86b41,CONFIRMED_APPLIED,APPLIED,1,1,1,28452.993952,90250.0,0,0
b4b_durable_workflow_at_most_once-before_intent_write-payments-0585f6e9-r0,(session-3),B4B_DURABLE_WORKFLOW_AT_MOST_ONCE,before_intent_write,payments,AUTHORITATIVE_READBACK,CALLER_REFERENCE,3626e067-afaa-4a2e-b339-00fd93e806aa,CONFIRMED_APPLIED,APPLIED,1,1,1,28184.014065,61213.0,0,0
b4b_durable_workflow_at_most_once-before_intent_write-payments-0585f6e9-r0,(session-3),B4B_DURABLE_WORKFLOW_AT_MOST_ONCE,before_intent_write,payments,AUTHORITATIVE_READBACK,CALLER_REFERENCE,b789355b-c27a-4d88-8dc1-177cb639075b,CONFIRMED_APPLIED,APPLIED,1,1,1,28480.913179,32128.0,0,0
b4b_durable_workflow_at_most_once-before_intent_write-payments-0585f6e9-r0,(session-3),B4B_DURABLE_WORKFLOW_AT_MOST_ONCE,before_intent_write,payments,AUTHORITATIVE_READBACK,CALLER_REFERENCE,1466b5a2-ae02-4bcf-97ce-d9f1677ab47f,CONFIRMED_APPLIED,APPLIED,1,1,1,28206.672652,150925.0,0,0
b4b_durable_workflow_at_most_once-before_intent_write-payments-0585f6e9-r0,(session-3),B4B_DURABLE_WORKFLOW_AT_MOST_ONCE,before_intent_write,payments,AUTHORITATIVE_READBACK,CALLER_REFERENCE,72b83836-ff89-4d49-ac04-5b467384d4e4,CONFIRMED_APPLIED,APPLIED,1,1,1,28410.969412,122149.0,0,0
b4b_durable_workflow_at_most_once-before_intent_write-payments-0585f6e9-r0,(session-3),B4B_DURABLE_WORKFLOW_AT_MOST_ONCE,before_intent_write,payments,AUTHORITATIVE_READBACK,CALLER_REFERENCE,70fc9ad4-7af1-463d-8ca2-2bb1b842f464,CONFIRMED_APPLIED,APPLIED,1,1,1,28468.886186,93173.0,0,0
b4b_durable_workflow_at_most_once-before_intent_write-payments-0585f6e9-r0,(session-3),B4B_DURABLE_WORKFLOW_AT_MOST_ONCE,before_intent_write,payments,AUTHORITATIVE_READBACK,CALLER_REFERENCE,2266aeea-8e12-4e62-9975-d22d4f4be566,UNVERIFIED_FAILURE,FAILED,1,1,1,31116.15303,64133.0,0,1
b4b_durable_workflow_at_most_once-before_intent_write-payments-0585f6e9-r0,(session-3),B4B_DURABLE_WORKFLOW_AT_MOST_ONCE,before_intent_write,payments,AUTHORITATIVE_READBACK,CALLER_REFERENCE,fe21ba00-7582-40e3-9b43-3d6c6a1970f9,UNVERIFIED_FAILURE,FAILED,1,1,1,31485.65895,32130.0,0,1
b4b_durable_workflow_at_most_once-before_intent_write-payments-0585f6e9-r1,(session-3),B4B_DURABLE_WORKFLOW_AT_MOST_ONCE,before_intent_write,payments,AUTHORITATIVE_READBACK,CALLER_REFERENCE,b76fd05c-ab41-47ba-ab31-4ee718bccec3,CONFIRMED_APPLIED,APPLIED,1,1,1,28349.843157,151229.0,0,0
b4b_durable_workflow_at_most_once-before_intent_write-payments-0585f6e9-r1,(session-3),B4B_DURABLE_WORKFLOW_AT_MOST_ONCE,before_intent_write,payments,AUTHORITATIVE_READBACK,CALLER_REFERENCE,7c770160-d205-41d6-ac0e-641b8a860b52,UNVERIFIED_FAILURE,FAILED,1,1,1,31302.19437,122310.0,0,1
b4b_durable_workflow_at_most_once-before_intent_write-payments-0585f6e9-r1,(session-3),B4B_DURABLE_WORKFLOW_AT_MOST_ONCE,before_intent_write,payments,AUTHORITATIVE_READBACK,CALLER_REFERENCE,e7501d16-89cb-4954-965d-f683ee80e17e,CONFIRMED_APPLIED,APPLIED,1,1,1,28433.186566,90333.0,0,0
b4b_durable_workflow_at_most_once-before_intent_write-payments-0585f6e9-r1,(session-3),B4B_DURABLE_WORKFLOW_AT_MOST_ONCE,before_intent_write,payments,AUTHORITATIVE_READBACK,CALLER_REFERENCE,27687ced-f8a7-4822-ad30-7ea6eac9874c,UNVERIFIED_FAILURE,FAILED,1,1,1,31210.392947,61445.0,0,1
b4b_durable_workflow_at_most_once-before_intent_write-payments-0585f6e9-r1,(session-3),B4B_DURABLE_WORKFLOW_AT_MOST_ONCE,before_intent_write,payments,AUTHORITATIVE_READBACK,CALLER_REFERENCE,9e5eb299-6527-4aa9-8a28-dfa3fd18e29e,CONFIRMED_APPLIED,APPLIED,1,1,1,28602.500076,29398.0,0,0
b4b_durable_workflow_at_most_once-before_intent_write-payments-0585f6e9-r1,(session-3),B4B_DURABLE_WORKFLOW_AT_MOST_ONCE,before_intent_write,payments,AUTHORITATIVE_READBACK,CALLER_REFERENCE,9a635695-8ea2-48e2-9e0a-c1c0f89aac78,UNVERIFIED_FAILURE,FAILED,1,1,1,31146.637381,151223.0,0,1
b4b_durable_workflow_at_most_once-before_intent_write-payments-0585f6e9-r1,(session-3),B4B_DURABLE_WORKFLOW_AT_MOST_ONCE,before_intent_write,payments,AUTHORITATIVE_READBACK,CALLER_REFERENCE,c372366f-a1fb-4403-8004-bfdca0d56f23,CONFIRMED_APPLIED,APPLIED,1,1,1,28453.964146,119356.0,0,0
b4b_durable_workflow_at_most_once-before_intent_write-payments-0585f6e9-r1,(session-3),B4B_DURABLE_WORKFLOW_AT_MOST_ONCE,before_intent_write,payments,AUTHORITATIVE_READBACK,CALLER_REFERENCE,2a89e7f7-17b6-4d3f-a664-0cec9130743a,CONFIRMED_APPLIED,APPLIED,1,1,1,28424.716223,90336.0,0,0
b4b_durable_workflow_at_most_once-before_intent_write-payments-0585f6e9-r1,(session-3),B4B_DURABLE_WORKFLOW_AT_MOST_ONCE,before_intent_write,payments,AUTHORITATIVE_READBACK,CALLER_REFERENCE,a293a06e-229b-479f-bf4e-627e680ecb3a,CONFIRMED_APPLIED,APPLIED,1,1,1,28325.461376,61448.0,0,0
b4b_durable_workflow_at_most_once-before_intent_write-payments-0585f6e9-r1,(session-3),B4B_DURABLE_WORKFLOW_AT_MOST_ONCE,before_intent_write,payments,AUTHORITATIVE_READBACK,CALLER_REFERENCE,6222415e-f31d-41d6-9b51-b6f7705867cc,CONFIRMED_APPLIED,APPLIED,1,1,1,28430.306525,32478.0,0,0
b4b_durable_workflow_at_most_once-before_intent_write-payments-0585f6e9-r2,(session-3),B4B_DURABLE_WORKFLOW_AT_MOST_ONCE,before_intent_write,payments,AUTHORITATIVE_READBACK,CALLER_REFERENCE,6229c62e-5399-4d83-9f16-234a7fe3fc20,UNVERIFIED_FAILURE,FAILED,1,1,1,30786.571151,147700.0,0,1
b4b_durable_workflow_at_most_once-before_intent_write-payments-0585f6e9-r2,(session-3),B4B_DURABLE_WORKFLOW_AT_MOST_ONCE,before_intent_write,payments,AUTHORITATIVE_READBACK,CALLER_REFERENCE,4fb5b6d6-4f18-4409-bdd7-31266dccc611,CONFIRMED_APPLIED,APPLIED,1,1,1,28381.87565,116194.0,0,0
b4b_durable_workflow_at_most_once-before_intent_write-payments-0585f6e9-r2,(session-3),B4B_DURABLE_WORKFLOW_AT_MOST_ONCE,before_intent_write,payments,AUTHORITATIVE_READBACK,CALLER_REFERENCE,6400164c-8615-44b2-a9b3-a0088141fc33,CONFIRMED_APPLIED,APPLIED,1,1,1,28420.830388,87155.0,0,0
b4b_durable_workflow_at_most_once-before_intent_write-payments-0585f6e9-r2,(session-3),B4B_DURABLE_WORKFLOW_AT_MOST_ONCE,before_intent_write,payments,AUTHORITATIVE_READBACK,CALLER_REFERENCE,748b38b8-31c4-4c92-b4c8-4513f5126a15,CONFIRMED_APPLIED,APPLIED,1,1,1,28582.112179,58146.0,0,0
b4b_durable_workflow_at_most_once-before_intent_write-payments-0585f6e9-r2,(session-3),B4B_DURABLE_WORKFLOW_AT_MOST_ONCE,before_intent_write,payments,AUTHORITATIVE_READBACK,CALLER_REFERENCE,1399fa5c-0fda-4ed2-9054-cef24dd28528,CONFIRMED_APPLIED,APPLIED,1,1,1,28452.841178,29146.0,0,0
b4b_durable_workflow_at_most_once-before_intent_write-payments-0585f6e9-r2,(session-3),B4B_DURABLE_WORKFLOW_AT_MOST_ONCE,before_intent_write,payments,AUTHORITATIVE_READBACK,CALLER_REFERENCE,f515cf76-ed17-4fd2-9188-694f447aaa8a,UNVERIFIED_FAILURE,FAILED,1,1,1,30832.933436,147743.0,0,1
b4b_durable_workflow_at_most_once-before_intent_write-payments-0585f6e9-r2,(session-3),B4B_DURABLE_WORKFLOW_AT_MOST_ONCE,before_intent_write,payments,AUTHORITATIVE_READBACK,CALLER_REFERENCE,622f69bc-056f-4b34-b04c-fe897e155f4f,CONFIRMED_APPLIED,APPLIED,1,1,1,28395.471662,116196.0,0,0
b4b_durable_workflow_at_most_once-before_intent_write-payments-0585f6e9-r2,(session-3),B4B_DURABLE_WORKFLOW_AT_MOST_ONCE,before_intent_write,payments,AUTHORITATIVE_READBACK,CALLER_REFERENCE,f121ba28-e6a7-4d92-bcc9-3607f51297aa,CONFIRMED_APPLIED,APPLIED,1,1,1,28407.140086,87157.0,0,0
b4b_durable_workflow_at_most_once-before_intent_write-payments-0585f6e9-r2,(session-3),B4B_DURABLE_WORKFLOW_AT_MOST_ONCE,before_intent_write,payments,AUTHORITATIVE_READBACK,CALLER_REFERENCE,266463c9-a2a7-4056-b5f7-19830beab68c,CONFIRMED_APPLIED,APPLIED,1,1,1,28576.250631,58149.0,0,0
b4b_durable_workflow_at_most_once-before_intent_write-payments-0585f6e9-r2,(session-3),B4B_DURABLE_WORKFLOW_AT_MOST_ONCE,before_intent_write,payments,AUTHORITATIVE_READBACK,CALLER_REFERENCE,d34de567-24b0-4793-8fe4-05e1a30fe156,CONFIRMED_APPLIED,APPLIED,1,1,1,28455.462025,29148.0,0,0
b4b_durable_workflow_at_most_once-mid_dispatch-ledger_postings-8e89ee00-r0,(session-3),B4B_DURABLE_WORKFLOW_AT_MOST_ONCE,mid_dispatch,ledger_postings,NO_READBACK,CALLER_REFERENCE,322e202c-be7d-41c7-ad13-8a99557a1495,UNVERIFIED_FAILURE,TIMED_OUT,1,1,0,24064.927758,128700.0,0,1
b4b_durable_workflow_at_most_once-mid_dispatch-ledger_postings-8e89ee00-r0,(session-3),B4B_DURABLE_WORKFLOW_AT_MOST_ONCE,mid_dispatch,ledger_postings,NO_READBACK,CALLER_REFERENCE,4f324bfb-88e1-4711-8797-786f7efec1c0,UNVERIFIED_FAILURE,TIMED_OUT,1,1,0,24206.787329,102737.0,0,1
b4b_durable_workflow_at_most_once-mid_dispatch-ledger_postings-8e89ee00-r0,(session-3),B4B_DURABLE_WORKFLOW_AT_MOST_ONCE,mid_dispatch,ledger_postings,NO_READBACK,CALLER_REFERENCE,7058e220-6270-4ab4-87a9-4c66facf715a,UNVERIFIED_FAILURE,TIMED_OUT,1,1,0,23988.707809,76743.0,0,1
b4b_durable_workflow_at_most_once-mid_dispatch-ledger_postings-8e89ee00-r0,(session-3),B4B_DURABLE_WORKFLOW_AT_MOST_ONCE,mid_dispatch,ledger_postings,NO_READBACK,CALLER_REFERENCE,3ab3e43d-3daa-40de-bf90-9975b27bb792,UNVERIFIED_FAILURE,TIMED_OUT,1,1,0,23973.993379,50708.0,0,1
b4b_durable_workflow_at_most_once-mid_dispatch-ledger_postings-8e89ee00-r0,(session-3),B4B_DURABLE_WORKFLOW_AT_MOST_ONCE,mid_dispatch,ledger_postings,NO_READBACK,CALLER_REFERENCE,3531e8b9-06b4-4078-8663-fb1703c2e406,UNVERIFIED_FAILURE,TIMED_OUT,1,1,0,24092.308499,24839.0,0,1
b4b_durable_workflow_at_most_once-mid_dispatch-ledger_postings-8e89ee00-r0,(session-3),B4B_DURABLE_WORKFLOW_AT_MOST_ONCE,mid_dispatch,ledger_postings,NO_READBACK,CALLER_REFERENCE,452ebd93-5f68-4361-94dc-a8dfd5100c4a,UNVERIFIED_FAILURE,TIMED_OUT,0,1,0,24063.506909,128701.0,0,0
b4b_durable_workflow_at_most_once-mid_dispatch-ledger_postings-8e89ee00-r0,(session-3),B4B_DURABLE_WORKFLOW_AT_MOST_ONCE,mid_dispatch,ledger_postings,NO_READBACK,CALLER_REFERENCE,0eb47f87-6ceb-4345-a4bb-b083c7be8a3e,UNVERIFIED_FAILURE,TIMED_OUT,1,1,0,24161.337646,102739.0,0,1
b4b_durable_workflow_at_most_once-mid_dispatch-ledger_postings-8e89ee00-r0,(session-3),B4B_DURABLE_WORKFLOW_AT_MOST_ONCE,mid_dispatch,ledger_postings,NO_READBACK,CALLER_REFERENCE,d2130779-3711-41b7-86db-19436930ffdf,UNVERIFIED_FAILURE,TIMED_OUT,1,1,0,24009.466689,76744.0,0,1
b4b_durable_workflow_at_most_once-mid_dispatch-ledger_postings-8e89ee00-r0,(session-3),B4B_DURABLE_WORKFLOW_AT_MOST_ONCE,mid_dispatch,ledger_postings,NO_READBACK,CALLER_REFERENCE,99bdbbc7-0941-45ff-a232-818bb6af6fd3,UNVERIFIED_FAILURE,TIMED_OUT,1,1,0,23952.37225,50709.0,0,1
b4b_durable_workflow_at_most_once-mid_dispatch-ledger_postings-8e89ee00-r0,(session-3),B4B_DURABLE_WORKFLOW_AT_MOST_ONCE,mid_dispatch,ledger_postings,NO_READBACK,CALLER_REFERENCE,6bb0d0f8-b5fc-497f-8d7f-b4f01e54aae6,UNVERIFIED_FAILURE,TIMED_OUT,1,1,0,24104.09649,24840.0,0,1
b4b_durable_workflow_at_most_once-mid_dispatch-ledger_postings-8e89ee00-r1,(session-3),B4B_DURABLE_WORKFLOW_AT_MOST_ONCE,mid_dispatch,ledger_postings,NO_READBACK,CALLER_REFERENCE,83da22cf-c070-4201-9671-5dcc51e9c966,UNVERIFIED_FAILURE,TIMED_OUT,1,1,0,24103.648585,128736.0,0,1
b4b_durable_workflow_at_most_once-mid_dispatch-ledger_postings-8e89ee00-r1,(session-3),B4B_DURABLE_WORKFLOW_AT_MOST_ONCE,mid_dispatch,ledger_postings,NO_READBACK,CALLER_REFERENCE,ae8e7b26-caad-4dab-bed8-8aa5b0a74cc4,UNVERIFIED_FAILURE,TIMED_OUT,1,1,0,23989.718557,102774.0,0,1
b4b_durable_workflow_at_most_once-mid_dispatch-ledger_postings-8e89ee00-r1,(session-3),B4B_DURABLE_WORKFLOW_AT_MOST_ONCE,mid_dispatch,ledger_postings,NO_READBACK,CALLER_REFERENCE,d4234fd1-fac7-44f3-aaa2-2af0b9fb9494,UNVERIFIED_FAILURE,TIMED_OUT,1,1,0,24054.516776,76804.0,0,1
b4b_durable_workflow_at_most_once-mid_dispatch-ledger_postings-8e89ee00-r1,(session-3),B4B_DURABLE_WORKFLOW_AT_MOST_ONCE,mid_dispatch,ledger_postings,NO_READBACK,CALLER_REFERENCE,9d2ddde4-c238-47ff-85b8-c8e69f583d9b,UNVERIFIED_FAILURE,TIMED_OUT,1,1,0,23830.67038,50762.0,0,1
b4b_durable_workflow_at_most_once-mid_dispatch-ledger_postings-8e89ee00-r1,(session-3),B4B_DURABLE_WORKFLOW_AT_MOST_ONCE,mid_dispatch,ledger_postings,NO_READBACK,CALLER_REFERENCE,d9d0ee5d-526b-4ce8-87e0-db127a49e1d6,UNVERIFIED_FAILURE,TIMED_OUT,1,1,0,23971.256925,24857.0,0,1
b4b_durable_workflow_at_most_once-mid_dispatch-ledger_postings-8e89ee00-r1,(session-3),B4B_DURABLE_WORKFLOW_AT_MOST_ONCE,mid_dispatch,ledger_postings,NO_READBACK,CALLER_REFERENCE,b5b312e9-f550-4cc6-87b5-01ccbcba829a,UNVERIFIED_FAILURE,TIMED_OUT,1,1,0,24123.402832,128739.0,0,1
b4b_durable_workflow_at_most_once-mid_dispatch-ledger_postings-8e89ee00-r1,(session-3),B4B_DURABLE_WORKFLOW_AT_MOST_ONCE,mid_dispatch,ledger_postings,NO_READBACK,CALLER_REFERENCE,07707f3b-63ee-44bd-847d-e7131ddd0d33,UNVERIFIED_FAILURE,TIMED_OUT,1,1,0,23994.782477,102777.0,0,1
b4b_durable_workflow_at_most_once-mid_dispatch-ledger_postings-8e89ee00-r1,(session-3),B4B_DURABLE_WORKFLOW_AT_MOST_ONCE,mid_dispatch,ledger_postings,NO_READBACK,CALLER_REFERENCE,5bd332c2-da92-40e0-88f9-2556c9e254aa,UNVERIFIED_FAILURE,TIMED_OUT,1,1,0,24089.73521,76807.0,0,1
b4b_durable_workflow_at_most_once-mid_dispatch-ledger_postings-8e89ee00-r1,(session-3),B4B_DURABLE_WORKFLOW_AT_MOST_ONCE,mid_dispatch,ledger_postings,NO_READBACK,CALLER_REFERENCE,06413dca-ad9b-4b7b-8cc7-de3035e0f612,UNVERIFIED_FAILURE,TIMED_OUT,1,1,0,23904.29551,50766.0,0,1
b4b_durable_workflow_at_most_once-mid_dispatch-ledger_postings-8e89ee00-r1,(session-3),B4B_DURABLE_WORKFLOW_AT_MOST_ONCE,mid_dispatch,ledger_postings,NO_READBACK,CALLER_REFERENCE,1b456547-0641-410b-85ae-cfc3d73fed17,UNVERIFIED_FAILURE,TIMED_OUT,1,1,0,23984.097518,24860.0,0,1
b4b_durable_workflow_at_most_once-mid_dispatch-ledger_postings-8e89ee00-r2,(session-3),B4B_DURABLE_WORKFLOW_AT_MOST_ONCE,mid_dispatch,ledger_postings,NO_READBACK,CALLER_REFERENCE,7ec578f4-00ae-4f27-aa0f-e93495e0efeb,UNVERIFIED_FAILURE,TIMED_OUT,1,1,0,25121.197412,129998.0,0,1
b4b_durable_workflow_at_most_once-mid_dispatch-ledger_postings-8e89ee00-r2,(session-3),B4B_DURABLE_WORKFLOW_AT_MOST_ONCE,mid_dispatch,ledger_postings,NO_READBACK,CALLER_REFERENCE,93ad3e80-3f08-477d-a8a4-8bccce483e18,UNVERIFIED_FAILURE,TIMED_OUT,1,1,0,24068.872888,102884.0,0,1
b4b_durable_workflow_at_most_once-mid_dispatch-ledger_postings-8e89ee00-r2,(session-3),B4B_DURABLE_WORKFLOW_AT_MOST_ONCE,mid_dispatch,ledger_postings,NO_READBACK,CALLER_REFERENCE,479ee0fc-2eed-4ea4-8634-a9099f599f00,UNVERIFIED_FAILURE,TIMED_OUT,1,1,0,24307.252749,76951.0,0,1
b4b_durable_workflow_at_most_once-mid_dispatch-ledger_postings-8e89ee00-r2,(session-3),B4B_DURABLE_WORKFLOW_AT_MOST_ONCE,mid_dispatch,ledger_postings,NO_READBACK,CALLER_REFERENCE,72e3ca12-437f-4f7a-9c00-6f1dca2d9532,UNVERIFIED_FAILURE,TIMED_OUT,1,1,0,24323.752057,50939.0,0,1
b4b_durable_workflow_at_most_once-mid_dispatch-ledger_postings-8e89ee00-r2,(session-3),B4B_DURABLE_WORKFLOW_AT_MOST_ONCE,mid_dispatch,ledger_postings,NO_READBACK,CALLER_REFERENCE,ecb95703-114c-4d28-bde1-f465086a0bb5,UNVERIFIED_FAILURE,TIMED_OUT,1,1,0,23749.429958,24763.0,0,1
b4b_durable_workflow_at_most_once-mid_dispatch-ledger_postings-8e89ee00-r2,(session-3),B4B_DURABLE_WORKFLOW_AT_MOST_ONCE,mid_dispatch,ledger_postings,NO_READBACK,CALLER_REFERENCE,52810d61-f542-4864-af32-40804126abb5,UNVERIFIED_FAILURE,TIMED_OUT,1,1,0,24152.755085,130001.0,0,1
b4b_durable_workflow_at_most_once-mid_dispatch-ledger_postings-8e89ee00-r2,(session-3),B4B_DURABLE_WORKFLOW_AT_MOST_ONCE,mid_dispatch,ledger_postings,NO_READBACK,CALLER_REFERENCE,1983582e-d562-4b4e-bf68-646018bef946,UNVERIFIED_FAILURE,TIMED_OUT,1,1,0,23935.557427,103820.0,0,1
b4b_durable_workflow_at_most_once-mid_dispatch-ledger_postings-8e89ee00-r2,(session-3),B4B_DURABLE_WORKFLOW_AT_MOST_ONCE,mid_dispatch,ledger_postings,NO_READBACK,CALLER_REFERENCE,a2e7926f-644d-4f95-b02b-932c5599d313,UNVERIFIED_FAILURE,TIMED_OUT,1,1,0,24029.096301,77795.0,0,1
b4b_durable_workflow_at_most_once-mid_dispatch-ledger_postings-8e89ee00-r2,(session-3),B4B_DURABLE_WORKFLOW_AT_MOST_ONCE,mid_dispatch,ledger_postings,NO_READBACK,CALLER_REFERENCE,b4e45258-7d27-41c7-949b-47d8acdc0a1c,UNVERIFIED_FAILURE,TIMED_OUT,1,1,0,24121.410375,51771.0,0,1
b4b_durable_workflow_at_most_once-mid_dispatch-ledger_postings-8e89ee00-r2,(session-3),B4B_DURABLE_WORKFLOW_AT_MOST_ONCE,mid_dispatch,ledger_postings,NO_READBACK,CALLER_REFERENCE,8f85d091-4f13-40b9-8ecb-bd6059667c94,UNVERIFIED_FAILURE,TIMED_OUT,1,1,0,23516.311309,25772.0,0,1
b4b_durable_workflow_at_most_once-mid_dispatch-notifications-008c2c3e-r0,(session-3),B4B_DURABLE_WORKFLOW_AT_MOST_ONCE,mid_dispatch,notifications,POSITIVE_ONLY_READBACK,CALLER_REFERENCE,6d51e365-d190-450d-a8f1-9f15cc6a4de7,UNVERIFIED_FAILURE,TIMED_OUT,1,1,0,24077.027724,128837.0,0,1
b4b_durable_workflow_at_most_once-mid_dispatch-notifications-008c2c3e-r0,(session-3),B4B_DURABLE_WORKFLOW_AT_MOST_ONCE,mid_dispatch,notifications,POSITIVE_ONLY_READBACK,CALLER_REFERENCE,ed4390d9-3565-4e5a-805d-2d5806373b73,UNVERIFIED_FAILURE,TIMED_OUT,1,1,0,23819.438054,102722.0,0,1
b4b_durable_workflow_at_most_once-mid_dispatch-notifications-008c2c3e-r0,(session-3),B4B_DURABLE_WORKFLOW_AT_MOST_ONCE,mid_dispatch,notifications,POSITIVE_ONLY_READBACK,CALLER_REFERENCE,de498810-f483-4e2b-a13d-61972da023f6,UNVERIFIED_FAILURE,TIMED_OUT,1,1,0,23854.131377,76728.0,0,1
b4b_durable_workflow_at_most_once-mid_dispatch-notifications-008c2c3e-r0,(session-3),B4B_DURABLE_WORKFLOW_AT_MOST_ONCE,mid_dispatch,notifications,POSITIVE_ONLY_READBACK,CALLER_REFERENCE,59e19e00-31a5-4bd3-8045-047a16e40051,UNVERIFIED_FAILURE,TIMED_OUT,1,1,0,23954.76944,50781.0,0,1
b4b_durable_workflow_at_most_once-mid_dispatch-notifications-008c2c3e-r0,(session-3),B4B_DURABLE_WORKFLOW_AT_MOST_ONCE,mid_dispatch,notifications,POSITIVE_ONLY_READBACK,CALLER_REFERENCE,ad1ec9e2-4d87-4260-8c95-0d765e4a97d8,UNVERIFIED_FAILURE,TIMED_OUT,1,1,0,24022.3069,24724.0,0,1
b4b_durable_workflow_at_most_once-mid_dispatch-notifications-008c2c3e-r0,(session-3),B4B_DURABLE_WORKFLOW_AT_MOST_ONCE,mid_dispatch,notifications,POSITIVE_ONLY_READBACK,CALLER_REFERENCE,61860786-7b41-4e08-922a-7235670dda96,UNVERIFIED_FAILURE,TIMED_OUT,1,1,0,24078.743929,128839.0,0,1
b4b_durable_workflow_at_most_once-mid_dispatch-notifications-008c2c3e-r0,(session-3),B4B_DURABLE_WORKFLOW_AT_MOST_ONCE,mid_dispatch,notifications,POSITIVE_ONLY_READBACK,CALLER_REFERENCE,8cb3ad7d-ca5d-48fc-92e0-f84a5be98a01,UNVERIFIED_FAILURE,TIMED_OUT,1,1,0,23819.116988,102724.0,0,1
b4b_durable_workflow_at_most_once-mid_dispatch-notifications-008c2c3e-r0,(session-3),B4B_DURABLE_WORKFLOW_AT_MOST_ONCE,mid_dispatch,notifications,POSITIVE_ONLY_READBACK,CALLER_REFERENCE,486e776f-9fd1-43eb-9ac1-9f27499d8d81,UNVERIFIED_FAILURE,TIMED_OUT,1,1,0,23842.084507,76729.0,0,1
b4b_durable_workflow_at_most_once-mid_dispatch-notifications-008c2c3e-r0,(session-3),B4B_DURABLE_WORKFLOW_AT_MOST_ONCE,mid_dispatch,notifications,POSITIVE_ONLY_READBACK,CALLER_REFERENCE,01715d0a-6b46-4f81-960c-9e1f97fd0d99,UNVERIFIED_FAILURE,TIMED_OUT,1,1,0,23966.948472,50782.0,0,1
b4b_durable_workflow_at_most_once-mid_dispatch-notifications-008c2c3e-r0,(session-3),B4B_DURABLE_WORKFLOW_AT_MOST_ONCE,mid_dispatch,notifications,POSITIVE_ONLY_READBACK,CALLER_REFERENCE,04024be0-6b42-4b03-9c9f-b4cf81a8c9ce,UNVERIFIED_FAILURE,TIMED_OUT,1,1,0,24005.028941,24726.0,0,1
b4b_durable_workflow_at_most_once-mid_dispatch-notifications-008c2c3e-r1,(session-3),B4B_DURABLE_WORKFLOW_AT_MOST_ONCE,mid_dispatch,notifications,POSITIVE_ONLY_READBACK,CALLER_REFERENCE,00bef465-311d-410d-8e75-467976ce7cbe,UNVERIFIED_FAILURE,TIMED_OUT,1,1,0,23961.920156,128712.0,0,1
b4b_durable_workflow_at_most_once-mid_dispatch-notifications-008c2c3e-r1,(session-3),B4B_DURABLE_WORKFLOW_AT_MOST_ONCE,mid_dispatch,notifications,POSITIVE_ONLY_READBACK,CALLER_REFERENCE,ad4645cc-5770-4a1c-bf33-39a1fb48af52,UNVERIFIED_FAILURE,TIMED_OUT,1,1,0,23842.78318,102728.0,0,1
b4b_durable_workflow_at_most_once-mid_dispatch-notifications-008c2c3e-r1,(session-3),B4B_DURABLE_WORKFLOW_AT_MOST_ONCE,mid_dispatch,notifications,POSITIVE_ONLY_READBACK,CALLER_REFERENCE,1a844b25-173a-426a-a334-43cb5df1bb58,UNVERIFIED_FAILURE,TIMED_OUT,1,1,0,24201.622278,76865.0,0,1
b4b_durable_workflow_at_most_once-mid_dispatch-notifications-008c2c3e-r1,(session-3),B4B_DURABLE_WORKFLOW_AT_MOST_ONCE,mid_dispatch,notifications,POSITIVE_ONLY_READBACK,CALLER_REFERENCE,8daa4c40-5d7b-4696-8b6b-9a9bc6d100b1,UNVERIFIED_FAILURE,TIMED_OUT,1,1,0,23822.525264,50686.0,0,1
b4b_durable_workflow_at_most_once-mid_dispatch-notifications-008c2c3e-r1,(session-3),B4B_DURABLE_WORKFLOW_AT_MOST_ONCE,mid_dispatch,notifications,POSITIVE_ONLY_READBACK,CALLER_REFERENCE,7ad300be-928a-4294-8978-528d4d4d36de,UNVERIFIED_FAILURE,TIMED_OUT,1,1,0,24082.053708,24833.0,0,1
b4b_durable_workflow_at_most_once-mid_dispatch-notifications-008c2c3e-r1,(session-3),B4B_DURABLE_WORKFLOW_AT_MOST_ONCE,mid_dispatch,notifications,POSITIVE_ONLY_READBACK,CALLER_REFERENCE,de7d439c-c4b8-4b10-b9af-e0ef03229114,UNVERIFIED_FAILURE,TIMED_OUT,1,1,0,23961.643953,128715.0,0,1
b4b_durable_workflow_at_most_once-mid_dispatch-notifications-008c2c3e-r1,(session-3),B4B_DURABLE_WORKFLOW_AT_MOST_ONCE,mid_dispatch,notifications,POSITIVE_ONLY_READBACK,CALLER_REFERENCE,f0bfa770-8914-40fd-b0a2-9ca259b96536,UNVERIFIED_FAILURE,TIMED_OUT,1,1,0,23856.756429,102730.0,0,1
b4b_durable_workflow_at_most_once-mid_dispatch-notifications-008c2c3e-r1,(session-3),B4B_DURABLE_WORKFLOW_AT_MOST_ONCE,mid_dispatch,notifications,POSITIVE_ONLY_READBACK,CALLER_REFERENCE,c6ddba47-0138-4c12-9481-c0f3f9677540,UNVERIFIED_FAILURE,TIMED_OUT,1,1,0,24176.314188,76868.0,0,1
b4b_durable_workflow_at_most_once-mid_dispatch-notifications-008c2c3e-r1,(session-3),B4B_DURABLE_WORKFLOW_AT_MOST_ONCE,mid_dispatch,notifications,POSITIVE_ONLY_READBACK,CALLER_REFERENCE,5a05a5a1-ec54-4100-b97e-92ff264d65f7,UNVERIFIED_FAILURE,TIMED_OUT,1,1,0,23830.460625,50689.0,0,1
b4b_durable_workflow_at_most_once-mid_dispatch-notifications-008c2c3e-r1,(session-3),B4B_DURABLE_WORKFLOW_AT_MOST_ONCE,mid_dispatch,notifications,POSITIVE_ONLY_READBACK,CALLER_REFERENCE,610d1f34-b551-45ff-96a0-1a03ddc63d59,UNVERIFIED_FAILURE,TIMED_OUT,1,1,0,24076.986871,24836.0,0,1
b4b_durable_workflow_at_most_once-mid_dispatch-notifications-008c2c3e-r2,(session-3),B4B_DURABLE_WORKFLOW_AT_MOST_ONCE,mid_dispatch,notifications,POSITIVE_ONLY_READBACK,CALLER_REFERENCE,79ad3129-014d-4631-8fad-e3e6f2e75bad,UNVERIFIED_FAILURE,TIMED_OUT,1,1,0,24039.460147,128757.0,0,1
b4b_durable_workflow_at_most_once-mid_dispatch-notifications-008c2c3e-r2,(session-3),B4B_DURABLE_WORKFLOW_AT_MOST_ONCE,mid_dispatch,notifications,POSITIVE_ONLY_READBACK,CALLER_REFERENCE,56435a96-8e07-4086-b34e-feadd03badc2,UNVERIFIED_FAILURE,TIMED_OUT,1,1,0,23888.026373,102768.0,0,1
b4b_durable_workflow_at_most_once-mid_dispatch-notifications-008c2c3e-r2,(session-3),B4B_DURABLE_WORKFLOW_AT_MOST_ONCE,mid_dispatch,notifications,POSITIVE_ONLY_READBACK,CALLER_REFERENCE,c7fed919-d78f-40de-8c24-0d7e95ae14ff,UNVERIFIED_FAILURE,TIMED_OUT,1,1,0,23933.394509,76805.0,0,1
b4b_durable_workflow_at_most_once-mid_dispatch-notifications-008c2c3e-r2,(session-3),B4B_DURABLE_WORKFLOW_AT_MOST_ONCE,mid_dispatch,notifications,POSITIVE_ONLY_READBACK,CALLER_REFERENCE,6ff55d34-049e-4e59-9a84-e4ac27431249,UNVERIFIED_FAILURE,TIMED_OUT,0,1,0,24221.628087,50852.0,0,0
b4b_durable_workflow_at_most_once-mid_dispatch-notifications-008c2c3e-r2,(session-3),B4B_DURABLE_WORKFLOW_AT_MOST_ONCE,mid_dispatch,notifications,POSITIVE_ONLY_READBACK,CALLER_REFERENCE,9e63b197-beb5-441c-a7cd-2a672b8cbcec,UNVERIFIED_FAILURE,TIMED_OUT,1,1,0,23772.290185,24729.0,0,1
b4b_durable_workflow_at_most_once-mid_dispatch-notifications-008c2c3e-r2,(session-3),B4B_DURABLE_WORKFLOW_AT_MOST_ONCE,mid_dispatch,notifications,POSITIVE_ONLY_READBACK,CALLER_REFERENCE,56662f19-1bbb-48e5-a3de-c6b537b5d3f8,UNVERIFIED_FAILURE,TIMED_OUT,1,1,0,24043.79673,128760.0,0,1
b4b_durable_workflow_at_most_once-mid_dispatch-notifications-008c2c3e-r2,(session-3),B4B_DURABLE_WORKFLOW_AT_MOST_ONCE,mid_dispatch,notifications,POSITIVE_ONLY_READBACK,CALLER_REFERENCE,18bef606-3834-4d04-9cf8-1feecb140919,UNVERIFIED_FAILURE,TIMED_OUT,1,1,0,23963.183687,102770.0,0,1
b4b_durable_workflow_at_most_once-mid_dispatch-notifications-008c2c3e-r2,(session-3),B4B_DURABLE_WORKFLOW_AT_MOST_ONCE,mid_dispatch,notifications,POSITIVE_ONLY_READBACK,CALLER_REFERENCE,73f96615-0e3c-4fa9-958a-10ff244a7417,UNVERIFIED_FAILURE,TIMED_OUT,1,1,0,23930.475649,76808.0,0,1
b4b_durable_workflow_at_most_once-mid_dispatch-notifications-008c2c3e-r2,(session-3),B4B_DURABLE_WORKFLOW_AT_MOST_ONCE,mid_dispatch,notifications,POSITIVE_ONLY_READBACK,CALLER_REFERENCE,5cb1f27a-b8da-4621-9dbc-25e6db0a8643,UNVERIFIED_FAILURE,TIMED_OUT,0,1,0,24222.367522,50855.0,0,0
b4b_durable_workflow_at_most_once-mid_dispatch-notifications-008c2c3e-r2,(session-3),B4B_DURABLE_WORKFLOW_AT_MOST_ONCE,mid_dispatch,notifications,POSITIVE_ONLY_READBACK,CALLER_REFERENCE,b263fa98-1ac5-41e0-8bd0-aed24e8230bc,UNVERIFIED_FAILURE,TIMED_OUT,1,1,0,23816.548899,24732.0,0,1
b4b_durable_workflow_at_most_once-mid_dispatch-payments-03ce0615-r0,(session-3),B4B_DURABLE_WORKFLOW_AT_MOST_ONCE,mid_dispatch,payments,AUTHORITATIVE_READBACK,CALLER_REFERENCE,bc3bd23c-986a-455f-8391-4ae0aa694c3f,UNVERIFIED_FAILURE,TIMED_OUT,1,1,0,23881.464763,128468.0,0,1
b4b_durable_workflow_at_most_once-mid_dispatch-payments-03ce0615-r0,(session-3),B4B_DURABLE_WORKFLOW_AT_MOST_ONCE,mid_dispatch,payments,AUTHORITATIVE_READBACK,CALLER_REFERENCE,c0a73cd0-ce6f-4c04-9026-33b39986e55d,UNVERIFIED_FAILURE,TIMED_OUT,1,1,0,23986.009087,102689.0,0,1
b4b_durable_workflow_at_most_once-mid_dispatch-payments-03ce0615-r0,(session-3),B4B_DURABLE_WORKFLOW_AT_MOST_ONCE,mid_dispatch,payments,AUTHORITATIVE_READBACK,CALLER_REFERENCE,d64c4871-90e3-491f-9926-07c2a76b8b0f,UNVERIFIED_FAILURE,TIMED_OUT,1,1,0,24088.751084,76795.0,0,1
b4b_durable_workflow_at_most_once-mid_dispatch-payments-03ce0615-r0,(session-3),B4B_DURABLE_WORKFLOW_AT_MOST_ONCE,mid_dispatch,payments,AUTHORITATIVE_READBACK,CALLER_REFERENCE,7c92d12d-616c-4354-ad2f-d8c24fe9fd2e,UNVERIFIED_FAILURE,TIMED_OUT,1,1,0,23908.10879,50651.0,0,1
b4b_durable_workflow_at_most_once-mid_dispatch-payments-03ce0615-r0,(session-3),B4B_DURABLE_WORKFLOW_AT_MOST_ONCE,mid_dispatch,payments,AUTHORITATIVE_READBACK,CALLER_REFERENCE,f0619a65-0665-47d5-b055-9461fbe72ffd,UNVERIFIED_FAILURE,TIMED_OUT,1,1,0,24001.269295,24730.0,0,1
b4b_durable_workflow_at_most_once-mid_dispatch-payments-03ce0615-r0,(session-3),B4B_DURABLE_WORKFLOW_AT_MOST_ONCE,mid_dispatch,payments,AUTHORITATIVE_READBACK,CALLER_REFERENCE,3b3221a3-0c64-4439-85c6-5183e370f231,UNVERIFIED_FAILURE,TIMED_OUT,1,1,0,23887.173257,128469.0,0,1
b4b_durable_workflow_at_most_once-mid_dispatch-payments-03ce0615-r0,(session-3),B4B_DURABLE_WORKFLOW_AT_MOST_ONCE,mid_dispatch,payments,AUTHORITATIVE_READBACK,CALLER_REFERENCE,749807c2-c820-44b1-9f8a-b615976812ea,UNVERIFIED_FAILURE,TIMED_OUT,1,1,0,24023.052595,102691.0,0,1
b4b_durable_workflow_at_most_once-mid_dispatch-payments-03ce0615-r0,(session-3),B4B_DURABLE_WORKFLOW_AT_MOST_ONCE,mid_dispatch,payments,AUTHORITATIVE_READBACK,CALLER_REFERENCE,4f99789a-d5c7-440a-a93d-867ecece99ef,UNVERIFIED_FAILURE,TIMED_OUT,1,1,0,24080.498373,76797.0,0,1
b4b_durable_workflow_at_most_once-mid_dispatch-payments-03ce0615-r0,(session-3),B4B_DURABLE_WORKFLOW_AT_MOST_ONCE,mid_dispatch,payments,AUTHORITATIVE_READBACK,CALLER_REFERENCE,196d65ec-f77a-4d2c-9e66-910ec64a400c,UNVERIFIED_FAILURE,TIMED_OUT,1,1,0,23918.382812,50652.0,0,1
b4b_durable_workflow_at_most_once-mid_dispatch-payments-03ce0615-r0,(session-3),B4B_DURABLE_WORKFLOW_AT_MOST_ONCE,mid_dispatch,payments,AUTHORITATIVE_READBACK,CALLER_REFERENCE,8a000c39-ad5c-4576-8ff1-7cecd2d8fc17,UNVERIFIED_FAILURE,TIMED_OUT,1,1,0,23993.552857,24732.0,0,1
b4b_durable_workflow_at_most_once-mid_dispatch-payments-03ce0615-r1,(session-3),B4B_DURABLE_WORKFLOW_AT_MOST_ONCE,mid_dispatch,payments,AUTHORITATIVE_READBACK,CALLER_REFERENCE,73d7e5e9-c5dd-469f-9352-0fdfd402bb9f,UNVERIFIED_FAILURE,TIMED_OUT,1,1,0,24049.063045,128740.0,0,1
b4b_durable_workflow_at_most_once-mid_dispatch-payments-03ce0615-r1,(session-3),B4B_DURABLE_WORKFLOW_AT_MOST_ONCE,mid_dispatch,payments,AUTHORITATIVE_READBACK,CALLER_REFERENCE,a4da8684-651e-4546-a1e0-cbeabf31ee9c,UNVERIFIED_FAILURE,TIMED_OUT,1,1,0,23886.972657,102700.0,0,1
b4b_durable_workflow_at_most_once-mid_dispatch-payments-03ce0615-r1,(session-3),B4B_DURABLE_WORKFLOW_AT_MOST_ONCE,mid_dispatch,payments,AUTHORITATIVE_READBACK,CALLER_REFERENCE,a07407c0-87e2-47c9-a275-7a23e19de5f6,UNVERIFIED_FAILURE,TIMED_OUT,1,1,0,24201.9096,76830.0,0,1
b4b_durable_workflow_at_most_once-mid_dispatch-payments-03ce0615-r1,(session-3),B4B_DURABLE_WORKFLOW_AT_MOST_ONCE,mid_dispatch,payments,AUTHORITATIVE_READBACK,CALLER_REFERENCE,46781ac6-e0d4-49f5-b1da-7259d524c921,UNVERIFIED_FAILURE,TIMED_OUT,1,1,0,23895.730611,50731.0,0,1
b4b_durable_workflow_at_most_once-mid_dispatch-payments-03ce0615-r1,(session-3),B4B_DURABLE_WORKFLOW_AT_MOST_ONCE,mid_dispatch,payments,AUTHORITATIVE_READBACK,CALLER_REFERENCE,c28d835a-1dd1-4701-8411-4e8d9bb858fa,UNVERIFIED_FAILURE,TIMED_OUT,1,1,0,23944.379959,24759.0,0,1
b4b_durable_workflow_at_most_once-mid_dispatch-payments-03ce0615-r1,(session-3),B4B_DURABLE_WORKFLOW_AT_MOST_ONCE,mid_dispatch,payments,AUTHORITATIVE_READBACK,CALLER_REFERENCE,b783e9a5-51e2-487f-8533-20cc12421773,UNVERIFIED_FAILURE,TIMED_OUT,1,1,0,24065.148546,128741.0,0,1
b4b_durable_workflow_at_most_once-mid_dispatch-payments-03ce0615-r1,(session-3),B4B_DURABLE_WORKFLOW_AT_MOST_ONCE,mid_dispatch,payments,AUTHORITATIVE_READBACK,CALLER_REFERENCE,15b87513-9c59-4752-94b1-7c1e658e5d50,UNVERIFIED_FAILURE,TIMED_OUT,1,1,0,23894.284945,102702.0,0,1
b4b_durable_workflow_at_most_once-mid_dispatch-payments-03ce0615-r1,(session-3),B4B_DURABLE_WORKFLOW_AT_MOST_ONCE,mid_dispatch,payments,AUTHORITATIVE_READBACK,CALLER_REFERENCE,941034c8-9c76-4136-b280-6ebf63ef6f89,UNVERIFIED_FAILURE,TIMED_OUT,1,1,0,24208.50981,76832.0,0,1
b4b_durable_workflow_at_most_once-mid_dispatch-payments-03ce0615-r1,(session-3),B4B_DURABLE_WORKFLOW_AT_MOST_ONCE,mid_dispatch,payments,AUTHORITATIVE_READBACK,CALLER_REFERENCE,dff9dc87-1c87-4183-87e9-235453957ed1,UNVERIFIED_FAILURE,TIMED_OUT,1,1,0,23911.400728,50731.0,0,1
b4b_durable_workflow_at_most_once-mid_dispatch-payments-03ce0615-r1,(session-3),B4B_DURABLE_WORKFLOW_AT_MOST_ONCE,mid_dispatch,payments,AUTHORITATIVE_READBACK,CALLER_REFERENCE,b39bab7b-a9e9-4be8-a84d-30dd56ca38e5,UNVERIFIED_FAILURE,TIMED_OUT,1,1,0,23959.161857,24761.0,0,1
b4b_durable_workflow_at_most_once-mid_dispatch-payments-03ce0615-r2,(session-3),B4B_DURABLE_WORKFLOW_AT_MOST_ONCE,mid_dispatch,payments,AUTHORITATIVE_READBACK,CALLER_REFERENCE,f900e585-7c2e-46b7-9b2f-6fa11687bee4,UNVERIFIED_FAILURE,TIMED_OUT,1,1,0,23999.39389,128698.0,0,1
b4b_durable_workflow_at_most_once-mid_dispatch-payments-03ce0615-r2,(session-3),B4B_DURABLE_WORKFLOW_AT_MOST_ONCE,mid_dispatch,payments,AUTHORITATIVE_READBACK,CALLER_REFERENCE,853daf57-a61c-4759-bf56-cfc12b57a05f,UNVERIFIED_FAILURE,TIMED_OUT,1,1,0,23886.9306,102663.0,0,1
b4b_durable_workflow_at_most_once-mid_dispatch-payments-03ce0615-r2,(session-3),B4B_DURABLE_WORKFLOW_AT_MOST_ONCE,mid_dispatch,payments,AUTHORITATIVE_READBACK,CALLER_REFERENCE,462420c5-a2c0-4a64-a017-693bd92281d4,UNVERIFIED_FAILURE,TIMED_OUT,1,1,0,24018.304165,76735.0,0,1
b4b_durable_workflow_at_most_once-mid_dispatch-payments-03ce0615-r2,(session-3),B4B_DURABLE_WORKFLOW_AT_MOST_ONCE,mid_dispatch,payments,AUTHORITATIVE_READBACK,CALLER_REFERENCE,19a7cbe6-abb3-4ab3-9b03-995f0519bd85,UNVERIFIED_FAILURE,TIMED_OUT,1,1,0,23906.576973,50707.0,0,1
b4b_durable_workflow_at_most_once-mid_dispatch-payments-03ce0615-r2,(session-3),B4B_DURABLE_WORKFLOW_AT_MOST_ONCE,mid_dispatch,payments,AUTHORITATIVE_READBACK,CALLER_REFERENCE,557e6d3f-b4ce-4095-b0fb-571903de76c1,UNVERIFIED_FAILURE,TIMED_OUT,1,1,0,24184.958371,24769.0,0,1
b4b_durable_workflow_at_most_once-mid_dispatch-payments-03ce0615-r2,(session-3),B4B_DURABLE_WORKFLOW_AT_MOST_ONCE,mid_dispatch,payments,AUTHORITATIVE_READBACK,CALLER_REFERENCE,da336ecd-8b10-43a7-ba9b-f9adeee1f958,UNVERIFIED_FAILURE,TIMED_OUT,1,1,0,24010.656169,128701.0,0,1
b4b_durable_workflow_at_most_once-mid_dispatch-payments-03ce0615-r2,(session-3),B4B_DURABLE_WORKFLOW_AT_MOST_ONCE,mid_dispatch,payments,AUTHORITATIVE_READBACK,CALLER_REFERENCE,002080c8-7ca0-43cd-b03f-6be23fa099c1,UNVERIFIED_FAILURE,TIMED_OUT,1,1,0,23874.592286,102666.0,0,1
b4b_durable_workflow_at_most_once-mid_dispatch-payments-03ce0615-r2,(session-3),B4B_DURABLE_WORKFLOW_AT_MOST_ONCE,mid_dispatch,payments,AUTHORITATIVE_READBACK,CALLER_REFERENCE,0587c1f0-af32-4e0e-bafb-e5ebe10b6551,UNVERIFIED_FAILURE,TIMED_OUT,1,1,0,24012.943438,76737.0,0,1
b4b_durable_workflow_at_most_once-mid_dispatch-payments-03ce0615-r2,(session-3),B4B_DURABLE_WORKFLOW_AT_MOST_ONCE,mid_dispatch,payments,AUTHORITATIVE_READBACK,CALLER_REFERENCE,59f15a5e-5d65-4f16-aeb4-33a10f82836b,UNVERIFIED_FAILURE,TIMED_OUT,1,1,0,23884.889866,50710.0,0,1
b4b_durable_workflow_at_most_once-mid_dispatch-payments-03ce0615-r2,(session-3),B4B_DURABLE_WORKFLOW_AT_MOST_ONCE,mid_dispatch,payments,AUTHORITATIVE_READBACK,CALLER_REFERENCE,eb8ab2a0-e328-425a-9570-90924504776a,UNVERIFIED_FAILURE,TIMED_OUT,1,1,0,24205.509364,24771.0,0,1
b4b_durable_workflow_at_most_once-none-payments-649b1800-r0,p0,B4B_DURABLE_WORKFLOW_AT_MOST_ONCE,none,payments,AUTHORITATIVE_READBACK,CALLER_REFERENCE,c27ea0aa-cfbd-4680-9ac7-279bcd9735bb,CONFIRMED_APPLIED,APPLIED,1,0,1,3614.759888,,0,0
b4b_durable_workflow_at_most_once-none-payments-649b1800-r0,p0,B4B_DURABLE_WORKFLOW_AT_MOST_ONCE,none,payments,AUTHORITATIVE_READBACK,CALLER_REFERENCE,6f7e9e53-5757-4446-a3c9-0ca863aa6de8,CONFIRMED_APPLIED,APPLIED,1,0,1,3937.456623,,0,0
b4b_durable_workflow_at_most_once-none-payments-649b1800-r0,p0,B4B_DURABLE_WORKFLOW_AT_MOST_ONCE,none,payments,AUTHORITATIVE_READBACK,CALLER_REFERENCE,408145df-9e85-4469-9324-b96bd388031b,CONFIRMED_APPLIED,APPLIED,1,0,1,4096.3062,,0,0
b4b_durable_workflow_at_most_once-none-payments-649b1800-r0,p0,B4B_DURABLE_WORKFLOW_AT_MOST_ONCE,none,payments,AUTHORITATIVE_READBACK,CALLER_REFERENCE,59050817-30e0-42f0-9ade-fa2763cc01f9,CONFIRMED_APPLIED,APPLIED,1,0,1,3926.31815,,0,0
b4b_durable_workflow_at_most_once-none-payments-649b1800-r0,p0,B4B_DURABLE_WORKFLOW_AT_MOST_ONCE,none,payments,AUTHORITATIVE_READBACK,CALLER_REFERENCE,8ceb8886-d45f-4e5b-8be0-2ca7cf6069fc,CONFIRMED_APPLIED,APPLIED,1,0,1,3817.069368,,0,0
b4b_durable_workflow_at_most_once-none-payments-649b1800-r0,p0,B4B_DURABLE_WORKFLOW_AT_MOST_ONCE,none,payments,AUTHORITATIVE_READBACK,CALLER_REFERENCE,5b6b7ee9-afeb-48a1-b971-48b1935f4087,CONFIRMED_APPLIED,APPLIED,1,0,1,3660.58277,,0,0
b4b_durable_workflow_at_most_once-none-payments-649b1800-r0,p0,B4B_DURABLE_WORKFLOW_AT_MOST_ONCE,none,payments,AUTHORITATIVE_READBACK,CALLER_REFERENCE,9b6ce6d2-3efc-4e68-9283-72e9e143b4d3,CONFIRMED_APPLIED,APPLIED,1,0,1,3937.30692,,0,0
b4b_durable_workflow_at_most_once-none-payments-649b1800-r0,p0,B4B_DURABLE_WORKFLOW_AT_MOST_ONCE,none,payments,AUTHORITATIVE_READBACK,CALLER_REFERENCE,303fcf4c-9bf4-4826-a33e-6bf9d9d5b17c,CONFIRMED_APPLIED,APPLIED,1,0,1,4096.45758,,0,0
b4b_durable_workflow_at_most_once-none-payments-649b1800-r0,p0,B4B_DURABLE_WORKFLOW_AT_MOST_ONCE,none,payments,AUTHORITATIVE_READBACK,CALLER_REFERENCE,5efa5ad6-f981-4789-8593-fae1b1eab34d,CONFIRMED_APPLIED,APPLIED,1,0,1,3926.30434,,0,0
b4b_durable_workflow_at_most_once-none-payments-649b1800-r0,p0,B4B_DURABLE_WORKFLOW_AT_MOST_ONCE,none,payments,AUTHORITATIVE_READBACK,CALLER_REFERENCE,5cd57aec-7e1b-4979-9a29-e0de08697626,CONFIRMED_APPLIED,APPLIED,1,0,1,3816.713741,,0,0
b4b_durable_workflow_at_most_once-none-payments-649b1800-r1,p0,B4B_DURABLE_WORKFLOW_AT_MOST_ONCE,none,payments,AUTHORITATIVE_READBACK,CALLER_REFERENCE,d8a133cd-c520-4b57-9217-a779a70c7a9e,UNVERIFIED_FAILURE,FAILED,1,0,1,6779.783539,,0,1
b4b_durable_workflow_at_most_once-none-payments-649b1800-r1,p0,B4B_DURABLE_WORKFLOW_AT_MOST_ONCE,none,payments,AUTHORITATIVE_READBACK,CALLER_REFERENCE,19d607c0-c4f4-4f52-afa4-d8e361842da5,CONFIRMED_APPLIED,APPLIED,1,0,1,4013.424479,,0,0
b4b_durable_workflow_at_most_once-none-payments-649b1800-r1,p0,B4B_DURABLE_WORKFLOW_AT_MOST_ONCE,none,payments,AUTHORITATIVE_READBACK,CALLER_REFERENCE,2e56ce8d-6981-4b78-ba12-4730083350e4,CONFIRMED_APPLIED,APPLIED,1,0,1,3879.348578,,0,0
b4b_durable_workflow_at_most_once-none-payments-649b1800-r1,p0,B4B_DURABLE_WORKFLOW_AT_MOST_ONCE,none,payments,AUTHORITATIVE_READBACK,CALLER_REFERENCE,5df98dcc-fc52-43d4-84ff-bd5bf3d4510a,CONFIRMED_APPLIED,APPLIED,1,0,1,4054.916481,,0,0
b4b_durable_workflow_at_most_once-none-payments-649b1800-r1,p0,B4B_DURABLE_WORKFLOW_AT_MOST_ONCE,none,payments,AUTHORITATIVE_READBACK,CALLER_REFERENCE,410d5766-c749-41e1-a169-82fcf139e3dc,CONFIRMED_APPLIED,APPLIED,1,0,1,4018.739215,,0,0
b4b_durable_workflow_at_most_once-none-payments-649b1800-r1,p0,B4B_DURABLE_WORKFLOW_AT_MOST_ONCE,none,payments,AUTHORITATIVE_READBACK,CALLER_REFERENCE,92a9b3fc-7907-440b-9cbf-83c8c717f940,CONFIRMED_APPLIED,APPLIED,1,0,1,3788.277899,,0,0
b4b_durable_workflow_at_most_once-none-payments-649b1800-r1,p0,B4B_DURABLE_WORKFLOW_AT_MOST_ONCE,none,payments,AUTHORITATIVE_READBACK,CALLER_REFERENCE,17060140-59e3-4fbb-8b16-f624dac78397,UNVERIFIED_FAILURE,FAILED,1,0,1,7031.369402,,0,1
b4b_durable_workflow_at_most_once-none-payments-649b1800-r1,p0,B4B_DURABLE_WORKFLOW_AT_MOST_ONCE,none,payments,AUTHORITATIVE_READBACK,CALLER_REFERENCE,40b9bb86-bc34-4e06-85ae-bdbb1654679c,CONFIRMED_APPLIED,APPLIED,1,0,1,3879.367621,,0,0
b4b_durable_workflow_at_most_once-none-payments-649b1800-r1,p0,B4B_DURABLE_WORKFLOW_AT_MOST_ONCE,none,payments,AUTHORITATIVE_READBACK,CALLER_REFERENCE,c0d7f16f-d6a8-4745-af7a-d3a77da2a593,CONFIRMED_APPLIED,APPLIED,1,0,1,4054.84237,,0,0
b4b_durable_workflow_at_most_once-none-payments-649b1800-r1,p0,B4B_DURABLE_WORKFLOW_AT_MOST_ONCE,none,payments,AUTHORITATIVE_READBACK,CALLER_REFERENCE,1ae0dbe2-efff-4f38-b4a9-4a1ab872b8b0,CONFIRMED_APPLIED,APPLIED,1,0,1,4018.730319,,0,0
b4b_durable_workflow_at_most_once-none-payments-649b1800-r2,p0,B4B_DURABLE_WORKFLOW_AT_MOST_ONCE,none,payments,AUTHORITATIVE_READBACK,CALLER_REFERENCE,ba1650e7-382a-42f8-b3c0-06b0ecc905a8,CONFIRMED_APPLIED,APPLIED,1,0,1,3777.699983,,0,0
b4b_durable_workflow_at_most_once-none-payments-649b1800-r2,p0,B4B_DURABLE_WORKFLOW_AT_MOST_ONCE,none,payments,AUTHORITATIVE_READBACK,CALLER_REFERENCE,558c98e6-7efd-4d73-ab34-26d061ef76b9,CONFIRMED_APPLIED,APPLIED,1,0,1,4044.108711,,0,0
b4b_durable_workflow_at_most_once-none-payments-649b1800-r2,p0,B4B_DURABLE_WORKFLOW_AT_MOST_ONCE,none,payments,AUTHORITATIVE_READBACK,CALLER_REFERENCE,28a16113-198b-4e12-bada-0fa9fee3f150,CONFIRMED_APPLIED,APPLIED,1,0,1,4028.963181,,0,0
b4b_durable_workflow_at_most_once-none-payments-649b1800-r2,p0,B4B_DURABLE_WORKFLOW_AT_MOST_ONCE,none,payments,AUTHORITATIVE_READBACK,CALLER_REFERENCE,59ee3cc4-91db-4391-8ff4-8b8048fc41fc,CONFIRMED_APPLIED,APPLIED,1,0,1,4025.564717,,0,0
b4b_durable_workflow_at_most_once-none-payments-649b1800-r2,p0,B4B_DURABLE_WORKFLOW_AT_MOST_ONCE,none,payments,AUTHORITATIVE_READBACK,CALLER_REFERENCE,6be7b1f5-b0c0-47c1-9473-34405e92eb7a,UNVERIFIED_FAILURE,FAILED,1,0,1,6944.477247,,0,1
b4b_durable_workflow_at_most_once-none-payments-649b1800-r2,p0,B4B_DURABLE_WORKFLOW_AT_MOST_ONCE,none,payments,AUTHORITATIVE_READBACK,CALLER_REFERENCE,9776cf50-e0f4-42d2-9b06-2bf53cbd1a5b,CONFIRMED_APPLIED,APPLIED,1,0,1,3784.612708,,0,0
b4b_durable_workflow_at_most_once-none-payments-649b1800-r2,p0,B4B_DURABLE_WORKFLOW_AT_MOST_ONCE,none,payments,AUTHORITATIVE_READBACK,CALLER_REFERENCE,ec7337ed-cce9-43fb-a87e-0b42308651e3,CONFIRMED_APPLIED,APPLIED,1,0,1,4044.328768,,0,0
b4b_durable_workflow_at_most_once-none-payments-649b1800-r2,p0,B4B_DURABLE_WORKFLOW_AT_MOST_ONCE,none,payments,AUTHORITATIVE_READBACK,CALLER_REFERENCE,262bad5a-ca31-453a-b1f8-7622b47b0db6,CONFIRMED_APPLIED,APPLIED,1,0,1,4029.01233,,0,0
b4b_durable_workflow_at_most_once-none-payments-649b1800-r2,p0,B4B_DURABLE_WORKFLOW_AT_MOST_ONCE,none,payments,AUTHORITATIVE_READBACK,CALLER_REFERENCE,04fd7bdb-9c30-421d-a8bf-98aa313f0a13,CONFIRMED_APPLIED,APPLIED,1,0,1,4025.705442,,0,0
b4b_durable_workflow_at_most_once-none-payments-649b1800-r2,p0,B4B_DURABLE_WORKFLOW_AT_MOST_ONCE,none,payments,AUTHORITATIVE_READBACK,CALLER_REFERENCE,2aa85c38-78ba-44f2-be0b-66739204ebc2,CONFIRMED_APPLIED,APPLIED,1,0,1,3929.094105,,0,0
