run_id,regime,system,crash_point,endpoint,response_class,readback_keying,execution_id,outcome_class,status,applied_effects,crashed,dispatch_attempts,step_latency_ms,recovery_latency_ms,undetected_duplicate,lost_effect,redis_kill_latency_ms,durability_ack_observed
aep_full-none-payments-e5e5c7dc-r0,p0,AEP_FULL,none,payments,AUTHORITATIVE_READBACK,CALLER_REFERENCE,88b25e4b-3751-4915-8ff4-05ea634f5fa9,CONFIRMED_APPLIED,FIRED_CONFIRMED,1,0,1,6924.665266,,0,0,,
aep_full-none-payments-e5e5c7dc-r0,p0,AEP_FULL,none,payments,AUTHORITATIVE_READBACK,CALLER_REFERENCE,2d3d9546-03a4-45bf-a413-242b57cb27e6,CONFIRMED_APPLIED,FIRED_CONFIRMED,1,0,1,3386.467396,,0,0,,
aep_full-none-payments-e5e5c7dc-r0,p0,AEP_FULL,none,payments,AUTHORITATIVE_READBACK,CALLER_REFERENCE,0dd52dee-d93a-4fbb-8a5d-b78650daa5c7,CONFIRMED_APPLIED,FIRED_CONFIRMED,1,0,1,3712.934299,,0,0,,
aep_full-none-payments-e5e5c7dc-r0,p0,AEP_FULL,none,payments,AUTHORITATIVE_READBACK,CALLER_REFERENCE,bc84108f-0387-4ac5-be00-7511f05af894,CONFIRMED_APPLIED,FIRED_CONFIRMED,1,0,1,4061.603747,,0,0,,
aep_full-none-payments-e5e5c7dc-r0,p0,AEP_FULL,none,payments,AUTHORITATIVE_READBACK,CALLER_REFERENCE,7ef851a8-4152-4345-be5c-091e0e93a34f,CONFIRMED_APPLIED,FIRED_CONFIRMED,1,0,1,4072.611612,,0,0,,
aep_full-none-payments-e5e5c7dc-r0,p0,AEP_FULL,none,payments,AUTHORITATIVE_READBACK,CALLER_REFERENCE,51a628c4-84ec-43a4-8478-7de713fd8bd9,CONFIRMED_NOT_APPLIED,FAILED_CONFIRMED,0,0,1,3687.590489,,0,0,,
aep_full-none-payments-e5e5c7dc-r0,p0,AEP_FULL,none,payments,AUTHORITATIVE_READBACK,CALLER_REFERENCE,6d17281c-7b39-468f-97cd-1dde0e1a5cc7,CONFIRMED_APPLIED,FIRED_CONFIRMED,1,0,1,2708.984756,,0,0,,
aep_full-none-payments-e5e5c7dc-r0,p0,AEP_FULL,none,payments,AUTHORITATIVE_READBACK,CALLER_REFERENCE,e0c28e4b-8648-42a9-90e2-7f31b6c34ab9,CONFIRMED_APPLIED,FIRED_CONFIRMED,1,0,1,6560.424418,,0,0,,
aep_full-none-payments-e5e5c7dc-r0,p0,AEP_FULL,none,payments,AUTHORITATIVE_READBACK,CALLER_REFERENCE,1724d623-bc50-43e1-9e54-aca58f471ebe,CONFIRMED_APPLIED,FIRED_CONFIRMED,1,0,1,4032.774489,,0,0,,
aep_full-none-payments-e5e5c7dc-r0,p0,AEP_FULL,none,payments,AUTHORITATIVE_READBACK,CALLER_REFERENCE,d59e9603-5020-4d09-b651-1f7f396bbeb0,CONFIRMED_APPLIED,FIRED_CONFIRMED,1,0,1,4023.529569,,0,0,,
aep_full-none-payments-e5e5c7dc-r1,p0,AEP_FULL,none,payments,AUTHORITATIVE_READBACK,CALLER_REFERENCE,d92504a0-045c-422b-8fa2-36ea78edc300,CONFIRMED_APPLIED,FIRED_CONFIRMED,1,0,1,3797.715596,,0,0,,
aep_full-none-payments-e5e5c7dc-r1,p0,AEP_FULL,none,payments,AUTHORITATIVE_READBACK,CALLER_REFERENCE,19033987-3314-40be-9469-2b3d00a2bbfa,CONFIRMED_APPLIED,FIRED_CONFIRMED,1,0,1,3923.983857,,0,0,,
aep_full-none-payments-e5e5c7dc-r1,p0,AEP_FULL,none,payments,AUTHORITATIVE_READBACK,CALLER_REFERENCE,da03ba86-721f-4cdd-b5c5-eaa133448deb,CONFIRMED_APPLIED,FIRED_CONFIRMED,1,0,1,4020.332925,,0,0,,
aep_full-none-payments-e5e5c7dc-r1,p0,AEP_FULL,none,payments,AUTHORITATIVE_READBACK,CALLER_REFERENCE,08d8f6f6-0d4f-4763-8e6f-5c6727d55a2d,CONFIRMED_APPLIED,FIRED_CONFIRMED,1,0,1,3919.121073,,0,0,,
aep_full-none-payments-e5e5c7dc-r1,p0,AEP_FULL,none,payments,AUTHORITATIVE_READBACK,CALLER_REFERENCE,fafaa333-18f2-4e1b-bcb8-aa555c78fd54,CONFIRMED_APPLIED,FIRED_CONFIRMED,1,0,1,4053.883367,,0,0,,
aep_full-none-payments-e5e5c7dc-r1,p0,AEP_FULL,none,payments,AUTHORITATIVE_READBACK,CALLER_REFERENCE,77b75768-4760-49ad-abb2-f895486e490c,CONFIRMED_APPLIED,FIRED_CONFIRMED,1,0,1,3515.837656,,0,0,,
aep_full-none-payments-e5e5c7dc-r1,p0,AEP_FULL,none,payments,AUTHORITATIVE_READBACK,CALLER_REFERENCE,6263cfe5-1d28-45f8-99c9-61a993a9dd98,CONFIRMED_NOT_APPLIED,FAILED_CONFIRMED,0,0,1,3924.158783,,0,0,,
aep_full-none-payments-e5e5c7dc-r1,p0,AEP_FULL,none,payments,AUTHORITATIVE_READBACK,CALLER_REFERENCE,1a9e4c24-c258-422d-88de-7b220106515e,CONFIRMED_NOT_APPLIED,FAILED_CONFIRMED,0,0,1,4017.052624,,0,0,,
aep_full-none-payments-e5e5c7dc-r1,p0,AEP_FULL,none,payments,AUTHORITATIVE_READBACK,CALLER_REFERENCE,ae51cb6d-3ce4-40ef-8503-aef654fa48da,CONFIRMED_APPLIED,FIRED_CONFIRMED,1,0,1,6055.942842,,0,0,,
aep_full-none-payments-e5e5c7dc-r1,p0,AEP_FULL,none,payments,AUTHORITATIVE_READBACK,CALLER_REFERENCE,20017076-1f99-402a-87fd-fe236033fe0b,CONFIRMED_APPLIED,FIRED_CONFIRMED,1,0,1,3986.759458,,0,0,,
aep_full-none-payments-e5e5c7dc-r10,p0,AEP_FULL,none,payments,AUTHORITATIVE_READBACK,CALLER_REFERENCE,825bc560-f93e-41f4-a42b-a0ff1a961e96,CONFIRMED_APPLIED,FIRED_CONFIRMED,1,0,1,3839.896083,,0,0,,
aep_full-none-payments-e5e5c7dc-r10,p0,AEP_FULL,none,payments,AUTHORITATIVE_READBACK,CALLER_REFERENCE,a3c70685-c68d-486d-b86d-3b4a6515786c,CONFIRMED_APPLIED,FIRED_CONFIRMED,1,0,1,4202.599109,,0,0,,
aep_full-none-payments-e5e5c7dc-r10,p0,AEP_FULL,none,payments,AUTHORITATIVE_READBACK,CALLER_REFERENCE,217a9432-d884-4b1e-a715-63d1dacce564,CONFIRMED_APPLIED,FIRED_CONFIRMED,1,0,1,4019.917488,,0,0,,
aep_full-none-payments-e5e5c7dc-r10,p0,AEP_FULL,none,payments,AUTHORITATIVE_READBACK,CALLER_REFERENCE,691a9a6a-d1f3-4fc6-a8cd-14f64585e4ba,CONFIRMED_APPLIED,FIRED_CONFIRMED,1,0,1,6934.487285,,0,0,,
aep_full-none-payments-e5e5c7dc-r10,p0,AEP_FULL,none,payments,AUTHORITATIVE_READBACK,CALLER_REFERENCE,2ade976a-6fd6-4f6e-8444-703794f36b45,CONFIRMED_APPLIED,FIRED_CONFIRMED,1,0,1,7033.08095,,0,0,,
aep_full-none-payments-e5e5c7dc-r10,p0,AEP_FULL,none,payments,AUTHORITATIVE_READBACK,CALLER_REFERENCE,6166369e-67f2-4f6c-bdab-0f82ba14f899,CONFIRMED_APPLIED,FIRED_CONFIRMED,1,0,1,5017.771478,,0,0,,
aep_full-none-payments-e5e5c7dc-r10,p0,AEP_FULL,none,payments,AUTHORITATIVE_READBACK,CALLER_REFERENCE,c0779ec8-352d-43bc-9f46-266f94628705,CONFIRMED_APPLIED,FIRED_CONFIRMED,1,0,1,4028.074372,,0,0,,
aep_full-none-payments-e5e5c7dc-r10,p0,AEP_FULL,none,payments,AUTHORITATIVE_READBACK,CALLER_REFERENCE,01e7b402-639d-4804-958c-0356935074d5,CONFIRMED_APPLIED,FIRED_CONFIRMED,1,0,1,6232.176384,,0,0,,
aep_full-none-payments-e5e5c7dc-r10,p0,AEP_FULL,none,payments,AUTHORITATIVE_READBACK,CALLER_REFERENCE,c8483b01-006d-45e5-aac1-26701507a090,CONFIRMED_APPLIED,FIRED_CONFIRMED,1,0,1,2810.806034,,0,0,,
aep_full-none-payments-e5e5c7dc-r10,p0,AEP_FULL,none,payments,AUTHORITATIVE_READBACK,CALLER_REFERENCE,d51c6e99-5afa-4459-bde0-38ce4ef020f8,CONFIRMED_APPLIED,FIRED_CONFIRMED,1,0,1,6034.76914,,0,0,,
aep_full-none-payments-e5e5c7dc-r11,p0,AEP_FULL,none,payments,AUTHORITATIVE_READBACK,CALLER_REFERENCE,8589ebdf-4e39-4c46-b783-77e84b52afbe,CONFIRMED_APPLIED,FIRED_CONFIRMED,1,0,1,4790.896316,,0,0,,
aep_full-none-payments-e5e5c7dc-r11,p0,AEP_FULL,none,payments,AUTHORITATIVE_READBACK,CALLER_REFERENCE,cf54f701-aee3-477e-a0b0-baf7f225bb60,CONFIRMED_APPLIED,FIRED_CONFIRMED,1,0,1,6106.474039,,0,0,,
aep_full-none-payments-e5e5c7dc-r11,p0,AEP_FULL,none,payments,AUTHORITATIVE_READBACK,CALLER_REFERENCE,55a1c171-8e10-4b27-b50c-aabeb1d6bcdf,CONFIRMED_APPLIED,FIRED_CONFIRMED,1,0,1,3996.92076,,0,0,,
aep_full-none-payments-e5e5c7dc-r11,p0,AEP_FULL,none,payments,AUTHORITATIVE_READBACK,CALLER_REFERENCE,1ef4ed52-f7f9-43f6-b0ac-62f3e3fde6bb,CONFIRMED_APPLIED,FIRED_CONFIRMED,1,0,1,4014.136214,,0,0,,
aep_full-none-payments-e5e5c7dc-r11,p0,AEP_FULL,none,payments,AUTHORITATIVE_READBACK,CALLER_REFERENCE,3f827c3f-d82f-462c-90e8-9144598fe803,CONFIRMED_APPLIED,FIRED_CONFIRMED,1,0,1,4015.507899,,0,0,,
aep_full-none-payments-e5e5c7dc-r11,p0,AEP_FULL,none,payments,AUTHORITATIVE_READBACK,CALLER_REFERENCE,2b49ae4e-fe64-4fa2-9612-b43f4be1e1ab,CONFIRMED_APPLIED,FIRED_CONFIRMED,1,0,1,3632.065759,,0,0,,
aep_full-none-payments-e5e5c7dc-r11,p0,AEP_FULL,none,payments,AUTHORITATIVE_READBACK,CALLER_REFERENCE,5cf90916-e145-453f-88b8-63c2ba98cb49,CONFIRMED_APPLIED,FIRED_CONFIRMED,1,0,1,4234.883316,,0,0,,
aep_full-none-payments-e5e5c7dc-r11,p0,AEP_FULL,none,payments,AUTHORITATIVE_READBACK,CALLER_REFERENCE,fa9f01be-76dc-4895-aa54-d4459c66adb2,CONFIRMED_APPLIED,FIRED_CONFIRMED,1,0,1,4017.535224,,0,0,,
aep_full-none-payments-e5e5c7dc-r11,p0,AEP_FULL,none,payments,AUTHORITATIVE_READBACK,CALLER_REFERENCE,3d91e372-9e01-4762-94ec-313af5eda71b,CONFIRMED_APPLIED,FIRED_CONFIRMED,1,0,1,4012.772798,,0,0,,
aep_full-none-payments-e5e5c7dc-r11,p0,AEP_FULL,none,payments,AUTHORITATIVE_READBACK,CALLER_REFERENCE,73396c2a-d5dd-46c6-bc9b-1fafee96a0e3,CONFIRMED_APPLIED,FIRED_CONFIRMED,1,0,1,4016.077806,,0,0,,
aep_full-none-payments-e5e5c7dc-r12,p0,AEP_FULL,none,payments,AUTHORITATIVE_READBACK,CALLER_REFERENCE,0a6404c1-073a-498f-bb48-bfd59fd755d6,CONFIRMED_NOT_APPLIED,FAILED_CONFIRMED,0,0,1,3242.1318,,0,0,,
aep_full-none-payments-e5e5c7dc-r12,p0,AEP_FULL,none,payments,AUTHORITATIVE_READBACK,CALLER_REFERENCE,6770b4c1-6ace-4dc1-81e4-382f607a6c60,CONFIRMED_APPLIED,FIRED_CONFIRMED,1,0,1,3582.910127,,0,0,,
aep_full-none-payments-e5e5c7dc-r12,p0,AEP_FULL,none,payments,AUTHORITATIVE_READBACK,CALLER_REFERENCE,b21f70a8-4d3c-4d67-ace0-160c32afcdef,CONFIRMED_APPLIED,FIRED_CONFIRMED,1,0,1,4021.036582,,0,0,,
aep_full-none-payments-e5e5c7dc-r12,p0,AEP_FULL,none,payments,AUTHORITATIVE_READBACK,CALLER_REFERENCE,684e5847-e439-45e1-a8b8-f446a3bed97f,CONFIRMED_APPLIED,FIRED_CONFIRMED,1,0,1,4017.994412,,0,0,,
aep_full-none-payments-e5e5c7dc-r12,p0,AEP_FULL,none,payments,AUTHORITATIVE_READBACK,CALLER_REFERENCE,6a88b26a-15d6-4c23-9c86-33968959836a,CONFIRMED_APPLIED,FIRED_CONFIRMED,1,0,1,3131.41536,,0,0,,
aep_full-none-payments-e5e5c7dc-r12,p0,AEP_FULL,none,payments,AUTHORITATIVE_READBACK,CALLER_REFERENCE,0371de8a-35f1-4023-a476-a311d54ae0dc,CONFIRMED_APPLIED,FIRED_CONFIRMED,1,0,1,4012.038852,,0,0,,
aep_full-none-payments-e5e5c7dc-r12,p0,AEP_FULL,none,payments,AUTHORITATIVE_READBACK,CALLER_REFERENCE,37e3e926-6095-420b-a985-684810d1935c,CONFIRMED_APPLIED,FIRED_CONFIRMED,1,0,1,5924.850897,,0,0,,
aep_full-none-payments-e5e5c7dc-r12,p0,AEP_FULL,none,payments,AUTHORITATIVE_READBACK,CALLER_REFERENCE,1b3ebc67-8f28-4b05-832f-07f77b69c8b8,CONFIRMED_APPLIED,FIRED_CONFIRMED,1,0,1,3918.743412,,0,0,,
aep_full-none-payments-e5e5c7dc-r12,p0,AEP_FULL,none,payments,AUTHORITATIVE_READBACK,CALLER_REFERENCE,a7cab066-5a86-4dc3-b558-534325804377,CONFIRMED_APPLIED,FIRED_CONFIRMED,1,0,1,6208.406067,,0,0,,
aep_full-none-payments-e5e5c7dc-r12,p0,AEP_FULL,none,payments,AUTHORITATIVE_READBACK,CALLER_REFERENCE,c1e45026-c099-42b8-8479-48dac78b9407,CONFIRMED_NOT_APPLIED,FAILED_CONFIRMED,0,0,1,3928.757685,,0,0,,
aep_full-none-payments-e5e5c7dc-r13,p0,AEP_FULL,none,payments,AUTHORITATIVE_READBACK,CALLER_REFERENCE,51c99a42-9505-4485-b3f2-971906032a61,CONFIRMED_NOT_APPLIED,FAILED_CONFIRMED,0,0,1,3075.469814,,0,0,,
aep_full-none-payments-e5e5c7dc-r13,p0,AEP_FULL,none,payments,AUTHORITATIVE_READBACK,CALLER_REFERENCE,3620fced-4ccd-49df-a40e-f4f95b2af98d,CONFIRMED_APPLIED,FIRED_CONFIRMED,1,0,1,3511.342538,,0,0,,
aep_full-none-payments-e5e5c7dc-r13,p0,AEP_FULL,none,payments,AUTHORITATIVE_READBACK,CALLER_REFERENCE,9dabb76d-9b24-4ea9-b99b-9e2c5a48d809,CONFIRMED_APPLIED,FIRED_CONFIRMED,1,0,1,3917.715396,,0,0,,
aep_full-none-payments-e5e5c7dc-r13,p0,AEP_FULL,none,payments,AUTHORITATIVE_READBACK,CALLER_REFERENCE,dfacb754-0342-4e34-a0a8-610caf4fa070,CONFIRMED_APPLIED,FIRED_CONFIRMED,1,0,1,3915.764376,,0,0,,
aep_full-none-payments-e5e5c7dc-r13,p0,AEP_FULL,none,payments,AUTHORITATIVE_READBACK,CALLER_REFERENCE,8b75fa5b-7b03-499d-bec5-b2cab4fbe083,CONFIRMED_APPLIED,FIRED_CONFIRMED,1,0,1,4115.257702,,0,0,,
aep_full-none-payments-e5e5c7dc-r13,p0,AEP_FULL,none,payments,AUTHORITATIVE_READBACK,CALLER_REFERENCE,9e9ff255-50e6-444c-abf7-aec120c37f38,CONFIRMED_APPLIED,FIRED_CONFIRMED,1,0,1,3567.361468,,0,0,,
aep_full-none-payments-e5e5c7dc-r13,p0,AEP_FULL,none,payments,AUTHORITATIVE_READBACK,CALLER_REFERENCE,1cf7f367-4e4a-4449-aad9-bb3964eee113,CONFIRMED_APPLIED,FIRED_CONFIRMED,1,0,1,4023.826462,,0,0,,
aep_full-none-payments-e5e5c7dc-r13,p0,AEP_FULL,none,payments,AUTHORITATIVE_READBACK,CALLER_REFERENCE,93f85694-f540-4682-8687-c309183b6e6d,CONFIRMED_APPLIED,FIRED_CONFIRMED,1,0,1,3918.012021,,0,0,,
aep_full-none-payments-e5e5c7dc-r13,p0,AEP_FULL,none,payments,AUTHORITATIVE_READBACK,CALLER_REFERENCE,268e2ba5-f0aa-4260-b97a-109a66d81ee0,CONFIRMED_APPLIED,FIRED_CONFIRMED,1,0,1,3957.823832,,0,0,,
aep_full-none-payments-e5e5c7dc-r13,p0,AEP_FULL,none,payments,AUTHORITATIVE_READBACK,CALLER_REFERENCE,f34500c9-2e7d-45f1-8188-4e8b9ad0803d,CONFIRMED_APPLIED,FIRED_CONFIRMED,1,0,1,4074.059133,,0,0,,
aep_full-none-payments-e5e5c7dc-r14,p0,AEP_FULL,none,payments,AUTHORITATIVE_READBACK,CALLER_REFERENCE,46650ab1-b256-4cfe-91f3-64fded3c1679,CONFIRMED_APPLIED,FIRED_CONFIRMED,1,0,1,3834.195022,,0,0,,
aep_full-none-payments-e5e5c7dc-r14,p0,AEP_FULL,none,payments,AUTHORITATIVE_READBACK,CALLER_REFERENCE,642954d9-8885-4075-a24f-d37022a22212,CONFIRMED_APPLIED,FIRED_CONFIRMED,1,0,1,4114.113603,,0,0,,
aep_full-none-payments-e5e5c7dc-r14,p0,AEP_FULL,none,payments,AUTHORITATIVE_READBACK,CALLER_REFERENCE,f5664595-a1ec-4a87-a3dc-ee20f482fe9e,CONFIRMED_APPLIED,FIRED_CONFIRMED,1,0,1,7029.178232,,0,0,,
aep_full-none-payments-e5e5c7dc-r14,p0,AEP_FULL,none,payments,AUTHORITATIVE_READBACK,CALLER_REFERENCE,a223e066-6e9f-4f2e-8788-148ccd47129f,CONFIRMED_APPLIED,FIRED_CONFIRMED,1,0,1,6858.1349,,0,0,,
aep_full-none-payments-e5e5c7dc-r14,p0,AEP_FULL,none,payments,AUTHORITATIVE_READBACK,CALLER_REFERENCE,ba7d3ecb-b7c4-4314-871b-e700d04d4609,CONFIRMED_APPLIED,FIRED_CONFIRMED,1,0,1,6183.553268,,0,0,,
aep_full-none-payments-e5e5c7dc-r14,p0,AEP_FULL,none,payments,AUTHORITATIVE_READBACK,CALLER_REFERENCE,23f79c04-9be1-4027-b902-29b6de33362b,CONFIRMED_APPLIED,FIRED_CONFIRMED,1,0,1,6816.160834,,0,0,,
aep_full-none-payments-e5e5c7dc-r14,p0,AEP_FULL,none,payments,AUTHORITATIVE_READBACK,CALLER_REFERENCE,730f11a7-9eeb-4513-b5f6-152e0b70291d,CONFIRMED_APPLIED,FIRED_CONFIRMED,1,0,1,4016.856122,,0,0,,
aep_full-none-payments-e5e5c7dc-r14,p0,AEP_FULL,none,payments,AUTHORITATIVE_READBACK,CALLER_REFERENCE,bcc23d80-dbab-4319-86d1-cbd3c43dc338,CONFIRMED_APPLIED,FIRED_CONFIRMED,1,0,1,3211.527371,,0,0,,
aep_full-none-payments-e5e5c7dc-r14,p0,AEP_FULL,none,payments,AUTHORITATIVE_READBACK,CALLER_REFERENCE,f0a81f45-4a71-4f16-8f36-b4b8fbaeb6cb,CONFIRMED_APPLIED,FIRED_CONFIRMED,1,0,1,6022.95333,,0,0,,
aep_full-none-payments-e5e5c7dc-r14,p0,AEP_FULL,none,payments,AUTHORITATIVE_READBACK,CALLER_REFERENCE,f673ddc8-da20-4399-9b0d-ba7af5f188c5,CONFIRMED_APPLIED,FIRED_CONFIRMED,1,0,1,3665.363353,,0,0,,
aep_full-none-payments-e5e5c7dc-r2,p0,AEP_FULL,none,payments,AUTHORITATIVE_READBACK,CALLER_REFERENCE,19f4bfac-7815-4cd5-add6-3b5d76981697,CONFIRMED_APPLIED,FIRED_CONFIRMED,1,0,1,4394.708821,,0,0,,
aep_full-none-payments-e5e5c7dc-r2,p0,AEP_FULL,none,payments,AUTHORITATIVE_READBACK,CALLER_REFERENCE,f380dca9-2730-45cd-98eb-564fc46d9b64,CONFIRMED_APPLIED,FIRED_CONFIRMED,1,0,1,4024.569511,,0,0,,
aep_full-none-payments-e5e5c7dc-r2,p0,AEP_FULL,none,payments,AUTHORITATIVE_READBACK,CALLER_REFERENCE,90dce635-ff87-41c4-89fc-d34cb03eea4e,CONFIRMED_APPLIED,FIRED_CONFIRMED,1,0,1,4050.654449,,0,0,,
aep_full-none-payments-e5e5c7dc-r2,p0,AEP_FULL,none,payments,AUTHORITATIVE_READBACK,CALLER_REFERENCE,ab9c85ca-dfea-4961-8e86-b49d912104f4,CONFIRMED_APPLIED,FIRED_CONFIRMED,1,0,1,3874.731083,,0,0,,
aep_full-none-payments-e5e5c7dc-r2,p0,AEP_FULL,none,payments,AUTHORITATIVE_READBACK,CALLER_REFERENCE,e6b1e1e4-32bc-4d16-b8c0-0f87e8f694b8,CONFIRMED_APPLIED,FIRED_CONFIRMED,1,0,1,3806.179803,,0,0,,
aep_full-none-payments-e5e5c7dc-r2,p0,AEP_FULL,none,payments,AUTHORITATIVE_READBACK,CALLER_REFERENCE,bbd133b0-d1c4-48af-9c72-131816489947,CONFIRMED_APPLIED,FIRED_CONFIRMED,1,0,1,3406.351349,,0,0,,
aep_full-none-payments-e5e5c7dc-r2,p0,AEP_FULL,none,payments,AUTHORITATIVE_READBACK,CALLER_REFERENCE,d2845b47-7ac0-434d-81be-43d796affa92,CONFIRMED_APPLIED,FIRED_CONFIRMED,1,0,1,3877.478718,,0,0,,
aep_full-none-payments-e5e5c7dc-r2,p0,AEP_FULL,none,payments,AUTHORITATIVE_READBACK,CALLER_REFERENCE,89761cb3-42b7-4082-824a-307da9d2e0a5,CONFIRMED_APPLIED,FIRED_CONFIRMED,1,0,1,4019.497054,,0,0,,
aep_full-none-payments-e5e5c7dc-r2,p0,AEP_FULL,none,payments,AUTHORITATIVE_READBACK,CALLER_REFERENCE,5d856038-360c-4e93-bf07-635fe10e340d,CONFIRMED_APPLIED,FIRED_CONFIRMED,1,0,1,4020.269364,,0,0,,
aep_full-none-payments-e5e5c7dc-r2,p0,AEP_FULL,none,payments,AUTHORITATIVE_READBACK,CALLER_REFERENCE,25ed2702-67c8-4101-b470-e52ba2add857,CONFIRMED_APPLIED,FIRED_CONFIRMED,1,0,1,3890.651163,,0,0,,
aep_full-none-payments-e5e5c7dc-r3,p0,AEP_FULL,none,payments,AUTHORITATIVE_READBACK,CALLER_REFERENCE,e7a2ee89-2c6c-4de5-81c5-b8cc1346bfd7,CONFIRMED_APPLIED,FIRED_CONFIRMED,1,0,1,3411.583768,,0,0,,
aep_full-none-payments-e5e5c7dc-r3,p0,AEP_FULL,none,payments,AUTHORITATIVE_READBACK,CALLER_REFERENCE,d979d937-7974-4989-8290-d8a34bd7d1a9,CONFIRMED_APPLIED,FIRED_CONFIRMED,1,0,1,3919.727217,,0,0,,
aep_full-none-payments-e5e5c7dc-r3,p0,AEP_FULL,none,payments,AUTHORITATIVE_READBACK,CALLER_REFERENCE,be763f70-e0d0-467d-b588-323351c420d3,CONFIRMED_NOT_APPLIED,FAILED_CONFIRMED,0,0,1,4096.143257,,0,0,,
aep_full-none-payments-e5e5c7dc-r3,p0,AEP_FULL,none,payments,AUTHORITATIVE_READBACK,CALLER_REFERENCE,608c4ce8-7a91-47b0-8aa9-34769f393616,CONFIRMED_APPLIED,FIRED_CONFIRMED,1,0,1,4018.056385,,0,0,,
aep_full-none-payments-e5e5c7dc-r3,p0,AEP_FULL,none,payments,AUTHORITATIVE_READBACK,CALLER_REFERENCE,b19c9614-f47f-417b-b7be-85cc769251c4,CONFIRMED_APPLIED,FIRED_CONFIRMED,1,0,1,3765.499975,,0,0,,
aep_full-none-payments-e5e5c7dc-r3,p0,AEP_FULL,none,payments,AUTHORITATIVE_READBACK,CALLER_REFERENCE,2799ab4f-2fad-4360-b24c-5e17d907d5df,CONFIRMED_APPLIED,FIRED_CONFIRMED,1,0,1,4431.679869,,0,0,,
aep_full-none-payments-e5e5c7dc-r3,p0,AEP_FULL,none,payments,AUTHORITATIVE_READBACK,CALLER_REFERENCE,83b67349-735e-4174-ab38-be1660132c1b,CONFIRMED_APPLIED,FIRED_CONFIRMED,1,0,1,4008.919532,,0,0,,
aep_full-none-payments-e5e5c7dc-r3,p0,AEP_FULL,none,payments,AUTHORITATIVE_READBACK,CALLER_REFERENCE,1f3317dd-df5f-477c-b42d-06abc734f3e0,CONFIRMED_APPLIED,FIRED_CONFIRMED,1,0,1,4014.367326,,0,0,,
aep_full-none-payments-e5e5c7dc-r3,p0,AEP_FULL,none,payments,AUTHORITATIVE_READBACK,CALLER_REFERENCE,34c769a6-f548-4d0c-ba8c-bece717da9f6,CONFIRMED_APPLIED,FIRED_CONFIRMED,1,0,1,4025.663661,,0,0,,
aep_full-none-payments-e5e5c7dc-r3,p0,AEP_FULL,none,payments,AUTHORITATIVE_READBACK,CALLER_REFERENCE,d579af6e-edf7-4c74-8c7e-08cfd06aa688,CONFIRMED_APPLIED,FIRED_CONFIRMED,1,0,1,3717.580365,,0,0,,
aep_full-none-payments-e5e5c7dc-r4,p0,AEP_FULL,none,payments,AUTHORITATIVE_READBACK,CALLER_REFERENCE,88896724-87fc-4fe0-a33e-087959c2be93,CONFIRMED_APPLIED,FIRED_CONFIRMED,1,0,1,3340.508933,,0,0,,
aep_full-none-payments-e5e5c7dc-r4,p0,AEP_FULL,none,payments,AUTHORITATIVE_READBACK,CALLER_REFERENCE,1c5a6dc6-c024-4ab2-96f6-17da8c7ea216,CONFIRMED_APPLIED,FIRED_CONFIRMED,1,0,1,4020.133373,,0,0,,
aep_full-none-payments-e5e5c7dc-r4,p0,AEP_FULL,none,payments,AUTHORITATIVE_READBACK,CALLER_REFERENCE,cece58a8-5805-44e6-a434-ec0f6643157e,CONFIRMED_APPLIED,FIRED_CONFIRMED,1,0,1,3913.421445,,0,0,,
aep_full-none-payments-e5e5c7dc-r4,p0,AEP_FULL,none,payments,AUTHORITATIVE_READBACK,CALLER_REFERENCE,3e4d8c5b-97b3-4637-b884-48cb31dba0d2,CONFIRMED_APPLIED,FIRED_CONFIRMED,1,0,1,4089.282967,,0,0,,
aep_full-none-payments-e5e5c7dc-r4,p0,AEP_FULL,none,payments,AUTHORITATIVE_READBACK,CALLER_REFERENCE,2903dcea-d864-4ff5-8c9e-dc57bdcf4bc4,CONFIRMED_APPLIED,FIRED_CONFIRMED,1,0,1,3747.721606,,0,0,,
aep_full-none-payments-e5e5c7dc-r4,p0,AEP_FULL,none,payments,AUTHORITATIVE_READBACK,CALLER_REFERENCE,2b2670d8-84af-431a-9f56-06d964963ae6,CONFIRMED_APPLIED,FIRED_CONFIRMED,1,0,1,3377.112247,,0,0,,
aep_full-none-payments-e5e5c7dc-r4,p0,AEP_FULL,none,payments,AUTHORITATIVE_READBACK,CALLER_REFERENCE,b41f1430-f8d1-4107-9ed9-533f085f6a5b,CONFIRMED_APPLIED,FIRED_CONFIRMED,1,0,1,4018.000445,,0,0,,
aep_full-none-payments-e5e5c7dc-r4,p0,AEP_FULL,none,payments,AUTHORITATIVE_READBACK,CALLER_REFERENCE,33eccb88-a003-4e96-84dc-459c3d1d6b48,CONFIRMED_APPLIED,FIRED_CONFIRMED,1,0,1,4014.137858,,0,0,,
aep_full-none-payments-e5e5c7dc-r4,p0,AEP_FULL,none,payments,AUTHORITATIVE_READBACK,CALLER_REFERENCE,4987801a-4a5b-4320-a6db-c20f6ca9179b,CONFIRMED_APPLIED,FIRED_CONFIRMED,1,0,1,3913.995039,,0,0,,
aep_full-none-payments-e5e5c7dc-r4,p0,AEP_FULL,none,payments,AUTHORITATIVE_READBACK,CALLER_REFERENCE,c240cbb3-cc04-42f6-a136-ae6ee1779505,CONFIRMED_APPLIED,FIRED_CONFIRMED,1,0,1,4125.500711,,0,0,,
aep_full-none-payments-e5e5c7dc-r5,p0,AEP_FULL,none,payments,AUTHORITATIVE_READBACK,CALLER_REFERENCE,cf005f3e-b98c-470e-bbf7-4d93605535e9,CONFIRMED_APPLIED,FIRED_CONFIRMED,1,0,1,6717.466458,,0,0,,
aep_full-none-payments-e5e5c7dc-r5,p0,AEP_FULL,none,payments,AUTHORITATIVE_READBACK,CALLER_REFERENCE,d66172c9-3eaa-4765-a5b5-02fcbfb131b0,CONFIRMED_APPLIED,FIRED_CONFIRMED,1,0,1,3857.392888,,0,0,,
aep_full-none-payments-e5e5c7dc-r5,p0,AEP_FULL,none,payments,AUTHORITATIVE_READBACK,CALLER_REFERENCE,ea348f57-376c-4969-89cd-ed4845481f48,CONFIRMED_APPLIED,FIRED_CONFIRMED,1,0,1,7091.480836,,0,0,,
aep_full-none-payments-e5e5c7dc-r5,p0,AEP_FULL,none,payments,AUTHORITATIVE_READBACK,CALLER_REFERENCE,fd57739b-e61c-4c73-ae20-cffa2905bbc9,CONFIRMED_APPLIED,FIRED_CONFIRMED,1,0,1,3215.237481,,0,0,,
aep_full-none-payments-e5e5c7dc-r5,p0,AEP_FULL,none,payments,AUTHORITATIVE_READBACK,CALLER_REFERENCE,030610e4-caba-45a9-b492-1bf4cf067738,CONFIRMED_APPLIED,FIRED_CONFIRMED,1,0,1,3816.737639,,0,0,,
aep_full-none-payments-e5e5c7dc-r5,p0,AEP_FULL,none,payments,AUTHORITATIVE_READBACK,CALLER_REFERENCE,541654fd-e555-421b-9e54-b064e0088fd9,CONFIRMED_APPLIED,FIRED_CONFIRMED,1,0,1,3572.160499,,0,0,,
aep_full-none-payments-e5e5c7dc-r5,p0,AEP_FULL,none,payments,AUTHORITATIVE_READBACK,CALLER_REFERENCE,fc323645-53f0-40c7-a2ec-3eb4a75c6b9c,CONFIRMED_APPLIED,FIRED_CONFIRMED,1,0,1,4124.573059,,0,0,,
aep_full-none-payments-e5e5c7dc-r5,p0,AEP_FULL,none,payments,AUTHORITATIVE_READBACK,CALLER_REFERENCE,e5befdf1-7f2a-4ffa-9c6e-cc3b7c8830f2,CONFIRMED_APPLIED,FIRED_CONFIRMED,1,0,1,3894.4264,,0,0,,
aep_full-none-payments-e5e5c7dc-r5,p0,AEP_FULL,none,payments,AUTHORITATIVE_READBACK,CALLER_REFERENCE,b166d957-6894-44f9-9450-213412028991,CONFIRMED_APPLIED,FIRED_CONFIRMED,1,0,1,3203.426617,,0,0,,
aep_full-none-payments-e5e5c7dc-r5,p0,AEP_FULL,none,payments,AUTHORITATIVE_READBACK,CALLER_REFERENCE,30291de7-ac3c-4388-a8be-22df526d0b08,CONFIRMED_APPLIED,FIRED_CONFIRMED,1,0,1,3845.286091,,0,0,,
aep_full-none-payments-e5e5c7dc-r6,p0,AEP_FULL,none,payments,AUTHORITATIVE_READBACK,CALLER_REFERENCE,e0a446a7-4477-4101-b86b-c22be1bfc9ce,CONFIRMED_APPLIED,FIRED_CONFIRMED,1,0,1,3679.834537,,0,0,,
aep_full-none-payments-e5e5c7dc-r6,p0,AEP_FULL,none,payments,AUTHORITATIVE_READBACK,CALLER_REFERENCE,a53926ca-c4a9-423c-a436-788efb69ec9c,CONFIRMED_APPLIED,FIRED_CONFIRMED,1,0,1,4015.054665,,0,0,,
aep_full-none-payments-e5e5c7dc-r6,p0,AEP_FULL,none,payments,AUTHORITATIVE_READBACK,CALLER_REFERENCE,befbba3d-e6de-42dc-a7aa-79477cf22179,CONFIRMED_APPLIED,FIRED_CONFIRMED,1,0,1,4020.006354,,0,0,,
aep_full-none-payments-e5e5c7dc-r6,p0,AEP_FULL,none,payments,AUTHORITATIVE_READBACK,CALLER_REFERENCE,2323e8a2-bf84-444b-854a-a964b72df966,CONFIRMED_APPLIED,FIRED_CONFIRMED,1,0,1,3916.55414,,0,0,,
aep_full-none-payments-e5e5c7dc-r6,p0,AEP_FULL,none,payments,AUTHORITATIVE_READBACK,CALLER_REFERENCE,7560685f-713d-4671-85a1-4dd03d87c621,CONFIRMED_NOT_APPLIED,FAILED_CONFIRMED,0,0,1,4014.744483,,0,0,,
aep_full-none-payments-e5e5c7dc-r6,p0,AEP_FULL,none,payments,AUTHORITATIVE_READBACK,CALLER_REFERENCE,32fdde56-f7f5-4c4a-afbf-58c446380453,CONFIRMED_APPLIED,FIRED_CONFIRMED,1,0,1,3042.516726,,0,0,,
aep_full-none-payments-e5e5c7dc-r6,p0,AEP_FULL,none,payments,AUTHORITATIVE_READBACK,CALLER_REFERENCE,d08f2a41-ac9e-4563-9874-f974b7997f61,CONFIRMED_APPLIED,FIRED_CONFIRMED,1,0,1,3646.724455,,0,0,,
aep_full-none-payments-e5e5c7dc-r6,p0,AEP_FULL,none,payments,AUTHORITATIVE_READBACK,CALLER_REFERENCE,02f45afb-bf94-4890-8fff-b41422c423fb,CONFIRMED_APPLIED,FIRED_CONFIRMED,1,0,1,4023.178329,,0,0,,
aep_full-none-payments-e5e5c7dc-r6,p0,AEP_FULL,none,payments,AUTHORITATIVE_READBACK,CALLER_REFERENCE,1c8e8e60-684e-4e0b-a03a-f1b3d6f8d6bc,CONFIRMED_APPLIED,FIRED_CONFIRMED,1,0,1,3917.134785,,0,0,,
aep_full-none-payments-e5e5c7dc-r6,p0,AEP_FULL,none,payments,AUTHORITATIVE_READBACK,CALLER_REFERENCE,fe18d3c3-5cc4-47cc-bfaa-a1d9d38ea7ec,CONFIRMED_APPLIED,FIRED_CONFIRMED,1,0,1,4014.985308,,0,0,,
aep_full-none-payments-e5e5c7dc-r7,p0,AEP_FULL,none,payments,AUTHORITATIVE_READBACK,CALLER_REFERENCE,3ae0e879-c655-4a70-8b5e-90c8ac3bcc88,CONFIRMED_APPLIED,FIRED_CONFIRMED,1,0,1,3504.391164,,0,0,,
aep_full-none-payments-e5e5c7dc-r7,p0,AEP_FULL,none,payments,AUTHORITATIVE_READBACK,CALLER_REFERENCE,396b8d58-25fe-4c1c-ba08-93870525a135,CONFIRMED_APPLIED,FIRED_CONFIRMED,1,0,1,6688.878494,,0,0,,
aep_full-none-payments-e5e5c7dc-r7,p0,AEP_FULL,none,payments,AUTHORITATIVE_READBACK,CALLER_REFERENCE,bd290858-972e-4830-bdcf-9c84f4565051,CONFIRMED_APPLIED,FIRED_CONFIRMED,1,0,1,4015.944652,,0,0,,
aep_full-none-payments-e5e5c7dc-r7,p0,AEP_FULL,none,payments,AUTHORITATIVE_READBACK,CALLER_REFERENCE,d7e4dc16-9134-483e-884e-a7682bc3f34a,CONFIRMED_APPLIED,FIRED_CONFIRMED,1,0,1,4016.275297,,0,0,,
aep_full-none-payments-e5e5c7dc-r7,p0,AEP_FULL,none,payments,AUTHORITATIVE_READBACK,CALLER_REFERENCE,03f9c353-6668-4eca-b9e8-3615954b88c3,CONFIRMED_NOT_APPLIED,FAILED_CONFIRMED,0,0,1,4014.090833,,0,0,,
aep_full-none-payments-e5e5c7dc-r7,p0,AEP_FULL,none,payments,AUTHORITATIVE_READBACK,CALLER_REFERENCE,9db86718-2dae-48f9-af06-20d3dd18edad,CONFIRMED_APPLIED,FIRED_CONFIRMED,1,0,1,4146.98976,,0,0,,
aep_full-none-payments-e5e5c7dc-r7,p0,AEP_FULL,none,payments,AUTHORITATIVE_READBACK,CALLER_REFERENCE,188465c6-7737-4f0f-9fe2-984589c82290,CONFIRMED_APPLIED,FIRED_CONFIRMED,1,0,1,3106.939602,,0,0,,
aep_full-none-payments-e5e5c7dc-r7,p0,AEP_FULL,none,payments,AUTHORITATIVE_READBACK,CALLER_REFERENCE,10cf9804-c524-45c7-bf2a-837b43cc867c,CONFIRMED_APPLIED,FIRED_CONFIRMED,1,0,1,3942.404562,,0,0,,
aep_full-none-payments-e5e5c7dc-r7,p0,AEP_FULL,none,payments,AUTHORITATIVE_READBACK,CALLER_REFERENCE,4c26c1c9-0c60-435c-bbbd-0e57490f9b77,CONFIRMED_APPLIED,FIRED_CONFIRMED,1,0,1,6035.106969,,0,0,,
aep_full-none-payments-e5e5c7dc-r7,p0,AEP_FULL,none,payments,AUTHORITATIVE_READBACK,CALLER_REFERENCE,fa32546c-a986-41a5-9f5a-cb59328e9a48,CONFIRMED_APPLIED,FIRED_CONFIRMED,1,0,1,4002.000614,,0,0,,
aep_full-none-payments-e5e5c7dc-r8,p0,AEP_FULL,none,payments,AUTHORITATIVE_READBACK,CALLER_REFERENCE,e37ffa42-c480-418c-988d-5d28db5fb8a3,CONFIRMED_APPLIED,FIRED_CONFIRMED,1,0,1,6713.131734,,0,0,,
aep_full-none-payments-e5e5c7dc-r8,p0,AEP_FULL,none,payments,AUTHORITATIVE_READBACK,CALLER_REFERENCE,7bac41c3-83ea-488d-853d-688a4478871e,CONFIRMED_APPLIED,FIRED_CONFIRMED,1,0,1,6040.896742,,0,0,,
aep_full-none-payments-e5e5c7dc-r8,p0,AEP_FULL,none,payments,AUTHORITATIVE_READBACK,CALLER_REFERENCE,2e8cba5d-63db-4005-afbb-814a14ac674d,CONFIRMED_APPLIED,FIRED_CONFIRMED,1,0,1,6292.927763,,0,0,,
aep_full-none-payments-e5e5c7dc-r8,p0,AEP_FULL,none,payments,AUTHORITATIVE_READBACK,CALLER_REFERENCE,96a96244-179b-4339-b165-86e7b193f0b1,CONFIRMED_APPLIED,FIRED_CONFIRMED,1,0,1,3719.568073,,0,0,,
aep_full-none-payments-e5e5c7dc-r8,p0,AEP_FULL,none,payments,AUTHORITATIVE_READBACK,CALLER_REFERENCE,098e0da5-6e29-46e8-b998-e32bc7fb8e14,CONFIRMED_APPLIED,FIRED_CONFIRMED,1,0,1,6943.806376,,0,0,,
aep_full-none-payments-e5e5c7dc-r8,p0,AEP_FULL,none,payments,AUTHORITATIVE_READBACK,CALLER_REFERENCE,db82b452-c571-4bf4-b470-2348003c8187,CONFIRMED_APPLIED,FIRED_CONFIRMED,1,0,1,4050.98692,,0,0,,
aep_full-none-payments-e5e5c7dc-r8,p0,AEP_FULL,none,payments,AUTHORITATIVE_READBACK,CALLER_REFERENCE,1f840d3b-0135-4a1b-832a-34acfc8540e5,CONFIRMED_APPLIED,FIRED_CONFIRMED,1,0,1,3285.695787,,0,0,,
aep_full-none-payments-e5e5c7dc-r8,p0,AEP_FULL,none,payments,AUTHORITATIVE_READBACK,CALLER_REFERENCE,46197dcf-0488-48e9-8c7b-4a3e09e52c38,CONFIRMED_APPLIED,FIRED_CONFIRMED,1,0,1,3694.716246,,0,0,,
aep_full-none-payments-e5e5c7dc-r8,p0,AEP_FULL,none,payments,AUTHORITATIVE_READBACK,CALLER_REFERENCE,2c8e8a87-3d67-4bfc-8a89-59e0da07fc37,CONFIRMED_APPLIED,FIRED_CONFIRMED,1,0,1,6251.804303,,0,0,,
aep_full-none-payments-e5e5c7dc-r8,p0,AEP_FULL,none,payments,AUTHORITATIVE_READBACK,CALLER_REFERENCE,fb9c5f35-7398-4499-b34f-4f9857e74f60,CONFIRMED_APPLIED,FIRED_CONFIRMED,1,0,1,6839.726638,,0,0,,
aep_full-none-payments-e5e5c7dc-r9,p0,AEP_FULL,none,payments,AUTHORITATIVE_READBACK,CALLER_REFERENCE,2bab1c3d-3ddc-4940-b580-341580a1fe4f,CONFIRMED_APPLIED,FIRED_CONFIRMED,1,0,1,5309.722481,,0,0,,
aep_full-none-payments-e5e5c7dc-r9,p0,AEP_FULL,none,payments,AUTHORITATIVE_READBACK,CALLER_REFERENCE,70c985e7-22ee-44a9-97b8-e9f42ebb31b6,CONFIRMED_APPLIED,FIRED_CONFIRMED,1,0,1,2752.273958,,0,0,,
aep_full-none-payments-e5e5c7dc-r9,p0,AEP_FULL,none,payments,AUTHORITATIVE_READBACK,CALLER_REFERENCE,e5dfa834-ef0f-4f8e-bb02-8eaa620c4b7f,CONFIRMED_APPLIED,FIRED_CONFIRMED,1,0,1,3974.983685,,0,0,,
aep_full-none-payments-e5e5c7dc-r9,p0,AEP_FULL,none,payments,AUTHORITATIVE_READBACK,CALLER_REFERENCE,9724f876-87fa-4bea-86c4-db89fc00a295,CONFIRMED_APPLIED,FIRED_CONFIRMED,1,0,1,4012.832223,,0,0,,
aep_full-none-payments-e5e5c7dc-r9,p0,AEP_FULL,none,payments,AUTHORITATIVE_READBACK,CALLER_REFERENCE,223d0b52-4c44-4ab3-9cef-8b90df669bab,CONFIRMED_APPLIED,FIRED_CONFIRMED,1,0,1,4016.552678,,0,0,,
aep_full-none-payments-e5e5c7dc-r9,p0,AEP_FULL,none,payments,AUTHORITATIVE_READBACK,CALLER_REFERENCE,672ec4be-ab7b-46f2-84a9-a0bc301234ba,CONFIRMED_APPLIED,FIRED_CONFIRMED,1,0,1,9001.82202,,0,0,,
aep_full-none-payments-e5e5c7dc-r9,p0,AEP_FULL,none,payments,AUTHORITATIVE_READBACK,CALLER_REFERENCE,a9e40796-0d22-4972-86c1-8fbf5ac37228,CONFIRMED_APPLIED,FIRED_CONFIRMED,1,0,1,4041.115368,,0,0,,
aep_full-none-payments-e5e5c7dc-r9,p0,AEP_FULL,none,payments,AUTHORITATIVE_READBACK,CALLER_REFERENCE,91a4bf8f-41c2-445f-8ca5-519fd43af28d,CONFIRMED_APPLIED,FIRED_CONFIRMED,1,0,1,4013.535201,,0,0,,
aep_full-none-payments-e5e5c7dc-r9,p0,AEP_FULL,none,payments,AUTHORITATIVE_READBACK,CALLER_REFERENCE,6e71a52f-1143-4eba-8f92-65a58894b3fa,CONFIRMED_APPLIED,FIRED_CONFIRMED,1,0,1,4018.305326,,0,0,,
aep_full-none-payments-e5e5c7dc-r9,p0,AEP_FULL,none,payments,AUTHORITATIVE_READBACK,CALLER_REFERENCE,8364e986-e4af-42e2-b816-1beeac4a3f90,CONFIRMED_APPLIED,FIRED_CONFIRMED,1,0,1,3910.923332,,0,0,,
b0_naive_retry-none-payments-5e60d107-r0,p0,B0_NAIVE_RETRY,none,payments,AUTHORITATIVE_READBACK,CALLER_REFERENCE,73f09d91-3cf1-4efa-94a5-ef8ae6b19ad5,CONFIRMED_APPLIED,APPLIED,1,0,1,2479.447441,,0,0,,
b0_naive_retry-none-payments-5e60d107-r0,p0,B0_NAIVE_RETRY,none,payments,AUTHORITATIVE_READBACK,CALLER_REFERENCE,a062d11e-8d2f-42e1-88d5-d561f9fcd839,CONFIRMED_APPLIED,APPLIED,1,0,1,2020.689856,,0,0,,
b0_naive_retry-none-payments-5e60d107-r0,p0,B0_NAIVE_RETRY,none,payments,AUTHORITATIVE_READBACK,CALLER_REFERENCE,1e4dd948-42a1-4a38-9e89-4753c976e8fa,CONFIRMED_APPLIED,APPLIED,2,0,2,7062.73221,,1,0,,
b0_naive_retry-none-payments-5e60d107-r0,p0,B0_NAIVE_RETRY,none,payments,AUTHORITATIVE_READBACK,CALLER_REFERENCE,6a2c8e94-2516-45f9-abdf-1d50b87462e2,CONFIRMED_APPLIED,APPLIED,1,0,1,2019.484002,,0,0,,
b0_naive_retry-none-payments-5e60d107-r0,p0,B0_NAIVE_RETRY,none,payments,AUTHORITATIVE_READBACK,CALLER_REFERENCE,f6fbe2c7-6024-42ed-b646-fa60bf91d137,CONFIRMED_APPLIED,APPLIED,1,0,1,2020.37133,,0,0,,
b0_naive_retry-none-payments-5e60d107-r0,p0,B0_NAIVE_RETRY,none,payments,AUTHORITATIVE_READBACK,CALLER_REFERENCE,960015f4-78ce-40f0-9165-234ac5806bf4,CONFIRMED_APPLIED,APPLIED,1,0,1,2495.817087,,0,0,,
b0_naive_retry-none-payments-5e60d107-r0,p0,B0_NAIVE_RETRY,none,payments,AUTHORITATIVE_READBACK,CALLER_REFERENCE,24972991-58db-4885-9a34-fa6d2e0ac904,CONFIRMED_APPLIED,APPLIED,2,0,2,7032.004805,,1,0,,
b0_naive_retry-none-payments-5e60d107-r0,p0,B0_NAIVE_RETRY,none,payments,AUTHORITATIVE_READBACK,CALLER_REFERENCE,0f7b1946-f05b-4bb4-a407-62962238999c,CONFIRMED_APPLIED,APPLIED,1,0,1,2042.107029,,0,0,,
b0_naive_retry-none-payments-5e60d107-r0,p0,B0_NAIVE_RETRY,none,payments,AUTHORITATIVE_READBACK,CALLER_REFERENCE,3a4ea205-991d-409d-8731-f2adb6e19f86,CONFIRMED_APPLIED,APPLIED,1,0,1,2027.14227,,0,0,,
b0_naive_retry-none-payments-5e60d107-r0,p0,B0_NAIVE_RETRY,none,payments,AUTHORITATIVE_READBACK,CALLER_REFERENCE,3bbfee9d-5667-45f9-b3ad-93f120dbdd96,CONFIRMED_APPLIED,APPLIED,1,0,1,2021.53333,,0,0,,
b0_naive_retry-none-payments-5e60d107-r1,p0,B0_NAIVE_RETRY,none,payments,AUTHORITATIVE_READBACK,CALLER_REFERENCE,49ce45e2-2636-4026-9cd2-c5179febd648,CONFIRMED_APPLIED,APPLIED,1,0,1,2564.288195,,0,0,,
b0_naive_retry-none-payments-5e60d107-r1,p0,B0_NAIVE_RETRY,none,payments,AUTHORITATIVE_READBACK,CALLER_REFERENCE,13f4ff9f-7af6-4154-ab91-bb181dda61d1,CONFIRMED_APPLIED,APPLIED,1,0,1,2021.263723,,0,0,,
b0_naive_retry-none-payments-5e60d107-r1,p0,B0_NAIVE_RETRY,none,payments,AUTHORITATIVE_READBACK,CALLER_REFERENCE,291bfb6c-e087-4d03-9a30-20638bfa18e4,CONFIRMED_APPLIED,APPLIED,1,0,1,2025.546864,,0,0,,
b0_naive_retry-none-payments-5e60d107-r1,p0,B0_NAIVE_RETRY,none,payments,AUTHORITATIVE_READBACK,CALLER_REFERENCE,fe9a51f1-2cfe-44d6-ab0e-193b1c1ed917,CONFIRMED_APPLIED,APPLIED,1,0,1,2024.572116,,0,0,,
b0_naive_retry-none-payments-5e60d107-r1,p0,B0_NAIVE_RETRY,none,payments,AUTHORITATIVE_READBACK,CALLER_REFERENCE,b68d2d8a-cf5c-4d6e-8367-0f8a700fb914,CONFIRMED_APPLIED,APPLIED,1,0,1,2021.705894,,0,0,,
b0_naive_retry-none-payments-5e60d107-r1,p0,B0_NAIVE_RETRY,none,payments,AUTHORITATIVE_READBACK,CALLER_REFERENCE,f88c822c-dbfc-41d4-a328-b439ea5d61dc,CONFIRMED_APPLIED,APPLIED,1,0,1,2546.011459,,0,0,,
b0_naive_retry-none-payments-5e60d107-r1,p0,B0_NAIVE_RETRY,none,payments,AUTHORITATIVE_READBACK,CALLER_REFERENCE,38b8ec11-881b-439a-8006-885381f634a1,CONFIRMED_APPLIED,APPLIED,1,0,1,2023.264522,,0,0,,
b0_naive_retry-none-payments-5e60d107-r1,p0,B0_NAIVE_RETRY,none,payments,AUTHORITATIVE_READBACK,CALLER_REFERENCE,67f93c1c-d856-4d83-a07e-d6e6449d698e,CONFIRMED_APPLIED,APPLIED,1,0,1,2021.033833,,0,0,,
b0_naive_retry-none-payments-5e60d107-r1,p0,B0_NAIVE_RETRY,none,payments,AUTHORITATIVE_READBACK,CALLER_REFERENCE,384b2fff-e076-4919-bb79-2739f0b146b5,CONFIRMED_APPLIED,APPLIED,1,0,1,2044.277319,,0,0,,
b0_naive_retry-none-payments-5e60d107-r1,p0,B0_NAIVE_RETRY,none,payments,AUTHORITATIVE_READBACK,CALLER_REFERENCE,fa4a40b5-03d6-48dd-883e-617853a5ac11,CONFIRMED_APPLIED,APPLIED,1,0,1,2038.216063,,0,0,,
b0_naive_retry-none-payments-5e60d107-r10,p0,B0_NAIVE_RETRY,none,payments,AUTHORITATIVE_READBACK,CALLER_REFERENCE,6e47942c-d614-4bdb-b149-bbe13c3ed1e1,CONFIRMED_APPLIED,APPLIED,1,0,1,2758.436732,,0,0,,
b0_naive_retry-none-payments-5e60d107-r10,p0,B0_NAIVE_RETRY,none,payments,AUTHORITATIVE_READBACK,CALLER_REFERENCE,3128b9d7-7b0c-44bb-97f6-e33101f31b07,CONFIRMED_APPLIED,APPLIED,1,0,1,2041.00232,,0,0,,
b0_naive_retry-none-payments-5e60d107-r10,p0,B0_NAIVE_RETRY,none,payments,AUTHORITATIVE_READBACK,CALLER_REFERENCE,8207ffc2-c51f-420e-87b4-8ed98eb6c0a0,CONFIRMED_APPLIED,APPLIED,1,0,1,2024.734779,,0,0,,
b0_naive_retry-none-payments-5e60d107-r10,p0,B0_NAIVE_RETRY,none,payments,AUTHORITATIVE_READBACK,CALLER_REFERENCE,51955620-b72e-489c-8443-ec00dbb2a95d,CONFIRMED_APPLIED,APPLIED,1,0,1,2022.324054,,0,0,,
b0_naive_retry-none-payments-5e60d107-r10,p0,B0_NAIVE_RETRY,none,payments,AUTHORITATIVE_READBACK,CALLER_REFERENCE,b9d00f3d-fd1e-481b-bb48-bfdf0fdf6cff,CONFIRMED_APPLIED,APPLIED,1,0,1,2027.426678,,0,0,,
b0_naive_retry-none-payments-5e60d107-r10,p0,B0_NAIVE_RETRY,none,payments,AUTHORITATIVE_READBACK,CALLER_REFERENCE,b58091d0-bf6b-492a-b66d-f0449d39484e,CONFIRMED_APPLIED,APPLIED,3,0,3,12683.943235,,1,0,,
b0_naive_retry-none-payments-5e60d107-r10,p0,B0_NAIVE_RETRY,none,payments,AUTHORITATIVE_READBACK,CALLER_REFERENCE,8bfd4d56-2c8a-4119-b668-eff38a237aee,CONFIRMED_APPLIED,APPLIED,1,0,1,2023.8482,,0,0,,
b0_naive_retry-none-payments-5e60d107-r10,p0,B0_NAIVE_RETRY,none,payments,AUTHORITATIVE_READBACK,CALLER_REFERENCE,089419f7-5970-4221-a2c2-667971987361,CONFIRMED_APPLIED,APPLIED,1,0,2,4042.907441,,0,0,,
b0_naive_retry-none-payments-5e60d107-r10,p0,B0_NAIVE_RETRY,none,payments,AUTHORITATIVE_READBACK,CALLER_REFERENCE,6008ecb0-fe7e-4559-8ba7-7b3b90928e76,CONFIRMED_APPLIED,APPLIED,1,0,1,2019.131392,,0,0,,
b0_naive_retry-none-payments-5e60d107-r10,p0,B0_NAIVE_RETRY,none,payments,AUTHORITATIVE_READBACK,CALLER_REFERENCE,54ce60a6-289c-4ee4-a1d4-20ff5e9241a2,CONFIRMED_APPLIED,APPLIED,1,0,1,2017.657918,,0,0,,
b0_naive_retry-none-payments-5e60d107-r11,p0,B0_NAIVE_RETRY,none,payments,AUTHORITATIVE_READBACK,CALLER_REFERENCE,a669bb8a-e27d-47d0-8923-ee519b67d846,CONFIRMED_APPLIED,APPLIED,2,0,2,7509.759772,,1,0,,
b0_naive_retry-none-payments-5e60d107-r11,p0,B0_NAIVE_RETRY,none,payments,AUTHORITATIVE_READBACK,CALLER_REFERENCE,f2376da4-62d1-4bc9-bc86-3712f2ab37a1,CONFIRMED_APPLIED,APPLIED,1,0,1,2023.208382,,0,0,,
b0_naive_retry-none-payments-5e60d107-r11,p0,B0_NAIVE_RETRY,none,payments,AUTHORITATIVE_READBACK,CALLER_REFERENCE,161b22ca-48d8-4ebc-97e0-d8cf4373dcdb,CONFIRMED_APPLIED,APPLIED,2,0,2,7022.943287,,1,0,,
b0_naive_retry-none-payments-5e60d107-r11,p0,B0_NAIVE_RETRY,none,payments,AUTHORITATIVE_READBACK,CALLER_REFERENCE,be8dcde8-2457-4e4d-aa73-161474c578b8,CONFIRMED_APPLIED,APPLIED,1,0,1,2018.978042,,0,0,,
b0_naive_retry-none-payments-5e60d107-r11,p0,B0_NAIVE_RETRY,none,payments,AUTHORITATIVE_READBACK,CALLER_REFERENCE,0b4aed5b-b67f-46fa-b55f-f1071284e816,CONFIRMED_APPLIED,APPLIED,1,0,1,2019.78614,,0,0,,
b0_naive_retry-none-payments-5e60d107-r11,p0,B0_NAIVE_RETRY,none,payments,AUTHORITATIVE_READBACK,CALLER_REFERENCE,ec7df8a4-6cd3-464e-b664-58bc4e3df7ee,CONFIRMED_APPLIED,APPLIED,1,0,1,2530.074778,,0,0,,
b0_naive_retry-none-payments-5e60d107-r11,p0,B0_NAIVE_RETRY,none,payments,AUTHORITATIVE_READBACK,CALLER_REFERENCE,4d3fd99f-48f3-461a-add9-26138a688555,CONFIRMED_APPLIED,APPLIED,1,0,1,2021.271237,,0,0,,
b0_naive_retry-none-payments-5e60d107-r11,p0,B0_NAIVE_RETRY,none,payments,AUTHORITATIVE_READBACK,CALLER_REFERENCE,c0bb6708-f0e8-4c9f-bf9d-88653adf129d,CONFIRMED_APPLIED,APPLIED,1,0,1,2016.672137,,0,0,,
b0_naive_retry-none-payments-5e60d107-r11,p0,B0_NAIVE_RETRY,none,payments,AUTHORITATIVE_READBACK,CALLER_REFERENCE,33b2e992-78b8-47dc-bff2-1d28011ca235,CONFIRMED_APPLIED,APPLIED,1,0,1,2015.362993,,0,0,,
b0_naive_retry-none-payments-5e60d107-r11,p0,B0_NAIVE_RETRY,none,payments,AUTHORITATIVE_READBACK,CALLER_REFERENCE,89c0bfd8-8cd7-475a-a973-8e02f4a416ae,CONFIRMED_APPLIED,APPLIED,1,0,1,2017.806917,,0,0,,
b0_naive_retry-none-payments-5e60d107-r12,p0,B0_NAIVE_RETRY,none,payments,AUTHORITATIVE_READBACK,CALLER_REFERENCE,ae7910b4-cdbf-456f-9610-afb981cdc1fe,CONFIRMED_APPLIED,APPLIED,1,0,1,2365.957673,,0,0,,
b0_naive_retry-none-payments-5e60d107-r12,p0,B0_NAIVE_RETRY,none,payments,AUTHORITATIVE_READBACK,CALLER_REFERENCE,aeb53366-850e-48e4-a25c-3ec87708df30,CONFIRMED_APPLIED,APPLIED,1,0,1,2016.948327,,0,0,,
b0_naive_retry-none-payments-5e60d107-r12,p0,B0_NAIVE_RETRY,none,payments,AUTHORITATIVE_READBACK,CALLER_REFERENCE,7236670a-0ddc-478e-a147-259df411c103,CONFIRMED_APPLIED,APPLIED,1,0,1,2018.377407,,0,0,,
b0_naive_retry-none-payments-5e60d107-r12,p0,B0_NAIVE_RETRY,none,payments,AUTHORITATIVE_READBACK,CALLER_REFERENCE,d06adbd1-9b42-4518-bd6d-3a9f26230358,CONFIRMED_APPLIED,APPLIED,1,0,1,2024.741915,,0,0,,
b0_naive_retry-none-payments-5e60d107-r12,p0,B0_NAIVE_RETRY,none,payments,AUTHORITATIVE_READBACK,CALLER_REFERENCE,1b1f40a8-3fca-43e2-91d7-536fca990b37,CONFIRMED_APPLIED,APPLIED,1,0,1,2022.89956,,0,0,,
b0_naive_retry-none-payments-5e60d107-r12,p0,B0_NAIVE_RETRY,none,payments,AUTHORITATIVE_READBACK,CALLER_REFERENCE,2582286e-0a65-4dbc-a925-db446b2f3510,CONFIRMED_APPLIED,APPLIED,1,0,1,2377.200736,,0,0,,
b0_naive_retry-none-payments-5e60d107-r12,p0,B0_NAIVE_RETRY,none,payments,AUTHORITATIVE_READBACK,CALLER_REFERENCE,9547e791-07db-4348-9dd3-9420f1b533c1,CONFIRMED_APPLIED,APPLIED,1,0,1,2015.083796,,0,0,,
b0_naive_retry-none-payments-5e60d107-r12,p0,B0_NAIVE_RETRY,none,payments,AUTHORITATIVE_READBACK,CALLER_REFERENCE,4222be6b-cc7b-4981-a8b7-efc62e11c9d6,CONFIRMED_APPLIED,APPLIED,1,0,1,2021.191681,,0,0,,
b0_naive_retry-none-payments-5e60d107-r12,p0,B0_NAIVE_RETRY,none,payments,AUTHORITATIVE_READBACK,CALLER_REFERENCE,64a8496f-3b19-4ed2-b309-ff6eab765f7b,CONFIRMED_APPLIED,APPLIED,1,0,1,2024.696578,,0,0,,
b0_naive_retry-none-payments-5e60d107-r12,p0,B0_NAIVE_RETRY,none,payments,AUTHORITATIVE_READBACK,CALLER_REFERENCE,62281bcb-4a38-4762-aef7-b2aeb7f1fa1a,CONFIRMED_APPLIED,APPLIED,2,0,2,7031.959195,,1,0,,
b0_naive_retry-none-payments-5e60d107-r13,p0,B0_NAIVE_RETRY,none,payments,AUTHORITATIVE_READBACK,CALLER_REFERENCE,06b170d5-6442-4927-b407-301a52f538a2,CONFIRMED_APPLIED,APPLIED,1,0,1,2354.950598,,0,0,,
b0_naive_retry-none-payments-5e60d107-r13,p0,B0_NAIVE_RETRY,none,payments,AUTHORITATIVE_READBACK,CALLER_REFERENCE,cccff244-b771-4daa-b8a8-17035b5fb935,CONFIRMED_APPLIED,APPLIED,1,0,1,2016.075163,,0,0,,
b0_naive_retry-none-payments-5e60d107-r13,p0,B0_NAIVE_RETRY,none,payments,AUTHORITATIVE_READBACK,CALLER_REFERENCE,b4e5ab6b-2405-468d-8ec2-b57abfd75f66,CONFIRMED_APPLIED,APPLIED,3,0,3,12037.871352,,1,0,,
b0_naive_retry-none-payments-5e60d107-r13,p0,B0_NAIVE_RETRY,none,payments,AUTHORITATIVE_READBACK,CALLER_REFERENCE,1aef7188-ab5f-4dd5-ad05-0123a09bc93a,CONFIRMED_APPLIED,APPLIED,1,0,1,2019.752879,,0,0,,
b0_naive_retry-none-payments-5e60d107-r13,p0,B0_NAIVE_RETRY,none,payments,AUTHORITATIVE_READBACK,CALLER_REFERENCE,dd5f56e1-a209-4232-88f6-dcff44bfe1ff,CONFIRMED_APPLIED,APPLIED,1,0,1,2017.455454,,0,0,,
b0_naive_retry-none-payments-5e60d107-r13,p0,B0_NAIVE_RETRY,none,payments,AUTHORITATIVE_READBACK,CALLER_REFERENCE,c0bef7ac-4523-4349-9fe1-97f667f593aa,CONFIRMED_APPLIED,APPLIED,1,0,1,2368.204277,,0,0,,
b0_naive_retry-none-payments-5e60d107-r13,p0,B0_NAIVE_RETRY,none,payments,AUTHORITATIVE_READBACK,CALLER_REFERENCE,15f5fb70-be55-4635-8b0c-8c93bf30536f,CONFIRMED_APPLIED,APPLIED,1,0,1,2014.214605,,0,0,,
b0_naive_retry-none-payments-5e60d107-r13,p0,B0_NAIVE_RETRY,none,payments,AUTHORITATIVE_READBACK,CALLER_REFERENCE,203fd205-fc99-4a12-9f76-e8cc3aef12f8,CONFIRMED_APPLIED,APPLIED,1,0,1,2023.154135,,0,0,,
b0_naive_retry-none-payments-5e60d107-r13,p0,B0_NAIVE_RETRY,none,payments,AUTHORITATIVE_READBACK,CALLER_REFERENCE,f8bd51e8-c6ff-4bb5-ac74-ec0095b9a339,CONFIRMED_APPLIED,APPLIED,1,0,1,2024.874784,,0,0,,
b0_naive_retry-none-payments-5e60d107-r13,p0,B0_NAIVE_RETRY,none,payments,AUTHORITATIVE_READBACK,CALLER_REFERENCE,a5637c13-995f-4aaf-aea4-724ec683f90c,CONFIRMED_APPLIED,APPLIED,1,0,1,2013.65123,,0,0,,
b0_naive_retry-none-payments-5e60d107-r14,p0,B0_NAIVE_RETRY,none,payments,AUTHORITATIVE_READBACK,CALLER_REFERENCE,11e4695e-b791-4f14-bec0-66e88c20b85d,CONFIRMED_APPLIED,APPLIED,1,0,1,2452.696563,,0,0,,
b0_naive_retry-none-payments-5e60d107-r14,p0,B0_NAIVE_RETRY,none,payments,AUTHORITATIVE_READBACK,CALLER_REFERENCE,19ad4fb8-1b6e-4198-ba8c-62091a0fcf7c,CONFIRMED_APPLIED,APPLIED,1,0,1,2019.486865,,0,0,,
b0_naive_retry-none-payments-5e60d107-r14,p0,B0_NAIVE_RETRY,none,payments,AUTHORITATIVE_READBACK,CALLER_REFERENCE,c7a30210-19d2-40cd-8b81-f9cbd1c599df,CONFIRMED_APPLIED,APPLIED,2,0,2,7361.372211,,1,0,,
b0_naive_retry-none-payments-5e60d107-r14,p0,B0_NAIVE_RETRY,none,payments,AUTHORITATIVE_READBACK,CALLER_REFERENCE,2a49039b-cb53-4bc4-bbe3-c878ffbc49b9,CONFIRMED_APPLIED,APPLIED,1,0,1,2231.331455,,0,0,,
b0_naive_retry-none-payments-5e60d107-r14,p0,B0_NAIVE_RETRY,none,payments,AUTHORITATIVE_READBACK,CALLER_REFERENCE,5dd8d788-c379-450b-baa0-11a2fb5dc0a0,CONFIRMED_APPLIED,APPLIED,2,0,2,7372.5241,,1,0,,
b0_naive_retry-none-payments-5e60d107-r14,p0,B0_NAIVE_RETRY,none,payments,AUTHORITATIVE_READBACK,CALLER_REFERENCE,a96439b0-cd32-43a4-9507-c3e3b685d6fb,CONFIRMED_APPLIED,APPLIED,1,0,1,2471.216844,,0,0,,
b0_naive_retry-none-payments-5e60d107-r14,p0,B0_NAIVE_RETRY,none,payments,AUTHORITATIVE_READBACK,CALLER_REFERENCE,db357858-9e4f-4cc6-9692-0070b8a741bd,CONFIRMED_APPLIED,APPLIED,1,0,1,2019.604352,,0,0,,
b0_naive_retry-none-payments-5e60d107-r14,p0,B0_NAIVE_RETRY,none,payments,AUTHORITATIVE_READBACK,CALLER_REFERENCE,46e20316-389d-467c-a742-d8470002d5e2,CONFIRMED_APPLIED,APPLIED,2,0,2,7572.744104,,1,0,,
b0_naive_retry-none-payments-5e60d107-r14,p0,B0_NAIVE_RETRY,none,payments,AUTHORITATIVE_READBACK,CALLER_REFERENCE,5501a649-fe0d-4b08-a5ff-523e1b91655a,CONFIRMED_APPLIED,APPLIED,1,0,1,2220.483557,,0,0,,
b0_naive_retry-none-payments-5e60d107-r14,p0,B0_NAIVE_RETRY,none,payments,AUTHORITATIVE_READBACK,CALLER_REFERENCE,44369133-5c6a-4759-93dd-99102877bbcd,CONFIRMED_APPLIED,APPLIED,1,0,1,2610.026232,,0,0,,
b0_naive_retry-none-payments-5e60d107-r2,p0,B0_NAIVE_RETRY,none,payments,AUTHORITATIVE_READBACK,CALLER_REFERENCE,97f5a350-65ed-4d65-91c4-b3f833c23118,CONFIRMED_APPLIED,APPLIED,1,0,1,2677.475942,,0,0,,
b0_naive_retry-none-payments-5e60d107-r2,p0,B0_NAIVE_RETRY,none,payments,AUTHORITATIVE_READBACK,CALLER_REFERENCE,f2fd2e8e-05ed-45b7-bac8-1fc1b51a4bd2,CONFIRMED_APPLIED,APPLIED,1,0,1,2032.098993,,0,0,,
b0_naive_retry-none-payments-5e60d107-r2,p0,B0_NAIVE_RETRY,none,payments,AUTHORITATIVE_READBACK,CALLER_REFERENCE,68bc6d65-82d4-4c09-83ee-abfa262949cb,UNVERIFIED_FAILURE,FAILED,3,0,3,15044.227437,,1,1,,
b0_naive_retry-none-payments-5e60d107-r2,p0,B0_NAIVE_RETRY,none,payments,AUTHORITATIVE_READBACK,CALLER_REFERENCE,94728426-9340-4af1-a8e2-b379f42ad43a,CONFIRMED_APPLIED,APPLIED,1,0,1,2029.954639,,0,0,,
b0_naive_retry-none-payments-5e60d107-r2,p0,B0_NAIVE_RETRY,none,payments,AUTHORITATIVE_READBACK,CALLER_REFERENCE,6f2de5b0-cbcb-4d67-a721-7ac682590061,CONFIRMED_APPLIED,APPLIED,1,0,1,2035.068251,,0,0,,
b0_naive_retry-none-payments-5e60d107-r2,p0,B0_NAIVE_RETRY,none,payments,AUTHORITATIVE_READBACK,CALLER_REFERENCE,33d69517-baf6-44ac-b2fb-c5a63b98c8e1,CONFIRMED_APPLIED,APPLIED,1,0,1,2696.821771,,0,0,,
b0_naive_retry-none-payments-5e60d107-r2,p0,B0_NAIVE_RETRY,none,payments,AUTHORITATIVE_READBACK,CALLER_REFERENCE,1a28fa18-e5f6-4515-b838-b9fa2825c83b,CONFIRMED_APPLIED,APPLIED,1,0,1,2031.437951,,0,0,,
b0_naive_retry-none-payments-5e60d107-r2,p0,B0_NAIVE_RETRY,none,payments,AUTHORITATIVE_READBACK,CALLER_REFERENCE,ecb028ff-dfab-402c-b1d1-540fb5fd546b,CONFIRMED_APPLIED,APPLIED,1,0,1,2046.287522,,0,0,,
b0_naive_retry-none-payments-5e60d107-r2,p0,B0_NAIVE_RETRY,none,payments,AUTHORITATIVE_READBACK,CALLER_REFERENCE,238f3668-0853-4cdb-ad5e-f59658f1bf5f,CONFIRMED_APPLIED,APPLIED,1,0,1,2029.020169,,0,0,,
b0_naive_retry-none-payments-5e60d107-r2,p0,B0_NAIVE_RETRY,none,payments,AUTHORITATIVE_READBACK,CALLER_REFERENCE,709eccc6-adcc-4371-a6a7-1cf04478d797,CONFIRMED_APPLIED,APPLIED,1,0,1,2041.503228,,0,0,,
b0_naive_retry-none-payments-5e60d107-r3,p0,B0_NAIVE_RETRY,none,payments,AUTHORITATIVE_READBACK,CALLER_REFERENCE,b318cb14-7976-42ac-8d61-64528f640259,CONFIRMED_APPLIED,APPLIED,1,0,1,11475.489602,,0,0,,
b0_naive_retry-none-payments-5e60d107-r3,p0,B0_NAIVE_RETRY,none,payments,AUTHORITATIVE_READBACK,CALLER_REFERENCE,ef4df7e1-61f0-43fa-bfb6-d7787a44b077,CONFIRMED_APPLIED,APPLIED,1,0,1,2473.506603,,0,0,,
b0_naive_retry-none-payments-5e60d107-r3,p0,B0_NAIVE_RETRY,none,payments,AUTHORITATIVE_READBACK,CALLER_REFERENCE,27b2abc6-b7ca-4d43-923a-47192885c79d,CONFIRMED_APPLIED,APPLIED,2,0,2,7389.106709,,1,0,,
b0_naive_retry-none-payments-5e60d107-r3,p0,B0_NAIVE_RETRY,none,payments,AUTHORITATIVE_READBACK,CALLER_REFERENCE,ac58293b-4562-4645-ba61-0230879c7877,CONFIRMED_APPLIED,APPLIED,1,0,1,2492.779558,,0,0,,
b0_naive_retry-none-payments-5e60d107-r3,p0,B0_NAIVE_RETRY,none,payments,AUTHORITATIVE_READBACK,CALLER_REFERENCE,b399da68-b5ed-4cc0-8552-c91185908f12,CONFIRMED_APPLIED,APPLIED,2,0,2,7072.036456,,1,0,,
b0_naive_retry-none-payments-5e60d107-r3,p0,B0_NAIVE_RETRY,none,payments,AUTHORITATIVE_READBACK,CALLER_REFERENCE,9e8d3536-6443-4a6e-9488-a01bfb134e16,CONFIRMED_APPLIED,APPLIED,1,0,1,10968.737288,,0,0,,
b0_naive_retry-none-payments-5e60d107-r3,p0,B0_NAIVE_RETRY,none,payments,AUTHORITATIVE_READBACK,CALLER_REFERENCE,d65d5174-3784-4ec7-a0bb-2ccdc0bcf88a,CONFIRMED_APPLIED,APPLIED,1,0,1,2165.048242,,0,0,,
b0_naive_retry-none-payments-5e60d107-r3,p0,B0_NAIVE_RETRY,none,payments,AUTHORITATIVE_READBACK,CALLER_REFERENCE,d61e8d48-3b14-4d78-9ce7-90f6def8d221,CONFIRMED_APPLIED,APPLIED,1,0,1,2308.370833,,0,0,,
b0_naive_retry-none-payments-5e60d107-r3,p0,B0_NAIVE_RETRY,none,payments,AUTHORITATIVE_READBACK,CALLER_REFERENCE,6da86bbb-d6ba-4b49-a182-95d69561b1dd,CONFIRMED_APPLIED,APPLIED,2,0,2,7454.986997,,1,0,,
b0_naive_retry-none-payments-5e60d107-r3,p0,B0_NAIVE_RETRY,none,payments,AUTHORITATIVE_READBACK,CALLER_REFERENCE,43841d84-3335-4584-8907-db084ab4f57e,CONFIRMED_APPLIED,APPLIED,1,0,1,2420.938497,,0,0,,
b0_naive_retry-none-payments-5e60d107-r4,p0,B0_NAIVE_RETRY,none,payments,AUTHORITATIVE_READBACK,CALLER_REFERENCE,7b2623f5-08f7-4b10-b0be-67e2e7a3ddcc,CONFIRMED_APPLIED,APPLIED,1,0,1,2486.524345,,0,0,,
b0_naive_retry-none-payments-5e60d107-r4,p0,B0_NAIVE_RETRY,none,payments,AUTHORITATIVE_READBACK,CALLER_REFERENCE,f719b022-5a85-4add-a596-8a827de0ad93,CONFIRMED_APPLIED,APPLIED,1,0,1,2023.963067,,0,0,,
b0_naive_retry-none-payments-5e60d107-r4,p0,B0_NAIVE_RETRY,none,payments,AUTHORITATIVE_READBACK,CALLER_REFERENCE,7e8ed74a-c28b-44a3-8953-398fec10e577,CONFIRMED_APPLIED,APPLIED,1,0,1,2039.43252,,0,0,,
b0_naive_retry-none-payments-5e60d107-r4,p0,B0_NAIVE_RETRY,none,payments,AUTHORITATIVE_READBACK,CALLER_REFERENCE,b27c9b50-5486-4bcd-97d7-d2869003a2f3,CONFIRMED_APPLIED,APPLIED,1,0,2,4035.592539,,0,0,,
b0_naive_retry-none-payments-5e60d107-r4,p0,B0_NAIVE_RETRY,none,payments,AUTHORITATIVE_READBACK,CALLER_REFERENCE,072ff696-f0ba-433b-857e-624977902544,CONFIRMED_APPLIED,APPLIED,1,0,1,2017.162392,,0,0,,
b0_naive_retry-none-payments-5e60d107-r4,p0,B0_NAIVE_RETRY,none,payments,AUTHORITATIVE_READBACK,CALLER_REFERENCE,6fcc926e-f93d-4e64-874c-25e1096a9752,CONFIRMED_APPLIED,APPLIED,1,0,1,2502.101913,,0,0,,
b0_naive_retry-none-payments-5e60d107-r4,p0,B0_NAIVE_RETRY,none,payments,AUTHORITATIVE_READBACK,CALLER_REFERENCE,9b4abf63-123e-4bac-8db3-02e97fca67bf,CONFIRMED_APPLIED,APPLIED,1,0,1,2025.173123,,0,0,,
b0_naive_retry-none-payments-5e60d107-r4,p0,B0_NAIVE_RETRY,none,payments,AUTHORITATIVE_READBACK,CALLER_REFERENCE,244092d3-378e-460a-9bf9-a509e04501d5,CONFIRMED_APPLIED,APPLIED,1,0,1,2046.803674,,0,0,,
b0_naive_retry-none-payments-5e60d107-r4,p0,B0_NAIVE_RETRY,none,payments,AUTHORITATIVE_READBACK,CALLER_REFERENCE,25bfb8c5-1bb2-4199-997c-5ee55b81afdf,CONFIRMED_APPLIED,APPLIED,1,0,1,2039.151258,,0,0,,
b0_naive_retry-none-payments-5e60d107-r4,p0,B0_NAIVE_RETRY,none,payments,AUTHORITATIVE_READBACK,CALLER_REFERENCE,d278aeba-0dd8-445a-b9cd-bd3f15b6a076,CONFIRMED_APPLIED,APPLIED,1,0,1,2019.892895,,0,0,,
b0_naive_retry-none-payments-5e60d107-r5,p0,B0_NAIVE_RETRY,none,payments,AUTHORITATIVE_READBACK,CALLER_REFERENCE,46f7f372-a13d-41f9-a36d-95a6b386cf3c,CONFIRMED_APPLIED,APPLIED,1,0,1,2900.178737,,0,0,,
b0_naive_retry-none-payments-5e60d107-r5,p0,B0_NAIVE_RETRY,none,payments,AUTHORITATIVE_READBACK,CALLER_REFERENCE,1a6a87c6-1470-4806-8859-f493f213824f,CONFIRMED_APPLIED,APPLIED,1,0,1,2063.21017,,0,0,,
b0_naive_retry-none-payments-5e60d107-r5,p0,B0_NAIVE_RETRY,none,payments,AUTHORITATIVE_READBACK,CALLER_REFERENCE,074bc192-c944-4229-8653-d90f4a9376ca,CONFIRMED_APPLIED,APPLIED,1,0,1,2088.684895,,0,0,,
b0_naive_retry-none-payments-5e60d107-r5,p0,B0_NAIVE_RETRY,none,payments,AUTHORITATIVE_READBACK,CALLER_REFERENCE,434f928e-1e5e-45bf-aee0-f04ac5339ec1,CONFIRMED_APPLIED,APPLIED,1,0,1,2061.972635,,0,0,,
b0_naive_retry-none-payments-5e60d107-r5,p0,B0_NAIVE_RETRY,none,payments,AUTHORITATIVE_READBACK,CALLER_REFERENCE,99267603-9201-4328-8453-115a4c0a0e24,CONFIRMED_APPLIED,APPLIED,1,0,1,2034.138608,,0,0,,
b0_naive_retry-none-payments-5e60d107-r5,p0,B0_NAIVE_RETRY,none,payments,AUTHORITATIVE_READBACK,CALLER_REFERENCE,7cb6e8f7-b816-4c81-be7d-b70c46201d99,CONFIRMED_APPLIED,APPLIED,1,0,1,2888.515154,,0,0,,
b0_naive_retry-none-payments-5e60d107-r5,p0,B0_NAIVE_RETRY,none,payments,AUTHORITATIVE_READBACK,CALLER_REFERENCE,a6a0f1a7-1174-45ab-b065-aba32b80b35a,CONFIRMED_APPLIED,APPLIED,1,0,1,2058.332087,,0,0,,
b0_naive_retry-none-payments-5e60d107-r5,p0,B0_NAIVE_RETRY,none,payments,AUTHORITATIVE_READBACK,CALLER_REFERENCE,82f36d18-282e-4a93-9171-f018573d97a1,CONFIRMED_APPLIED,APPLIED,2,0,2,7042.28097,,1,0,,
b0_naive_retry-none-payments-5e60d107-r5,p0,B0_NAIVE_RETRY,none,payments,AUTHORITATIVE_READBACK,CALLER_REFERENCE,444d0383-5a2c-427e-8e10-a8f6cb1e384e,CONFIRMED_APPLIED,APPLIED,1,0,1,2028.944549,,0,0,,
b0_naive_retry-none-payments-5e60d107-r5,p0,B0_NAIVE_RETRY,none,payments,AUTHORITATIVE_READBACK,CALLER_REFERENCE,9a71de59-c968-4d7d-86e7-7b08fd4f5209,CONFIRMED_APPLIED,APPLIED,1,0,1,2021.781794,,0,0,,
b0_naive_retry-none-payments-5e60d107-r6,p0,B0_NAIVE_RETRY,none,payments,AUTHORITATIVE_READBACK,CALLER_REFERENCE,bbb81924-1cd6-4503-8e4f-f94fbb79165b,CONFIRMED_APPLIED,APPLIED,1,0,1,2418.189259,,0,0,,
b0_naive_retry-none-payments-5e60d107-r6,p0,B0_NAIVE_RETRY,none,payments,AUTHORITATIVE_READBACK,CALLER_REFERENCE,d76b7f06-3e90-4433-8756-63d84ec3eee8,CONFIRMED_APPLIED,APPLIED,1,0,1,2014.208206,,0,0,,
b0_naive_retry-none-payments-5e60d107-r6,p0,B0_NAIVE_RETRY,none,payments,AUTHORITATIVE_READBACK,CALLER_REFERENCE,0985c7c5-c80a-4b6b-bbf2-ba7800cdc2e3,CONFIRMED_APPLIED,APPLIED,1,0,1,2015.556356,,0,0,,
b0_naive_retry-none-payments-5e60d107-r6,p0,B0_NAIVE_RETRY,none,payments,AUTHORITATIVE_READBACK,CALLER_REFERENCE,58dade26-4ccd-453b-9fbc-e7e0ac9b0368,CONFIRMED_APPLIED,APPLIED,1,0,1,2014.433224,,0,0,,
b0_naive_retry-none-payments-5e60d107-r6,p0,B0_NAIVE_RETRY,none,payments,AUTHORITATIVE_READBACK,CALLER_REFERENCE,672850e5-4c38-47cf-976d-a8f19bc704c2,CONFIRMED_APPLIED,APPLIED,2,0,2,7026.985445,,1,0,,
b0_naive_retry-none-payments-5e60d107-r6,p0,B0_NAIVE_RETRY,none,payments,AUTHORITATIVE_READBACK,CALLER_REFERENCE,5ac9fa97-170f-4e83-8506-705876887e60,CONFIRMED_APPLIED,APPLIED,1,0,1,2405.30252,,0,0,,
b0_naive_retry-none-payments-5e60d107-r6,p0,B0_NAIVE_RETRY,none,payments,AUTHORITATIVE_READBACK,CALLER_REFERENCE,b55cbefd-7fce-4cdf-952e-2c86c4136986,CONFIRMED_APPLIED,APPLIED,1,0,1,2015.00197,,0,0,,
b0_naive_retry-none-payments-5e60d107-r6,p0,B0_NAIVE_RETRY,none,payments,AUTHORITATIVE_READBACK,CALLER_REFERENCE,664033d1-9eea-44dd-b4e7-51ee14ac3a39,CONFIRMED_APPLIED,APPLIED,1,0,1,2014.176284,,0,0,,
b0_naive_retry-none-payments-5e60d107-r6,p0,B0_NAIVE_RETRY,none,payments,AUTHORITATIVE_READBACK,CALLER_REFERENCE,d6283fee-f2f1-496d-8972-e0a0428ec402,CONFIRMED_APPLIED,APPLIED,1,0,1,2014.992896,,0,0,,
b0_naive_retry-none-payments-5e60d107-r6,p0,B0_NAIVE_RETRY,none,payments,AUTHORITATIVE_READBACK,CALLER_REFERENCE,c7248fed-3ec4-4b6e-92d4-0f18212d8674,CONFIRMED_APPLIED,APPLIED,1,0,1,2021.220136,,0,0,,
b0_naive_retry-none-payments-5e60d107-r7,p0,B0_NAIVE_RETRY,none,payments,AUTHORITATIVE_READBACK,CALLER_REFERENCE,dac582ef-9245-4a9e-9080-1ceb07080c8f,CONFIRMED_APPLIED,APPLIED,1,0,1,2481.306941,,0,0,,
b0_naive_retry-none-payments-5e60d107-r7,p0,B0_NAIVE_RETRY,none,payments,AUTHORITATIVE_READBACK,CALLER_REFERENCE,3be404e8-a385-4797-826f-f44b3ccf764e,CONFIRMED_APPLIED,APPLIED,1,0,1,2023.174056,,0,0,,
b0_naive_retry-none-payments-5e60d107-r7,p0,B0_NAIVE_RETRY,none,payments,AUTHORITATIVE_READBACK,CALLER_REFERENCE,3095f3e3-b70c-4300-a1e2-2b9cb3ce80e6,CONFIRMED_APPLIED,APPLIED,1,0,1,2022.900751,,0,0,,
b0_naive_retry-none-payments-5e60d107-r7,p0,B0_NAIVE_RETRY,none,payments,AUTHORITATIVE_READBACK,CALLER_REFERENCE,9fa5d92f-144d-47d1-8fcd-520a6aa5dd14,CONFIRMED_APPLIED,APPLIED,1,0,1,2025.239982,,0,0,,
b0_naive_retry-none-payments-5e60d107-r7,p0,B0_NAIVE_RETRY,none,payments,AUTHORITATIVE_READBACK,CALLER_REFERENCE,c522f69a-323c-4851-b046-c87ffcc6bba0,CONFIRMED_APPLIED,APPLIED,1,0,1,2031.687498,,0,0,,
b0_naive_retry-none-payments-5e60d107-r7,p0,B0_NAIVE_RETRY,none,payments,AUTHORITATIVE_READBACK,CALLER_REFERENCE,d6d63938-c8fe-4a26-8ee6-11602992c4ff,CONFIRMED_APPLIED,APPLIED,1,0,1,2498.55942,,0,0,,
b0_naive_retry-none-payments-5e60d107-r7,p0,B0_NAIVE_RETRY,none,payments,AUTHORITATIVE_READBACK,CALLER_REFERENCE,62ab278b-95d0-4c25-8f72-b0ea06c8b7c1,CONFIRMED_APPLIED,APPLIED,1,0,1,2022.147304,,0,0,,
b0_naive_retry-none-payments-5e60d107-r7,p0,B0_NAIVE_RETRY,none,payments,AUTHORITATIVE_READBACK,CALLER_REFERENCE,6dcbd593-1e0d-45dd-a124-bb6e3d73651f,CONFIRMED_APPLIED,APPLIED,1,0,1,2025.605922,,0,0,,
b0_naive_retry-none-payments-5e60d107-r7,p0,B0_NAIVE_RETRY,none,payments,AUTHORITATIVE_READBACK,CALLER_REFERENCE,7ede8285-2d8e-417b-b807-25ca997f8e2f,CONFIRMED_APPLIED,APPLIED,1,0,1,2024.084961,,0,0,,
b0_naive_retry-none-payments-5e60d107-r7,p0,B0_NAIVE_RETRY,none,payments,AUTHORITATIVE_READBACK,CALLER_REFERENCE,4a6d586c-3f3b-4291-99a3-8be164c0a141,CONFIRMED_APPLIED,APPLIED,1,0,1,2040.25771,,0,0,,
b0_naive_retry-none-payments-5e60d107-r8,p0,B0_NAIVE_RETRY,none,payments,AUTHORITATIVE_READBACK,CALLER_REFERENCE,1686cb90-d120-4ae7-a94b-d6e3f77541aa,CONFIRMED_APPLIED,APPLIED,1,0,1,3461.697258,,0,0,,
b0_naive_retry-none-payments-5e60d107-r8,p0,B0_NAIVE_RETRY,none,payments,AUTHORITATIVE_READBACK,CALLER_REFERENCE,20f5152c-6833-41c8-bded-cd30b38c7da0,CONFIRMED_APPLIED,APPLIED,1,0,1,2034.96782,,0,0,,
b0_naive_retry-none-payments-5e60d107-r8,p0,B0_NAIVE_RETRY,none,payments,AUTHORITATIVE_READBACK,CALLER_REFERENCE,876b18ca-66e4-4047-9277-910e71ec4527,CONFIRMED_APPLIED,APPLIED,2,0,2,7048.165496,,1,0,,
b0_naive_retry-none-payments-5e60d107-r8,p0,B0_NAIVE_RETRY,none,payments,AUTHORITATIVE_READBACK,CALLER_REFERENCE,562fa9a9-5aae-4901-bd84-905bdc1e629f,CONFIRMED_APPLIED,APPLIED,1,0,1,2058.779024,,0,0,,
b0_naive_retry-none-payments-5e60d107-r8,p0,B0_NAIVE_RETRY,none,payments,AUTHORITATIVE_READBACK,CALLER_REFERENCE,c00a81f6-7f39-47ad-a105-ce1532d86576,CONFIRMED_APPLIED,APPLIED,1,0,1,2082.79359,,0,0,,
b0_naive_retry-none-payments-5e60d107-r8,p0,B0_NAIVE_RETRY,none,payments,AUTHORITATIVE_READBACK,CALLER_REFERENCE,f2dd8694-8f7a-4ec7-a791-9cda107dddb4,CONFIRMED_APPLIED,APPLIED,1,0,1,3497.308942,,0,0,,
b0_naive_retry-none-payments-5e60d107-r8,p0,B0_NAIVE_RETRY,none,payments,AUTHORITATIVE_READBACK,CALLER_REFERENCE,e6e29768-6129-4bb0-82dd-8d37f0a6fe8c,CONFIRMED_APPLIED,APPLIED,1,0,1,2033.61911,,0,0,,
b0_naive_retry-none-payments-5e60d107-r8,p0,B0_NAIVE_RETRY,none,payments,AUTHORITATIVE_READBACK,CALLER_REFERENCE,ad0598b4-e96a-4b2b-a9b6-01c9bc61cdcd,CONFIRMED_APPLIED,APPLIED,2,0,2,7049.65887,,1,0,,
b0_naive_retry-none-payments-5e60d107-r8,p0,B0_NAIVE_RETRY,none,payments,AUTHORITATIVE_READBACK,CALLER_REFERENCE,7bd0259a-b218-4afe-ad4a-28ec84c349f4,CONFIRMED_APPLIED,APPLIED,1,0,1,2048.40129,,0,0,,
b0_naive_retry-none-payments-5e60d107-r8,p0,B0_NAIVE_RETRY,none,payments,AUTHORITATIVE_READBACK,CALLER_REFERENCE,bfb9d74b-e921-49dd-9b9c-5b889cf9c907,CONFIRMED_APPLIED,APPLIED,1,0,1,2106.677383,,0,0,,
b0_naive_retry-none-payments-5e60d107-r9,p0,B0_NAIVE_RETRY,none,payments,AUTHORITATIVE_READBACK,CALLER_REFERENCE,5335ffca-35e2-446f-8fe9-d651a781c036,CONFIRMED_APPLIED,APPLIED,1,0,1,2884.651241,,0,0,,
b0_naive_retry-none-payments-5e60d107-r9,p0,B0_NAIVE_RETRY,none,payments,AUTHORITATIVE_READBACK,CALLER_REFERENCE,392040ef-2865-4949-b987-7e4e335f632b,CONFIRMED_APPLIED,APPLIED,2,0,2,7047.185314,,1,0,,
b0_naive_retry-none-payments-5e60d107-r9,p0,B0_NAIVE_RETRY,none,payments,AUTHORITATIVE_READBACK,CALLER_REFERENCE,e70e3047-4d46-4435-a553-42f9a5b23713,CONFIRMED_APPLIED,APPLIED,2,0,2,7042.154941,,1,0,,
b0_naive_retry-none-payments-5e60d107-r9,p0,B0_NAIVE_RETRY,none,payments,AUTHORITATIVE_READBACK,CALLER_REFERENCE,bee52055-05a4-4728-959c-0c2735ecb5c8,CONFIRMED_APPLIED,APPLIED,1,0,1,2043.599188,,0,0,,
b0_naive_retry-none-payments-5e60d107-r9,p0,B0_NAIVE_RETRY,none,payments,AUTHORITATIVE_READBACK,CALLER_REFERENCE,d7306132-6a1f-4700-aa54-6d9a111749b6,CONFIRMED_APPLIED,APPLIED,1,0,1,2064.573918,,0,0,,
b0_naive_retry-none-payments-5e60d107-r9,p0,B0_NAIVE_RETRY,none,payments,AUTHORITATIVE_READBACK,CALLER_REFERENCE,6cf7a8d8-ed07-49bb-8954-e788e6d8e234,CONFIRMED_APPLIED,APPLIED,2,0,2,7796.541623,,1,0,,
b0_naive_retry-none-payments-5e60d107-r9,p0,B0_NAIVE_RETRY,none,payments,AUTHORITATIVE_READBACK,CALLER_REFERENCE,08c6f11f-d159-4655-9292-2ed2fd41d718,CONFIRMED_APPLIED,APPLIED,1,0,1,2027.710944,,0,0,,
b0_naive_retry-none-payments-5e60d107-r9,p0,B0_NAIVE_RETRY,none,payments,AUTHORITATIVE_READBACK,CALLER_REFERENCE,048fe1c5-98aa-41b7-a702-3e5aba44b1d7,CONFIRMED_APPLIED,APPLIED,2,0,2,7034.587014,,1,0,,
b0_naive_retry-none-payments-5e60d107-r9,p0,B0_NAIVE_RETRY,none,payments,AUTHORITATIVE_READBACK,CALLER_REFERENCE,ef3dae4b-31be-4e53-b81c-ab43c20c7a8a,CONFIRMED_APPLIED,APPLIED,1,0,1,2030.031854,,0,0,,
b0_naive_retry-none-payments-5e60d107-r9,p0,B0_NAIVE_RETRY,none,payments,AUTHORITATIVE_READBACK,CALLER_REFERENCE,b2ff639f-cc86-4680-acc1-ddc69148f7f1,CONFIRMED_APPLIED,APPLIED,1,0,2,4041.824645,,0,0,,
b1_lease_only-none-payments-0f0a2124-r0,p0,B1_LEASE_ONLY,none,payments,AUTHORITATIVE_READBACK,CALLER_REFERENCE,941f6848-8bd8-4bb5-8de5-32cc7bfc3b19,CONFIRMED_APPLIED,APPLIED,1,0,1,2462.497874,,0,0,,
b1_lease_only-none-payments-0f0a2124-r0,p0,B1_LEASE_ONLY,none,payments,AUTHORITATIVE_READBACK,CALLER_REFERENCE,0093a38f-8c4d-45b6-a860-2eae5515647d,CONFIRMED_APPLIED,APPLIED,1,0,1,2032.897841,,0,0,,
b1_lease_only-none-payments-0f0a2124-r0,p0,B1_LEASE_ONLY,none,payments,AUTHORITATIVE_READBACK,CALLER_REFERENCE,e4dcc5cc-cf34-4101-b3e9-8c73540a5c29,CONFIRMED_APPLIED,APPLIED,2,0,2,7037.794154,,1,0,,
b1_lease_only-none-payments-0f0a2124-r0,p0,B1_LEASE_ONLY,none,payments,AUTHORITATIVE_READBACK,CALLER_REFERENCE,9a1f6f12-8081-432e-a7ed-50e42d179fe7,CONFIRMED_APPLIED,APPLIED,1,0,1,2024.341938,,0,0,,
b1_lease_only-none-payments-0f0a2124-r0,p0,B1_LEASE_ONLY,none,payments,AUTHORITATIVE_READBACK,CALLER_REFERENCE,343d710d-33c3-4e74-ab5d-984ac4180e5b,CONFIRMED_APPLIED,APPLIED,1,0,1,2016.549809,,0,0,,
b1_lease_only-none-payments-0f0a2124-r0,p0,B1_LEASE_ONLY,none,payments,AUTHORITATIVE_READBACK,CALLER_REFERENCE,daceb35d-b253-4bc4-8071-e3d5d859d283,CONFIRMED_APPLIED,APPLIED,2,0,2,7439.04927,,1,0,,
b1_lease_only-none-payments-0f0a2124-r0,p0,B1_LEASE_ONLY,none,payments,AUTHORITATIVE_READBACK,CALLER_REFERENCE,769c51fc-159c-41b7-8af7-b11c59260eb4,CONFIRMED_APPLIED,APPLIED,2,0,2,7026.508743,,1,0,,
b1_lease_only-none-payments-0f0a2124-r0,p0,B1_LEASE_ONLY,none,payments,AUTHORITATIVE_READBACK,CALLER_REFERENCE,97a9b616-a038-429d-9d9a-32d24b247c9e,CONFIRMED_APPLIED,APPLIED,1,0,1,2021.142076,,0,0,,
b1_lease_only-none-payments-0f0a2124-r0,p0,B1_LEASE_ONLY,none,payments,AUTHORITATIVE_READBACK,CALLER_REFERENCE,b7d16a2a-ecc7-49a0-abab-e037acf9964a,CONFIRMED_APPLIED,APPLIED,1,0,1,2028.555432,,0,0,,
b1_lease_only-none-payments-0f0a2124-r0,p0,B1_LEASE_ONLY,none,payments,AUTHORITATIVE_READBACK,CALLER_REFERENCE,e95a99a7-aa5c-4cf6-b68f-8953fd4e31a2,CONFIRMED_APPLIED,APPLIED,1,0,1,2040.007574,,0,0,,
b1_lease_only-none-payments-0f0a2124-r1,p0,B1_LEASE_ONLY,none,payments,AUTHORITATIVE_READBACK,CALLER_REFERENCE,d7cf8fdb-a7a3-4ff2-a77a-d9537942d965,CONFIRMED_APPLIED,APPLIED,1,0,1,2573.395203,,0,0,,
b1_lease_only-none-payments-0f0a2124-r1,p0,B1_LEASE_ONLY,none,payments,AUTHORITATIVE_READBACK,CALLER_REFERENCE,2ba270fe-6d3d-4b96-ad8e-d6968e8a0c04,CONFIRMED_APPLIED,APPLIED,2,0,2,7046.467952,,1,0,,
b1_lease_only-none-payments-0f0a2124-r1,p0,B1_LEASE_ONLY,none,payments,AUTHORITATIVE_READBACK,CALLER_REFERENCE,384d860f-09e9-4cea-9c45-6c1e6add1a05,CONFIRMED_APPLIED,APPLIED,1,0,1,2030.971652,,0,0,,
b1_lease_only-none-payments-0f0a2124-r1,p0,B1_LEASE_ONLY,none,payments,AUTHORITATIVE_READBACK,CALLER_REFERENCE,12194190-20de-4356-afe7-105a9e8cb871,CONFIRMED_APPLIED,APPLIED,1,0,2,4053.048894,,0,0,,
b1_lease_only-none-payments-0f0a2124-r1,p0,B1_LEASE_ONLY,none,payments,AUTHORITATIVE_READBACK,CALLER_REFERENCE,d87e92f9-decf-4818-b3fc-8eb300fb76c9,CONFIRMED_APPLIED,APPLIED,1,0,2,4030.32774,,0,0,,
b1_lease_only-none-payments-0f0a2124-r1,p0,B1_LEASE_ONLY,none,payments,AUTHORITATIVE_READBACK,CALLER_REFERENCE,e29134b6-f02c-46e9-9291-3e3bd7720042,CONFIRMED_APPLIED,APPLIED,1,0,1,2588.199298,,0,0,,
b1_lease_only-none-payments-0f0a2124-r1,p0,B1_LEASE_ONLY,none,payments,AUTHORITATIVE_READBACK,CALLER_REFERENCE,2683f795-0004-4485-b270-3641d05a2aad,CONFIRMED_APPLIED,APPLIED,1,0,1,2021.831838,,0,0,,
b1_lease_only-none-payments-0f0a2124-r1,p0,B1_LEASE_ONLY,none,payments,AUTHORITATIVE_READBACK,CALLER_REFERENCE,3977850a-f0e4-4297-8d44-a715f9939355,CONFIRMED_APPLIED,APPLIED,2,0,3,9049.125987,,1,0,,
b1_lease_only-none-payments-0f0a2124-r1,p0,B1_LEASE_ONLY,none,payments,AUTHORITATIVE_READBACK,CALLER_REFERENCE,70f333ca-404b-4a59-bd4b-7207a14ef695,CONFIRMED_APPLIED,APPLIED,2,0,2,7037.987614,,1,0,,
b1_lease_only-none-payments-0f0a2124-r1,p0,B1_LEASE_ONLY,none,payments,AUTHORITATIVE_READBACK,CALLER_REFERENCE,290b2f8a-1f5a-472c-916d-b10936744c84,CONFIRMED_APPLIED,APPLIED,2,0,2,7044.356285,,1,0,,
b1_lease_only-none-payments-0f0a2124-r10,p0,B1_LEASE_ONLY,none,payments,AUTHORITATIVE_READBACK,CALLER_REFERENCE,2d2c7497-2884-4932-9425-68ae501c7997,CONFIRMED_APPLIED,APPLIED,1,0,1,2465.924838,,0,0,,
b1_lease_only-none-payments-0f0a2124-r10,p0,B1_LEASE_ONLY,none,payments,AUTHORITATIVE_READBACK,CALLER_REFERENCE,9527888b-5071-472d-b4c9-67739c681831,CONFIRMED_APPLIED,APPLIED,1,0,1,2024.282264,,0,0,,
b1_lease_only-none-payments-0f0a2124-r10,p0,B1_LEASE_ONLY,none,payments,AUTHORITATIVE_READBACK,CALLER_REFERENCE,9dcfec71-02f9-4bfd-8cd5-14718ab64bcc,CONFIRMED_APPLIED,APPLIED,1,0,1,2020.632241,,0,0,,
b1_lease_only-none-payments-0f0a2124-r10,p0,B1_LEASE_ONLY,none,payments,AUTHORITATIVE_READBACK,CALLER_REFERENCE,1ac7796e-7325-4b55-b9c8-045744865891,CONFIRMED_APPLIED,APPLIED,1,0,1,2020.533218,,0,0,,
b1_lease_only-none-payments-0f0a2124-r10,p0,B1_LEASE_ONLY,none,payments,AUTHORITATIVE_READBACK,CALLER_REFERENCE,45e8b3dd-8da7-4d9e-b832-54edc7ecb5bb,CONFIRMED_APPLIED,APPLIED,2,0,2,7038.718596,,1,0,,
b1_lease_only-none-payments-0f0a2124-r10,p0,B1_LEASE_ONLY,none,payments,AUTHORITATIVE_READBACK,CALLER_REFERENCE,b932a95c-4aff-4e15-85fa-a48d0ff3f51f,CONFIRMED_APPLIED,APPLIED,1,0,1,2484.796089,,0,0,,
b1_lease_only-none-payments-0f0a2124-r10,p0,B1_LEASE_ONLY,none,payments,AUTHORITATIVE_READBACK,CALLER_REFERENCE,5d4350d9-2290-4a85-a2ec-4d8329416b36,CONFIRMED_APPLIED,APPLIED,1,0,1,2021.970474,,0,0,,
b1_lease_only-none-payments-0f0a2124-r10,p0,B1_LEASE_ONLY,none,payments,AUTHORITATIVE_READBACK,CALLER_REFERENCE,bfe38418-1908-48b3-813f-67241cd1486f,CONFIRMED_APPLIED,APPLIED,1,0,1,2024.142748,,0,0,,
b1_lease_only-none-payments-0f0a2124-r10,p0,B1_LEASE_ONLY,none,payments,AUTHORITATIVE_READBACK,CALLER_REFERENCE,46325531-e710-4a00-92b9-97e2d145b81b,CONFIRMED_APPLIED,APPLIED,1,0,1,2025.574148,,0,0,,
b1_lease_only-none-payments-0f0a2124-r10,p0,B1_LEASE_ONLY,none,payments,AUTHORITATIVE_READBACK,CALLER_REFERENCE,d6c18927-5b1d-40f5-b625-443c2efb9275,CONFIRMED_APPLIED,APPLIED,1,0,1,2026.3909,,0,0,,
b1_lease_only-none-payments-0f0a2124-r11,p0,B1_LEASE_ONLY,none,payments,AUTHORITATIVE_READBACK,CALLER_REFERENCE,702ba12c-75b9-42e3-9d31-63a2af9c2df1,CONFIRMED_APPLIED,APPLIED,1,0,1,2388.234627,,0,0,,
b1_lease_only-none-payments-0f0a2124-r11,p0,B1_LEASE_ONLY,none,payments,AUTHORITATIVE_READBACK,CALLER_REFERENCE,841938a0-63f8-40c6-967f-59a89892ae8f,CONFIRMED_APPLIED,APPLIED,1,0,1,2015.466913,,0,0,,
b1_lease_only-none-payments-0f0a2124-r11,p0,B1_LEASE_ONLY,none,payments,AUTHORITATIVE_READBACK,CALLER_REFERENCE,696448d1-5802-4073-9b08-1e00d0077b20,CONFIRMED_APPLIED,APPLIED,1,0,1,2016.057319,,0,0,,
b1_lease_only-none-payments-0f0a2124-r11,p0,B1_LEASE_ONLY,none,payments,AUTHORITATIVE_READBACK,CALLER_REFERENCE,106e6d16-387b-46f4-ac24-cb29ec16621f,CONFIRMED_APPLIED,APPLIED,1,0,1,2017.802016,,0,0,,
b1_lease_only-none-payments-0f0a2124-r11,p0,B1_LEASE_ONLY,none,payments,AUTHORITATIVE_READBACK,CALLER_REFERENCE,73f1b80a-d3f6-4cfc-aa1d-720bc538c404,CONFIRMED_APPLIED,APPLIED,1,0,1,2015.833519,,0,0,,
b1_lease_only-none-payments-0f0a2124-r11,p0,B1_LEASE_ONLY,none,payments,AUTHORITATIVE_READBACK,CALLER_REFERENCE,84f0264d-ecc4-49f6-b4e8-22076127d7b9,CONFIRMED_APPLIED,APPLIED,1,0,1,2416.23647,,0,0,,
b1_lease_only-none-payments-0f0a2124-r11,p0,B1_LEASE_ONLY,none,payments,AUTHORITATIVE_READBACK,CALLER_REFERENCE,97ed69b1-b2e3-4500-ac66-d69ea0f54851,CONFIRMED_APPLIED,APPLIED,1,0,1,2014.105186,,0,0,,
b1_lease_only-none-payments-0f0a2124-r11,p0,B1_LEASE_ONLY,none,payments,AUTHORITATIVE_READBACK,CALLER_REFERENCE,bd80cedf-7c13-40de-aa04-0f2ee95c1756,CONFIRMED_APPLIED,APPLIED,2,0,2,7026.919267,,1,0,,
b1_lease_only-none-payments-0f0a2124-r11,p0,B1_LEASE_ONLY,none,payments,AUTHORITATIVE_READBACK,CALLER_REFERENCE,1829eadb-85d2-401f-9a35-186bd2f6c806,CONFIRMED_APPLIED,APPLIED,1,0,1,2016.904708,,0,0,,
b1_lease_only-none-payments-0f0a2124-r11,p0,B1_LEASE_ONLY,none,payments,AUTHORITATIVE_READBACK,CALLER_REFERENCE,c50abbc0-0214-4183-be8f-318c3c27f99b,CONFIRMED_APPLIED,APPLIED,1,0,1,2022.459048,,0,0,,
b1_lease_only-none-payments-0f0a2124-r12,p0,B1_LEASE_ONLY,none,payments,AUTHORITATIVE_READBACK,CALLER_REFERENCE,0dd333b4-782d-45a5-8742-a15187777a8d,CONFIRMED_APPLIED,APPLIED,1,0,1,2600.070324,,0,0,,
b1_lease_only-none-payments-0f0a2124-r12,p0,B1_LEASE_ONLY,none,payments,AUTHORITATIVE_READBACK,CALLER_REFERENCE,b1173d5b-5a28-4ec5-ad69-a53528b87846,CONFIRMED_APPLIED,APPLIED,1,0,1,2022.007362,,0,0,,
b1_lease_only-none-payments-0f0a2124-r12,p0,B1_LEASE_ONLY,none,payments,AUTHORITATIVE_READBACK,CALLER_REFERENCE,92399b6f-8244-4936-a813-58c77dde0dbb,CONFIRMED_APPLIED,APPLIED,1,0,1,2020.033002,,0,0,,
b1_lease_only-none-payments-0f0a2124-r12,p0,B1_LEASE_ONLY,none,payments,AUTHORITATIVE_READBACK,CALLER_REFERENCE,81405b4f-a249-4b79-83ce-0783126046f7,CONFIRMED_APPLIED,APPLIED,1,0,1,2020.145984,,0,0,,
b1_lease_only-none-payments-0f0a2124-r12,p0,B1_LEASE_ONLY,none,payments,AUTHORITATIVE_READBACK,CALLER_REFERENCE,1d349be7-509c-44e0-a4bd-ec4157407517,CONFIRMED_APPLIED,APPLIED,1,0,1,2014.294258,,0,0,,
b1_lease_only-none-payments-0f0a2124-r12,p0,B1_LEASE_ONLY,none,payments,AUTHORITATIVE_READBACK,CALLER_REFERENCE,050faef3-6606-4607-8946-26be2942afa5,CONFIRMED_APPLIED,APPLIED,2,0,2,7551.019742,,1,0,,
b1_lease_only-none-payments-0f0a2124-r12,p0,B1_LEASE_ONLY,none,payments,AUTHORITATIVE_READBACK,CALLER_REFERENCE,1652e77b-3888-4c4c-97c0-256c2098b251,CONFIRMED_APPLIED,APPLIED,1,0,1,2018.02779,,0,0,,
b1_lease_only-none-payments-0f0a2124-r12,p0,B1_LEASE_ONLY,none,payments,AUTHORITATIVE_READBACK,CALLER_REFERENCE,2f574a1d-a319-4f04-93f9-7c7dee9e0519,CONFIRMED_APPLIED,APPLIED,2,0,2,7025.668495,,1,0,,
b1_lease_only-none-payments-0f0a2124-r12,p0,B1_LEASE_ONLY,none,payments,AUTHORITATIVE_READBACK,CALLER_REFERENCE,3fb3b39a-1669-4a1a-8a09-e6e6595f741f,CONFIRMED_APPLIED,APPLIED,1,0,1,2020.109792,,0,0,,
b1_lease_only-none-payments-0f0a2124-r12,p0,B1_LEASE_ONLY,none,payments,AUTHORITATIVE_READBACK,CALLER_REFERENCE,92941513-c5a2-4d01-bd0e-776239b40e59,CONFIRMED_APPLIED,APPLIED,1,0,2,4032.700142,,0,0,,
b1_lease_only-none-payments-0f0a2124-r13,p0,B1_LEASE_ONLY,none,payments,AUTHORITATIVE_READBACK,CALLER_REFERENCE,e5a2c5ee-129c-46d2-ae2d-fe34d85189eb,CONFIRMED_APPLIED,APPLIED,1,0,1,2397.75322,,0,0,,
b1_lease_only-none-payments-0f0a2124-r13,p0,B1_LEASE_ONLY,none,payments,AUTHORITATIVE_READBACK,CALLER_REFERENCE,7e3cc6f6-87ec-458d-8da0-3c0f0fc6f730,CONFIRMED_APPLIED,APPLIED,1,0,1,2021.194848,,0,0,,
b1_lease_only-none-payments-0f0a2124-r13,p0,B1_LEASE_ONLY,none,payments,AUTHORITATIVE_READBACK,CALLER_REFERENCE,62e0b61b-6c42-413a-8b9d-0169f1bbe091,CONFIRMED_APPLIED,APPLIED,2,0,2,7025.212449,,1,0,,
b1_lease_only-none-payments-0f0a2124-r13,p0,B1_LEASE_ONLY,none,payments,AUTHORITATIVE_READBACK,CALLER_REFERENCE,605e5471-798a-4cb8-8143-f77ea95d59e0,CONFIRMED_APPLIED,APPLIED,1,0,1,2015.82973,,0,0,,
b1_lease_only-none-payments-0f0a2124-r13,p0,B1_LEASE_ONLY,none,payments,AUTHORITATIVE_READBACK,CALLER_REFERENCE,b5fcf13f-47e1-4286-88a1-38bd5c52ce8c,CONFIRMED_APPLIED,APPLIED,1,0,1,2015.26523,,0,0,,
b1_lease_only-none-payments-0f0a2124-r13,p0,B1_LEASE_ONLY,none,payments,AUTHORITATIVE_READBACK,CALLER_REFERENCE,a284fb1d-43ca-41a6-841c-0a153943d144,CONFIRMED_APPLIED,APPLIED,1,0,1,2413.401669,,0,0,,
b1_lease_only-none-payments-0f0a2124-r13,p0,B1_LEASE_ONLY,none,payments,AUTHORITATIVE_READBACK,CALLER_REFERENCE,7ff124bc-810b-4923-a08a-285da4584286,CONFIRMED_APPLIED,APPLIED,1,0,1,2019.501524,,0,0,,
b1_lease_only-none-payments-0f0a2124-r13,p0,B1_LEASE_ONLY,none,payments,AUTHORITATIVE_READBACK,CALLER_REFERENCE,81d3ffb1-920e-40bb-b36b-30e7cbf35527,CONFIRMED_APPLIED,APPLIED,1,0,1,2017.875902,,0,0,,
b1_lease_only-none-payments-0f0a2124-r13,p0,B1_LEASE_ONLY,none,payments,AUTHORITATIVE_READBACK,CALLER_REFERENCE,14a49e8b-a5a0-4ce3-8410-900c6acbc2b4,CONFIRMED_APPLIED,APPLIED,1,0,1,2018.25389,,0,0,,
b1_lease_only-none-payments-0f0a2124-r13,p0,B1_LEASE_ONLY,none,payments,AUTHORITATIVE_READBACK,CALLER_REFERENCE,0f656224-6076-4a82-9420-564f51c30b14,CONFIRMED_APPLIED,APPLIED,1,0,1,2027.674161,,0,0,,
b1_lease_only-none-payments-0f0a2124-r14,p0,B1_LEASE_ONLY,none,payments,AUTHORITATIVE_READBACK,CALLER_REFERENCE,d3fe9943-3b9c-4b8c-b71c-3e3e5d5fe3a2,CONFIRMED_APPLIED,APPLIED,3,0,3,15092.000006,,1,0,,
b1_lease_only-none-payments-0f0a2124-r14,p0,B1_LEASE_ONLY,none,payments,AUTHORITATIVE_READBACK,CALLER_REFERENCE,2253a081-e95d-4c97-8194-7673ee386294,CONFIRMED_APPLIED,APPLIED,1,0,1,2083.235405,,0,0,,
b1_lease_only-none-payments-0f0a2124-r14,p0,B1_LEASE_ONLY,none,payments,AUTHORITATIVE_READBACK,CALLER_REFERENCE,cf2ee8e7-8c89-469f-a0a8-3c42b76dbad6,CONFIRMED_APPLIED,APPLIED,1,0,1,2342.43512,,0,0,,
b1_lease_only-none-payments-0f0a2124-r14,p0,B1_LEASE_ONLY,none,payments,AUTHORITATIVE_READBACK,CALLER_REFERENCE,c08e7cd1-7651-4a17-a121-561bc844869d,CONFIRMED_APPLIED,APPLIED,1,0,1,2097.47084,,0,0,,
b1_lease_only-none-payments-0f0a2124-r14,p0,B1_LEASE_ONLY,none,payments,AUTHORITATIVE_READBACK,CALLER_REFERENCE,abdf69cc-b32f-496b-9ec2-a4ccb46a668d,CONFIRMED_APPLIED,APPLIED,2,0,2,7078.682786,,1,0,,
b1_lease_only-none-payments-0f0a2124-r14,p0,B1_LEASE_ONLY,none,payments,AUTHORITATIVE_READBACK,CALLER_REFERENCE,8670f3ee-2383-4779-8952-b3d3a80e15db,CONFIRMED_APPLIED,APPLIED,1,0,1,4669.117365,,0,0,,
b1_lease_only-none-payments-0f0a2124-r14,p0,B1_LEASE_ONLY,none,payments,AUTHORITATIVE_READBACK,CALLER_REFERENCE,38e42dd2-38c7-4f43-9678-6f27b17cfb70,CONFIRMED_APPLIED,APPLIED,1,0,1,2218.46981,,0,0,,
b1_lease_only-none-payments-0f0a2124-r14,p0,B1_LEASE_ONLY,none,payments,AUTHORITATIVE_READBACK,CALLER_REFERENCE,85b2ac23-9731-4af6-b672-fbbd9f8fcd17,CONFIRMED_APPLIED,APPLIED,2,0,2,7314.10516,,1,0,,
b1_lease_only-none-payments-0f0a2124-r14,p0,B1_LEASE_ONLY,none,payments,AUTHORITATIVE_READBACK,CALLER_REFERENCE,6d88f964-421c-450c-8175-d27c3198d323,CONFIRMED_APPLIED,APPLIED,1,0,1,2095.779948,,0,0,,
b1_lease_only-none-payments-0f0a2124-r14,p0,B1_LEASE_ONLY,none,payments,AUTHORITATIVE_READBACK,CALLER_REFERENCE,b2809283-f7ec-4684-801f-726b69af6b3e,CONFIRMED_APPLIED,APPLIED,2,0,2,7420.729859,,1,0,,
b1_lease_only-none-payments-0f0a2124-r2,p0,B1_LEASE_ONLY,none,payments,AUTHORITATIVE_READBACK,CALLER_REFERENCE,97277d5b-c079-4023-a146-fec3b02da53f,CONFIRMED_APPLIED,APPLIED,1,0,1,3074.232653,,0,0,,
b1_lease_only-none-payments-0f0a2124-r2,p0,B1_LEASE_ONLY,none,payments,AUTHORITATIVE_READBACK,CALLER_REFERENCE,4dc6ce59-9dc9-49a3-ab2e-6f4567a3df82,CONFIRMED_APPLIED,APPLIED,1,0,1,2055.478667,,0,0,,
b1_lease_only-none-payments-0f0a2124-r2,p0,B1_LEASE_ONLY,none,payments,AUTHORITATIVE_READBACK,CALLER_REFERENCE,054ae469-feb1-43dd-a553-0963b1ae9615,CONFIRMED_APPLIED,APPLIED,1,0,2,4059.336642,,0,0,,
b1_lease_only-none-payments-0f0a2124-r2,p0,B1_LEASE_ONLY,none,payments,AUTHORITATIVE_READBACK,CALLER_REFERENCE,cb19a9cc-e288-4bc6-a624-44c0e11de7c7,CONFIRMED_APPLIED,APPLIED,1,0,1,2042.366853,,0,0,,
b1_lease_only-none-payments-0f0a2124-r2,p0,B1_LEASE_ONLY,none,payments,AUTHORITATIVE_READBACK,CALLER_REFERENCE,860d3c1e-dfb2-45bf-993d-61a73d7112ea,CONFIRMED_APPLIED,APPLIED,1,0,1,2030.144047,,0,0,,
b1_lease_only-none-payments-0f0a2124-r2,p0,B1_LEASE_ONLY,none,payments,AUTHORITATIVE_READBACK,CALLER_REFERENCE,9e13aff4-be87-414e-ab22-7ea99b34f81d,CONFIRMED_APPLIED,APPLIED,1,0,1,3108.220278,,0,0,,
b1_lease_only-none-payments-0f0a2124-r2,p0,B1_LEASE_ONLY,none,payments,AUTHORITATIVE_READBACK,CALLER_REFERENCE,66cb7e32-e129-45dd-877e-e90682e5b2f7,CONFIRMED_APPLIED,APPLIED,1,0,1,2069.239561,,0,0,,
b1_lease_only-none-payments-0f0a2124-r2,p0,B1_LEASE_ONLY,none,payments,AUTHORITATIVE_READBACK,CALLER_REFERENCE,7b4f2a66-7c35-4d2b-947a-6a1fc60b11f5,CONFIRMED_APPLIED,APPLIED,1,0,1,2032.546391,,0,0,,
b1_lease_only-none-payments-0f0a2124-r2,p0,B1_LEASE_ONLY,none,payments,AUTHORITATIVE_READBACK,CALLER_REFERENCE,5526b01e-f540-4c90-8dbd-ce65e0f4245d,CONFIRMED_APPLIED,APPLIED,1,0,1,2041.102972,,0,0,,
b1_lease_only-none-payments-0f0a2124-r2,p0,B1_LEASE_ONLY,none,payments,AUTHORITATIVE_READBACK,CALLER_REFERENCE,d2447cfe-de84-433b-8fe4-16c54acd7aca,CONFIRMED_APPLIED,APPLIED,1,0,1,2047.37666,,0,0,,
b1_lease_only-none-payments-0f0a2124-r3,p0,B1_LEASE_ONLY,none,payments,AUTHORITATIVE_READBACK,CALLER_REFERENCE,a72695a5-469a-4a2f-b345-f7bea9598d05,CONFIRMED_APPLIED,APPLIED,1,0,1,3030.828146,,0,0,,
b1_lease_only-none-payments-0f0a2124-r3,p0,B1_LEASE_ONLY,none,payments,AUTHORITATIVE_READBACK,CALLER_REFERENCE,9d029f88-31fa-444d-bcc4-61d7e4c12ff0,CONFIRMED_APPLIED,APPLIED,1,0,1,2018.974978,,0,0,,
b1_lease_only-none-payments-0f0a2124-r3,p0,B1_LEASE_ONLY,none,payments,AUTHORITATIVE_READBACK,CALLER_REFERENCE,f4ab814c-946d-4426-85b6-63137c7eabf4,CONFIRMED_APPLIED,APPLIED,1,0,1,2034.83514,,0,0,,
b1_lease_only-none-payments-0f0a2124-r3,p0,B1_LEASE_ONLY,none,payments,AUTHORITATIVE_READBACK,CALLER_REFERENCE,b2287941-87dc-4896-8689-5e199fdb0655,CONFIRMED_APPLIED,APPLIED,1,0,1,2035.125411,,0,0,,
b1_lease_only-none-payments-0f0a2124-r3,p0,B1_LEASE_ONLY,none,payments,AUTHORITATIVE_READBACK,CALLER_REFERENCE,09cc6c5d-dcb4-49b0-9e9f-fe7f54af8ecd,CONFIRMED_APPLIED,APPLIED,1,0,1,2040.439263,,0,0,,
b1_lease_only-none-payments-0f0a2124-r3,p0,B1_LEASE_ONLY,none,payments,AUTHORITATIVE_READBACK,CALLER_REFERENCE,77c38ee8-08cd-44b1-94d9-3d096c0ff98e,CONFIRMED_APPLIED,APPLIED,1,0,1,2901.944178,,0,0,,
b1_lease_only-none-payments-0f0a2124-r3,p0,B1_LEASE_ONLY,none,payments,AUTHORITATIVE_READBACK,CALLER_REFERENCE,429d5c71-0431-4a05-8afe-ad36f4d2a443,CONFIRMED_APPLIED,APPLIED,1,0,1,2020.402742,,0,0,,
b1_lease_only-none-payments-0f0a2124-r3,p0,B1_LEASE_ONLY,none,payments,AUTHORITATIVE_READBACK,CALLER_REFERENCE,cbb00505-7d98-4ffd-b1b2-5ac9c86e630f,CONFIRMED_APPLIED,APPLIED,1,0,1,2024.234345,,0,0,,
b1_lease_only-none-payments-0f0a2124-r3,p0,B1_LEASE_ONLY,none,payments,AUTHORITATIVE_READBACK,CALLER_REFERENCE,d883f8d2-d90b-41b5-9312-cb610c4dbd3b,CONFIRMED_APPLIED,APPLIED,1,0,1,2035.931727,,0,0,,
b1_lease_only-none-payments-0f0a2124-r3,p0,B1_LEASE_ONLY,none,payments,AUTHORITATIVE_READBACK,CALLER_REFERENCE,81484cfa-cd15-4a35-aef8-1299643907d9,CONFIRMED_APPLIED,APPLIED,1,0,1,2042.065151,,0,0,,
b1_lease_only-none-payments-0f0a2124-r4,p0,B1_LEASE_ONLY,none,payments,AUTHORITATIVE_READBACK,CALLER_REFERENCE,489af6ac-f71a-4748-8747-cc9c1c0190fe,CONFIRMED_APPLIED,APPLIED,1,0,1,2573.221387,,0,0,,
b1_lease_only-none-payments-0f0a2124-r4,p0,B1_LEASE_ONLY,none,payments,AUTHORITATIVE_READBACK,CALLER_REFERENCE,bedbfd6a-78af-4a8e-9c1b-60559d775388,CONFIRMED_APPLIED,APPLIED,1,0,1,2058.44427,,0,0,,
b1_lease_only-none-payments-0f0a2124-r4,p0,B1_LEASE_ONLY,none,payments,AUTHORITATIVE_READBACK,CALLER_REFERENCE,87a967ef-d488-4efc-9bbe-e3c2d08e1190,CONFIRMED_APPLIED,APPLIED,1,0,1,2026.497421,,0,0,,
b1_lease_only-none-payments-0f0a2124-r4,p0,B1_LEASE_ONLY,none,payments,AUTHORITATIVE_READBACK,CALLER_REFERENCE,6642a5c8-a61e-495c-942c-57470ea28760,CONFIRMED_APPLIED,APPLIED,1,0,1,2043.446669,,0,0,,
b1_lease_only-none-payments-0f0a2124-r4,p0,B1_LEASE_ONLY,none,payments,AUTHORITATIVE_READBACK,CALLER_REFERENCE,2882832c-8f1d-44a1-ae1a-ffedf480f11e,CONFIRMED_APPLIED,APPLIED,1,0,2,4058.909325,,0,0,,
b1_lease_only-none-payments-0f0a2124-r4,p0,B1_LEASE_ONLY,none,payments,AUTHORITATIVE_READBACK,CALLER_REFERENCE,a626fa6f-d12d-45f9-b8fc-3676db8c19b1,CONFIRMED_APPLIED,APPLIED,2,0,2,7537.250579,,1,0,,
b1_lease_only-none-payments-0f0a2124-r4,p0,B1_LEASE_ONLY,none,payments,AUTHORITATIVE_READBACK,CALLER_REFERENCE,2406c069-898a-4482-8d04-d2604623ffb0,CONFIRMED_APPLIED,APPLIED,1,0,1,2034.177124,,0,0,,
b1_lease_only-none-payments-0f0a2124-r4,p0,B1_LEASE_ONLY,none,payments,AUTHORITATIVE_READBACK,CALLER_REFERENCE,ca28fbdf-5699-437d-8d5b-fd8623f8ae13,CONFIRMED_APPLIED,APPLIED,1,0,1,2039.149469,,0,0,,
b1_lease_only-none-payments-0f0a2124-r4,p0,B1_LEASE_ONLY,none,payments,AUTHORITATIVE_READBACK,CALLER_REFERENCE,eb5ad21b-a640-49cd-ba45-c00f7c5d93a2,CONFIRMED_APPLIED,APPLIED,1,0,1,2037.048116,,0,0,,
b1_lease_only-none-payments-0f0a2124-r4,p0,B1_LEASE_ONLY,none,payments,AUTHORITATIVE_READBACK,CALLER_REFERENCE,a326e360-72e6-47cd-9059-0120ac865e69,CONFIRMED_APPLIED,APPLIED,1,0,1,2042.588128,,0,0,,
b1_lease_only-none-payments-0f0a2124-r5,p0,B1_LEASE_ONLY,none,payments,AUTHORITATIVE_READBACK,CALLER_REFERENCE,5b5fd268-dbd3-45d5-8c07-1689beee8212,CONFIRMED_APPLIED,APPLIED,1,0,1,2805.507871,,0,0,,
b1_lease_only-none-payments-0f0a2124-r5,p0,B1_LEASE_ONLY,none,payments,AUTHORITATIVE_READBACK,CALLER_REFERENCE,80b9e1e2-e956-49e7-b0e8-de6f280b3812,CONFIRMED_APPLIED,APPLIED,1,0,1,2042.582285,,0,0,,
b1_lease_only-none-payments-0f0a2124-r5,p0,B1_LEASE_ONLY,none,payments,AUTHORITATIVE_READBACK,CALLER_REFERENCE,88565df5-76e5-4551-8214-680ba11310a3,CONFIRMED_APPLIED,APPLIED,2,0,2,7031.763088,,1,0,,
b1_lease_only-none-payments-0f0a2124-r5,p0,B1_LEASE_ONLY,none,payments,AUTHORITATIVE_READBACK,CALLER_REFERENCE,74d2c433-395c-41bd-bfb9-5c3282e7ce3f,CONFIRMED_APPLIED,APPLIED,1,0,1,2021.573399,,0,0,,
b1_lease_only-none-payments-0f0a2124-r5,p0,B1_LEASE_ONLY,none,payments,AUTHORITATIVE_READBACK,CALLER_REFERENCE,ec5a4327-6521-40c9-8aa5-1c8cc57fff1d,CONFIRMED_APPLIED,APPLIED,3,0,3,12052.012631,,1,0,,
b1_lease_only-none-payments-0f0a2124-r5,p0,B1_LEASE_ONLY,none,payments,AUTHORITATIVE_READBACK,CALLER_REFERENCE,2b1a1b28-70ca-4a17-9170-621293be3369,CONFIRMED_APPLIED,APPLIED,1,0,1,2820.902493,,0,0,,
b1_lease_only-none-payments-0f0a2124-r5,p0,B1_LEASE_ONLY,none,payments,AUTHORITATIVE_READBACK,CALLER_REFERENCE,32a75679-5af5-4f7d-a4f5-5c18dcd52148,CONFIRMED_APPLIED,APPLIED,1,0,1,2050.354983,,0,0,,
b1_lease_only-none-payments-0f0a2124-r5,p0,B1_LEASE_ONLY,none,payments,AUTHORITATIVE_READBACK,CALLER_REFERENCE,ab47c575-fb35-4ace-aea4-674b65d18da1,CONFIRMED_APPLIED,APPLIED,1,0,1,2037.86853,,0,0,,
b1_lease_only-none-payments-0f0a2124-r5,p0,B1_LEASE_ONLY,none,payments,AUTHORITATIVE_READBACK,CALLER_REFERENCE,3163d099-338a-4e19-9f2b-5db38f4b2b4e,CONFIRMED_APPLIED,APPLIED,2,0,3,9044.188477,,1,0,,
b1_lease_only-none-payments-0f0a2124-r5,p0,B1_LEASE_ONLY,none,payments,AUTHORITATIVE_READBACK,CALLER_REFERENCE,c2522baa-99b2-47aa-810e-c5e5011563a2,CONFIRMED_APPLIED,APPLIED,1,0,1,2043.24198,,0,0,,
b1_lease_only-none-payments-0f0a2124-r6,p0,B1_LEASE_ONLY,none,payments,AUTHORITATIVE_READBACK,CALLER_REFERENCE,e9ade423-c361-4518-b22b-5c448fae2892,CONFIRMED_APPLIED,APPLIED,1,0,1,2525.232247,,0,0,,
b1_lease_only-none-payments-0f0a2124-r6,p0,B1_LEASE_ONLY,none,payments,AUTHORITATIVE_READBACK,CALLER_REFERENCE,13e95659-a9e8-47b4-8c61-502f16bb77b1,CONFIRMED_APPLIED,APPLIED,1,0,1,2017.902116,,0,0,,
b1_lease_only-none-payments-0f0a2124-r6,p0,B1_LEASE_ONLY,none,payments,AUTHORITATIVE_READBACK,CALLER_REFERENCE,8b7ba107-c322-4c85-aabe-d9f3589466f7,CONFIRMED_APPLIED,APPLIED,1,0,1,2013.48001,,0,0,,
b1_lease_only-none-payments-0f0a2124-r6,p0,B1_LEASE_ONLY,none,payments,AUTHORITATIVE_READBACK,CALLER_REFERENCE,508f01f6-68fb-44f9-ba18-1371735e20f3,CONFIRMED_APPLIED,APPLIED,2,0,2,7029.209817,,1,0,,
b1_lease_only-none-payments-0f0a2124-r6,p0,B1_LEASE_ONLY,none,payments,AUTHORITATIVE_READBACK,CALLER_REFERENCE,1ebc0c55-73c0-430a-b5c4-4d87e3706f4d,CONFIRMED_APPLIED,APPLIED,1,0,1,2014.949927,,0,0,,
b1_lease_only-none-payments-0f0a2124-r6,p0,B1_LEASE_ONLY,none,payments,AUTHORITATIVE_READBACK,CALLER_REFERENCE,c1609661-e8fe-4250-b1b3-4ad22a2b2fcc,CONFIRMED_APPLIED,APPLIED,1,0,1,2512.80494,,0,0,,
b1_lease_only-none-payments-0f0a2124-r6,p0,B1_LEASE_ONLY,none,payments,AUTHORITATIVE_READBACK,CALLER_REFERENCE,976a3ff7-8860-40d5-938b-76def4f8e5e3,CONFIRMED_APPLIED,APPLIED,1,0,1,2018.139106,,0,0,,
b1_lease_only-none-payments-0f0a2124-r6,p0,B1_LEASE_ONLY,none,payments,AUTHORITATIVE_READBACK,CALLER_REFERENCE,bd9c0a0b-d2b1-4577-8f3b-33554f47398d,CONFIRMED_APPLIED,APPLIED,1,0,1,2015.215779,,0,0,,
b1_lease_only-none-payments-0f0a2124-r6,p0,B1_LEASE_ONLY,none,payments,AUTHORITATIVE_READBACK,CALLER_REFERENCE,9e3ecb97-b2ce-4d81-adb5-2cfa629de485,CONFIRMED_APPLIED,APPLIED,1,0,1,2016.299862,,0,0,,
b1_lease_only-none-payments-0f0a2124-r6,p0,B1_LEASE_ONLY,none,payments,AUTHORITATIVE_READBACK,CALLER_REFERENCE,15241917-b902-4d48-8da6-6026fb52b6f3,CONFIRMED_APPLIED,APPLIED,1,0,1,2017.204117,,0,0,,
b1_lease_only-none-payments-0f0a2124-r7,p0,B1_LEASE_ONLY,none,payments,AUTHORITATIVE_READBACK,CALLER_REFERENCE,9ee85db0-c2a8-41d7-b4a7-a331ab455da5,CONFIRMED_APPLIED,APPLIED,1,0,1,2624.637227,,0,0,,
b1_lease_only-none-payments-0f0a2124-r7,p0,B1_LEASE_ONLY,none,payments,AUTHORITATIVE_READBACK,CALLER_REFERENCE,1b2ca796-df1e-45de-82cb-aa1ffc7ec172,CONFIRMED_APPLIED,APPLIED,1,0,1,2040.898712,,0,0,,
b1_lease_only-none-payments-0f0a2124-r7,p0,B1_LEASE_ONLY,none,payments,AUTHORITATIVE_READBACK,CALLER_REFERENCE,e50699ed-ed6e-4088-98d2-f31135ed1f66,CONFIRMED_APPLIED,APPLIED,2,0,2,7039.934182,,1,0,,
b1_lease_only-none-payments-0f0a2124-r7,p0,B1_LEASE_ONLY,none,payments,AUTHORITATIVE_READBACK,CALLER_REFERENCE,869dac3e-d838-4f5b-83aa-6b8a3b2671d3,CONFIRMED_APPLIED,APPLIED,1,0,1,2019.70664,,0,0,,
b1_lease_only-none-payments-0f0a2124-r7,p0,B1_LEASE_ONLY,none,payments,AUTHORITATIVE_READBACK,CALLER_REFERENCE,b2f23d95-f3f4-4597-bc66-bb94dcce1e90,CONFIRMED_APPLIED,APPLIED,1,0,1,2021.413258,,0,0,,
b1_lease_only-none-payments-0f0a2124-r7,p0,B1_LEASE_ONLY,none,payments,AUTHORITATIVE_READBACK,CALLER_REFERENCE,36606fb5-b3d2-4135-9de0-86f117a0d49b,CONFIRMED_APPLIED,APPLIED,1,0,1,2609.070709,,0,0,,
b1_lease_only-none-payments-0f0a2124-r7,p0,B1_LEASE_ONLY,none,payments,AUTHORITATIVE_READBACK,CALLER_REFERENCE,ca04e29e-85e2-4286-b0fe-8b7fe2316226,CONFIRMED_APPLIED,APPLIED,2,0,2,7043.48198,,1,0,,
b1_lease_only-none-payments-0f0a2124-r7,p0,B1_LEASE_ONLY,none,payments,AUTHORITATIVE_READBACK,CALLER_REFERENCE,1af8c813-74a6-4783-8e06-cf3cffd05148,CONFIRMED_APPLIED,APPLIED,1,0,1,2022.457708,,0,0,,
b1_lease_only-none-payments-0f0a2124-r7,p0,B1_LEASE_ONLY,none,payments,AUTHORITATIVE_READBACK,CALLER_REFERENCE,39fc478e-c23a-40f0-bbf5-510871f87a1e,CONFIRMED_APPLIED,APPLIED,1,0,1,2024.856114,,0,0,,
b1_lease_only-none-payments-0f0a2124-r7,p0,B1_LEASE_ONLY,none,payments,AUTHORITATIVE_READBACK,CALLER_REFERENCE,67dfee2f-fb78-4a02-9719-6bb4726005e3,CONFIRMED_APPLIED,APPLIED,3,0,3,12196.556702,,1,0,,
b1_lease_only-none-payments-0f0a2124-r8,p0,B1_LEASE_ONLY,none,payments,AUTHORITATIVE_READBACK,CALLER_REFERENCE,fad02edf-1a95-4022-a4ae-b4bf3b624d81,CONFIRMED_APPLIED,APPLIED,2,0,2,7961.085857,,1,0,,
b1_lease_only-none-payments-0f0a2124-r8,p0,B1_LEASE_ONLY,none,payments,AUTHORITATIVE_READBACK,CALLER_REFERENCE,8dccdacf-6e6a-4941-9b16-4e9e1e3fc38b,CONFIRMED_APPLIED,APPLIED,1,0,1,2036.024436,,0,0,,
b1_lease_only-none-payments-0f0a2124-r8,p0,B1_LEASE_ONLY,none,payments,AUTHORITATIVE_READBACK,CALLER_REFERENCE,faf03f78-636f-431d-bdab-9c93da4f4ddd,CONFIRMED_APPLIED,APPLIED,1,0,1,2044.942096,,0,0,,
b1_lease_only-none-payments-0f0a2124-r8,p0,B1_LEASE_ONLY,none,payments,AUTHORITATIVE_READBACK,CALLER_REFERENCE,3cc946e0-81c5-427c-9883-559557dea4a8,CONFIRMED_APPLIED,APPLIED,1,0,1,2041.619487,,0,0,,
b1_lease_only-none-payments-0f0a2124-r8,p0,B1_LEASE_ONLY,none,payments,AUTHORITATIVE_READBACK,CALLER_REFERENCE,bae4a421-f6cb-4938-ac0a-b988712dd38d,CONFIRMED_APPLIED,APPLIED,1,0,1,2035.915637,,0,0,,
b1_lease_only-none-payments-0f0a2124-r8,p0,B1_LEASE_ONLY,none,payments,AUTHORITATIVE_READBACK,CALLER_REFERENCE,19182148-28c0-4073-a599-32785b495017,CONFIRMED_APPLIED,APPLIED,1,0,1,3022.025289,,0,0,,
b1_lease_only-none-payments-0f0a2124-r8,p0,B1_LEASE_ONLY,none,payments,AUTHORITATIVE_READBACK,CALLER_REFERENCE,42a45a6e-77c6-408a-b0ea-ba0c6f9a0042,CONFIRMED_APPLIED,APPLIED,2,0,3,9077.073275,,1,0,,
b1_lease_only-none-payments-0f0a2124-r8,p0,B1_LEASE_ONLY,none,payments,AUTHORITATIVE_READBACK,CALLER_REFERENCE,073c90dc-29ae-4ddb-80a6-2d17b1cf0aee,CONFIRMED_APPLIED,APPLIED,1,0,1,2033.207192,,0,0,,
b1_lease_only-none-payments-0f0a2124-r8,p0,B1_LEASE_ONLY,none,payments,AUTHORITATIVE_READBACK,CALLER_REFERENCE,0df34ce4-a9c5-430f-b9a0-fec58b7be733,CONFIRMED_APPLIED,APPLIED,1,0,1,2111.285508,,0,0,,
b1_lease_only-none-payments-0f0a2124-r8,p0,B1_LEASE_ONLY,none,payments,AUTHORITATIVE_READBACK,CALLER_REFERENCE,b08e31fb-e49c-4e65-b573-937cf3efa251,CONFIRMED_APPLIED,APPLIED,1,0,1,2037.601135,,0,0,,
b1_lease_only-none-payments-0f0a2124-r9,p0,B1_LEASE_ONLY,none,payments,AUTHORITATIVE_READBACK,CALLER_REFERENCE,c794d7b3-0a6b-4759-8181-63767a043b88,CONFIRMED_APPLIED,APPLIED,1,0,1,3121.483353,,0,0,,
b1_lease_only-none-payments-0f0a2124-r9,p0,B1_LEASE_ONLY,none,payments,AUTHORITATIVE_READBACK,CALLER_REFERENCE,8108a1da-2d92-455e-ba4a-6652d797072b,CONFIRMED_APPLIED,APPLIED,1,0,1,2035.101335,,0,0,,
b1_lease_only-none-payments-0f0a2124-r9,p0,B1_LEASE_ONLY,none,payments,AUTHORITATIVE_READBACK,CALLER_REFERENCE,8e469409-2d90-428a-a27a-7a93792e89d8,CONFIRMED_APPLIED,APPLIED,1,0,1,2031.851281,,0,0,,
b1_lease_only-none-payments-0f0a2124-r9,p0,B1_LEASE_ONLY,none,payments,AUTHORITATIVE_READBACK,CALLER_REFERENCE,0b2f9da8-c98c-4ace-9ccc-ea6334474070,CONFIRMED_APPLIED,APPLIED,1,0,1,2044.823268,,0,0,,
b1_lease_only-none-payments-0f0a2124-r9,p0,B1_LEASE_ONLY,none,payments,AUTHORITATIVE_READBACK,CALLER_REFERENCE,2b1744b2-2d5b-41ac-b95b-aad221de25e3,CONFIRMED_APPLIED,APPLIED,1,0,1,2025.217009,,0,0,,
b1_lease_only-none-payments-0f0a2124-r9,p0,B1_LEASE_ONLY,none,payments,AUTHORITATIVE_READBACK,CALLER_REFERENCE,8e6e90f7-e2be-4fc6-b7b3-9cd8279343ce,CONFIRMED_APPLIED,APPLIED,1,0,1,3197.167325,,0,0,,
b1_lease_only-none-payments-0f0a2124-r9,p0,B1_LEASE_ONLY,none,payments,AUTHORITATIVE_READBACK,CALLER_REFERENCE,c18f66b5-1aa1-42d1-b7a0-7a3b8796bb23,CONFIRMED_APPLIED,APPLIED,1,0,1,2032.885412,,0,0,,
b1_lease_only-none-payments-0f0a2124-r9,p0,B1_LEASE_ONLY,none,payments,AUTHORITATIVE_READBACK,CALLER_REFERENCE,fdcd1a5d-8e16-4cf2-bd15-6f94e2efe1e6,CONFIRMED_APPLIED,APPLIED,2,0,2,7169.215571,,1,0,,
b1_lease_only-none-payments-0f0a2124-r9,p0,B1_LEASE_ONLY,none,payments,AUTHORITATIVE_READBACK,CALLER_REFERENCE,f70895ac-65eb-40a6-bfd1-928e11d3388e,CONFIRMED_APPLIED,APPLIED,1,0,1,2024.935716,,0,0,,
b1_lease_only-none-payments-0f0a2124-r9,p0,B1_LEASE_ONLY,none,payments,AUTHORITATIVE_READBACK,CALLER_REFERENCE,0637d23d-6db5-4181-8586-308d0e02c65d,CONFIRMED_APPLIED,APPLIED,1,0,1,2029.938161,,0,0,,
b2_cas_only-none-payments-e0993c08-r0,p0,B2_CAS_ONLY,none,payments,AUTHORITATIVE_READBACK,CALLER_REFERENCE,305bcfff-e550-4a14-b9bb-b843a6fbdea8,CONFIRMED_APPLIED,APPLIED,1,0,1,2422.542749,,0,0,,
b2_cas_only-none-payments-e0993c08-r0,p0,B2_CAS_ONLY,none,payments,AUTHORITATIVE_READBACK,CALLER_REFERENCE,dcd0f2d4-e41c-4d88-9160-4239634b45d0,CONFIRMED_APPLIED,APPLIED,1,0,1,2020.475205,,0,0,,
b2_cas_only-none-payments-e0993c08-r0,p0,B2_CAS_ONLY,none,payments,AUTHORITATIVE_READBACK,CALLER_REFERENCE,f999e9e9-95db-4156-a239-d45e44ce8810,CONFIRMED_APPLIED,APPLIED,1,0,1,2020.739358,,0,0,,
b2_cas_only-none-payments-e0993c08-r0,p0,B2_CAS_ONLY,none,payments,AUTHORITATIVE_READBACK,CALLER_REFERENCE,d9ea164e-d15b-4ac9-b86d-025c30ea6eb1,CONFIRMED_APPLIED,APPLIED,1,0,2,4034.129477,,0,0,,
b2_cas_only-none-payments-e0993c08-r0,p0,B2_CAS_ONLY,none,payments,AUTHORITATIVE_READBACK,CALLER_REFERENCE,697f96ef-67f2-4b81-8546-b477cc2ef4fc,CONFIRMED_APPLIED,APPLIED,1,0,1,2036.2833,,0,0,,
b2_cas_only-none-payments-e0993c08-r0,p0,B2_CAS_ONLY,none,payments,AUTHORITATIVE_READBACK,CALLER_REFERENCE,99d95bb9-5413-4667-bf6e-14b40d1df7e5,CONFIRMED_APPLIED,APPLIED,1,0,1,2437.097679,,0,0,,
b2_cas_only-none-payments-e0993c08-r0,p0,B2_CAS_ONLY,none,payments,AUTHORITATIVE_READBACK,CALLER_REFERENCE,cc69002a-c16a-4800-a368-71cb947153fe,CONFIRMED_APPLIED,APPLIED,1,0,2,4038.24345,,0,0,,
b2_cas_only-none-payments-e0993c08-r0,p0,B2_CAS_ONLY,none,payments,AUTHORITATIVE_READBACK,CALLER_REFERENCE,d76265f2-4ae9-42ce-b3ff-efb2b91d42d4,CONFIRMED_APPLIED,APPLIED,1,0,1,2018.413425,,0,0,,
b2_cas_only-none-payments-e0993c08-r0,p0,B2_CAS_ONLY,none,payments,AUTHORITATIVE_READBACK,CALLER_REFERENCE,985ed35b-a793-4ded-a395-d28eedb44e97,CONFIRMED_APPLIED,APPLIED,1,0,1,2024.069883,,0,0,,
b2_cas_only-none-payments-e0993c08-r0,p0,B2_CAS_ONLY,none,payments,AUTHORITATIVE_READBACK,CALLER_REFERENCE,d8094b17-2ca5-4ce7-a1a7-64c18a58e26b,CONFIRMED_APPLIED,APPLIED,1,0,1,2039.557037,,0,0,,
b2_cas_only-none-payments-e0993c08-r1,p0,B2_CAS_ONLY,none,payments,AUTHORITATIVE_READBACK,CALLER_REFERENCE,0a9281c4-4afc-4d4a-9772-37bb4fecce96,CONFIRMED_APPLIED,APPLIED,1,0,1,3293.463993,,0,0,,
b2_cas_only-none-payments-e0993c08-r1,p0,B2_CAS_ONLY,none,payments,AUTHORITATIVE_READBACK,CALLER_REFERENCE,3748979b-5368-4139-995c-290d07b4fc47,CONFIRMED_APPLIED,APPLIED,1,0,1,2029.73317,,0,0,,
b2_cas_only-none-payments-e0993c08-r1,p0,B2_CAS_ONLY,none,payments,AUTHORITATIVE_READBACK,CALLER_REFERENCE,0db88325-5132-48cf-b1ef-6f03f9cb0be9,CONFIRMED_APPLIED,APPLIED,1,0,1,2019.502453,,0,0,,
b2_cas_only-none-payments-e0993c08-r1,p0,B2_CAS_ONLY,none,payments,AUTHORITATIVE_READBACK,CALLER_REFERENCE,cb0f44c9-1b63-4893-9c94-b3adf0301545,CONFIRMED_APPLIED,APPLIED,1,0,1,2026.969664,,0,0,,
b2_cas_only-none-payments-e0993c08-r1,p0,B2_CAS_ONLY,none,payments,AUTHORITATIVE_READBACK,CALLER_REFERENCE,cd83d473-20ae-4ccb-ba00-7598aef6b24d,CONFIRMED_APPLIED,APPLIED,1,0,1,2027.24468,,0,0,,
b2_cas_only-none-payments-e0993c08-r1,p0,B2_CAS_ONLY,none,payments,AUTHORITATIVE_READBACK,CALLER_REFERENCE,d6402a0e-5a68-4c91-9a22-bbd6a7e55c71,CONFIRMED_APPLIED,APPLIED,1,0,1,3278.020102,,0,0,,
b2_cas_only-none-payments-e0993c08-r1,p0,B2_CAS_ONLY,none,payments,AUTHORITATIVE_READBACK,CALLER_REFERENCE,0c09a560-c3e9-444f-913e-1a52ae0e5a84,CONFIRMED_APPLIED,APPLIED,2,0,2,7042.188604,,1,0,,
b2_cas_only-none-payments-e0993c08-r1,p0,B2_CAS_ONLY,none,payments,AUTHORITATIVE_READBACK,CALLER_REFERENCE,e5e91de6-5d02-4e80-a6e0-086290156ae9,CONFIRMED_APPLIED,APPLIED,1,0,1,2053.318736,,0,0,,
b2_cas_only-none-payments-e0993c08-r1,p0,B2_CAS_ONLY,none,payments,AUTHORITATIVE_READBACK,CALLER_REFERENCE,8324d421-635f-4b4a-ba40-04faee4fbd75,CONFIRMED_APPLIED,APPLIED,1,0,1,2024.935161,,0,0,,
b2_cas_only-none-payments-e0993c08-r1,p0,B2_CAS_ONLY,none,payments,AUTHORITATIVE_READBACK,CALLER_REFERENCE,9008cd61-015b-44f1-a56c-c5f8e4196a96,CONFIRMED_APPLIED,APPLIED,1,0,1,2027.207618,,0,0,,
b2_cas_only-none-payments-e0993c08-r10,p0,B2_CAS_ONLY,none,payments,AUTHORITATIVE_READBACK,CALLER_REFERENCE,ca883648-a929-424e-a104-e0dc53862b2a,CONFIRMED_APPLIED,APPLIED,1,0,1,2495.57704,,0,0,,
b2_cas_only-none-payments-e0993c08-r10,p0,B2_CAS_ONLY,none,payments,AUTHORITATIVE_READBACK,CALLER_REFERENCE,dbbd6bca-e126-4232-b6d8-1e5fd1254463,CONFIRMED_APPLIED,APPLIED,1,0,1,2021.817861,,0,0,,
b2_cas_only-none-payments-e0993c08-r10,p0,B2_CAS_ONLY,none,payments,AUTHORITATIVE_READBACK,CALLER_REFERENCE,39c41d14-1f7d-45f2-9aed-49a52296153a,CONFIRMED_APPLIED,APPLIED,1,0,1,2027.997083,,0,0,,
b2_cas_only-none-payments-e0993c08-r10,p0,B2_CAS_ONLY,none,payments,AUTHORITATIVE_READBACK,CALLER_REFERENCE,5f76c69f-545c-4802-81bb-8412ee78f6e9,CONFIRMED_APPLIED,APPLIED,1,0,1,2045.514814,,0,0,,
b2_cas_only-none-payments-e0993c08-r10,p0,B2_CAS_ONLY,none,payments,AUTHORITATIVE_READBACK,CALLER_REFERENCE,cc5ca60b-a1f7-48da-9ced-03972254da27,CONFIRMED_APPLIED,APPLIED,2,0,2,7103.547416,,1,0,,
b2_cas_only-none-payments-e0993c08-r10,p0,B2_CAS_ONLY,none,payments,AUTHORITATIVE_READBACK,CALLER_REFERENCE,89d2274c-d54b-4f62-81bd-959c45c3062f,CONFIRMED_APPLIED,APPLIED,1,0,1,2480.041607,,0,0,,
b2_cas_only-none-payments-e0993c08-r10,p0,B2_CAS_ONLY,none,payments,AUTHORITATIVE_READBACK,CALLER_REFERENCE,ab9a30fe-d3f3-4b29-a416-b27bb89a23e7,CONFIRMED_APPLIED,APPLIED,1,0,1,2024.35812,,0,0,,
b2_cas_only-none-payments-e0993c08-r10,p0,B2_CAS_ONLY,none,payments,AUTHORITATIVE_READBACK,CALLER_REFERENCE,167e547a-ae1b-4d6a-ad61-6313cbcb4937,CONFIRMED_APPLIED,APPLIED,1,0,1,2026.597589,,0,0,,
b2_cas_only-none-payments-e0993c08-r10,p0,B2_CAS_ONLY,none,payments,AUTHORITATIVE_READBACK,CALLER_REFERENCE,f52b4c8c-d5c2-47e5-88bc-a2d045ae8881,CONFIRMED_APPLIED,APPLIED,1,0,1,2038.711169,,0,0,,
b2_cas_only-none-payments-e0993c08-r10,p0,B2_CAS_ONLY,none,payments,AUTHORITATIVE_READBACK,CALLER_REFERENCE,206bcbad-6bd0-433c-896e-4ad3fe545d73,CONFIRMED_APPLIED,APPLIED,1,0,1,2034.014088,,0,0,,
b2_cas_only-none-payments-e0993c08-r11,p0,B2_CAS_ONLY,none,payments,AUTHORITATIVE_READBACK,CALLER_REFERENCE,a435d777-5cbc-49cf-99fe-d78a520170d9,CONFIRMED_APPLIED,APPLIED,1,0,1,2529.010368,,0,0,,
b2_cas_only-none-payments-e0993c08-r11,p0,B2_CAS_ONLY,none,payments,AUTHORITATIVE_READBACK,CALLER_REFERENCE,49d27575-8751-42ac-87fb-025208bf5b20,CONFIRMED_APPLIED,APPLIED,1,0,1,2023.536734,,0,0,,
b2_cas_only-none-payments-e0993c08-r11,p0,B2_CAS_ONLY,none,payments,AUTHORITATIVE_READBACK,CALLER_REFERENCE,61122146-cc19-467a-a6d5-a319aa02d355,CONFIRMED_APPLIED,APPLIED,2,0,2,7036.419286,,1,0,,
b2_cas_only-none-payments-e0993c08-r11,p0,B2_CAS_ONLY,none,payments,AUTHORITATIVE_READBACK,CALLER_REFERENCE,aab835ff-a480-4a25-8155-e2af14dfe06a,CONFIRMED_APPLIED,APPLIED,1,0,1,2024.486219,,0,0,,
b2_cas_only-none-payments-e0993c08-r11,p0,B2_CAS_ONLY,none,payments,AUTHORITATIVE_READBACK,CALLER_REFERENCE,51223358-44aa-4979-a08d-49bd8ab8b169,CONFIRMED_APPLIED,APPLIED,1,0,1,2030.057068,,0,0,,
b2_cas_only-none-payments-e0993c08-r11,p0,B2_CAS_ONLY,none,payments,AUTHORITATIVE_READBACK,CALLER_REFERENCE,22e10b8e-2df9-4436-8a0b-d2dbcdc0400d,CONFIRMED_APPLIED,APPLIED,1,0,1,2514.018933,,0,0,,
b2_cas_only-none-payments-e0993c08-r11,p0,B2_CAS_ONLY,none,payments,AUTHORITATIVE_READBACK,CALLER_REFERENCE,0c682578-1c90-4b0c-b662-a722b26429ea,CONFIRMED_APPLIED,APPLIED,3,0,3,12049.889424,,1,0,,
b2_cas_only-none-payments-e0993c08-r11,p0,B2_CAS_ONLY,none,payments,AUTHORITATIVE_READBACK,CALLER_REFERENCE,6ff0a14e-563b-44de-99a4-7d4354543d7c,CONFIRMED_APPLIED,APPLIED,1,0,1,2034.368035,,0,0,,
b2_cas_only-none-payments-e0993c08-r11,p0,B2_CAS_ONLY,none,payments,AUTHORITATIVE_READBACK,CALLER_REFERENCE,9fa4ce1f-3565-4c47-bda5-b5c5d44d16c9,CONFIRMED_APPLIED,APPLIED,1,0,1,2033.320216,,0,0,,
b2_cas_only-none-payments-e0993c08-r11,p0,B2_CAS_ONLY,none,payments,AUTHORITATIVE_READBACK,CALLER_REFERENCE,fc91647e-107d-4158-98de-ef9f94663866,CONFIRMED_APPLIED,APPLIED,2,0,2,7037.492793,,1,0,,
b2_cas_only-none-payments-e0993c08-r12,p0,B2_CAS_ONLY,none,payments,AUTHORITATIVE_READBACK,CALLER_REFERENCE,d1465680-fb35-46fd-aa12-58b708beaefa,CONFIRMED_APPLIED,APPLIED,1,0,1,3006.936613,,0,0,,
b2_cas_only-none-payments-e0993c08-r12,p0,B2_CAS_ONLY,none,payments,AUTHORITATIVE_READBACK,CALLER_REFERENCE,1f000992-d79f-467f-aa73-8833759b048f,CONFIRMED_APPLIED,APPLIED,1,0,1,2046.766158,,0,0,,
b2_cas_only-none-payments-e0993c08-r12,p0,B2_CAS_ONLY,none,payments,AUTHORITATIVE_READBACK,CALLER_REFERENCE,454d7405-412e-49fd-bd92-02ffb91bd55a,CONFIRMED_APPLIED,APPLIED,1,0,1,2039.061418,,0,0,,
b2_cas_only-none-payments-e0993c08-r12,p0,B2_CAS_ONLY,none,payments,AUTHORITATIVE_READBACK,CALLER_REFERENCE,6b151a8a-36dc-422d-b658-540d1ee71966,CONFIRMED_APPLIED,APPLIED,1,0,1,2050.567405,,0,0,,
b2_cas_only-none-payments-e0993c08-r12,p0,B2_CAS_ONLY,none,payments,AUTHORITATIVE_READBACK,CALLER_REFERENCE,0252fee0-ddb5-47c3-a19e-17b27b50d666,CONFIRMED_APPLIED,APPLIED,1,0,1,2040.46174,,0,0,,
b2_cas_only-none-payments-e0993c08-r12,p0,B2_CAS_ONLY,none,payments,AUTHORITATIVE_READBACK,CALLER_REFERENCE,4d3bcb81-a40d-4127-8baa-27f731f780b2,CONFIRMED_APPLIED,APPLIED,1,0,1,3028.338143,,0,0,,
b2_cas_only-none-payments-e0993c08-r12,p0,B2_CAS_ONLY,none,payments,AUTHORITATIVE_READBACK,CALLER_REFERENCE,5442afc3-f4af-4a56-8a99-1559ed19d72b,CONFIRMED_APPLIED,APPLIED,1,0,1,2051.076055,,0,0,,
b2_cas_only-none-payments-e0993c08-r12,p0,B2_CAS_ONLY,none,payments,AUTHORITATIVE_READBACK,CALLER_REFERENCE,4f750888-49ea-4261-aa4f-311eb2ff9e6c,CONFIRMED_APPLIED,APPLIED,1,0,1,2027.513957,,0,0,,
b2_cas_only-none-payments-e0993c08-r12,p0,B2_CAS_ONLY,none,payments,AUTHORITATIVE_READBACK,CALLER_REFERENCE,f0b51a36-f872-4441-b80b-2c9c50096b6f,CONFIRMED_APPLIED,APPLIED,1,0,1,2057.16471,,0,0,,
b2_cas_only-none-payments-e0993c08-r12,p0,B2_CAS_ONLY,none,payments,AUTHORITATIVE_READBACK,CALLER_REFERENCE,0d994b5a-9cf6-40e7-9a72-7555f14b5659,CONFIRMED_APPLIED,APPLIED,1,0,1,2057.27125,,0,0,,
b2_cas_only-none-payments-e0993c08-r13,p0,B2_CAS_ONLY,none,payments,AUTHORITATIVE_READBACK,CALLER_REFERENCE,f5077826-d33e-4ede-bff5-82338656cc15,CONFIRMED_APPLIED,APPLIED,1,0,1,2432.801615,,0,0,,
b2_cas_only-none-payments-e0993c08-r13,p0,B2_CAS_ONLY,none,payments,AUTHORITATIVE_READBACK,CALLER_REFERENCE,28ecd2c2-b68a-48a6-a19a-4e2a07cc2dae,CONFIRMED_APPLIED,APPLIED,1,0,1,2018.788505,,0,0,,
b2_cas_only-none-payments-e0993c08-r13,p0,B2_CAS_ONLY,none,payments,AUTHORITATIVE_READBACK,CALLER_REFERENCE,0eba8770-abb4-44aa-9f4d-ef3d5c89a636,CONFIRMED_APPLIED,APPLIED,1,0,1,2018.113003,,0,0,,
b2_cas_only-none-payments-e0993c08-r13,p0,B2_CAS_ONLY,none,payments,AUTHORITATIVE_READBACK,CALLER_REFERENCE,97a06518-21c9-4338-9aa1-6a903535adf8,CONFIRMED_APPLIED,APPLIED,1,0,1,2020.08304,,0,0,,
b2_cas_only-none-payments-e0993c08-r13,p0,B2_CAS_ONLY,none,payments,AUTHORITATIVE_READBACK,CALLER_REFERENCE,b0e5b0d5-0d64-4e5e-b070-f6515e1f8b53,CONFIRMED_APPLIED,APPLIED,2,0,2,7031.553064,,1,0,,
b2_cas_only-none-payments-e0993c08-r13,p0,B2_CAS_ONLY,none,payments,AUTHORITATIVE_READBACK,CALLER_REFERENCE,e3156417-8c45-4c61-a119-d3a2af35ff2f,CONFIRMED_APPLIED,APPLIED,1,0,1,2432.478916,,0,0,,
b2_cas_only-none-payments-e0993c08-r13,p0,B2_CAS_ONLY,none,payments,AUTHORITATIVE_READBACK,CALLER_REFERENCE,64062d5c-c7a5-403c-8749-ace2afaa57ee,CONFIRMED_APPLIED,APPLIED,1,0,1,2029.959558,,0,0,,
b2_cas_only-none-payments-e0993c08-r13,p0,B2_CAS_ONLY,none,payments,AUTHORITATIVE_READBACK,CALLER_REFERENCE,d3bf64d5-56d5-46bb-b4aa-657538bfced8,CONFIRMED_APPLIED,APPLIED,1,0,1,2026.373487,,0,0,,
b2_cas_only-none-payments-e0993c08-r13,p0,B2_CAS_ONLY,none,payments,AUTHORITATIVE_READBACK,CALLER_REFERENCE,7dc99a90-db25-4205-925c-26141c0b33b7,CONFIRMED_APPLIED,APPLIED,1,0,1,2019.258502,,0,0,,
b2_cas_only-none-payments-e0993c08-r13,p0,B2_CAS_ONLY,none,payments,AUTHORITATIVE_READBACK,CALLER_REFERENCE,5e324724-8312-4f1b-8cd6-74c757112e89,CONFIRMED_APPLIED,APPLIED,1,0,1,2023.625918,,0,0,,
b2_cas_only-none-payments-e0993c08-r14,p0,B2_CAS_ONLY,none,payments,AUTHORITATIVE_READBACK,CALLER_REFERENCE,2b03ee57-e453-4f4b-bdb9-47e51f1a5271,CONFIRMED_APPLIED,APPLIED,1,0,1,2921.593641,,0,0,,
b2_cas_only-none-payments-e0993c08-r14,p0,B2_CAS_ONLY,none,payments,AUTHORITATIVE_READBACK,CALLER_REFERENCE,5a39326d-ac2d-484c-a21b-ec6147f36adc,CONFIRMED_APPLIED,APPLIED,1,0,1,2044.872969,,0,0,,
b2_cas_only-none-payments-e0993c08-r14,p0,B2_CAS_ONLY,none,payments,AUTHORITATIVE_READBACK,CALLER_REFERENCE,f8ec3fdf-34b0-4d2b-937c-be45c74b90fc,CONFIRMED_APPLIED,APPLIED,1,0,1,2026.011891,,0,0,,
b2_cas_only-none-payments-e0993c08-r14,p0,B2_CAS_ONLY,none,payments,AUTHORITATIVE_READBACK,CALLER_REFERENCE,020b72c4-799f-41df-9861-c70d0fc6f786,CONFIRMED_APPLIED,APPLIED,1,0,1,2031.982394,,0,0,,
b2_cas_only-none-payments-e0993c08-r14,p0,B2_CAS_ONLY,none,payments,AUTHORITATIVE_READBACK,CALLER_REFERENCE,9d36ad39-73f1-4bea-83ff-122f07a35463,CONFIRMED_APPLIED,APPLIED,1,0,1,2028.125824,,0,0,,
b2_cas_only-none-payments-e0993c08-r14,p0,B2_CAS_ONLY,none,payments,AUTHORITATIVE_READBACK,CALLER_REFERENCE,103b92f7-8910-492b-ae9f-c7d3a474b3f1,CONFIRMED_APPLIED,APPLIED,1,0,1,2890.359,,0,0,,
b2_cas_only-none-payments-e0993c08-r14,p0,B2_CAS_ONLY,none,payments,AUTHORITATIVE_READBACK,CALLER_REFERENCE,441b3100-8c80-46c3-9c43-f6333183b38e,CONFIRMED_APPLIED,APPLIED,1,0,1,2043.670783,,0,0,,
b2_cas_only-none-payments-e0993c08-r14,p0,B2_CAS_ONLY,none,payments,AUTHORITATIVE_READBACK,CALLER_REFERENCE,703efcd9-9542-4216-b211-6d93091c6ff9,CONFIRMED_APPLIED,APPLIED,1,0,1,2027.847405,,0,0,,
b2_cas_only-none-payments-e0993c08-r14,p0,B2_CAS_ONLY,none,payments,AUTHORITATIVE_READBACK,CALLER_REFERENCE,99dedafa-6e4d-4be2-8196-05587054da63,CONFIRMED_APPLIED,APPLIED,2,0,2,7041.201057,,1,0,,
b2_cas_only-none-payments-e0993c08-r14,p0,B2_CAS_ONLY,none,payments,AUTHORITATIVE_READBACK,CALLER_REFERENCE,38478a1b-7b00-48be-921f-47e892e12665,CONFIRMED_APPLIED,APPLIED,1,0,1,2041.675248,,0,0,,
b2_cas_only-none-payments-e0993c08-r2,p0,B2_CAS_ONLY,none,payments,AUTHORITATIVE_READBACK,CALLER_REFERENCE,31ac05fb-aae6-40f7-9cb6-deeab50aa94e,CONFIRMED_APPLIED,APPLIED,1,0,1,2703.322395,,0,0,,
b2_cas_only-none-payments-e0993c08-r2,p0,B2_CAS_ONLY,none,payments,AUTHORITATIVE_READBACK,CALLER_REFERENCE,9c28fe1d-eb2a-45a0-b329-9567d2aad439,CONFIRMED_APPLIED,APPLIED,1,0,1,2034.527529,,0,0,,
b2_cas_only-none-payments-e0993c08-r2,p0,B2_CAS_ONLY,none,payments,AUTHORITATIVE_READBACK,CALLER_REFERENCE,3b7d9d2f-7dc5-40ac-a962-4351d10d637a,CONFIRMED_APPLIED,APPLIED,1,0,1,2039.105989,,0,0,,
b2_cas_only-none-payments-e0993c08-r2,p0,B2_CAS_ONLY,none,payments,AUTHORITATIVE_READBACK,CALLER_REFERENCE,9f1960f3-4487-4592-acc8-a25198b48dc1,CONFIRMED_APPLIED,APPLIED,2,0,2,7563.107096,,1,0,,
b2_cas_only-none-payments-e0993c08-r2,p0,B2_CAS_ONLY,none,payments,AUTHORITATIVE_READBACK,CALLER_REFERENCE,76aab87a-78f3-445c-8bea-1d06e4aa8d3e,CONFIRMED_APPLIED,APPLIED,1,0,1,2120.997992,,0,0,,
b2_cas_only-none-payments-e0993c08-r2,p0,B2_CAS_ONLY,none,payments,AUTHORITATIVE_READBACK,CALLER_REFERENCE,59a014ef-226f-4756-a820-a69ae5466a2e,CONFIRMED_APPLIED,APPLIED,2,0,2,7694.100622,,1,0,,
b2_cas_only-none-payments-e0993c08-r2,p0,B2_CAS_ONLY,none,payments,AUTHORITATIVE_READBACK,CALLER_REFERENCE,4eaba3bd-b452-4c6a-ac38-b62a6097fc69,CONFIRMED_APPLIED,APPLIED,1,0,1,2031.418447,,0,0,,
b2_cas_only-none-payments-e0993c08-r2,p0,B2_CAS_ONLY,none,payments,AUTHORITATIVE_READBACK,CALLER_REFERENCE,6b61f670-6e17-4666-8239-7adb91d9d675,CONFIRMED_APPLIED,APPLIED,2,0,2,7057.815649,,1,0,,
b2_cas_only-none-payments-e0993c08-r2,p0,B2_CAS_ONLY,none,payments,AUTHORITATIVE_READBACK,CALLER_REFERENCE,c26f5959-fa6a-4d41-99d0-ed4fc46e2053,CONFIRMED_APPLIED,APPLIED,1,0,1,2027.359706,,0,0,,
b2_cas_only-none-payments-e0993c08-r2,p0,B2_CAS_ONLY,none,payments,AUTHORITATIVE_READBACK,CALLER_REFERENCE,03a3f93c-9b13-4baa-9e67-fa1b7ddafd75,CONFIRMED_APPLIED,APPLIED,2,0,2,7165.863952,,1,0,,
b2_cas_only-none-payments-e0993c08-r3,p0,B2_CAS_ONLY,none,payments,AUTHORITATIVE_READBACK,CALLER_REFERENCE,23cfa7d4-2ff4-4642-b7e6-d33f20347bd7,CONFIRMED_APPLIED,APPLIED,1,0,1,2692.050691,,0,0,,
b2_cas_only-none-payments-e0993c08-r3,p0,B2_CAS_ONLY,none,payments,AUTHORITATIVE_READBACK,CALLER_REFERENCE,4e838f06-63ce-4392-8173-f330f9ffe47b,CONFIRMED_APPLIED,APPLIED,1,0,1,2039.302038,,0,0,,
b2_cas_only-none-payments-e0993c08-r3,p0,B2_CAS_ONLY,none,payments,AUTHORITATIVE_READBACK,CALLER_REFERENCE,f1824568-04f5-4b06-a476-e2de2cedc57b,CONFIRMED_APPLIED,APPLIED,1,0,1,2034.53228,,0,0,,
b2_cas_only-none-payments-e0993c08-r3,p0,B2_CAS_ONLY,none,payments,AUTHORITATIVE_READBACK,CALLER_REFERENCE,999ae82a-5fc6-4ec4-99ef-80e864e3d7d9,CONFIRMED_APPLIED,APPLIED,1,0,1,2046.178214,,0,0,,
b2_cas_only-none-payments-e0993c08-r3,p0,B2_CAS_ONLY,none,payments,AUTHORITATIVE_READBACK,CALLER_REFERENCE,631873b4-ec5b-4968-93ba-2b86b86b70f9,CONFIRMED_APPLIED,APPLIED,1,0,1,2036.614947,,0,0,,
b2_cas_only-none-payments-e0993c08-r3,p0,B2_CAS_ONLY,none,payments,AUTHORITATIVE_READBACK,CALLER_REFERENCE,c811d52d-70fb-4690-8ff7-74ce7d4b5137,CONFIRMED_APPLIED,APPLIED,1,0,1,2712.18778,,0,0,,
b2_cas_only-none-payments-e0993c08-r3,p0,B2_CAS_ONLY,none,payments,AUTHORITATIVE_READBACK,CALLER_REFERENCE,32d16327-9e44-4331-b89e-9dd45a7e6aa0,CONFIRMED_APPLIED,APPLIED,1,0,1,2040.805549,,0,0,,
b2_cas_only-none-payments-e0993c08-r3,p0,B2_CAS_ONLY,none,payments,AUTHORITATIVE_READBACK,CALLER_REFERENCE,80aaf943-e42d-4ac8-a683-6a6ab4a9b9c8,CONFIRMED_APPLIED,APPLIED,1,0,1,2033.890655,,0,0,,
b2_cas_only-none-payments-e0993c08-r3,p0,B2_CAS_ONLY,none,payments,AUTHORITATIVE_READBACK,CALLER_REFERENCE,0e04fbcc-9c26-44ab-896c-17a879265a3a,CONFIRMED_APPLIED,APPLIED,1,0,1,2039.842711,,0,0,,
b2_cas_only-none-payments-e0993c08-r3,p0,B2_CAS_ONLY,none,payments,AUTHORITATIVE_READBACK,CALLER_REFERENCE,efc888be-ab0a-44e2-be34-169ad3ef3315,CONFIRMED_APPLIED,APPLIED,1,0,1,2042.087695,,0,0,,
b2_cas_only-none-payments-e0993c08-r4,p0,B2_CAS_ONLY,none,payments,AUTHORITATIVE_READBACK,CALLER_REFERENCE,9a5e1bf3-235f-4586-a658-e907bbbe3aee,CONFIRMED_APPLIED,APPLIED,1,0,1,3386.216044,,0,0,,
b2_cas_only-none-payments-e0993c08-r4,p0,B2_CAS_ONLY,none,payments,AUTHORITATIVE_READBACK,CALLER_REFERENCE,18a4c6ad-7655-487f-9fb7-3e3d7a3a6e92,CONFIRMED_APPLIED,APPLIED,1,0,1,2039.14114,,0,0,,
b2_cas_only-none-payments-e0993c08-r4,p0,B2_CAS_ONLY,none,payments,AUTHORITATIVE_READBACK,CALLER_REFERENCE,7592960b-6e74-45f8-88f0-ffe20645feac,CONFIRMED_APPLIED,APPLIED,1,0,1,2050.849674,,0,0,,
b2_cas_only-none-payments-e0993c08-r4,p0,B2_CAS_ONLY,none,payments,AUTHORITATIVE_READBACK,CALLER_REFERENCE,eec5207e-0432-4007-9c8b-a0fd6fccc425,CONFIRMED_APPLIED,APPLIED,1,0,1,2050.227478,,0,0,,
b2_cas_only-none-payments-e0993c08-r4,p0,B2_CAS_ONLY,none,payments,AUTHORITATIVE_READBACK,CALLER_REFERENCE,39093e0e-05a2-4f0b-b863-f53228bbd8dd,CONFIRMED_APPLIED,APPLIED,2,0,2,7057.218269,,1,0,,
b2_cas_only-none-payments-e0993c08-r4,p0,B2_CAS_ONLY,none,payments,AUTHORITATIVE_READBACK,CALLER_REFERENCE,1e0e1a0a-062f-4607-97c5-4c127b6d5e16,CONFIRMED_APPLIED,APPLIED,1,0,1,3308.487222,,0,0,,
b2_cas_only-none-payments-e0993c08-r4,p0,B2_CAS_ONLY,none,payments,AUTHORITATIVE_READBACK,CALLER_REFERENCE,7c136667-b4d1-4c6b-8e8a-63d512c4092a,CONFIRMED_APPLIED,APPLIED,2,0,3,9105.06775,,1,0,,
b2_cas_only-none-payments-e0993c08-r4,p0,B2_CAS_ONLY,none,payments,AUTHORITATIVE_READBACK,CALLER_REFERENCE,cf34cb11-0fe1-4a29-a66b-44968ee2c7d3,CONFIRMED_APPLIED,APPLIED,1,0,1,2050.758398,,0,0,,
b2_cas_only-none-payments-e0993c08-r4,p0,B2_CAS_ONLY,none,payments,AUTHORITATIVE_READBACK,CALLER_REFERENCE,8065edcf-236a-4d35-b0d6-bd2345f8aa18,CONFIRMED_APPLIED,APPLIED,1,0,1,2038.370693,,0,0,,
b2_cas_only-none-payments-e0993c08-r4,p0,B2_CAS_ONLY,none,payments,AUTHORITATIVE_READBACK,CALLER_REFERENCE,435dc0ee-bf0a-47e1-9b17-1e2096804921,CONFIRMED_APPLIED,APPLIED,1,0,1,2035.115209,,0,0,,
b2_cas_only-none-payments-e0993c08-r5,p0,B2_CAS_ONLY,none,payments,AUTHORITATIVE_READBACK,CALLER_REFERENCE,66f51099-2562-41c0-8dd5-bf991f141159,CONFIRMED_APPLIED,APPLIED,1,0,1,2422.826467,,0,0,,
b2_cas_only-none-payments-e0993c08-r5,p0,B2_CAS_ONLY,none,payments,AUTHORITATIVE_READBACK,CALLER_REFERENCE,654a10b1-ccc7-43ad-a129-9c9fc74d34fd,CONFIRMED_APPLIED,APPLIED,2,0,2,7038.374274,,1,0,,
b2_cas_only-none-payments-e0993c08-r5,p0,B2_CAS_ONLY,none,payments,AUTHORITATIVE_READBACK,CALLER_REFERENCE,19a4f245-838e-488e-b854-7d98314dd3ec,CONFIRMED_APPLIED,APPLIED,1,0,1,2021.546245,,0,0,,
b2_cas_only-none-payments-e0993c08-r5,p0,B2_CAS_ONLY,none,payments,AUTHORITATIVE_READBACK,CALLER_REFERENCE,ce626fc5-61ba-47fe-8f6a-a4948e6e493c,CONFIRMED_APPLIED,APPLIED,1,0,1,2023.275262,,0,0,,
b2_cas_only-none-payments-e0993c08-r5,p0,B2_CAS_ONLY,none,payments,AUTHORITATIVE_READBACK,CALLER_REFERENCE,a4d6bc5a-fdce-4364-81fd-cda19716ac46,CONFIRMED_APPLIED,APPLIED,1,0,1,2021.99361,,0,0,,
b2_cas_only-none-payments-e0993c08-r5,p0,B2_CAS_ONLY,none,payments,AUTHORITATIVE_READBACK,CALLER_REFERENCE,d19b556f-4c1a-4d2f-9129-b83e0b7a58be,CONFIRMED_APPLIED,APPLIED,1,0,1,2430.351091,,0,0,,
b2_cas_only-none-payments-e0993c08-r5,p0,B2_CAS_ONLY,none,payments,AUTHORITATIVE_READBACK,CALLER_REFERENCE,a64878de-8481-4cf8-8153-532ef848414c,CONFIRMED_APPLIED,APPLIED,1,0,1,2028.496204,,0,0,,
b2_cas_only-none-payments-e0993c08-r5,p0,B2_CAS_ONLY,none,payments,AUTHORITATIVE_READBACK,CALLER_REFERENCE,32ce5615-f3bb-4223-bd6d-9752d46adde1,CONFIRMED_APPLIED,APPLIED,1,0,1,2021.835146,,0,0,,
b2_cas_only-none-payments-e0993c08-r5,p0,B2_CAS_ONLY,none,payments,AUTHORITATIVE_READBACK,CALLER_REFERENCE,50c88d37-cae7-4ecd-b1e6-08528becb811,CONFIRMED_APPLIED,APPLIED,1,0,1,2026.235537,,0,0,,
b2_cas_only-none-payments-e0993c08-r5,p0,B2_CAS_ONLY,none,payments,AUTHORITATIVE_READBACK,CALLER_REFERENCE,ddbe4aa7-2824-43c3-84a6-5bc50d578d6f,CONFIRMED_APPLIED,APPLIED,1,0,1,2019.277885,,0,0,,
b2_cas_only-none-payments-e0993c08-r6,p0,B2_CAS_ONLY,none,payments,AUTHORITATIVE_READBACK,CALLER_REFERENCE,d3daf3b7-7467-4880-a36e-67d885084a48,CONFIRMED_APPLIED,APPLIED,1,0,1,2408.774867,,0,0,,
b2_cas_only-none-payments-e0993c08-r6,p0,B2_CAS_ONLY,none,payments,AUTHORITATIVE_READBACK,CALLER_REFERENCE,de9724d6-921f-4293-b27d-35cf9b4ada51,CONFIRMED_APPLIED,APPLIED,1,0,1,2022.473716,,0,0,,
b2_cas_only-none-payments-e0993c08-r6,p0,B2_CAS_ONLY,none,payments,AUTHORITATIVE_READBACK,CALLER_REFERENCE,364f2123-aaf8-4ceb-96a3-c1c1ad89e5f2,CONFIRMED_APPLIED,APPLIED,1,0,1,2022.213577,,0,0,,
b2_cas_only-none-payments-e0993c08-r6,p0,B2_CAS_ONLY,none,payments,AUTHORITATIVE_READBACK,CALLER_REFERENCE,d7e4569d-33b3-48e5-82e9-704c97b5a953,CONFIRMED_APPLIED,APPLIED,2,0,2,7031.741154,,1,0,,
b2_cas_only-none-payments-e0993c08-r6,p0,B2_CAS_ONLY,none,payments,AUTHORITATIVE_READBACK,CALLER_REFERENCE,01fcaf29-d676-4d08-8239-c0bc8488990c,CONFIRMED_APPLIED,APPLIED,2,0,2,7031.5343,,1,0,,
b2_cas_only-none-payments-e0993c08-r6,p0,B2_CAS_ONLY,none,payments,AUTHORITATIVE_READBACK,CALLER_REFERENCE,618d1901-a5d6-4eb9-b2c8-cc8cbe21ad16,CONFIRMED_APPLIED,APPLIED,1,0,1,2419.14762,,0,0,,
b2_cas_only-none-payments-e0993c08-r6,p0,B2_CAS_ONLY,none,payments,AUTHORITATIVE_READBACK,CALLER_REFERENCE,3d3072f7-b15b-4dc7-9603-00e988e88b24,CONFIRMED_APPLIED,APPLIED,1,0,1,2020.583044,,0,0,,
b2_cas_only-none-payments-e0993c08-r6,p0,B2_CAS_ONLY,none,payments,AUTHORITATIVE_READBACK,CALLER_REFERENCE,d8439d5a-957a-4d96-ba92-b2eab491c2cd,CONFIRMED_APPLIED,APPLIED,1,0,1,2026.341855,,0,0,,
b2_cas_only-none-payments-e0993c08-r6,p0,B2_CAS_ONLY,none,payments,AUTHORITATIVE_READBACK,CALLER_REFERENCE,6129660c-e66b-4e2c-bd4c-744a212da994,CONFIRMED_APPLIED,APPLIED,1,0,1,2020.579641,,0,0,,
b2_cas_only-none-payments-e0993c08-r6,p0,B2_CAS_ONLY,none,payments,AUTHORITATIVE_READBACK,CALLER_REFERENCE,fd6d7278-3688-42a5-bf6e-5a23a8508e51,CONFIRMED_APPLIED,APPLIED,1,0,1,2017.582776,,0,0,,
b2_cas_only-none-payments-e0993c08-r7,p0,B2_CAS_ONLY,none,payments,AUTHORITATIVE_READBACK,CALLER_REFERENCE,af5229ee-c8fe-41bc-8e10-88515bbc7e69,CONFIRMED_APPLIED,APPLIED,1,0,1,2591.441991,,0,0,,
b2_cas_only-none-payments-e0993c08-r7,p0,B2_CAS_ONLY,none,payments,AUTHORITATIVE_READBACK,CALLER_REFERENCE,1bc7a65e-c1e0-4f7f-ab53-eb5ff2c3f85c,CONFIRMED_APPLIED,APPLIED,1,0,1,2032.870455,,0,0,,
b2_cas_only-none-payments-e0993c08-r7,p0,B2_CAS_ONLY,none,payments,AUTHORITATIVE_READBACK,CALLER_REFERENCE,8ca776e5-098b-4210-a476-18048050419a,CONFIRMED_APPLIED,APPLIED,1,0,1,2038.74834,,0,0,,
b2_cas_only-none-payments-e0993c08-r7,p0,B2_CAS_ONLY,none,payments,AUTHORITATIVE_READBACK,CALLER_REFERENCE,780a7292-07b9-43e4-94f1-df98b5e37eb7,CONFIRMED_APPLIED,APPLIED,1,0,1,2032.795609,,0,0,,
b2_cas_only-none-payments-e0993c08-r7,p0,B2_CAS_ONLY,none,payments,AUTHORITATIVE_READBACK,CALLER_REFERENCE,1c25ff2a-3d89-4990-8645-678143ba448d,CONFIRMED_APPLIED,APPLIED,1,0,2,4045.060293,,0,0,,
b2_cas_only-none-payments-e0993c08-r7,p0,B2_CAS_ONLY,none,payments,AUTHORITATIVE_READBACK,CALLER_REFERENCE,e88823b4-7741-465e-bc09-339097f064fb,CONFIRMED_APPLIED,APPLIED,1,0,1,2610.929907,,0,0,,
b2_cas_only-none-payments-e0993c08-r7,p0,B2_CAS_ONLY,none,payments,AUTHORITATIVE_READBACK,CALLER_REFERENCE,02c58c2b-dca7-4ef8-9e20-7b1b8ffb50a4,CONFIRMED_APPLIED,APPLIED,1,0,1,2032.340284,,0,0,,
b2_cas_only-none-payments-e0993c08-r7,p0,B2_CAS_ONLY,none,payments,AUTHORITATIVE_READBACK,CALLER_REFERENCE,c1153aae-ded5-49ea-bf6d-264bc24a7202,CONFIRMED_APPLIED,APPLIED,2,0,2,7059.045858,,1,0,,
b2_cas_only-none-payments-e0993c08-r7,p0,B2_CAS_ONLY,none,payments,AUTHORITATIVE_READBACK,CALLER_REFERENCE,a2d67301-e92e-4894-9734-4e5ed3d46d3e,CONFIRMED_APPLIED,APPLIED,1,0,1,2036.141732,,0,0,,
b2_cas_only-none-payments-e0993c08-r7,p0,B2_CAS_ONLY,none,payments,AUTHORITATIVE_READBACK,CALLER_REFERENCE,c0d79cb1-4863-46fe-922f-58333d351316,CONFIRMED_APPLIED,APPLIED,1,0,1,2031.467528,,0,0,,
b2_cas_only-none-payments-e0993c08-r8,p0,B2_CAS_ONLY,none,payments,AUTHORITATIVE_READBACK,CALLER_REFERENCE,a02859bd-993f-4082-8190-684139754ed3,CONFIRMED_APPLIED,APPLIED,1,0,1,2974.433689,,0,0,,
b2_cas_only-none-payments-e0993c08-r8,p0,B2_CAS_ONLY,none,payments,AUTHORITATIVE_READBACK,CALLER_REFERENCE,f71c7248-75ac-47e9-a43c-914ea0c76b82,CONFIRMED_APPLIED,APPLIED,1,0,1,2055.945937,,0,0,,
b2_cas_only-none-payments-e0993c08-r8,p0,B2_CAS_ONLY,none,payments,AUTHORITATIVE_READBACK,CALLER_REFERENCE,e04357d3-2070-4022-b4ee-a0067b9b5f9f,CONFIRMED_APPLIED,APPLIED,1,0,1,2046.747123,,0,0,,
b2_cas_only-none-payments-e0993c08-r8,p0,B2_CAS_ONLY,none,payments,AUTHORITATIVE_READBACK,CALLER_REFERENCE,1139bd2a-2661-45f6-ade7-8e9af9e5112d,CONFIRMED_APPLIED,APPLIED,2,0,2,7090.923786,,1,0,,
b2_cas_only-none-payments-e0993c08-r8,p0,B2_CAS_ONLY,none,payments,AUTHORITATIVE_READBACK,CALLER_REFERENCE,04650f9a-86f7-4aed-9240-899f70a45206,CONFIRMED_APPLIED,APPLIED,1,0,1,2042.169114,,0,0,,
b2_cas_only-none-payments-e0993c08-r8,p0,B2_CAS_ONLY,none,payments,AUTHORITATIVE_READBACK,CALLER_REFERENCE,a218c3a0-c5c8-4dca-8665-e5cfb79c502a,CONFIRMED_APPLIED,APPLIED,1,0,1,2953.684724,,0,0,,
b2_cas_only-none-payments-e0993c08-r8,p0,B2_CAS_ONLY,none,payments,AUTHORITATIVE_READBACK,CALLER_REFERENCE,20aecc58-9a38-4964-92e0-0a2d2397c203,CONFIRMED_APPLIED,APPLIED,1,0,1,2055.020696,,0,0,,
b2_cas_only-none-payments-e0993c08-r8,p0,B2_CAS_ONLY,none,payments,AUTHORITATIVE_READBACK,CALLER_REFERENCE,5b75af2a-2c1b-4857-bfa9-1c7ec8424e2e,CONFIRMED_APPLIED,APPLIED,1,0,1,2060.926268,,0,0,,
b2_cas_only-none-payments-e0993c08-r8,p0,B2_CAS_ONLY,none,payments,AUTHORITATIVE_READBACK,CALLER_REFERENCE,bea37548-f8ed-4293-b680-38961eaf09d0,CONFIRMED_APPLIED,APPLIED,1,0,1,2102.717063,,0,0,,
b2_cas_only-none-payments-e0993c08-r8,p0,B2_CAS_ONLY,none,payments,AUTHORITATIVE_READBACK,CALLER_REFERENCE,e2bb2421-477b-4e05-883d-5d724078790c,CONFIRMED_APPLIED,APPLIED,1,0,1,2043.661318,,0,0,,
b2_cas_only-none-payments-e0993c08-r9,p0,B2_CAS_ONLY,none,payments,AUTHORITATIVE_READBACK,CALLER_REFERENCE,aa9d9350-69da-470f-b9fa-c8bc61dad0e3,CONFIRMED_APPLIED,APPLIED,2,0,2,7947.480615,,1,0,,
b2_cas_only-none-payments-e0993c08-r9,p0,B2_CAS_ONLY,none,payments,AUTHORITATIVE_READBACK,CALLER_REFERENCE,1723c2f9-5494-4d5e-91f6-a02ee2c1d814,CONFIRMED_APPLIED,APPLIED,1,0,1,2040.869068,,0,0,,
b2_cas_only-none-payments-e0993c08-r9,p0,B2_CAS_ONLY,none,payments,AUTHORITATIVE_READBACK,CALLER_REFERENCE,41f1be74-ab54-4946-9dce-517eabdc5c6d,CONFIRMED_APPLIED,APPLIED,1,0,1,2051.643303,,0,0,,
b2_cas_only-none-payments-e0993c08-r9,p0,B2_CAS_ONLY,none,payments,AUTHORITATIVE_READBACK,CALLER_REFERENCE,5aeb49c5-2243-47fd-8381-fb94edb585b3,CONFIRMED_APPLIED,APPLIED,1,0,1,2030.983778,,0,0,,
b2_cas_only-none-payments-e0993c08-r9,p0,B2_CAS_ONLY,none,payments,AUTHORITATIVE_READBACK,CALLER_REFERENCE,e71a18fd-c4c0-49e7-a127-db51a180e072,UNVERIFIED_FAILURE,FAILED,1,0,3,9066.817094,,0,1,,
b2_cas_only-none-payments-e0993c08-r9,p0,B2_CAS_ONLY,none,payments,AUTHORITATIVE_READBACK,CALLER_REFERENCE,87df4e3c-39a8-4703-959c-777b3991692c,CONFIRMED_APPLIED,APPLIED,1,0,1,3054.489761,,0,0,,
b2_cas_only-none-payments-e0993c08-r9,p0,B2_CAS_ONLY,none,payments,AUTHORITATIVE_READBACK,CALLER_REFERENCE,edb00863-dc47-481b-975e-1244ce2b6eff,CONFIRMED_APPLIED,APPLIED,2,0,2,7148.472078,,1,0,,
b2_cas_only-none-payments-e0993c08-r9,p0,B2_CAS_ONLY,none,payments,AUTHORITATIVE_READBACK,CALLER_REFERENCE,8137989f-225e-4a3f-b4b3-62ca9f167266,CONFIRMED_APPLIED,APPLIED,1,0,1,2134.462799,,0,0,,
b2_cas_only-none-payments-e0993c08-r9,p0,B2_CAS_ONLY,none,payments,AUTHORITATIVE_READBACK,CALLER_REFERENCE,37b467fa-a3da-48bd-83c2-7b33c6b5d6cf,CONFIRMED_APPLIED,APPLIED,1,0,1,2067.233338,,0,0,,
b2_cas_only-none-payments-e0993c08-r9,p0,B2_CAS_ONLY,none,payments,AUTHORITATIVE_READBACK,CALLER_REFERENCE,1b1bc2c0-fab4-4a9e-94f6-aadf570e4a33,CONFIRMED_APPLIED,APPLIED,1,0,2,4062.181948,,0,0,,
b3_intent_no_barrier-none-payments-85b7630d-r0,p0,B3_INTENT_NO_BARRIER,none,payments,AUTHORITATIVE_READBACK,CALLER_REFERENCE,4e513b1c-b34f-4af4-a74c-36306ae57236,CONFIRMED_APPLIED,FIRED_CONFIRMED,1,0,1,2779.635507,,0,0,,
b3_intent_no_barrier-none-payments-85b7630d-r0,p0,B3_INTENT_NO_BARRIER,none,payments,AUTHORITATIVE_READBACK,CALLER_REFERENCE,8fd8d950-6959-419f-9886-b36642e5226d,CONFIRMED_APPLIED,FIRED_CONFIRMED,1,0,1,2041.64711,,0,0,,
b3_intent_no_barrier-none-payments-85b7630d-r0,p0,B3_INTENT_NO_BARRIER,none,payments,AUTHORITATIVE_READBACK,CALLER_REFERENCE,bc08533b-3751-4996-9bc9-149b069525b0,CONFIRMED_NOT_APPLIED,FAILED_CONFIRMED,0,0,1,2033.945031,,0,0,,
b3_intent_no_barrier-none-payments-85b7630d-r0,p0,B3_INTENT_NO_BARRIER,none,payments,AUTHORITATIVE_READBACK,CALLER_REFERENCE,95d86f69-9c6c-4b45-a1bb-ce5ef5cb5a7c,CONFIRMED_APPLIED,FIRED_CONFIRMED,1,0,1,2043.997069,,0,0,,
b3_intent_no_barrier-none-payments-85b7630d-r0,p0,B3_INTENT_NO_BARRIER,none,payments,AUTHORITATIVE_READBACK,CALLER_REFERENCE,f2cc60ef-dff5-490b-8c3c-7468ec67f555,CONFIRMED_APPLIED,FIRED_CONFIRMED,1,0,1,2044.41243,,0,0,,
b3_intent_no_barrier-none-payments-85b7630d-r0,p0,B3_INTENT_NO_BARRIER,none,payments,AUTHORITATIVE_READBACK,CALLER_REFERENCE,8746949e-8fc3-4265-ba11-b5abf59ec978,CONFIRMED_APPLIED,FIRED_CONFIRMED,1,0,1,2966.492473,,0,0,,
b3_intent_no_barrier-none-payments-85b7630d-r0,p0,B3_INTENT_NO_BARRIER,none,payments,AUTHORITATIVE_READBACK,CALLER_REFERENCE,e84d5d3f-abc5-40c9-81bb-6e1517424059,CONFIRMED_APPLIED,FIRED_CONFIRMED,1,0,1,2052.864582,,0,0,,
b3_intent_no_barrier-none-payments-85b7630d-r0,p0,B3_INTENT_NO_BARRIER,none,payments,AUTHORITATIVE_READBACK,CALLER_REFERENCE,043f3d84-1211-4b75-af50-33e8ce2520da,CONFIRMED_APPLIED,FIRED_CONFIRMED,1,0,1,2043.516621,,0,0,,
b3_intent_no_barrier-none-payments-85b7630d-r0,p0,B3_INTENT_NO_BARRIER,none,payments,AUTHORITATIVE_READBACK,CALLER_REFERENCE,e4c86d72-ef0d-4c7d-85f7-dc9215b1719e,CONFIRMED_APPLIED,FIRED_CONFIRMED,1,0,1,5035.617794,,0,0,,
b3_intent_no_barrier-none-payments-85b7630d-r0,p0,B3_INTENT_NO_BARRIER,none,payments,AUTHORITATIVE_READBACK,CALLER_REFERENCE,5ab0248d-cc3e-4603-adc9-46db9b97667d,CONFIRMED_APPLIED,FIRED_CONFIRMED,1,0,1,2044.065918,,0,0,,
b3_intent_no_barrier-none-payments-85b7630d-r1,p0,B3_INTENT_NO_BARRIER,none,payments,AUTHORITATIVE_READBACK,CALLER_REFERENCE,b0753baf-34b9-4c1b-814b-28babc4e0c28,CONFIRMED_APPLIED,FIRED_CONFIRMED,1,0,1,2903.372618,,0,0,,
b3_intent_no_barrier-none-payments-85b7630d-r1,p0,B3_INTENT_NO_BARRIER,none,payments,AUTHORITATIVE_READBACK,CALLER_REFERENCE,1f0ed010-6941-4f0c-888d-69dcf345f82c,CONFIRMED_APPLIED,FIRED_CONFIRMED,1,0,1,2090.855536,,0,0,,
b3_intent_no_barrier-none-payments-85b7630d-r1,p0,B3_INTENT_NO_BARRIER,none,payments,AUTHORITATIVE_READBACK,CALLER_REFERENCE,3f50657c-d9fc-44cb-8592-bf29b71745bb,CONFIRMED_APPLIED,FIRED_CONFIRMED,1,0,1,5046.124345,,0,0,,
b3_intent_no_barrier-none-payments-85b7630d-r1,p0,B3_INTENT_NO_BARRIER,none,payments,AUTHORITATIVE_READBACK,CALLER_REFERENCE,ccf1cd6e-edb1-4e0f-bdb7-dc7aa7a17223,CONFIRMED_APPLIED,FIRED_CONFIRMED,1,0,1,2046.309264,,0,0,,
b3_intent_no_barrier-none-payments-85b7630d-r1,p0,B3_INTENT_NO_BARRIER,none,payments,AUTHORITATIVE_READBACK,CALLER_REFERENCE,0d2e6fae-5f9f-47bb-8525-ee5dd50ee211,CONFIRMED_APPLIED,FIRED_CONFIRMED,1,0,1,5039.563269,,0,0,,
b3_intent_no_barrier-none-payments-85b7630d-r1,p0,B3_INTENT_NO_BARRIER,none,payments,AUTHORITATIVE_READBACK,CALLER_REFERENCE,3aa66139-6ca2-4798-a842-198b6727bfee,CONFIRMED_APPLIED,FIRED_CONFIRMED,1,0,1,2932.566073,,0,0,,
b3_intent_no_barrier-none-payments-85b7630d-r1,p0,B3_INTENT_NO_BARRIER,none,payments,AUTHORITATIVE_READBACK,CALLER_REFERENCE,67ae7920-ce58-4c83-8324-e22e1e0ce1db,CONFIRMED_APPLIED,FIRED_CONFIRMED,1,0,1,2089.047289,,0,0,,
b3_intent_no_barrier-none-payments-85b7630d-r1,p0,B3_INTENT_NO_BARRIER,none,payments,AUTHORITATIVE_READBACK,CALLER_REFERENCE,13657746-b5e8-479d-b59c-be6983b05c8f,CONFIRMED_APPLIED,FIRED_CONFIRMED,1,0,1,2065.809004,,0,0,,
b3_intent_no_barrier-none-payments-85b7630d-r1,p0,B3_INTENT_NO_BARRIER,none,payments,AUTHORITATIVE_READBACK,CALLER_REFERENCE,ca8a488b-2eb7-464c-9103-ad0f09a0d91c,CONFIRMED_APPLIED,FIRED_CONFIRMED,1,0,1,2055.724451,,0,0,,
b3_intent_no_barrier-none-payments-85b7630d-r1,p0,B3_INTENT_NO_BARRIER,none,payments,AUTHORITATIVE_READBACK,CALLER_REFERENCE,2db1677b-b8d6-48b7-97ca-ef0e0b2667e2,CONFIRMED_APPLIED,FIRED_CONFIRMED,1,0,1,2052.088758,,0,0,,
b3_intent_no_barrier-none-payments-85b7630d-r10,p0,B3_INTENT_NO_BARRIER,none,payments,AUTHORITATIVE_READBACK,CALLER_REFERENCE,745faed4-1f9f-445d-b22b-eaf521a85f2e,CONFIRMED_APPLIED,FIRED_CONFIRMED,1,0,1,2766.578105,,0,0,,
b3_intent_no_barrier-none-payments-85b7630d-r10,p0,B3_INTENT_NO_BARRIER,none,payments,AUTHORITATIVE_READBACK,CALLER_REFERENCE,1b36cbc0-4879-4e56-9c49-74ced7550fc9,CONFIRMED_NOT_APPLIED,FAILED_CONFIRMED,0,0,1,2037.734039,,0,0,,
b3_intent_no_barrier-none-payments-85b7630d-r10,p0,B3_INTENT_NO_BARRIER,none,payments,AUTHORITATIVE_READBACK,CALLER_REFERENCE,78dd57cb-820d-4f93-83a1-49418209dddc,CONFIRMED_APPLIED,FIRED_CONFIRMED,1,0,1,5039.047096,,0,0,,
b3_intent_no_barrier-none-payments-85b7630d-r10,p0,B3_INTENT_NO_BARRIER,none,payments,AUTHORITATIVE_READBACK,CALLER_REFERENCE,93293a5d-5e5e-4ee2-8ab3-eaa86b673fff,CONFIRMED_APPLIED,FIRED_CONFIRMED,1,0,1,2046.286344,,0,0,,
b3_intent_no_barrier-none-payments-85b7630d-r10,p0,B3_INTENT_NO_BARRIER,none,payments,AUTHORITATIVE_READBACK,CALLER_REFERENCE,c90a9047-b7a8-445e-bf15-4d90f4f56e94,CONFIRMED_APPLIED,FIRED_CONFIRMED,1,0,1,2032.690921,,0,0,,
b3_intent_no_barrier-none-payments-85b7630d-r10,p0,B3_INTENT_NO_BARRIER,none,payments,AUTHORITATIVE_READBACK,CALLER_REFERENCE,7ca10bf2-34b2-4d81-813f-9e76f181e2ae,CONFIRMED_APPLIED,FIRED_CONFIRMED,1,0,1,5494.442323,,0,0,,
b3_intent_no_barrier-none-payments-85b7630d-r10,p0,B3_INTENT_NO_BARRIER,none,payments,AUTHORITATIVE_READBACK,CALLER_REFERENCE,5afd9f6b-a3b8-410d-b276-2a349f56a756,CONFIRMED_APPLIED,FIRED_CONFIRMED,1,0,1,2055.620181,,0,0,,
b3_intent_no_barrier-none-payments-85b7630d-r10,p0,B3_INTENT_NO_BARRIER,none,payments,AUTHORITATIVE_READBACK,CALLER_REFERENCE,61b2ffd3-c23c-4420-95e0-a922deac7533,CONFIRMED_APPLIED,FIRED_CONFIRMED,1,0,1,2035.08669,,0,0,,
b3_intent_no_barrier-none-payments-85b7630d-r10,p0,B3_INTENT_NO_BARRIER,none,payments,AUTHORITATIVE_READBACK,CALLER_REFERENCE,64510884-3ddb-420b-9390-5f0a5c72121c,CONFIRMED_APPLIED,FIRED_CONFIRMED,1,0,1,2039.558484,,0,0,,
b3_intent_no_barrier-none-payments-85b7630d-r10,p0,B3_INTENT_NO_BARRIER,none,payments,AUTHORITATIVE_READBACK,CALLER_REFERENCE,9aa6f443-3bde-42cd-99a0-ff1ff32d9691,CONFIRMED_APPLIED,FIRED_CONFIRMED,1,0,1,2038.460329,,0,0,,
b3_intent_no_barrier-none-payments-85b7630d-r11,p0,B3_INTENT_NO_BARRIER,none,payments,AUTHORITATIVE_READBACK,CALLER_REFERENCE,c558e60c-c54e-4e07-8932-d78caccb4a0e,CONFIRMED_APPLIED,FIRED_CONFIRMED,1,0,1,6087.798184,,0,0,,
b3_intent_no_barrier-none-payments-85b7630d-r11,p0,B3_INTENT_NO_BARRIER,none,payments,AUTHORITATIVE_READBACK,CALLER_REFERENCE,b9d57c7e-efe3-4d49-88e5-c5f68330ccad,CONFIRMED_APPLIED,FIRED_CONFIRMED,1,0,1,2072.958903,,0,0,,
b3_intent_no_barrier-none-payments-85b7630d-r11,p0,B3_INTENT_NO_BARRIER,none,payments,AUTHORITATIVE_READBACK,CALLER_REFERENCE,5381187e-5c5f-4002-996e-240c9880901a,CONFIRMED_APPLIED,FIRED_CONFIRMED,1,0,1,2071.405985,,0,0,,
b3_intent_no_barrier-none-payments-85b7630d-r11,p0,B3_INTENT_NO_BARRIER,none,payments,AUTHORITATIVE_READBACK,CALLER_REFERENCE,07678fee-a51f-472c-915e-ce46d9188533,CONFIRMED_APPLIED,FIRED_CONFIRMED,1,0,1,5054.127167,,0,0,,
b3_intent_no_barrier-none-payments-85b7630d-r11,p0,B3_INTENT_NO_BARRIER,none,payments,AUTHORITATIVE_READBACK,CALLER_REFERENCE,7acb341e-81b5-4a3a-9f3d-197c9bb9215e,CONFIRMED_APPLIED,FIRED_CONFIRMED,1,0,1,2057.200494,,0,0,,
b3_intent_no_barrier-none-payments-85b7630d-r11,p0,B3_INTENT_NO_BARRIER,none,payments,AUTHORITATIVE_READBACK,CALLER_REFERENCE,a97d34ce-d171-4d72-89ea-0b6645305e46,CONFIRMED_APPLIED,FIRED_CONFIRMED,1,0,1,3302.313911,,0,0,,
b3_intent_no_barrier-none-payments-85b7630d-r11,p0,B3_INTENT_NO_BARRIER,none,payments,AUTHORITATIVE_READBACK,CALLER_REFERENCE,a6ba1b79-a198-4cc8-9f12-7afd5b92653a,CONFIRMED_APPLIED,FIRED_CONFIRMED,1,0,1,2082.479106,,0,0,,
b3_intent_no_barrier-none-payments-85b7630d-r11,p0,B3_INTENT_NO_BARRIER,none,payments,AUTHORITATIVE_READBACK,CALLER_REFERENCE,4c89e5e4-ea83-4202-b524-e1ab5bc51fd5,CONFIRMED_APPLIED,FIRED_CONFIRMED,1,0,1,5068.448946,,0,0,,
b3_intent_no_barrier-none-payments-85b7630d-r11,p0,B3_INTENT_NO_BARRIER,none,payments,AUTHORITATIVE_READBACK,CALLER_REFERENCE,1a18edf8-89a6-4493-ac7f-274da7838c5a,CONFIRMED_APPLIED,FIRED_CONFIRMED,1,0,1,2096.872834,,0,0,,
b3_intent_no_barrier-none-payments-85b7630d-r11,p0,B3_INTENT_NO_BARRIER,none,payments,AUTHORITATIVE_READBACK,CALLER_REFERENCE,07491526-88a0-4976-b16e-fec8f53ade98,CONFIRMED_APPLIED,FIRED_CONFIRMED,1,0,1,2069.652005,,0,0,,
b3_intent_no_barrier-none-payments-85b7630d-r12,p0,B3_INTENT_NO_BARRIER,none,payments,AUTHORITATIVE_READBACK,CALLER_REFERENCE,87a082e8-55d3-407b-af14-1b87560eb760,CONFIRMED_APPLIED,FIRED_CONFIRMED,1,0,1,2586.522493,,0,0,,
b3_intent_no_barrier-none-payments-85b7630d-r12,p0,B3_INTENT_NO_BARRIER,none,payments,AUTHORITATIVE_READBACK,CALLER_REFERENCE,1fa4f6b7-1645-42f9-8d51-ced4c610a070,CONFIRMED_APPLIED,FIRED_CONFIRMED,1,0,1,5034.498597,,0,0,,
b3_intent_no_barrier-none-payments-85b7630d-r12,p0,B3_INTENT_NO_BARRIER,none,payments,AUTHORITATIVE_READBACK,CALLER_REFERENCE,9cf76c8b-d5dd-4e1d-9d3c-735cc4ab1482,CONFIRMED_APPLIED,FIRED_CONFIRMED,1,0,1,2035.95579,,0,0,,
b3_intent_no_barrier-none-payments-85b7630d-r12,p0,B3_INTENT_NO_BARRIER,none,payments,AUTHORITATIVE_READBACK,CALLER_REFERENCE,50311335-f7a9-406c-81d2-823b3b0fd8a6,CONFIRMED_APPLIED,FIRED_CONFIRMED,1,0,1,2038.793153,,0,0,,
b3_intent_no_barrier-none-payments-85b7630d-r12,p0,B3_INTENT_NO_BARRIER,none,payments,AUTHORITATIVE_READBACK,CALLER_REFERENCE,16996814-dcaa-435b-b7a5-f84a11f139a9,CONFIRMED_APPLIED,FIRED_CONFIRMED,1,0,1,2076.370832,,0,0,,
b3_intent_no_barrier-none-payments-85b7630d-r12,p0,B3_INTENT_NO_BARRIER,none,payments,AUTHORITATIVE_READBACK,CALLER_REFERENCE,61d40097-7e36-4219-9187-3b065c66fa67,CONFIRMED_APPLIED,FIRED_CONFIRMED,1,0,1,5864.328089,,0,0,,
b3_intent_no_barrier-none-payments-85b7630d-r12,p0,B3_INTENT_NO_BARRIER,none,payments,AUTHORITATIVE_READBACK,CALLER_REFERENCE,fc778872-e3db-4494-b839-1035ccee2cf9,CONFIRMED_APPLIED,FIRED_CONFIRMED,1,0,1,2041.473167,,0,0,,
b3_intent_no_barrier-none-payments-85b7630d-r12,p0,B3_INTENT_NO_BARRIER,none,payments,AUTHORITATIVE_READBACK,CALLER_REFERENCE,95128a45-a46a-4837-b76a-954b7bd27e90,CONFIRMED_APPLIED,FIRED_CONFIRMED,1,0,1,5034.214608,,0,0,,
b3_intent_no_barrier-none-payments-85b7630d-r12,p0,B3_INTENT_NO_BARRIER,none,payments,AUTHORITATIVE_READBACK,CALLER_REFERENCE,5fd57493-fc4e-4cf2-a034-1649d2d9b590,CONFIRMED_APPLIED,FIRED_CONFIRMED,1,0,1,2049.505629,,0,0,,
b3_intent_no_barrier-none-payments-85b7630d-r12,p0,B3_INTENT_NO_BARRIER,none,payments,AUTHORITATIVE_READBACK,CALLER_REFERENCE,21bbc146-ac2d-4f3c-a56a-51526e5b34d9,CONFIRMED_APPLIED,FIRED_CONFIRMED,1,0,1,2058.530558,,0,0,,
b3_intent_no_barrier-none-payments-85b7630d-r13,p0,B3_INTENT_NO_BARRIER,none,payments,AUTHORITATIVE_READBACK,CALLER_REFERENCE,08cbb7d5-1652-405e-935b-9a2668c07e50,CONFIRMED_APPLIED,FIRED_CONFIRMED,1,0,1,2524.747706,,0,0,,
b3_intent_no_barrier-none-payments-85b7630d-r13,p0,B3_INTENT_NO_BARRIER,none,payments,AUTHORITATIVE_READBACK,CALLER_REFERENCE,6e0a5b04-7788-4ebe-892b-e08b57acd5bd,CONFIRMED_APPLIED,FIRED_CONFIRMED,1,0,1,2042.18156,,0,0,,
b3_intent_no_barrier-none-payments-85b7630d-r13,p0,B3_INTENT_NO_BARRIER,none,payments,AUTHORITATIVE_READBACK,CALLER_REFERENCE,bd68654c-0aa7-43a8-b782-4c81d5f6a852,CONFIRMED_APPLIED,FIRED_CONFIRMED,1,0,1,2045.192831,,0,0,,
b3_intent_no_barrier-none-payments-85b7630d-r13,p0,B3_INTENT_NO_BARRIER,none,payments,AUTHORITATIVE_READBACK,CALLER_REFERENCE,c5d6b6b1-cb15-44af-a255-3a05055acc60,CONFIRMED_APPLIED,FIRED_CONFIRMED,1,0,1,2041.578925,,0,0,,
b3_intent_no_barrier-none-payments-85b7630d-r13,p0,B3_INTENT_NO_BARRIER,none,payments,AUTHORITATIVE_READBACK,CALLER_REFERENCE,8110d67b-3c04-42ac-a052-5df96cf6aeb8,CONFIRMED_APPLIED,FIRED_CONFIRMED,1,0,1,5031.405641,,0,0,,
b3_intent_no_barrier-none-payments-85b7630d-r13,p0,B3_INTENT_NO_BARRIER,none,payments,AUTHORITATIVE_READBACK,CALLER_REFERENCE,2eb9fe54-a4a0-43d2-8ee1-35ce3c51cfbb,CONFIRMED_APPLIED,FIRED_CONFIRMED,1,0,1,2509.8765,,0,0,,
b3_intent_no_barrier-none-payments-85b7630d-r13,p0,B3_INTENT_NO_BARRIER,none,payments,AUTHORITATIVE_READBACK,CALLER_REFERENCE,3828b98a-f57c-4fbd-860b-7020618d798e,CONFIRMED_APPLIED,FIRED_CONFIRMED,1,0,1,2053.654128,,0,0,,
b3_intent_no_barrier-none-payments-85b7630d-r13,p0,B3_INTENT_NO_BARRIER,none,payments,AUTHORITATIVE_READBACK,CALLER_REFERENCE,34d95873-851b-4e31-aa1d-4e92f6b2d73c,CONFIRMED_APPLIED,FIRED_CONFIRMED,1,0,1,2035.42249,,0,0,,
b3_intent_no_barrier-none-payments-85b7630d-r13,p0,B3_INTENT_NO_BARRIER,none,payments,AUTHORITATIVE_READBACK,CALLER_REFERENCE,7b32f362-c294-469a-b0f1-e3738141f91a,CONFIRMED_APPLIED,FIRED_CONFIRMED,1,0,1,2041.619126,,0,0,,
b3_intent_no_barrier-none-payments-85b7630d-r13,p0,B3_INTENT_NO_BARRIER,none,payments,AUTHORITATIVE_READBACK,CALLER_REFERENCE,ec0d230f-f879-4673-bb63-17e63efeb9ce,CONFIRMED_APPLIED,FIRED_CONFIRMED,1,0,1,5028.505681,,0,0,,
b3_intent_no_barrier-none-payments-85b7630d-r14,p0,B3_INTENT_NO_BARRIER,none,payments,AUTHORITATIVE_READBACK,CALLER_REFERENCE,fbd527a2-bb1b-457a-89b8-779fe0bdd509,CONFIRMED_APPLIED,FIRED_CONFIRMED,1,0,1,2859.061774,,0,0,,
b3_intent_no_barrier-none-payments-85b7630d-r14,p0,B3_INTENT_NO_BARRIER,none,payments,AUTHORITATIVE_READBACK,CALLER_REFERENCE,2c3765c7-3b07-4200-add4-2121f6db8d12,CONFIRMED_APPLIED,FIRED_CONFIRMED,1,0,1,2098.923646,,0,0,,
b3_intent_no_barrier-none-payments-85b7630d-r14,p0,B3_INTENT_NO_BARRIER,none,payments,AUTHORITATIVE_READBACK,CALLER_REFERENCE,c0b716fe-199a-4f1b-aa75-66d36c47fbd2,CONFIRMED_APPLIED,FIRED_CONFIRMED,1,0,1,2353.764084,,0,0,,
b3_intent_no_barrier-none-payments-85b7630d-r14,p0,B3_INTENT_NO_BARRIER,none,payments,AUTHORITATIVE_READBACK,CALLER_REFERENCE,996df36c-8b83-45d9-9e5e-681d24bee2c4,CONFIRMED_APPLIED,FIRED_CONFIRMED,1,0,1,2503.405725,,0,0,,
b3_intent_no_barrier-none-payments-85b7630d-r14,p0,B3_INTENT_NO_BARRIER,none,payments,AUTHORITATIVE_READBACK,CALLER_REFERENCE,ff44d566-3615-49ab-bfa6-240fe31f72f9,CONFIRMED_APPLIED,FIRED_CONFIRMED,1,0,1,2295.789545,,0,0,,
b3_intent_no_barrier-none-payments-85b7630d-r14,p0,B3_INTENT_NO_BARRIER,none,payments,AUTHORITATIVE_READBACK,CALLER_REFERENCE,2c907b0b-332b-4450-8d1a-33911374b9d5,CONFIRMED_APPLIED,FIRED_CONFIRMED,1,0,1,3058.846224,,0,0,,
b3_intent_no_barrier-none-payments-85b7630d-r14,p0,B3_INTENT_NO_BARRIER,none,payments,AUTHORITATIVE_READBACK,CALLER_REFERENCE,0d4244a6-3d1b-496f-81f3-012efcbfed34,CONFIRMED_APPLIED,FIRED_CONFIRMED,1,0,1,2158.296879,,0,0,,
b3_intent_no_barrier-none-payments-85b7630d-r14,p0,B3_INTENT_NO_BARRIER,none,payments,AUTHORITATIVE_READBACK,CALLER_REFERENCE,a07d437d-9e83-4486-90e2-1f2c9543c32b,CONFIRMED_APPLIED,FIRED_CONFIRMED,1,0,1,2348.20997,,0,0,,
b3_intent_no_barrier-none-payments-85b7630d-r14,p0,B3_INTENT_NO_BARRIER,none,payments,AUTHORITATIVE_READBACK,CALLER_REFERENCE,d2e63460-4295-4cfb-86f5-88742aad7206,CONFIRMED_APPLIED,FIRED_CONFIRMED,1,0,1,2270.334494,,0,0,,
b3_intent_no_barrier-none-payments-85b7630d-r14,p0,B3_INTENT_NO_BARRIER,none,payments,AUTHORITATIVE_READBACK,CALLER_REFERENCE,fedfab3d-c361-472c-93ef-de5f0281eac9,CONFIRMED_APPLIED,FIRED_CONFIRMED,1,0,1,2415.708039,,0,0,,
b3_intent_no_barrier-none-payments-85b7630d-r2,p0,B3_INTENT_NO_BARRIER,none,payments,AUTHORITATIVE_READBACK,CALLER_REFERENCE,ceaabd88-fa29-4346-9bc4-8cd665982499,CONFIRMED_APPLIED,FIRED_CONFIRMED,1,0,1,5956.222149,,0,0,,
b3_intent_no_barrier-none-payments-85b7630d-r2,p0,B3_INTENT_NO_BARRIER,none,payments,AUTHORITATIVE_READBACK,CALLER_REFERENCE,0bdfae88-b171-4618-83a6-32a4598cab36,CONFIRMED_APPLIED,FIRED_CONFIRMED,1,0,1,5073.13532,,0,0,,
b3_intent_no_barrier-none-payments-85b7630d-r2,p0,B3_INTENT_NO_BARRIER,none,payments,AUTHORITATIVE_READBACK,CALLER_REFERENCE,52433c6b-1516-4d17-9146-a1306c32d812,CONFIRMED_APPLIED,FIRED_CONFIRMED,1,0,1,5073.799199,,0,0,,
b3_intent_no_barrier-none-payments-85b7630d-r2,p0,B3_INTENT_NO_BARRIER,none,payments,AUTHORITATIVE_READBACK,CALLER_REFERENCE,126cdca6-4334-4ec2-af4e-2e3986a6793c,CONFIRMED_APPLIED,FIRED_CONFIRMED,1,0,1,2157.171264,,0,0,,
b3_intent_no_barrier-none-payments-85b7630d-r2,p0,B3_INTENT_NO_BARRIER,none,payments,AUTHORITATIVE_READBACK,CALLER_REFERENCE,bfd596cf-4f38-482a-81e9-157af44bffec,CONFIRMED_APPLIED,FIRED_CONFIRMED,1,0,1,2291.124722,,0,0,,
b3_intent_no_barrier-none-payments-85b7630d-r2,p0,B3_INTENT_NO_BARRIER,none,payments,AUTHORITATIVE_READBACK,CALLER_REFERENCE,bfab3de4-3a45-49e4-a753-6350e1037ebb,CONFIRMED_APPLIED,FIRED_CONFIRMED,1,0,1,6209.470992,,0,0,,
b3_intent_no_barrier-none-payments-85b7630d-r2,p0,B3_INTENT_NO_BARRIER,none,payments,AUTHORITATIVE_READBACK,CALLER_REFERENCE,78479c57-2f93-4b36-bfb9-6ce6286a50ed,CONFIRMED_APPLIED,FIRED_CONFIRMED,1,0,1,5055.796604,,0,0,,
b3_intent_no_barrier-none-payments-85b7630d-r2,p0,B3_INTENT_NO_BARRIER,none,payments,AUTHORITATIVE_READBACK,CALLER_REFERENCE,4e8e34d5-ac93-4638-86f1-4bdbb2d6e2fb,CONFIRMED_APPLIED,FIRED_CONFIRMED,1,0,1,2443.497932,,0,0,,
b3_intent_no_barrier-none-payments-85b7630d-r2,p0,B3_INTENT_NO_BARRIER,none,payments,AUTHORITATIVE_READBACK,CALLER_REFERENCE,8bb7ca06-622c-4319-acaf-64612dfaa6dd,CONFIRMED_NOT_APPLIED,FAILED_CONFIRMED,0,0,1,2116.495836,,0,0,,
b3_intent_no_barrier-none-payments-85b7630d-r2,p0,B3_INTENT_NO_BARRIER,none,payments,AUTHORITATIVE_READBACK,CALLER_REFERENCE,01d49cbb-d341-4469-8128-752531169dbd,CONFIRMED_APPLIED,FIRED_CONFIRMED,1,0,1,2152.46641,,0,0,,
b3_intent_no_barrier-none-payments-85b7630d-r3,p0,B3_INTENT_NO_BARRIER,none,payments,AUTHORITATIVE_READBACK,CALLER_REFERENCE,8d068d39-9e15-456d-b909-4296ac502008,CONFIRMED_APPLIED,FIRED_CONFIRMED,1,0,1,3053.82655,,0,0,,
b3_intent_no_barrier-none-payments-85b7630d-r3,p0,B3_INTENT_NO_BARRIER,none,payments,AUTHORITATIVE_READBACK,CALLER_REFERENCE,8624d4b2-bd58-4d1c-aa38-fd271ac0a943,CONFIRMED_APPLIED,FIRED_CONFIRMED,1,0,1,2048.232383,,0,0,,
b3_intent_no_barrier-none-payments-85b7630d-r3,p0,B3_INTENT_NO_BARRIER,none,payments,AUTHORITATIVE_READBACK,CALLER_REFERENCE,154b9007-5609-4495-9867-0e6b7c6ad6fd,CONFIRMED_APPLIED,FIRED_CONFIRMED,1,0,1,2060.824186,,0,0,,
b3_intent_no_barrier-none-payments-85b7630d-r3,p0,B3_INTENT_NO_BARRIER,none,payments,AUTHORITATIVE_READBACK,CALLER_REFERENCE,f7419d47-a0fe-4288-9057-667a6705cd44,CONFIRMED_APPLIED,FIRED_CONFIRMED,1,0,1,2043.779308,,0,0,,
b3_intent_no_barrier-none-payments-85b7630d-r3,p0,B3_INTENT_NO_BARRIER,none,payments,AUTHORITATIVE_READBACK,CALLER_REFERENCE,1f981f20-28ea-4f49-827e-d8253d5871b7,CONFIRMED_APPLIED,FIRED_CONFIRMED,1,0,1,5033.728281,,0,0,,
b3_intent_no_barrier-none-payments-85b7630d-r3,p0,B3_INTENT_NO_BARRIER,none,payments,AUTHORITATIVE_READBACK,CALLER_REFERENCE,662ffd03-068a-41c1-b0e8-491bf9f6001d,CONFIRMED_APPLIED,FIRED_CONFIRMED,1,0,1,3210.189295,,0,0,,
b3_intent_no_barrier-none-payments-85b7630d-r3,p0,B3_INTENT_NO_BARRIER,none,payments,AUTHORITATIVE_READBACK,CALLER_REFERENCE,3ae27a1a-9532-41f9-9614-954cc74d2629,CONFIRMED_NOT_APPLIED,FAILED_CONFIRMED,0,0,1,2037.321801,,0,0,,
b3_intent_no_barrier-none-payments-85b7630d-r3,p0,B3_INTENT_NO_BARRIER,none,payments,AUTHORITATIVE_READBACK,CALLER_REFERENCE,d2438d44-22a2-48b1-bf38-3186f2d97b3f,CONFIRMED_APPLIED,FIRED_CONFIRMED,1,0,1,5035.99802,,0,0,,
b3_intent_no_barrier-none-payments-85b7630d-r3,p0,B3_INTENT_NO_BARRIER,none,payments,AUTHORITATIVE_READBACK,CALLER_REFERENCE,b7d0a1a3-b5b0-45b6-bef2-c05224c84c03,CONFIRMED_APPLIED,FIRED_CONFIRMED,1,0,1,2045.255292,,0,0,,
b3_intent_no_barrier-none-payments-85b7630d-r3,p0,B3_INTENT_NO_BARRIER,none,payments,AUTHORITATIVE_READBACK,CALLER_REFERENCE,97ee4515-f040-4f6a-bdbf-64fcd3049c74,CONFIRMED_APPLIED,FIRED_CONFIRMED,1,0,1,2043.218364,,0,0,,
b3_intent_no_barrier-none-payments-85b7630d-r4,p0,B3_INTENT_NO_BARRIER,none,payments,AUTHORITATIVE_READBACK,CALLER_REFERENCE,db894c98-d103-46f6-998b-4a49c0567923,CONFIRMED_NOT_APPLIED,FAILED_CONFIRMED,0,0,1,2895.169376,,0,0,,
b3_intent_no_barrier-none-payments-85b7630d-r4,p0,B3_INTENT_NO_BARRIER,none,payments,AUTHORITATIVE_READBACK,CALLER_REFERENCE,3187613f-249a-4080-9785-0647351a6610,CONFIRMED_APPLIED,FIRED_CONFIRMED,1,0,1,2061.791995,,0,0,,
b3_intent_no_barrier-none-payments-85b7630d-r4,p0,B3_INTENT_NO_BARRIER,none,payments,AUTHORITATIVE_READBACK,CALLER_REFERENCE,ee7d1cc7-b98d-438e-897e-c28b4d0a70da,CONFIRMED_APPLIED,FIRED_CONFIRMED,1,0,1,2073.493607,,0,0,,
b3_intent_no_barrier-none-payments-85b7630d-r4,p0,B3_INTENT_NO_BARRIER,none,payments,AUTHORITATIVE_READBACK,CALLER_REFERENCE,d5733e3e-1646-423a-abb7-613104af89ac,CONFIRMED_APPLIED,FIRED_CONFIRMED,1,0,1,2047.798958,,0,0,,
b3_intent_no_barrier-none-payments-85b7630d-r4,p0,B3_INTENT_NO_BARRIER,none,payments,AUTHORITATIVE_READBACK,CALLER_REFERENCE,eeddf55d-2bf2-419b-b874-25da65bbf69f,CONFIRMED_APPLIED,FIRED_CONFIRMED,1,0,1,5043.201812,,0,0,,
b3_intent_no_barrier-none-payments-85b7630d-r4,p0,B3_INTENT_NO_BARRIER,none,payments,AUTHORITATIVE_READBACK,CALLER_REFERENCE,b587ea5b-480e-4411-b4fc-a3d12f9905ba,CONFIRMED_APPLIED,FIRED_CONFIRMED,1,0,1,2974.628319,,0,0,,
b3_intent_no_barrier-none-payments-85b7630d-r4,p0,B3_INTENT_NO_BARRIER,none,payments,AUTHORITATIVE_READBACK,CALLER_REFERENCE,836d4261-d412-464a-b815-6c68f346f1cb,CONFIRMED_APPLIED,FIRED_CONFIRMED,1,0,1,2054.727473,,0,0,,
b3_intent_no_barrier-none-payments-85b7630d-r4,p0,B3_INTENT_NO_BARRIER,none,payments,AUTHORITATIVE_READBACK,CALLER_REFERENCE,b5182044-f18b-48af-8b4f-54b861563863,CONFIRMED_APPLIED,FIRED_CONFIRMED,1,0,1,5069.62407,,0,0,,
b3_intent_no_barrier-none-payments-85b7630d-r4,p0,B3_INTENT_NO_BARRIER,none,payments,AUTHORITATIVE_READBACK,CALLER_REFERENCE,84bb2471-d97f-4ecd-862c-b12900bf4b7b,CONFIRMED_APPLIED,FIRED_CONFIRMED,1,0,1,2072.919289,,0,0,,
b3_intent_no_barrier-none-payments-85b7630d-r4,p0,B3_INTENT_NO_BARRIER,none,payments,AUTHORITATIVE_READBACK,CALLER_REFERENCE,265795c2-6dfe-4a7b-8eaa-963a5ea7ea16,CONFIRMED_NOT_APPLIED,FAILED_CONFIRMED,0,0,1,2055.999683,,0,0,,
b3_intent_no_barrier-none-payments-85b7630d-r5,p0,B3_INTENT_NO_BARRIER,none,payments,AUTHORITATIVE_READBACK,CALLER_REFERENCE,89f9c20a-7105-4228-9a11-862bdeee63c9,CONFIRMED_APPLIED,FIRED_CONFIRMED,1,0,1,2584.446199,,0,0,,
b3_intent_no_barrier-none-payments-85b7630d-r5,p0,B3_INTENT_NO_BARRIER,none,payments,AUTHORITATIVE_READBACK,CALLER_REFERENCE,c11ed516-a673-4cf2-ba7c-d0d533acfe86,CONFIRMED_APPLIED,FIRED_CONFIRMED,1,0,1,2039.601272,,0,0,,
b3_intent_no_barrier-none-payments-85b7630d-r5,p0,B3_INTENT_NO_BARRIER,none,payments,AUTHORITATIVE_READBACK,CALLER_REFERENCE,ebfe5517-38ad-4290-a12f-eefbe867a14d,CONFIRMED_APPLIED,FIRED_CONFIRMED,1,0,1,2041.907249,,0,0,,
b3_intent_no_barrier-none-payments-85b7630d-r5,p0,B3_INTENT_NO_BARRIER,none,payments,AUTHORITATIVE_READBACK,CALLER_REFERENCE,d730695e-aa9a-4c27-8938-ef69d3d085f2,CONFIRMED_APPLIED,FIRED_CONFIRMED,1,0,1,2035.071167,,0,0,,
b3_intent_no_barrier-none-payments-85b7630d-r5,p0,B3_INTENT_NO_BARRIER,none,payments,AUTHORITATIVE_READBACK,CALLER_REFERENCE,e67a4220-bf31-4d01-bc87-402662f58dc3,CONFIRMED_NOT_APPLIED,FAILED_CONFIRMED,0,0,1,2038.117597,,0,0,,
b3_intent_no_barrier-none-payments-85b7630d-r5,p0,B3_INTENT_NO_BARRIER,none,payments,AUTHORITATIVE_READBACK,CALLER_REFERENCE,2fa61662-eca9-45d0-b4a9-58d33ccee370,CONFIRMED_APPLIED,FIRED_CONFIRMED,1,0,1,2602.503312,,0,0,,
b3_intent_no_barrier-none-payments-85b7630d-r5,p0,B3_INTENT_NO_BARRIER,none,payments,AUTHORITATIVE_READBACK,CALLER_REFERENCE,10b2fc33-63fb-49a1-bb47-cfd55e550e12,CONFIRMED_APPLIED,FIRED_CONFIRMED,1,0,1,2037.28589,,0,0,,
b3_intent_no_barrier-none-payments-85b7630d-r5,p0,B3_INTENT_NO_BARRIER,none,payments,AUTHORITATIVE_READBACK,CALLER_REFERENCE,b94dfb38-1bbc-4bf0-96ba-158d5689e304,CONFIRMED_APPLIED,FIRED_CONFIRMED,1,0,1,2040.255862,,0,0,,
b3_intent_no_barrier-none-payments-85b7630d-r5,p0,B3_INTENT_NO_BARRIER,none,payments,AUTHORITATIVE_READBACK,CALLER_REFERENCE,15e7e878-933a-4d94-b1ed-9ad2c87ec64e,CONFIRMED_APPLIED,FIRED_CONFIRMED,1,0,1,2037.540699,,0,0,,
b3_intent_no_barrier-none-payments-85b7630d-r5,p0,B3_INTENT_NO_BARRIER,none,payments,AUTHORITATIVE_READBACK,CALLER_REFERENCE,9775ef3e-b2a7-41da-bae5-8aa778e10f4e,CONFIRMED_APPLIED,FIRED_CONFIRMED,1,0,1,2046.962539,,0,0,,
b3_intent_no_barrier-none-payments-85b7630d-r6,p0,B3_INTENT_NO_BARRIER,none,payments,AUTHORITATIVE_READBACK,CALLER_REFERENCE,cf7a9ec1-4f0a-4d41-9c43-1cb066284451,CONFIRMED_APPLIED,FIRED_CONFIRMED,1,0,1,2600.488662,,0,0,,
b3_intent_no_barrier-none-payments-85b7630d-r6,p0,B3_INTENT_NO_BARRIER,none,payments,AUTHORITATIVE_READBACK,CALLER_REFERENCE,f9023f31-3c7f-452b-a7c7-86163001e21f,CONFIRMED_APPLIED,FIRED_CONFIRMED,1,0,1,2029.728012,,0,0,,
b3_intent_no_barrier-none-payments-85b7630d-r6,p0,B3_INTENT_NO_BARRIER,none,payments,AUTHORITATIVE_READBACK,CALLER_REFERENCE,6f6d0b4c-b9b2-4647-b291-1da5d6d6a6da,CONFIRMED_APPLIED,FIRED_CONFIRMED,1,0,1,2028.459332,,0,0,,
b3_intent_no_barrier-none-payments-85b7630d-r6,p0,B3_INTENT_NO_BARRIER,none,payments,AUTHORITATIVE_READBACK,CALLER_REFERENCE,12a5b102-be9d-4f27-ad2c-52cf4f079f29,CONFIRMED_APPLIED,FIRED_CONFIRMED,1,0,1,2025.450266,,0,0,,
b3_intent_no_barrier-none-payments-85b7630d-r6,p0,B3_INTENT_NO_BARRIER,none,payments,AUTHORITATIVE_READBACK,CALLER_REFERENCE,fa13e411-7c0a-4230-bb7e-89c80301ecee,CONFIRMED_APPLIED,FIRED_CONFIRMED,1,0,1,2029.268393,,0,0,,
b3_intent_no_barrier-none-payments-85b7630d-r6,p0,B3_INTENT_NO_BARRIER,none,payments,AUTHORITATIVE_READBACK,CALLER_REFERENCE,48d2e465-69ca-462f-91ba-bb393d0696a7,CONFIRMED_APPLIED,FIRED_CONFIRMED,1,0,1,2439.375844,,0,0,,
b3_intent_no_barrier-none-payments-85b7630d-r6,p0,B3_INTENT_NO_BARRIER,none,payments,AUTHORITATIVE_READBACK,CALLER_REFERENCE,82684f59-1a8a-4d0d-92d4-1650e2b08874,CONFIRMED_APPLIED,FIRED_CONFIRMED,1,0,1,2024.866359,,0,0,,
b3_intent_no_barrier-none-payments-85b7630d-r6,p0,B3_INTENT_NO_BARRIER,none,payments,AUTHORITATIVE_READBACK,CALLER_REFERENCE,a180506c-1fee-45a3-be76-0536ef382b71,CONFIRMED_APPLIED,FIRED_CONFIRMED,1,0,1,2023.384169,,0,0,,
b3_intent_no_barrier-none-payments-85b7630d-r6,p0,B3_INTENT_NO_BARRIER,none,payments,AUTHORITATIVE_READBACK,CALLER_REFERENCE,94dbbe42-c94a-4c0b-a9a0-6e9d253e943e,CONFIRMED_APPLIED,FIRED_CONFIRMED,1,0,1,2026.004631,,0,0,,
b3_intent_no_barrier-none-payments-85b7630d-r6,p0,B3_INTENT_NO_BARRIER,none,payments,AUTHORITATIVE_READBACK,CALLER_REFERENCE,37fc8404-dc13-43dc-b3b8-d7e0ad0294a1,CONFIRMED_APPLIED,FIRED_CONFIRMED,1,0,1,2025.99192,,0,0,,
b3_intent_no_barrier-none-payments-85b7630d-r7,p0,B3_INTENT_NO_BARRIER,none,payments,AUTHORITATIVE_READBACK,CALLER_REFERENCE,272cbd65-f4ee-46cc-8872-4b10aa4db0fb,CONFIRMED_APPLIED,FIRED_CONFIRMED,1,0,1,5616.347375,,0,0,,
b3_intent_no_barrier-none-payments-85b7630d-r7,p0,B3_INTENT_NO_BARRIER,none,payments,AUTHORITATIVE_READBACK,CALLER_REFERENCE,1f64274b-41ef-45b2-afea-75db4b9d1920,CONFIRMED_APPLIED,FIRED_CONFIRMED,1,0,1,5057.783747,,0,0,,
b3_intent_no_barrier-none-payments-85b7630d-r7,p0,B3_INTENT_NO_BARRIER,none,payments,AUTHORITATIVE_READBACK,CALLER_REFERENCE,89acb9fe-6b60-4e13-905a-5952494e6046,CONFIRMED_APPLIED,FIRED_CONFIRMED,1,0,1,2055.81566,,0,0,,
b3_intent_no_barrier-none-payments-85b7630d-r7,p0,B3_INTENT_NO_BARRIER,none,payments,AUTHORITATIVE_READBACK,CALLER_REFERENCE,3c4389b0-f1fd-44ac-bd1d-0038bfb61788,CONFIRMED_APPLIED,FIRED_CONFIRMED,1,0,1,2043.421588,,0,0,,
b3_intent_no_barrier-none-payments-85b7630d-r7,p0,B3_INTENT_NO_BARRIER,none,payments,AUTHORITATIVE_READBACK,CALLER_REFERENCE,67ed0745-0270-4ecb-be43-67a278beee52,CONFIRMED_APPLIED,FIRED_CONFIRMED,1,0,1,2046.271846,,0,0,,
b3_intent_no_barrier-none-payments-85b7630d-r7,p0,B3_INTENT_NO_BARRIER,none,payments,AUTHORITATIVE_READBACK,CALLER_REFERENCE,63cc44e7-e1e3-46a2-a6fd-69a6a406d9c0,CONFIRMED_APPLIED,FIRED_CONFIRMED,1,0,1,2658.736182,,0,0,,
b3_intent_no_barrier-none-payments-85b7630d-r7,p0,B3_INTENT_NO_BARRIER,none,payments,AUTHORITATIVE_READBACK,CALLER_REFERENCE,6f993c65-2192-4410-9d54-ae84c1eb0436,CONFIRMED_APPLIED,FIRED_CONFIRMED,1,0,1,5041.027575,,0,0,,
b3_intent_no_barrier-none-payments-85b7630d-r7,p0,B3_INTENT_NO_BARRIER,none,payments,AUTHORITATIVE_READBACK,CALLER_REFERENCE,c760fa2b-0373-4a70-9675-650d12ff6738,CONFIRMED_APPLIED,FIRED_CONFIRMED,1,0,1,2052.550868,,0,0,,
b3_intent_no_barrier-none-payments-85b7630d-r7,p0,B3_INTENT_NO_BARRIER,none,payments,AUTHORITATIVE_READBACK,CALLER_REFERENCE,ac4c67e7-daf8-4678-82ac-f9d3ce830f91,CONFIRMED_APPLIED,FIRED_CONFIRMED,1,0,1,2043.014242,,0,0,,
b3_intent_no_barrier-none-payments-85b7630d-r7,p0,B3_INTENT_NO_BARRIER,none,payments,AUTHORITATIVE_READBACK,CALLER_REFERENCE,fb01de83-ceeb-47d8-9190-1674a1c3a566,CONFIRMED_APPLIED,FIRED_CONFIRMED,1,0,1,2046.541217,,0,0,,
b3_intent_no_barrier-none-payments-85b7630d-r8,p0,B3_INTENT_NO_BARRIER,none,payments,AUTHORITATIVE_READBACK,CALLER_REFERENCE,dde78d31-a5f1-47d2-935a-bf137924391d,CONFIRMED_APPLIED,FIRED_CONFIRMED,1,0,1,2788.815713,,0,0,,
b3_intent_no_barrier-none-payments-85b7630d-r8,p0,B3_INTENT_NO_BARRIER,none,payments,AUTHORITATIVE_READBACK,CALLER_REFERENCE,19ff326b-7c16-4410-abdd-6bb9ee84b7c4,CONFIRMED_APPLIED,FIRED_CONFIRMED,1,0,1,2073.988845,,0,0,,
b3_intent_no_barrier-none-payments-85b7630d-r8,p0,B3_INTENT_NO_BARRIER,none,payments,AUTHORITATIVE_READBACK,CALLER_REFERENCE,bf98b98f-6c4d-497f-951a-7ecbcfe038b1,CONFIRMED_APPLIED,FIRED_CONFIRMED,1,0,1,2054.56615,,0,0,,
b3_intent_no_barrier-none-payments-85b7630d-r8,p0,B3_INTENT_NO_BARRIER,none,payments,AUTHORITATIVE_READBACK,CALLER_REFERENCE,6a212cf9-7431-42c0-b40c-a6823fee9cae,CONFIRMED_APPLIED,FIRED_CONFIRMED,1,0,1,2144.148956,,0,0,,
b3_intent_no_barrier-none-payments-85b7630d-r8,p0,B3_INTENT_NO_BARRIER,none,payments,AUTHORITATIVE_READBACK,CALLER_REFERENCE,2c755519-925b-41b9-801d-f9340b27b957,CONFIRMED_APPLIED,FIRED_CONFIRMED,1,0,1,5034.545406,,0,0,,
b3_intent_no_barrier-none-payments-85b7630d-r8,p0,B3_INTENT_NO_BARRIER,none,payments,AUTHORITATIVE_READBACK,CALLER_REFERENCE,81a6839d-9305-42ba-918f-3c7249a7a843,CONFIRMED_APPLIED,FIRED_CONFIRMED,1,0,1,2770.39689,,0,0,,
b3_intent_no_barrier-none-payments-85b7630d-r8,p0,B3_INTENT_NO_BARRIER,none,payments,AUTHORITATIVE_READBACK,CALLER_REFERENCE,eba73068-7d12-4020-803f-209ee70d7646,CONFIRMED_APPLIED,FIRED_CONFIRMED,1,0,1,5050.549153,,0,0,,
b3_intent_no_barrier-none-payments-85b7630d-r8,p0,B3_INTENT_NO_BARRIER,none,payments,AUTHORITATIVE_READBACK,CALLER_REFERENCE,64a9b86e-150d-4d08-8803-37901366be28,CONFIRMED_APPLIED,FIRED_CONFIRMED,1,0,1,2043.061446,,0,0,,
b3_intent_no_barrier-none-payments-85b7630d-r8,p0,B3_INTENT_NO_BARRIER,none,payments,AUTHORITATIVE_READBACK,CALLER_REFERENCE,1154c79c-fe41-42c9-adbe-e84868667b96,CONFIRMED_APPLIED,FIRED_CONFIRMED,1,0,1,2044.882932,,0,0,,
b3_intent_no_barrier-none-payments-85b7630d-r8,p0,B3_INTENT_NO_BARRIER,none,payments,AUTHORITATIVE_READBACK,CALLER_REFERENCE,c42abd41-446f-47b2-9209-c3e7c88d4163,CONFIRMED_APPLIED,FIRED_CONFIRMED,1,0,1,2076.318147,,0,0,,
b3_intent_no_barrier-none-payments-85b7630d-r9,p0,B3_INTENT_NO_BARRIER,none,payments,AUTHORITATIVE_READBACK,CALLER_REFERENCE,3fa4d2ad-e427-4119-9c9d-548ce1b64688,CONFIRMED_APPLIED,FIRED_CONFIRMED,1,0,1,4987.129964,,0,0,,
b3_intent_no_barrier-none-payments-85b7630d-r9,p0,B3_INTENT_NO_BARRIER,none,payments,AUTHORITATIVE_READBACK,CALLER_REFERENCE,5b7a3247-fbbe-43c0-bdd9-8fbccf1b49f4,CONFIRMED_APPLIED,FIRED_CONFIRMED,1,0,1,2067.290195,,0,0,,
b3_intent_no_barrier-none-payments-85b7630d-r9,p0,B3_INTENT_NO_BARRIER,none,payments,AUTHORITATIVE_READBACK,CALLER_REFERENCE,0a54a339-d81c-49c9-98d5-f9e266d220e6,CONFIRMED_APPLIED,FIRED_CONFIRMED,1,0,1,2065.863256,,0,0,,
b3_intent_no_barrier-none-payments-85b7630d-r9,p0,B3_INTENT_NO_BARRIER,none,payments,AUTHORITATIVE_READBACK,CALLER_REFERENCE,f1f1aaf1-aa8c-435f-99dd-6528d3135b14,CONFIRMED_APPLIED,FIRED_CONFIRMED,1,0,1,2090.853141,,0,0,,
b3_intent_no_barrier-none-payments-85b7630d-r9,p0,B3_INTENT_NO_BARRIER,none,payments,AUTHORITATIVE_READBACK,CALLER_REFERENCE,e6a0752f-8a0b-4fc4-bd01-2fbc381b1bf2,CONFIRMED_APPLIED,FIRED_CONFIRMED,1,0,1,2131.981598,,0,0,,
b3_intent_no_barrier-none-payments-85b7630d-r9,p0,B3_INTENT_NO_BARRIER,none,payments,AUTHORITATIVE_READBACK,CALLER_REFERENCE,dce56e86-e0e8-48b7-9702-c717351d29fa,CONFIRMED_APPLIED,FIRED_CONFIRMED,1,0,1,5010.706494,,0,0,,
b3_intent_no_barrier-none-payments-85b7630d-r9,p0,B3_INTENT_NO_BARRIER,none,payments,AUTHORITATIVE_READBACK,CALLER_REFERENCE,3e72663f-7a1f-40d0-8bd2-f0d9d128171d,CONFIRMED_APPLIED,FIRED_CONFIRMED,1,0,1,5059.128139,,0,0,,
b3_intent_no_barrier-none-payments-85b7630d-r9,p0,B3_INTENT_NO_BARRIER,none,payments,AUTHORITATIVE_READBACK,CALLER_REFERENCE,99e37553-3bdd-45ad-a4ae-fdcbdad05403,CONFIRMED_APPLIED,FIRED_CONFIRMED,1,0,1,2129.006562,,0,0,,
b3_intent_no_barrier-none-payments-85b7630d-r9,p0,B3_INTENT_NO_BARRIER,none,payments,AUTHORITATIVE_READBACK,CALLER_REFERENCE,2c5b5217-d46a-4b3f-896d-733a715c148a,CONFIRMED_APPLIED,FIRED_CONFIRMED,1,0,1,2052.197785,,0,0,,
b3_intent_no_barrier-none-payments-85b7630d-r9,p0,B3_INTENT_NO_BARRIER,none,payments,AUTHORITATIVE_READBACK,CALLER_REFERENCE,488931ee-299b-4f76-ae41-95b444bf0731,CONFIRMED_APPLIED,FIRED_CONFIRMED,1,0,1,2049.832597,,0,0,,
b4_durable_workflow-none-payments-01e70659-r0,p0,B4_DURABLE_WORKFLOW,none,payments,AUTHORITATIVE_READBACK,CALLER_REFERENCE,1a39b5f5-23a6-41d1-94d3-24f896af32a8,CONFIRMED_APPLIED,APPLIED,1,0,1,3481.8152,,0,0,,
b4_durable_workflow-none-payments-01e70659-r0,p0,B4_DURABLE_WORKFLOW,none,payments,AUTHORITATIVE_READBACK,CALLER_REFERENCE,0689a63b-a9ea-4c2f-93fa-38ddd176a79b,CONFIRMED_APPLIED,APPLIED,1,0,1,4019.049388,,0,0,,
b4_durable_workflow-none-payments-01e70659-r0,p0,B4_DURABLE_WORKFLOW,none,payments,AUTHORITATIVE_READBACK,CALLER_REFERENCE,f1aca4e0-67ff-4df5-a8fe-8f98770db383,CONFIRMED_APPLIED,APPLIED,1,0,1,4017.717105,,0,0,,
b4_durable_workflow-none-payments-01e70659-r0,p0,B4_DURABLE_WORKFLOW,none,payments,AUTHORITATIVE_READBACK,CALLER_REFERENCE,cf70cd69-699e-42b6-9d63-0582c2d0eff4,CONFIRMED_APPLIED,APPLIED,1,0,1,3847.282489,,0,0,,
b4_durable_workflow-none-payments-01e70659-r0,p0,B4_DURABLE_WORKFLOW,none,payments,AUTHORITATIVE_READBACK,CALLER_REFERENCE,3550fa33-b3f1-4aec-9bb0-cee609f61e46,CONFIRMED_APPLIED,APPLIED,1,0,1,4079.184178,,0,0,,
b4_durable_workflow-none-payments-01e70659-r0,p0,B4_DURABLE_WORKFLOW,none,payments,AUTHORITATIVE_READBACK,CALLER_REFERENCE,2101d7ba-1475-4628-a373-784d1745052b,CONFIRMED_APPLIED,APPLIED,1,0,1,3482.423072,,0,0,,
b4_durable_workflow-none-payments-01e70659-r0,p0,B4_DURABLE_WORKFLOW,none,payments,AUTHORITATIVE_READBACK,CALLER_REFERENCE,b496a573-3531-4160-a7d8-53c23b4072dc,CONFIRMED_APPLIED,APPLIED,1,0,1,4019.118159,,0,0,,
b4_durable_workflow-none-payments-01e70659-r0,p0,B4_DURABLE_WORKFLOW,none,payments,AUTHORITATIVE_READBACK,CALLER_REFERENCE,fcd73383-c94b-4923-9930-d31ff344d2ad,CONFIRMED_APPLIED,APPLIED,1,0,1,4017.714688,,0,0,,
b4_durable_workflow-none-payments-01e70659-r0,p0,B4_DURABLE_WORKFLOW,none,payments,AUTHORITATIVE_READBACK,CALLER_REFERENCE,f2a87f76-a117-4eb5-9cc3-212babf973f6,CONFIRMED_APPLIED,APPLIED,1,0,1,3847.30725,,0,0,,
b4_durable_workflow-none-payments-01e70659-r0,p0,B4_DURABLE_WORKFLOW,none,payments,AUTHORITATIVE_READBACK,CALLER_REFERENCE,3d9b82ef-b2dc-4656-b51e-e29cd063fbfb,CONFIRMED_APPLIED,APPLIED,1,0,1,4079.15069,,0,0,,
b4_durable_workflow-none-payments-01e70659-r1,p0,B4_DURABLE_WORKFLOW,none,payments,AUTHORITATIVE_READBACK,CALLER_REFERENCE,5a2af9a8-5232-4d4f-943e-fee60a9941eb,CONFIRMED_APPLIED,APPLIED,2,0,3,10566.651745,,1,0,,
b4_durable_workflow-none-payments-01e70659-r1,p0,B4_DURABLE_WORKFLOW,none,payments,AUTHORITATIVE_READBACK,CALLER_REFERENCE,595b7cdf-3a7c-4908-b93f-e05d6d910d33,CONFIRMED_APPLIED,APPLIED,1,0,1,4132.068716,,0,0,,
b4_durable_workflow-none-payments-01e70659-r1,p0,B4_DURABLE_WORKFLOW,none,payments,AUTHORITATIVE_READBACK,CALLER_REFERENCE,0617acc4-57dd-44e5-8708-89b622e5c416,CONFIRMED_APPLIED,APPLIED,1,0,1,4017.81121,,0,0,,
b4_durable_workflow-none-payments-01e70659-r1,p0,B4_DURABLE_WORKFLOW,none,payments,AUTHORITATIVE_READBACK,CALLER_REFERENCE,7d90fe4f-415e-4610-a572-eed5d128225c,CONFIRMED_APPLIED,APPLIED,2,0,2,8985.75971,,1,0,,
b4_durable_workflow-none-payments-01e70659-r1,p0,B4_DURABLE_WORKFLOW,none,payments,AUTHORITATIVE_READBACK,CALLER_REFERENCE,99ac9662-7540-44c5-8f6e-fe816a466420,CONFIRMED_APPLIED,APPLIED,2,0,2,8980.04932,,1,0,,
b4_durable_workflow-none-payments-01e70659-r1,p0,B4_DURABLE_WORKFLOW,none,payments,AUTHORITATIVE_READBACK,CALLER_REFERENCE,bdec3435-8f0e-4b4d-959c-625e7dc85315,CONFIRMED_APPLIED,APPLIED,1,0,1,4750.52598,,0,0,,
b4_durable_workflow-none-payments-01e70659-r1,p0,B4_DURABLE_WORKFLOW,none,payments,AUTHORITATIVE_READBACK,CALLER_REFERENCE,28b69e76-bee8-474d-b5a7-fb98c98fbfb3,CONFIRMED_APPLIED,APPLIED,1,0,1,4017.216701,,0,0,,
b4_durable_workflow-none-payments-01e70659-r1,p0,B4_DURABLE_WORKFLOW,none,payments,AUTHORITATIVE_READBACK,CALLER_REFERENCE,156101c3-e712-4a60-8f70-01782940e1da,CONFIRMED_APPLIED,APPLIED,1,0,1,3923.696595,,0,0,,
b4_durable_workflow-none-payments-01e70659-r1,p0,B4_DURABLE_WORKFLOW,none,payments,AUTHORITATIVE_READBACK,CALLER_REFERENCE,6768cb06-46ae-4d30-bd0f-bb214b03add5,UNVERIFIED_FAILURE,FAILED,1,0,3,11077.409689,,0,1,,
b4_durable_workflow-none-payments-01e70659-r1,p0,B4_DURABLE_WORKFLOW,none,payments,AUTHORITATIVE_READBACK,CALLER_REFERENCE,a92395ac-f4f1-432e-8f75-ea50bdc14578,CONFIRMED_APPLIED,APPLIED,1,0,2,5939.675643,,0,0,,
b4_durable_workflow-none-payments-01e70659-r10,p0,B4_DURABLE_WORKFLOW,none,payments,AUTHORITATIVE_READBACK,CALLER_REFERENCE,f804c986-b81a-4b08-944f-529fc7f8b039,CONFIRMED_APPLIED,APPLIED,2,0,2,8585.605254,,1,0,,
b4_durable_workflow-none-payments-01e70659-r10,p0,B4_DURABLE_WORKFLOW,none,payments,AUTHORITATIVE_READBACK,CALLER_REFERENCE,065bbb47-c575-46fd-bd44-6b931bee847f,CONFIRMED_APPLIED,APPLIED,1,0,1,4011.753866,,0,0,,
b4_durable_workflow-none-payments-01e70659-r10,p0,B4_DURABLE_WORKFLOW,none,payments,AUTHORITATIVE_READBACK,CALLER_REFERENCE,f94afc55-f0b4-4907-b347-762697f41871,CONFIRMED_APPLIED,APPLIED,1,0,1,4015.718485,,0,0,,
b4_durable_workflow-none-payments-01e70659-r10,p0,B4_DURABLE_WORKFLOW,none,payments,AUTHORITATIVE_READBACK,CALLER_REFERENCE,3383b134-bf76-4510-a0ae-7ca7a5ce0746,CONFIRMED_APPLIED,APPLIED,1,0,1,3883.095702,,0,0,,
b4_durable_workflow-none-payments-01e70659-r10,p0,B4_DURABLE_WORKFLOW,none,payments,AUTHORITATIVE_READBACK,CALLER_REFERENCE,d2d98aad-7b77-4266-b4ca-c3a7325f6483,CONFIRMED_APPLIED,APPLIED,2,0,3,11074.320767,,1,0,,
b4_durable_workflow-none-payments-01e70659-r10,p0,B4_DURABLE_WORKFLOW,none,payments,AUTHORITATIVE_READBACK,CALLER_REFERENCE,b26b93d2-dc8b-48ad-a6a9-9f478c95ade8,CONFIRMED_APPLIED,APPLIED,2,0,2,8585.893689,,1,0,,
b4_durable_workflow-none-payments-01e70659-r10,p0,B4_DURABLE_WORKFLOW,none,payments,AUTHORITATIVE_READBACK,CALLER_REFERENCE,e763d479-3a53-4153-b1ca-8d77d47ec49c,CONFIRMED_APPLIED,APPLIED,2,0,2,8932.108045,,1,0,,
b4_durable_workflow-none-payments-01e70659-r10,p0,B4_DURABLE_WORKFLOW,none,payments,AUTHORITATIVE_READBACK,CALLER_REFERENCE,462c81f6-51be-47ce-96a1-457739ba8ba9,CONFIRMED_APPLIED,APPLIED,1,0,1,4015.156968,,0,0,,
b4_durable_workflow-none-payments-01e70659-r10,p0,B4_DURABLE_WORKFLOW,none,payments,AUTHORITATIVE_READBACK,CALLER_REFERENCE,5c204637-2cd8-4af9-8c19-1bf391afe235,CONFIRMED_APPLIED,APPLIED,1,0,1,4013.275617,,0,0,,
b4_durable_workflow-none-payments-01e70659-r10,p0,B4_DURABLE_WORKFLOW,none,payments,AUTHORITATIVE_READBACK,CALLER_REFERENCE,6acbfbdb-6a1a-4b53-8244-4583432a7c3c,CONFIRMED_APPLIED,APPLIED,2,0,2,9035.621239,,1,0,,
b4_durable_workflow-none-payments-01e70659-r11,p0,B4_DURABLE_WORKFLOW,none,payments,AUTHORITATIVE_READBACK,CALLER_REFERENCE,e7069daa-dfcc-41d6-a840-fac0544fb5d0,CONFIRMED_APPLIED,APPLIED,1,0,1,3751.03575,,0,0,,
b4_durable_workflow-none-payments-01e70659-r11,p0,B4_DURABLE_WORKFLOW,none,payments,AUTHORITATIVE_READBACK,CALLER_REFERENCE,1bac3f99-c2c5-4c9b-95cf-057fe97804d3,CONFIRMED_APPLIED,APPLIED,1,0,1,3901.93207,,0,0,,
b4_durable_workflow-none-payments-01e70659-r11,p0,B4_DURABLE_WORKFLOW,none,payments,AUTHORITATIVE_READBACK,CALLER_REFERENCE,29b47070-bba5-4698-9f47-a32f05f2fb81,CONFIRMED_APPLIED,APPLIED,1,0,1,4074.725459,,0,0,,
b4_durable_workflow-none-payments-01e70659-r11,p0,B4_DURABLE_WORKFLOW,none,payments,AUTHORITATIVE_READBACK,CALLER_REFERENCE,26294d58-75cd-4c7d-8a3d-5a1294393330,CONFIRMED_APPLIED,APPLIED,1,0,1,4071.533947,,0,0,,
b4_durable_workflow-none-payments-01e70659-r11,p0,B4_DURABLE_WORKFLOW,none,payments,AUTHORITATIVE_READBACK,CALLER_REFERENCE,579cb1be-b0dc-46f4-9554-593abb1ebb97,CONFIRMED_APPLIED,APPLIED,1,0,1,4014.013854,,0,0,,
b4_durable_workflow-none-payments-01e70659-r11,p0,B4_DURABLE_WORKFLOW,none,payments,AUTHORITATIVE_READBACK,CALLER_REFERENCE,fbaad5b3-7860-46b2-9e31-8fc16cc2ef9c,CONFIRMED_APPLIED,APPLIED,2,0,2,8681.703363,,1,0,,
b4_durable_workflow-none-payments-01e70659-r11,p0,B4_DURABLE_WORKFLOW,none,payments,AUTHORITATIVE_READBACK,CALLER_REFERENCE,b2cf71d6-1084-4f77-90c2-7605cc466939,CONFIRMED_APPLIED,APPLIED,1,0,1,4108.216296,,0,0,,
b4_durable_workflow-none-payments-01e70659-r11,p0,B4_DURABLE_WORKFLOW,none,payments,AUTHORITATIVE_READBACK,CALLER_REFERENCE,5db55bd1-a22e-4511-b902-42492dcb7906,CONFIRMED_APPLIED,APPLIED,1,0,1,4012.62904,,0,0,,
b4_durable_workflow-none-payments-01e70659-r11,p0,B4_DURABLE_WORKFLOW,none,payments,AUTHORITATIVE_READBACK,CALLER_REFERENCE,ace2f230-a720-484c-8ee9-52232a6ac5b5,CONFIRMED_APPLIED,APPLIED,1,0,1,4015.115674,,0,0,,
b4_durable_workflow-none-payments-01e70659-r11,p0,B4_DURABLE_WORKFLOW,none,payments,AUTHORITATIVE_READBACK,CALLER_REFERENCE,03ab4b11-6e94-4757-af8b-eeb2fc21369e,CONFIRMED_APPLIED,APPLIED,1,0,1,4012.962233,,0,0,,
b4_durable_workflow-none-payments-01e70659-r12,p0,B4_DURABLE_WORKFLOW,none,payments,AUTHORITATIVE_READBACK,CALLER_REFERENCE,5d1dcb67-c6b1-44cc-bd9c-e98b7b422390,CONFIRMED_APPLIED,APPLIED,1,0,1,3419.477461,,0,0,,
b4_durable_workflow-none-payments-01e70659-r12,p0,B4_DURABLE_WORKFLOW,none,payments,AUTHORITATIVE_READBACK,CALLER_REFERENCE,ea59bb84-a6ed-403c-b626-226035e92f92,CONFIRMED_APPLIED,APPLIED,1,0,1,4095.401917,,0,0,,
b4_durable_workflow-none-payments-01e70659-r12,p0,B4_DURABLE_WORKFLOW,none,payments,AUTHORITATIVE_READBACK,CALLER_REFERENCE,a12a9455-e49d-4e4b-b8b5-30403514b603,CONFIRMED_APPLIED,APPLIED,2,0,3,11040.755929,,1,0,,
b4_durable_workflow-none-payments-01e70659-r12,p0,B4_DURABLE_WORKFLOW,none,payments,AUTHORITATIVE_READBACK,CALLER_REFERENCE,5aacda3b-a683-4387-a5b9-cb90c7b44a09,CONFIRMED_APPLIED,APPLIED,1,0,1,3914.652815,,0,0,,
b4_durable_workflow-none-payments-01e70659-r12,p0,B4_DURABLE_WORKFLOW,none,payments,AUTHORITATIVE_READBACK,CALLER_REFERENCE,bf179b23-d133-4a6a-91a1-3e4bde670a24,CONFIRMED_APPLIED,APPLIED,1,0,1,3917.12235,,0,0,,
b4_durable_workflow-none-payments-01e70659-r12,p0,B4_DURABLE_WORKFLOW,none,payments,AUTHORITATIVE_READBACK,CALLER_REFERENCE,d074360d-36f2-420e-9db1-8ca58e199b84,CONFIRMED_APPLIED,APPLIED,1,0,1,3419.368644,,0,0,,
b4_durable_workflow-none-payments-01e70659-r12,p0,B4_DURABLE_WORKFLOW,none,payments,AUTHORITATIVE_READBACK,CALLER_REFERENCE,0c56bef9-b761-48d4-ae9d-e00540d25ab4,CONFIRMED_APPLIED,APPLIED,1,0,1,4095.307995,,0,0,,
b4_durable_workflow-none-payments-01e70659-r12,p0,B4_DURABLE_WORKFLOW,none,payments,AUTHORITATIVE_READBACK,CALLER_REFERENCE,08e9c152-5eae-4881-b3f4-7a8b82663af6,CONFIRMED_APPLIED,APPLIED,1,0,2,6018.836503,,0,0,,
b4_durable_workflow-none-payments-01e70659-r12,p0,B4_DURABLE_WORKFLOW,none,payments,AUTHORITATIVE_READBACK,CALLER_REFERENCE,e2a6be50-b7d8-45cb-92d3-fb3ad8fc2566,CONFIRMED_APPLIED,APPLIED,1,0,1,4016.424764,,0,0,,
b4_durable_workflow-none-payments-01e70659-r12,p0,B4_DURABLE_WORKFLOW,none,payments,AUTHORITATIVE_READBACK,CALLER_REFERENCE,f55b6982-d9d8-49a2-8ede-40592904963f,CONFIRMED_APPLIED,APPLIED,1,0,1,4015.188359,,0,0,,
b4_durable_workflow-none-payments-01e70659-r13,p0,B4_DURABLE_WORKFLOW,none,payments,AUTHORITATIVE_READBACK,CALLER_REFERENCE,9fbf09f8-ce43-4486-862c-f71dd016f56c,CONFIRMED_APPLIED,APPLIED,2,0,2,8718.31722,,1,0,,
b4_durable_workflow-none-payments-01e70659-r13,p0,B4_DURABLE_WORKFLOW,none,payments,AUTHORITATIVE_READBACK,CALLER_REFERENCE,1617db91-f8ac-4dd0-adac-f710253412ae,CONFIRMED_APPLIED,APPLIED,1,0,1,4104.224367,,0,0,,
b4_durable_workflow-none-payments-01e70659-r13,p0,B4_DURABLE_WORKFLOW,none,payments,AUTHORITATIVE_READBACK,CALLER_REFERENCE,8b4a4514-45a7-4c4e-b52a-19e833eddc5f,CONFIRMED_APPLIED,APPLIED,1,0,1,4013.272647,,0,0,,
b4_durable_workflow-none-payments-01e70659-r13,p0,B4_DURABLE_WORKFLOW,none,payments,AUTHORITATIVE_READBACK,CALLER_REFERENCE,d7401318-0661-498f-abe5-54ebfe27c8b4,CONFIRMED_APPLIED,APPLIED,2,0,2,9032.479817,,1,0,,
b4_durable_workflow-none-payments-01e70659-r13,p0,B4_DURABLE_WORKFLOW,none,payments,AUTHORITATIVE_READBACK,CALLER_REFERENCE,bbf8d090-27ac-4bcf-937f-dc522f4b8649,CONFIRMED_APPLIED,APPLIED,1,0,1,3915.3918,,0,0,,
b4_durable_workflow-none-payments-01e70659-r13,p0,B4_DURABLE_WORKFLOW,none,payments,AUTHORITATIVE_READBACK,CALLER_REFERENCE,232d06d3-3f55-4210-a5e9-0e0f5d9d2f7c,CONFIRMED_APPLIED,APPLIED,1,0,1,3875.435599,,0,0,,
b4_durable_workflow-none-payments-01e70659-r13,p0,B4_DURABLE_WORKFLOW,none,payments,AUTHORITATIVE_READBACK,CALLER_REFERENCE,ca369fa0-32ce-4adf-b64e-a58a1c096a3a,CONFIRMED_APPLIED,APPLIED,1,0,1,3801.786907,,0,0,,
b4_durable_workflow-none-payments-01e70659-r13,p0,B4_DURABLE_WORKFLOW,none,payments,AUTHORITATIVE_READBACK,CALLER_REFERENCE,e87e2314-9efd-42ed-a165-1de0b643a296,CONFIRMED_APPLIED,APPLIED,1,0,1,4097.748091,,0,0,,
b4_durable_workflow-none-payments-01e70659-r13,p0,B4_DURABLE_WORKFLOW,none,payments,AUTHORITATIVE_READBACK,CALLER_REFERENCE,fd0805f5-d7e0-492b-8f75-fd2c61d297f9,CONFIRMED_APPLIED,APPLIED,2,0,2,9074.05225,,1,0,,
b4_durable_workflow-none-payments-01e70659-r13,p0,B4_DURABLE_WORKFLOW,none,payments,AUTHORITATIVE_READBACK,CALLER_REFERENCE,a36237ed-5e45-4ffd-965a-2933a79e41d2,CONFIRMED_APPLIED,APPLIED,1,0,1,4013.193197,,0,0,,
b4_durable_workflow-none-payments-01e70659-r14,p0,B4_DURABLE_WORKFLOW,none,payments,AUTHORITATIVE_READBACK,CALLER_REFERENCE,2e9d008f-d119-45de-875e-b2c3455646b2,CONFIRMED_APPLIED,APPLIED,1,0,1,3520.869209,,0,0,,
b4_durable_workflow-none-payments-01e70659-r14,p0,B4_DURABLE_WORKFLOW,none,payments,AUTHORITATIVE_READBACK,CALLER_REFERENCE,9c442565-19e1-4639-a6d3-303721c7f5ee,CONFIRMED_APPLIED,APPLIED,1,0,1,4070.898294,,0,0,,
b4_durable_workflow-none-payments-01e70659-r14,p0,B4_DURABLE_WORKFLOW,none,payments,AUTHORITATIVE_READBACK,CALLER_REFERENCE,203eabf2-4417-4af4-9ed1-593f234c0f9e,CONFIRMED_APPLIED,APPLIED,2,0,2,9030.808702,,1,0,,
b4_durable_workflow-none-payments-01e70659-r14,p0,B4_DURABLE_WORKFLOW,none,payments,AUTHORITATIVE_READBACK,CALLER_REFERENCE,f6d5441b-1a61-4064-842d-8e5bb03828e8,CONFIRMED_APPLIED,APPLIED,1,0,1,4014.560501,,0,0,,
b4_durable_workflow-none-payments-01e70659-r14,p0,B4_DURABLE_WORKFLOW,none,payments,AUTHORITATIVE_READBACK,CALLER_REFERENCE,28a9d727-40d7-4079-9e5e-82d1bff5a936,CONFIRMED_APPLIED,APPLIED,1,0,1,4013.26353,,0,0,,
b4_durable_workflow-none-payments-01e70659-r14,p0,B4_DURABLE_WORKFLOW,none,payments,AUTHORITATIVE_READBACK,CALLER_REFERENCE,89408b35-c402-45c7-98ce-216a8baaf361,CONFIRMED_APPLIED,APPLIED,1,0,1,3513.37411,,0,0,,
b4_durable_workflow-none-payments-01e70659-r14,p0,B4_DURABLE_WORKFLOW,none,payments,AUTHORITATIVE_READBACK,CALLER_REFERENCE,e2d0a90f-ba70-46c1-a8bf-c6634400e9fd,CONFIRMED_APPLIED,APPLIED,1,0,1,4071.345172,,0,0,,
b4_durable_workflow-none-payments-01e70659-r14,p0,B4_DURABLE_WORKFLOW,none,payments,AUTHORITATIVE_READBACK,CALLER_REFERENCE,3311854a-cd7a-4794-a724-c52eb8f0953b,CONFIRMED_APPLIED,APPLIED,1,0,1,4013.656139,,0,0,,
b4_durable_workflow-none-payments-01e70659-r14,p0,B4_DURABLE_WORKFLOW,none,payments,AUTHORITATIVE_READBACK,CALLER_REFERENCE,9cf58b55-9cbc-4805-aaf6-a9f6e24a7b23,CONFIRMED_APPLIED,APPLIED,1,0,1,4013.317026,,0,0,,
b4_durable_workflow-none-payments-01e70659-r14,p0,B4_DURABLE_WORKFLOW,none,payments,AUTHORITATIVE_READBACK,CALLER_REFERENCE,2598dc4b-bea2-459f-9186-9821810ff510,CONFIRMED_APPLIED,APPLIED,1,0,1,4014.696696,,0,0,,
b4_durable_workflow-none-payments-01e70659-r2,p0,B4_DURABLE_WORKFLOW,none,payments,AUTHORITATIVE_READBACK,CALLER_REFERENCE,a85d963a-cb35-43ab-aba5-4948f03de0f4,CONFIRMED_APPLIED,APPLIED,1,0,1,3795.951245,,0,0,,
b4_durable_workflow-none-payments-01e70659-r2,p0,B4_DURABLE_WORKFLOW,none,payments,AUTHORITATIVE_READBACK,CALLER_REFERENCE,7c858fd0-10a9-40f0-863e-3b88ca023cdf,CONFIRMED_APPLIED,APPLIED,1,0,1,4013.953,,0,0,,
b4_durable_workflow-none-payments-01e70659-r2,p0,B4_DURABLE_WORKFLOW,none,payments,AUTHORITATIVE_READBACK,CALLER_REFERENCE,ba32088f-77a3-4ffe-b415-c4d2b5c94e30,CONFIRMED_APPLIED,APPLIED,1,0,1,3915.67763,,0,0,,
b4_durable_workflow-none-payments-01e70659-r2,p0,B4_DURABLE_WORKFLOW,none,payments,AUTHORITATIVE_READBACK,CALLER_REFERENCE,4a1ed27c-5e27-4f2d-82ee-1d62a6cda582,CONFIRMED_APPLIED,APPLIED,1,0,1,3924.094661,,0,0,,
b4_durable_workflow-none-payments-01e70659-r2,p0,B4_DURABLE_WORKFLOW,none,payments,AUTHORITATIVE_READBACK,CALLER_REFERENCE,f5e28167-010f-43d5-809d-b9753c68b1f9,CONFIRMED_APPLIED,APPLIED,1,0,1,4109.205856,,0,0,,
b4_durable_workflow-none-payments-01e70659-r2,p0,B4_DURABLE_WORKFLOW,none,payments,AUTHORITATIVE_READBACK,CALLER_REFERENCE,0c20c338-0936-4880-9056-0d8183e33b95,CONFIRMED_APPLIED,APPLIED,1,0,1,3796.101513,,0,0,,
b4_durable_workflow-none-payments-01e70659-r2,p0,B4_DURABLE_WORKFLOW,none,payments,AUTHORITATIVE_READBACK,CALLER_REFERENCE,2a4d485d-63e9-42a0-9214-33bbc64f97c2,CONFIRMED_APPLIED,APPLIED,1,0,1,4014.069209,,0,0,,
b4_durable_workflow-none-payments-01e70659-r2,p0,B4_DURABLE_WORKFLOW,none,payments,AUTHORITATIVE_READBACK,CALLER_REFERENCE,91f91d6d-f987-42c8-adbf-f22866c271ff,CONFIRMED_APPLIED,APPLIED,1,0,1,3915.642928,,0,0,,
b4_durable_workflow-none-payments-01e70659-r2,p0,B4_DURABLE_WORKFLOW,none,payments,AUTHORITATIVE_READBACK,CALLER_REFERENCE,21e1ea26-a644-4345-844d-421ba327b20b,CONFIRMED_APPLIED,APPLIED,1,0,1,3924.255225,,0,0,,
b4_durable_workflow-none-payments-01e70659-r2,p0,B4_DURABLE_WORKFLOW,none,payments,AUTHORITATIVE_READBACK,CALLER_REFERENCE,ae4b065a-18f1-41de-9761-6a1b63836874,CONFIRMED_APPLIED,APPLIED,1,0,1,4109.094588,,0,0,,
b4_durable_workflow-none-payments-01e70659-r3,p0,B4_DURABLE_WORKFLOW,none,payments,AUTHORITATIVE_READBACK,CALLER_REFERENCE,431e68fc-5331-4931-abb9-8d2ff8fb6d89,CONFIRMED_APPLIED,APPLIED,1,0,1,3208.920976,,0,0,,
b4_durable_workflow-none-payments-01e70659-r3,p0,B4_DURABLE_WORKFLOW,none,payments,AUTHORITATIVE_READBACK,CALLER_REFERENCE,ec5fd454-b59f-4fe9-a34a-6c0bc7814e5d,CONFIRMED_APPLIED,APPLIED,1,0,1,4164.61377,,0,0,,
b4_durable_workflow-none-payments-01e70659-r3,p0,B4_DURABLE_WORKFLOW,none,payments,AUTHORITATIVE_READBACK,CALLER_REFERENCE,f6d64b43-bc03-44ae-b987-19dfbdfff7d5,CONFIRMED_APPLIED,APPLIED,1,0,1,3946.80906,,0,0,,
b4_durable_workflow-none-payments-01e70659-r3,p0,B4_DURABLE_WORKFLOW,none,payments,AUTHORITATIVE_READBACK,CALLER_REFERENCE,51bb31ff-62f6-41b2-81ae-f9e400bdfee3,CONFIRMED_APPLIED,APPLIED,1,0,1,4023.752181,,0,0,,
b4_durable_workflow-none-payments-01e70659-r3,p0,B4_DURABLE_WORKFLOW,none,payments,AUTHORITATIVE_READBACK,CALLER_REFERENCE,5f50e37a-3746-44e7-ac4d-7a15595ec331,CONFIRMED_APPLIED,APPLIED,1,0,1,4014.884119,,0,0,,
b4_durable_workflow-none-payments-01e70659-r3,p0,B4_DURABLE_WORKFLOW,none,payments,AUTHORITATIVE_READBACK,CALLER_REFERENCE,9ad3cc7f-2249-4e41-af6b-7ccffe330cba,CONFIRMED_APPLIED,APPLIED,2,0,2,8306.707962,,1,0,,
b4_durable_workflow-none-payments-01e70659-r3,p0,B4_DURABLE_WORKFLOW,none,payments,AUTHORITATIVE_READBACK,CALLER_REFERENCE,a41bfe10-3953-4192-ac57-ad196b5e5bbe,CONFIRMED_APPLIED,APPLIED,2,0,2,9046.997781,,1,0,,
b4_durable_workflow-none-payments-01e70659-r3,p0,B4_DURABLE_WORKFLOW,none,payments,AUTHORITATIVE_READBACK,CALLER_REFERENCE,3faeea04-dcb3-45e4-93f5-61a7efd62a16,CONFIRMED_APPLIED,APPLIED,1,0,1,4016.162038,,0,0,,
b4_durable_workflow-none-payments-01e70659-r3,p0,B4_DURABLE_WORKFLOW,none,payments,AUTHORITATIVE_READBACK,CALLER_REFERENCE,4743b88d-397e-4664-9f95-0875295cff11,CONFIRMED_APPLIED,APPLIED,1,0,1,3755.709054,,0,0,,
b4_durable_workflow-none-payments-01e70659-r3,p0,B4_DURABLE_WORKFLOW,none,payments,AUTHORITATIVE_READBACK,CALLER_REFERENCE,30c7209a-a949-4e70-a7c2-2f240657a2a9,CONFIRMED_APPLIED,APPLIED,2,0,2,9188.803474,,1,0,,
b4_durable_workflow-none-payments-01e70659-r4,p0,B4_DURABLE_WORKFLOW,none,payments,AUTHORITATIVE_READBACK,CALLER_REFERENCE,fad9d444-67dd-449e-b3d7-b33cbe68afb0,CONFIRMED_APPLIED,APPLIED,2,0,2,8334.955998,,1,0,,
b4_durable_workflow-none-payments-01e70659-r4,p0,B4_DURABLE_WORKFLOW,none,payments,AUTHORITATIVE_READBACK,CALLER_REFERENCE,d8d81e9b-9bf1-499b-ac07-da588cbd54d0,CONFIRMED_APPLIED,APPLIED,1,0,1,4013.211969,,0,0,,
b4_durable_workflow-none-payments-01e70659-r4,p0,B4_DURABLE_WORKFLOW,none,payments,AUTHORITATIVE_READBACK,CALLER_REFERENCE,04b46d3e-a449-4b10-bbf9-64421b0af16d,CONFIRMED_APPLIED,APPLIED,1,0,1,3779.164785,,0,0,,
b4_durable_workflow-none-payments-01e70659-r4,p0,B4_DURABLE_WORKFLOW,none,payments,AUTHORITATIVE_READBACK,CALLER_REFERENCE,4553a8eb-5f20-47b6-b945-8adeecb5e568,CONFIRMED_APPLIED,APPLIED,1,0,1,4148.938871,,0,0,,
b4_durable_workflow-none-payments-01e70659-r4,p0,B4_DURABLE_WORKFLOW,none,payments,AUTHORITATIVE_READBACK,CALLER_REFERENCE,5b0104fe-a278-4e9f-b62a-29f95713d3e3,CONFIRMED_APPLIED,APPLIED,1,0,1,4018.837627,,0,0,,
b4_durable_workflow-none-payments-01e70659-r4,p0,B4_DURABLE_WORKFLOW,none,payments,AUTHORITATIVE_READBACK,CALLER_REFERENCE,32b98e8f-2f55-4ba8-93e1-0f941a06e3c9,CONFIRMED_APPLIED,APPLIED,1,0,1,4320.254922,,0,0,,
b4_durable_workflow-none-payments-01e70659-r4,p0,B4_DURABLE_WORKFLOW,none,payments,AUTHORITATIVE_READBACK,CALLER_REFERENCE,3a53d33b-5674-4d8f-a4c2-1f8bfe0b6e97,CONFIRMED_APPLIED,APPLIED,1,0,1,4014.633535,,0,0,,
b4_durable_workflow-none-payments-01e70659-r4,p0,B4_DURABLE_WORKFLOW,none,payments,AUTHORITATIVE_READBACK,CALLER_REFERENCE,b2c6cbd5-00b1-481b-8eb2-67aea4fdd36a,CONFIRMED_APPLIED,APPLIED,1,0,1,4013.164907,,0,0,,
b4_durable_workflow-none-payments-01e70659-r4,p0,B4_DURABLE_WORKFLOW,none,payments,AUTHORITATIVE_READBACK,CALLER_REFERENCE,816fe599-e9b2-48fc-9246-c88435cae686,CONFIRMED_APPLIED,APPLIED,1,0,1,3778.365695,,0,0,,
b4_durable_workflow-none-payments-01e70659-r4,p0,B4_DURABLE_WORKFLOW,none,payments,AUTHORITATIVE_READBACK,CALLER_REFERENCE,b4699528-85c6-4b5c-9525-6a7ac3ae7d40,CONFIRMED_APPLIED,APPLIED,1,0,1,4149.789306,,0,0,,
b4_durable_workflow-none-payments-01e70659-r5,p0,B4_DURABLE_WORKFLOW,none,payments,AUTHORITATIVE_READBACK,CALLER_REFERENCE,378e7162-2f8f-4551-bb0d-57968fca7fcd,CONFIRMED_APPLIED,APPLIED,1,0,1,3907.245628,,0,0,,
b4_durable_workflow-none-payments-01e70659-r5,p0,B4_DURABLE_WORKFLOW,none,payments,AUTHORITATIVE_READBACK,CALLER_REFERENCE,f5f153dd-4a41-49f9-af32-0ba44a12608a,CONFIRMED_APPLIED,APPLIED,1,0,1,4164.279275,,0,0,,
b4_durable_workflow-none-payments-01e70659-r5,p0,B4_DURABLE_WORKFLOW,none,payments,AUTHORITATIVE_READBACK,CALLER_REFERENCE,62b64dc7-d1d6-40f7-8642-632c6109dd58,CONFIRMED_APPLIED,APPLIED,1,0,1,4012.225967,,0,0,,
b4_durable_workflow-none-payments-01e70659-r5,p0,B4_DURABLE_WORKFLOW,none,payments,AUTHORITATIVE_READBACK,CALLER_REFERENCE,6161d9f3-dae6-4c5b-95eb-d7491ef8252e,CONFIRMED_APPLIED,APPLIED,1,0,1,4014.462352,,0,0,,
b4_durable_workflow-none-payments-01e70659-r5,p0,B4_DURABLE_WORKFLOW,none,payments,AUTHORITATIVE_READBACK,CALLER_REFERENCE,ed572a42-28a3-4535-bb25-76d334ae5ee9,CONFIRMED_APPLIED,APPLIED,1,0,1,4014.403935,,0,0,,
b4_durable_workflow-none-payments-01e70659-r5,p0,B4_DURABLE_WORKFLOW,none,payments,AUTHORITATIVE_READBACK,CALLER_REFERENCE,0f830eed-33c6-4b7b-a322-06fe02616751,CONFIRMED_APPLIED,APPLIED,1,0,1,3907.503912,,0,0,,
b4_durable_workflow-none-payments-01e70659-r5,p0,B4_DURABLE_WORKFLOW,none,payments,AUTHORITATIVE_READBACK,CALLER_REFERENCE,f6a7abae-d098-4e9a-ab38-abaf0d5efa9b,CONFIRMED_APPLIED,APPLIED,1,0,1,4164.252098,,0,0,,
b4_durable_workflow-none-payments-01e70659-r5,p0,B4_DURABLE_WORKFLOW,none,payments,AUTHORITATIVE_READBACK,CALLER_REFERENCE,b8d8c7c5-8cc7-4e3c-9d7e-9ca709ca480c,CONFIRMED_APPLIED,APPLIED,2,0,2,9031.101377,,1,0,,
b4_durable_workflow-none-payments-01e70659-r5,p0,B4_DURABLE_WORKFLOW,none,payments,AUTHORITATIVE_READBACK,CALLER_REFERENCE,72743bb9-beb5-4483-9a97-10918f61a405,CONFIRMED_APPLIED,APPLIED,1,0,1,4014.046438,,0,0,,
b4_durable_workflow-none-payments-01e70659-r5,p0,B4_DURABLE_WORKFLOW,none,payments,AUTHORITATIVE_READBACK,CALLER_REFERENCE,12e0c362-91c3-45ea-b036-20e06e2c6b14,CONFIRMED_APPLIED,APPLIED,2,0,2,8832.660873,,1,0,,
b4_durable_workflow-none-payments-01e70659-r6,p0,B4_DURABLE_WORKFLOW,none,payments,AUTHORITATIVE_READBACK,CALLER_REFERENCE,c291a835-dc19-4326-8cf3-84555991b3c4,CONFIRMED_APPLIED,APPLIED,1,0,1,3265.095661,,0,0,,
b4_durable_workflow-none-payments-01e70659-r6,p0,B4_DURABLE_WORKFLOW,none,payments,AUTHORITATIVE_READBACK,CALLER_REFERENCE,98d08d74-c42c-4c70-b2fd-c334a1a8da51,CONFIRMED_APPLIED,APPLIED,1,0,1,4147.603528,,0,0,,
b4_durable_workflow-none-payments-01e70659-r6,p0,B4_DURABLE_WORKFLOW,none,payments,AUTHORITATIVE_READBACK,CALLER_REFERENCE,9884ad63-7ee3-40d8-adf1-291999b3eb12,CONFIRMED_APPLIED,APPLIED,1,0,1,3921.249758,,0,0,,
b4_durable_workflow-none-payments-01e70659-r6,p0,B4_DURABLE_WORKFLOW,none,payments,AUTHORITATIVE_READBACK,CALLER_REFERENCE,ece2ff4b-928d-4861-8d94-183dfdf07ee5,CONFIRMED_APPLIED,APPLIED,1,0,1,4017.829416,,0,0,,
b4_durable_workflow-none-payments-01e70659-r6,p0,B4_DURABLE_WORKFLOW,none,payments,AUTHORITATIVE_READBACK,CALLER_REFERENCE,5a40abdb-877a-4a26-ac47-d695d86bc919,CONFIRMED_APPLIED,APPLIED,1,0,1,4015.813991,,0,0,,
b4_durable_workflow-none-payments-01e70659-r6,p0,B4_DURABLE_WORKFLOW,none,payments,AUTHORITATIVE_READBACK,CALLER_REFERENCE,085ed67b-914a-409d-abba-4072a6ef0456,CONFIRMED_APPLIED,APPLIED,1,0,1,3271.17569,,0,0,,
b4_durable_workflow-none-payments-01e70659-r6,p0,B4_DURABLE_WORKFLOW,none,payments,AUTHORITATIVE_READBACK,CALLER_REFERENCE,3a3caf64-cc14-41d7-9f9d-872dcbce1fcd,CONFIRMED_APPLIED,APPLIED,1,0,1,4147.741169,,0,0,,
b4_durable_workflow-none-payments-01e70659-r6,p0,B4_DURABLE_WORKFLOW,none,payments,AUTHORITATIVE_READBACK,CALLER_REFERENCE,c7118ed0-01aa-4db6-89d1-b7cd6fa5d163,CONFIRMED_APPLIED,APPLIED,1,0,1,3921.289265,,0,0,,
b4_durable_workflow-none-payments-01e70659-r6,p0,B4_DURABLE_WORKFLOW,none,payments,AUTHORITATIVE_READBACK,CALLER_REFERENCE,eeb1f360-0c56-4e94-a2ae-4d7e9b703d65,CONFIRMED_APPLIED,APPLIED,2,0,2,9038.786191,,1,0,,
b4_durable_workflow-none-payments-01e70659-r6,p0,B4_DURABLE_WORKFLOW,none,payments,AUTHORITATIVE_READBACK,CALLER_REFERENCE,13df9421-e12e-49c2-8c94-21e3153c2ae4,CONFIRMED_APPLIED,APPLIED,1,0,1,4014.115292,,0,0,,
b4_durable_workflow-none-payments-01e70659-r7,p0,B4_DURABLE_WORKFLOW,none,payments,AUTHORITATIVE_READBACK,CALLER_REFERENCE,01f70513-1d64-4483-9a21-54742a222717,CONFIRMED_APPLIED,APPLIED,3,0,3,14180.730596,,1,0,,
b4_durable_workflow-none-payments-01e70659-r7,p0,B4_DURABLE_WORKFLOW,none,payments,AUTHORITATIVE_READBACK,CALLER_REFERENCE,6fcb99a0-063b-42ad-84f6-09243ea3b8f2,CONFIRMED_APPLIED,APPLIED,1,0,1,3918.440453,,0,0,,
b4_durable_workflow-none-payments-01e70659-r7,p0,B4_DURABLE_WORKFLOW,none,payments,AUTHORITATIVE_READBACK,CALLER_REFERENCE,d44a0bd2-61ca-48a4-9f09-2b4af25a1e93,CONFIRMED_APPLIED,APPLIED,1,0,1,4015.152585,,0,0,,
b4_durable_workflow-none-payments-01e70659-r7,p0,B4_DURABLE_WORKFLOW,none,payments,AUTHORITATIVE_READBACK,CALLER_REFERENCE,38f7976a-858a-4161-8a61-31e17707a388,CONFIRMED_APPLIED,APPLIED,1,0,1,4015.538482,,0,0,,
b4_durable_workflow-none-payments-01e70659-r7,p0,B4_DURABLE_WORKFLOW,none,payments,AUTHORITATIVE_READBACK,CALLER_REFERENCE,2c0ab206-a1ca-4402-9ed5-43f3925ce545,CONFIRMED_APPLIED,APPLIED,1,0,2,5955.976548,,0,0,,
b4_durable_workflow-none-payments-01e70659-r7,p0,B4_DURABLE_WORKFLOW,none,payments,AUTHORITATIVE_READBACK,CALLER_REFERENCE,3a856812-d637-4914-9c5b-c5398384569c,CONFIRMED_APPLIED,APPLIED,1,0,1,4128.071636,,0,0,,
b4_durable_workflow-none-payments-01e70659-r7,p0,B4_DURABLE_WORKFLOW,none,payments,AUTHORITATIVE_READBACK,CALLER_REFERENCE,9cfb8fae-dcdf-4496-b5ae-f75f67afe2e1,CONFIRMED_APPLIED,APPLIED,1,0,1,3873.833325,,0,0,,
b4_durable_workflow-none-payments-01e70659-r7,p0,B4_DURABLE_WORKFLOW,none,payments,AUTHORITATIVE_READBACK,CALLER_REFERENCE,cacf169f-b559-4838-b6d9-54e870f482a5,CONFIRMED_APPLIED,APPLIED,1,0,1,4167.996481,,0,0,,
b4_durable_workflow-none-payments-01e70659-r7,p0,B4_DURABLE_WORKFLOW,none,payments,AUTHORITATIVE_READBACK,CALLER_REFERENCE,d74942e6-962d-4bf8-aef0-e95540b596f0,CONFIRMED_APPLIED,APPLIED,1,0,1,3917.91869,,0,0,,
b4_durable_workflow-none-payments-01e70659-r7,p0,B4_DURABLE_WORKFLOW,none,payments,AUTHORITATIVE_READBACK,CALLER_REFERENCE,86fa6d92-e791-41f5-98cd-d9902f9ebc03,CONFIRMED_APPLIED,APPLIED,1,0,1,4016.891205,,0,0,,
b4_durable_workflow-none-payments-01e70659-r8,p0,B4_DURABLE_WORKFLOW,none,payments,AUTHORITATIVE_READBACK,CALLER_REFERENCE,469e9a61-f407-4a6b-b274-3109034e1225,CONFIRMED_APPLIED,APPLIED,1,0,1,3327.332004,,0,0,,
b4_durable_workflow-none-payments-01e70659-r8,p0,B4_DURABLE_WORKFLOW,none,payments,AUTHORITATIVE_READBACK,CALLER_REFERENCE,d270f504-152d-4aca-a78a-1959a11bbc23,CONFIRMED_APPLIED,APPLIED,1,0,2,6120.998843,,0,0,,
b4_durable_workflow-none-payments-01e70659-r8,p0,B4_DURABLE_WORKFLOW,none,payments,AUTHORITATIVE_READBACK,CALLER_REFERENCE,f17042f1-1ca3-4028-bdff-804f0d8807c9,CONFIRMED_APPLIED,APPLIED,1,0,1,3914.974533,,0,0,,
b4_durable_workflow-none-payments-01e70659-r8,p0,B4_DURABLE_WORKFLOW,none,payments,AUTHORITATIVE_READBACK,CALLER_REFERENCE,cbaba9a9-0657-4000-a621-cd9c9eeb78f5,CONFIRMED_APPLIED,APPLIED,1,0,1,4019.80993,,0,0,,
b4_durable_workflow-none-payments-01e70659-r8,p0,B4_DURABLE_WORKFLOW,none,payments,AUTHORITATIVE_READBACK,CALLER_REFERENCE,5ebcca46-2bd8-40e7-92c2-7dea3e06b019,CONFIRMED_APPLIED,APPLIED,1,0,1,3920.903258,,0,0,,
b4_durable_workflow-none-payments-01e70659-r8,p0,B4_DURABLE_WORKFLOW,none,payments,AUTHORITATIVE_READBACK,CALLER_REFERENCE,31ec5113-7463-42ea-926f-7717707db771,CONFIRMED_APPLIED,APPLIED,1,0,1,3326.780463,,0,0,,
b4_durable_workflow-none-payments-01e70659-r8,p0,B4_DURABLE_WORKFLOW,none,payments,AUTHORITATIVE_READBACK,CALLER_REFERENCE,65a5bf59-4325-4705-8dbc-be9edbad6b7e,CONFIRMED_APPLIED,APPLIED,1,0,1,4114.221715,,0,0,,
b4_durable_workflow-none-payments-01e70659-r8,p0,B4_DURABLE_WORKFLOW,none,payments,AUTHORITATIVE_READBACK,CALLER_REFERENCE,a01032b7-3c71-4f18-b1ee-967b48048284,CONFIRMED_APPLIED,APPLIED,1,0,1,4013.396351,,0,0,,
b4_durable_workflow-none-payments-01e70659-r8,p0,B4_DURABLE_WORKFLOW,none,payments,AUTHORITATIVE_READBACK,CALLER_REFERENCE,69217a32-3f14-4907-81a8-eaf924f48fcd,CONFIRMED_APPLIED,APPLIED,1,0,1,3915.473595,,0,0,,
b4_durable_workflow-none-payments-01e70659-r8,p0,B4_DURABLE_WORKFLOW,none,payments,AUTHORITATIVE_READBACK,CALLER_REFERENCE,ada02099-22b9-4b16-87b6-977a7932049a,CONFIRMED_APPLIED,APPLIED,2,0,2,8958.813241,,1,0,,
b4_durable_workflow-none-payments-01e70659-r9,p0,B4_DURABLE_WORKFLOW,none,payments,AUTHORITATIVE_READBACK,CALLER_REFERENCE,7d40bb6e-7c7b-4c5a-9003-8ac3047c122c,CONFIRMED_APPLIED,APPLIED,2,0,2,9153.038088,,1,0,,
b4_durable_workflow-none-payments-01e70659-r9,p0,B4_DURABLE_WORKFLOW,none,payments,AUTHORITATIVE_READBACK,CALLER_REFERENCE,c2b61f3f-573c-4358-999e-28a97289c8a8,CONFIRMED_APPLIED,APPLIED,1,0,1,4012.998035,,0,0,,
b4_durable_workflow-none-payments-01e70659-r9,p0,B4_DURABLE_WORKFLOW,none,payments,AUTHORITATIVE_READBACK,CALLER_REFERENCE,6966c2f0-8185-49fe-8718-19054f471e67,CONFIRMED_APPLIED,APPLIED,1,0,1,4014.507522,,0,0,,
b4_durable_workflow-none-payments-01e70659-r9,p0,B4_DURABLE_WORKFLOW,none,payments,AUTHORITATIVE_READBACK,CALLER_REFERENCE,3b4a0a48-64c1-4ff1-b026-e48b6b07ae75,CONFIRMED_APPLIED,APPLIED,1,0,1,4014.257978,,0,0,,
b4_durable_workflow-none-payments-01e70659-r9,p0,B4_DURABLE_WORKFLOW,none,payments,AUTHORITATIVE_READBACK,CALLER_REFERENCE,8873d055-a08e-4e49-adad-4c19f28a416d,CONFIRMED_APPLIED,APPLIED,1,0,1,4020.917374,,0,0,,
b4_durable_workflow-none-payments-01e70659-r9,p0,B4_DURABLE_WORKFLOW,none,payments,AUTHORITATIVE_READBACK,CALLER_REFERENCE,632de9bd-1eab-40a6-9594-7fe51fece099,CONFIRMED_APPLIED,APPLIED,1,0,1,5235.766882,,0,0,,
b4_durable_workflow-none-payments-01e70659-r9,p0,B4_DURABLE_WORKFLOW,none,payments,AUTHORITATIVE_READBACK,CALLER_REFERENCE,6217a0ce-803d-409b-86d4-71b0c55d353b,CONFIRMED_APPLIED,APPLIED,1,0,1,3916.266278,,0,0,,
b4_durable_workflow-none-payments-01e70659-r9,p0,B4_DURABLE_WORKFLOW,none,payments,AUTHORITATIVE_READBACK,CALLER_REFERENCE,2f2554ec-cf59-4559-b611-c42acef44d36,CONFIRMED_APPLIED,APPLIED,1,0,1,4012.882125,,0,0,,
b4_durable_workflow-none-payments-01e70659-r9,p0,B4_DURABLE_WORKFLOW,none,payments,AUTHORITATIVE_READBACK,CALLER_REFERENCE,1bf9622b-a92d-4618-b249-0fcc8649a625,CONFIRMED_APPLIED,APPLIED,1,0,1,4014.416049,,0,0,,
b4_durable_workflow-none-payments-01e70659-r9,p0,B4_DURABLE_WORKFLOW,none,payments,AUTHORITATIVE_READBACK,CALLER_REFERENCE,c63323eb-b386-4b6b-af80-d8dd99734101,CONFIRMED_APPLIED,APPLIED,1,0,1,4014.332019,,0,0,,
b4b_durable_workflow_at_most_once-none-payments-649b1800-r0,p0,B4B_DURABLE_WORKFLOW_AT_MOST_ONCE,none,payments,AUTHORITATIVE_READBACK,CALLER_REFERENCE,c27ea0aa-cfbd-4680-9ac7-279bcd9735bb,CONFIRMED_APPLIED,APPLIED,1,0,1,3864.984096,,0,0,,
b4b_durable_workflow_at_most_once-none-payments-649b1800-r0,p0,B4B_DURABLE_WORKFLOW_AT_MOST_ONCE,none,payments,AUTHORITATIVE_READBACK,CALLER_REFERENCE,6f7e9e53-5757-4446-a3c9-0ca863aa6de8,CONFIRMED_APPLIED,APPLIED,1,0,1,3888.465716,,0,0,,
b4b_durable_workflow_at_most_once-none-payments-649b1800-r0,p0,B4B_DURABLE_WORKFLOW_AT_MOST_ONCE,none,payments,AUTHORITATIVE_READBACK,CALLER_REFERENCE,408145df-9e85-4469-9324-b96bd388031b,CONFIRMED_APPLIED,APPLIED,1,0,1,4140.377268,,0,0,,
b4b_durable_workflow_at_most_once-none-payments-649b1800-r0,p0,B4B_DURABLE_WORKFLOW_AT_MOST_ONCE,none,payments,AUTHORITATIVE_READBACK,CALLER_REFERENCE,59050817-30e0-42f0-9ade-fa2763cc01f9,CONFIRMED_APPLIED,APPLIED,1,0,1,3908.644973,,0,0,,
b4b_durable_workflow_at_most_once-none-payments-649b1800-r0,p0,B4B_DURABLE_WORKFLOW_AT_MOST_ONCE,none,payments,AUTHORITATIVE_READBACK,CALLER_REFERENCE,8ceb8886-d45f-4e5b-8be0-2ca7cf6069fc,CONFIRMED_APPLIED,APPLIED,1,0,1,4013.185694,,0,0,,
b4b_durable_workflow_at_most_once-none-payments-649b1800-r0,p0,B4B_DURABLE_WORKFLOW_AT_MOST_ONCE,none,payments,AUTHORITATIVE_READBACK,CALLER_REFERENCE,5b6b7ee9-afeb-48a1-b971-48b1935f4087,CONFIRMED_APPLIED,APPLIED,1,0,1,3865.146359,,0,0,,
b4b_durable_workflow_at_most_once-none-payments-649b1800-r0,p0,B4B_DURABLE_WORKFLOW_AT_MOST_ONCE,none,payments,AUTHORITATIVE_READBACK,CALLER_REFERENCE,9b6ce6d2-3efc-4e68-9283-72e9e143b4d3,CONFIRMED_APPLIED,APPLIED,1,0,1,3888.676798,,0,0,,
b4b_durable_workflow_at_most_once-none-payments-649b1800-r0,p0,B4B_DURABLE_WORKFLOW_AT_MOST_ONCE,none,payments,AUTHORITATIVE_READBACK,CALLER_REFERENCE,303fcf4c-9bf4-4826-a33e-6bf9d9d5b17c,CONFIRMED_APPLIED,APPLIED,1,0,1,4140.323001,,0,0,,
b4b_durable_workflow_at_most_once-none-payments-649b1800-r0,p0,B4B_DURABLE_WORKFLOW_AT_MOST_ONCE,none,payments,AUTHORITATIVE_READBACK,CALLER_REFERENCE,5efa5ad6-f981-4789-8593-fae1b1eab34d,CONFIRMED_APPLIED,APPLIED,1,0,1,3908.615394,,0,0,,
b4b_durable_workflow_at_most_once-none-payments-649b1800-r0,p0,B4B_DURABLE_WORKFLOW_AT_MOST_ONCE,none,payments,AUTHORITATIVE_READBACK,CALLER_REFERENCE,5cd57aec-7e1b-4979-9a29-e0de08697626,CONFIRMED_APPLIED,APPLIED,1,0,1,4013.13274,,0,0,,
b4b_durable_workflow_at_most_once-none-payments-649b1800-r1,p0,B4B_DURABLE_WORKFLOW_AT_MOST_ONCE,none,payments,AUTHORITATIVE_READBACK,CALLER_REFERENCE,d8a133cd-c520-4b57-9217-a779a70c7a9e,CONFIRMED_APPLIED,APPLIED,1,0,1,3731.365024,,0,0,,
b4b_durable_workflow_at_most_once-none-payments-649b1800-r1,p0,B4B_DURABLE_WORKFLOW_AT_MOST_ONCE,none,payments,AUTHORITATIVE_READBACK,CALLER_REFERENCE,19d607c0-c4f4-4f52-afa4-d8e361842da5,UNVERIFIED_FAILURE,FAILED,1,0,1,6929.792478,,0,1,,
b4b_durable_workflow_at_most_once-none-payments-649b1800-r1,p0,B4B_DURABLE_WORKFLOW_AT_MOST_ONCE,none,payments,AUTHORITATIVE_READBACK,CALLER_REFERENCE,2e56ce8d-6981-4b78-ba12-4730083350e4,CONFIRMED_APPLIED,APPLIED,1,0,1,4015.064053,,0,0,,
b4b_durable_workflow_at_most_once-none-payments-649b1800-r1,p0,B4B_DURABLE_WORKFLOW_AT_MOST_ONCE,none,payments,AUTHORITATIVE_READBACK,CALLER_REFERENCE,5df98dcc-fc52-43d4-84ff-bd5bf3d4510a,CONFIRMED_APPLIED,APPLIED,1,0,1,4015.83295,,0,0,,
b4b_durable_workflow_at_most_once-none-payments-649b1800-r1,p0,B4B_DURABLE_WORKFLOW_AT_MOST_ONCE,none,payments,AUTHORITATIVE_READBACK,CALLER_REFERENCE,410d5766-c749-41e1-a169-82fcf139e3dc,CONFIRMED_APPLIED,APPLIED,1,0,1,4011.846156,,0,0,,
b4b_durable_workflow_at_most_once-none-payments-649b1800-r1,p0,B4B_DURABLE_WORKFLOW_AT_MOST_ONCE,none,payments,AUTHORITATIVE_READBACK,CALLER_REFERENCE,92a9b3fc-7907-440b-9cbf-83c8c717f940,UNVERIFIED_FAILURE,FAILED,1,0,1,6665.922732,,0,1,,
b4b_durable_workflow_at_most_once-none-payments-649b1800-r1,p0,B4B_DURABLE_WORKFLOW_AT_MOST_ONCE,none,payments,AUTHORITATIVE_READBACK,CALLER_REFERENCE,17060140-59e3-4fbb-8b16-f624dac78397,CONFIRMED_APPLIED,APPLIED,1,0,1,4017.493157,,0,0,,
b4b_durable_workflow_at_most_once-none-payments-649b1800-r1,p0,B4B_DURABLE_WORKFLOW_AT_MOST_ONCE,none,payments,AUTHORITATIVE_READBACK,CALLER_REFERENCE,40b9bb86-bc34-4e06-85ae-bdbb1654679c,CONFIRMED_APPLIED,APPLIED,1,0,1,4014.935866,,0,0,,
b4b_durable_workflow_at_most_once-none-payments-649b1800-r1,p0,B4B_DURABLE_WORKFLOW_AT_MOST_ONCE,none,payments,AUTHORITATIVE_READBACK,CALLER_REFERENCE,c0d7f16f-d6a8-4745-af7a-d3a77da2a593,CONFIRMED_APPLIED,APPLIED,1,0,1,4015.639485,,0,0,,
b4b_durable_workflow_at_most_once-none-payments-649b1800-r1,p0,B4B_DURABLE_WORKFLOW_AT_MOST_ONCE,none,payments,AUTHORITATIVE_READBACK,CALLER_REFERENCE,1ae0dbe2-efff-4f38-b4a9-4a1ab872b8b0,CONFIRMED_APPLIED,APPLIED,1,0,1,4011.988681,,0,0,,
b4b_durable_workflow_at_most_once-none-payments-649b1800-r10,p0,B4B_DURABLE_WORKFLOW_AT_MOST_ONCE,none,payments,AUTHORITATIVE_READBACK,CALLER_REFERENCE,b565fd15-9336-4f54-93b6-ca8ec22965b9,CONFIRMED_APPLIED,APPLIED,1,0,1,3291.790018,,0,0,,
b4b_durable_workflow_at_most_once-none-payments-649b1800-r10,p0,B4B_DURABLE_WORKFLOW_AT_MOST_ONCE,none,payments,AUTHORITATIVE_READBACK,CALLER_REFERENCE,9e338d0a-9ff4-4171-bbc3-50a2331e784a,CONFIRMED_APPLIED,APPLIED,1,0,1,3911.456005,,0,0,,
b4b_durable_workflow_at_most_once-none-payments-649b1800-r10,p0,B4B_DURABLE_WORKFLOW_AT_MOST_ONCE,none,payments,AUTHORITATIVE_READBACK,CALLER_REFERENCE,0c3d6b34-5932-4594-bf2c-90231ffb81ce,CONFIRMED_APPLIED,APPLIED,1,0,1,4022.108372,,0,0,,
b4b_durable_workflow_at_most_once-none-payments-649b1800-r10,p0,B4B_DURABLE_WORKFLOW_AT_MOST_ONCE,none,payments,AUTHORITATIVE_READBACK,CALLER_REFERENCE,052d8809-248b-4209-a4fd-cdbdf83410a1,CONFIRMED_APPLIED,APPLIED,1,0,1,3999.683772,,0,0,,
b4b_durable_workflow_at_most_once-none-payments-649b1800-r10,p0,B4B_DURABLE_WORKFLOW_AT_MOST_ONCE,none,payments,AUTHORITATIVE_READBACK,CALLER_REFERENCE,d6ca1417-dd90-449c-b506-fad3a80c3d7d,CONFIRMED_APPLIED,APPLIED,1,0,1,4011.828305,,0,0,,
b4b_durable_workflow_at_most_once-none-payments-649b1800-r10,p0,B4B_DURABLE_WORKFLOW_AT_MOST_ONCE,none,payments,AUTHORITATIVE_READBACK,CALLER_REFERENCE,07516f18-7c05-4fb7-9227-8d5fdf001063,CONFIRMED_APPLIED,APPLIED,1,0,1,3291.627811,,0,0,,
b4b_durable_workflow_at_most_once-none-payments-649b1800-r10,p0,B4B_DURABLE_WORKFLOW_AT_MOST_ONCE,none,payments,AUTHORITATIVE_READBACK,CALLER_REFERENCE,baaf04f5-34cc-4ca3-9ee9-f33a3fcef337,CONFIRMED_APPLIED,APPLIED,1,0,1,3911.522436,,0,0,,
b4b_durable_workflow_at_most_once-none-payments-649b1800-r10,p0,B4B_DURABLE_WORKFLOW_AT_MOST_ONCE,none,payments,AUTHORITATIVE_READBACK,CALLER_REFERENCE,91be5460-50f9-4cce-bd3a-ce0a3a367688,CONFIRMED_APPLIED,APPLIED,1,0,1,4022.187205,,0,0,,
b4b_durable_workflow_at_most_once-none-payments-649b1800-r10,p0,B4B_DURABLE_WORKFLOW_AT_MOST_ONCE,none,payments,AUTHORITATIVE_READBACK,CALLER_REFERENCE,2b3a4d34-a4e9-4314-8fe6-36c6ab2b16de,CONFIRMED_APPLIED,APPLIED,1,0,1,3999.073731,,0,0,,
b4b_durable_workflow_at_most_once-none-payments-649b1800-r10,p0,B4B_DURABLE_WORKFLOW_AT_MOST_ONCE,none,payments,AUTHORITATIVE_READBACK,CALLER_REFERENCE,3104a13b-4229-4a62-8299-9750c6f067e3,CONFIRMED_APPLIED,APPLIED,1,0,1,4011.763212,,0,0,,
b4b_durable_workflow_at_most_once-none-payments-649b1800-r11,p0,B4B_DURABLE_WORKFLOW_AT_MOST_ONCE,none,payments,AUTHORITATIVE_READBACK,CALLER_REFERENCE,5ae9c76f-2a02-4e62-a233-4b7610854149,UNVERIFIED_FAILURE,FAILED,1,0,1,6582.187652,,0,1,,
b4b_durable_workflow_at_most_once-none-payments-649b1800-r11,p0,B4B_DURABLE_WORKFLOW_AT_MOST_ONCE,none,payments,AUTHORITATIVE_READBACK,CALLER_REFERENCE,d3d96c8d-f24a-4246-af90-679a6df3005b,UNVERIFIED_FAILURE,FAILED,0,0,1,3860.04436,,0,0,,
b4b_durable_workflow_at_most_once-none-payments-649b1800-r11,p0,B4B_DURABLE_WORKFLOW_AT_MOST_ONCE,none,payments,AUTHORITATIVE_READBACK,CALLER_REFERENCE,a67c306f-4550-44ec-b498-9eefd20029a3,CONFIRMED_APPLIED,APPLIED,1,0,1,4073.782724,,0,0,,
b4b_durable_workflow_at_most_once-none-payments-649b1800-r11,p0,B4B_DURABLE_WORKFLOW_AT_MOST_ONCE,none,payments,AUTHORITATIVE_READBACK,CALLER_REFERENCE,581f0817-74e0-48b9-ba33-6aba629ac1e5,CONFIRMED_APPLIED,APPLIED,1,0,1,4021.188238,,0,0,,
b4b_durable_workflow_at_most_once-none-payments-649b1800-r11,p0,B4B_DURABLE_WORKFLOW_AT_MOST_ONCE,none,payments,AUTHORITATIVE_READBACK,CALLER_REFERENCE,46d1f3bd-5896-472a-9e31-952617e45be8,CONFIRMED_APPLIED,APPLIED,1,0,1,4017.25561,,0,0,,
b4b_durable_workflow_at_most_once-none-payments-649b1800-r11,p0,B4B_DURABLE_WORKFLOW_AT_MOST_ONCE,none,payments,AUTHORITATIVE_READBACK,CALLER_REFERENCE,3c6f9160-b117-4bff-95a6-72f3c3898a68,CONFIRMED_APPLIED,APPLIED,1,0,1,3571.175537,,0,0,,
b4b_durable_workflow_at_most_once-none-payments-649b1800-r11,p0,B4B_DURABLE_WORKFLOW_AT_MOST_ONCE,none,payments,AUTHORITATIVE_READBACK,CALLER_REFERENCE,07e08ac9-c3c9-4a03-b98f-4bfe5d067546,CONFIRMED_APPLIED,APPLIED,1,0,1,4014.761985,,0,0,,
b4b_durable_workflow_at_most_once-none-payments-649b1800-r11,p0,B4B_DURABLE_WORKFLOW_AT_MOST_ONCE,none,payments,AUTHORITATIVE_READBACK,CALLER_REFERENCE,4abdee68-dd9f-42fb-993a-7854edef802a,CONFIRMED_APPLIED,APPLIED,1,0,1,3913.011895,,0,0,,
b4b_durable_workflow_at_most_once-none-payments-649b1800-r11,p0,B4B_DURABLE_WORKFLOW_AT_MOST_ONCE,none,payments,AUTHORITATIVE_READBACK,CALLER_REFERENCE,76875e46-bb2a-4380-b2c4-e41aa2a3f5d5,UNVERIFIED_FAILURE,FAILED,0,0,1,4022.508589,,0,0,,
b4b_durable_workflow_at_most_once-none-payments-649b1800-r11,p0,B4B_DURABLE_WORKFLOW_AT_MOST_ONCE,none,payments,AUTHORITATIVE_READBACK,CALLER_REFERENCE,da30279d-95fb-4f64-ab44-36676eb98065,CONFIRMED_APPLIED,APPLIED,1,0,1,4019.884332,,0,0,,
b4b_durable_workflow_at_most_once-none-payments-649b1800-r12,p0,B4B_DURABLE_WORKFLOW_AT_MOST_ONCE,none,payments,AUTHORITATIVE_READBACK,CALLER_REFERENCE,2fe14d35-f106-442d-bdfe-659717a6ad16,CONFIRMED_APPLIED,APPLIED,1,0,1,11548.284117,,0,0,,
b4b_durable_workflow_at_most_once-none-payments-649b1800-r12,p0,B4B_DURABLE_WORKFLOW_AT_MOST_ONCE,none,payments,AUTHORITATIVE_READBACK,CALLER_REFERENCE,9d4b723d-55c5-4776-9646-0ee72e9e0669,CONFIRMED_APPLIED,APPLIED,1,0,1,3926.354447,,0,0,,
b4b_durable_workflow_at_most_once-none-payments-649b1800-r12,p0,B4B_DURABLE_WORKFLOW_AT_MOST_ONCE,none,payments,AUTHORITATIVE_READBACK,CALLER_REFERENCE,c5801de5-8da2-4312-8834-05989a312b4f,CONFIRMED_APPLIED,APPLIED,1,0,1,4979.006208,,0,0,,
b4b_durable_workflow_at_most_once-none-payments-649b1800-r12,p0,B4B_DURABLE_WORKFLOW_AT_MOST_ONCE,none,payments,AUTHORITATIVE_READBACK,CALLER_REFERENCE,2bdabc5d-41c5-45e7-86b2-aaa49a52ca55,CONFIRMED_APPLIED,APPLIED,1,0,1,3999.290398,,0,0,,
b4b_durable_workflow_at_most_once-none-payments-649b1800-r12,p0,B4B_DURABLE_WORKFLOW_AT_MOST_ONCE,none,payments,AUTHORITATIVE_READBACK,CALLER_REFERENCE,98c317ef-bfaa-4dc5-8c03-c07225975e17,UNVERIFIED_FAILURE,FAILED,1,0,1,6985.732342,,0,1,,
b4b_durable_workflow_at_most_once-none-payments-649b1800-r12,p0,B4B_DURABLE_WORKFLOW_AT_MOST_ONCE,none,payments,AUTHORITATIVE_READBACK,CALLER_REFERENCE,e218f184-18c4-4c3b-9166-cd79ecb4c5d4,CONFIRMED_APPLIED,APPLIED,1,0,1,10405.456149,,0,0,,
b4b_durable_workflow_at_most_once-none-payments-649b1800-r12,p0,B4B_DURABLE_WORKFLOW_AT_MOST_ONCE,none,payments,AUTHORITATIVE_READBACK,CALLER_REFERENCE,c3d5e913-abe6-4370-800b-203ccc30622f,CONFIRMED_APPLIED,APPLIED,1,0,1,4043.928029,,0,0,,
b4b_durable_workflow_at_most_once-none-payments-649b1800-r12,p0,B4B_DURABLE_WORKFLOW_AT_MOST_ONCE,none,payments,AUTHORITATIVE_READBACK,CALLER_REFERENCE,02d82fc4-f521-4e2e-90ad-34ae3080cf3c,CONFIRMED_APPLIED,APPLIED,1,0,1,4083.399995,,0,0,,
b4b_durable_workflow_at_most_once-none-payments-649b1800-r12,p0,B4B_DURABLE_WORKFLOW_AT_MOST_ONCE,none,payments,AUTHORITATIVE_READBACK,CALLER_REFERENCE,f7320b9f-2958-4137-a192-f08a80ce91d4,CONFIRMED_APPLIED,APPLIED,1,0,1,3923.050432,,0,0,,
b4b_durable_workflow_at_most_once-none-payments-649b1800-r12,p0,B4B_DURABLE_WORKFLOW_AT_MOST_ONCE,none,payments,AUTHORITATIVE_READBACK,CALLER_REFERENCE,9688ddb6-6b4d-4db3-9ea0-0e8a558cedb3,UNVERIFIED_FAILURE,FAILED,0,0,1,3913.871888,,0,0,,
b4b_durable_workflow_at_most_once-none-payments-649b1800-r13,p0,B4B_DURABLE_WORKFLOW_AT_MOST_ONCE,none,payments,AUTHORITATIVE_READBACK,CALLER_REFERENCE,1c429a11-b045-4cf5-bc9a-d63bae5fc667,UNVERIFIED_FAILURE,FAILED,0,0,1,3526.333314,,0,0,,
b4b_durable_workflow_at_most_once-none-payments-649b1800-r13,p0,B4B_DURABLE_WORKFLOW_AT_MOST_ONCE,none,payments,AUTHORITATIVE_READBACK,CALLER_REFERENCE,8e26c297-1d61-49c3-ae3d-0f168c9963a5,CONFIRMED_APPLIED,APPLIED,1,0,1,4017.022159,,0,0,,
b4b_durable_workflow_at_most_once-none-payments-649b1800-r13,p0,B4B_DURABLE_WORKFLOW_AT_MOST_ONCE,none,payments,AUTHORITATIVE_READBACK,CALLER_REFERENCE,10897cd7-2114-4ca0-ada1-af1aa79e34a6,CONFIRMED_APPLIED,APPLIED,1,0,1,4015.107054,,0,0,,
b4b_durable_workflow_at_most_once-none-payments-649b1800-r13,p0,B4B_DURABLE_WORKFLOW_AT_MOST_ONCE,none,payments,AUTHORITATIVE_READBACK,CALLER_REFERENCE,4a50006d-14cb-4f2f-9c05-0d9f905cce04,CONFIRMED_APPLIED,APPLIED,1,0,1,3859.398776,,0,0,,
b4b_durable_workflow_at_most_once-none-payments-649b1800-r13,p0,B4B_DURABLE_WORKFLOW_AT_MOST_ONCE,none,payments,AUTHORITATIVE_READBACK,CALLER_REFERENCE,ecd44a64-d0f3-4793-ab6c-a77e8883531c,CONFIRMED_APPLIED,APPLIED,1,0,1,4125.830221,,0,0,,
b4b_durable_workflow_at_most_once-none-payments-649b1800-r13,p0,B4B_DURABLE_WORKFLOW_AT_MOST_ONCE,none,payments,AUTHORITATIVE_READBACK,CALLER_REFERENCE,a903fb03-5951-4d1a-aed3-d362b0c71cad,CONFIRMED_APPLIED,APPLIED,1,0,1,3525.48253,,0,0,,
b4b_durable_workflow_at_most_once-none-payments-649b1800-r13,p0,B4B_DURABLE_WORKFLOW_AT_MOST_ONCE,none,payments,AUTHORITATIVE_READBACK,CALLER_REFERENCE,c4a8acc2-815f-44c0-9bde-4d7dd4126eaa,UNVERIFIED_FAILURE,FAILED,1,0,1,7030.130411,,0,1,,
b4b_durable_workflow_at_most_once-none-payments-649b1800-r13,p0,B4B_DURABLE_WORKFLOW_AT_MOST_ONCE,none,payments,AUTHORITATIVE_READBACK,CALLER_REFERENCE,fe731962-b61f-410e-98b4-a478bbc9220d,CONFIRMED_APPLIED,APPLIED,1,0,1,3833.187079,,0,0,,
b4b_durable_workflow_at_most_once-none-payments-649b1800-r13,p0,B4B_DURABLE_WORKFLOW_AT_MOST_ONCE,none,payments,AUTHORITATIVE_READBACK,CALLER_REFERENCE,fb314c34-bb4d-4d1b-9319-bcac7cdc66df,CONFIRMED_APPLIED,APPLIED,1,0,1,4083.732786,,0,0,,
b4b_durable_workflow_at_most_once-none-payments-649b1800-r13,p0,B4B_DURABLE_WORKFLOW_AT_MOST_ONCE,none,payments,AUTHORITATIVE_READBACK,CALLER_REFERENCE,ac8226ed-7ac5-44a8-b81b-ec3d19f8369c,CONFIRMED_APPLIED,APPLIED,1,0,1,4022.42473,,0,0,,
b4b_durable_workflow_at_most_once-none-payments-649b1800-r14,p0,B4B_DURABLE_WORKFLOW_AT_MOST_ONCE,none,payments,AUTHORITATIVE_READBACK,CALLER_REFERENCE,79ffffd3-5070-44f9-915b-9566d3fdab4e,CONFIRMED_APPLIED,APPLIED,1,0,1,4196.608484,,0,0,,
b4b_durable_workflow_at_most_once-none-payments-649b1800-r14,p0,B4B_DURABLE_WORKFLOW_AT_MOST_ONCE,none,payments,AUTHORITATIVE_READBACK,CALLER_REFERENCE,8b914629-ab0b-4856-954d-e2d1e23fd150,CONFIRMED_APPLIED,APPLIED,1,0,1,4028.426242,,0,0,,
b4b_durable_workflow_at_most_once-none-payments-649b1800-r14,p0,B4B_DURABLE_WORKFLOW_AT_MOST_ONCE,none,payments,AUTHORITATIVE_READBACK,CALLER_REFERENCE,953cc812-840f-4a9d-a71f-b8603fbf9a72,CONFIRMED_APPLIED,APPLIED,1,0,1,3922.826726,,0,0,,
b4b_durable_workflow_at_most_once-none-payments-649b1800-r14,p0,B4B_DURABLE_WORKFLOW_AT_MOST_ONCE,none,payments,AUTHORITATIVE_READBACK,CALLER_REFERENCE,d30c973c-755b-47d3-ab16-3757417d06e0,CONFIRMED_APPLIED,APPLIED,1,0,1,4019.573257,,0,0,,
b4b_durable_workflow_at_most_once-none-payments-649b1800-r14,p0,B4B_DURABLE_WORKFLOW_AT_MOST_ONCE,none,payments,AUTHORITATIVE_READBACK,CALLER_REFERENCE,e1bc5688-9790-4c44-b615-896d484ff705,CONFIRMED_APPLIED,APPLIED,1,0,1,3821.03969,,0,0,,
b4b_durable_workflow_at_most_once-none-payments-649b1800-r14,p0,B4B_DURABLE_WORKFLOW_AT_MOST_ONCE,none,payments,AUTHORITATIVE_READBACK,CALLER_REFERENCE,c3412f58-c06e-4f80-93e8-bb2b4094b538,CONFIRMED_APPLIED,APPLIED,1,0,1,4196.545902,,0,0,,
b4b_durable_workflow_at_most_once-none-payments-649b1800-r14,p0,B4B_DURABLE_WORKFLOW_AT_MOST_ONCE,none,payments,AUTHORITATIVE_READBACK,CALLER_REFERENCE,f9a16d1e-98f8-4eea-9b45-e5a55fd37d47,CONFIRMED_APPLIED,APPLIED,1,0,1,4028.425683,,0,0,,
b4b_durable_workflow_at_most_once-none-payments-649b1800-r14,p0,B4B_DURABLE_WORKFLOW_AT_MOST_ONCE,none,payments,AUTHORITATIVE_READBACK,CALLER_REFERENCE,e0f07df9-b68c-446c-9ba0-548b608635de,CONFIRMED_APPLIED,APPLIED,1,0,1,3922.748223,,0,0,,
b4b_durable_workflow_at_most_once-none-payments-649b1800-r14,p0,B4B_DURABLE_WORKFLOW_AT_MOST_ONCE,none,payments,AUTHORITATIVE_READBACK,CALLER_REFERENCE,507fe6fe-39af-4989-9013-d1526629455b,CONFIRMED_APPLIED,APPLIED,1,0,1,4019.677624,,0,0,,
b4b_durable_workflow_at_most_once-none-payments-649b1800-r14,p0,B4B_DURABLE_WORKFLOW_AT_MOST_ONCE,none,payments,AUTHORITATIVE_READBACK,CALLER_REFERENCE,f1833134-4a6e-464d-81c5-26bb5b8cd1b4,CONFIRMED_APPLIED,APPLIED,1,0,1,3821.120955,,0,0,,
b4b_durable_workflow_at_most_once-none-payments-649b1800-r2,p0,B4B_DURABLE_WORKFLOW_AT_MOST_ONCE,none,payments,AUTHORITATIVE_READBACK,CALLER_REFERENCE,ba1650e7-382a-42f8-b3c0-06b0ecc905a8,CONFIRMED_APPLIED,APPLIED,1,0,1,4252.695622,,0,0,,
b4b_durable_workflow_at_most_once-none-payments-649b1800-r2,p0,B4B_DURABLE_WORKFLOW_AT_MOST_ONCE,none,payments,AUTHORITATIVE_READBACK,CALLER_REFERENCE,558c98e6-7efd-4d73-ab34-26d061ef76b9,CONFIRMED_APPLIED,APPLIED,1,0,1,4007.973985,,0,0,,
b4b_durable_workflow_at_most_once-none-payments-649b1800-r2,p0,B4B_DURABLE_WORKFLOW_AT_MOST_ONCE,none,payments,AUTHORITATIVE_READBACK,CALLER_REFERENCE,28a16113-198b-4e12-bada-0fa9fee3f150,CONFIRMED_APPLIED,APPLIED,1,0,1,4010.818957,,0,0,,
b4b_durable_workflow_at_most_once-none-payments-649b1800-r2,p0,B4B_DURABLE_WORKFLOW_AT_MOST_ONCE,none,payments,AUTHORITATIVE_READBACK,CALLER_REFERENCE,59ee3cc4-91db-4391-8ff4-8b8048fc41fc,CONFIRMED_APPLIED,APPLIED,1,0,1,4014.564091,,0,0,,
b4b_durable_workflow_at_most_once-none-payments-649b1800-r2,p0,B4B_DURABLE_WORKFLOW_AT_MOST_ONCE,none,payments,AUTHORITATIVE_READBACK,CALLER_REFERENCE,6be7b1f5-b0c0-47c1-9473-34405e92eb7a,UNVERIFIED_FAILURE,FAILED,1,0,1,6848.282367,,0,1,,
b4b_durable_workflow_at_most_once-none-payments-649b1800-r2,p0,B4B_DURABLE_WORKFLOW_AT_MOST_ONCE,none,payments,AUTHORITATIVE_READBACK,CALLER_REFERENCE,9776cf50-e0f4-42d2-9b06-2bf53cbd1a5b,CONFIRMED_APPLIED,APPLIED,1,0,1,4252.347269,,0,0,,
b4b_durable_workflow_at_most_once-none-payments-649b1800-r2,p0,B4B_DURABLE_WORKFLOW_AT_MOST_ONCE,none,payments,AUTHORITATIVE_READBACK,CALLER_REFERENCE,ec7337ed-cce9-43fb-a87e-0b42308651e3,CONFIRMED_APPLIED,APPLIED,1,0,1,4007.850348,,0,0,,
b4b_durable_workflow_at_most_once-none-payments-649b1800-r2,p0,B4B_DURABLE_WORKFLOW_AT_MOST_ONCE,none,payments,AUTHORITATIVE_READBACK,CALLER_REFERENCE,262bad5a-ca31-453a-b1f8-7622b47b0db6,CONFIRMED_APPLIED,APPLIED,1,0,1,4012.50531,,0,0,,
b4b_durable_workflow_at_most_once-none-payments-649b1800-r2,p0,B4B_DURABLE_WORKFLOW_AT_MOST_ONCE,none,payments,AUTHORITATIVE_READBACK,CALLER_REFERENCE,04fd7bdb-9c30-421d-a8bf-98aa313f0a13,CONFIRMED_APPLIED,APPLIED,1,0,1,4014.143582,,0,0,,
b4b_durable_workflow_at_most_once-none-payments-649b1800-r2,p0,B4B_DURABLE_WORKFLOW_AT_MOST_ONCE,none,payments,AUTHORITATIVE_READBACK,CALLER_REFERENCE,2aa85c38-78ba-44f2-be0b-66739204ebc2,CONFIRMED_APPLIED,APPLIED,1,0,1,3919.599329,,0,0,,
b4b_durable_workflow_at_most_once-none-payments-649b1800-r3,p0,B4B_DURABLE_WORKFLOW_AT_MOST_ONCE,none,payments,AUTHORITATIVE_READBACK,CALLER_REFERENCE,dcd4bdd8-38b3-40e9-989c-8e350e58b4ef,UNVERIFIED_FAILURE,FAILED,1,0,1,6199.49985,,0,1,,
b4b_durable_workflow_at_most_once-none-payments-649b1800-r3,p0,B4B_DURABLE_WORKFLOW_AT_MOST_ONCE,none,payments,AUTHORITATIVE_READBACK,CALLER_REFERENCE,de494311-cc05-4ba9-8e19-5f42765eb4f4,CONFIRMED_APPLIED,APPLIED,1,0,1,4056.805647,,0,0,,
b4b_durable_workflow_at_most_once-none-payments-649b1800-r3,p0,B4B_DURABLE_WORKFLOW_AT_MOST_ONCE,none,payments,AUTHORITATIVE_READBACK,CALLER_REFERENCE,c36a34e5-1543-4b04-a87e-8b60915d9e44,UNVERIFIED_FAILURE,FAILED,1,0,1,7092.629959,,0,1,,
b4b_durable_workflow_at_most_once-none-payments-649b1800-r3,p0,B4B_DURABLE_WORKFLOW_AT_MOST_ONCE,none,payments,AUTHORITATIVE_READBACK,CALLER_REFERENCE,81e9b125-2999-46ec-ac2b-791a223074dc,CONFIRMED_APPLIED,APPLIED,1,0,1,4014.801474,,0,0,,
b4b_durable_workflow_at_most_once-none-payments-649b1800-r3,p0,B4B_DURABLE_WORKFLOW_AT_MOST_ONCE,none,payments,AUTHORITATIVE_READBACK,CALLER_REFERENCE,a0e3d125-1167-4d8e-a689-bf94ca7dcd2a,UNVERIFIED_FAILURE,FAILED,1,0,1,6924.245908,,0,1,,
b4b_durable_workflow_at_most_once-none-payments-649b1800-r3,p0,B4B_DURABLE_WORKFLOW_AT_MOST_ONCE,none,payments,AUTHORITATIVE_READBACK,CALLER_REFERENCE,71f21cf6-f28b-4e7d-9cc7-3facf0cd7359,CONFIRMED_APPLIED,APPLIED,1,0,1,3283.584426,,0,0,,
b4b_durable_workflow_at_most_once-none-payments-649b1800-r3,p0,B4B_DURABLE_WORKFLOW_AT_MOST_ONCE,none,payments,AUTHORITATIVE_READBACK,CALLER_REFERENCE,78207512-dec9-48f8-a532-30d5e1db3384,UNVERIFIED_FAILURE,FAILED,0,0,1,3836.818259,,0,0,,
b4b_durable_workflow_at_most_once-none-payments-649b1800-r3,p0,B4B_DURABLE_WORKFLOW_AT_MOST_ONCE,none,payments,AUTHORITATIVE_READBACK,CALLER_REFERENCE,4a6fc047-3f1d-493f-8ab5-01a225cac99b,UNVERIFIED_FAILURE,FAILED,1,0,1,7214.216711,,0,1,,
b4b_durable_workflow_at_most_once-none-payments-649b1800-r3,p0,B4B_DURABLE_WORKFLOW_AT_MOST_ONCE,none,payments,AUTHORITATIVE_READBACK,CALLER_REFERENCE,05824413-ca76-4e7f-b6ba-cb30437fa6ca,CONFIRMED_APPLIED,APPLIED,1,0,1,4015.5242,,0,0,,
b4b_durable_workflow_at_most_once-none-payments-649b1800-r3,p0,B4B_DURABLE_WORKFLOW_AT_MOST_ONCE,none,payments,AUTHORITATIVE_READBACK,CALLER_REFERENCE,4b98035f-ac34-453d-97c1-0e7a3dbc3c31,UNVERIFIED_FAILURE,FAILED,1,0,1,6923.927921,,0,1,,
b4b_durable_workflow_at_most_once-none-payments-649b1800-r4,p0,B4B_DURABLE_WORKFLOW_AT_MOST_ONCE,none,payments,AUTHORITATIVE_READBACK,CALLER_REFERENCE,2516b567-4b46-4c13-ad5d-69612f37c177,CONFIRMED_APPLIED,APPLIED,1,0,1,5076.8833,,0,0,,
b4b_durable_workflow_at_most_once-none-payments-649b1800-r4,p0,B4B_DURABLE_WORKFLOW_AT_MOST_ONCE,none,payments,AUTHORITATIVE_READBACK,CALLER_REFERENCE,40c5c168-da1b-4f83-8759-4ecab8efe0f1,CONFIRMED_APPLIED,APPLIED,1,0,1,3925.553224,,0,0,,
b4b_durable_workflow_at_most_once-none-payments-649b1800-r4,p0,B4B_DURABLE_WORKFLOW_AT_MOST_ONCE,none,payments,AUTHORITATIVE_READBACK,CALLER_REFERENCE,79bcd9a9-b553-4903-83dd-2537b153d1e9,CONFIRMED_APPLIED,APPLIED,1,0,1,4004.658576,,0,0,,
b4b_durable_workflow_at_most_once-none-payments-649b1800-r4,p0,B4B_DURABLE_WORKFLOW_AT_MOST_ONCE,none,payments,AUTHORITATIVE_READBACK,CALLER_REFERENCE,75794d94-a652-4da4-a61f-f9d38c615421,CONFIRMED_APPLIED,APPLIED,1,0,1,4018.942042,,0,0,,
b4b_durable_workflow_at_most_once-none-payments-649b1800-r4,p0,B4B_DURABLE_WORKFLOW_AT_MOST_ONCE,none,payments,AUTHORITATIVE_READBACK,CALLER_REFERENCE,db0e5219-8e9d-44dd-a627-9e2bebf8c27a,UNVERIFIED_FAILURE,FAILED,1,0,1,7025.574115,,0,1,,
b4b_durable_workflow_at_most_once-none-payments-649b1800-r4,p0,B4B_DURABLE_WORKFLOW_AT_MOST_ONCE,none,payments,AUTHORITATIVE_READBACK,CALLER_REFERENCE,c43be400-4729-415f-a581-0bda6e997a1e,CONFIRMED_APPLIED,APPLIED,1,0,1,5076.739006,,0,0,,
b4b_durable_workflow_at_most_once-none-payments-649b1800-r4,p0,B4B_DURABLE_WORKFLOW_AT_MOST_ONCE,none,payments,AUTHORITATIVE_READBACK,CALLER_REFERENCE,14e01efc-fd7d-43c1-9798-60036e4e8bf9,CONFIRMED_APPLIED,APPLIED,1,0,1,3924.996542,,0,0,,
b4b_durable_workflow_at_most_once-none-payments-649b1800-r4,p0,B4B_DURABLE_WORKFLOW_AT_MOST_ONCE,none,payments,AUTHORITATIVE_READBACK,CALLER_REFERENCE,53679301-bf65-4cb9-80cb-cf8ff8fee900,CONFIRMED_APPLIED,APPLIED,1,0,1,4005.083747,,0,0,,
b4b_durable_workflow_at_most_once-none-payments-649b1800-r4,p0,B4B_DURABLE_WORKFLOW_AT_MOST_ONCE,none,payments,AUTHORITATIVE_READBACK,CALLER_REFERENCE,420e5bf7-f4e9-449d-acf5-5c98a902685f,CONFIRMED_APPLIED,APPLIED,1,0,1,4018.657015,,0,0,,
b4b_durable_workflow_at_most_once-none-payments-649b1800-r4,p0,B4B_DURABLE_WORKFLOW_AT_MOST_ONCE,none,payments,AUTHORITATIVE_READBACK,CALLER_REFERENCE,b339e5a6-bc0e-44f8-ad35-12b1a7a58b38,CONFIRMED_APPLIED,APPLIED,1,0,1,4021.300975,,0,0,,
b4b_durable_workflow_at_most_once-none-payments-649b1800-r5,p0,B4B_DURABLE_WORKFLOW_AT_MOST_ONCE,none,payments,AUTHORITATIVE_READBACK,CALLER_REFERENCE,f0881f9b-e6e3-46b3-88c4-823d7a506342,CONFIRMED_APPLIED,APPLIED,1,0,1,3425.532848,,0,0,,
b4b_durable_workflow_at_most_once-none-payments-649b1800-r5,p0,B4B_DURABLE_WORKFLOW_AT_MOST_ONCE,none,payments,AUTHORITATIVE_READBACK,CALLER_REFERENCE,541cc8ef-22f0-4adb-b085-960b916a9b2f,CONFIRMED_APPLIED,APPLIED,1,0,1,3911.871333,,0,0,,
b4b_durable_workflow_at_most_once-none-payments-649b1800-r5,p0,B4B_DURABLE_WORKFLOW_AT_MOST_ONCE,none,payments,AUTHORITATIVE_READBACK,CALLER_REFERENCE,59c6a31e-b9ca-4488-8843-5c8561030e1f,UNVERIFIED_FAILURE,FAILED,1,0,1,7023.392652,,0,1,,
b4b_durable_workflow_at_most_once-none-payments-649b1800-r5,p0,B4B_DURABLE_WORKFLOW_AT_MOST_ONCE,none,payments,AUTHORITATIVE_READBACK,CALLER_REFERENCE,47780a7a-e4b9-4886-9d9c-dfb521cc8c2c,CONFIRMED_APPLIED,APPLIED,1,0,1,4017.597392,,0,0,,
b4b_durable_workflow_at_most_once-none-payments-649b1800-r5,p0,B4B_DURABLE_WORKFLOW_AT_MOST_ONCE,none,payments,AUTHORITATIVE_READBACK,CALLER_REFERENCE,efd1156c-e807-4aa2-96a7-db06e50e0254,UNVERIFIED_FAILURE,FAILED,1,0,1,7030.014577,,0,1,,
b4b_durable_workflow_at_most_once-none-payments-649b1800-r5,p0,B4B_DURABLE_WORKFLOW_AT_MOST_ONCE,none,payments,AUTHORITATIVE_READBACK,CALLER_REFERENCE,19f3a174-f88b-4f46-9d50-fc16f4eaa825,CONFIRMED_APPLIED,APPLIED,1,0,1,3426.333626,,0,0,,
b4b_durable_workflow_at_most_once-none-payments-649b1800-r5,p0,B4B_DURABLE_WORKFLOW_AT_MOST_ONCE,none,payments,AUTHORITATIVE_READBACK,CALLER_REFERENCE,50e18801-0f4c-41f9-b6dc-9e8abc3e3106,CONFIRMED_APPLIED,APPLIED,1,0,1,3911.725107,,0,0,,
b4b_durable_workflow_at_most_once-none-payments-649b1800-r5,p0,B4B_DURABLE_WORKFLOW_AT_MOST_ONCE,none,payments,AUTHORITATIVE_READBACK,CALLER_REFERENCE,1b663bf1-195f-4fa0-aba1-2c1e80451bf3,CONFIRMED_APPLIED,APPLIED,1,0,1,4035.758481,,0,0,,
b4b_durable_workflow_at_most_once-none-payments-649b1800-r5,p0,B4B_DURABLE_WORKFLOW_AT_MOST_ONCE,none,payments,AUTHORITATIVE_READBACK,CALLER_REFERENCE,3f5b7366-543d-4a3c-a3f6-7cd715ce384e,CONFIRMED_APPLIED,APPLIED,1,0,1,3988.718786,,0,0,,
b4b_durable_workflow_at_most_once-none-payments-649b1800-r5,p0,B4B_DURABLE_WORKFLOW_AT_MOST_ONCE,none,payments,AUTHORITATIVE_READBACK,CALLER_REFERENCE,9de1f222-135e-4355-8def-39267f435dd9,CONFIRMED_APPLIED,APPLIED,1,0,1,4020.795349,,0,0,,
b4b_durable_workflow_at_most_once-none-payments-649b1800-r6,p0,B4B_DURABLE_WORKFLOW_AT_MOST_ONCE,none,payments,AUTHORITATIVE_READBACK,CALLER_REFERENCE,893aa477-96d7-4f3d-91e7-ed6825b43ddf,CONFIRMED_APPLIED,APPLIED,1,0,1,4017.770527,,0,0,,
b4b_durable_workflow_at_most_once-none-payments-649b1800-r6,p0,B4B_DURABLE_WORKFLOW_AT_MOST_ONCE,none,payments,AUTHORITATIVE_READBACK,CALLER_REFERENCE,0bbad0e9-c8d1-4eb6-a49d-76f84144b51e,CONFIRMED_APPLIED,APPLIED,1,0,1,4020.282116,,0,0,,
b4b_durable_workflow_at_most_once-none-payments-649b1800-r6,p0,B4B_DURABLE_WORKFLOW_AT_MOST_ONCE,none,payments,AUTHORITATIVE_READBACK,CALLER_REFERENCE,607f0f5c-68f8-40e6-a852-19870fb3174b,CONFIRMED_APPLIED,APPLIED,1,0,1,4017.876567,,0,0,,
b4b_durable_workflow_at_most_once-none-payments-649b1800-r6,p0,B4B_DURABLE_WORKFLOW_AT_MOST_ONCE,none,payments,AUTHORITATIVE_READBACK,CALLER_REFERENCE,d4cf279f-6583-4d59-a9c0-2b2a6d003acf,CONFIRMED_APPLIED,APPLIED,1,0,1,4012.175552,,0,0,,
b4b_durable_workflow_at_most_once-none-payments-649b1800-r6,p0,B4B_DURABLE_WORKFLOW_AT_MOST_ONCE,none,payments,AUTHORITATIVE_READBACK,CALLER_REFERENCE,adb7c332-2fab-4673-bdb3-34828c29a184,UNVERIFIED_FAILURE,FAILED,0,0,1,3912.222566,,0,0,,
b4b_durable_workflow_at_most_once-none-payments-649b1800-r6,p0,B4B_DURABLE_WORKFLOW_AT_MOST_ONCE,none,payments,AUTHORITATIVE_READBACK,CALLER_REFERENCE,2dc70020-3390-429f-8138-4d76a46908c4,CONFIRMED_APPLIED,APPLIED,1,0,1,4018.329008,,0,0,,
b4b_durable_workflow_at_most_once-none-payments-649b1800-r6,p0,B4B_DURABLE_WORKFLOW_AT_MOST_ONCE,none,payments,AUTHORITATIVE_READBACK,CALLER_REFERENCE,57b94fcc-43ff-453a-9d69-026d8a7409ed,CONFIRMED_APPLIED,APPLIED,1,0,1,4020.26085,,0,0,,
b4b_durable_workflow_at_most_once-none-payments-649b1800-r6,p0,B4B_DURABLE_WORKFLOW_AT_MOST_ONCE,none,payments,AUTHORITATIVE_READBACK,CALLER_REFERENCE,b4f3cbc7-809e-42f9-a2ae-d91bbb419d0d,CONFIRMED_APPLIED,APPLIED,1,0,1,4017.935651,,0,0,,
b4b_durable_workflow_at_most_once-none-payments-649b1800-r6,p0,B4B_DURABLE_WORKFLOW_AT_MOST_ONCE,none,payments,AUTHORITATIVE_READBACK,CALLER_REFERENCE,aa8f2a64-590c-45ca-91a4-1654f74afbb9,CONFIRMED_APPLIED,APPLIED,1,0,1,4012.123228,,0,0,,
b4b_durable_workflow_at_most_once-none-payments-649b1800-r6,p0,B4B_DURABLE_WORKFLOW_AT_MOST_ONCE,none,payments,AUTHORITATIVE_READBACK,CALLER_REFERENCE,d84ec183-a874-4079-9560-f1abf7c33d36,CONFIRMED_APPLIED,APPLIED,1,0,1,3912.073687,,0,0,,
b4b_durable_workflow_at_most_once-none-payments-649b1800-r7,p0,B4B_DURABLE_WORKFLOW_AT_MOST_ONCE,none,payments,AUTHORITATIVE_READBACK,CALLER_REFERENCE,1d7da23f-7fa8-4c79-911a-a2be4c814e61,CONFIRMED_APPLIED,APPLIED,1,0,1,3854.233636,,0,0,,
b4b_durable_workflow_at_most_once-none-payments-649b1800-r7,p0,B4B_DURABLE_WORKFLOW_AT_MOST_ONCE,none,payments,AUTHORITATIVE_READBACK,CALLER_REFERENCE,76bd8894-8dac-44f7-87e3-77fef1352ca9,CONFIRMED_APPLIED,APPLIED,1,0,1,4014.813238,,0,0,,
b4b_durable_workflow_at_most_once-none-payments-649b1800-r7,p0,B4B_DURABLE_WORKFLOW_AT_MOST_ONCE,none,payments,AUTHORITATIVE_READBACK,CALLER_REFERENCE,058806b9-dfd3-496b-b2fb-c798d1f58c5e,CONFIRMED_APPLIED,APPLIED,1,0,1,4029.913023,,0,0,,
b4b_durable_workflow_at_most_once-none-payments-649b1800-r7,p0,B4B_DURABLE_WORKFLOW_AT_MOST_ONCE,none,payments,AUTHORITATIVE_READBACK,CALLER_REFERENCE,17c72fad-81df-49ca-b06f-42669aad476e,UNVERIFIED_FAILURE,FAILED,0,0,1,3923.233905,,0,0,,
b4b_durable_workflow_at_most_once-none-payments-649b1800-r7,p0,B4B_DURABLE_WORKFLOW_AT_MOST_ONCE,none,payments,AUTHORITATIVE_READBACK,CALLER_REFERENCE,fabbca5b-4d18-47d3-a1bc-760c51082318,CONFIRMED_APPLIED,APPLIED,1,0,1,3870.023024,,0,0,,
b4b_durable_workflow_at_most_once-none-payments-649b1800-r7,p0,B4B_DURABLE_WORKFLOW_AT_MOST_ONCE,none,payments,AUTHORITATIVE_READBACK,CALLER_REFERENCE,150ad3c2-01aa-4d5a-a325-053e81e90859,UNVERIFIED_FAILURE,FAILED,0,0,1,3856.423077,,0,0,,
b4b_durable_workflow_at_most_once-none-payments-649b1800-r7,p0,B4B_DURABLE_WORKFLOW_AT_MOST_ONCE,none,payments,AUTHORITATIVE_READBACK,CALLER_REFERENCE,71d70799-0425-4ee8-b07d-b7c09e5b9491,CONFIRMED_APPLIED,APPLIED,1,0,1,4014.805346,,0,0,,
b4b_durable_workflow_at_most_once-none-payments-649b1800-r7,p0,B4B_DURABLE_WORKFLOW_AT_MOST_ONCE,none,payments,AUTHORITATIVE_READBACK,CALLER_REFERENCE,6af3e103-e428-48ca-93c8-b1bb0a9a5736,CONFIRMED_APPLIED,APPLIED,1,0,1,4029.885691,,0,0,,
b4b_durable_workflow_at_most_once-none-payments-649b1800-r7,p0,B4B_DURABLE_WORKFLOW_AT_MOST_ONCE,none,payments,AUTHORITATIVE_READBACK,CALLER_REFERENCE,87576360-d1d9-4169-86de-dd0b27f1329e,CONFIRMED_APPLIED,APPLIED,1,0,1,3923.410361,,0,0,,
b4b_durable_workflow_at_most_once-none-payments-649b1800-r7,p0,B4B_DURABLE_WORKFLOW_AT_MOST_ONCE,none,payments,AUTHORITATIVE_READBACK,CALLER_REFERENCE,ba596a1e-a2a2-40cf-84e4-97f85fed6d98,UNVERIFIED_FAILURE,FAILED,1,0,1,7032.334614,,0,1,,
b4b_durable_workflow_at_most_once-none-payments-649b1800-r8,p0,B4B_DURABLE_WORKFLOW_AT_MOST_ONCE,none,payments,AUTHORITATIVE_READBACK,CALLER_REFERENCE,83b6bd0d-bc99-49c8-991c-1091e0b8aab2,CONFIRMED_APPLIED,APPLIED,1,0,1,4074.567529,,0,0,,
b4b_durable_workflow_at_most_once-none-payments-649b1800-r8,p0,B4B_DURABLE_WORKFLOW_AT_MOST_ONCE,none,payments,AUTHORITATIVE_READBACK,CALLER_REFERENCE,f94348e8-1582-4b28-b1f5-796dec2891b7,CONFIRMED_APPLIED,APPLIED,1,0,1,4022.579628,,0,0,,
b4b_durable_workflow_at_most_once-none-payments-649b1800-r8,p0,B4B_DURABLE_WORKFLOW_AT_MOST_ONCE,none,payments,AUTHORITATIVE_READBACK,CALLER_REFERENCE,45396a32-381d-4cf3-9588-469f3c84ff0d,CONFIRMED_APPLIED,APPLIED,1,0,1,3919.776699,,0,0,,
b4b_durable_workflow_at_most_once-none-payments-649b1800-r8,p0,B4B_DURABLE_WORKFLOW_AT_MOST_ONCE,none,payments,AUTHORITATIVE_READBACK,CALLER_REFERENCE,f66e420b-1532-496d-b548-e7c6d9c55eac,CONFIRMED_APPLIED,APPLIED,1,0,1,3913.886472,,0,0,,
b4b_durable_workflow_at_most_once-none-payments-649b1800-r8,p0,B4B_DURABLE_WORKFLOW_AT_MOST_ONCE,none,payments,AUTHORITATIVE_READBACK,CALLER_REFERENCE,2cbdd595-d756-436b-a103-f849eefa6d8f,UNVERIFIED_FAILURE,FAILED,1,0,1,7137.237594,,0,1,,
b4b_durable_workflow_at_most_once-none-payments-649b1800-r8,p0,B4B_DURABLE_WORKFLOW_AT_MOST_ONCE,none,payments,AUTHORITATIVE_READBACK,CALLER_REFERENCE,608a3161-5ed0-444a-9218-66f49a6176f7,UNVERIFIED_FAILURE,FAILED,1,0,1,7093.212285,,0,1,,
b4b_durable_workflow_at_most_once-none-payments-649b1800-r8,p0,B4B_DURABLE_WORKFLOW_AT_MOST_ONCE,none,payments,AUTHORITATIVE_READBACK,CALLER_REFERENCE,7b799e34-c2ca-4bbb-8433-e0b0b71d2d6c,UNVERIFIED_FAILURE,FAILED,0,0,1,3919.611152,,0,0,,
b4b_durable_workflow_at_most_once-none-payments-649b1800-r8,p0,B4B_DURABLE_WORKFLOW_AT_MOST_ONCE,none,payments,AUTHORITATIVE_READBACK,CALLER_REFERENCE,b617583e-70a5-413f-96d3-b64347da6fd6,CONFIRMED_APPLIED,APPLIED,1,0,1,3875.501755,,0,0,,
b4b_durable_workflow_at_most_once-none-payments-649b1800-r8,p0,B4B_DURABLE_WORKFLOW_AT_MOST_ONCE,none,payments,AUTHORITATIVE_READBACK,CALLER_REFERENCE,8082dd46-bff9-464b-b675-aed608dda7c4,CONFIRMED_APPLIED,APPLIED,1,0,1,4167.422706,,0,0,,
b4b_durable_workflow_at_most_once-none-payments-649b1800-r8,p0,B4B_DURABLE_WORKFLOW_AT_MOST_ONCE,none,payments,AUTHORITATIVE_READBACK,CALLER_REFERENCE,9d8709ea-7d8d-45e1-beb4-2b6d2d1f480a,CONFIRMED_APPLIED,APPLIED,1,0,1,4013.296131,,0,0,,
b4b_durable_workflow_at_most_once-none-payments-649b1800-r9,p0,B4B_DURABLE_WORKFLOW_AT_MOST_ONCE,none,payments,AUTHORITATIVE_READBACK,CALLER_REFERENCE,dc36c174-ecc9-41f9-a546-31f1a9592d7e,CONFIRMED_APPLIED,APPLIED,1,0,1,3629.462005,,0,0,,
b4b_durable_workflow_at_most_once-none-payments-649b1800-r9,p0,B4B_DURABLE_WORKFLOW_AT_MOST_ONCE,none,payments,AUTHORITATIVE_READBACK,CALLER_REFERENCE,21f3cb5c-3b58-44ec-9d3a-c45fa07add39,CONFIRMED_APPLIED,APPLIED,1,0,1,3839.755037,,0,0,,
b4b_durable_workflow_at_most_once-none-payments-649b1800-r9,p0,B4B_DURABLE_WORKFLOW_AT_MOST_ONCE,none,payments,AUTHORITATIVE_READBACK,CALLER_REFERENCE,9cacf7b3-0c1f-4d26-b520-ddd53b84b936,CONFIRMED_APPLIED,APPLIED,1,0,1,4187.414011,,0,0,,
b4b_durable_workflow_at_most_once-none-payments-649b1800-r9,p0,B4B_DURABLE_WORKFLOW_AT_MOST_ONCE,none,payments,AUTHORITATIVE_READBACK,CALLER_REFERENCE,ceca831f-6f3c-4c54-bcb1-d4edcae3e815,UNVERIFIED_FAILURE,FAILED,1,0,1,6927.222122,,0,1,,
b4b_durable_workflow_at_most_once-none-payments-649b1800-r9,p0,B4B_DURABLE_WORKFLOW_AT_MOST_ONCE,none,payments,AUTHORITATIVE_READBACK,CALLER_REFERENCE,abcef9b0-725f-491a-add5-3464261e7649,CONFIRMED_APPLIED,APPLIED,1,0,1,4022.113701,,0,0,,
b4b_durable_workflow_at_most_once-none-payments-649b1800-r9,p0,B4B_DURABLE_WORKFLOW_AT_MOST_ONCE,none,payments,AUTHORITATIVE_READBACK,CALLER_REFERENCE,2d82af95-0955-4888-b108-2299cfa03088,UNVERIFIED_FAILURE,FAILED,1,0,1,6540.217607,,0,1,,
b4b_durable_workflow_at_most_once-none-payments-649b1800-r9,p0,B4B_DURABLE_WORKFLOW_AT_MOST_ONCE,none,payments,AUTHORITATIVE_READBACK,CALLER_REFERENCE,14865251-f9d1-4e24-a28f-9d7a48e608f2,UNVERIFIED_FAILURE,FAILED,1,0,1,7126.763567,,0,1,,
b4b_durable_workflow_at_most_once-none-payments-649b1800-r9,p0,B4B_DURABLE_WORKFLOW_AT_MOST_ONCE,none,payments,AUTHORITATIVE_READBACK,CALLER_REFERENCE,727af0d2-f5f1-4c4b-a8da-f800031f4948,CONFIRMED_APPLIED,APPLIED,1,0,1,3838.954437,,0,0,,
b4b_durable_workflow_at_most_once-none-payments-649b1800-r9,p0,B4B_DURABLE_WORKFLOW_AT_MOST_ONCE,none,payments,AUTHORITATIVE_READBACK,CALLER_REFERENCE,d2ccb070-ee15-4643-ad3e-03c75ce2716a,UNVERIFIED_FAILURE,FAILED,1,0,1,7025.066543,,0,1,,
b4b_durable_workflow_at_most_once-none-payments-649b1800-r9,p0,B4B_DURABLE_WORKFLOW_AT_MOST_ONCE,none,payments,AUTHORITATIVE_READBACK,CALLER_REFERENCE,6ea30f06-caca-43bf-9874-a9f104048420,UNVERIFIED_FAILURE,FAILED,1,0,1,7117.397763,,0,1,,
