run_id,regime,system,crash_point,endpoint,response_class,readback_keying,execution_id,outcome_class,status,applied_effects,crashed,dispatch_attempts,step_latency_ms,recovery_latency_ms,undetected_duplicate,lost_effect,redis_kill_latency_ms,durability_ack_observed
aep_full-after_barrier_before_dispatch-notifications-dc14659f-r0,crashed,AEP_FULL,after_barrier_before_dispatch,notifications,POSITIVE_ONLY_READBACK,ORACLE_FINGERPRINT,e5a6bb27-6f88-49d1-a673-e6515528ac17,DECLARED_AMBIGUOUS,FIRED_UNCONFIRMED,0,1,0,,149001.0,0,0,,1
aep_full-after_barrier_before_dispatch-notifications-dc14659f-r0,crashed,AEP_FULL,after_barrier_before_dispatch,notifications,POSITIVE_ONLY_READBACK,ORACLE_FINGERPRINT,32edaa7f-580c-4caa-8874-15ac68720a2d,DECLARED_AMBIGUOUS,FIRED_UNCONFIRMED,0,1,0,,143988.0,0,0,,1
aep_full-after_barrier_before_dispatch-notifications-dc14659f-r0,crashed,AEP_FULL,after_barrier_before_dispatch,notifications,POSITIVE_ONLY_READBACK,ORACLE_FINGERPRINT,e622891a-4ece-4fd7-9a57-c90185d845e1,DECLARED_AMBIGUOUS,FIRED_UNCONFIRMED,0,1,0,,139981.0,0,0,,1
aep_full-after_barrier_before_dispatch-notifications-dc14659f-r0,crashed,AEP_FULL,after_barrier_before_dispatch,notifications,POSITIVE_ONLY_READBACK,ORACLE_FINGERPRINT,9a4c150a-f7ee-4b68-be80-4f4035a394fd,DECLARED_AMBIGUOUS,FIRED_UNCONFIRMED,0,1,0,,135066.0,0,0,,1
aep_full-after_barrier_before_dispatch-notifications-dc14659f-r0,crashed,AEP_FULL,after_barrier_before_dispatch,notifications,POSITIVE_ONLY_READBACK,ORACLE_FINGERPRINT,19b33bf3-0df3-4f4e-adac-5033ff82a3a2,DECLARED_AMBIGUOUS,FIRED_UNCONFIRMED,0,1,0,,130988.0,0,0,,1
aep_full-after_barrier_before_dispatch-notifications-dc14659f-r0,crashed,AEP_FULL,after_barrier_before_dispatch,notifications,POSITIVE_ONLY_READBACK,ORACLE_FINGERPRINT,70dce3fa-7be6-4b49-a9af-8dadacad8c44,DECLARED_AMBIGUOUS,FIRED_UNCONFIRMED,0,1,0,,149018.0,0,0,,1
aep_full-after_barrier_before_dispatch-notifications-dc14659f-r0,crashed,AEP_FULL,after_barrier_before_dispatch,notifications,POSITIVE_ONLY_READBACK,ORACLE_FINGERPRINT,a3079096-c562-474c-95c2-b33f0c758149,DECLARED_AMBIGUOUS,FIRED_UNCONFIRMED,0,1,0,,144005.0,0,0,,1
aep_full-after_barrier_before_dispatch-notifications-dc14659f-r0,crashed,AEP_FULL,after_barrier_before_dispatch,notifications,POSITIVE_ONLY_READBACK,ORACLE_FINGERPRINT,8a50ecd0-c6eb-44b9-b11a-cb70c50bd3a3,DECLARED_AMBIGUOUS,FIRED_UNCONFIRMED,0,1,0,,139997.0,0,0,,1
aep_full-after_barrier_before_dispatch-notifications-dc14659f-r0,crashed,AEP_FULL,after_barrier_before_dispatch,notifications,POSITIVE_ONLY_READBACK,ORACLE_FINGERPRINT,548af1bc-b23f-45ce-afca-f550ab5d0fba,DECLARED_AMBIGUOUS,FIRED_UNCONFIRMED,0,1,0,,135080.0,0,0,,1
aep_full-after_barrier_before_dispatch-notifications-dc14659f-r0,crashed,AEP_FULL,after_barrier_before_dispatch,notifications,POSITIVE_ONLY_READBACK,ORACLE_FINGERPRINT,eab048c2-6f02-4d89-bea4-a133b0a3254a,DECLARED_AMBIGUOUS,FIRED_UNCONFIRMED,0,1,0,,131003.0,0,0,,1
aep_full-after_barrier_before_dispatch-notifications-dc14659f-r1,crashed,AEP_FULL,after_barrier_before_dispatch,notifications,POSITIVE_ONLY_READBACK,ORACLE_FINGERPRINT,fe66e9e8-ce0d-4974-9be3-c108fe35e243,DECLARED_AMBIGUOUS,FIRED_UNCONFIRMED,0,1,0,,150678.0,0,0,,1
aep_full-after_barrier_before_dispatch-notifications-dc14659f-r1,crashed,AEP_FULL,after_barrier_before_dispatch,notifications,POSITIVE_ONLY_READBACK,ORACLE_FINGERPRINT,7a9fa4c3-2d91-4dc6-86c0-72192a81db12,DECLARED_AMBIGUOUS,FIRED_UNCONFIRMED,0,1,0,,146664.0,0,0,,1
aep_full-after_barrier_before_dispatch-notifications-dc14659f-r1,crashed,AEP_FULL,after_barrier_before_dispatch,notifications,POSITIVE_ONLY_READBACK,ORACLE_FINGERPRINT,8b3f573b-dd93-47f9-b0c4-5d7b84e01d28,DECLARED_AMBIGUOUS,FIRED_UNCONFIRMED,0,1,0,,142747.0,0,0,,1
aep_full-after_barrier_before_dispatch-notifications-dc14659f-r1,crashed,AEP_FULL,after_barrier_before_dispatch,notifications,POSITIVE_ONLY_READBACK,ORACLE_FINGERPRINT,8d7dae97-a192-4b60-b20b-11cc2da88c2c,DECLARED_AMBIGUOUS,FIRED_UNCONFIRMED,0,1,0,,138738.0,0,0,,1
aep_full-after_barrier_before_dispatch-notifications-dc14659f-r1,crashed,AEP_FULL,after_barrier_before_dispatch,notifications,POSITIVE_ONLY_READBACK,ORACLE_FINGERPRINT,f8731589-9f2b-4fae-aa5b-d4347ad87acf,DECLARED_AMBIGUOUS,FIRED_UNCONFIRMED,0,1,0,,131800.0,0,0,,1
aep_full-after_barrier_before_dispatch-notifications-dc14659f-r1,crashed,AEP_FULL,after_barrier_before_dispatch,notifications,POSITIVE_ONLY_READBACK,ORACLE_FINGERPRINT,b63d56aa-1da9-45e8-be63-6a82e1b07713,DECLARED_AMBIGUOUS,FIRED_UNCONFIRMED,0,1,0,,150686.0,0,0,,1
aep_full-after_barrier_before_dispatch-notifications-dc14659f-r1,crashed,AEP_FULL,after_barrier_before_dispatch,notifications,POSITIVE_ONLY_READBACK,ORACLE_FINGERPRINT,880b20a7-06b0-4e2b-8256-b98961610385,DECLARED_AMBIGUOUS,FIRED_UNCONFIRMED,0,1,0,,146675.0,0,0,,1
aep_full-after_barrier_before_dispatch-notifications-dc14659f-r1,crashed,AEP_FULL,after_barrier_before_dispatch,notifications,POSITIVE_ONLY_READBACK,ORACLE_FINGERPRINT,e8556897-ac0b-490f-9e5a-740bf2e64aaf,DECLARED_AMBIGUOUS,FIRED_UNCONFIRMED,0,1,0,,142755.0,0,0,,1
aep_full-after_barrier_before_dispatch-notifications-dc14659f-r1,crashed,AEP_FULL,after_barrier_before_dispatch,notifications,POSITIVE_ONLY_READBACK,ORACLE_FINGERPRINT,c6ee8048-76a9-4c20-95ea-6267e9f0a939,DECLARED_AMBIGUOUS,PERMANENTLY_AMBIGUOUS,0,1,0,,138750.0,0,0,,1
aep_full-after_barrier_before_dispatch-notifications-dc14659f-r1,crashed,AEP_FULL,after_barrier_before_dispatch,notifications,POSITIVE_ONLY_READBACK,ORACLE_FINGERPRINT,d1db9c39-577d-4f84-8c7c-add98293ff50,DECLARED_AMBIGUOUS,FIRED_UNCONFIRMED,0,1,0,,131810.0,0,0,,1
aep_full-after_barrier_before_dispatch-notifications-dc14659f-r10,crashed,AEP_FULL,after_barrier_before_dispatch,notifications,POSITIVE_ONLY_READBACK,ORACLE_FINGERPRINT,b9fbb425-03a5-47ef-bf1f-056a95b2a63b,DECLARED_AMBIGUOUS,FIRED_UNCONFIRMED,0,1,0,,151625.0,0,0,,1
aep_full-after_barrier_before_dispatch-notifications-dc14659f-r10,crashed,AEP_FULL,after_barrier_before_dispatch,notifications,POSITIVE_ONLY_READBACK,ORACLE_FINGERPRINT,d219339e-fa35-4194-8d3f-3bb7d7ac1b0e,DECLARED_AMBIGUOUS,FIRED_UNCONFIRMED,0,1,0,,144655.0,0,0,,1
aep_full-after_barrier_before_dispatch-notifications-dc14659f-r10,crashed,AEP_FULL,after_barrier_before_dispatch,notifications,POSITIVE_ONLY_READBACK,ORACLE_FINGERPRINT,52a2c40a-9f0d-44a2-820a-5a04b5bd582c,DECLARED_AMBIGUOUS,FIRED_UNCONFIRMED,0,1,0,,140642.0,0,0,,1
aep_full-after_barrier_before_dispatch-notifications-dc14659f-r10,crashed,AEP_FULL,after_barrier_before_dispatch,notifications,POSITIVE_ONLY_READBACK,ORACLE_FINGERPRINT,ef32a817-a804-4cad-bd7d-3ef535b101e5,DECLARED_AMBIGUOUS,FIRED_UNCONFIRMED,0,1,0,,135723.0,0,0,,1
aep_full-after_barrier_before_dispatch-notifications-dc14659f-r10,crashed,AEP_FULL,after_barrier_before_dispatch,notifications,POSITIVE_ONLY_READBACK,ORACLE_FINGERPRINT,c9d7159a-6a0f-439e-a056-979c307cc37e,DECLARED_AMBIGUOUS,FIRED_UNCONFIRMED,0,1,0,,131609.0,0,0,,1
aep_full-after_barrier_before_dispatch-notifications-dc14659f-r10,crashed,AEP_FULL,after_barrier_before_dispatch,notifications,POSITIVE_ONLY_READBACK,ORACLE_FINGERPRINT,9456d046-2db4-408d-b66e-33924c9a8a85,DECLARED_AMBIGUOUS,FIRED_UNCONFIRMED,0,1,0,,151632.0,0,0,,1
aep_full-after_barrier_before_dispatch-notifications-dc14659f-r10,crashed,AEP_FULL,after_barrier_before_dispatch,notifications,POSITIVE_ONLY_READBACK,ORACLE_FINGERPRINT,f6b11b4d-4961-4d6e-b0ea-8e51cba13307,DECLARED_AMBIGUOUS,FIRED_UNCONFIRMED,0,1,0,,144664.0,0,0,,1
aep_full-after_barrier_before_dispatch-notifications-dc14659f-r10,crashed,AEP_FULL,after_barrier_before_dispatch,notifications,POSITIVE_ONLY_READBACK,ORACLE_FINGERPRINT,fe4a5e2a-2374-4707-82c4-a85204b98141,DECLARED_AMBIGUOUS,FIRED_UNCONFIRMED,0,1,0,,140650.0,0,0,,1
aep_full-after_barrier_before_dispatch-notifications-dc14659f-r10,crashed,AEP_FULL,after_barrier_before_dispatch,notifications,POSITIVE_ONLY_READBACK,ORACLE_FINGERPRINT,890680fc-d50d-4a8e-adf6-fc7d4c12d63f,DECLARED_AMBIGUOUS,FIRED_UNCONFIRMED,0,1,0,,135731.0,0,0,,1
aep_full-after_barrier_before_dispatch-notifications-dc14659f-r10,crashed,AEP_FULL,after_barrier_before_dispatch,notifications,POSITIVE_ONLY_READBACK,ORACLE_FINGERPRINT,a0d38269-c77a-42b2-bec7-da0eda3dcad0,DECLARED_AMBIGUOUS,FIRED_UNCONFIRMED,0,1,0,,131616.0,0,0,,1
aep_full-after_barrier_before_dispatch-notifications-dc14659f-r11,crashed,AEP_FULL,after_barrier_before_dispatch,notifications,POSITIVE_ONLY_READBACK,ORACLE_FINGERPRINT,6f89dc56-9cb1-4de8-a559-7251356d889d,DECLARED_AMBIGUOUS,FIRED_UNCONFIRMED,0,1,0,,141544.0,0,0,,1
aep_full-after_barrier_before_dispatch-notifications-dc14659f-r11,crashed,AEP_FULL,after_barrier_before_dispatch,notifications,POSITIVE_ONLY_READBACK,ORACLE_FINGERPRINT,c4927da3-4824-474e-8d4d-d1686de52deb,DECLARED_AMBIGUOUS,FIRED_UNCONFIRMED,0,1,0,,136585.0,0,0,,1
aep_full-after_barrier_before_dispatch-notifications-dc14659f-r11,crashed,AEP_FULL,after_barrier_before_dispatch,notifications,POSITIVE_ONLY_READBACK,ORACLE_FINGERPRINT,70111eea-1685-4e0a-85f4-3048d14f3d8c,DECLARED_AMBIGUOUS,FIRED_UNCONFIRMED,0,1,0,,131752.0,0,0,,1
aep_full-after_barrier_before_dispatch-notifications-dc14659f-r11,crashed,AEP_FULL,after_barrier_before_dispatch,notifications,POSITIVE_ONLY_READBACK,ORACLE_FINGERPRINT,77992534-d1e7-4001-b03c-78ca3646cadf,DECLARED_AMBIGUOUS,FIRED_UNCONFIRMED,0,1,0,,126628.0,0,0,,1
aep_full-after_barrier_before_dispatch-notifications-dc14659f-r11,crashed,AEP_FULL,after_barrier_before_dispatch,notifications,POSITIVE_ONLY_READBACK,ORACLE_FINGERPRINT,3b7be935-8633-4df2-a90d-358c8b9bdccf,DECLARED_AMBIGUOUS,FIRED_UNCONFIRMED,0,1,0,,122512.0,0,0,,1
aep_full-after_barrier_before_dispatch-notifications-dc14659f-r11,crashed,AEP_FULL,after_barrier_before_dispatch,notifications,POSITIVE_ONLY_READBACK,ORACLE_FINGERPRINT,19e8e1fd-d182-4412-a694-6a54f0044378,DECLARED_AMBIGUOUS,FIRED_UNCONFIRMED,0,1,0,,140523.0,0,0,,1
aep_full-after_barrier_before_dispatch-notifications-dc14659f-r11,crashed,AEP_FULL,after_barrier_before_dispatch,notifications,POSITIVE_ONLY_READBACK,ORACLE_FINGERPRINT,3e44b273-c582-437b-86c0-eed0eb90c427,DECLARED_AMBIGUOUS,FIRED_UNCONFIRMED,0,1,0,,135160.0,0,0,,1
aep_full-after_barrier_before_dispatch-notifications-dc14659f-r11,crashed,AEP_FULL,after_barrier_before_dispatch,notifications,POSITIVE_ONLY_READBACK,ORACLE_FINGERPRINT,c75ba06b-a6ff-4937-9dcd-c7548e2359bc,DECLARED_AMBIGUOUS,FIRED_UNCONFIRMED,0,1,0,,130520.0,0,0,,1
aep_full-after_barrier_before_dispatch-notifications-dc14659f-r11,crashed,AEP_FULL,after_barrier_before_dispatch,notifications,POSITIVE_ONLY_READBACK,ORACLE_FINGERPRINT,d3dd1d05-03ac-4fa3-80e4-3b8af49424df,DECLARED_AMBIGUOUS,FIRED_UNCONFIRMED,0,1,0,,125718.0,0,0,,1
aep_full-after_barrier_before_dispatch-notifications-dc14659f-r11,crashed,AEP_FULL,after_barrier_before_dispatch,notifications,POSITIVE_ONLY_READBACK,ORACLE_FINGERPRINT,9f03d36d-6a6d-4372-8b7d-f23c26cb6c1c,DECLARED_AMBIGUOUS,FIRED_UNCONFIRMED,0,1,0,,121691.0,0,0,,1
aep_full-after_barrier_before_dispatch-notifications-dc14659f-r12,crashed,AEP_FULL,after_barrier_before_dispatch,notifications,POSITIVE_ONLY_READBACK,ORACLE_FINGERPRINT,2b35ca0b-7b8b-4a94-a4fa-b3b42e890150,DECLARED_AMBIGUOUS,FIRED_UNCONFIRMED,0,1,0,,145131.0,0,0,,1
aep_full-after_barrier_before_dispatch-notifications-dc14659f-r12,crashed,AEP_FULL,after_barrier_before_dispatch,notifications,POSITIVE_ONLY_READBACK,ORACLE_FINGERPRINT,d8bf788d-9161-442d-a785-fe661056d18b,DECLARED_AMBIGUOUS,FIRED_UNCONFIRMED,0,1,0,,139209.0,0,0,,1
aep_full-after_barrier_before_dispatch-notifications-dc14659f-r12,crashed,AEP_FULL,after_barrier_before_dispatch,notifications,POSITIVE_ONLY_READBACK,ORACLE_FINGERPRINT,6a4c5974-3796-4b21-801a-6fd776ebe571,DECLARED_AMBIGUOUS,FIRED_UNCONFIRMED,0,1,0,,134189.0,0,0,,1
aep_full-after_barrier_before_dispatch-notifications-dc14659f-r12,crashed,AEP_FULL,after_barrier_before_dispatch,notifications,POSITIVE_ONLY_READBACK,ORACLE_FINGERPRINT,d88cc4be-b0da-4b55-96a9-a4d64a9c2b62,DECLARED_AMBIGUOUS,FIRED_UNCONFIRMED,0,1,0,,127152.0,0,0,,1
aep_full-after_barrier_before_dispatch-notifications-dc14659f-r12,crashed,AEP_FULL,after_barrier_before_dispatch,notifications,POSITIVE_ONLY_READBACK,ORACLE_FINGERPRINT,637e3076-2aef-4f73-9355-06e3de2b1db4,DECLARED_AMBIGUOUS,FIRED_UNCONFIRMED,0,1,0,,121224.0,0,0,,1
aep_full-after_barrier_before_dispatch-notifications-dc14659f-r12,crashed,AEP_FULL,after_barrier_before_dispatch,notifications,POSITIVE_ONLY_READBACK,ORACLE_FINGERPRINT,479caa4c-1ee6-499f-a006-8775760dec99,DECLARED_AMBIGUOUS,FIRED_UNCONFIRMED,0,1,0,,145143.0,0,0,,1
aep_full-after_barrier_before_dispatch-notifications-dc14659f-r12,crashed,AEP_FULL,after_barrier_before_dispatch,notifications,POSITIVE_ONLY_READBACK,ORACLE_FINGERPRINT,2c828216-fb99-463d-bcd4-b0f15f60fa30,DECLARED_AMBIGUOUS,FIRED_UNCONFIRMED,0,1,0,,139219.0,0,0,,1
aep_full-after_barrier_before_dispatch-notifications-dc14659f-r12,crashed,AEP_FULL,after_barrier_before_dispatch,notifications,POSITIVE_ONLY_READBACK,ORACLE_FINGERPRINT,3e81ee54-0d62-44ec-8cba-958799b2b4f7,DECLARED_AMBIGUOUS,FIRED_UNCONFIRMED,0,1,0,,134201.0,0,0,,1
aep_full-after_barrier_before_dispatch-notifications-dc14659f-r12,crashed,AEP_FULL,after_barrier_before_dispatch,notifications,POSITIVE_ONLY_READBACK,ORACLE_FINGERPRINT,520d2809-31e2-4fd9-9484-5f0468be8f66,DECLARED_AMBIGUOUS,FIRED_UNCONFIRMED,0,1,0,,127167.0,0,0,,1
aep_full-after_barrier_before_dispatch-notifications-dc14659f-r12,crashed,AEP_FULL,after_barrier_before_dispatch,notifications,POSITIVE_ONLY_READBACK,ORACLE_FINGERPRINT,2b112250-6510-40f8-826c-e7a89ce77914,DECLARED_AMBIGUOUS,FIRED_UNCONFIRMED,0,1,0,,121238.0,0,0,,1
aep_full-after_barrier_before_dispatch-notifications-dc14659f-r13,crashed,AEP_FULL,after_barrier_before_dispatch,notifications,POSITIVE_ONLY_READBACK,ORACLE_FINGERPRINT,451fb6a9-1784-4802-ab87-d9a7656d939b,DECLARED_AMBIGUOUS,FIRED_UNCONFIRMED,0,1,0,,149389.0,0,0,,1
aep_full-after_barrier_before_dispatch-notifications-dc14659f-r13,crashed,AEP_FULL,after_barrier_before_dispatch,notifications,POSITIVE_ONLY_READBACK,ORACLE_FINGERPRINT,fa1aaf56-b993-4fa6-a708-2d679e6d5c49,DECLARED_AMBIGUOUS,FIRED_UNCONFIRMED,0,1,0,,141479.0,0,0,,1
aep_full-after_barrier_before_dispatch-notifications-dc14659f-r13,crashed,AEP_FULL,after_barrier_before_dispatch,notifications,POSITIVE_ONLY_READBACK,ORACLE_FINGERPRINT,7bd36b43-73ce-4667-bba3-4df76468d56d,DECLARED_AMBIGUOUS,FIRED_UNCONFIRMED,0,1,0,,134325.0,0,0,,1
aep_full-after_barrier_before_dispatch-notifications-dc14659f-r13,crashed,AEP_FULL,after_barrier_before_dispatch,notifications,POSITIVE_ONLY_READBACK,ORACLE_FINGERPRINT,d8bc0f90-b933-4fce-b977-a719fd6f744d,DECLARED_AMBIGUOUS,FIRED_UNCONFIRMED,0,1,0,,128408.0,0,0,,1
aep_full-after_barrier_before_dispatch-notifications-dc14659f-r13,crashed,AEP_FULL,after_barrier_before_dispatch,notifications,POSITIVE_ONLY_READBACK,ORACLE_FINGERPRINT,300ecb98-6394-4890-bc74-62da8af16690,DECLARED_AMBIGUOUS,FIRED_UNCONFIRMED,0,1,0,,121362.0,0,0,,1
aep_full-after_barrier_before_dispatch-notifications-dc14659f-r13,crashed,AEP_FULL,after_barrier_before_dispatch,notifications,POSITIVE_ONLY_READBACK,ORACLE_FINGERPRINT,4f01e921-d42d-45a4-87da-91ee21891f05,DECLARED_AMBIGUOUS,FIRED_UNCONFIRMED,0,1,0,,150320.0,0,0,,1
aep_full-after_barrier_before_dispatch-notifications-dc14659f-r13,crashed,AEP_FULL,after_barrier_before_dispatch,notifications,POSITIVE_ONLY_READBACK,ORACLE_FINGERPRINT,5a8a6764-81bb-4598-8899-8c7be07eb93c,DECLARED_AMBIGUOUS,FIRED_UNCONFIRMED,0,1,0,,142543.0,0,0,,1
aep_full-after_barrier_before_dispatch-notifications-dc14659f-r13,crashed,AEP_FULL,after_barrier_before_dispatch,notifications,POSITIVE_ONLY_READBACK,ORACLE_FINGERPRINT,1c8b8997-0078-4acd-90d1-d953b1998616,DECLARED_AMBIGUOUS,FIRED_UNCONFIRMED,0,1,0,,135354.0,0,0,,1
aep_full-after_barrier_before_dispatch-notifications-dc14659f-r13,crashed,AEP_FULL,after_barrier_before_dispatch,notifications,POSITIVE_ONLY_READBACK,ORACLE_FINGERPRINT,0ea5cfa2-750e-41ca-88ea-a2268f7d531d,DECLARED_AMBIGUOUS,FIRED_UNCONFIRMED,0,1,0,,129333.0,0,0,,1
aep_full-after_barrier_before_dispatch-notifications-dc14659f-r13,crashed,AEP_FULL,after_barrier_before_dispatch,notifications,POSITIVE_ONLY_READBACK,ORACLE_FINGERPRINT,554214f7-6b70-4659-a1ca-ec8d1aa016b9,DECLARED_AMBIGUOUS,FIRED_UNCONFIRMED,0,1,0,,122600.0,0,0,,1
aep_full-after_barrier_before_dispatch-notifications-dc14659f-r14,crashed,AEP_FULL,after_barrier_before_dispatch,notifications,POSITIVE_ONLY_READBACK,ORACLE_FINGERPRINT,13f12580-0665-4c29-9b9a-6dcce87db906,DECLARED_AMBIGUOUS,FIRED_UNCONFIRMED,0,1,0,,144862.0,0,0,,1
aep_full-after_barrier_before_dispatch-notifications-dc14659f-r14,crashed,AEP_FULL,after_barrier_before_dispatch,notifications,POSITIVE_ONLY_READBACK,ORACLE_FINGERPRINT,8aec2132-9da9-41e1-98a3-3de21f644af8,DECLARED_AMBIGUOUS,FIRED_UNCONFIRMED,0,1,0,,138836.0,0,0,,1
aep_full-after_barrier_before_dispatch-notifications-dc14659f-r14,crashed,AEP_FULL,after_barrier_before_dispatch,notifications,POSITIVE_ONLY_READBACK,ORACLE_FINGERPRINT,f9b13ee2-2438-4034-9997-8131c6fe6ed2,DECLARED_AMBIGUOUS,FIRED_UNCONFIRMED,0,1,0,,132915.0,0,0,,1
aep_full-after_barrier_before_dispatch-notifications-dc14659f-r14,crashed,AEP_FULL,after_barrier_before_dispatch,notifications,POSITIVE_ONLY_READBACK,ORACLE_FINGERPRINT,ae0f6370-e85f-4d74-aa55-10903ddc8a14,DECLARED_AMBIGUOUS,FIRED_UNCONFIRMED,0,1,0,,126887.0,0,0,,1
aep_full-after_barrier_before_dispatch-notifications-dc14659f-r14,crashed,AEP_FULL,after_barrier_before_dispatch,notifications,POSITIVE_ONLY_READBACK,ORACLE_FINGERPRINT,b8385253-31e0-4574-8af6-e80e2ab89462,DECLARED_AMBIGUOUS,FIRED_UNCONFIRMED,0,1,0,,120860.0,0,0,,1
aep_full-after_barrier_before_dispatch-notifications-dc14659f-r14,crashed,AEP_FULL,after_barrier_before_dispatch,notifications,POSITIVE_ONLY_READBACK,ORACLE_FINGERPRINT,6019c45e-12ff-4f48-9f2b-0beea622101e,DECLARED_AMBIGUOUS,FIRED_UNCONFIRMED,0,1,0,,145996.0,0,0,,1
aep_full-after_barrier_before_dispatch-notifications-dc14659f-r14,crashed,AEP_FULL,after_barrier_before_dispatch,notifications,POSITIVE_ONLY_READBACK,ORACLE_FINGERPRINT,add9d44c-79ee-4e7f-875d-2ae1611c1962,DECLARED_AMBIGUOUS,FIRED_UNCONFIRMED,0,1,0,,140854.0,0,0,,1
aep_full-after_barrier_before_dispatch-notifications-dc14659f-r14,crashed,AEP_FULL,after_barrier_before_dispatch,notifications,POSITIVE_ONLY_READBACK,ORACLE_FINGERPRINT,a2b9fe9a-5a88-41a1-81c8-acf4acee97a1,DECLARED_AMBIGUOUS,FIRED_UNCONFIRMED,0,1,0,,134932.0,0,0,,1
aep_full-after_barrier_before_dispatch-notifications-dc14659f-r14,crashed,AEP_FULL,after_barrier_before_dispatch,notifications,POSITIVE_ONLY_READBACK,ORACLE_FINGERPRINT,7275239a-58b8-443e-939e-42d8519d6cdd,DECLARED_AMBIGUOUS,FIRED_UNCONFIRMED,0,1,0,,129909.0,0,0,,1
aep_full-after_barrier_before_dispatch-notifications-dc14659f-r14,crashed,AEP_FULL,after_barrier_before_dispatch,notifications,POSITIVE_ONLY_READBACK,ORACLE_FINGERPRINT,a61276d9-f77a-4624-94b2-3956668fa1ba,DECLARED_AMBIGUOUS,FIRED_UNCONFIRMED,0,1,0,,123883.0,0,0,,1
aep_full-after_barrier_before_dispatch-notifications-dc14659f-r2,crashed,AEP_FULL,after_barrier_before_dispatch,notifications,POSITIVE_ONLY_READBACK,ORACLE_FINGERPRINT,6b6e8d5e-2712-4bc1-8a6b-90bc1ac77e07,DECLARED_AMBIGUOUS,FIRED_UNCONFIRMED,0,1,0,,145338.0,0,0,,1
aep_full-after_barrier_before_dispatch-notifications-dc14659f-r2,crashed,AEP_FULL,after_barrier_before_dispatch,notifications,POSITIVE_ONLY_READBACK,ORACLE_FINGERPRINT,d7982647-92eb-4c2f-a6dd-2df66fe1f801,DECLARED_AMBIGUOUS,FIRED_UNCONFIRMED,0,1,0,,141461.0,0,0,,1
aep_full-after_barrier_before_dispatch-notifications-dc14659f-r2,crashed,AEP_FULL,after_barrier_before_dispatch,notifications,POSITIVE_ONLY_READBACK,ORACLE_FINGERPRINT,5d860a48-cdd3-47c5-a6b1-6b19493f4002,DECLARED_AMBIGUOUS,FIRED_UNCONFIRMED,0,1,0,,138530.0,0,0,,1
aep_full-after_barrier_before_dispatch-notifications-dc14659f-r2,crashed,AEP_FULL,after_barrier_before_dispatch,notifications,POSITIVE_ONLY_READBACK,ORACLE_FINGERPRINT,09527b44-c3d6-4fee-9dca-552e8d1b4c78,DECLARED_AMBIGUOUS,FIRED_UNCONFIRMED,0,1,0,,135308.0,0,0,,1
aep_full-after_barrier_before_dispatch-notifications-dc14659f-r2,crashed,AEP_FULL,after_barrier_before_dispatch,notifications,POSITIVE_ONLY_READBACK,ORACLE_FINGERPRINT,3e96b0c5-cf87-4900-9fb3-87d8db200d92,DECLARED_AMBIGUOUS,PERMANENTLY_AMBIGUOUS,0,1,0,,132500.0,0,0,,1
aep_full-after_barrier_before_dispatch-notifications-dc14659f-r2,crashed,AEP_FULL,after_barrier_before_dispatch,notifications,POSITIVE_ONLY_READBACK,ORACLE_FINGERPRINT,3bb7dfbb-b3e6-464e-92e1-668bfb6546d7,DECLARED_AMBIGUOUS,FIRED_UNCONFIRMED,0,1,0,,145345.0,0,0,,1
aep_full-after_barrier_before_dispatch-notifications-dc14659f-r2,crashed,AEP_FULL,after_barrier_before_dispatch,notifications,POSITIVE_ONLY_READBACK,ORACLE_FINGERPRINT,482c69ab-b7bf-45f6-b978-31c57e3585fe,DECLARED_AMBIGUOUS,FIRED_UNCONFIRMED,0,1,0,,141466.0,0,0,,1
aep_full-after_barrier_before_dispatch-notifications-dc14659f-r2,crashed,AEP_FULL,after_barrier_before_dispatch,notifications,POSITIVE_ONLY_READBACK,ORACLE_FINGERPRINT,0f75bdcb-3fb4-4db1-9ce5-e731434e4fe9,DECLARED_AMBIGUOUS,FIRED_UNCONFIRMED,0,1,0,,138536.0,0,0,,1
aep_full-after_barrier_before_dispatch-notifications-dc14659f-r2,crashed,AEP_FULL,after_barrier_before_dispatch,notifications,POSITIVE_ONLY_READBACK,ORACLE_FINGERPRINT,f9692111-0317-41e2-81f2-a56c3576c90d,DECLARED_AMBIGUOUS,FIRED_UNCONFIRMED,0,1,0,,135313.0,0,0,,1
aep_full-after_barrier_before_dispatch-notifications-dc14659f-r2,crashed,AEP_FULL,after_barrier_before_dispatch,notifications,POSITIVE_ONLY_READBACK,ORACLE_FINGERPRINT,5277a56d-4c42-484e-a828-a271bd033857,DECLARED_AMBIGUOUS,FIRED_UNCONFIRMED,0,1,0,,132504.0,0,0,,1
aep_full-after_barrier_before_dispatch-notifications-dc14659f-r3,crashed,AEP_FULL,after_barrier_before_dispatch,notifications,POSITIVE_ONLY_READBACK,ORACLE_FINGERPRINT,3e1de19e-4cef-45db-8b53-96fdd33029df,DECLARED_AMBIGUOUS,FIRED_UNCONFIRMED,0,1,0,,153933.0,0,0,,1
aep_full-after_barrier_before_dispatch-notifications-dc14659f-r3,crashed,AEP_FULL,after_barrier_before_dispatch,notifications,POSITIVE_ONLY_READBACK,ORACLE_FINGERPRINT,0db91429-65e4-4885-aea3-c46984673749,CONFIRMED_NOT_APPLIED,FAILED_CONFIRMED,0,0,0,,,0,0,,0
aep_full-after_barrier_before_dispatch-notifications-dc14659f-r3,crashed,AEP_FULL,after_barrier_before_dispatch,notifications,POSITIVE_ONLY_READBACK,ORACLE_FINGERPRINT,6c232420-ed79-4a93-a07c-565de80dc284,DECLARED_AMBIGUOUS,FIRED_UNCONFIRMED,0,1,0,,144011.0,0,0,,1
aep_full-after_barrier_before_dispatch-notifications-dc14659f-r3,crashed,AEP_FULL,after_barrier_before_dispatch,notifications,POSITIVE_ONLY_READBACK,ORACLE_FINGERPRINT,f3feb60c-8fc9-4acb-9cbf-3e5a27f1a852,DECLARED_AMBIGUOUS,FIRED_UNCONFIRMED,0,1,0,,138031.0,0,0,,1
aep_full-after_barrier_before_dispatch-notifications-dc14659f-r3,crashed,AEP_FULL,after_barrier_before_dispatch,notifications,POSITIVE_ONLY_READBACK,ORACLE_FINGERPRINT,102faf18-86ee-4641-ac80-838acbaf5180,DECLARED_AMBIGUOUS,FIRED_UNCONFIRMED,0,1,0,,132966.0,0,0,,1
aep_full-after_barrier_before_dispatch-notifications-dc14659f-r3,crashed,AEP_FULL,after_barrier_before_dispatch,notifications,POSITIVE_ONLY_READBACK,ORACLE_FINGERPRINT,ac17576c-2f7b-4bfe-a45c-62d634f0c8f7,DECLARED_AMBIGUOUS,FIRED_UNCONFIRMED,0,1,0,,153945.0,0,0,,1
aep_full-after_barrier_before_dispatch-notifications-dc14659f-r3,crashed,AEP_FULL,after_barrier_before_dispatch,notifications,POSITIVE_ONLY_READBACK,ORACLE_FINGERPRINT,9a17e202-9e64-4d45-8afb-4c47d8b23ccc,CONFIRMED_NOT_APPLIED,FAILED_CONFIRMED,0,0,0,,,0,0,,0
aep_full-after_barrier_before_dispatch-notifications-dc14659f-r3,crashed,AEP_FULL,after_barrier_before_dispatch,notifications,POSITIVE_ONLY_READBACK,ORACLE_FINGERPRINT,ed87444b-50d1-439d-a546-7c6a5b628afd,DECLARED_AMBIGUOUS,FIRED_UNCONFIRMED,0,1,0,,144020.0,0,0,,1
aep_full-after_barrier_before_dispatch-notifications-dc14659f-r3,crashed,AEP_FULL,after_barrier_before_dispatch,notifications,POSITIVE_ONLY_READBACK,ORACLE_FINGERPRINT,57cb2807-402d-479f-85a4-0cd7c6f2bcdf,DECLARED_AMBIGUOUS,FIRED_UNCONFIRMED,0,1,0,,138043.0,0,0,,1
aep_full-after_barrier_before_dispatch-notifications-dc14659f-r3,crashed,AEP_FULL,after_barrier_before_dispatch,notifications,POSITIVE_ONLY_READBACK,ORACLE_FINGERPRINT,0eb6882e-274d-4c7e-8ec6-1894c49e8ebe,DECLARED_AMBIGUOUS,FIRED_UNCONFIRMED,0,1,0,,132979.0,0,0,,1
aep_full-after_barrier_before_dispatch-notifications-dc14659f-r4,crashed,AEP_FULL,after_barrier_before_dispatch,notifications,POSITIVE_ONLY_READBACK,ORACLE_FINGERPRINT,8ba34a9f-15b8-4dc4-8098-0369550d8cfc,DECLARED_AMBIGUOUS,FIRED_UNCONFIRMED,0,1,0,,156522.0,0,0,,1
aep_full-after_barrier_before_dispatch-notifications-dc14659f-r4,crashed,AEP_FULL,after_barrier_before_dispatch,notifications,POSITIVE_ONLY_READBACK,ORACLE_FINGERPRINT,a1b71ea1-9e20-41cc-ac26-eb70963cec56,DECLARED_AMBIGUOUS,FIRED_UNCONFIRMED,0,1,0,,152366.0,0,0,,1
aep_full-after_barrier_before_dispatch-notifications-dc14659f-r4,crashed,AEP_FULL,after_barrier_before_dispatch,notifications,POSITIVE_ONLY_READBACK,ORACLE_FINGERPRINT,88179ef1-dcf4-47cb-990f-0e4b0bac2cc6,DECLARED_AMBIGUOUS,FIRED_UNCONFIRMED,0,1,0,,146343.0,0,0,,1
aep_full-after_barrier_before_dispatch-notifications-dc14659f-r4,crashed,AEP_FULL,after_barrier_before_dispatch,notifications,POSITIVE_ONLY_READBACK,ORACLE_FINGERPRINT,d1b8b578-833c-444c-aad1-5d9380c0aac5,DECLARED_AMBIGUOUS,FIRED_UNCONFIRMED,0,1,0,,138429.0,0,0,,1
aep_full-after_barrier_before_dispatch-notifications-dc14659f-r4,crashed,AEP_FULL,after_barrier_before_dispatch,notifications,POSITIVE_ONLY_READBACK,ORACLE_FINGERPRINT,65f64fd5-bba6-40ae-88dc-979b2a63e84d,DECLARED_AMBIGUOUS,FIRED_UNCONFIRMED,0,1,0,,132393.0,0,0,,1
aep_full-after_barrier_before_dispatch-notifications-dc14659f-r4,crashed,AEP_FULL,after_barrier_before_dispatch,notifications,POSITIVE_ONLY_READBACK,ORACLE_FINGERPRINT,5a411e2c-a7a7-4bcc-a0d6-b19db7e54216,DECLARED_AMBIGUOUS,FIRED_UNCONFIRMED,0,1,0,,156525.0,0,0,,1
aep_full-after_barrier_before_dispatch-notifications-dc14659f-r4,crashed,AEP_FULL,after_barrier_before_dispatch,notifications,POSITIVE_ONLY_READBACK,ORACLE_FINGERPRINT,9960486c-f3e9-4a5d-a965-4f45eaff3750,DECLARED_AMBIGUOUS,FIRED_UNCONFIRMED,0,1,0,,152370.0,0,0,,1
aep_full-after_barrier_before_dispatch-notifications-dc14659f-r4,crashed,AEP_FULL,after_barrier_before_dispatch,notifications,POSITIVE_ONLY_READBACK,ORACLE_FINGERPRINT,32796ed2-7a7c-4bc0-8a70-569b91f3fabd,DECLARED_AMBIGUOUS,FIRED_UNCONFIRMED,0,1,0,,146346.0,0,0,,1
aep_full-after_barrier_before_dispatch-notifications-dc14659f-r4,crashed,AEP_FULL,after_barrier_before_dispatch,notifications,POSITIVE_ONLY_READBACK,ORACLE_FINGERPRINT,cd477a09-a6fd-40e2-a49a-e2c5dd8ec7d8,DECLARED_AMBIGUOUS,FIRED_UNCONFIRMED,0,1,0,,138432.0,0,0,,1
aep_full-after_barrier_before_dispatch-notifications-dc14659f-r4,crashed,AEP_FULL,after_barrier_before_dispatch,notifications,POSITIVE_ONLY_READBACK,ORACLE_FINGERPRINT,2880e262-db09-4666-93c6-1bb981ef4a89,DECLARED_AMBIGUOUS,FIRED_UNCONFIRMED,0,1,0,,132396.0,0,0,,1
aep_full-after_barrier_before_dispatch-notifications-dc14659f-r5,crashed,AEP_FULL,after_barrier_before_dispatch,notifications,POSITIVE_ONLY_READBACK,ORACLE_FINGERPRINT,267b9c57-db4e-4fda-bf62-9f5f345bdd7d,DECLARED_AMBIGUOUS,FIRED_UNCONFIRMED,0,1,0,,151007.0,0,0,,1
aep_full-after_barrier_before_dispatch-notifications-dc14659f-r5,crashed,AEP_FULL,after_barrier_before_dispatch,notifications,POSITIVE_ONLY_READBACK,ORACLE_FINGERPRINT,b71574a8-5b53-428d-ad09-280e56ea28c5,DECLARED_AMBIGUOUS,FIRED_UNCONFIRMED,0,1,0,,147094.0,0,0,,1
aep_full-after_barrier_before_dispatch-notifications-dc14659f-r5,crashed,AEP_FULL,after_barrier_before_dispatch,notifications,POSITIVE_ONLY_READBACK,ORACLE_FINGERPRINT,92655046-1897-4386-9519-2db5a18d2aa5,DECLARED_AMBIGUOUS,FIRED_UNCONFIRMED,0,1,0,,140078.0,0,0,,1
aep_full-after_barrier_before_dispatch-notifications-dc14659f-r5,crashed,AEP_FULL,after_barrier_before_dispatch,notifications,POSITIVE_ONLY_READBACK,ORACLE_FINGERPRINT,0a809645-f58d-4065-b8e1-34ba669ffe6f,DECLARED_AMBIGUOUS,FIRED_UNCONFIRMED,0,1,0,,136166.0,0,0,,1
aep_full-after_barrier_before_dispatch-notifications-dc14659f-r5,crashed,AEP_FULL,after_barrier_before_dispatch,notifications,POSITIVE_ONLY_READBACK,ORACLE_FINGERPRINT,50369364-8b8d-470f-9946-23bc95dc020a,DECLARED_AMBIGUOUS,FIRED_UNCONFIRMED,0,1,0,,133171.0,0,0,,1
aep_full-after_barrier_before_dispatch-notifications-dc14659f-r5,crashed,AEP_FULL,after_barrier_before_dispatch,notifications,POSITIVE_ONLY_READBACK,ORACLE_FINGERPRINT,cf4bc4f8-3cbd-4ab7-b91f-5e362cd7f927,DECLARED_AMBIGUOUS,FIRED_UNCONFIRMED,0,1,0,,151016.0,0,0,,1
aep_full-after_barrier_before_dispatch-notifications-dc14659f-r5,crashed,AEP_FULL,after_barrier_before_dispatch,notifications,POSITIVE_ONLY_READBACK,ORACLE_FINGERPRINT,79b79be0-12e3-49fd-9497-42b983067744,DECLARED_AMBIGUOUS,FIRED_UNCONFIRMED,0,1,0,,147103.0,0,0,,1
aep_full-after_barrier_before_dispatch-notifications-dc14659f-r5,crashed,AEP_FULL,after_barrier_before_dispatch,notifications,POSITIVE_ONLY_READBACK,ORACLE_FINGERPRINT,2a2ad8fd-5c26-4609-8cb6-d43788e30b01,DECLARED_AMBIGUOUS,FIRED_UNCONFIRMED,0,1,0,,140088.0,0,0,,1
aep_full-after_barrier_before_dispatch-notifications-dc14659f-r5,crashed,AEP_FULL,after_barrier_before_dispatch,notifications,POSITIVE_ONLY_READBACK,ORACLE_FINGERPRINT,f20248da-1121-4d87-8efa-92d0e964bf2e,DECLARED_AMBIGUOUS,FIRED_UNCONFIRMED,0,1,0,,136175.0,0,0,,1
aep_full-after_barrier_before_dispatch-notifications-dc14659f-r5,crashed,AEP_FULL,after_barrier_before_dispatch,notifications,POSITIVE_ONLY_READBACK,ORACLE_FINGERPRINT,038d5f82-4dfb-4447-8e30-1e20d7d882e5,DECLARED_AMBIGUOUS,FIRED_UNCONFIRMED,0,1,0,,133181.0,0,0,,1
aep_full-after_barrier_before_dispatch-notifications-dc14659f-r6,crashed,AEP_FULL,after_barrier_before_dispatch,notifications,POSITIVE_ONLY_READBACK,ORACLE_FINGERPRINT,a7463103-7715-4f74-b599-ab7d5179e851,DECLARED_AMBIGUOUS,FIRED_UNCONFIRMED,0,1,0,,145794.0,0,0,,1
aep_full-after_barrier_before_dispatch-notifications-dc14659f-r6,crashed,AEP_FULL,after_barrier_before_dispatch,notifications,POSITIVE_ONLY_READBACK,ORACLE_FINGERPRINT,a59bd8c3-783a-454a-9ee7-8405a5fcd248,DECLARED_AMBIGUOUS,FIRED_UNCONFIRMED,0,1,0,,142894.0,0,0,,1
aep_full-after_barrier_before_dispatch-notifications-dc14659f-r6,crashed,AEP_FULL,after_barrier_before_dispatch,notifications,POSITIVE_ONLY_READBACK,ORACLE_FINGERPRINT,3851ea50-da8b-4dba-9ddb-36cedaa6e291,DECLARED_AMBIGUOUS,FIRED_UNCONFIRMED,0,1,0,,138875.0,0,0,,1
aep_full-after_barrier_before_dispatch-notifications-dc14659f-r6,crashed,AEP_FULL,after_barrier_before_dispatch,notifications,POSITIVE_ONLY_READBACK,ORACLE_FINGERPRINT,225b27ef-d826-430d-949b-22d2377f0b86,DECLARED_AMBIGUOUS,FIRED_UNCONFIRMED,0,1,0,,135778.0,0,0,,1
aep_full-after_barrier_before_dispatch-notifications-dc14659f-r6,crashed,AEP_FULL,after_barrier_before_dispatch,notifications,POSITIVE_ONLY_READBACK,ORACLE_FINGERPRINT,6bf8373f-0572-471d-8707-163e8c1716ca,DECLARED_AMBIGUOUS,FIRED_UNCONFIRMED,0,1,0,,131765.0,0,0,,1
aep_full-after_barrier_before_dispatch-notifications-dc14659f-r6,crashed,AEP_FULL,after_barrier_before_dispatch,notifications,POSITIVE_ONLY_READBACK,ORACLE_FINGERPRINT,8be8f820-ba30-468e-a054-ff9c1f6f16f7,DECLARED_AMBIGUOUS,FIRED_UNCONFIRMED,0,1,0,,145813.0,0,0,,1
aep_full-after_barrier_before_dispatch-notifications-dc14659f-r6,crashed,AEP_FULL,after_barrier_before_dispatch,notifications,POSITIVE_ONLY_READBACK,ORACLE_FINGERPRINT,58cd991a-4ff9-440d-8911-b8ffdbe1e69b,DECLARED_AMBIGUOUS,FIRED_UNCONFIRMED,0,1,0,,142905.0,0,0,,1
aep_full-after_barrier_before_dispatch-notifications-dc14659f-r6,crashed,AEP_FULL,after_barrier_before_dispatch,notifications,POSITIVE_ONLY_READBACK,ORACLE_FINGERPRINT,ddf3436d-85bb-4b56-8c74-de9e154e257f,DECLARED_AMBIGUOUS,FIRED_UNCONFIRMED,0,1,0,,138884.0,0,0,,1
aep_full-after_barrier_before_dispatch-notifications-dc14659f-r6,crashed,AEP_FULL,after_barrier_before_dispatch,notifications,POSITIVE_ONLY_READBACK,ORACLE_FINGERPRINT,110c9c8f-6531-4fc5-843a-c887b8f96043,DECLARED_AMBIGUOUS,FIRED_UNCONFIRMED,0,1,0,,135788.0,0,0,,1
aep_full-after_barrier_before_dispatch-notifications-dc14659f-r6,crashed,AEP_FULL,after_barrier_before_dispatch,notifications,POSITIVE_ONLY_READBACK,ORACLE_FINGERPRINT,5e7cf664-bcbb-4a0f-88e6-3cb54fda3b6c,DECLARED_AMBIGUOUS,FIRED_UNCONFIRMED,0,1,0,,131777.0,0,0,,1
aep_full-after_barrier_before_dispatch-notifications-dc14659f-r7,crashed,AEP_FULL,after_barrier_before_dispatch,notifications,POSITIVE_ONLY_READBACK,ORACLE_FINGERPRINT,879480a6-f3b9-437c-a3e4-ea496502521f,DECLARED_AMBIGUOUS,FIRED_UNCONFIRMED,0,1,0,,154485.0,0,0,,1
aep_full-after_barrier_before_dispatch-notifications-dc14659f-r7,crashed,AEP_FULL,after_barrier_before_dispatch,notifications,POSITIVE_ONLY_READBACK,ORACLE_FINGERPRINT,59dc3236-08e1-454d-ae75-ffa34891f96c,DECLARED_AMBIGUOUS,FIRED_UNCONFIRMED,0,1,0,,147460.0,0,0,,1
aep_full-after_barrier_before_dispatch-notifications-dc14659f-r7,crashed,AEP_FULL,after_barrier_before_dispatch,notifications,POSITIVE_ONLY_READBACK,ORACLE_FINGERPRINT,d060e834-3a90-43e9-b4d3-eebf217c1124,DECLARED_AMBIGUOUS,FIRED_UNCONFIRMED,0,1,0,,142536.0,0,0,,1
aep_full-after_barrier_before_dispatch-notifications-dc14659f-r7,crashed,AEP_FULL,after_barrier_before_dispatch,notifications,POSITIVE_ONLY_READBACK,ORACLE_FINGERPRINT,d00210d8-b508-4523-a8d9-1ad307876194,DECLARED_AMBIGUOUS,FIRED_UNCONFIRMED,0,1,0,,137427.0,0,0,,1
aep_full-after_barrier_before_dispatch-notifications-dc14659f-r7,crashed,AEP_FULL,after_barrier_before_dispatch,notifications,POSITIVE_ONLY_READBACK,ORACLE_FINGERPRINT,50595a59-56f8-4283-9893-df6fc000d55b,DECLARED_AMBIGUOUS,FIRED_UNCONFIRMED,0,1,0,,133519.0,0,0,,1
aep_full-after_barrier_before_dispatch-notifications-dc14659f-r7,crashed,AEP_FULL,after_barrier_before_dispatch,notifications,POSITIVE_ONLY_READBACK,ORACLE_FINGERPRINT,1adb2474-dccf-4267-aad3-0df5fbfcb74b,DECLARED_AMBIGUOUS,FIRED_UNCONFIRMED,0,1,0,,153468.0,0,0,,1
aep_full-after_barrier_before_dispatch-notifications-dc14659f-r7,crashed,AEP_FULL,after_barrier_before_dispatch,notifications,POSITIVE_ONLY_READBACK,ORACLE_FINGERPRINT,86b72b40-e6ca-4c22-b99e-34ed87eebdcd,DECLARED_AMBIGUOUS,FIRED_UNCONFIRMED,0,1,0,,145560.0,0,0,,1
aep_full-after_barrier_before_dispatch-notifications-dc14659f-r7,crashed,AEP_FULL,after_barrier_before_dispatch,notifications,POSITIVE_ONLY_READBACK,ORACLE_FINGERPRINT,1687636c-27d8-4c04-9773-e7334e4101fe,DECLARED_AMBIGUOUS,FIRED_UNCONFIRMED,0,1,0,,141463.0,0,0,,1
aep_full-after_barrier_before_dispatch-notifications-dc14659f-r7,crashed,AEP_FULL,after_barrier_before_dispatch,notifications,POSITIVE_ONLY_READBACK,ORACLE_FINGERPRINT,f26354ce-f439-477e-aeb6-11acad8ca439,DECLARED_AMBIGUOUS,FIRED_UNCONFIRMED,0,1,0,,136433.0,0,0,,1
aep_full-after_barrier_before_dispatch-notifications-dc14659f-r7,crashed,AEP_FULL,after_barrier_before_dispatch,notifications,POSITIVE_ONLY_READBACK,ORACLE_FINGERPRINT,8f608651-0d7b-4f82-8d7c-7fc4f524acb6,DECLARED_AMBIGUOUS,FIRED_UNCONFIRMED,0,1,0,,132421.0,0,0,,1
aep_full-after_barrier_before_dispatch-notifications-dc14659f-r8,crashed,AEP_FULL,after_barrier_before_dispatch,notifications,POSITIVE_ONLY_READBACK,ORACLE_FINGERPRINT,5084e23b-6386-4e42-b993-d1f841086706,DECLARED_AMBIGUOUS,FIRED_UNCONFIRMED,0,1,0,,162542.0,0,0,,1
aep_full-after_barrier_before_dispatch-notifications-dc14659f-r8,crashed,AEP_FULL,after_barrier_before_dispatch,notifications,POSITIVE_ONLY_READBACK,ORACLE_FINGERPRINT,e8aa43d7-72fe-4550-a595-6935978ce4be,DECLARED_AMBIGUOUS,FIRED_UNCONFIRMED,0,1,0,,155368.0,0,0,,1
aep_full-after_barrier_before_dispatch-notifications-dc14659f-r8,crashed,AEP_FULL,after_barrier_before_dispatch,notifications,POSITIVE_ONLY_READBACK,ORACLE_FINGERPRINT,35ddee23-c578-4a0a-97a7-40ad59bdabc5,DECLARED_AMBIGUOUS,FIRED_UNCONFIRMED,0,1,0,,148457.0,0,0,,1
aep_full-after_barrier_before_dispatch-notifications-dc14659f-r8,crashed,AEP_FULL,after_barrier_before_dispatch,notifications,POSITIVE_ONLY_READBACK,ORACLE_FINGERPRINT,b43b42d5-f612-45a1-9b15-d54966d60fba,DECLARED_AMBIGUOUS,FIRED_UNCONFIRMED,0,1,0,,141320.0,0,0,,1
aep_full-after_barrier_before_dispatch-notifications-dc14659f-r8,crashed,AEP_FULL,after_barrier_before_dispatch,notifications,POSITIVE_ONLY_READBACK,ORACLE_FINGERPRINT,c8a5b217-c546-457c-a1eb-86e1c1954371,DECLARED_AMBIGUOUS,FIRED_UNCONFIRMED,0,1,0,,131381.0,0,0,,1
aep_full-after_barrier_before_dispatch-notifications-dc14659f-r8,crashed,AEP_FULL,after_barrier_before_dispatch,notifications,POSITIVE_ONLY_READBACK,ORACLE_FINGERPRINT,6f1de4b5-de42-4c76-ae8d-bad5db78a48e,DECLARED_AMBIGUOUS,FIRED_UNCONFIRMED,0,1,0,,163590.0,0,0,,1
aep_full-after_barrier_before_dispatch-notifications-dc14659f-r8,crashed,AEP_FULL,after_barrier_before_dispatch,notifications,POSITIVE_ONLY_READBACK,ORACLE_FINGERPRINT,864f9a31-7a17-4484-aaf3-bfedd8961a8b,DECLARED_AMBIGUOUS,FIRED_UNCONFIRMED,0,1,0,,156524.0,0,0,,1
aep_full-after_barrier_before_dispatch-notifications-dc14659f-r8,crashed,AEP_FULL,after_barrier_before_dispatch,notifications,POSITIVE_ONLY_READBACK,ORACLE_FINGERPRINT,4d65c2a2-0040-498b-8140-92986c9b4ec8,DECLARED_AMBIGUOUS,FIRED_UNCONFIRMED,0,1,0,,149357.0,0,0,,1
aep_full-after_barrier_before_dispatch-notifications-dc14659f-r8,crashed,AEP_FULL,after_barrier_before_dispatch,notifications,POSITIVE_ONLY_READBACK,ORACLE_FINGERPRINT,2e2d1225-6710-479b-95d3-3bb19000dd57,DECLARED_AMBIGUOUS,FIRED_UNCONFIRMED,0,1,0,,142343.0,0,0,,1
aep_full-after_barrier_before_dispatch-notifications-dc14659f-r8,crashed,AEP_FULL,after_barrier_before_dispatch,notifications,POSITIVE_ONLY_READBACK,ORACLE_FINGERPRINT,229421ce-0f72-476d-90a7-fd2ec432c4b0,DECLARED_AMBIGUOUS,FIRED_UNCONFIRMED,0,1,0,,132571.0,0,0,,1
aep_full-after_barrier_before_dispatch-notifications-dc14659f-r9,crashed,AEP_FULL,after_barrier_before_dispatch,notifications,POSITIVE_ONLY_READBACK,ORACLE_FINGERPRINT,f7b68391-5289-48b4-9344-57aa6c95e10d,DECLARED_AMBIGUOUS,FIRED_UNCONFIRMED,0,1,0,,152832.0,0,0,,1
aep_full-after_barrier_before_dispatch-notifications-dc14659f-r9,crashed,AEP_FULL,after_barrier_before_dispatch,notifications,POSITIVE_ONLY_READBACK,ORACLE_FINGERPRINT,145cf4e6-7c4b-44b1-8d51-4d1a707ae6dc,DECLARED_AMBIGUOUS,FIRED_UNCONFIRMED,0,1,0,,147731.0,0,0,,1
aep_full-after_barrier_before_dispatch-notifications-dc14659f-r9,crashed,AEP_FULL,after_barrier_before_dispatch,notifications,POSITIVE_ONLY_READBACK,ORACLE_FINGERPRINT,884694c4-6dde-42e7-b08a-928a8e5d2f69,DECLARED_AMBIGUOUS,FIRED_UNCONFIRMED,0,1,0,,142786.0,0,0,,1
aep_full-after_barrier_before_dispatch-notifications-dc14659f-r9,crashed,AEP_FULL,after_barrier_before_dispatch,notifications,POSITIVE_ONLY_READBACK,ORACLE_FINGERPRINT,edd53ba1-16d3-4098-931a-4faa95a08514,DECLARED_AMBIGUOUS,FIRED_UNCONFIRMED,0,1,0,,137697.0,0,0,,1
aep_full-after_barrier_before_dispatch-notifications-dc14659f-r9,crashed,AEP_FULL,after_barrier_before_dispatch,notifications,POSITIVE_ONLY_READBACK,ORACLE_FINGERPRINT,fe0e5275-d411-42bc-a793-c9fe446d2d46,DECLARED_AMBIGUOUS,FIRED_UNCONFIRMED,0,1,0,,130824.0,0,0,,1
aep_full-after_barrier_before_dispatch-notifications-dc14659f-r9,crashed,AEP_FULL,after_barrier_before_dispatch,notifications,POSITIVE_ONLY_READBACK,ORACLE_FINGERPRINT,73dea9a1-35a2-4e8f-a0ce-9891bc80c131,DECLARED_AMBIGUOUS,FIRED_UNCONFIRMED,0,1,0,,151879.0,0,0,,1
aep_full-after_barrier_before_dispatch-notifications-dc14659f-r9,crashed,AEP_FULL,after_barrier_before_dispatch,notifications,POSITIVE_ONLY_READBACK,ORACLE_FINGERPRINT,4a19c25d-ba2f-44b3-840a-1fbb169dd973,DECLARED_AMBIGUOUS,FIRED_UNCONFIRMED,0,1,0,,146817.0,0,0,,1
aep_full-after_barrier_before_dispatch-notifications-dc14659f-r9,crashed,AEP_FULL,after_barrier_before_dispatch,notifications,POSITIVE_ONLY_READBACK,ORACLE_FINGERPRINT,7f91085b-a37e-4bfa-a5a6-fe238025839f,DECLARED_AMBIGUOUS,FIRED_UNCONFIRMED,0,1,0,,141719.0,0,0,,1
aep_full-after_barrier_before_dispatch-notifications-dc14659f-r9,crashed,AEP_FULL,after_barrier_before_dispatch,notifications,POSITIVE_ONLY_READBACK,ORACLE_FINGERPRINT,c56d1966-8bce-4081-b603-2340400273ba,DECLARED_AMBIGUOUS,FIRED_UNCONFIRMED,0,1,0,,137705.0,0,0,,1
aep_full-after_barrier_before_dispatch-notifications-dc14659f-r9,crashed,AEP_FULL,after_barrier_before_dispatch,notifications,POSITIVE_ONLY_READBACK,ORACLE_FINGERPRINT,c8065d53-156b-428f-8e61-1073f20f60ff,DECLARED_AMBIGUOUS,FIRED_UNCONFIRMED,0,1,0,,130833.0,0,0,,1
aep_full-after_barrier_before_dispatch-payments-3be81583-r0,crashed,AEP_FULL,after_barrier_before_dispatch,payments,AUTHORITATIVE_READBACK,ORACLE_FINGERPRINT,c6aff1a7-2111-4a10-a785-78294d033d48,CONFIRMED_NOT_APPLIED,FAILED_CONFIRMED,0,1,0,,49602.0,0,0,,1
aep_full-after_barrier_before_dispatch-payments-3be81583-r0,crashed,AEP_FULL,after_barrier_before_dispatch,payments,AUTHORITATIVE_READBACK,ORACLE_FINGERPRINT,b194965f-8321-4145-82d6-2fea545f5e3a,CONFIRMED_NOT_APPLIED,FAILED_CONFIRMED,0,1,0,,44579.0,0,0,,1
aep_full-after_barrier_before_dispatch-payments-3be81583-r0,crashed,AEP_FULL,after_barrier_before_dispatch,payments,AUTHORITATIVE_READBACK,ORACLE_FINGERPRINT,b67f2fba-c34e-4b52-9a56-6e4681f2d23e,CONFIRMED_NOT_APPLIED,FAILED_CONFIRMED,0,1,0,,40602.0,0,0,,1
aep_full-after_barrier_before_dispatch-payments-3be81583-r0,crashed,AEP_FULL,after_barrier_before_dispatch,payments,AUTHORITATIVE_READBACK,ORACLE_FINGERPRINT,f95fc073-005c-4a39-98eb-910794f1eb13,CONFIRMED_NOT_APPLIED,FAILED_CONFIRMED,0,1,0,,32792.0,0,0,,1
aep_full-after_barrier_before_dispatch-payments-3be81583-r0,crashed,AEP_FULL,after_barrier_before_dispatch,payments,AUTHORITATIVE_READBACK,ORACLE_FINGERPRINT,adfb3f2f-ffd9-4848-9d82-a11f6825493c,CONFIRMED_NOT_APPLIED,FAILED_CONFIRMED,0,1,0,,28758.0,0,0,,1
aep_full-after_barrier_before_dispatch-payments-3be81583-r0,crashed,AEP_FULL,after_barrier_before_dispatch,payments,AUTHORITATIVE_READBACK,ORACLE_FINGERPRINT,1b8c9f09-c600-4d47-b344-a8c3178d273a,CONFIRMED_NOT_APPLIED,FAILED_CONFIRMED,0,1,0,,49603.0,0,0,,1
aep_full-after_barrier_before_dispatch-payments-3be81583-r0,crashed,AEP_FULL,after_barrier_before_dispatch,payments,AUTHORITATIVE_READBACK,ORACLE_FINGERPRINT,15a39a30-78b3-4ec9-aae0-e00c85ff0233,CONFIRMED_NOT_APPLIED,FAILED_CONFIRMED,0,1,0,,44579.0,0,0,,1
aep_full-after_barrier_before_dispatch-payments-3be81583-r0,crashed,AEP_FULL,after_barrier_before_dispatch,payments,AUTHORITATIVE_READBACK,ORACLE_FINGERPRINT,4f88d436-d45b-402a-b325-b16b90d84cca,CONFIRMED_NOT_APPLIED,FAILED_CONFIRMED,0,1,0,,40602.0,0,0,,1
aep_full-after_barrier_before_dispatch-payments-3be81583-r0,crashed,AEP_FULL,after_barrier_before_dispatch,payments,AUTHORITATIVE_READBACK,ORACLE_FINGERPRINT,cce4b178-87f0-4dac-b380-e7775865844a,CONFIRMED_NOT_APPLIED,FAILED_CONFIRMED,0,1,0,,32792.0,0,0,,1
aep_full-after_barrier_before_dispatch-payments-3be81583-r0,crashed,AEP_FULL,after_barrier_before_dispatch,payments,AUTHORITATIVE_READBACK,ORACLE_FINGERPRINT,73edcc3d-ea8e-48c5-acd1-f843e9867860,CONFIRMED_NOT_APPLIED,FAILED_CONFIRMED,0,1,0,,28758.0,0,0,,1
aep_full-after_barrier_before_dispatch-payments-3be81583-r1,crashed,AEP_FULL,after_barrier_before_dispatch,payments,AUTHORITATIVE_READBACK,ORACLE_FINGERPRINT,8e86c7c6-5618-4b8d-9a2b-e7c283ddd1ec,CONFIRMED_NOT_APPLIED,FAILED_CONFIRMED,0,1,0,,80945.0,0,0,,1
aep_full-after_barrier_before_dispatch-payments-3be81583-r1,crashed,AEP_FULL,after_barrier_before_dispatch,payments,AUTHORITATIVE_READBACK,ORACLE_FINGERPRINT,b9961c9a-0395-4fde-8292-67f79df3f0f8,CONFIRMED_NOT_APPLIED,FAILED_CONFIRMED,0,1,0,,65026.0,0,0,,1
aep_full-after_barrier_before_dispatch-payments-3be81583-r1,crashed,AEP_FULL,after_barrier_before_dispatch,payments,AUTHORITATIVE_READBACK,ORACLE_FINGERPRINT,cd216927-5e47-473f-bc18-80c3745e56b1,CONFIRMED_NOT_APPLIED,FAILED_CONFIRMED,0,1,0,,54982.0,0,0,,1
aep_full-after_barrier_before_dispatch-payments-3be81583-r1,crashed,AEP_FULL,after_barrier_before_dispatch,payments,AUTHORITATIVE_READBACK,ORACLE_FINGERPRINT,cb57ce2b-6c8f-475c-8b2b-cda2d244cc55,CONFIRMED_NOT_APPLIED,FAILED_CONFIRMED,0,1,0,,44988.0,0,0,,1
aep_full-after_barrier_before_dispatch-payments-3be81583-r1,crashed,AEP_FULL,after_barrier_before_dispatch,payments,AUTHORITATIVE_READBACK,ORACLE_FINGERPRINT,0c8525c1-0a00-4395-a1bd-149357286893,CONFIRMED_NOT_APPLIED,FAILED_CONFIRMED,0,1,0,,31969.0,0,0,,1
aep_full-after_barrier_before_dispatch-payments-3be81583-r1,crashed,AEP_FULL,after_barrier_before_dispatch,payments,AUTHORITATIVE_READBACK,ORACLE_FINGERPRINT,76ef3a36-dfde-45bf-be54-6d4b4721fd59,CONFIRMED_NOT_APPLIED,FAILED_CONFIRMED,0,1,0,,79038.0,0,0,,1
aep_full-after_barrier_before_dispatch-payments-3be81583-r1,crashed,AEP_FULL,after_barrier_before_dispatch,payments,AUTHORITATIVE_READBACK,ORACLE_FINGERPRINT,d0a33df2-f5b9-43c8-84a6-1c2b37fd3db9,CONFIRMED_NOT_APPLIED,FAILED_CONFIRMED,0,1,0,,62010.0,0,0,,1
aep_full-after_barrier_before_dispatch-payments-3be81583-r1,crashed,AEP_FULL,after_barrier_before_dispatch,payments,AUTHORITATIVE_READBACK,ORACLE_FINGERPRINT,1f59c728-2038-475e-959b-9d77a332f18a,CONFIRMED_NOT_APPLIED,FAILED_CONFIRMED,0,1,0,,52142.0,0,0,,1
aep_full-after_barrier_before_dispatch-payments-3be81583-r1,crashed,AEP_FULL,after_barrier_before_dispatch,payments,AUTHORITATIVE_READBACK,ORACLE_FINGERPRINT,a3eda680-9e79-40a1-801e-eccb6dcfd772,CONFIRMED_NOT_APPLIED,FAILED_CONFIRMED,0,1,0,,37995.0,0,0,,1
aep_full-after_barrier_before_dispatch-payments-3be81583-r1,crashed,AEP_FULL,after_barrier_before_dispatch,payments,AUTHORITATIVE_READBACK,ORACLE_FINGERPRINT,f5d0262a-a183-4808-83fb-0ac759178f94,CONFIRMED_NOT_APPLIED,FAILED_CONFIRMED,0,1,0,,29032.0,0,0,,1
aep_full-after_barrier_before_dispatch-payments-3be81583-r10,crashed,AEP_FULL,after_barrier_before_dispatch,payments,AUTHORITATIVE_READBACK,ORACLE_FINGERPRINT,7b887528-5b57-4535-8eb4-d28da0f0a2d5,CONFIRMED_NOT_APPLIED,FAILED_CONFIRMED,0,1,0,,46709.0,0,0,,1
aep_full-after_barrier_before_dispatch-payments-3be81583-r10,crashed,AEP_FULL,after_barrier_before_dispatch,payments,AUTHORITATIVE_READBACK,ORACLE_FINGERPRINT,f408a03d-5fca-45cb-9b9e-e88e34150f27,CONFIRMED_NOT_APPLIED,FAILED_CONFIRMED,0,1,0,,39722.0,0,0,,1
aep_full-after_barrier_before_dispatch-payments-3be81583-r10,crashed,AEP_FULL,after_barrier_before_dispatch,payments,AUTHORITATIVE_READBACK,ORACLE_FINGERPRINT,49963ac8-5780-40ab-b4b4-2560952c2aff,CONFIRMED_NOT_APPLIED,FAILED_CONFIRMED,0,1,0,,35707.0,0,0,,1
aep_full-after_barrier_before_dispatch-payments-3be81583-r10,crashed,AEP_FULL,after_barrier_before_dispatch,payments,AUTHORITATIVE_READBACK,ORACLE_FINGERPRINT,f89e5bee-8031-4a23-8f1e-48e3e308e403,CONFIRMED_NOT_APPLIED,FAILED_CONFIRMED,0,1,0,,31691.0,0,0,,1
aep_full-after_barrier_before_dispatch-payments-3be81583-r10,crashed,AEP_FULL,after_barrier_before_dispatch,payments,AUTHORITATIVE_READBACK,ORACLE_FINGERPRINT,5c550583-07aa-4709-9f99-3e8463d2077e,CONFIRMED_NOT_APPLIED,FAILED_CONFIRMED,0,1,0,,26843.0,0,0,,1
aep_full-after_barrier_before_dispatch-payments-3be81583-r10,crashed,AEP_FULL,after_barrier_before_dispatch,payments,AUTHORITATIVE_READBACK,ORACLE_FINGERPRINT,6db0bbf6-c956-4b35-82c3-e0adfbe9cdd6,CONFIRMED_NOT_APPLIED,FAILED_CONFIRMED,0,1,0,,46709.0,0,0,,1
aep_full-after_barrier_before_dispatch-payments-3be81583-r10,crashed,AEP_FULL,after_barrier_before_dispatch,payments,AUTHORITATIVE_READBACK,ORACLE_FINGERPRINT,26d52356-e322-4536-853d-8a919b139a0d,CONFIRMED_NOT_APPLIED,FAILED_CONFIRMED,0,1,0,,39723.0,0,0,,1
aep_full-after_barrier_before_dispatch-payments-3be81583-r10,crashed,AEP_FULL,after_barrier_before_dispatch,payments,AUTHORITATIVE_READBACK,ORACLE_FINGERPRINT,cc856912-5a02-45bd-b155-fe319e313cec,CONFIRMED_NOT_APPLIED,FAILED_CONFIRMED,0,1,0,,35707.0,0,0,,1
aep_full-after_barrier_before_dispatch-payments-3be81583-r10,crashed,AEP_FULL,after_barrier_before_dispatch,payments,AUTHORITATIVE_READBACK,ORACLE_FINGERPRINT,ecfad71a-6b55-4cfe-bb67-314c12343833,CONFIRMED_NOT_APPLIED,FAILED_CONFIRMED,0,1,0,,31690.0,0,0,,1
aep_full-after_barrier_before_dispatch-payments-3be81583-r10,crashed,AEP_FULL,after_barrier_before_dispatch,payments,AUTHORITATIVE_READBACK,ORACLE_FINGERPRINT,26dbbb88-b126-4214-8df0-737386722fd0,CONFIRMED_NOT_APPLIED,FAILED_CONFIRMED,0,1,0,,26843.0,0,0,,1
aep_full-after_barrier_before_dispatch-payments-3be81583-r11,crashed,AEP_FULL,after_barrier_before_dispatch,payments,AUTHORITATIVE_READBACK,ORACLE_FINGERPRINT,81f80507-2ffc-49d9-981e-12903fe5ccb4,CONFIRMED_NOT_APPLIED,FAILED_CONFIRMED,0,1,0,,43423.0,0,0,,1
aep_full-after_barrier_before_dispatch-payments-3be81583-r11,crashed,AEP_FULL,after_barrier_before_dispatch,payments,AUTHORITATIVE_READBACK,ORACLE_FINGERPRINT,07879a28-bb68-459d-8eb5-440ee38cd38e,CONFIRMED_NOT_APPLIED,FAILED_CONFIRMED,0,1,0,,39333.0,0,0,,1
aep_full-after_barrier_before_dispatch-payments-3be81583-r11,crashed,AEP_FULL,after_barrier_before_dispatch,payments,AUTHORITATIVE_READBACK,ORACLE_FINGERPRINT,f7f29f25-fe4c-4d18-8f30-35a862f302fa,CONFIRMED_NOT_APPLIED,FAILED_CONFIRMED,0,1,0,,35446.0,0,0,,1
aep_full-after_barrier_before_dispatch-payments-3be81583-r11,crashed,AEP_FULL,after_barrier_before_dispatch,payments,AUTHORITATIVE_READBACK,ORACLE_FINGERPRINT,d20cc902-4fb1-42bf-9681-3e680c005fd1,CONFIRMED_NOT_APPLIED,FAILED_CONFIRMED,0,1,0,,32333.0,0,0,,1
aep_full-after_barrier_before_dispatch-payments-3be81583-r11,crashed,AEP_FULL,after_barrier_before_dispatch,payments,AUTHORITATIVE_READBACK,ORACLE_FINGERPRINT,032cc6a9-6355-4e47-be46-d32fbe0e59a0,CONFIRMED_NOT_APPLIED,FAILED_CONFIRMED,0,1,0,,28291.0,0,0,,1
aep_full-after_barrier_before_dispatch-payments-3be81583-r11,crashed,AEP_FULL,after_barrier_before_dispatch,payments,AUTHORITATIVE_READBACK,ORACLE_FINGERPRINT,e9d8f7e2-8cc5-4030-8304-6a59b95f334f,CONFIRMED_NOT_APPLIED,FAILED_CONFIRMED,0,1,0,,43422.0,0,0,,1
aep_full-after_barrier_before_dispatch-payments-3be81583-r11,crashed,AEP_FULL,after_barrier_before_dispatch,payments,AUTHORITATIVE_READBACK,ORACLE_FINGERPRINT,5d04e2db-be75-4125-b1ec-88a0406add35,CONFIRMED_NOT_APPLIED,FAILED_CONFIRMED,0,1,0,,39332.0,0,0,,1
aep_full-after_barrier_before_dispatch-payments-3be81583-r11,crashed,AEP_FULL,after_barrier_before_dispatch,payments,AUTHORITATIVE_READBACK,ORACLE_FINGERPRINT,cfc2d7f3-dc20-47e1-9306-0e2b20390166,CONFIRMED_NOT_APPLIED,FAILED_CONFIRMED,0,1,0,,35446.0,0,0,,1
aep_full-after_barrier_before_dispatch-payments-3be81583-r11,crashed,AEP_FULL,after_barrier_before_dispatch,payments,AUTHORITATIVE_READBACK,ORACLE_FINGERPRINT,2366f424-22be-41c7-8e8b-42f371dfaa6c,CONFIRMED_NOT_APPLIED,FAILED_CONFIRMED,0,1,0,,32333.0,0,0,,1
aep_full-after_barrier_before_dispatch-payments-3be81583-r11,crashed,AEP_FULL,after_barrier_before_dispatch,payments,AUTHORITATIVE_READBACK,ORACLE_FINGERPRINT,0435243f-6407-4c01-90c3-e4a3cfc6ac05,CONFIRMED_NOT_APPLIED,FAILED_CONFIRMED,0,1,0,,28291.0,0,0,,1
aep_full-after_barrier_before_dispatch-payments-3be81583-r12,crashed,AEP_FULL,after_barrier_before_dispatch,payments,AUTHORITATIVE_READBACK,ORACLE_FINGERPRINT,aa165966-3276-4c94-b985-65c56e335edf,CONFIRMED_NOT_APPLIED,FAILED_CONFIRMED,0,1,0,,60374.0,0,0,,1
aep_full-after_barrier_before_dispatch-payments-3be81583-r12,crashed,AEP_FULL,after_barrier_before_dispatch,payments,AUTHORITATIVE_READBACK,ORACLE_FINGERPRINT,f35a4467-ae59-43e0-b1f4-85b3c745b95a,CONFIRMED_NOT_APPLIED,FAILED_CONFIRMED,0,1,0,,52429.0,0,0,,1
aep_full-after_barrier_before_dispatch-payments-3be81583-r12,crashed,AEP_FULL,after_barrier_before_dispatch,payments,AUTHORITATIVE_READBACK,ORACLE_FINGERPRINT,044b1e6a-a1da-4a70-928a-3be4cfb0a89a,CONFIRMED_NOT_APPLIED,FAILED_CONFIRMED,0,1,0,,45396.0,0,0,,1
aep_full-after_barrier_before_dispatch-payments-3be81583-r12,crashed,AEP_FULL,after_barrier_before_dispatch,payments,AUTHORITATIVE_READBACK,ORACLE_FINGERPRINT,a70adee2-63a3-4a0b-a35c-c63c408fc84a,CONFIRMED_NOT_APPLIED,FAILED_CONFIRMED,0,1,0,,37383.0,0,0,,1
aep_full-after_barrier_before_dispatch-payments-3be81583-r12,crashed,AEP_FULL,after_barrier_before_dispatch,payments,AUTHORITATIVE_READBACK,ORACLE_FINGERPRINT,ba2becec-ddf3-4b29-8c2c-5e9b56633b71,CONFIRMED_NOT_APPLIED,FAILED_CONFIRMED,0,1,0,,30459.0,0,0,,1
aep_full-after_barrier_before_dispatch-payments-3be81583-r12,crashed,AEP_FULL,after_barrier_before_dispatch,payments,AUTHORITATIVE_READBACK,ORACLE_FINGERPRINT,8dafa196-262b-4e19-bea5-9ac586df0136,CONFIRMED_NOT_APPLIED,FAILED_CONFIRMED,0,1,0,,61379.0,0,0,,1
aep_full-after_barrier_before_dispatch-payments-3be81583-r12,crashed,AEP_FULL,after_barrier_before_dispatch,payments,AUTHORITATIVE_READBACK,ORACLE_FINGERPRINT,50ebf877-51fc-445a-ba01-8b671b43f635,CONFIRMED_NOT_APPLIED,FAILED_CONFIRMED,0,1,0,,52428.0,0,0,,1
aep_full-after_barrier_before_dispatch-payments-3be81583-r12,crashed,AEP_FULL,after_barrier_before_dispatch,payments,AUTHORITATIVE_READBACK,ORACLE_FINGERPRINT,2e2d7d49-c3ef-49f7-9b8a-403e7e8277fb,CONFIRMED_NOT_APPLIED,FAILED_CONFIRMED,0,1,0,,45396.0,0,0,,1
aep_full-after_barrier_before_dispatch-payments-3be81583-r12,crashed,AEP_FULL,after_barrier_before_dispatch,payments,AUTHORITATIVE_READBACK,ORACLE_FINGERPRINT,f9042fce-cd36-48a6-9467-acf606b6bdcc,CONFIRMED_NOT_APPLIED,FAILED_CONFIRMED,0,1,0,,37383.0,0,0,,1
aep_full-after_barrier_before_dispatch-payments-3be81583-r12,crashed,AEP_FULL,after_barrier_before_dispatch,payments,AUTHORITATIVE_READBACK,ORACLE_FINGERPRINT,aeb0d13e-ea9b-43bb-a1b3-92b06e170b8b,CONFIRMED_NOT_APPLIED,FAILED_CONFIRMED,0,1,0,,30459.0,0,0,,1
aep_full-after_barrier_before_dispatch-payments-3be81583-r13,crashed,AEP_FULL,after_barrier_before_dispatch,payments,AUTHORITATIVE_READBACK,ORACLE_FINGERPRINT,d039619f-cff0-4c93-aa37-bbedd98fe33f,CONFIRMED_NOT_APPLIED,FAILED_CONFIRMED,0,1,0,,55213.0,0,0,,1
aep_full-after_barrier_before_dispatch-payments-3be81583-r13,crashed,AEP_FULL,after_barrier_before_dispatch,payments,AUTHORITATIVE_READBACK,ORACLE_FINGERPRINT,793f9df4-851b-4f3f-98f2-92b809f004ae,CONFIRMED_NOT_APPLIED,FAILED_CONFIRMED,0,1,0,,46263.0,0,0,,1
aep_full-after_barrier_before_dispatch-payments-3be81583-r13,crashed,AEP_FULL,after_barrier_before_dispatch,payments,AUTHORITATIVE_READBACK,ORACLE_FINGERPRINT,35587792-a4ec-4543-8ee2-a186275c3fe6,CONFIRMED_NOT_APPLIED,FAILED_CONFIRMED,0,1,0,,41244.0,0,0,,1
aep_full-after_barrier_before_dispatch-payments-3be81583-r13,crashed,AEP_FULL,after_barrier_before_dispatch,payments,AUTHORITATIVE_READBACK,ORACLE_FINGERPRINT,5d5d2f45-67a7-4114-80ef-3ec6c3966e60,CONFIRMED_NOT_APPLIED,FAILED_CONFIRMED,0,1,0,,35212.0,0,0,,1
aep_full-after_barrier_before_dispatch-payments-3be81583-r13,crashed,AEP_FULL,after_barrier_before_dispatch,payments,AUTHORITATIVE_READBACK,ORACLE_FINGERPRINT,dcee75e4-743c-4ecd-87a2-fca6d1a482f1,CONFIRMED_NOT_APPLIED,FAILED_CONFIRMED,0,1,0,,28268.0,0,0,,1
aep_full-after_barrier_before_dispatch-payments-3be81583-r13,crashed,AEP_FULL,after_barrier_before_dispatch,payments,AUTHORITATIVE_READBACK,ORACLE_FINGERPRINT,cfab8f0f-2014-428c-a457-6c279ac9dbee,CONFIRMED_NOT_APPLIED,FAILED_CONFIRMED,0,1,0,,54204.0,0,0,,1
aep_full-after_barrier_before_dispatch-payments-3be81583-r13,crashed,AEP_FULL,after_barrier_before_dispatch,payments,AUTHORITATIVE_READBACK,ORACLE_FINGERPRINT,e31fc880-51c6-4512-8676-cbb8719c8b9f,CONFIRMED_NOT_APPLIED,FAILED_CONFIRMED,0,1,0,,46264.0,0,0,,1
aep_full-after_barrier_before_dispatch-payments-3be81583-r13,crashed,AEP_FULL,after_barrier_before_dispatch,payments,AUTHORITATIVE_READBACK,ORACLE_FINGERPRINT,b7417702-ee77-4504-8ec8-545a55545342,CONFIRMED_NOT_APPLIED,FAILED_CONFIRMED,0,1,0,,41244.0,0,0,,1
aep_full-after_barrier_before_dispatch-payments-3be81583-r13,crashed,AEP_FULL,after_barrier_before_dispatch,payments,AUTHORITATIVE_READBACK,ORACLE_FINGERPRINT,1241d878-0dfa-458b-9e4b-87f2a40faa1a,CONFIRMED_NOT_APPLIED,FAILED_CONFIRMED,0,1,0,,35212.0,0,0,,1
aep_full-after_barrier_before_dispatch-payments-3be81583-r13,crashed,AEP_FULL,after_barrier_before_dispatch,payments,AUTHORITATIVE_READBACK,ORACLE_FINGERPRINT,3e0894b4-2ceb-4395-8eb8-f790452bc08a,CONFIRMED_NOT_APPLIED,FAILED_CONFIRMED,0,1,0,,28268.0,0,0,,1
aep_full-after_barrier_before_dispatch-payments-3be81583-r14,crashed,AEP_FULL,after_barrier_before_dispatch,payments,AUTHORITATIVE_READBACK,ORACLE_FINGERPRINT,6160e436-b5e5-43a1-9b5e-6bc2e10e7546,CONFIRMED_NOT_APPLIED,FAILED_CONFIRMED,0,1,0,,46216.0,0,0,,1
aep_full-after_barrier_before_dispatch-payments-3be81583-r14,crashed,AEP_FULL,after_barrier_before_dispatch,payments,AUTHORITATIVE_READBACK,ORACLE_FINGERPRINT,6f0d4461-e31e-4415-9e23-91f3fabd6b29,CONFIRMED_NOT_APPLIED,FAILED_CONFIRMED,0,1,0,,41291.0,0,0,,1
aep_full-after_barrier_before_dispatch-payments-3be81583-r14,crashed,AEP_FULL,after_barrier_before_dispatch,payments,AUTHORITATIVE_READBACK,ORACLE_FINGERPRINT,afba04bf-0614-4e05-a8f5-690da2f63406,CONFIRMED_NOT_APPLIED,FAILED_CONFIRMED,0,1,0,,37272.0,0,0,,1
aep_full-after_barrier_before_dispatch-payments-3be81583-r14,crashed,AEP_FULL,after_barrier_before_dispatch,payments,AUTHORITATIVE_READBACK,ORACLE_FINGERPRINT,4dbc6aed-8b9f-4698-b1d9-b9bf0d0950fe,CONFIRMED_NOT_APPLIED,FAILED_CONFIRMED,0,1,0,,32250.0,0,0,,1
aep_full-after_barrier_before_dispatch-payments-3be81583-r14,crashed,AEP_FULL,after_barrier_before_dispatch,payments,AUTHORITATIVE_READBACK,ORACLE_FINGERPRINT,e521dc00-0b88-484f-8ce8-ba0565dab23e,CONFIRMED_NOT_APPLIED,FAILED_CONFIRMED,0,1,0,,28232.0,0,0,,1
aep_full-after_barrier_before_dispatch-payments-3be81583-r14,crashed,AEP_FULL,after_barrier_before_dispatch,payments,AUTHORITATIVE_READBACK,ORACLE_FINGERPRINT,b037ec0f-e9f7-4a14-a533-71d140248c1f,CONFIRMED_NOT_APPLIED,FAILED_CONFIRMED,0,1,0,,46216.0,0,0,,1
aep_full-after_barrier_before_dispatch-payments-3be81583-r14,crashed,AEP_FULL,after_barrier_before_dispatch,payments,AUTHORITATIVE_READBACK,ORACLE_FINGERPRINT,6582dd30-089c-4272-8f84-5a005f6dfc23,CONFIRMED_NOT_APPLIED,FAILED_CONFIRMED,0,1,0,,41291.0,0,0,,1
aep_full-after_barrier_before_dispatch-payments-3be81583-r14,crashed,AEP_FULL,after_barrier_before_dispatch,payments,AUTHORITATIVE_READBACK,ORACLE_FINGERPRINT,a094a6e7-4ce1-44ff-a5a6-f1bd104570f6,CONFIRMED_NOT_APPLIED,FAILED_CONFIRMED,0,1,0,,37273.0,0,0,,1
aep_full-after_barrier_before_dispatch-payments-3be81583-r14,crashed,AEP_FULL,after_barrier_before_dispatch,payments,AUTHORITATIVE_READBACK,ORACLE_FINGERPRINT,8550dde9-2cb7-4d88-b9b3-03135f0fb71f,CONFIRMED_NOT_APPLIED,FAILED_CONFIRMED,0,1,0,,32250.0,0,0,,1
aep_full-after_barrier_before_dispatch-payments-3be81583-r14,crashed,AEP_FULL,after_barrier_before_dispatch,payments,AUTHORITATIVE_READBACK,ORACLE_FINGERPRINT,68936fb5-ff45-4a5b-900f-7cbf83fd8054,CONFIRMED_NOT_APPLIED,FAILED_CONFIRMED,0,1,0,,28232.0,0,0,,1
aep_full-after_barrier_before_dispatch-payments-3be81583-r2,crashed,AEP_FULL,after_barrier_before_dispatch,payments,AUTHORITATIVE_READBACK,ORACLE_FINGERPRINT,f2894bf3-e7c6-4470-87f5-6b2a1dc2935c,CONFIRMED_NOT_APPLIED,FAILED_CONFIRMED,0,1,0,,44056.0,0,0,,1
aep_full-after_barrier_before_dispatch-payments-3be81583-r2,crashed,AEP_FULL,after_barrier_before_dispatch,payments,AUTHORITATIVE_READBACK,ORACLE_FINGERPRINT,841d6cbe-2112-437f-afe2-e5bcdc564236,CONFIRMED_NOT_APPLIED,FAILED_CONFIRMED,0,1,0,,39037.0,0,0,,1
aep_full-after_barrier_before_dispatch-payments-3be81583-r2,crashed,AEP_FULL,after_barrier_before_dispatch,payments,AUTHORITATIVE_READBACK,ORACLE_FINGERPRINT,614c9efb-32b7-4a46-9797-b0a29345951d,CONFIRMED_NOT_APPLIED,FAILED_CONFIRMED,0,1,0,,35235.0,0,0,,1
aep_full-after_barrier_before_dispatch-payments-3be81583-r2,crashed,AEP_FULL,after_barrier_before_dispatch,payments,AUTHORITATIVE_READBACK,ORACLE_FINGERPRINT,e656999d-6d30-4ded-bf42-394a1ed7f124,CONFIRMED_NOT_APPLIED,FAILED_CONFIRMED,0,1,0,,31110.0,0,0,,1
aep_full-after_barrier_before_dispatch-payments-3be81583-r2,crashed,AEP_FULL,after_barrier_before_dispatch,payments,AUTHORITATIVE_READBACK,ORACLE_FINGERPRINT,033de21a-a599-4967-b160-9c3821b39e92,CONFIRMED_NOT_APPLIED,FAILED_CONFIRMED,0,1,0,,27096.0,0,0,,1
aep_full-after_barrier_before_dispatch-payments-3be81583-r2,crashed,AEP_FULL,after_barrier_before_dispatch,payments,AUTHORITATIVE_READBACK,ORACLE_FINGERPRINT,c0cd83ff-c43a-43fb-8b26-67f2dc5b60fb,CONFIRMED_NOT_APPLIED,FAILED_CONFIRMED,0,1,0,,44057.0,0,0,,1
aep_full-after_barrier_before_dispatch-payments-3be81583-r2,crashed,AEP_FULL,after_barrier_before_dispatch,payments,AUTHORITATIVE_READBACK,ORACLE_FINGERPRINT,3f594b23-5d0c-439b-8ab0-acf31a517526,CONFIRMED_NOT_APPLIED,FAILED_CONFIRMED,0,1,0,,39037.0,0,0,,1
aep_full-after_barrier_before_dispatch-payments-3be81583-r2,crashed,AEP_FULL,after_barrier_before_dispatch,payments,AUTHORITATIVE_READBACK,ORACLE_FINGERPRINT,38179c96-7c29-4b54-a2b4-bb4590facc39,CONFIRMED_NOT_APPLIED,FAILED_CONFIRMED,0,1,0,,35234.0,0,0,,1
aep_full-after_barrier_before_dispatch-payments-3be81583-r2,crashed,AEP_FULL,after_barrier_before_dispatch,payments,AUTHORITATIVE_READBACK,ORACLE_FINGERPRINT,c68a7740-d01b-49e7-8afa-fa452984b512,CONFIRMED_NOT_APPLIED,FAILED_CONFIRMED,0,1,0,,31110.0,0,0,,1
aep_full-after_barrier_before_dispatch-payments-3be81583-r2,crashed,AEP_FULL,after_barrier_before_dispatch,payments,AUTHORITATIVE_READBACK,ORACLE_FINGERPRINT,3271b482-633a-45c8-a166-161ffb827045,CONFIRMED_NOT_APPLIED,FAILED_CONFIRMED,0,1,0,,27096.0,0,0,,1
aep_full-after_barrier_before_dispatch-payments-3be81583-r3,crashed,AEP_FULL,after_barrier_before_dispatch,payments,AUTHORITATIVE_READBACK,ORACLE_FINGERPRINT,24c0f6fc-2264-498d-8dde-4c743f7ce153,CONFIRMED_NOT_APPLIED,FAILED_CONFIRMED,0,1,0,,69114.0,0,0,,1
aep_full-after_barrier_before_dispatch-payments-3be81583-r3,crashed,AEP_FULL,after_barrier_before_dispatch,payments,AUTHORITATIVE_READBACK,ORACLE_FINGERPRINT,fa96a3b9-51c0-4cd1-baf8-cea8ea94bc96,CONFIRMED_NOT_APPLIED,FAILED_CONFIRMED,0,1,0,,59040.0,0,0,,1
aep_full-after_barrier_before_dispatch-payments-3be81583-r3,crashed,AEP_FULL,after_barrier_before_dispatch,payments,AUTHORITATIVE_READBACK,ORACLE_FINGERPRINT,6fda731c-362b-4d78-843a-1381c1bdf1a0,CONFIRMED_NOT_APPLIED,FAILED_CONFIRMED,0,1,0,,49034.0,0,0,,1
aep_full-after_barrier_before_dispatch-payments-3be81583-r3,crashed,AEP_FULL,after_barrier_before_dispatch,payments,AUTHORITATIVE_READBACK,ORACLE_FINGERPRINT,2bdfdaf9-fc48-470a-9b93-82c58dc997fa,CONFIRMED_NOT_APPLIED,FAILED_CONFIRMED,0,1,0,,37054.0,0,0,,1
aep_full-after_barrier_before_dispatch-payments-3be81583-r3,crashed,AEP_FULL,after_barrier_before_dispatch,payments,AUTHORITATIVE_READBACK,ORACLE_FINGERPRINT,df6fb8b2-2946-4df1-bc61-9ccc20445678,CONFIRMED_NOT_APPLIED,FAILED_CONFIRMED,0,1,0,,27182.0,0,0,,1
aep_full-after_barrier_before_dispatch-payments-3be81583-r3,crashed,AEP_FULL,after_barrier_before_dispatch,payments,AUTHORITATIVE_READBACK,ORACLE_FINGERPRINT,cfe9d2a9-f800-4b75-9d09-586730eba737,CONFIRMED_NOT_APPLIED,FAILED_CONFIRMED,0,1,0,,72043.0,0,0,,1
aep_full-after_barrier_before_dispatch-payments-3be81583-r3,crashed,AEP_FULL,after_barrier_before_dispatch,payments,AUTHORITATIVE_READBACK,ORACLE_FINGERPRINT,10b614e2-d3be-41d9-a32d-cdb7139d6de8,CONFIRMED_NOT_APPLIED,FAILED_CONFIRMED,0,1,0,,60062.0,0,0,,1
aep_full-after_barrier_before_dispatch-payments-3be81583-r3,crashed,AEP_FULL,after_barrier_before_dispatch,payments,AUTHORITATIVE_READBACK,ORACLE_FINGERPRINT,70b53525-a2e9-4897-b711-3a3aea766bec,CONFIRMED_NOT_APPLIED,FAILED_CONFIRMED,0,1,0,,49034.0,0,0,,1
aep_full-after_barrier_before_dispatch-payments-3be81583-r3,crashed,AEP_FULL,after_barrier_before_dispatch,payments,AUTHORITATIVE_READBACK,ORACLE_FINGERPRINT,666ac95c-21d7-4184-93ea-d2903c98c39a,CONFIRMED_NOT_APPLIED,FAILED_CONFIRMED,0,1,0,,37056.0,0,0,,1
aep_full-after_barrier_before_dispatch-payments-3be81583-r3,crashed,AEP_FULL,after_barrier_before_dispatch,payments,AUTHORITATIVE_READBACK,ORACLE_FINGERPRINT,ef1e9ab6-9e7e-4a6d-9aa6-beabf312a418,CONFIRMED_NOT_APPLIED,FAILED_CONFIRMED,0,1,0,,27184.0,0,0,,1
aep_full-after_barrier_before_dispatch-payments-3be81583-r4,crashed,AEP_FULL,after_barrier_before_dispatch,payments,AUTHORITATIVE_READBACK,ORACLE_FINGERPRINT,5e60a79a-ab75-453f-b2fa-ce70a190c757,CONFIRMED_NOT_APPLIED,FAILED_CONFIRMED,0,1,0,,48063.0,0,0,,1
aep_full-after_barrier_before_dispatch-payments-3be81583-r4,crashed,AEP_FULL,after_barrier_before_dispatch,payments,AUTHORITATIVE_READBACK,ORACLE_FINGERPRINT,02813e6f-b559-4cbd-a2fa-28c32f05fa46,CONFIRMED_NOT_APPLIED,FAILED_CONFIRMED,0,1,0,,41116.0,0,0,,1
aep_full-after_barrier_before_dispatch-payments-3be81583-r4,crashed,AEP_FULL,after_barrier_before_dispatch,payments,AUTHORITATIVE_READBACK,ORACLE_FINGERPRINT,8dce3f79-af0a-450f-af14-d3ce2c89a5ec,CONFIRMED_NOT_APPLIED,FAILED_CONFIRMED,0,1,0,,37100.0,0,0,,1
aep_full-after_barrier_before_dispatch-payments-3be81583-r4,crashed,AEP_FULL,after_barrier_before_dispatch,payments,AUTHORITATIVE_READBACK,ORACLE_FINGERPRINT,95bf83f3-4650-46d5-a5fa-fa0fa5e5b699,CONFIRMED_NOT_APPLIED,FAILED_CONFIRMED,0,1,0,,33186.0,0,0,,1
aep_full-after_barrier_before_dispatch-payments-3be81583-r4,crashed,AEP_FULL,after_barrier_before_dispatch,payments,AUTHORITATIVE_READBACK,ORACLE_FINGERPRINT,ddc14bae-5f22-48e2-a33d-4e3a866708da,CONFIRMED_NOT_APPLIED,FAILED_CONFIRMED,0,1,0,,29114.0,0,0,,1
aep_full-after_barrier_before_dispatch-payments-3be81583-r4,crashed,AEP_FULL,after_barrier_before_dispatch,payments,AUTHORITATIVE_READBACK,ORACLE_FINGERPRINT,80998426-905b-403c-83cd-63a960e387d9,CONFIRMED_NOT_APPLIED,FAILED_CONFIRMED,0,1,0,,48063.0,0,0,,1
aep_full-after_barrier_before_dispatch-payments-3be81583-r4,crashed,AEP_FULL,after_barrier_before_dispatch,payments,AUTHORITATIVE_READBACK,ORACLE_FINGERPRINT,c627c448-d5f1-462b-b8b2-0e9849cd394d,CONFIRMED_NOT_APPLIED,FAILED_CONFIRMED,0,1,0,,41116.0,0,0,,1
aep_full-after_barrier_before_dispatch-payments-3be81583-r4,crashed,AEP_FULL,after_barrier_before_dispatch,payments,AUTHORITATIVE_READBACK,ORACLE_FINGERPRINT,1f8b0988-e326-49d2-a4f6-9bd2e2512d73,CONFIRMED_NOT_APPLIED,FAILED_CONFIRMED,0,1,0,,37100.0,0,0,,1
aep_full-after_barrier_before_dispatch-payments-3be81583-r4,crashed,AEP_FULL,after_barrier_before_dispatch,payments,AUTHORITATIVE_READBACK,ORACLE_FINGERPRINT,40185c9a-afde-44f3-b6c0-9238cac31ca1,CONFIRMED_NOT_APPLIED,FAILED_CONFIRMED,0,1,0,,33187.0,0,0,,1
aep_full-after_barrier_before_dispatch-payments-3be81583-r4,crashed,AEP_FULL,after_barrier_before_dispatch,payments,AUTHORITATIVE_READBACK,ORACLE_FINGERPRINT,f6267131-228c-42f0-8c0c-0c5ac0820518,CONFIRMED_NOT_APPLIED,FAILED_CONFIRMED,0,1,0,,29115.0,0,0,,1
aep_full-after_barrier_before_dispatch-payments-3be81583-r5,crashed,AEP_FULL,after_barrier_before_dispatch,payments,AUTHORITATIVE_READBACK,ORACLE_FINGERPRINT,f1f375d0-a228-4d08-93eb-54246b15a48f,CONFIRMED_NOT_APPLIED,FAILED_CONFIRMED,0,1,0,,49859.0,0,0,,1
aep_full-after_barrier_before_dispatch-payments-3be81583-r5,crashed,AEP_FULL,after_barrier_before_dispatch,payments,AUTHORITATIVE_READBACK,ORACLE_FINGERPRINT,b3fdb843-de56-4675-989f-138c3338b0c3,CONFIRMED_NOT_APPLIED,FAILED_CONFIRMED,0,1,0,,42887.0,0,0,,1
aep_full-after_barrier_before_dispatch-payments-3be81583-r5,crashed,AEP_FULL,after_barrier_before_dispatch,payments,AUTHORITATIVE_READBACK,ORACLE_FINGERPRINT,aecd181e-43a2-460b-9c6a-0a9e6da84fcb,CONFIRMED_NOT_APPLIED,FAILED_CONFIRMED,0,1,0,,38874.0,0,0,,1
aep_full-after_barrier_before_dispatch-payments-3be81583-r5,crashed,AEP_FULL,after_barrier_before_dispatch,payments,AUTHORITATIVE_READBACK,ORACLE_FINGERPRINT,2d6f182b-0df7-40cf-9673-5aa61848ddaf,CONFIRMED_NOT_APPLIED,FAILED_CONFIRMED,0,1,0,,34856.0,0,0,,1
aep_full-after_barrier_before_dispatch-payments-3be81583-r5,crashed,AEP_FULL,after_barrier_before_dispatch,payments,AUTHORITATIVE_READBACK,ORACLE_FINGERPRINT,ccf0016b-cfbe-4cd6-87f8-b0edfb97dbc4,CONFIRMED_NOT_APPLIED,FAILED_CONFIRMED,0,1,0,,31020.0,0,0,,1
aep_full-after_barrier_before_dispatch-payments-3be81583-r5,crashed,AEP_FULL,after_barrier_before_dispatch,payments,AUTHORITATIVE_READBACK,ORACLE_FINGERPRINT,8f4aba2c-4786-49a7-a2c5-51bb870eb9c8,CONFIRMED_NOT_APPLIED,FAILED_CONFIRMED,0,1,0,,49858.0,0,0,,1
aep_full-after_barrier_before_dispatch-payments-3be81583-r5,crashed,AEP_FULL,after_barrier_before_dispatch,payments,AUTHORITATIVE_READBACK,ORACLE_FINGERPRINT,f4b33cdd-5bba-4737-97a7-a6b6ecc3704f,CONFIRMED_NOT_APPLIED,FAILED_CONFIRMED,0,1,0,,42885.0,0,0,,1
aep_full-after_barrier_before_dispatch-payments-3be81583-r5,crashed,AEP_FULL,after_barrier_before_dispatch,payments,AUTHORITATIVE_READBACK,ORACLE_FINGERPRINT,d18647aa-89fb-4c64-a097-11c682bc65f7,CONFIRMED_NOT_APPLIED,FAILED_CONFIRMED,0,1,0,,38873.0,0,0,,1
aep_full-after_barrier_before_dispatch-payments-3be81583-r5,crashed,AEP_FULL,after_barrier_before_dispatch,payments,AUTHORITATIVE_READBACK,ORACLE_FINGERPRINT,576059f6-22c1-42f5-8838-3ba23abe90da,CONFIRMED_NOT_APPLIED,FAILED_CONFIRMED,0,1,0,,34856.0,0,0,,1
aep_full-after_barrier_before_dispatch-payments-3be81583-r5,crashed,AEP_FULL,after_barrier_before_dispatch,payments,AUTHORITATIVE_READBACK,ORACLE_FINGERPRINT,e9903542-beeb-4fed-b289-c6c6960ab62f,CONFIRMED_NOT_APPLIED,FAILED_CONFIRMED,0,1,0,,31020.0,0,0,,1
aep_full-after_barrier_before_dispatch-payments-3be81583-r6,crashed,AEP_FULL,after_barrier_before_dispatch,payments,AUTHORITATIVE_READBACK,ORACLE_FINGERPRINT,ec6347cc-5b76-4ba8-83a6-153b397700a0,CONFIRMED_NOT_APPLIED,FAILED_CONFIRMED,0,1,0,,45851.0,0,0,,1
aep_full-after_barrier_before_dispatch-payments-3be81583-r6,crashed,AEP_FULL,after_barrier_before_dispatch,payments,AUTHORITATIVE_READBACK,ORACLE_FINGERPRINT,01c87ad5-61bd-4bc3-ade1-26a02005b8d2,CONFIRMED_NOT_APPLIED,FAILED_CONFIRMED,0,1,0,,41091.0,0,0,,1
aep_full-after_barrier_before_dispatch-payments-3be81583-r6,crashed,AEP_FULL,after_barrier_before_dispatch,payments,AUTHORITATIVE_READBACK,ORACLE_FINGERPRINT,cd67693c-109e-419a-a049-8a07c3ef020e,CONFIRMED_NOT_APPLIED,FAILED_CONFIRMED,0,1,0,,36915.0,0,0,,1
aep_full-after_barrier_before_dispatch-payments-3be81583-r6,crashed,AEP_FULL,after_barrier_before_dispatch,payments,AUTHORITATIVE_READBACK,ORACLE_FINGERPRINT,4e4f3e02-ab3c-4810-8b7f-e085fc07101f,CONFIRMED_NOT_APPLIED,FAILED_CONFIRMED,0,1,0,,32903.0,0,0,,1
aep_full-after_barrier_before_dispatch-payments-3be81583-r6,crashed,AEP_FULL,after_barrier_before_dispatch,payments,AUTHORITATIVE_READBACK,ORACLE_FINGERPRINT,d453e4dd-7a8e-4de7-9996-841e55036395,CONFIRMED_NOT_APPLIED,FAILED_CONFIRMED,0,1,0,,28881.0,0,0,,1
aep_full-after_barrier_before_dispatch-payments-3be81583-r6,crashed,AEP_FULL,after_barrier_before_dispatch,payments,AUTHORITATIVE_READBACK,ORACLE_FINGERPRINT,06cb2f32-9a61-4ddc-bef3-5ddfdb89a119,CONFIRMED_NOT_APPLIED,FAILED_CONFIRMED,0,1,0,,46955.0,0,0,,1
aep_full-after_barrier_before_dispatch-payments-3be81583-r6,crashed,AEP_FULL,after_barrier_before_dispatch,payments,AUTHORITATIVE_READBACK,ORACLE_FINGERPRINT,bf6c5f8f-bf6b-44aa-a87a-7c7d5aa544ce,CONFIRMED_NOT_APPLIED,FAILED_CONFIRMED,0,1,0,,42123.0,0,0,,1
aep_full-after_barrier_before_dispatch-payments-3be81583-r6,crashed,AEP_FULL,after_barrier_before_dispatch,payments,AUTHORITATIVE_READBACK,ORACLE_FINGERPRINT,9f67165b-91e6-468d-95e7-523e47378c83,CONFIRMED_NOT_APPLIED,FAILED_CONFIRMED,0,1,0,,36918.0,0,0,,1
aep_full-after_barrier_before_dispatch-payments-3be81583-r6,crashed,AEP_FULL,after_barrier_before_dispatch,payments,AUTHORITATIVE_READBACK,ORACLE_FINGERPRINT,e88f9d70-f844-466f-9c96-2ff05c7dfd5f,CONFIRMED_NOT_APPLIED,FAILED_CONFIRMED,0,1,0,,32902.0,0,0,,1
aep_full-after_barrier_before_dispatch-payments-3be81583-r6,crashed,AEP_FULL,after_barrier_before_dispatch,payments,AUTHORITATIVE_READBACK,ORACLE_FINGERPRINT,4f90998a-afbb-42c7-8c3c-d9e5af07af84,CONFIRMED_NOT_APPLIED,FAILED_CONFIRMED,0,1,0,,28882.0,0,0,,1
aep_full-after_barrier_before_dispatch-payments-3be81583-r7,crashed,AEP_FULL,after_barrier_before_dispatch,payments,AUTHORITATIVE_READBACK,ORACLE_FINGERPRINT,10ab3d7a-c244-4e88-84fd-0ae9a42cf7f5,CONFIRMED_NOT_APPLIED,FAILED_CONFIRMED,0,1,0,,39614.0,0,0,,1
aep_full-after_barrier_before_dispatch-payments-3be81583-r7,crashed,AEP_FULL,after_barrier_before_dispatch,payments,AUTHORITATIVE_READBACK,ORACLE_FINGERPRINT,f9e7083b-330d-40d5-a9f7-3c694d14652c,CONFIRMED_NOT_APPLIED,FAILED_CONFIRMED,0,1,0,,35997.0,0,0,,1
aep_full-after_barrier_before_dispatch-payments-3be81583-r7,crashed,AEP_FULL,after_barrier_before_dispatch,payments,AUTHORITATIVE_READBACK,ORACLE_FINGERPRINT,9a9850b8-5344-41a6-b99b-db791cd32369,CONFIRMED_NOT_APPLIED,FAILED_CONFIRMED,0,1,0,,32680.0,0,0,,1
aep_full-after_barrier_before_dispatch-payments-3be81583-r7,crashed,AEP_FULL,after_barrier_before_dispatch,payments,AUTHORITATIVE_READBACK,ORACLE_FINGERPRINT,a64c287b-d820-48ac-8735-bd0f664009ea,CONFIRMED_NOT_APPLIED,FAILED_CONFIRMED,0,1,0,,29576.0,0,0,,1
aep_full-after_barrier_before_dispatch-payments-3be81583-r7,crashed,AEP_FULL,after_barrier_before_dispatch,payments,AUTHORITATIVE_READBACK,ORACLE_FINGERPRINT,7b57a88c-b8d0-4a97-9329-ce3bd81e3255,CONFIRMED_NOT_APPLIED,FAILED_CONFIRMED,0,1,0,,26569.0,0,0,,1
aep_full-after_barrier_before_dispatch-payments-3be81583-r7,crashed,AEP_FULL,after_barrier_before_dispatch,payments,AUTHORITATIVE_READBACK,ORACLE_FINGERPRINT,984459d6-8417-4352-8ca0-974c00219056,CONFIRMED_NOT_APPLIED,FAILED_CONFIRMED,0,1,0,,39614.0,0,0,,1
aep_full-after_barrier_before_dispatch-payments-3be81583-r7,crashed,AEP_FULL,after_barrier_before_dispatch,payments,AUTHORITATIVE_READBACK,ORACLE_FINGERPRINT,04c64d0b-6a43-4d1b-8057-e1819e4c5af0,CONFIRMED_NOT_APPLIED,FAILED_CONFIRMED,0,1,0,,35997.0,0,0,,1
aep_full-after_barrier_before_dispatch-payments-3be81583-r7,crashed,AEP_FULL,after_barrier_before_dispatch,payments,AUTHORITATIVE_READBACK,ORACLE_FINGERPRINT,87c47d1f-8dd5-4e14-9e8c-016d21d55a8d,CONFIRMED_NOT_APPLIED,FAILED_CONFIRMED,0,1,0,,32680.0,0,0,,1
aep_full-after_barrier_before_dispatch-payments-3be81583-r7,crashed,AEP_FULL,after_barrier_before_dispatch,payments,AUTHORITATIVE_READBACK,ORACLE_FINGERPRINT,c219cd6b-7e3e-4f6c-b2c7-5b6e2bc332a2,CONFIRMED_NOT_APPLIED,FAILED_CONFIRMED,0,1,0,,29578.0,0,0,,1
aep_full-after_barrier_before_dispatch-payments-3be81583-r7,crashed,AEP_FULL,after_barrier_before_dispatch,payments,AUTHORITATIVE_READBACK,ORACLE_FINGERPRINT,c4ae8dec-5c30-4696-b3bb-9171f26d654d,CONFIRMED_NOT_APPLIED,FAILED_CONFIRMED,0,1,0,,26569.0,0,0,,1
aep_full-after_barrier_before_dispatch-payments-3be81583-r8,crashed,AEP_FULL,after_barrier_before_dispatch,payments,AUTHORITATIVE_READBACK,ORACLE_FINGERPRINT,72132be2-c23d-44eb-b7eb-0e2f2af19792,CONFIRMED_NOT_APPLIED,FAILED_CONFIRMED,0,1,0,,167010.0,0,0,,1
aep_full-after_barrier_before_dispatch-payments-3be81583-r8,crashed,AEP_FULL,after_barrier_before_dispatch,payments,AUTHORITATIVE_READBACK,ORACLE_FINGERPRINT,1a4d3fc8-0e38-4aa5-9211-73088d078ad5,CONFIRMED_NOT_APPLIED,FAILED_CONFIRMED,0,1,0,,143038.0,0,0,,1
aep_full-after_barrier_before_dispatch-payments-3be81583-r8,crashed,AEP_FULL,after_barrier_before_dispatch,payments,AUTHORITATIVE_READBACK,ORACLE_FINGERPRINT,02e8aa5c-bfee-47e2-83b5-b73882518c7c,CONFIRMED_NOT_APPLIED,FAILED_CONFIRMED,0,1,0,,93969.0,0,0,,1
aep_full-after_barrier_before_dispatch-payments-3be81583-r8,crashed,AEP_FULL,after_barrier_before_dispatch,payments,AUTHORITATIVE_READBACK,ORACLE_FINGERPRINT,86244293-c11f-45bb-9a92-41ee2836bbe1,CONFIRMED_NOT_APPLIED,FAILED_CONFIRMED,0,1,0,,48024.0,0,0,,1
aep_full-after_barrier_before_dispatch-payments-3be81583-r8,crashed,AEP_FULL,after_barrier_before_dispatch,payments,AUTHORITATIVE_READBACK,ORACLE_FINGERPRINT,b562a3c8-777e-4775-8dc4-ccc8356b7c91,CONFIRMED_NOT_APPLIED,FAILED_CONFIRMED,0,1,0,,30182.0,0,0,,1
aep_full-after_barrier_before_dispatch-payments-3be81583-r8,crashed,AEP_FULL,after_barrier_before_dispatch,payments,AUTHORITATIVE_READBACK,ORACLE_FINGERPRINT,71ecf922-979b-4c21-827b-75474b037c44,CONFIRMED_NOT_APPLIED,FAILED_CONFIRMED,0,1,0,,167010.0,0,0,,1
aep_full-after_barrier_before_dispatch-payments-3be81583-r8,crashed,AEP_FULL,after_barrier_before_dispatch,payments,AUTHORITATIVE_READBACK,ORACLE_FINGERPRINT,f73b3397-97b0-4612-9b79-d9a5f566d90d,CONFIRMED_NOT_APPLIED,FAILED_CONFIRMED,0,1,0,,143038.0,0,0,,1
aep_full-after_barrier_before_dispatch-payments-3be81583-r8,crashed,AEP_FULL,after_barrier_before_dispatch,payments,AUTHORITATIVE_READBACK,ORACLE_FINGERPRINT,fee3321d-9a87-40f9-a571-35cedf0a054d,CONFIRMED_NOT_APPLIED,FAILED_CONFIRMED,0,1,0,,93969.0,0,0,,1
aep_full-after_barrier_before_dispatch-payments-3be81583-r8,crashed,AEP_FULL,after_barrier_before_dispatch,payments,AUTHORITATIVE_READBACK,ORACLE_FINGERPRINT,75a277d9-6f91-4414-b4b8-1b9d81854255,CONFIRMED_NOT_APPLIED,FAILED_CONFIRMED,0,1,0,,48024.0,0,0,,1
aep_full-after_barrier_before_dispatch-payments-3be81583-r8,crashed,AEP_FULL,after_barrier_before_dispatch,payments,AUTHORITATIVE_READBACK,ORACLE_FINGERPRINT,383dcf73-e9b7-4f18-b9cb-faed581d406b,CONFIRMED_NOT_APPLIED,FAILED_CONFIRMED,0,1,0,,29021.0,0,0,,1
aep_full-after_barrier_before_dispatch-payments-3be81583-r9,crashed,AEP_FULL,after_barrier_before_dispatch,payments,AUTHORITATIVE_READBACK,ORACLE_FINGERPRINT,91d5ee23-92f3-489e-9755-cb76e24daa43,CONFIRMED_NOT_APPLIED,FAILED_CONFIRMED,0,1,0,,42423.0,0,0,,1
aep_full-after_barrier_before_dispatch-payments-3be81583-r9,crashed,AEP_FULL,after_barrier_before_dispatch,payments,AUTHORITATIVE_READBACK,ORACLE_FINGERPRINT,ce91739f-f982-4622-a10f-0cd91d165df8,CONFIRMED_NOT_APPLIED,FAILED_CONFIRMED,0,1,0,,39306.0,0,0,,1
aep_full-after_barrier_before_dispatch-payments-3be81583-r9,crashed,AEP_FULL,after_barrier_before_dispatch,payments,AUTHORITATIVE_READBACK,ORACLE_FINGERPRINT,36dabe5d-7837-4a1d-9671-d0319b68da18,CONFIRMED_NOT_APPLIED,FAILED_CONFIRMED,0,1,0,,36255.0,0,0,,1
aep_full-after_barrier_before_dispatch-payments-3be81583-r9,crashed,AEP_FULL,after_barrier_before_dispatch,payments,AUTHORITATIVE_READBACK,ORACLE_FINGERPRINT,8a644994-82ba-4ffa-822d-ab241db07831,CONFIRMED_NOT_APPLIED,FAILED_CONFIRMED,0,1,0,,32243.0,0,0,,1
aep_full-after_barrier_before_dispatch-payments-3be81583-r9,crashed,AEP_FULL,after_barrier_before_dispatch,payments,AUTHORITATIVE_READBACK,ORACLE_FINGERPRINT,03c991a6-3a88-47c4-9592-1d8b3fb5e439,CONFIRMED_NOT_APPLIED,FAILED_CONFIRMED,0,1,0,,29231.0,0,0,,1
aep_full-after_barrier_before_dispatch-payments-3be81583-r9,crashed,AEP_FULL,after_barrier_before_dispatch,payments,AUTHORITATIVE_READBACK,ORACLE_FINGERPRINT,21cb2370-cf87-4970-9998-29bf3738a945,CONFIRMED_NOT_APPLIED,FAILED_CONFIRMED,0,1,0,,42424.0,0,0,,1
aep_full-after_barrier_before_dispatch-payments-3be81583-r9,crashed,AEP_FULL,after_barrier_before_dispatch,payments,AUTHORITATIVE_READBACK,ORACLE_FINGERPRINT,54185e93-228b-4524-aff9-2577492f4e29,CONFIRMED_NOT_APPLIED,FAILED_CONFIRMED,0,1,0,,39307.0,0,0,,1
aep_full-after_barrier_before_dispatch-payments-3be81583-r9,crashed,AEP_FULL,after_barrier_before_dispatch,payments,AUTHORITATIVE_READBACK,ORACLE_FINGERPRINT,6db94ee3-239b-4dda-b6c1-0b4c7ec0859e,CONFIRMED_NOT_APPLIED,FAILED_CONFIRMED,0,1,0,,36256.0,0,0,,1
aep_full-after_barrier_before_dispatch-payments-3be81583-r9,crashed,AEP_FULL,after_barrier_before_dispatch,payments,AUTHORITATIVE_READBACK,ORACLE_FINGERPRINT,5d339a4e-eeb1-4268-858b-9c22e6e1204f,CONFIRMED_NOT_APPLIED,FAILED_CONFIRMED,0,1,0,,32244.0,0,0,,1
aep_full-after_barrier_before_dispatch-payments-3be81583-r9,crashed,AEP_FULL,after_barrier_before_dispatch,payments,AUTHORITATIVE_READBACK,ORACLE_FINGERPRINT,b0a6f841-408b-4e80-ab19-9c3c8538861a,CONFIRMED_NOT_APPLIED,FAILED_CONFIRMED,0,1,0,,29231.0,0,0,,1
aep_full-after_intent_before_barrier-notifications-d5b5c788-r0,crashed,AEP_FULL,after_intent_before_barrier,notifications,POSITIVE_ONLY_READBACK,ORACLE_FINGERPRINT,50cea67a-7ebc-45e9-8229-ac394ef6c211,DECLARED_AMBIGUOUS,FIRED_UNCONFIRMED,0,1,0,,159038.0,0,0,,
aep_full-after_intent_before_barrier-notifications-d5b5c788-r0,crashed,AEP_FULL,after_intent_before_barrier,notifications,POSITIVE_ONLY_READBACK,ORACLE_FINGERPRINT,a06e9d99-8b3a-4941-a249-211c6e7df9f5,DECLARED_AMBIGUOUS,FIRED_UNCONFIRMED,0,1,0,,146202.0,0,0,,
aep_full-after_intent_before_barrier-notifications-d5b5c788-r0,crashed,AEP_FULL,after_intent_before_barrier,notifications,POSITIVE_ONLY_READBACK,ORACLE_FINGERPRINT,ca215be7-82f2-4c60-acc0-2b4aa27e9980,DECLARED_AMBIGUOUS,FIRED_UNCONFIRMED,0,1,0,,140491.0,0,0,,
aep_full-after_intent_before_barrier-notifications-d5b5c788-r0,crashed,AEP_FULL,after_intent_before_barrier,notifications,POSITIVE_ONLY_READBACK,ORACLE_FINGERPRINT,dd5843a7-975e-4eb7-9bd1-9c3475f070d7,DECLARED_AMBIGUOUS,FIRED_UNCONFIRMED,0,1,0,,136082.0,0,0,,
aep_full-after_intent_before_barrier-notifications-d5b5c788-r0,crashed,AEP_FULL,after_intent_before_barrier,notifications,POSITIVE_ONLY_READBACK,ORACLE_FINGERPRINT,6e9e92bc-e5f4-41c4-bde8-e98ec859fb28,DECLARED_AMBIGUOUS,FIRED_UNCONFIRMED,0,1,0,,131071.0,0,0,,
aep_full-after_intent_before_barrier-notifications-d5b5c788-r0,crashed,AEP_FULL,after_intent_before_barrier,notifications,POSITIVE_ONLY_READBACK,ORACLE_FINGERPRINT,cca831e7-55d7-4e81-b127-2a4e9935cb33,DECLARED_AMBIGUOUS,FIRED_UNCONFIRMED,0,1,0,,159044.0,0,0,,
aep_full-after_intent_before_barrier-notifications-d5b5c788-r0,crashed,AEP_FULL,after_intent_before_barrier,notifications,POSITIVE_ONLY_READBACK,ORACLE_FINGERPRINT,bc518654-efc1-4baf-b3ab-8f8c9c1f7953,DECLARED_AMBIGUOUS,FIRED_UNCONFIRMED,0,1,0,,146212.0,0,0,,
aep_full-after_intent_before_barrier-notifications-d5b5c788-r0,crashed,AEP_FULL,after_intent_before_barrier,notifications,POSITIVE_ONLY_READBACK,ORACLE_FINGERPRINT,c6544432-df32-47b6-8b87-08179f831d41,DECLARED_AMBIGUOUS,FIRED_UNCONFIRMED,0,1,0,,140492.0,0,0,,
aep_full-after_intent_before_barrier-notifications-d5b5c788-r0,crashed,AEP_FULL,after_intent_before_barrier,notifications,POSITIVE_ONLY_READBACK,ORACLE_FINGERPRINT,eb40d777-6187-44d5-99a6-55941ce869c8,DECLARED_AMBIGUOUS,FIRED_UNCONFIRMED,0,1,0,,136104.0,0,0,,
aep_full-after_intent_before_barrier-notifications-d5b5c788-r0,crashed,AEP_FULL,after_intent_before_barrier,notifications,POSITIVE_ONLY_READBACK,ORACLE_FINGERPRINT,beaea0f5-33aa-470c-9c37-dabd95d00b66,DECLARED_AMBIGUOUS,FIRED_UNCONFIRMED,0,1,0,,131079.0,0,0,,
aep_full-after_intent_before_barrier-notifications-d5b5c788-r1,crashed,AEP_FULL,after_intent_before_barrier,notifications,POSITIVE_ONLY_READBACK,ORACLE_FINGERPRINT,718f3314-681d-4c7f-bd3c-4a41b89a0c1e,DECLARED_AMBIGUOUS,FIRED_UNCONFIRMED,0,1,0,,160479.0,0,0,,
aep_full-after_intent_before_barrier-notifications-d5b5c788-r1,crashed,AEP_FULL,after_intent_before_barrier,notifications,POSITIVE_ONLY_READBACK,ORACLE_FINGERPRINT,89ed9b9e-7b34-46c3-9365-ac1a0b53a2ab,DECLARED_AMBIGUOUS,FIRED_UNCONFIRMED,0,1,0,,154150.0,0,0,,
aep_full-after_intent_before_barrier-notifications-d5b5c788-r1,crashed,AEP_FULL,after_intent_before_barrier,notifications,POSITIVE_ONLY_READBACK,ORACLE_FINGERPRINT,a0228b53-2757-476c-b2ec-381a80cdc5a3,DECLARED_AMBIGUOUS,FIRED_UNCONFIRMED,0,1,0,,146651.0,0,0,,
aep_full-after_intent_before_barrier-notifications-d5b5c788-r1,crashed,AEP_FULL,after_intent_before_barrier,notifications,POSITIVE_ONLY_READBACK,ORACLE_FINGERPRINT,9f999f10-3c55-4be6-b408-6fed7e79ac34,DECLARED_AMBIGUOUS,FIRED_UNCONFIRMED,0,1,0,,140599.0,0,0,,
aep_full-after_intent_before_barrier-notifications-d5b5c788-r1,crashed,AEP_FULL,after_intent_before_barrier,notifications,POSITIVE_ONLY_READBACK,ORACLE_FINGERPRINT,9913bc7a-3c3b-4375-81e6-fb3ce7474f7d,DECLARED_AMBIGUOUS,FIRED_UNCONFIRMED,0,1,0,,132593.0,0,0,,
aep_full-after_intent_before_barrier-notifications-d5b5c788-r1,crashed,AEP_FULL,after_intent_before_barrier,notifications,POSITIVE_ONLY_READBACK,ORACLE_FINGERPRINT,5679e23b-ea2f-44f4-bcbb-c93039aa55d8,DECLARED_AMBIGUOUS,FIRED_UNCONFIRMED,0,1,0,,164661.0,0,0,,
aep_full-after_intent_before_barrier-notifications-d5b5c788-r1,crashed,AEP_FULL,after_intent_before_barrier,notifications,POSITIVE_ONLY_READBACK,ORACLE_FINGERPRINT,5d29c233-0acc-451b-9222-d321f09c5d0a,DECLARED_AMBIGUOUS,FIRED_UNCONFIRMED,0,1,0,,155790.0,0,0,,
aep_full-after_intent_before_barrier-notifications-d5b5c788-r1,crashed,AEP_FULL,after_intent_before_barrier,notifications,POSITIVE_ONLY_READBACK,ORACLE_FINGERPRINT,e95a648e-690f-4d64-84c8-ab5fdaf01937,DECLARED_AMBIGUOUS,FIRED_UNCONFIRMED,0,1,0,,148466.0,0,0,,
aep_full-after_intent_before_barrier-notifications-d5b5c788-r1,crashed,AEP_FULL,after_intent_before_barrier,notifications,POSITIVE_ONLY_READBACK,ORACLE_FINGERPRINT,fc8d34c2-24ac-479f-b7ba-132179968dd9,DECLARED_AMBIGUOUS,FIRED_UNCONFIRMED,0,1,0,,141828.0,0,0,,
aep_full-after_intent_before_barrier-notifications-d5b5c788-r1,crashed,AEP_FULL,after_intent_before_barrier,notifications,POSITIVE_ONLY_READBACK,ORACLE_FINGERPRINT,89f08aa2-1a25-49a8-85e5-ac5af1ab9331,DECLARED_AMBIGUOUS,FIRED_UNCONFIRMED,0,1,0,,134218.0,0,0,,
aep_full-after_intent_before_barrier-notifications-d5b5c788-r10,crashed,AEP_FULL,after_intent_before_barrier,notifications,POSITIVE_ONLY_READBACK,ORACLE_FINGERPRINT,45189265-1ef7-42ff-89ea-e6374a9ec612,DECLARED_AMBIGUOUS,FIRED_UNCONFIRMED,0,1,0,,148869.0,0,0,,
aep_full-after_intent_before_barrier-notifications-d5b5c788-r10,crashed,AEP_FULL,after_intent_before_barrier,notifications,POSITIVE_ONLY_READBACK,ORACLE_FINGERPRINT,64b9ada2-5cea-474e-b415-e008037bd92d,DECLARED_AMBIGUOUS,FIRED_UNCONFIRMED,0,1,0,,142150.0,0,0,,
aep_full-after_intent_before_barrier-notifications-d5b5c788-r10,crashed,AEP_FULL,after_intent_before_barrier,notifications,POSITIVE_ONLY_READBACK,ORACLE_FINGERPRINT,9a35c6d7-fdfb-40ea-8cbf-483db80a6309,DECLARED_AMBIGUOUS,FIRED_UNCONFIRMED,0,1,0,,138276.0,0,0,,
aep_full-after_intent_before_barrier-notifications-d5b5c788-r10,crashed,AEP_FULL,after_intent_before_barrier,notifications,POSITIVE_ONLY_READBACK,ORACLE_FINGERPRINT,2677dde8-5dfd-49bd-bc23-a750aa844fcc,DECLARED_AMBIGUOUS,FIRED_UNCONFIRMED,0,1,0,,134758.0,0,0,,
aep_full-after_intent_before_barrier-notifications-d5b5c788-r10,crashed,AEP_FULL,after_intent_before_barrier,notifications,POSITIVE_ONLY_READBACK,ORACLE_FINGERPRINT,cd2026ad-d64a-4513-93b7-16563c05b50a,DECLARED_AMBIGUOUS,FIRED_UNCONFIRMED,0,1,0,,131514.0,0,0,,
aep_full-after_intent_before_barrier-notifications-d5b5c788-r10,crashed,AEP_FULL,after_intent_before_barrier,notifications,POSITIVE_ONLY_READBACK,ORACLE_FINGERPRINT,ef5c515c-6fa2-465d-9d0f-f45af60d58ea,DECLARED_AMBIGUOUS,FIRED_UNCONFIRMED,0,1,0,,148914.0,0,0,,
aep_full-after_intent_before_barrier-notifications-d5b5c788-r10,crashed,AEP_FULL,after_intent_before_barrier,notifications,POSITIVE_ONLY_READBACK,ORACLE_FINGERPRINT,b70b3eb6-5717-494f-85e9-ad95c321883c,DECLARED_AMBIGUOUS,FIRED_UNCONFIRMED,0,1,0,,142190.0,0,0,,
aep_full-after_intent_before_barrier-notifications-d5b5c788-r10,crashed,AEP_FULL,after_intent_before_barrier,notifications,POSITIVE_ONLY_READBACK,ORACLE_FINGERPRINT,bad3cb0c-7a9d-4383-9810-a06a7cc6576b,DECLARED_AMBIGUOUS,FIRED_UNCONFIRMED,0,1,0,,138311.0,0,0,,
aep_full-after_intent_before_barrier-notifications-d5b5c788-r10,crashed,AEP_FULL,after_intent_before_barrier,notifications,POSITIVE_ONLY_READBACK,ORACLE_FINGERPRINT,c908502b-eaf6-4dc8-8ea3-57fdabac54f7,DECLARED_AMBIGUOUS,FIRED_UNCONFIRMED,0,1,0,,134803.0,0,0,,
aep_full-after_intent_before_barrier-notifications-d5b5c788-r10,crashed,AEP_FULL,after_intent_before_barrier,notifications,POSITIVE_ONLY_READBACK,ORACLE_FINGERPRINT,b4b48014-5986-42df-a200-378add616b7b,DECLARED_AMBIGUOUS,FIRED_UNCONFIRMED,0,1,0,,131560.0,0,0,,
aep_full-after_intent_before_barrier-notifications-d5b5c788-r11,crashed,AEP_FULL,after_intent_before_barrier,notifications,POSITIVE_ONLY_READBACK,ORACLE_FINGERPRINT,a7741715-f3ed-4582-9094-a682a3fdd69c,DECLARED_AMBIGUOUS,FIRED_UNCONFIRMED,0,1,0,,131078.0,0,0,,
aep_full-after_intent_before_barrier-notifications-d5b5c788-r11,crashed,AEP_FULL,after_intent_before_barrier,notifications,POSITIVE_ONLY_READBACK,ORACLE_FINGERPRINT,73debd53-be22-4ec8-abb6-d4842883cca4,DECLARED_AMBIGUOUS,FIRED_UNCONFIRMED,0,1,0,,128449.0,0,0,,
aep_full-after_intent_before_barrier-notifications-d5b5c788-r11,crashed,AEP_FULL,after_intent_before_barrier,notifications,POSITIVE_ONLY_READBACK,ORACLE_FINGERPRINT,f8110ab7-95ed-49cc-bb51-22c7dc451099,DECLARED_AMBIGUOUS,FIRED_UNCONFIRMED,0,1,0,,126037.0,0,0,,
aep_full-after_intent_before_barrier-notifications-d5b5c788-r11,crashed,AEP_FULL,after_intent_before_barrier,notifications,POSITIVE_ONLY_READBACK,ORACLE_FINGERPRINT,a2b6cd02-3811-4864-841c-d72de4e90065,DECLARED_AMBIGUOUS,FIRED_UNCONFIRMED,0,1,0,,123372.0,0,0,,
aep_full-after_intent_before_barrier-notifications-d5b5c788-r11,crashed,AEP_FULL,after_intent_before_barrier,notifications,POSITIVE_ONLY_READBACK,ORACLE_FINGERPRINT,30e1e92b-b2ee-4310-85ba-3a6b56915ccc,DECLARED_AMBIGUOUS,FIRED_UNCONFIRMED,0,1,0,,120988.0,0,0,,
aep_full-after_intent_before_barrier-notifications-d5b5c788-r11,crashed,AEP_FULL,after_intent_before_barrier,notifications,POSITIVE_ONLY_READBACK,ORACLE_FINGERPRINT,c1398453-c7d8-4e70-af80-ce84912a20cb,DECLARED_AMBIGUOUS,FIRED_UNCONFIRMED,0,1,0,,131085.0,0,0,,
aep_full-after_intent_before_barrier-notifications-d5b5c788-r11,crashed,AEP_FULL,after_intent_before_barrier,notifications,POSITIVE_ONLY_READBACK,ORACLE_FINGERPRINT,ccc419c2-9222-4a9e-8c31-469e146ed136,DECLARED_AMBIGUOUS,FIRED_UNCONFIRMED,0,1,0,,128456.0,0,0,,
aep_full-after_intent_before_barrier-notifications-d5b5c788-r11,crashed,AEP_FULL,after_intent_before_barrier,notifications,POSITIVE_ONLY_READBACK,ORACLE_FINGERPRINT,d13b03d7-ef7d-4cc8-81b5-e41621634b33,DECLARED_AMBIGUOUS,FIRED_UNCONFIRMED,0,1,0,,126044.0,0,0,,
aep_full-after_intent_before_barrier-notifications-d5b5c788-r11,crashed,AEP_FULL,after_intent_before_barrier,notifications,POSITIVE_ONLY_READBACK,ORACLE_FINGERPRINT,55f23021-6f6d-43eb-a27d-36d54967e5e2,DECLARED_AMBIGUOUS,FIRED_UNCONFIRMED,0,1,0,,123385.0,0,0,,
aep_full-after_intent_before_barrier-notifications-d5b5c788-r11,crashed,AEP_FULL,after_intent_before_barrier,notifications,POSITIVE_ONLY_READBACK,ORACLE_FINGERPRINT,a7aaed3f-86fd-400e-bd9f-5e7023a0ce22,DECLARED_AMBIGUOUS,FIRED_UNCONFIRMED,0,1,0,,120998.0,0,0,,
aep_full-after_intent_before_barrier-notifications-d5b5c788-r12,crashed,AEP_FULL,after_intent_before_barrier,notifications,POSITIVE_ONLY_READBACK,ORACLE_FINGERPRINT,320517f8-533f-4868-99f5-b83ab7715ec0,DECLARED_AMBIGUOUS,FIRED_UNCONFIRMED,0,1,0,,142057.0,0,0,,
aep_full-after_intent_before_barrier-notifications-d5b5c788-r12,crashed,AEP_FULL,after_intent_before_barrier,notifications,POSITIVE_ONLY_READBACK,ORACLE_FINGERPRINT,a6c464bf-1779-42d5-a0bf-363351169c7f,DECLARED_AMBIGUOUS,FIRED_UNCONFIRMED,0,1,0,,136887.0,0,0,,
aep_full-after_intent_before_barrier-notifications-d5b5c788-r12,crashed,AEP_FULL,after_intent_before_barrier,notifications,POSITIVE_ONLY_READBACK,ORACLE_FINGERPRINT,9a7aa76c-85d8-4840-b5b1-ef23e66519b2,DECLARED_AMBIGUOUS,FIRED_UNCONFIRMED,0,1,0,,131755.0,0,0,,
aep_full-after_intent_before_barrier-notifications-d5b5c788-r12,crashed,AEP_FULL,after_intent_before_barrier,notifications,POSITIVE_ONLY_READBACK,ORACLE_FINGERPRINT,8d1df408-9b38-43e9-b8ec-51996049efca,DECLARED_AMBIGUOUS,FIRED_UNCONFIRMED,0,1,0,,126455.0,0,0,,
aep_full-after_intent_before_barrier-notifications-d5b5c788-r12,crashed,AEP_FULL,after_intent_before_barrier,notifications,POSITIVE_ONLY_READBACK,ORACLE_FINGERPRINT,8d940a0a-aaf8-4cea-8df2-b25ca6e85ca6,DECLARED_AMBIGUOUS,FIRED_UNCONFIRMED,0,1,0,,121366.0,0,0,,
aep_full-after_intent_before_barrier-notifications-d5b5c788-r12,crashed,AEP_FULL,after_intent_before_barrier,notifications,POSITIVE_ONLY_READBACK,ORACLE_FINGERPRINT,c757b781-a61d-4afa-9253-a8bd5e94b582,DECLARED_AMBIGUOUS,FIRED_UNCONFIRMED,0,1,0,,142047.0,0,0,,
aep_full-after_intent_before_barrier-notifications-d5b5c788-r12,crashed,AEP_FULL,after_intent_before_barrier,notifications,POSITIVE_ONLY_READBACK,ORACLE_FINGERPRINT,9cd7b078-05fb-4f86-99ab-00e50a1eeb68,DECLARED_AMBIGUOUS,FIRED_UNCONFIRMED,0,1,0,,136893.0,0,0,,
aep_full-after_intent_before_barrier-notifications-d5b5c788-r12,crashed,AEP_FULL,after_intent_before_barrier,notifications,POSITIVE_ONLY_READBACK,ORACLE_FINGERPRINT,058515a2-d9a8-47ed-acfa-9d26abfc07eb,DECLARED_AMBIGUOUS,FIRED_UNCONFIRMED,0,1,0,,131762.0,0,0,,
aep_full-after_intent_before_barrier-notifications-d5b5c788-r12,crashed,AEP_FULL,after_intent_before_barrier,notifications,POSITIVE_ONLY_READBACK,ORACLE_FINGERPRINT,ff9beb00-741e-449c-a6c7-680b601704be,DECLARED_AMBIGUOUS,FIRED_UNCONFIRMED,0,1,0,,126461.0,0,0,,
aep_full-after_intent_before_barrier-notifications-d5b5c788-r12,crashed,AEP_FULL,after_intent_before_barrier,notifications,POSITIVE_ONLY_READBACK,ORACLE_FINGERPRINT,62930fc7-e457-4c9f-9aa6-245a6164c703,DECLARED_AMBIGUOUS,FIRED_UNCONFIRMED,0,1,0,,121377.0,0,0,,
aep_full-after_intent_before_barrier-notifications-d5b5c788-r13,crashed,AEP_FULL,after_intent_before_barrier,notifications,POSITIVE_ONLY_READBACK,ORACLE_FINGERPRINT,8fe24326-59f5-40aa-b119-bde3342c576d,DECLARED_AMBIGUOUS,FIRED_UNCONFIRMED,0,1,0,,141894.0,0,0,,
aep_full-after_intent_before_barrier-notifications-d5b5c788-r13,crashed,AEP_FULL,after_intent_before_barrier,notifications,POSITIVE_ONLY_READBACK,ORACLE_FINGERPRINT,bb9b6510-8ddf-4d38-89ae-d55913ce220d,DECLARED_AMBIGUOUS,FIRED_UNCONFIRMED,0,1,0,,136322.0,0,0,,
aep_full-after_intent_before_barrier-notifications-d5b5c788-r13,crashed,AEP_FULL,after_intent_before_barrier,notifications,POSITIVE_ONLY_READBACK,ORACLE_FINGERPRINT,ad442876-7470-46e5-88ba-5148bfd9e841,DECLARED_AMBIGUOUS,FIRED_UNCONFIRMED,0,1,0,,131132.0,0,0,,
aep_full-after_intent_before_barrier-notifications-d5b5c788-r13,crashed,AEP_FULL,after_intent_before_barrier,notifications,POSITIVE_ONLY_READBACK,ORACLE_FINGERPRINT,419d72b1-fc43-4755-817c-f1e600eed5a3,DECLARED_AMBIGUOUS,FIRED_UNCONFIRMED,0,1,0,,125858.0,0,0,,
aep_full-after_intent_before_barrier-notifications-d5b5c788-r13,crashed,AEP_FULL,after_intent_before_barrier,notifications,POSITIVE_ONLY_READBACK,ORACLE_FINGERPRINT,24ef41d8-1a69-4f27-a29d-d04bcb3724e0,DECLARED_AMBIGUOUS,FIRED_UNCONFIRMED,0,1,0,,120846.0,0,0,,
aep_full-after_intent_before_barrier-notifications-d5b5c788-r13,crashed,AEP_FULL,after_intent_before_barrier,notifications,POSITIVE_ONLY_READBACK,ORACLE_FINGERPRINT,82626274-ce0c-4c49-89ac-ede36fcfa292,DECLARED_AMBIGUOUS,FIRED_UNCONFIRMED,0,1,0,,143183.0,0,0,,
aep_full-after_intent_before_barrier-notifications-d5b5c788-r13,crashed,AEP_FULL,after_intent_before_barrier,notifications,POSITIVE_ONLY_READBACK,ORACLE_FINGERPRINT,0379650e-a1af-4141-a6a7-f8a30c21adac,DECLARED_AMBIGUOUS,FIRED_UNCONFIRMED,0,1,0,,137318.0,0,0,,
aep_full-after_intent_before_barrier-notifications-d5b5c788-r13,crashed,AEP_FULL,after_intent_before_barrier,notifications,POSITIVE_ONLY_READBACK,ORACLE_FINGERPRINT,56e84b98-df8b-4e65-8d82-cb323fc1f995,DECLARED_AMBIGUOUS,FIRED_UNCONFIRMED,0,1,0,,132153.0,0,0,,
aep_full-after_intent_before_barrier-notifications-d5b5c788-r13,crashed,AEP_FULL,after_intent_before_barrier,notifications,POSITIVE_ONLY_READBACK,ORACLE_FINGERPRINT,02db85ce-9bae-4ee5-8b66-132c0ac4266f,DECLARED_AMBIGUOUS,FIRED_UNCONFIRMED,0,1,0,,126861.0,0,0,,
aep_full-after_intent_before_barrier-notifications-d5b5c788-r13,crashed,AEP_FULL,after_intent_before_barrier,notifications,POSITIVE_ONLY_READBACK,ORACLE_FINGERPRINT,f424905d-5fe7-42b0-b315-6c1fcc1adf57,DECLARED_AMBIGUOUS,FIRED_UNCONFIRMED,0,1,0,,121719.0,0,0,,
aep_full-after_intent_before_barrier-notifications-d5b5c788-r14,crashed,AEP_FULL,after_intent_before_barrier,notifications,POSITIVE_ONLY_READBACK,ORACLE_FINGERPRINT,be9a65d1-0cf3-4dad-a681-f5ed85eddf3a,DECLARED_AMBIGUOUS,FIRED_UNCONFIRMED,0,1,0,,136835.0,0,0,,
aep_full-after_intent_before_barrier-notifications-d5b5c788-r14,crashed,AEP_FULL,after_intent_before_barrier,notifications,POSITIVE_ONLY_READBACK,ORACLE_FINGERPRINT,904a1341-9a4c-4744-8854-80d0d9b2f851,DECLARED_AMBIGUOUS,FIRED_UNCONFIRMED,0,1,0,,132885.0,0,0,,
aep_full-after_intent_before_barrier-notifications-d5b5c788-r14,crashed,AEP_FULL,after_intent_before_barrier,notifications,POSITIVE_ONLY_READBACK,ORACLE_FINGERPRINT,71afdaa1-65e4-4f52-ae70-d43639f00e83,DECLARED_AMBIGUOUS,FIRED_UNCONFIRMED,0,1,0,,128931.0,0,0,,
aep_full-after_intent_before_barrier-notifications-d5b5c788-r14,crashed,AEP_FULL,after_intent_before_barrier,notifications,POSITIVE_ONLY_READBACK,ORACLE_FINGERPRINT,8a437657-4957-445a-af7e-6e95d3f115b3,DECLARED_AMBIGUOUS,FIRED_UNCONFIRMED,0,1,0,,125457.0,0,0,,
aep_full-after_intent_before_barrier-notifications-d5b5c788-r14,crashed,AEP_FULL,after_intent_before_barrier,notifications,POSITIVE_ONLY_READBACK,ORACLE_FINGERPRINT,de4b047e-d858-465b-833a-b3f7c63e7683,DECLARED_AMBIGUOUS,FIRED_UNCONFIRMED,0,1,0,,121474.0,0,0,,
aep_full-after_intent_before_barrier-notifications-d5b5c788-r14,crashed,AEP_FULL,after_intent_before_barrier,notifications,POSITIVE_ONLY_READBACK,ORACLE_FINGERPRINT,6b1db178-1ff1-44a6-a001-836955dda842,DECLARED_AMBIGUOUS,FIRED_UNCONFIRMED,0,1,0,,136038.0,0,0,,
aep_full-after_intent_before_barrier-notifications-d5b5c788-r14,crashed,AEP_FULL,after_intent_before_barrier,notifications,POSITIVE_ONLY_READBACK,ORACLE_FINGERPRINT,683989b6-28ea-4a3e-be79-6631f2f9eab0,DECLARED_AMBIGUOUS,FIRED_UNCONFIRMED,0,1,0,,132129.0,0,0,,
aep_full-after_intent_before_barrier-notifications-d5b5c788-r14,crashed,AEP_FULL,after_intent_before_barrier,notifications,POSITIVE_ONLY_READBACK,ORACLE_FINGERPRINT,b790527e-de22-4b78-8a00-8d63b1b582d2,DECLARED_AMBIGUOUS,FIRED_UNCONFIRMED,0,1,0,,128270.0,0,0,,
aep_full-after_intent_before_barrier-notifications-d5b5c788-r14,crashed,AEP_FULL,after_intent_before_barrier,notifications,POSITIVE_ONLY_READBACK,ORACLE_FINGERPRINT,744251cf-cb9e-44a1-99cd-63711ff65c95,DECLARED_AMBIGUOUS,FIRED_UNCONFIRMED,0,1,0,,124763.0,0,0,,
aep_full-after_intent_before_barrier-notifications-d5b5c788-r14,crashed,AEP_FULL,after_intent_before_barrier,notifications,POSITIVE_ONLY_READBACK,ORACLE_FINGERPRINT,c0050590-0e11-4bee-9458-ba6aa20f56b2,DECLARED_AMBIGUOUS,FIRED_UNCONFIRMED,0,1,0,,120804.0,0,0,,
aep_full-after_intent_before_barrier-notifications-d5b5c788-r2,crashed,AEP_FULL,after_intent_before_barrier,notifications,POSITIVE_ONLY_READBACK,ORACLE_FINGERPRINT,14a9d1c0-e8dd-48d5-b2e6-81a65cf203b9,DECLARED_AMBIGUOUS,FIRED_UNCONFIRMED,0,1,0,,146932.0,0,0,,
aep_full-after_intent_before_barrier-notifications-d5b5c788-r2,crashed,AEP_FULL,after_intent_before_barrier,notifications,POSITIVE_ONLY_READBACK,ORACLE_FINGERPRINT,37c649a9-0515-4bd5-ab3e-c21c5e08d7ee,DECLARED_AMBIGUOUS,FIRED_UNCONFIRMED,0,1,0,,142840.0,0,0,,
aep_full-after_intent_before_barrier-notifications-d5b5c788-r2,crashed,AEP_FULL,after_intent_before_barrier,notifications,POSITIVE_ONLY_READBACK,ORACLE_FINGERPRINT,39ab52b2-6d6e-4d66-b77f-b5a9af7b11e7,DECLARED_AMBIGUOUS,FIRED_UNCONFIRMED,0,1,0,,139140.0,0,0,,
aep_full-after_intent_before_barrier-notifications-d5b5c788-r2,crashed,AEP_FULL,after_intent_before_barrier,notifications,POSITIVE_ONLY_READBACK,ORACLE_FINGERPRINT,45a23ab9-df47-4eb4-bac9-9c81216b6f39,DECLARED_AMBIGUOUS,FIRED_UNCONFIRMED,0,1,0,,135346.0,0,0,,
aep_full-after_intent_before_barrier-notifications-d5b5c788-r2,crashed,AEP_FULL,after_intent_before_barrier,notifications,POSITIVE_ONLY_READBACK,ORACLE_FINGERPRINT,50015045-c0d0-4833-aaa4-417f3a555045,DECLARED_AMBIGUOUS,FIRED_UNCONFIRMED,0,1,0,,132335.0,0,0,,
aep_full-after_intent_before_barrier-notifications-d5b5c788-r2,crashed,AEP_FULL,after_intent_before_barrier,notifications,POSITIVE_ONLY_READBACK,ORACLE_FINGERPRINT,8e4a7ab8-000f-445c-9624-b8f8be5fc9e3,DECLARED_AMBIGUOUS,FIRED_UNCONFIRMED,0,1,0,,146934.0,0,0,,
aep_full-after_intent_before_barrier-notifications-d5b5c788-r2,crashed,AEP_FULL,after_intent_before_barrier,notifications,POSITIVE_ONLY_READBACK,ORACLE_FINGERPRINT,bbe435b2-463a-4c4c-9f1c-0e2f84ea7b00,DECLARED_AMBIGUOUS,FIRED_UNCONFIRMED,0,1,0,,142830.0,0,0,,
aep_full-after_intent_before_barrier-notifications-d5b5c788-r2,crashed,AEP_FULL,after_intent_before_barrier,notifications,POSITIVE_ONLY_READBACK,ORACLE_FINGERPRINT,d841dc46-026e-4e01-bc79-747624a7631f,DECLARED_AMBIGUOUS,FIRED_UNCONFIRMED,0,1,0,,139149.0,0,0,,
aep_full-after_intent_before_barrier-notifications-d5b5c788-r2,crashed,AEP_FULL,after_intent_before_barrier,notifications,POSITIVE_ONLY_READBACK,ORACLE_FINGERPRINT,e148a9e1-725b-4701-b231-661f9f54af63,DECLARED_AMBIGUOUS,FIRED_UNCONFIRMED,0,1,0,,135352.0,0,0,,
aep_full-after_intent_before_barrier-notifications-d5b5c788-r2,crashed,AEP_FULL,after_intent_before_barrier,notifications,POSITIVE_ONLY_READBACK,ORACLE_FINGERPRINT,f423e133-f03e-4451-afc0-802f4635cd38,DECLARED_AMBIGUOUS,FIRED_UNCONFIRMED,0,1,0,,132341.0,0,0,,
aep_full-after_intent_before_barrier-notifications-d5b5c788-r3,crashed,AEP_FULL,after_intent_before_barrier,notifications,POSITIVE_ONLY_READBACK,ORACLE_FINGERPRINT,618ad3c0-12a9-4ca3-bdd8-50ac97725114,DECLARED_AMBIGUOUS,FIRED_UNCONFIRMED,0,1,0,,155863.0,0,0,,
aep_full-after_intent_before_barrier-notifications-d5b5c788-r3,crashed,AEP_FULL,after_intent_before_barrier,notifications,POSITIVE_ONLY_READBACK,ORACLE_FINGERPRINT,328bd8e6-f08f-4a84-80c8-32deee0f15d0,DECLARED_AMBIGUOUS,FIRED_UNCONFIRMED,0,1,0,,150332.0,0,0,,
aep_full-after_intent_before_barrier-notifications-d5b5c788-r3,crashed,AEP_FULL,after_intent_before_barrier,notifications,POSITIVE_ONLY_READBACK,ORACLE_FINGERPRINT,abdd195b-d86d-417a-bdde-19ba3c94da71,DECLARED_AMBIGUOUS,FIRED_UNCONFIRMED,0,1,0,,145736.0,0,0,,
aep_full-after_intent_before_barrier-notifications-d5b5c788-r3,crashed,AEP_FULL,after_intent_before_barrier,notifications,POSITIVE_ONLY_READBACK,ORACLE_FINGERPRINT,aecf4cfe-6f40-4201-af83-9b5708b5baf9,DECLARED_AMBIGUOUS,FIRED_UNCONFIRMED,0,1,0,,140449.0,0,0,,
aep_full-after_intent_before_barrier-notifications-d5b5c788-r3,crashed,AEP_FULL,after_intent_before_barrier,notifications,POSITIVE_ONLY_READBACK,ORACLE_FINGERPRINT,f455c069-1d9b-4d90-8de7-1e7fd49c803f,DECLARED_AMBIGUOUS,FIRED_UNCONFIRMED,0,1,0,,132395.0,0,0,,
aep_full-after_intent_before_barrier-notifications-d5b5c788-r3,crashed,AEP_FULL,after_intent_before_barrier,notifications,POSITIVE_ONLY_READBACK,ORACLE_FINGERPRINT,d6429f82-5000-45a3-9371-6c88d442451c,DECLARED_AMBIGUOUS,FIRED_UNCONFIRMED,0,1,0,,155890.0,0,0,,
aep_full-after_intent_before_barrier-notifications-d5b5c788-r3,crashed,AEP_FULL,after_intent_before_barrier,notifications,POSITIVE_ONLY_READBACK,ORACLE_FINGERPRINT,0e533a55-c25b-4733-b743-c8ab3072b339,DECLARED_AMBIGUOUS,FIRED_UNCONFIRMED,0,1,0,,150301.0,0,0,,
aep_full-after_intent_before_barrier-notifications-d5b5c788-r3,crashed,AEP_FULL,after_intent_before_barrier,notifications,POSITIVE_ONLY_READBACK,ORACLE_FINGERPRINT,9aba4b7b-6fe3-4e67-8b64-87f9141d3ded,DECLARED_AMBIGUOUS,FIRED_UNCONFIRMED,0,1,0,,145740.0,0,0,,
aep_full-after_intent_before_barrier-notifications-d5b5c788-r3,crashed,AEP_FULL,after_intent_before_barrier,notifications,POSITIVE_ONLY_READBACK,ORACLE_FINGERPRINT,34d254c5-465a-4cd9-986d-c0ba193e31d9,DECLARED_AMBIGUOUS,FIRED_UNCONFIRMED,0,1,0,,140458.0,0,0,,
aep_full-after_intent_before_barrier-notifications-d5b5c788-r3,crashed,AEP_FULL,after_intent_before_barrier,notifications,POSITIVE_ONLY_READBACK,ORACLE_FINGERPRINT,85edecd4-55e8-47f0-9c1d-160304a473e4,DECLARED_AMBIGUOUS,FIRED_UNCONFIRMED,0,1,0,,132401.0,0,0,,
aep_full-after_intent_before_barrier-notifications-d5b5c788-r4,crashed,AEP_FULL,after_intent_before_barrier,notifications,POSITIVE_ONLY_READBACK,ORACLE_FINGERPRINT,f238e187-cd8a-47b5-8b91-35c94651a7f7,DECLARED_AMBIGUOUS,FIRED_UNCONFIRMED,0,1,0,,148637.0,0,0,,
aep_full-after_intent_before_barrier-notifications-d5b5c788-r4,crashed,AEP_FULL,after_intent_before_barrier,notifications,POSITIVE_ONLY_READBACK,ORACLE_FINGERPRINT,b83e5d84-f3db-4e0a-9024-9eedd67480fb,DECLARED_AMBIGUOUS,FIRED_UNCONFIRMED,0,1,0,,142179.0,0,0,,
aep_full-after_intent_before_barrier-notifications-d5b5c788-r4,crashed,AEP_FULL,after_intent_before_barrier,notifications,POSITIVE_ONLY_READBACK,ORACLE_FINGERPRINT,b0c19de2-4c0f-4bec-8c27-1c0a39ae3951,DECLARED_AMBIGUOUS,FIRED_UNCONFIRMED,0,1,0,,139083.0,0,0,,
aep_full-after_intent_before_barrier-notifications-d5b5c788-r4,crashed,AEP_FULL,after_intent_before_barrier,notifications,POSITIVE_ONLY_READBACK,ORACLE_FINGERPRINT,fbcc6bb9-cb22-453f-9909-e9e5f5e3caac,DECLARED_AMBIGUOUS,FIRED_UNCONFIRMED,0,1,0,,135425.0,0,0,,
aep_full-after_intent_before_barrier-notifications-d5b5c788-r4,crashed,AEP_FULL,after_intent_before_barrier,notifications,POSITIVE_ONLY_READBACK,ORACLE_FINGERPRINT,830c2f47-dadf-4367-a6ff-47bcb69cc920,DECLARED_AMBIGUOUS,FIRED_UNCONFIRMED,0,1,0,,132385.0,0,0,,
aep_full-after_intent_before_barrier-notifications-d5b5c788-r4,crashed,AEP_FULL,after_intent_before_barrier,notifications,POSITIVE_ONLY_READBACK,ORACLE_FINGERPRINT,660a6aaf-e12f-4079-9068-91de01b4e8e2,DECLARED_AMBIGUOUS,FIRED_UNCONFIRMED,0,1,0,,148650.0,0,0,,
aep_full-after_intent_before_barrier-notifications-d5b5c788-r4,crashed,AEP_FULL,after_intent_before_barrier,notifications,POSITIVE_ONLY_READBACK,ORACLE_FINGERPRINT,7483af97-6f12-4d03-a6a7-24c12fedb8ce,DECLARED_AMBIGUOUS,FIRED_UNCONFIRMED,0,1,0,,142187.0,0,0,,
aep_full-after_intent_before_barrier-notifications-d5b5c788-r4,crashed,AEP_FULL,after_intent_before_barrier,notifications,POSITIVE_ONLY_READBACK,ORACLE_FINGERPRINT,03c930de-4830-4c3d-b12f-12a98e92eeed,DECLARED_AMBIGUOUS,FIRED_UNCONFIRMED,0,1,0,,139093.0,0,0,,
aep_full-after_intent_before_barrier-notifications-d5b5c788-r4,crashed,AEP_FULL,after_intent_before_barrier,notifications,POSITIVE_ONLY_READBACK,ORACLE_FINGERPRINT,7eca60ce-43a7-4bb0-985a-e9addf5b522e,DECLARED_AMBIGUOUS,FIRED_UNCONFIRMED,0,1,0,,135431.0,0,0,,
aep_full-after_intent_before_barrier-notifications-d5b5c788-r4,crashed,AEP_FULL,after_intent_before_barrier,notifications,POSITIVE_ONLY_READBACK,ORACLE_FINGERPRINT,e53a0957-bccb-431d-af6c-9828f5baac2c,DECLARED_AMBIGUOUS,FIRED_UNCONFIRMED,0,1,0,,132392.0,0,0,,
aep_full-after_intent_before_barrier-notifications-d5b5c788-r5,crashed,AEP_FULL,after_intent_before_barrier,notifications,POSITIVE_ONLY_READBACK,ORACLE_FINGERPRINT,aede1d44-fb91-429b-85be-fbc47641f587,DECLARED_AMBIGUOUS,FIRED_UNCONFIRMED,0,1,0,,150533.0,0,0,,
aep_full-after_intent_before_barrier-notifications-d5b5c788-r5,crashed,AEP_FULL,after_intent_before_barrier,notifications,POSITIVE_ONLY_READBACK,ORACLE_FINGERPRINT,46db1985-e014-4eda-ac2f-35b8b53ac299,DECLARED_AMBIGUOUS,FIRED_UNCONFIRMED,0,1,0,,145756.0,0,0,,
aep_full-after_intent_before_barrier-notifications-d5b5c788-r5,crashed,AEP_FULL,after_intent_before_barrier,notifications,POSITIVE_ONLY_READBACK,ORACLE_FINGERPRINT,a626e9ba-01d9-49aa-8cab-6ac2357e5b97,DECLARED_AMBIGUOUS,FIRED_UNCONFIRMED,0,1,0,,141173.0,0,0,,
aep_full-after_intent_before_barrier-notifications-d5b5c788-r5,crashed,AEP_FULL,after_intent_before_barrier,notifications,POSITIVE_ONLY_READBACK,ORACLE_FINGERPRINT,9c3d795e-95ed-4bdc-b2c3-4f0fd76b699f,DECLARED_AMBIGUOUS,FIRED_UNCONFIRMED,0,1,0,,136855.0,0,0,,
aep_full-after_intent_before_barrier-notifications-d5b5c788-r5,crashed,AEP_FULL,after_intent_before_barrier,notifications,POSITIVE_ONLY_READBACK,ORACLE_FINGERPRINT,e9b0ded6-caf1-44a4-a968-d0f207d039e6,DECLARED_AMBIGUOUS,FIRED_UNCONFIRMED,0,1,0,,132491.0,0,0,,
aep_full-after_intent_before_barrier-notifications-d5b5c788-r5,crashed,AEP_FULL,after_intent_before_barrier,notifications,POSITIVE_ONLY_READBACK,ORACLE_FINGERPRINT,0f362542-4213-4421-af09-b4ade1de34ab,DECLARED_AMBIGUOUS,FIRED_UNCONFIRMED,0,1,0,,154394.0,0,0,,
aep_full-after_intent_before_barrier-notifications-d5b5c788-r5,crashed,AEP_FULL,after_intent_before_barrier,notifications,POSITIVE_ONLY_READBACK,ORACLE_FINGERPRINT,ed8bfbe6-859e-43f5-a9e4-970c690b766d,DECLARED_AMBIGUOUS,FIRED_UNCONFIRMED,0,1,0,,146728.0,0,0,,
aep_full-after_intent_before_barrier-notifications-d5b5c788-r5,crashed,AEP_FULL,after_intent_before_barrier,notifications,POSITIVE_ONLY_READBACK,ORACLE_FINGERPRINT,4716095e-370f-4beb-8451-866802bca8f4,DECLARED_AMBIGUOUS,FIRED_UNCONFIRMED,0,1,0,,142077.0,0,0,,
aep_full-after_intent_before_barrier-notifications-d5b5c788-r5,crashed,AEP_FULL,after_intent_before_barrier,notifications,POSITIVE_ONLY_READBACK,ORACLE_FINGERPRINT,f973694f-1b8f-4e5f-9504-33682ddd0ce7,DECLARED_AMBIGUOUS,FIRED_UNCONFIRMED,0,1,0,,137803.0,0,0,,
aep_full-after_intent_before_barrier-notifications-d5b5c788-r5,crashed,AEP_FULL,after_intent_before_barrier,notifications,POSITIVE_ONLY_READBACK,ORACLE_FINGERPRINT,6fcff457-1b00-4d0d-9767-3441f613e42c,DECLARED_AMBIGUOUS,FIRED_UNCONFIRMED,0,1,0,,133297.0,0,0,,
aep_full-after_intent_before_barrier-notifications-d5b5c788-r6,crashed,AEP_FULL,after_intent_before_barrier,notifications,POSITIVE_ONLY_READBACK,ORACLE_FINGERPRINT,4e2e6769-6bc5-4f48-b3e0-52cdacda94f9,DECLARED_AMBIGUOUS,FIRED_UNCONFIRMED,0,1,0,,142853.0,0,0,,
aep_full-after_intent_before_barrier-notifications-d5b5c788-r6,crashed,AEP_FULL,after_intent_before_barrier,notifications,POSITIVE_ONLY_READBACK,ORACLE_FINGERPRINT,a52d4bc4-f814-4703-ba77-942537ef81db,DECLARED_AMBIGUOUS,FIRED_UNCONFIRMED,0,1,0,,139848.0,0,0,,
aep_full-after_intent_before_barrier-notifications-d5b5c788-r6,crashed,AEP_FULL,after_intent_before_barrier,notifications,POSITIVE_ONLY_READBACK,ORACLE_FINGERPRINT,dcd83fe6-eb55-438a-b967-6c12afea8433,DECLARED_AMBIGUOUS,FIRED_UNCONFIRMED,0,1,0,,137126.0,0,0,,
aep_full-after_intent_before_barrier-notifications-d5b5c788-r6,crashed,AEP_FULL,after_intent_before_barrier,notifications,POSITIVE_ONLY_READBACK,ORACLE_FINGERPRINT,4ee16a0f-1a57-438e-a94b-1a7a213334f4,DECLARED_AMBIGUOUS,FIRED_UNCONFIRMED,0,1,0,,134404.0,0,0,,
aep_full-after_intent_before_barrier-notifications-d5b5c788-r6,crashed,AEP_FULL,after_intent_before_barrier,notifications,POSITIVE_ONLY_READBACK,ORACLE_FINGERPRINT,9cf851b6-e119-475b-b202-f55940f5f0a7,DECLARED_AMBIGUOUS,FIRED_UNCONFIRMED,0,1,0,,131586.0,0,0,,
aep_full-after_intent_before_barrier-notifications-d5b5c788-r6,crashed,AEP_FULL,after_intent_before_barrier,notifications,POSITIVE_ONLY_READBACK,ORACLE_FINGERPRINT,8cb6e4a8-1f21-4dbf-924e-fcf3d12b84d2,DECLARED_AMBIGUOUS,FIRED_UNCONFIRMED,0,1,0,,142861.0,0,0,,
aep_full-after_intent_before_barrier-notifications-d5b5c788-r6,crashed,AEP_FULL,after_intent_before_barrier,notifications,POSITIVE_ONLY_READBACK,ORACLE_FINGERPRINT,e96e2eba-5636-4374-8b5c-29d962ad00e3,DECLARED_AMBIGUOUS,FIRED_UNCONFIRMED,0,1,0,,139853.0,0,0,,
aep_full-after_intent_before_barrier-notifications-d5b5c788-r6,crashed,AEP_FULL,after_intent_before_barrier,notifications,POSITIVE_ONLY_READBACK,ORACLE_FINGERPRINT,cf676673-9457-4be0-9ad7-d43e6ccf3bd9,DECLARED_AMBIGUOUS,FIRED_UNCONFIRMED,0,1,0,,137132.0,0,0,,
aep_full-after_intent_before_barrier-notifications-d5b5c788-r6,crashed,AEP_FULL,after_intent_before_barrier,notifications,POSITIVE_ONLY_READBACK,ORACLE_FINGERPRINT,3d09e16e-dfb5-4e41-871b-b08c37561eed,DECLARED_AMBIGUOUS,FIRED_UNCONFIRMED,0,1,0,,134410.0,0,0,,
aep_full-after_intent_before_barrier-notifications-d5b5c788-r6,crashed,AEP_FULL,after_intent_before_barrier,notifications,POSITIVE_ONLY_READBACK,ORACLE_FINGERPRINT,b0051341-8486-4bd0-b9a8-31648c181a8f,DECLARED_AMBIGUOUS,FIRED_UNCONFIRMED,0,1,0,,131592.0,0,0,,
aep_full-after_intent_before_barrier-notifications-d5b5c788-r7,crashed,AEP_FULL,after_intent_before_barrier,notifications,POSITIVE_ONLY_READBACK,ORACLE_FINGERPRINT,375bffa9-148a-48f5-9029-fd3de5314401,DECLARED_AMBIGUOUS,FIRED_UNCONFIRMED,0,1,0,,144975.0,0,0,,
aep_full-after_intent_before_barrier-notifications-d5b5c788-r7,crashed,AEP_FULL,after_intent_before_barrier,notifications,POSITIVE_ONLY_READBACK,ORACLE_FINGERPRINT,087349aa-665e-47ea-9a50-8fb695c685b6,DECLARED_AMBIGUOUS,FIRED_UNCONFIRMED,0,1,0,,142385.0,0,0,,
aep_full-after_intent_before_barrier-notifications-d5b5c788-r7,crashed,AEP_FULL,after_intent_before_barrier,notifications,POSITIVE_ONLY_READBACK,ORACLE_FINGERPRINT,ec9d6b11-e688-4a9e-a1e3-3b7962145a30,DECLARED_AMBIGUOUS,FIRED_UNCONFIRMED,0,1,0,,139600.0,0,0,,
aep_full-after_intent_before_barrier-notifications-d5b5c788-r7,crashed,AEP_FULL,after_intent_before_barrier,notifications,POSITIVE_ONLY_READBACK,ORACLE_FINGERPRINT,0c65e96d-2c95-4d01-b601-b9c9cea5fb12,DECLARED_AMBIGUOUS,FIRED_UNCONFIRMED,0,1,0,,136848.0,0,0,,
aep_full-after_intent_before_barrier-notifications-d5b5c788-r7,crashed,AEP_FULL,after_intent_before_barrier,notifications,POSITIVE_ONLY_READBACK,ORACLE_FINGERPRINT,272eaab7-cc4d-4f13-97ef-60a89f17a2ac,DECLARED_AMBIGUOUS,FIRED_UNCONFIRMED,0,1,0,,132367.0,0,0,,
aep_full-after_intent_before_barrier-notifications-d5b5c788-r7,crashed,AEP_FULL,after_intent_before_barrier,notifications,POSITIVE_ONLY_READBACK,ORACLE_FINGERPRINT,fea06764-80f2-4abb-8cec-d5c8b62f7226,DECLARED_AMBIGUOUS,FIRED_UNCONFIRMED,0,1,0,,144984.0,0,0,,
aep_full-after_intent_before_barrier-notifications-d5b5c788-r7,crashed,AEP_FULL,after_intent_before_barrier,notifications,POSITIVE_ONLY_READBACK,ORACLE_FINGERPRINT,cee1bbeb-ab53-42ee-8b10-7f718d0fcec3,DECLARED_AMBIGUOUS,FIRED_UNCONFIRMED,0,1,0,,142393.0,0,0,,
aep_full-after_intent_before_barrier-notifications-d5b5c788-r7,crashed,AEP_FULL,after_intent_before_barrier,notifications,POSITIVE_ONLY_READBACK,ORACLE_FINGERPRINT,7f0eefb2-9143-4907-981c-1069ab59b3bb,DECLARED_AMBIGUOUS,FIRED_UNCONFIRMED,0,1,0,,139608.0,0,0,,
aep_full-after_intent_before_barrier-notifications-d5b5c788-r7,crashed,AEP_FULL,after_intent_before_barrier,notifications,POSITIVE_ONLY_READBACK,ORACLE_FINGERPRINT,4e1572f5-bc01-43fc-b3b9-22155e99fd67,DECLARED_AMBIGUOUS,FIRED_UNCONFIRMED,0,1,0,,136852.0,0,0,,
aep_full-after_intent_before_barrier-notifications-d5b5c788-r7,crashed,AEP_FULL,after_intent_before_barrier,notifications,POSITIVE_ONLY_READBACK,ORACLE_FINGERPRINT,4b2a2f2e-49c2-4f6d-b3d4-ba8594e987c4,DECLARED_AMBIGUOUS,FIRED_UNCONFIRMED,0,1,0,,132379.0,0,0,,
aep_full-after_intent_before_barrier-notifications-d5b5c788-r8,crashed,AEP_FULL,after_intent_before_barrier,notifications,POSITIVE_ONLY_READBACK,ORACLE_FINGERPRINT,48d304c7-0ccb-44dd-b689-1f3ededec63d,DECLARED_AMBIGUOUS,FIRED_UNCONFIRMED,0,1,0,,158397.0,0,0,,
aep_full-after_intent_before_barrier-notifications-d5b5c788-r8,crashed,AEP_FULL,after_intent_before_barrier,notifications,POSITIVE_ONLY_READBACK,ORACLE_FINGERPRINT,b0acd080-ad76-40ba-8554-dbcb6a9eb3c4,DECLARED_AMBIGUOUS,FIRED_UNCONFIRMED,0,1,0,,149370.0,0,0,,
aep_full-after_intent_before_barrier-notifications-d5b5c788-r8,crashed,AEP_FULL,after_intent_before_barrier,notifications,POSITIVE_ONLY_READBACK,ORACLE_FINGERPRINT,55af48c7-1147-45f2-84e3-4e9c9ddf32fe,DECLARED_AMBIGUOUS,FIRED_UNCONFIRMED,0,1,0,,143514.0,0,0,,
aep_full-after_intent_before_barrier-notifications-d5b5c788-r8,crashed,AEP_FULL,after_intent_before_barrier,notifications,POSITIVE_ONLY_READBACK,ORACLE_FINGERPRINT,4f15d122-0bb8-4e43-afe6-f53d79fd6d7d,DECLARED_AMBIGUOUS,FIRED_UNCONFIRMED,0,1,0,,136876.0,0,0,,
aep_full-after_intent_before_barrier-notifications-d5b5c788-r8,crashed,AEP_FULL,after_intent_before_barrier,notifications,POSITIVE_ONLY_READBACK,ORACLE_FINGERPRINT,c7b9f9b9-725a-48fa-bad1-2abb94a8109e,DECLARED_AMBIGUOUS,FIRED_UNCONFIRMED,0,1,0,,131692.0,0,0,,
aep_full-after_intent_before_barrier-notifications-d5b5c788-r8,crashed,AEP_FULL,after_intent_before_barrier,notifications,POSITIVE_ONLY_READBACK,ORACLE_FINGERPRINT,b7d112b9-05d3-4cdf-b8b7-8b72ed683644,DECLARED_AMBIGUOUS,FIRED_UNCONFIRMED,0,1,0,,158413.0,0,0,,
aep_full-after_intent_before_barrier-notifications-d5b5c788-r8,crashed,AEP_FULL,after_intent_before_barrier,notifications,POSITIVE_ONLY_READBACK,ORACLE_FINGERPRINT,a28ec907-97b3-4b01-9b5f-94f2d156539f,DECLARED_AMBIGUOUS,FIRED_UNCONFIRMED,0,1,0,,149399.0,0,0,,
aep_full-after_intent_before_barrier-notifications-d5b5c788-r8,crashed,AEP_FULL,after_intent_before_barrier,notifications,POSITIVE_ONLY_READBACK,ORACLE_FINGERPRINT,427714ce-55f5-4be2-8871-47961cb382fd,DECLARED_AMBIGUOUS,FIRED_UNCONFIRMED,0,1,0,,143505.0,0,0,,
aep_full-after_intent_before_barrier-notifications-d5b5c788-r8,crashed,AEP_FULL,after_intent_before_barrier,notifications,POSITIVE_ONLY_READBACK,ORACLE_FINGERPRINT,07af07d9-827d-419a-b39e-cf453624880a,DECLARED_AMBIGUOUS,FIRED_UNCONFIRMED,0,1,0,,136895.0,0,0,,
aep_full-after_intent_before_barrier-notifications-d5b5c788-r8,crashed,AEP_FULL,after_intent_before_barrier,notifications,POSITIVE_ONLY_READBACK,ORACLE_FINGERPRINT,df48a87e-555a-4128-971b-d5e49d2ce16d,DECLARED_AMBIGUOUS,FIRED_UNCONFIRMED,0,1,0,,131704.0,0,0,,
aep_full-after_intent_before_barrier-notifications-d5b5c788-r9,crashed,AEP_FULL,after_intent_before_barrier,notifications,POSITIVE_ONLY_READBACK,ORACLE_FINGERPRINT,f5a2d83d-6f9c-49ce-8850-63d9c429c067,DECLARED_AMBIGUOUS,FIRED_UNCONFIRMED,0,1,0,,149521.0,0,0,,
aep_full-after_intent_before_barrier-notifications-d5b5c788-r9,crashed,AEP_FULL,after_intent_before_barrier,notifications,POSITIVE_ONLY_READBACK,ORACLE_FINGERPRINT,0cdd6073-0d01-4d49-9cca-58f409af73cd,DECLARED_AMBIGUOUS,FIRED_UNCONFIRMED,0,1,0,,140862.0,0,0,,
aep_full-after_intent_before_barrier-notifications-d5b5c788-r9,crashed,AEP_FULL,after_intent_before_barrier,notifications,POSITIVE_ONLY_READBACK,ORACLE_FINGERPRINT,f53c6bc3-a251-41fe-bdd3-a77fcc847f04,DECLARED_AMBIGUOUS,FIRED_UNCONFIRMED,0,1,0,,137175.0,0,0,,
aep_full-after_intent_before_barrier-notifications-d5b5c788-r9,crashed,AEP_FULL,after_intent_before_barrier,notifications,POSITIVE_ONLY_READBACK,ORACLE_FINGERPRINT,2bda5cea-b6b8-450e-971a-7e67aa7fb540,DECLARED_AMBIGUOUS,FIRED_UNCONFIRMED,0,1,0,,134247.0,0,0,,
aep_full-after_intent_before_barrier-notifications-d5b5c788-r9,crashed,AEP_FULL,after_intent_before_barrier,notifications,POSITIVE_ONLY_READBACK,ORACLE_FINGERPRINT,6edf2544-efaf-45e6-a3fc-7b00820087d8,DECLARED_AMBIGUOUS,FIRED_UNCONFIRMED,0,1,0,,131572.0,0,0,,
aep_full-after_intent_before_barrier-notifications-d5b5c788-r9,crashed,AEP_FULL,after_intent_before_barrier,notifications,POSITIVE_ONLY_READBACK,ORACLE_FINGERPRINT,f4be49c9-d076-41fa-8c35-52a5ef3dd8e0,DECLARED_AMBIGUOUS,FIRED_UNCONFIRMED,0,1,0,,149533.0,0,0,,
aep_full-after_intent_before_barrier-notifications-d5b5c788-r9,crashed,AEP_FULL,after_intent_before_barrier,notifications,POSITIVE_ONLY_READBACK,ORACLE_FINGERPRINT,2c02bbef-6e74-4303-8362-ed70ad3a5786,DECLARED_AMBIGUOUS,FIRED_UNCONFIRMED,0,1,0,,140871.0,0,0,,
aep_full-after_intent_before_barrier-notifications-d5b5c788-r9,crashed,AEP_FULL,after_intent_before_barrier,notifications,POSITIVE_ONLY_READBACK,ORACLE_FINGERPRINT,79f68050-3026-4192-a00e-83f9ce82f430,DECLARED_AMBIGUOUS,FIRED_UNCONFIRMED,0,1,0,,137183.0,0,0,,
aep_full-after_intent_before_barrier-notifications-d5b5c788-r9,crashed,AEP_FULL,after_intent_before_barrier,notifications,POSITIVE_ONLY_READBACK,ORACLE_FINGERPRINT,615fc176-fe7b-49f7-8922-15a93a253ef1,DECLARED_AMBIGUOUS,FIRED_UNCONFIRMED,0,1,0,,134256.0,0,0,,
aep_full-after_intent_before_barrier-notifications-d5b5c788-r9,crashed,AEP_FULL,after_intent_before_barrier,notifications,POSITIVE_ONLY_READBACK,ORACLE_FINGERPRINT,3752547a-6c97-4cef-9585-dab5344ef1ca,DECLARED_AMBIGUOUS,FIRED_UNCONFIRMED,0,1,0,,131582.0,0,0,,
aep_full-after_intent_before_barrier-payments-c793544a-r0,crashed,AEP_FULL,after_intent_before_barrier,payments,AUTHORITATIVE_READBACK,ORACLE_FINGERPRINT,bd9e69a5-7253-4e47-95c8-c33a4860ddb4,CONFIRMED_NOT_APPLIED,FAILED_CONFIRMED,0,1,0,,49109.0,0,0,,
aep_full-after_intent_before_barrier-payments-c793544a-r0,crashed,AEP_FULL,after_intent_before_barrier,payments,AUTHORITATIVE_READBACK,ORACLE_FINGERPRINT,8479854e-bed3-4124-a9c9-17d55cf75c2a,CONFIRMED_NOT_APPLIED,FAILED_CONFIRMED,0,1,0,,43778.0,0,0,,
aep_full-after_intent_before_barrier-payments-c793544a-r0,crashed,AEP_FULL,after_intent_before_barrier,payments,AUTHORITATIVE_READBACK,ORACLE_FINGERPRINT,8969f402-2711-4419-b7f2-0d08654cd7dd,CONFIRMED_NOT_APPLIED,FAILED_CONFIRMED,0,1,0,,39022.0,0,0,,
aep_full-after_intent_before_barrier-payments-c793544a-r0,crashed,AEP_FULL,after_intent_before_barrier,payments,AUTHORITATIVE_READBACK,ORACLE_FINGERPRINT,3f91b26d-e7ff-450e-a045-5e6ed8c5689c,CONFIRMED_NOT_APPLIED,FAILED_CONFIRMED,0,1,0,,34425.0,0,0,,
aep_full-after_intent_before_barrier-payments-c793544a-r0,crashed,AEP_FULL,after_intent_before_barrier,payments,AUTHORITATIVE_READBACK,ORACLE_FINGERPRINT,2d4ac063-3937-495f-bc22-ede8b006746e,CONFIRMED_NOT_APPLIED,FAILED_CONFIRMED,0,1,0,,29440.0,0,0,,
aep_full-after_intent_before_barrier-payments-c793544a-r0,crashed,AEP_FULL,after_intent_before_barrier,payments,AUTHORITATIVE_READBACK,ORACLE_FINGERPRINT,6c4645c7-a40c-4c1a-a360-a066d5d9cc72,CONFIRMED_NOT_APPLIED,FAILED_CONFIRMED,0,1,0,,48206.0,0,0,,
aep_full-after_intent_before_barrier-payments-c793544a-r0,crashed,AEP_FULL,after_intent_before_barrier,payments,AUTHORITATIVE_READBACK,ORACLE_FINGERPRINT,bb376cbc-7b83-476b-863a-143db73d0868,CONFIRMED_NOT_APPLIED,FAILED_CONFIRMED,0,1,0,,42882.0,0,0,,
aep_full-after_intent_before_barrier-payments-c793544a-r0,crashed,AEP_FULL,after_intent_before_barrier,payments,AUTHORITATIVE_READBACK,ORACLE_FINGERPRINT,a35626e1-8fd9-4ea8-bc9f-0e096ec7f2f7,CONFIRMED_NOT_APPLIED,FAILED_CONFIRMED,0,1,0,,38243.0,0,0,,
aep_full-after_intent_before_barrier-payments-c793544a-r0,crashed,AEP_FULL,after_intent_before_barrier,payments,AUTHORITATIVE_READBACK,ORACLE_FINGERPRINT,d2de0e0f-dba6-49a8-97df-0425dfc3465d,CONFIRMED_NOT_APPLIED,FAILED_CONFIRMED,0,1,0,,33575.0,0,0,,
aep_full-after_intent_before_barrier-payments-c793544a-r0,crashed,AEP_FULL,after_intent_before_barrier,payments,AUTHORITATIVE_READBACK,ORACLE_FINGERPRINT,0907d679-967e-4cee-bb4d-251c88915aa1,CONFIRMED_NOT_APPLIED,FAILED_CONFIRMED,0,1,0,,28766.0,0,0,,
aep_full-after_intent_before_barrier-payments-c793544a-r1,crashed,AEP_FULL,after_intent_before_barrier,payments,AUTHORITATIVE_READBACK,ORACLE_FINGERPRINT,92b3d989-a255-4612-a209-fed6cc6619d6,CONFIRMED_NOT_APPLIED,FAILED_CONFIRMED,0,1,0,,68808.0,0,0,,
aep_full-after_intent_before_barrier-payments-c793544a-r1,crashed,AEP_FULL,after_intent_before_barrier,payments,AUTHORITATIVE_READBACK,ORACLE_FINGERPRINT,4319ff4e-407e-4307-b404-49252ed85999,CONFIRMED_NOT_APPLIED,FAILED_CONFIRMED,0,1,0,,55675.0,0,0,,
aep_full-after_intent_before_barrier-payments-c793544a-r1,crashed,AEP_FULL,after_intent_before_barrier,payments,AUTHORITATIVE_READBACK,ORACLE_FINGERPRINT,ca33fd40-e2c4-408c-88a2-e8f8997f76d7,CONFIRMED_NOT_APPLIED,FAILED_CONFIRMED,0,1,0,,45114.0,0,0,,
aep_full-after_intent_before_barrier-payments-c793544a-r1,crashed,AEP_FULL,after_intent_before_barrier,payments,AUTHORITATIVE_READBACK,ORACLE_FINGERPRINT,4556dcfd-f5a2-4b4e-abf9-58471df386a8,CONFIRMED_NOT_APPLIED,FAILED_CONFIRMED,0,1,0,,37597.0,0,0,,
aep_full-after_intent_before_barrier-payments-c793544a-r1,crashed,AEP_FULL,after_intent_before_barrier,payments,AUTHORITATIVE_READBACK,ORACLE_FINGERPRINT,ed48c008-b48f-4125-a094-c67f645eec3c,CONFIRMED_NOT_APPLIED,FAILED_CONFIRMED,0,1,0,,32710.0,0,0,,
aep_full-after_intent_before_barrier-payments-c793544a-r1,crashed,AEP_FULL,after_intent_before_barrier,payments,AUTHORITATIVE_READBACK,ORACLE_FINGERPRINT,90015a69-1abd-4a17-bf7f-b69d0ca4baec,CONFIRMED_NOT_APPLIED,FAILED_CONFIRMED,0,1,0,,65742.0,0,0,,
aep_full-after_intent_before_barrier-payments-c793544a-r1,crashed,AEP_FULL,after_intent_before_barrier,payments,AUTHORITATIVE_READBACK,ORACLE_FINGERPRINT,fad97a13-dc4c-4eac-a7ab-ab7efe93d263,CONFIRMED_NOT_APPLIED,FAILED_CONFIRMED,0,1,0,,53169.0,0,0,,
aep_full-after_intent_before_barrier-payments-c793544a-r1,crashed,AEP_FULL,after_intent_before_barrier,payments,AUTHORITATIVE_READBACK,ORACLE_FINGERPRINT,c71a404e-76ae-421b-8376-9650485ef62d,CONFIRMED_NOT_APPLIED,FAILED_CONFIRMED,0,1,0,,43163.0,0,0,,
aep_full-after_intent_before_barrier-payments-c793544a-r1,crashed,AEP_FULL,after_intent_before_barrier,payments,AUTHORITATIVE_READBACK,ORACLE_FINGERPRINT,094cd198-74a9-4aa3-82fa-5bf80e0a8b4c,CONFIRMED_NOT_APPLIED,FAILED_CONFIRMED,0,1,0,,36050.0,0,0,,
aep_full-after_intent_before_barrier-payments-c793544a-r1,crashed,AEP_FULL,after_intent_before_barrier,payments,AUTHORITATIVE_READBACK,ORACLE_FINGERPRINT,51a8cfe9-1c79-43d4-8515-58acf78ea1d3,CONFIRMED_NOT_APPLIED,FAILED_CONFIRMED,0,1,0,,30084.0,0,0,,
aep_full-after_intent_before_barrier-payments-c793544a-r10,crashed,AEP_FULL,after_intent_before_barrier,payments,AUTHORITATIVE_READBACK,ORACLE_FINGERPRINT,89a8b90e-0205-463e-8922-249baf6d885e,CONFIRMED_NOT_APPLIED,FAILED_CONFIRMED,0,1,0,,57728.0,0,0,,
aep_full-after_intent_before_barrier-payments-c793544a-r10,crashed,AEP_FULL,after_intent_before_barrier,payments,AUTHORITATIVE_READBACK,ORACLE_FINGERPRINT,f76275a0-e9c6-48ab-98e8-55a73d8670c9,CONFIRMED_NOT_APPLIED,FAILED_CONFIRMED,0,1,0,,51272.0,0,0,,
aep_full-after_intent_before_barrier-payments-c793544a-r10,crashed,AEP_FULL,after_intent_before_barrier,payments,AUTHORITATIVE_READBACK,ORACLE_FINGERPRINT,6a33ed4d-c298-4dde-b0ce-6b01778623a0,CONFIRMED_NOT_APPLIED,FAILED_CONFIRMED,0,1,0,,45546.0,0,0,,
aep_full-after_intent_before_barrier-payments-c793544a-r10,crashed,AEP_FULL,after_intent_before_barrier,payments,AUTHORITATIVE_READBACK,ORACLE_FINGERPRINT,7264b890-8194-4ae4-8a47-d45baf1a6481,CONFIRMED_NOT_APPLIED,FAILED_CONFIRMED,0,1,0,,36968.0,0,0,,
aep_full-after_intent_before_barrier-payments-c793544a-r10,crashed,AEP_FULL,after_intent_before_barrier,payments,AUTHORITATIVE_READBACK,ORACLE_FINGERPRINT,ba653e25-47a0-463b-bdc4-34cfffd66f1f,CONFIRMED_NOT_APPLIED,FAILED_CONFIRMED,0,1,0,,30072.0,0,0,,
aep_full-after_intent_before_barrier-payments-c793544a-r10,crashed,AEP_FULL,after_intent_before_barrier,payments,AUTHORITATIVE_READBACK,ORACLE_FINGERPRINT,54ac52f6-fb29-4727-aa23-baf839c1979f,CONFIRMED_NOT_APPLIED,FAILED_CONFIRMED,0,1,0,,56659.0,0,0,,
aep_full-after_intent_before_barrier-payments-c793544a-r10,crashed,AEP_FULL,after_intent_before_barrier,payments,AUTHORITATIVE_READBACK,ORACLE_FINGERPRINT,d0dc59ae-6459-47e3-b64f-dc613b50ba76,CONFIRMED_NOT_APPLIED,FAILED_CONFIRMED,0,1,0,,49910.0,0,0,,
aep_full-after_intent_before_barrier-payments-c793544a-r10,crashed,AEP_FULL,after_intent_before_barrier,payments,AUTHORITATIVE_READBACK,ORACLE_FINGERPRINT,954141c2-e008-423c-a13c-52a3107dfcd9,CONFIRMED_NOT_APPLIED,FAILED_CONFIRMED,0,1,0,,44465.0,0,0,,
aep_full-after_intent_before_barrier-payments-c793544a-r10,crashed,AEP_FULL,after_intent_before_barrier,payments,AUTHORITATIVE_READBACK,ORACLE_FINGERPRINT,15bd3633-af65-4dfc-850c-cf81ca9babaa,CONFIRMED_NOT_APPLIED,FAILED_CONFIRMED,0,1,0,,35353.0,0,0,,
aep_full-after_intent_before_barrier-payments-c793544a-r10,crashed,AEP_FULL,after_intent_before_barrier,payments,AUTHORITATIVE_READBACK,ORACLE_FINGERPRINT,c74b5728-8507-488d-8f7b-5b0b06d5bf98,CONFIRMED_NOT_APPLIED,FAILED_CONFIRMED,0,1,0,,29046.0,0,0,,
aep_full-after_intent_before_barrier-payments-c793544a-r11,crashed,AEP_FULL,after_intent_before_barrier,payments,AUTHORITATIVE_READBACK,ORACLE_FINGERPRINT,c9232b17-0b4c-462d-af21-66759ec15a95,CONFIRMED_NOT_APPLIED,FAILED_CONFIRMED,0,1,0,,46980.0,0,0,,
aep_full-after_intent_before_barrier-payments-c793544a-r11,crashed,AEP_FULL,after_intent_before_barrier,payments,AUTHORITATIVE_READBACK,ORACLE_FINGERPRINT,dae9b9c0-fb1c-4b7d-8b99-8c0574217534,CONFIRMED_NOT_APPLIED,FAILED_CONFIRMED,0,1,0,,42963.0,0,0,,
aep_full-after_intent_before_barrier-payments-c793544a-r11,crashed,AEP_FULL,after_intent_before_barrier,payments,AUTHORITATIVE_READBACK,ORACLE_FINGERPRINT,e3626e3c-433c-466f-9c82-4b2a3e76e697,CONFIRMED_NOT_APPLIED,FAILED_CONFIRMED,0,1,0,,35968.0,0,0,,
aep_full-after_intent_before_barrier-payments-c793544a-r11,crashed,AEP_FULL,after_intent_before_barrier,payments,AUTHORITATIVE_READBACK,ORACLE_FINGERPRINT,d9c677c5-8ee6-4bd7-87ae-b06d5eca7fc3,CONFIRMED_NOT_APPLIED,FAILED_CONFIRMED,0,1,0,,32946.0,0,0,,
aep_full-after_intent_before_barrier-payments-c793544a-r11,crashed,AEP_FULL,after_intent_before_barrier,payments,AUTHORITATIVE_READBACK,ORACLE_FINGERPRINT,c29db5b9-ed4b-4f99-a025-9c8d055647df,CONFIRMED_NOT_APPLIED,FAILED_CONFIRMED,0,1,0,,30256.0,0,0,,
aep_full-after_intent_before_barrier-payments-c793544a-r11,crashed,AEP_FULL,after_intent_before_barrier,payments,AUTHORITATIVE_READBACK,ORACLE_FINGERPRINT,7a7884fa-55e5-4f64-b89a-828fee8f543d,CONFIRMED_NOT_APPLIED,FAILED_CONFIRMED,0,1,0,,46981.0,0,0,,
aep_full-after_intent_before_barrier-payments-c793544a-r11,crashed,AEP_FULL,after_intent_before_barrier,payments,AUTHORITATIVE_READBACK,ORACLE_FINGERPRINT,d76a31db-f2d6-4f5e-93b6-03c30bccd0cf,CONFIRMED_NOT_APPLIED,FAILED_CONFIRMED,0,1,0,,42964.0,0,0,,
aep_full-after_intent_before_barrier-payments-c793544a-r11,crashed,AEP_FULL,after_intent_before_barrier,payments,AUTHORITATIVE_READBACK,ORACLE_FINGERPRINT,aa2a9603-c796-479f-90fe-6b86a5e7abb5,CONFIRMED_NOT_APPLIED,FAILED_CONFIRMED,0,1,0,,35969.0,0,0,,
aep_full-after_intent_before_barrier-payments-c793544a-r11,crashed,AEP_FULL,after_intent_before_barrier,payments,AUTHORITATIVE_READBACK,ORACLE_FINGERPRINT,f87211a5-153d-4d37-b3eb-a950e26e7fbc,CONFIRMED_NOT_APPLIED,FAILED_CONFIRMED,0,1,0,,32946.0,0,0,,
aep_full-after_intent_before_barrier-payments-c793544a-r11,crashed,AEP_FULL,after_intent_before_barrier,payments,AUTHORITATIVE_READBACK,ORACLE_FINGERPRINT,2476cd48-c257-47da-9b69-091f2715e337,CONFIRMED_NOT_APPLIED,FAILED_CONFIRMED,0,1,0,,30241.0,0,0,,
aep_full-after_intent_before_barrier-payments-c793544a-r12,crashed,AEP_FULL,after_intent_before_barrier,payments,AUTHORITATIVE_READBACK,ORACLE_FINGERPRINT,72e34f23-bea6-43a7-b3d2-f3f2ec3ba3d5,CONFIRMED_NOT_APPLIED,FAILED_CONFIRMED,0,1,0,,48921.0,0,0,,
aep_full-after_intent_before_barrier-payments-c793544a-r12,crashed,AEP_FULL,after_intent_before_barrier,payments,AUTHORITATIVE_READBACK,ORACLE_FINGERPRINT,e7a53a5e-3b08-44e1-84ab-c9f3908583b0,CONFIRMED_NOT_APPLIED,FAILED_CONFIRMED,0,1,0,,43916.0,0,0,,
aep_full-after_intent_before_barrier-payments-c793544a-r12,crashed,AEP_FULL,after_intent_before_barrier,payments,AUTHORITATIVE_READBACK,ORACLE_FINGERPRINT,f5e34276-8405-49b4-a812-66a3a12c4eb8,CONFIRMED_NOT_APPLIED,FAILED_CONFIRMED,0,1,0,,38964.0,0,0,,
aep_full-after_intent_before_barrier-payments-c793544a-r12,crashed,AEP_FULL,after_intent_before_barrier,payments,AUTHORITATIVE_READBACK,ORACLE_FINGERPRINT,cf89349b-84be-4b7e-9747-5eda3ff49596,CONFIRMED_NOT_APPLIED,FAILED_CONFIRMED,0,1,0,,33985.0,0,0,,
aep_full-after_intent_before_barrier-payments-c793544a-r12,crashed,AEP_FULL,after_intent_before_barrier,payments,AUTHORITATIVE_READBACK,ORACLE_FINGERPRINT,83fd7476-f6d9-43a1-be8b-2291694ce4ab,CONFIRMED_NOT_APPLIED,FAILED_CONFIRMED,0,1,0,,28380.0,0,0,,
aep_full-after_intent_before_barrier-payments-c793544a-r12,crashed,AEP_FULL,after_intent_before_barrier,payments,AUTHORITATIVE_READBACK,ORACLE_FINGERPRINT,24485d97-b1ad-4778-bf50-9470e0ee1c0e,CONFIRMED_NOT_APPLIED,FAILED_CONFIRMED,0,1,0,,48916.0,0,0,,
aep_full-after_intent_before_barrier-payments-c793544a-r12,crashed,AEP_FULL,after_intent_before_barrier,payments,AUTHORITATIVE_READBACK,ORACLE_FINGERPRINT,f9ca72db-5a88-47cf-a62b-09735f82366b,CONFIRMED_NOT_APPLIED,FAILED_CONFIRMED,0,1,0,,43916.0,0,0,,
aep_full-after_intent_before_barrier-payments-c793544a-r12,crashed,AEP_FULL,after_intent_before_barrier,payments,AUTHORITATIVE_READBACK,ORACLE_FINGERPRINT,2dd6863c-51e3-40bf-82de-b445e145304f,CONFIRMED_NOT_APPLIED,FAILED_CONFIRMED,0,1,0,,38966.0,0,0,,
aep_full-after_intent_before_barrier-payments-c793544a-r12,crashed,AEP_FULL,after_intent_before_barrier,payments,AUTHORITATIVE_READBACK,ORACLE_FINGERPRINT,3f931ff2-0ac3-4e55-81a2-3d919d27114d,CONFIRMED_NOT_APPLIED,FAILED_CONFIRMED,0,1,0,,33983.0,0,0,,
aep_full-after_intent_before_barrier-payments-c793544a-r12,crashed,AEP_FULL,after_intent_before_barrier,payments,AUTHORITATIVE_READBACK,ORACLE_FINGERPRINT,0dea7e16-8d3c-4cb0-be0d-8e2cb04a5b0a,CONFIRMED_NOT_APPLIED,FAILED_CONFIRMED,0,1,0,,28378.0,0,0,,
aep_full-after_intent_before_barrier-payments-c793544a-r13,crashed,AEP_FULL,after_intent_before_barrier,payments,AUTHORITATIVE_READBACK,ORACLE_FINGERPRINT,628e5bae-461f-45d0-9df3-cbaee4deebbd,CONFIRMED_NOT_APPLIED,FAILED_CONFIRMED,0,1,0,,48850.0,0,0,,
aep_full-after_intent_before_barrier-payments-c793544a-r13,crashed,AEP_FULL,after_intent_before_barrier,payments,AUTHORITATIVE_READBACK,ORACLE_FINGERPRINT,c2f0ef78-8f45-4bed-b72b-8e8a4710c6a5,CONFIRMED_NOT_APPLIED,FAILED_CONFIRMED,0,1,0,,43899.0,0,0,,
aep_full-after_intent_before_barrier-payments-c793544a-r13,crashed,AEP_FULL,after_intent_before_barrier,payments,AUTHORITATIVE_READBACK,ORACLE_FINGERPRINT,d6c02ff7-818a-46eb-aa6b-e40021c9aa16,CONFIRMED_NOT_APPLIED,FAILED_CONFIRMED,0,1,0,,37982.0,0,0,,
aep_full-after_intent_before_barrier-payments-c793544a-r13,crashed,AEP_FULL,after_intent_before_barrier,payments,AUTHORITATIVE_READBACK,ORACLE_FINGERPRINT,b3a45015-a46d-47f2-896d-33efcc30504b,CONFIRMED_NOT_APPLIED,FAILED_CONFIRMED,0,1,0,,31990.0,0,0,,
aep_full-after_intent_before_barrier-payments-c793544a-r13,crashed,AEP_FULL,after_intent_before_barrier,payments,AUTHORITATIVE_READBACK,ORACLE_FINGERPRINT,19271e54-58be-43ba-9ce9-09f5f6c5b9db,CONFIRMED_NOT_APPLIED,FAILED_CONFIRMED,0,1,0,,26209.0,0,0,,
aep_full-after_intent_before_barrier-payments-c793544a-r13,crashed,AEP_FULL,after_intent_before_barrier,payments,AUTHORITATIVE_READBACK,ORACLE_FINGERPRINT,4864b24a-f1f7-4105-8b52-8b454523cf61,CONFIRMED_NOT_APPLIED,FAILED_CONFIRMED,0,1,0,,49894.0,0,0,,
aep_full-after_intent_before_barrier-payments-c793544a-r13,crashed,AEP_FULL,after_intent_before_barrier,payments,AUTHORITATIVE_READBACK,ORACLE_FINGERPRINT,82154828-e97a-463a-b239-8aabd69c9c43,CONFIRMED_NOT_APPLIED,FAILED_CONFIRMED,0,1,0,,44903.0,0,0,,
aep_full-after_intent_before_barrier-payments-c793544a-r13,crashed,AEP_FULL,after_intent_before_barrier,payments,AUTHORITATIVE_READBACK,ORACLE_FINGERPRINT,f8d9113a-5c6b-4efa-a12d-6c5006de30cd,CONFIRMED_NOT_APPLIED,FAILED_CONFIRMED,0,1,0,,39197.0,0,0,,
aep_full-after_intent_before_barrier-payments-c793544a-r13,crashed,AEP_FULL,after_intent_before_barrier,payments,AUTHORITATIVE_READBACK,ORACLE_FINGERPRINT,03f30420-da6f-461e-8f5a-abffabf1474c,CONFIRMED_NOT_APPLIED,FAILED_CONFIRMED,0,1,0,,33137.0,0,0,,
aep_full-after_intent_before_barrier-payments-c793544a-r13,crashed,AEP_FULL,after_intent_before_barrier,payments,AUTHORITATIVE_READBACK,ORACLE_FINGERPRINT,3cc39f9b-192d-40c4-a6e5-e2717b9900f6,CONFIRMED_NOT_APPLIED,FAILED_CONFIRMED,0,1,0,,27269.0,0,0,,
aep_full-after_intent_before_barrier-payments-c793544a-r14,crashed,AEP_FULL,after_intent_before_barrier,payments,AUTHORITATIVE_READBACK,ORACLE_FINGERPRINT,67215e9b-e9f2-4df7-9c18-9b8b066426aa,CONFIRMED_NOT_APPLIED,FAILED_CONFIRMED,0,1,0,,45403.0,0,0,,
aep_full-after_intent_before_barrier-payments-c793544a-r14,crashed,AEP_FULL,after_intent_before_barrier,payments,AUTHORITATIVE_READBACK,ORACLE_FINGERPRINT,48789ab0-841a-42a7-8e31-83371c8a771a,CONFIRMED_NOT_APPLIED,FAILED_CONFIRMED,0,1,0,,41411.0,0,0,,
aep_full-after_intent_before_barrier-payments-c793544a-r14,crashed,AEP_FULL,after_intent_before_barrier,payments,AUTHORITATIVE_READBACK,ORACLE_FINGERPRINT,f8647f13-6e29-4097-8660-cfd184b42596,CONFIRMED_NOT_APPLIED,FAILED_CONFIRMED,0,1,0,,36549.0,0,0,,
aep_full-after_intent_before_barrier-payments-c793544a-r14,crashed,AEP_FULL,after_intent_before_barrier,payments,AUTHORITATIVE_READBACK,ORACLE_FINGERPRINT,e6e9625f-6392-45fa-ba97-c3c5db1a2c7c,CONFIRMED_NOT_APPLIED,FAILED_CONFIRMED,0,1,0,,32148.0,0,0,,
aep_full-after_intent_before_barrier-payments-c793544a-r14,crashed,AEP_FULL,after_intent_before_barrier,payments,AUTHORITATIVE_READBACK,ORACLE_FINGERPRINT,37a0f93d-10ac-4317-87b0-983af4176f01,CONFIRMED_NOT_APPLIED,FAILED_CONFIRMED,0,1,0,,28256.0,0,0,,
aep_full-after_intent_before_barrier-payments-c793544a-r14,crashed,AEP_FULL,after_intent_before_barrier,payments,AUTHORITATIVE_READBACK,ORACLE_FINGERPRINT,b1d66895-1faa-4be6-a128-bfd834a13cc8,CONFIRMED_NOT_APPLIED,FAILED_CONFIRMED,0,1,0,,45401.0,0,0,,
aep_full-after_intent_before_barrier-payments-c793544a-r14,crashed,AEP_FULL,after_intent_before_barrier,payments,AUTHORITATIVE_READBACK,ORACLE_FINGERPRINT,2a98071d-d2b4-4ac7-a10d-efbb4ce26a53,CONFIRMED_NOT_APPLIED,FAILED_CONFIRMED,0,1,0,,41413.0,0,0,,
aep_full-after_intent_before_barrier-payments-c793544a-r14,crashed,AEP_FULL,after_intent_before_barrier,payments,AUTHORITATIVE_READBACK,ORACLE_FINGERPRINT,4e1ed36e-0552-4673-ba37-0437e0bde162,CONFIRMED_NOT_APPLIED,FAILED_CONFIRMED,0,1,0,,36547.0,0,0,,
aep_full-after_intent_before_barrier-payments-c793544a-r14,crashed,AEP_FULL,after_intent_before_barrier,payments,AUTHORITATIVE_READBACK,ORACLE_FINGERPRINT,ca3318af-c312-4c60-8baf-5dabd581e0e0,CONFIRMED_NOT_APPLIED,FAILED_CONFIRMED,0,1,0,,32146.0,0,0,,
aep_full-after_intent_before_barrier-payments-c793544a-r14,crashed,AEP_FULL,after_intent_before_barrier,payments,AUTHORITATIVE_READBACK,ORACLE_FINGERPRINT,31052413-b397-4eb3-8f74-96f65848a1bb,CONFIRMED_NOT_APPLIED,FAILED_CONFIRMED,0,1,0,,28251.0,0,0,,
aep_full-after_intent_before_barrier-payments-c793544a-r2,crashed,AEP_FULL,after_intent_before_barrier,payments,AUTHORITATIVE_READBACK,ORACLE_FINGERPRINT,6bea4e7b-18ef-4978-a722-102555168cf6,CONFIRMED_NOT_APPLIED,FAILED_CONFIRMED,0,1,0,,44391.0,0,0,,
aep_full-after_intent_before_barrier-payments-c793544a-r2,crashed,AEP_FULL,after_intent_before_barrier,payments,AUTHORITATIVE_READBACK,ORACLE_FINGERPRINT,9b24b97c-6e71-4814-a230-f854e25ec4a3,CONFIRMED_NOT_APPLIED,FAILED_CONFIRMED,0,1,0,,39668.0,0,0,,
aep_full-after_intent_before_barrier-payments-c793544a-r2,crashed,AEP_FULL,after_intent_before_barrier,payments,AUTHORITATIVE_READBACK,ORACLE_FINGERPRINT,33b8182f-2d05-4604-8a42-f8c5737f5b0a,CONFIRMED_NOT_APPLIED,FAILED_CONFIRMED,0,1,0,,35593.0,0,0,,
aep_full-after_intent_before_barrier-payments-c793544a-r2,crashed,AEP_FULL,after_intent_before_barrier,payments,AUTHORITATIVE_READBACK,ORACLE_FINGERPRINT,bd5fce62-422c-40f2-b99a-807245b95c26,CONFIRMED_NOT_APPLIED,FAILED_CONFIRMED,0,1,0,,31555.0,0,0,,
aep_full-after_intent_before_barrier-payments-c793544a-r2,crashed,AEP_FULL,after_intent_before_barrier,payments,AUTHORITATIVE_READBACK,ORACLE_FINGERPRINT,fffdf621-951d-4357-9ad2-46c7273e7588,CONFIRMED_NOT_APPLIED,FAILED_CONFIRMED,0,1,0,,27165.0,0,0,,
aep_full-after_intent_before_barrier-payments-c793544a-r2,crashed,AEP_FULL,after_intent_before_barrier,payments,AUTHORITATIVE_READBACK,ORACLE_FINGERPRINT,57e3ed2b-014b-4910-a24d-e71d9ae65029,CONFIRMED_NOT_APPLIED,FAILED_CONFIRMED,0,1,0,,44393.0,0,0,,
aep_full-after_intent_before_barrier-payments-c793544a-r2,crashed,AEP_FULL,after_intent_before_barrier,payments,AUTHORITATIVE_READBACK,ORACLE_FINGERPRINT,46230962-db43-4347-bce4-d965ae177b22,CONFIRMED_NOT_APPLIED,FAILED_CONFIRMED,0,1,0,,39667.0,0,0,,
aep_full-after_intent_before_barrier-payments-c793544a-r2,crashed,AEP_FULL,after_intent_before_barrier,payments,AUTHORITATIVE_READBACK,ORACLE_FINGERPRINT,cb672d4a-34dc-4fe8-a40c-0c89807c6d15,CONFIRMED_NOT_APPLIED,FAILED_CONFIRMED,0,1,0,,35595.0,0,0,,
aep_full-after_intent_before_barrier-payments-c793544a-r2,crashed,AEP_FULL,after_intent_before_barrier,payments,AUTHORITATIVE_READBACK,ORACLE_FINGERPRINT,401319c6-a7f7-427f-83b9-db6566174665,CONFIRMED_NOT_APPLIED,FAILED_CONFIRMED,0,1,0,,31558.0,0,0,,
aep_full-after_intent_before_barrier-payments-c793544a-r2,crashed,AEP_FULL,after_intent_before_barrier,payments,AUTHORITATIVE_READBACK,ORACLE_FINGERPRINT,3d0bd9ab-8b5b-48c8-89ed-cb3b1af8678c,CONFIRMED_NOT_APPLIED,FAILED_CONFIRMED,0,1,0,,27164.0,0,0,,
aep_full-after_intent_before_barrier-payments-c793544a-r3,crashed,AEP_FULL,after_intent_before_barrier,payments,AUTHORITATIVE_READBACK,ORACLE_FINGERPRINT,53ada7aa-d9ac-49b7-91a1-d04a294dded8,CONFIRMED_NOT_APPLIED,FAILED_CONFIRMED,0,1,0,,55366.0,0,0,,
aep_full-after_intent_before_barrier-payments-c793544a-r3,crashed,AEP_FULL,after_intent_before_barrier,payments,AUTHORITATIVE_READBACK,ORACLE_FINGERPRINT,4b4360c9-08e8-40b0-8d0a-3c35486c9624,CONFIRMED_NOT_APPLIED,FAILED_CONFIRMED,0,1,0,,47589.0,0,0,,
aep_full-after_intent_before_barrier-payments-c793544a-r3,crashed,AEP_FULL,after_intent_before_barrier,payments,AUTHORITATIVE_READBACK,ORACLE_FINGERPRINT,e3b9f1bd-e46a-456b-9f8e-d80348e5e0a3,CONFIRMED_NOT_APPLIED,FAILED_CONFIRMED,0,1,0,,40354.0,0,0,,
aep_full-after_intent_before_barrier-payments-c793544a-r3,crashed,AEP_FULL,after_intent_before_barrier,payments,AUTHORITATIVE_READBACK,ORACLE_FINGERPRINT,63ce2a60-3f1b-494a-829d-0494219ed3d6,CONFIRMED_NOT_APPLIED,FAILED_CONFIRMED,0,1,0,,35234.0,0,0,,
aep_full-after_intent_before_barrier-payments-c793544a-r3,crashed,AEP_FULL,after_intent_before_barrier,payments,AUTHORITATIVE_READBACK,ORACLE_FINGERPRINT,d9832f84-7517-4d30-ac29-04aade91ef1c,CONFIRMED_NOT_APPLIED,FAILED_CONFIRMED,0,1,0,,29153.0,0,0,,
aep_full-after_intent_before_barrier-payments-c793544a-r3,crashed,AEP_FULL,after_intent_before_barrier,payments,AUTHORITATIVE_READBACK,ORACLE_FINGERPRINT,3d8cbfeb-d326-4993-9068-b01548a642ae,CONFIRMED_NOT_APPLIED,FAILED_CONFIRMED,0,1,0,,56859.0,0,0,,
aep_full-after_intent_before_barrier-payments-c793544a-r3,crashed,AEP_FULL,after_intent_before_barrier,payments,AUTHORITATIVE_READBACK,ORACLE_FINGERPRINT,9cde2e17-c283-4deb-a467-e21c13030dba,CONFIRMED_NOT_APPLIED,FAILED_CONFIRMED,0,1,0,,51804.0,0,0,,
aep_full-after_intent_before_barrier-payments-c793544a-r3,crashed,AEP_FULL,after_intent_before_barrier,payments,AUTHORITATIVE_READBACK,ORACLE_FINGERPRINT,c101d928-2970-41d9-a789-4ef9147d9174,CONFIRMED_NOT_APPLIED,FAILED_CONFIRMED,0,1,0,,41711.0,0,0,,
aep_full-after_intent_before_barrier-payments-c793544a-r3,crashed,AEP_FULL,after_intent_before_barrier,payments,AUTHORITATIVE_READBACK,ORACLE_FINGERPRINT,72068462-b275-4850-b938-cf165faff0b4,CONFIRMED_NOT_APPLIED,FAILED_CONFIRMED,0,1,0,,36088.0,0,0,,
aep_full-after_intent_before_barrier-payments-c793544a-r3,crashed,AEP_FULL,after_intent_before_barrier,payments,AUTHORITATIVE_READBACK,ORACLE_FINGERPRINT,263c7066-9198-4455-977a-6632d6a1f6ea,CONFIRMED_NOT_APPLIED,FAILED_CONFIRMED,0,1,0,,30023.0,0,0,,
aep_full-after_intent_before_barrier-payments-c793544a-r4,crashed,AEP_FULL,after_intent_before_barrier,payments,AUTHORITATIVE_READBACK,ORACLE_FINGERPRINT,d4b84d39-364d-4366-bc7d-81a20d111216,CONFIRMED_NOT_APPLIED,FAILED_CONFIRMED,0,1,0,,45540.0,0,0,,
aep_full-after_intent_before_barrier-payments-c793544a-r4,crashed,AEP_FULL,after_intent_before_barrier,payments,AUTHORITATIVE_READBACK,ORACLE_FINGERPRINT,65455052-2d42-452e-821b-f522d9550d67,CONFIRMED_NOT_APPLIED,FAILED_CONFIRMED,0,1,0,,40239.0,0,0,,
aep_full-after_intent_before_barrier-payments-c793544a-r4,crashed,AEP_FULL,after_intent_before_barrier,payments,AUTHORITATIVE_READBACK,ORACLE_FINGERPRINT,d50259a4-a9fa-49cf-99ec-56e7d38c84b5,CONFIRMED_NOT_APPLIED,FAILED_CONFIRMED,0,1,0,,35253.0,0,0,,
aep_full-after_intent_before_barrier-payments-c793544a-r4,crashed,AEP_FULL,after_intent_before_barrier,payments,AUTHORITATIVE_READBACK,ORACLE_FINGERPRINT,73f34d02-f124-4155-a8d6-441bb1047c06,CONFIRMED_NOT_APPLIED,FAILED_CONFIRMED,0,1,0,,31824.0,0,0,,
aep_full-after_intent_before_barrier-payments-c793544a-r4,crashed,AEP_FULL,after_intent_before_barrier,payments,AUTHORITATIVE_READBACK,ORACLE_FINGERPRINT,9783e3e1-035a-4475-b2cd-339b88e3f355,CONFIRMED_NOT_APPLIED,FAILED_CONFIRMED,0,1,0,,29100.0,0,0,,
aep_full-after_intent_before_barrier-payments-c793544a-r4,crashed,AEP_FULL,after_intent_before_barrier,payments,AUTHORITATIVE_READBACK,ORACLE_FINGERPRINT,0e792876-2835-4ce1-bd5c-1532dda1b64d,CONFIRMED_NOT_APPLIED,FAILED_CONFIRMED,0,1,0,,45513.0,0,0,,
aep_full-after_intent_before_barrier-payments-c793544a-r4,crashed,AEP_FULL,after_intent_before_barrier,payments,AUTHORITATIVE_READBACK,ORACLE_FINGERPRINT,692ad89c-7cdf-4b9c-b261-092d960f60bc,CONFIRMED_NOT_APPLIED,FAILED_CONFIRMED,0,1,0,,40241.0,0,0,,
aep_full-after_intent_before_barrier-payments-c793544a-r4,crashed,AEP_FULL,after_intent_before_barrier,payments,AUTHORITATIVE_READBACK,ORACLE_FINGERPRINT,318e9493-4462-46e9-ab66-92f582fdf9ef,CONFIRMED_NOT_APPLIED,FAILED_CONFIRMED,0,1,0,,35252.0,0,0,,
aep_full-after_intent_before_barrier-payments-c793544a-r4,crashed,AEP_FULL,after_intent_before_barrier,payments,AUTHORITATIVE_READBACK,ORACLE_FINGERPRINT,b5db8c33-12b4-4df3-8edc-7a0581a2ea5e,CONFIRMED_NOT_APPLIED,FAILED_CONFIRMED,0,1,0,,31825.0,0,0,,
aep_full-after_intent_before_barrier-payments-c793544a-r4,crashed,AEP_FULL,after_intent_before_barrier,payments,AUTHORITATIVE_READBACK,ORACLE_FINGERPRINT,70384a04-e740-491c-bee7-9ebae51c129c,CONFIRMED_NOT_APPLIED,FAILED_CONFIRMED,0,1,0,,29099.0,0,0,,
aep_full-after_intent_before_barrier-payments-c793544a-r5,crashed,AEP_FULL,after_intent_before_barrier,payments,AUTHORITATIVE_READBACK,ORACLE_FINGERPRINT,b0f47471-bc88-44d8-babb-216c0049f4b5,CONFIRMED_NOT_APPLIED,FAILED_CONFIRMED,0,1,0,,42159.0,0,0,,
aep_full-after_intent_before_barrier-payments-c793544a-r5,crashed,AEP_FULL,after_intent_before_barrier,payments,AUTHORITATIVE_READBACK,ORACLE_FINGERPRINT,9e106915-e084-49c7-89c1-034524b57b96,CONFIRMED_NOT_APPLIED,FAILED_CONFIRMED,0,1,0,,38939.0,0,0,,
aep_full-after_intent_before_barrier-payments-c793544a-r5,crashed,AEP_FULL,after_intent_before_barrier,payments,AUTHORITATIVE_READBACK,ORACLE_FINGERPRINT,96cbb257-0bd6-4ca0-9317-bfe7ee74bdd9,CONFIRMED_NOT_APPLIED,FAILED_CONFIRMED,0,1,0,,35864.0,0,0,,
aep_full-after_intent_before_barrier-payments-c793544a-r5,crashed,AEP_FULL,after_intent_before_barrier,payments,AUTHORITATIVE_READBACK,ORACLE_FINGERPRINT,7604a8d6-c44d-402a-8789-bb553edd0bd8,CONFIRMED_NOT_APPLIED,FAILED_CONFIRMED,0,1,0,,32443.0,0,0,,
aep_full-after_intent_before_barrier-payments-c793544a-r5,crashed,AEP_FULL,after_intent_before_barrier,payments,AUTHORITATIVE_READBACK,ORACLE_FINGERPRINT,a22075bb-0025-48bf-8c11-b675c9b289e9,CONFIRMED_NOT_APPLIED,FAILED_CONFIRMED,0,1,0,,29191.0,0,0,,
aep_full-after_intent_before_barrier-payments-c793544a-r5,crashed,AEP_FULL,after_intent_before_barrier,payments,AUTHORITATIVE_READBACK,ORACLE_FINGERPRINT,bd9f13bf-a6e0-4437-a669-4c679ea65ab8,CONFIRMED_NOT_APPLIED,FAILED_CONFIRMED,0,1,0,,42161.0,0,0,,
aep_full-after_intent_before_barrier-payments-c793544a-r5,crashed,AEP_FULL,after_intent_before_barrier,payments,AUTHORITATIVE_READBACK,ORACLE_FINGERPRINT,fe501a59-ab8a-4522-944c-0bbc1439f10b,CONFIRMED_NOT_APPLIED,FAILED_CONFIRMED,0,1,0,,38942.0,0,0,,
aep_full-after_intent_before_barrier-payments-c793544a-r5,crashed,AEP_FULL,after_intent_before_barrier,payments,AUTHORITATIVE_READBACK,ORACLE_FINGERPRINT,795107c4-b0b2-4ed4-a655-bf5ae731f05e,CONFIRMED_NOT_APPLIED,FAILED_CONFIRMED,0,1,0,,35859.0,0,0,,
aep_full-after_intent_before_barrier-payments-c793544a-r5,crashed,AEP_FULL,after_intent_before_barrier,payments,AUTHORITATIVE_READBACK,ORACLE_FINGERPRINT,86e144c9-a0a0-4a7c-99b3-b70449b00580,CONFIRMED_NOT_APPLIED,FAILED_CONFIRMED,0,1,0,,32441.0,0,0,,
aep_full-after_intent_before_barrier-payments-c793544a-r5,crashed,AEP_FULL,after_intent_before_barrier,payments,AUTHORITATIVE_READBACK,ORACLE_FINGERPRINT,9e2f097f-3232-47e6-ab62-f18c28443952,CONFIRMED_NOT_APPLIED,FAILED_CONFIRMED,0,1,0,,29189.0,0,0,,
aep_full-after_intent_before_barrier-payments-c793544a-r6,crashed,AEP_FULL,after_intent_before_barrier,payments,AUTHORITATIVE_READBACK,ORACLE_FINGERPRINT,419f05b8-224d-4551-af72-368f5a248a55,CONFIRMED_NOT_APPLIED,FAILED_CONFIRMED,0,1,0,,41858.0,0,0,,
aep_full-after_intent_before_barrier-payments-c793544a-r6,crashed,AEP_FULL,after_intent_before_barrier,payments,AUTHORITATIVE_READBACK,ORACLE_FINGERPRINT,7413fe1f-ccd4-4699-bb39-b4000f222a46,CONFIRMED_NOT_APPLIED,FAILED_CONFIRMED,0,1,0,,39025.0,0,0,,
aep_full-after_intent_before_barrier-payments-c793544a-r6,crashed,AEP_FULL,after_intent_before_barrier,payments,AUTHORITATIVE_READBACK,ORACLE_FINGERPRINT,990e77e5-ba6e-46ff-9b41-c1d258c8d2ae,CONFIRMED_NOT_APPLIED,FAILED_CONFIRMED,0,1,0,,35896.0,0,0,,
aep_full-after_intent_before_barrier-payments-c793544a-r6,crashed,AEP_FULL,after_intent_before_barrier,payments,AUTHORITATIVE_READBACK,ORACLE_FINGERPRINT,0eaaba2a-1258-471f-9789-2cd601f4aeac,CONFIRMED_NOT_APPLIED,FAILED_CONFIRMED,0,1,0,,33473.0,0,0,,
aep_full-after_intent_before_barrier-payments-c793544a-r6,crashed,AEP_FULL,after_intent_before_barrier,payments,AUTHORITATIVE_READBACK,ORACLE_FINGERPRINT,56686a5b-ce88-4c6c-8829-38a5604c502b,CONFIRMED_NOT_APPLIED,FAILED_CONFIRMED,0,1,0,,30903.0,0,0,,
aep_full-after_intent_before_barrier-payments-c793544a-r6,crashed,AEP_FULL,after_intent_before_barrier,payments,AUTHORITATIVE_READBACK,ORACLE_FINGERPRINT,6d81f476-95b5-46b2-81ec-dbc35c4afad8,CONFIRMED_NOT_APPLIED,FAILED_CONFIRMED,0,1,0,,41859.0,0,0,,
aep_full-after_intent_before_barrier-payments-c793544a-r6,crashed,AEP_FULL,after_intent_before_barrier,payments,AUTHORITATIVE_READBACK,ORACLE_FINGERPRINT,ab9f4c8a-c076-4b49-91bd-9e971bcc4798,CONFIRMED_NOT_APPLIED,FAILED_CONFIRMED,0,1,0,,39026.0,0,0,,
aep_full-after_intent_before_barrier-payments-c793544a-r6,crashed,AEP_FULL,after_intent_before_barrier,payments,AUTHORITATIVE_READBACK,ORACLE_FINGERPRINT,3e7b9b78-c184-424c-9947-ac28be88fd33,CONFIRMED_NOT_APPLIED,FAILED_CONFIRMED,0,1,0,,35897.0,0,0,,
aep_full-after_intent_before_barrier-payments-c793544a-r6,crashed,AEP_FULL,after_intent_before_barrier,payments,AUTHORITATIVE_READBACK,ORACLE_FINGERPRINT,9f8fb795-9e0a-422b-bca2-32e24f07b027,CONFIRMED_NOT_APPLIED,FAILED_CONFIRMED,0,1,0,,33471.0,0,0,,
aep_full-after_intent_before_barrier-payments-c793544a-r6,crashed,AEP_FULL,after_intent_before_barrier,payments,AUTHORITATIVE_READBACK,ORACLE_FINGERPRINT,f0d63616-41e1-41a3-89bd-ddd663a40a56,CONFIRMED_NOT_APPLIED,FAILED_CONFIRMED,0,1,0,,30903.0,0,0,,
aep_full-after_intent_before_barrier-payments-c793544a-r7,crashed,AEP_FULL,after_intent_before_barrier,payments,AUTHORITATIVE_READBACK,ORACLE_FINGERPRINT,7fca32dc-4d6a-4ac7-925b-b3c7bcc129b0,CONFIRMED_NOT_APPLIED,FAILED_CONFIRMED,0,1,0,,39135.0,0,0,,
aep_full-after_intent_before_barrier-payments-c793544a-r7,crashed,AEP_FULL,after_intent_before_barrier,payments,AUTHORITATIVE_READBACK,ORACLE_FINGERPRINT,1947a1b4-0d4a-4b61-ae51-649c6473d08d,CONFIRMED_NOT_APPLIED,FAILED_CONFIRMED,0,1,0,,36180.0,0,0,,
aep_full-after_intent_before_barrier-payments-c793544a-r7,crashed,AEP_FULL,after_intent_before_barrier,payments,AUTHORITATIVE_READBACK,ORACLE_FINGERPRINT,9230ec04-2cd2-4dca-b549-db1cd8a43183,CONFIRMED_NOT_APPLIED,FAILED_CONFIRMED,0,1,0,,33117.0,0,0,,
aep_full-after_intent_before_barrier-payments-c793544a-r7,crashed,AEP_FULL,after_intent_before_barrier,payments,AUTHORITATIVE_READBACK,ORACLE_FINGERPRINT,9a88836c-98a0-44e9-bd0b-b2a80ea9da81,CONFIRMED_NOT_APPLIED,FAILED_CONFIRMED,0,1,0,,29939.0,0,0,,
aep_full-after_intent_before_barrier-payments-c793544a-r7,crashed,AEP_FULL,after_intent_before_barrier,payments,AUTHORITATIVE_READBACK,ORACLE_FINGERPRINT,d6c0071c-d6a7-44e4-9c9e-7e221595d18e,CONFIRMED_NOT_APPLIED,FAILED_CONFIRMED,0,1,0,,26886.0,0,0,,
aep_full-after_intent_before_barrier-payments-c793544a-r7,crashed,AEP_FULL,after_intent_before_barrier,payments,AUTHORITATIVE_READBACK,ORACLE_FINGERPRINT,cca767eb-2713-43fb-82e7-4956c0722da9,CONFIRMED_NOT_APPLIED,FAILED_CONFIRMED,0,1,0,,39136.0,0,0,,
aep_full-after_intent_before_barrier-payments-c793544a-r7,crashed,AEP_FULL,after_intent_before_barrier,payments,AUTHORITATIVE_READBACK,ORACLE_FINGERPRINT,45177029-dcc9-4bd9-a683-c8efd81c76b3,CONFIRMED_NOT_APPLIED,FAILED_CONFIRMED,0,1,0,,36181.0,0,0,,
aep_full-after_intent_before_barrier-payments-c793544a-r7,crashed,AEP_FULL,after_intent_before_barrier,payments,AUTHORITATIVE_READBACK,ORACLE_FINGERPRINT,4609e381-de6f-4c39-b052-1d4b4b7efeaa,CONFIRMED_NOT_APPLIED,FAILED_CONFIRMED,0,1,0,,33116.0,0,0,,
aep_full-after_intent_before_barrier-payments-c793544a-r7,crashed,AEP_FULL,after_intent_before_barrier,payments,AUTHORITATIVE_READBACK,ORACLE_FINGERPRINT,e1098053-d2ec-4593-add6-8c8d09b61c66,CONFIRMED_NOT_APPLIED,FAILED_CONFIRMED,0,1,0,,29940.0,0,0,,
aep_full-after_intent_before_barrier-payments-c793544a-r7,crashed,AEP_FULL,after_intent_before_barrier,payments,AUTHORITATIVE_READBACK,ORACLE_FINGERPRINT,ef91de31-a912-4896-ace1-2fef83098ff0,CONFIRMED_NOT_APPLIED,FAILED_CONFIRMED,0,1,0,,26886.0,0,0,,
aep_full-after_intent_before_barrier-payments-c793544a-r8,crashed,AEP_FULL,after_intent_before_barrier,payments,AUTHORITATIVE_READBACK,ORACLE_FINGERPRINT,37591c03-a083-4588-b067-6989273ba174,CONFIRMED_NOT_APPLIED,FAILED_CONFIRMED,0,1,0,,45662.0,0,0,,
aep_full-after_intent_before_barrier-payments-c793544a-r8,crashed,AEP_FULL,after_intent_before_barrier,payments,AUTHORITATIVE_READBACK,ORACLE_FINGERPRINT,52a4d221-b7c6-464c-bb58-fc299304c92a,CONFIRMED_NOT_APPLIED,FAILED_CONFIRMED,0,1,0,,41715.0,0,0,,
aep_full-after_intent_before_barrier-payments-c793544a-r8,crashed,AEP_FULL,after_intent_before_barrier,payments,AUTHORITATIVE_READBACK,ORACLE_FINGERPRINT,53d4b459-2422-4c55-ab1e-a06afe95c5ed,CONFIRMED_NOT_APPLIED,FAILED_CONFIRMED,0,1,0,,37410.0,0,0,,
aep_full-after_intent_before_barrier-payments-c793544a-r8,crashed,AEP_FULL,after_intent_before_barrier,payments,AUTHORITATIVE_READBACK,ORACLE_FINGERPRINT,afeb2f2c-5d31-4f3e-9f15-cd5213288e6d,CONFIRMED_NOT_APPLIED,FAILED_CONFIRMED,0,1,0,,33566.0,0,0,,
aep_full-after_intent_before_barrier-payments-c793544a-r8,crashed,AEP_FULL,after_intent_before_barrier,payments,AUTHORITATIVE_READBACK,ORACLE_FINGERPRINT,a1070f74-16e3-456a-a017-b784e9725c7f,CONFIRMED_NOT_APPLIED,FAILED_CONFIRMED,0,1,0,,29263.0,0,0,,
aep_full-after_intent_before_barrier-payments-c793544a-r8,crashed,AEP_FULL,after_intent_before_barrier,payments,AUTHORITATIVE_READBACK,ORACLE_FINGERPRINT,f6d899d0-9217-4e6d-a12c-9dbdf9ba2106,CONFIRMED_NOT_APPLIED,FAILED_CONFIRMED,0,1,0,,45660.0,0,0,,
aep_full-after_intent_before_barrier-payments-c793544a-r8,crashed,AEP_FULL,after_intent_before_barrier,payments,AUTHORITATIVE_READBACK,ORACLE_FINGERPRINT,a7148582-c890-4982-9564-0e896219318d,CONFIRMED_NOT_APPLIED,FAILED_CONFIRMED,0,1,0,,41716.0,0,0,,
aep_full-after_intent_before_barrier-payments-c793544a-r8,crashed,AEP_FULL,after_intent_before_barrier,payments,AUTHORITATIVE_READBACK,ORACLE_FINGERPRINT,41b8f113-fde8-47ed-a6ab-452fa841933d,CONFIRMED_NOT_APPLIED,FAILED_CONFIRMED,0,1,0,,37406.0,0,0,,
aep_full-after_intent_before_barrier-payments-c793544a-r8,crashed,AEP_FULL,after_intent_before_barrier,payments,AUTHORITATIVE_READBACK,ORACLE_FINGERPRINT,88842a10-1ef2-4215-ad37-c57101b3be71,CONFIRMED_NOT_APPLIED,FAILED_CONFIRMED,0,1,0,,33566.0,0,0,,
aep_full-after_intent_before_barrier-payments-c793544a-r8,crashed,AEP_FULL,after_intent_before_barrier,payments,AUTHORITATIVE_READBACK,ORACLE_FINGERPRINT,06fcb196-a3d0-486b-9763-3bd872a6291b,CONFIRMED_NOT_APPLIED,FAILED_CONFIRMED,0,1,0,,29236.0,0,0,,
aep_full-after_intent_before_barrier-payments-c793544a-r9,crashed,AEP_FULL,after_intent_before_barrier,payments,AUTHORITATIVE_READBACK,ORACLE_FINGERPRINT,6efeb61e-3d4d-49dd-9571-55731d4e04d9,CONFIRMED_NOT_APPLIED,FAILED_CONFIRMED,0,1,0,,42533.0,0,0,,
aep_full-after_intent_before_barrier-payments-c793544a-r9,crashed,AEP_FULL,after_intent_before_barrier,payments,AUTHORITATIVE_READBACK,ORACLE_FINGERPRINT,d32c120b-dcc3-47cc-b930-c7a0a0b934ac,CONFIRMED_NOT_APPLIED,FAILED_CONFIRMED,0,1,0,,39344.0,0,0,,
aep_full-after_intent_before_barrier-payments-c793544a-r9,crashed,AEP_FULL,after_intent_before_barrier,payments,AUTHORITATIVE_READBACK,ORACLE_FINGERPRINT,aab3a40e-3fed-4056-ac2e-9193be014271,CONFIRMED_NOT_APPLIED,FAILED_CONFIRMED,0,1,0,,36032.0,0,0,,
aep_full-after_intent_before_barrier-payments-c793544a-r9,crashed,AEP_FULL,after_intent_before_barrier,payments,AUTHORITATIVE_READBACK,ORACLE_FINGERPRINT,47ef3180-6b31-4974-a3d2-195fab290812,CONFIRMED_NOT_APPLIED,FAILED_CONFIRMED,0,1,0,,31518.0,0,0,,
aep_full-after_intent_before_barrier-payments-c793544a-r9,crashed,AEP_FULL,after_intent_before_barrier,payments,AUTHORITATIVE_READBACK,ORACLE_FINGERPRINT,a9cfa55a-b79f-4eb4-bd4d-ffcbad1ccc78,CONFIRMED_NOT_APPLIED,FAILED_CONFIRMED,0,1,0,,28806.0,0,0,,
aep_full-after_intent_before_barrier-payments-c793544a-r9,crashed,AEP_FULL,after_intent_before_barrier,payments,AUTHORITATIVE_READBACK,ORACLE_FINGERPRINT,a58b60ee-21ae-47f3-ba94-0f78f715719f,CONFIRMED_NOT_APPLIED,FAILED_CONFIRMED,0,1,0,,42535.0,0,0,,
aep_full-after_intent_before_barrier-payments-c793544a-r9,crashed,AEP_FULL,after_intent_before_barrier,payments,AUTHORITATIVE_READBACK,ORACLE_FINGERPRINT,1c85aaa0-5316-44df-a64a-5718a98e21d4,CONFIRMED_NOT_APPLIED,FAILED_CONFIRMED,0,1,0,,39345.0,0,0,,
aep_full-after_intent_before_barrier-payments-c793544a-r9,crashed,AEP_FULL,after_intent_before_barrier,payments,AUTHORITATIVE_READBACK,ORACLE_FINGERPRINT,fbdab16f-ef3c-471e-87e5-e778d2f2c08d,CONFIRMED_NOT_APPLIED,FAILED_CONFIRMED,0,1,0,,36023.0,0,0,,
aep_full-after_intent_before_barrier-payments-c793544a-r9,crashed,AEP_FULL,after_intent_before_barrier,payments,AUTHORITATIVE_READBACK,ORACLE_FINGERPRINT,12784434-c353-4c06-869a-486300ea5d4c,CONFIRMED_NOT_APPLIED,FAILED_CONFIRMED,0,1,0,,31517.0,0,0,,
aep_full-after_intent_before_barrier-payments-c793544a-r9,crashed,AEP_FULL,after_intent_before_barrier,payments,AUTHORITATIVE_READBACK,ORACLE_FINGERPRINT,dc685d74-c816-4a1f-9051-855be68b3d1e,CONFIRMED_NOT_APPLIED,FAILED_CONFIRMED,0,1,0,,28806.0,0,0,,
aep_full-after_resolution_before_barrier-notifications-012dff21-r0,crashed,AEP_FULL,after_resolution_before_barrier,notifications,POSITIVE_ONLY_READBACK,ORACLE_FINGERPRINT,96394365-40fb-445d-b736-0dcf53bbe592,CONFIRMED_APPLIED,FIRED_CONFIRMED,1,1,0,,51766.0,0,0,,1
aep_full-after_resolution_before_barrier-notifications-012dff21-r0,crashed,AEP_FULL,after_resolution_before_barrier,notifications,POSITIVE_ONLY_READBACK,ORACLE_FINGERPRINT,96ceab9a-c56b-48ac-b86f-175077a61e7c,CONFIRMED_APPLIED,FIRED_CONFIRMED,1,1,0,,43318.0,0,0,,1
aep_full-after_resolution_before_barrier-notifications-012dff21-r0,crashed,AEP_FULL,after_resolution_before_barrier,notifications,POSITIVE_ONLY_READBACK,ORACLE_FINGERPRINT,2701c4a5-73b2-42d9-8ce6-aa9773465967,CONFIRMED_APPLIED,FIRED_CONFIRMED,1,1,0,,33130.0,0,0,,1
aep_full-after_resolution_before_barrier-notifications-012dff21-r0,crashed,AEP_FULL,after_resolution_before_barrier,notifications,POSITIVE_ONLY_READBACK,ORACLE_FINGERPRINT,c92887f8-d6fc-4680-b3e5-7228f4e4bf35,CONFIRMED_APPLIED,FIRED_CONFIRMED,1,1,0,,25859.0,0,0,,1
aep_full-after_resolution_before_barrier-notifications-012dff21-r0,crashed,AEP_FULL,after_resolution_before_barrier,notifications,POSITIVE_ONLY_READBACK,ORACLE_FINGERPRINT,a303dc4a-9873-4dc5-97ba-6646c18b4438,CONFIRMED_APPLIED,FIRED_CONFIRMED,1,1,0,,18761.0,0,0,,1
aep_full-after_resolution_before_barrier-notifications-012dff21-r0,crashed,AEP_FULL,after_resolution_before_barrier,notifications,POSITIVE_ONLY_READBACK,ORACLE_FINGERPRINT,7bb6c9fd-d49f-4a8a-bb42-4920e03d5ccf,CONFIRMED_APPLIED,FIRED_CONFIRMED,1,1,0,,47942.0,0,0,,1
aep_full-after_resolution_before_barrier-notifications-012dff21-r0,crashed,AEP_FULL,after_resolution_before_barrier,notifications,POSITIVE_ONLY_READBACK,ORACLE_FINGERPRINT,9e1aebeb-e092-411e-b2ef-4c074acbd85a,CONFIRMED_APPLIED,FIRED_CONFIRMED,1,1,0,,33215.0,0,0,,1
aep_full-after_resolution_before_barrier-notifications-012dff21-r0,crashed,AEP_FULL,after_resolution_before_barrier,notifications,POSITIVE_ONLY_READBACK,ORACLE_FINGERPRINT,9c464033-321a-40ca-b0a9-ae1cb5fb357e,CONFIRMED_APPLIED,FIRED_CONFIRMED,1,1,0,,22877.0,0,0,,1
aep_full-after_resolution_before_barrier-notifications-012dff21-r0,crashed,AEP_FULL,after_resolution_before_barrier,notifications,POSITIVE_ONLY_READBACK,ORACLE_FINGERPRINT,ffdd3d7e-1d0a-43c3-8d7a-c2dbcb3c3694,CONFIRMED_APPLIED,FIRED_CONFIRMED,1,1,0,,15976.0,0,0,,1
aep_full-after_resolution_before_barrier-notifications-012dff21-r0,crashed,AEP_FULL,after_resolution_before_barrier,notifications,POSITIVE_ONLY_READBACK,ORACLE_FINGERPRINT,56866d35-974f-4f42-a7d4-8d22bbfc490f,CONFIRMED_APPLIED,FIRED_CONFIRMED,1,1,0,,8643.0,0,0,,1
aep_full-after_resolution_before_barrier-notifications-012dff21-r1,crashed,AEP_FULL,after_resolution_before_barrier,notifications,POSITIVE_ONLY_READBACK,ORACLE_FINGERPRINT,4165f0cd-2bda-47e0-9dfa-88c9afb76252,CONFIRMED_APPLIED,FIRED_CONFIRMED,1,1,0,,30983.0,0,0,,1
aep_full-after_resolution_before_barrier-notifications-012dff21-r1,crashed,AEP_FULL,after_resolution_before_barrier,notifications,POSITIVE_ONLY_READBACK,ORACLE_FINGERPRINT,57ee0e64-7f52-4c3d-9331-8510dec2148b,CONFIRMED_APPLIED,FIRED_CONFIRMED,1,1,0,,21545.0,0,0,,1
aep_full-after_resolution_before_barrier-notifications-012dff21-r1,crashed,AEP_FULL,after_resolution_before_barrier,notifications,POSITIVE_ONLY_READBACK,ORACLE_FINGERPRINT,cdea2456-e4dc-4c90-9eac-5b40eaa5d874,CONFIRMED_APPLIED,FIRED_CONFIRMED,1,1,0,,15352.0,0,0,,1
aep_full-after_resolution_before_barrier-notifications-012dff21-r1,crashed,AEP_FULL,after_resolution_before_barrier,notifications,POSITIVE_ONLY_READBACK,ORACLE_FINGERPRINT,c0f34a73-9615-4c2c-9acd-def6c5a3a7a0,CONFIRMED_APPLIED,FIRED_CONFIRMED,1,1,0,,6401.0,0,0,,1
aep_full-after_resolution_before_barrier-notifications-012dff21-r1,crashed,AEP_FULL,after_resolution_before_barrier,notifications,POSITIVE_ONLY_READBACK,ORACLE_FINGERPRINT,ceb9afc2-3e27-483e-87c6-1b023eec0893,CONFIRMED_APPLIED,FIRED_CONFIRMED,1,1,0,,57.0,0,0,,1
aep_full-after_resolution_before_barrier-notifications-012dff21-r1,crashed,AEP_FULL,after_resolution_before_barrier,notifications,POSITIVE_ONLY_READBACK,ORACLE_FINGERPRINT,99412495-7c2e-4f76-9ab9-f05c1d913eeb,CONFIRMED_APPLIED,FIRED_CONFIRMED,1,1,0,,31005.0,0,0,,1
aep_full-after_resolution_before_barrier-notifications-012dff21-r1,crashed,AEP_FULL,after_resolution_before_barrier,notifications,POSITIVE_ONLY_READBACK,ORACLE_FINGERPRINT,8ea46c3f-f562-4825-bdd3-821df6be480a,CONFIRMED_APPLIED,FIRED_CONFIRMED,1,1,0,,21561.0,0,0,,1
aep_full-after_resolution_before_barrier-notifications-012dff21-r1,crashed,AEP_FULL,after_resolution_before_barrier,notifications,POSITIVE_ONLY_READBACK,ORACLE_FINGERPRINT,b9f319a0-ad54-4750-8e83-f261a23c5f2d,CONFIRMED_APPLIED,FIRED_CONFIRMED,1,1,0,,15333.0,0,0,,1
aep_full-after_resolution_before_barrier-notifications-012dff21-r1,crashed,AEP_FULL,after_resolution_before_barrier,notifications,POSITIVE_ONLY_READBACK,ORACLE_FINGERPRINT,0a19a138-a86d-46a3-877b-514586cc03f8,CONFIRMED_APPLIED,FIRED_CONFIRMED,1,1,0,,6423.0,0,0,,1
aep_full-after_resolution_before_barrier-notifications-012dff21-r1,crashed,AEP_FULL,after_resolution_before_barrier,notifications,POSITIVE_ONLY_READBACK,ORACLE_FINGERPRINT,c8099e7e-ef90-4974-a4cb-4a6c2c24dd6e,CONFIRMED_APPLIED,FIRED_CONFIRMED,1,1,0,,77.0,0,0,,1
aep_full-after_resolution_before_barrier-notifications-012dff21-r10,crashed,AEP_FULL,after_resolution_before_barrier,notifications,POSITIVE_ONLY_READBACK,ORACLE_FINGERPRINT,986b9d86-fbcc-4ddd-af5c-a72a797e5b5c,CONFIRMED_APPLIED,FIRED_CONFIRMED,1,1,0,,173721.0,0,0,,1
aep_full-after_resolution_before_barrier-notifications-012dff21-r10,crashed,AEP_FULL,after_resolution_before_barrier,notifications,POSITIVE_ONLY_READBACK,ORACLE_FINGERPRINT,f383a175-44a1-4c81-85bb-5f0be2c0f2f5,CONFIRMED_APPLIED,FIRED_CONFIRMED,1,1,0,,160720.0,0,0,,1
aep_full-after_resolution_before_barrier-notifications-012dff21-r10,crashed,AEP_FULL,after_resolution_before_barrier,notifications,POSITIVE_ONLY_READBACK,ORACLE_FINGERPRINT,ddfee151-9513-4b57-b2e7-f4afa977f07b,CONFIRMED_APPLIED,FIRED_CONFIRMED,1,1,0,,153362.0,0,0,,1
aep_full-after_resolution_before_barrier-notifications-012dff21-r10,crashed,AEP_FULL,after_resolution_before_barrier,notifications,POSITIVE_ONLY_READBACK,ORACLE_FINGERPRINT,e3218aac-6b9f-4118-a68c-bd8081ee5875,DECLARED_AMBIGUOUS,FIRED_UNCONFIRMED,0,1,0,,145915.0,0,0,,1
aep_full-after_resolution_before_barrier-notifications-012dff21-r10,crashed,AEP_FULL,after_resolution_before_barrier,notifications,POSITIVE_ONLY_READBACK,ORACLE_FINGERPRINT,7a8d9721-a8b7-4a1d-a95a-f5dcc75bda70,CONFIRMED_APPLIED,FIRED_CONFIRMED,1,1,0,,135041.0,0,0,,1
aep_full-after_resolution_before_barrier-notifications-012dff21-r10,crashed,AEP_FULL,after_resolution_before_barrier,notifications,POSITIVE_ONLY_READBACK,ORACLE_FINGERPRINT,aa68095f-964c-4f03-89d0-6f94a9fc47bd,CONFIRMED_APPLIED,FIRED_CONFIRMED,1,1,0,,174508.0,0,0,,1
aep_full-after_resolution_before_barrier-notifications-012dff21-r10,crashed,AEP_FULL,after_resolution_before_barrier,notifications,POSITIVE_ONLY_READBACK,ORACLE_FINGERPRINT,53b57833-4c46-4f82-b33d-360efcaca8b4,CONFIRMED_APPLIED,FIRED_CONFIRMED,1,1,0,,161453.0,0,0,,1
aep_full-after_resolution_before_barrier-notifications-012dff21-r10,crashed,AEP_FULL,after_resolution_before_barrier,notifications,POSITIVE_ONLY_READBACK,ORACLE_FINGERPRINT,ca6bfd6c-88af-441e-b99d-6e89cc4eb56f,DECLARED_AMBIGUOUS,FIRED_UNCONFIRMED,0,1,0,,153383.0,0,0,,1
aep_full-after_resolution_before_barrier-notifications-012dff21-r10,crashed,AEP_FULL,after_resolution_before_barrier,notifications,POSITIVE_ONLY_READBACK,ORACLE_FINGERPRINT,ce995324-3fe2-464a-ab15-95de72a97161,CONFIRMED_APPLIED,FIRED_CONFIRMED,1,1,0,,142921.0,0,0,,1
aep_full-after_resolution_before_barrier-notifications-012dff21-r10,crashed,AEP_FULL,after_resolution_before_barrier,notifications,POSITIVE_ONLY_READBACK,ORACLE_FINGERPRINT,5cf467c8-4c7d-4421-bfa6-466ccf4a83fc,CONFIRMED_APPLIED,FIRED_CONFIRMED,1,1,0,,131915.0,0,0,,1
aep_full-after_resolution_before_barrier-notifications-012dff21-r11,crashed,AEP_FULL,after_resolution_before_barrier,notifications,POSITIVE_ONLY_READBACK,ORACLE_FINGERPRINT,1a0a585d-71da-404c-882c-80566b68a631,CONFIRMED_APPLIED,FIRED_CONFIRMED,1,1,0,,28816.0,0,0,,1
aep_full-after_resolution_before_barrier-notifications-012dff21-r11,crashed,AEP_FULL,after_resolution_before_barrier,notifications,POSITIVE_ONLY_READBACK,ORACLE_FINGERPRINT,34fe237a-a798-49c2-bfbb-2e8ccd6eff93,CONFIRMED_APPLIED,FIRED_CONFIRMED,1,1,0,,21834.0,0,0,,1
aep_full-after_resolution_before_barrier-notifications-012dff21-r11,crashed,AEP_FULL,after_resolution_before_barrier,notifications,POSITIVE_ONLY_READBACK,ORACLE_FINGERPRINT,0d6d82a1-7f2e-49b7-a566-6b3944787274,CONFIRMED_APPLIED,FIRED_CONFIRMED,1,1,0,,16036.0,0,0,,1
aep_full-after_resolution_before_barrier-notifications-012dff21-r11,crashed,AEP_FULL,after_resolution_before_barrier,notifications,POSITIVE_ONLY_READBACK,ORACLE_FINGERPRINT,d5659b30-1288-4916-95dd-2a0af87e7cad,CONFIRMED_APPLIED,FIRED_CONFIRMED,1,1,0,,9925.0,0,0,,1
aep_full-after_resolution_before_barrier-notifications-012dff21-r11,crashed,AEP_FULL,after_resolution_before_barrier,notifications,POSITIVE_ONLY_READBACK,ORACLE_FINGERPRINT,b47a93f9-0684-44c6-8bea-36a7cb23dede,CONFIRMED_APPLIED,FIRED_CONFIRMED,1,1,0,,2891.0,0,0,,1
aep_full-after_resolution_before_barrier-notifications-012dff21-r11,crashed,AEP_FULL,after_resolution_before_barrier,notifications,POSITIVE_ONLY_READBACK,ORACLE_FINGERPRINT,a5daf451-b671-4338-8131-296c2613c044,CONFIRMED_APPLIED,FIRED_CONFIRMED,1,1,0,,25867.0,0,0,,1
aep_full-after_resolution_before_barrier-notifications-012dff21-r11,crashed,AEP_FULL,after_resolution_before_barrier,notifications,POSITIVE_ONLY_READBACK,ORACLE_FINGERPRINT,fdbebea1-d319-424b-abb2-046cc0622306,CONFIRMED_APPLIED,FIRED_CONFIRMED,1,1,0,,18835.0,0,0,,1
aep_full-after_resolution_before_barrier-notifications-012dff21-r11,crashed,AEP_FULL,after_resolution_before_barrier,notifications,POSITIVE_ONLY_READBACK,ORACLE_FINGERPRINT,3610c27d-cfcd-4ef6-b95b-30ae24938705,CONFIRMED_APPLIED,FIRED_CONFIRMED,1,1,0,,11850.0,0,0,,1
aep_full-after_resolution_before_barrier-notifications-012dff21-r11,crashed,AEP_FULL,after_resolution_before_barrier,notifications,POSITIVE_ONLY_READBACK,ORACLE_FINGERPRINT,6846a260-1e0c-4a85-8511-18b3b8b78911,CONFIRMED_APPLIED,FIRED_CONFIRMED,1,1,0,,6000.0,0,0,,1
aep_full-after_resolution_before_barrier-notifications-012dff21-r11,crashed,AEP_FULL,after_resolution_before_barrier,notifications,POSITIVE_ONLY_READBACK,ORACLE_FINGERPRINT,951b29c2-b2db-46c7-b0ae-7125ab35b219,CONFIRMED_APPLIED,FIRED_CONFIRMED,1,1,0,,24.0,0,0,,1
aep_full-after_resolution_before_barrier-notifications-012dff21-r12,crashed,AEP_FULL,after_resolution_before_barrier,notifications,POSITIVE_ONLY_READBACK,ORACLE_FINGERPRINT,fa76ca52-b14e-4986-82a8-bc85c679c7e5,CONFIRMED_APPLIED,FIRED_CONFIRMED,1,1,0,,148458.0,0,0,,1
aep_full-after_resolution_before_barrier-notifications-012dff21-r12,crashed,AEP_FULL,after_resolution_before_barrier,notifications,POSITIVE_ONLY_READBACK,ORACLE_FINGERPRINT,1134e540-5781-4784-98f4-4c5127d99f1d,CONFIRMED_APPLIED,FIRED_CONFIRMED,1,1,0,,94190.0,0,0,,1
aep_full-after_resolution_before_barrier-notifications-012dff21-r12,crashed,AEP_FULL,after_resolution_before_barrier,notifications,POSITIVE_ONLY_READBACK,ORACLE_FINGERPRINT,28898681-032a-47e4-a965-dc72b72dacf0,CONFIRMED_APPLIED,FIRED_CONFIRMED,1,1,0,,24953.0,0,0,,1
aep_full-after_resolution_before_barrier-notifications-012dff21-r12,crashed,AEP_FULL,after_resolution_before_barrier,notifications,POSITIVE_ONLY_READBACK,ORACLE_FINGERPRINT,4a8265ba-6b5c-4769-b293-bcf8bd17b72f,CONFIRMED_APPLIED,FIRED_CONFIRMED,1,1,0,,13587.0,0,0,,1
aep_full-after_resolution_before_barrier-notifications-012dff21-r12,crashed,AEP_FULL,after_resolution_before_barrier,notifications,POSITIVE_ONLY_READBACK,ORACLE_FINGERPRINT,02b48c86-e126-4579-92b4-254c335ccb73,CONFIRMED_APPLIED,FIRED_CONFIRMED,1,1,0,,2207.0,0,0,,1
aep_full-after_resolution_before_barrier-notifications-012dff21-r12,crashed,AEP_FULL,after_resolution_before_barrier,notifications,POSITIVE_ONLY_READBACK,ORACLE_FINGERPRINT,190b11d7-06a0-42f2-9ef2-5285a47e57f6,CONFIRMED_APPLIED,FIRED_CONFIRMED,1,1,0,,139789.0,0,0,,1
aep_full-after_resolution_before_barrier-notifications-012dff21-r12,crashed,AEP_FULL,after_resolution_before_barrier,notifications,POSITIVE_ONLY_READBACK,ORACLE_FINGERPRINT,044860bf-8da1-4637-b999-4771c7be76bd,CONFIRMED_APPLIED,FIRED_CONFIRMED,1,1,0,,79127.0,0,0,,1
aep_full-after_resolution_before_barrier-notifications-012dff21-r12,crashed,AEP_FULL,after_resolution_before_barrier,notifications,POSITIVE_ONLY_READBACK,ORACLE_FINGERPRINT,434a1c1c-2bfc-44d8-a9ef-67a605a125e9,CONFIRMED_APPLIED,FIRED_CONFIRMED,1,1,0,,24299.0,0,0,,1
aep_full-after_resolution_before_barrier-notifications-012dff21-r12,crashed,AEP_FULL,after_resolution_before_barrier,notifications,POSITIVE_ONLY_READBACK,ORACLE_FINGERPRINT,4916e888-c31a-47dc-80f7-c08bad5c048e,CONFIRMED_APPLIED,FIRED_CONFIRMED,1,1,0,,12394.0,0,0,,1
aep_full-after_resolution_before_barrier-notifications-012dff21-r12,crashed,AEP_FULL,after_resolution_before_barrier,notifications,POSITIVE_ONLY_READBACK,ORACLE_FINGERPRINT,88443452-6b80-4da7-b89d-3c3e609ba7a8,CONFIRMED_APPLIED,FIRED_CONFIRMED,1,1,0,,82.0,0,0,,1
aep_full-after_resolution_before_barrier-notifications-012dff21-r13,crashed,AEP_FULL,after_resolution_before_barrier,notifications,POSITIVE_ONLY_READBACK,ORACLE_FINGERPRINT,776b44ca-3ef0-4628-9f7d-d1fd568be15e,CONFIRMED_APPLIED,FIRED_CONFIRMED,1,1,0,,26633.0,0,0,,1
aep_full-after_resolution_before_barrier-notifications-012dff21-r13,crashed,AEP_FULL,after_resolution_before_barrier,notifications,POSITIVE_ONLY_READBACK,ORACLE_FINGERPRINT,ba4ded98-eb54-4efa-b46b-be72c4904709,CONFIRMED_APPLIED,FIRED_CONFIRMED,1,1,0,,18886.0,0,0,,1
aep_full-after_resolution_before_barrier-notifications-012dff21-r13,crashed,AEP_FULL,after_resolution_before_barrier,notifications,POSITIVE_ONLY_READBACK,ORACLE_FINGERPRINT,47d0dd94-19ae-49bf-bc0f-cc54a8e1be9e,CONFIRMED_APPLIED,FIRED_CONFIRMED,1,1,0,,12008.0,0,0,,1
aep_full-after_resolution_before_barrier-notifications-012dff21-r13,crashed,AEP_FULL,after_resolution_before_barrier,notifications,POSITIVE_ONLY_READBACK,ORACLE_FINGERPRINT,0cb7a3e8-f781-4d57-9691-8940ecaf5354,CONFIRMED_APPLIED,FIRED_CONFIRMED,1,1,0,,6110.0,0,0,,1
aep_full-after_resolution_before_barrier-notifications-012dff21-r13,crashed,AEP_FULL,after_resolution_before_barrier,notifications,POSITIVE_ONLY_READBACK,ORACLE_FINGERPRINT,a7dd260a-e3dd-46fa-973a-b065bedc0c9a,CONFIRMED_APPLIED,FIRED_CONFIRMED,1,1,0,,53.0,0,0,,1
aep_full-after_resolution_before_barrier-notifications-012dff21-r13,crashed,AEP_FULL,after_resolution_before_barrier,notifications,POSITIVE_ONLY_READBACK,ORACLE_FINGERPRINT,abe7df08-9f7f-41a9-b432-6d6c6c2575a0,CONFIRMED_APPLIED,FIRED_CONFIRMED,1,1,0,,30510.0,0,0,,1
aep_full-after_resolution_before_barrier-notifications-012dff21-r13,crashed,AEP_FULL,after_resolution_before_barrier,notifications,POSITIVE_ONLY_READBACK,ORACLE_FINGERPRINT,189739c0-9624-4185-9078-4035c57c13a7,CONFIRMED_APPLIED,FIRED_CONFIRMED,1,1,0,,19787.0,0,0,,1
aep_full-after_resolution_before_barrier-notifications-012dff21-r13,crashed,AEP_FULL,after_resolution_before_barrier,notifications,POSITIVE_ONLY_READBACK,ORACLE_FINGERPRINT,01e7ef66-f6c9-4ed2-9e39-b31393ebe08d,CONFIRMED_APPLIED,FIRED_CONFIRMED,1,1,0,,11986.0,0,0,,1
aep_full-after_resolution_before_barrier-notifications-012dff21-r13,crashed,AEP_FULL,after_resolution_before_barrier,notifications,POSITIVE_ONLY_READBACK,ORACLE_FINGERPRINT,799aa437-ef51-4df3-8017-f0e159e753f5,CONFIRMED_APPLIED,FIRED_CONFIRMED,1,1,0,,6128.0,0,0,,1
aep_full-after_resolution_before_barrier-notifications-012dff21-r13,crashed,AEP_FULL,after_resolution_before_barrier,notifications,POSITIVE_ONLY_READBACK,ORACLE_FINGERPRINT,4109823f-c5ca-485a-bd04-bc1005ab0be9,CONFIRMED_APPLIED,FIRED_CONFIRMED,1,1,0,,35.0,0,0,,1
aep_full-after_resolution_before_barrier-notifications-012dff21-r14,crashed,AEP_FULL,after_resolution_before_barrier,notifications,POSITIVE_ONLY_READBACK,ORACLE_FINGERPRINT,9961a580-66f0-4030-bee0-e26eb249ca56,CONFIRMED_APPLIED,FIRED_CONFIRMED,1,1,0,,47944.0,0,0,,1
aep_full-after_resolution_before_barrier-notifications-012dff21-r14,crashed,AEP_FULL,after_resolution_before_barrier,notifications,POSITIVE_ONLY_READBACK,ORACLE_FINGERPRINT,b43c4262-badb-49ed-87b2-468e793bf1ef,CONFIRMED_APPLIED,FIRED_CONFIRMED,1,1,0,,37895.0,0,0,,1
aep_full-after_resolution_before_barrier-notifications-012dff21-r14,crashed,AEP_FULL,after_resolution_before_barrier,notifications,POSITIVE_ONLY_READBACK,ORACLE_FINGERPRINT,086e80fc-8536-4644-b1a4-0bb30f875138,CONFIRMED_APPLIED,FIRED_CONFIRMED,1,1,0,,31075.0,0,0,,1
aep_full-after_resolution_before_barrier-notifications-012dff21-r14,crashed,AEP_FULL,after_resolution_before_barrier,notifications,POSITIVE_ONLY_READBACK,ORACLE_FINGERPRINT,6c01b3b2-7d07-4f64-b7fd-0bb35dfc6eac,CONFIRMED_APPLIED,FIRED_CONFIRMED,1,1,0,,19939.0,0,0,,1
aep_full-after_resolution_before_barrier-notifications-012dff21-r14,crashed,AEP_FULL,after_resolution_before_barrier,notifications,POSITIVE_ONLY_READBACK,ORACLE_FINGERPRINT,3824f40e-954d-4053-87bd-015fa3c70ceb,CONFIRMED_APPLIED,FIRED_CONFIRMED,1,1,0,,12148.0,0,0,,1
aep_full-after_resolution_before_barrier-notifications-012dff21-r14,crashed,AEP_FULL,after_resolution_before_barrier,notifications,POSITIVE_ONLY_READBACK,ORACLE_FINGERPRINT,e351e3ca-9313-436c-854b-f2f6fa292ba8,CONFIRMED_APPLIED,FIRED_CONFIRMED,1,1,0,,47924.0,0,0,,1
aep_full-after_resolution_before_barrier-notifications-012dff21-r14,crashed,AEP_FULL,after_resolution_before_barrier,notifications,POSITIVE_ONLY_READBACK,ORACLE_FINGERPRINT,52b0bb0e-0c5f-48f6-8972-032cfd085ad5,CONFIRMED_APPLIED,FIRED_CONFIRMED,1,1,0,,40881.0,0,0,,1
aep_full-after_resolution_before_barrier-notifications-012dff21-r14,crashed,AEP_FULL,after_resolution_before_barrier,notifications,POSITIVE_ONLY_READBACK,ORACLE_FINGERPRINT,b71a0d9f-a415-4f56-bbd0-60cb41c98a49,CONFIRMED_APPLIED,FIRED_CONFIRMED,1,1,0,,34277.0,0,0,,1
aep_full-after_resolution_before_barrier-notifications-012dff21-r14,crashed,AEP_FULL,after_resolution_before_barrier,notifications,POSITIVE_ONLY_READBACK,ORACLE_FINGERPRINT,bd139941-0593-42a8-8133-957fc349c6d2,CONFIRMED_APPLIED,FIRED_CONFIRMED,1,1,0,,25954.0,0,0,,1
aep_full-after_resolution_before_barrier-notifications-012dff21-r14,crashed,AEP_FULL,after_resolution_before_barrier,notifications,POSITIVE_ONLY_READBACK,ORACLE_FINGERPRINT,76828b1e-6b48-4000-a9db-2be5d4e6ad23,CONFIRMED_APPLIED,FIRED_CONFIRMED,1,1,0,,17979.0,0,0,,1
aep_full-after_resolution_before_barrier-notifications-012dff21-r2,crashed,AEP_FULL,after_resolution_before_barrier,notifications,POSITIVE_ONLY_READBACK,ORACLE_FINGERPRINT,623fd537-0d2d-46fd-8834-b5529649b651,CONFIRMED_APPLIED,FIRED_CONFIRMED,1,1,0,,64112.0,0,0,,1
aep_full-after_resolution_before_barrier-notifications-012dff21-r2,crashed,AEP_FULL,after_resolution_before_barrier,notifications,POSITIVE_ONLY_READBACK,ORACLE_FINGERPRINT,6262530f-eefa-4222-a0fc-d6a903d9c3f6,CONFIRMED_APPLIED,FIRED_CONFIRMED,1,1,0,,52826.0,0,0,,1
aep_full-after_resolution_before_barrier-notifications-012dff21-r2,crashed,AEP_FULL,after_resolution_before_barrier,notifications,POSITIVE_ONLY_READBACK,ORACLE_FINGERPRINT,4b7acde5-86d1-4b20-825b-8691f704e9ed,CONFIRMED_NOT_APPLIED,FAILED_CONFIRMED,0,0,0,,,0,0,,0
aep_full-after_resolution_before_barrier-notifications-012dff21-r2,crashed,AEP_FULL,after_resolution_before_barrier,notifications,POSITIVE_ONLY_READBACK,ORACLE_FINGERPRINT,e0fe8039-2fea-41fa-8547-b71310af9774,CONFIRMED_APPLIED,FIRED_CONFIRMED,1,1,0,,38962.0,0,0,,1
aep_full-after_resolution_before_barrier-notifications-012dff21-r2,crashed,AEP_FULL,after_resolution_before_barrier,notifications,POSITIVE_ONLY_READBACK,ORACLE_FINGERPRINT,268275b6-ece9-4c98-a9cd-98ae686903a6,CONFIRMED_APPLIED,FIRED_CONFIRMED,1,1,0,,30121.0,0,0,,1
aep_full-after_resolution_before_barrier-notifications-012dff21-r2,crashed,AEP_FULL,after_resolution_before_barrier,notifications,POSITIVE_ONLY_READBACK,ORACLE_FINGERPRINT,d90d4256-7d88-4303-b613-54515ef837fa,CONFIRMED_APPLIED,FIRED_CONFIRMED,1,1,0,,65915.0,0,0,,1
aep_full-after_resolution_before_barrier-notifications-012dff21-r2,crashed,AEP_FULL,after_resolution_before_barrier,notifications,POSITIVE_ONLY_READBACK,ORACLE_FINGERPRINT,e3c105b2-1693-4de9-a32a-b092df144ced,CONFIRMED_APPLIED,FIRED_CONFIRMED,1,1,0,,55684.0,0,0,,1
aep_full-after_resolution_before_barrier-notifications-012dff21-r2,crashed,AEP_FULL,after_resolution_before_barrier,notifications,POSITIVE_ONLY_READBACK,ORACLE_FINGERPRINT,3e0cbdf9-361f-4e89-913a-d8b927ef675b,CONFIRMED_APPLIED,FIRED_CONFIRMED,1,1,0,,45664.0,0,0,,1
aep_full-after_resolution_before_barrier-notifications-012dff21-r2,crashed,AEP_FULL,after_resolution_before_barrier,notifications,POSITIVE_ONLY_READBACK,ORACLE_FINGERPRINT,a50cdfae-a86d-4710-931c-ec03376fbd70,CONFIRMED_APPLIED,FIRED_CONFIRMED,1,1,0,,32967.0,0,0,,1
aep_full-after_resolution_before_barrier-notifications-012dff21-r2,crashed,AEP_FULL,after_resolution_before_barrier,notifications,POSITIVE_ONLY_READBACK,ORACLE_FINGERPRINT,e548aabb-cdf1-4c4a-bdd4-bba32423d7dd,CONFIRMED_APPLIED,FIRED_CONFIRMED,1,1,0,,21016.0,0,0,,1
aep_full-after_resolution_before_barrier-notifications-012dff21-r3,crashed,AEP_FULL,after_resolution_before_barrier,notifications,POSITIVE_ONLY_READBACK,ORACLE_FINGERPRINT,0cecf383-5437-4e5b-96e3-65e2970ba3c7,CONFIRMED_APPLIED,FIRED_CONFIRMED,1,1,0,,58798.0,0,0,,1
aep_full-after_resolution_before_barrier-notifications-012dff21-r3,crashed,AEP_FULL,after_resolution_before_barrier,notifications,POSITIVE_ONLY_READBACK,ORACLE_FINGERPRINT,8b9dd894-9676-45be-8222-cabd39a7629a,CONFIRMED_APPLIED,FIRED_CONFIRMED,1,1,0,,45536.0,0,0,,1
aep_full-after_resolution_before_barrier-notifications-012dff21-r3,crashed,AEP_FULL,after_resolution_before_barrier,notifications,POSITIVE_ONLY_READBACK,ORACLE_FINGERPRINT,8b2a1bfe-da61-4f37-838d-58aa68be6400,CONFIRMED_NOT_APPLIED,FAILED_CONFIRMED,0,0,0,,,0,0,,0
aep_full-after_resolution_before_barrier-notifications-012dff21-r3,crashed,AEP_FULL,after_resolution_before_barrier,notifications,POSITIVE_ONLY_READBACK,ORACLE_FINGERPRINT,81dc0bf5-4f75-48b3-b4e1-52be8b1e1bc9,CONFIRMED_APPLIED,FIRED_CONFIRMED,1,1,0,,31008.0,0,0,,1
aep_full-after_resolution_before_barrier-notifications-012dff21-r3,crashed,AEP_FULL,after_resolution_before_barrier,notifications,POSITIVE_ONLY_READBACK,ORACLE_FINGERPRINT,6f370ff6-9d98-4ae5-8e0f-3c10c93d35a1,CONFIRMED_APPLIED,FIRED_CONFIRMED,1,1,0,,20111.0,0,0,,1
aep_full-after_resolution_before_barrier-notifications-012dff21-r3,crashed,AEP_FULL,after_resolution_before_barrier,notifications,POSITIVE_ONLY_READBACK,ORACLE_FINGERPRINT,d4a5e29d-988a-4a0c-888d-a3a2ca050d3f,CONFIRMED_APPLIED,FIRED_CONFIRMED,1,1,0,,57753.0,0,0,,1
aep_full-after_resolution_before_barrier-notifications-012dff21-r3,crashed,AEP_FULL,after_resolution_before_barrier,notifications,POSITIVE_ONLY_READBACK,ORACLE_FINGERPRINT,6e706eea-f36f-4991-9851-876273dd3a82,CONFIRMED_APPLIED,FIRED_CONFIRMED,1,1,0,,46467.0,0,0,,1
aep_full-after_resolution_before_barrier-notifications-012dff21-r3,crashed,AEP_FULL,after_resolution_before_barrier,notifications,POSITIVE_ONLY_READBACK,ORACLE_FINGERPRINT,296248be-2c64-4a83-88c0-8a2ace5e7ae2,CONFIRMED_APPLIED,FIRED_CONFIRMED,1,1,0,,33040.0,0,0,,1
aep_full-after_resolution_before_barrier-notifications-012dff21-r3,crashed,AEP_FULL,after_resolution_before_barrier,notifications,POSITIVE_ONLY_READBACK,ORACLE_FINGERPRINT,d2a5d7e0-7434-46da-8df3-146aa094b221,CONFIRMED_APPLIED,FIRED_CONFIRMED,1,1,0,,26148.0,0,0,,1
aep_full-after_resolution_before_barrier-notifications-012dff21-r3,crashed,AEP_FULL,after_resolution_before_barrier,notifications,POSITIVE_ONLY_READBACK,ORACLE_FINGERPRINT,fb35d2c4-f637-4a83-ab93-2a94a801e626,CONFIRMED_APPLIED,FIRED_CONFIRMED,1,1,0,,19210.0,0,0,,1
aep_full-after_resolution_before_barrier-notifications-012dff21-r4,crashed,AEP_FULL,after_resolution_before_barrier,notifications,POSITIVE_ONLY_READBACK,ORACLE_FINGERPRINT,2cc75141-6aec-41d1-a6cb-a55b4d85a695,CONFIRMED_APPLIED,FIRED_CONFIRMED,1,1,0,,32678.0,0,0,,1
aep_full-after_resolution_before_barrier-notifications-012dff21-r4,crashed,AEP_FULL,after_resolution_before_barrier,notifications,POSITIVE_ONLY_READBACK,ORACLE_FINGERPRINT,0fdba30f-4df8-4136-88df-0c2d534c1921,CONFIRMED_APPLIED,FIRED_CONFIRMED,1,1,0,,26511.0,0,0,,1
aep_full-after_resolution_before_barrier-notifications-012dff21-r4,crashed,AEP_FULL,after_resolution_before_barrier,notifications,POSITIVE_ONLY_READBACK,ORACLE_FINGERPRINT,0ae7af57-38e0-48ba-8277-bbe3d809f4da,CONFIRMED_APPLIED,FIRED_CONFIRMED,1,1,0,,20544.0,0,0,,1
aep_full-after_resolution_before_barrier-notifications-012dff21-r4,crashed,AEP_FULL,after_resolution_before_barrier,notifications,POSITIVE_ONLY_READBACK,ORACLE_FINGERPRINT,04c85022-fb74-4c89-af48-8793799f6275,CONFIRMED_APPLIED,FIRED_CONFIRMED,1,1,0,,14661.0,0,0,,1
aep_full-after_resolution_before_barrier-notifications-012dff21-r4,crashed,AEP_FULL,after_resolution_before_barrier,notifications,POSITIVE_ONLY_READBACK,ORACLE_FINGERPRINT,31ec8dd6-dd6b-4342-8d86-615fa89fbb2e,CONFIRMED_APPLIED,FIRED_CONFIRMED,1,1,0,,4087.0,0,0,,1
aep_full-after_resolution_before_barrier-notifications-012dff21-r4,crashed,AEP_FULL,after_resolution_before_barrier,notifications,POSITIVE_ONLY_READBACK,ORACLE_FINGERPRINT,6d97c24d-a112-4663-a2bc-477e57ac7192,CONFIRMED_APPLIED,FIRED_CONFIRMED,1,1,0,,36750.0,0,0,,1
aep_full-after_resolution_before_barrier-notifications-012dff21-r4,crashed,AEP_FULL,after_resolution_before_barrier,notifications,POSITIVE_ONLY_READBACK,ORACLE_FINGERPRINT,c7b4d90a-9263-41ef-acdd-629f04e00412,CONFIRMED_APPLIED,FIRED_CONFIRMED,1,1,0,,30571.0,0,0,,1
aep_full-after_resolution_before_barrier-notifications-012dff21-r4,crashed,AEP_FULL,after_resolution_before_barrier,notifications,POSITIVE_ONLY_READBACK,ORACLE_FINGERPRINT,0f3b2812-92ea-4994-b05b-76baecde0e8b,CONFIRMED_APPLIED,FIRED_CONFIRMED,1,1,0,,20599.0,0,0,,1
aep_full-after_resolution_before_barrier-notifications-012dff21-r4,crashed,AEP_FULL,after_resolution_before_barrier,notifications,POSITIVE_ONLY_READBACK,ORACLE_FINGERPRINT,78b1f495-282d-416a-a7c0-18085142e6ea,CONFIRMED_APPLIED,FIRED_CONFIRMED,1,1,0,,14635.0,0,0,,1
aep_full-after_resolution_before_barrier-notifications-012dff21-r4,crashed,AEP_FULL,after_resolution_before_barrier,notifications,POSITIVE_ONLY_READBACK,ORACLE_FINGERPRINT,81c739e9-1a56-4df7-919e-c786b65e0e79,CONFIRMED_APPLIED,FIRED_CONFIRMED,1,1,0,,4116.0,0,0,,1
aep_full-after_resolution_before_barrier-notifications-012dff21-r5,crashed,AEP_FULL,after_resolution_before_barrier,notifications,POSITIVE_ONLY_READBACK,ORACLE_FINGERPRINT,d08e41ff-ffef-4c79-86ef-f9e7c8299b42,CONFIRMED_APPLIED,FIRED_CONFIRMED,1,1,0,,41985.0,0,0,,1
aep_full-after_resolution_before_barrier-notifications-012dff21-r5,crashed,AEP_FULL,after_resolution_before_barrier,notifications,POSITIVE_ONLY_READBACK,ORACLE_FINGERPRINT,32e8dabd-f1c8-4ec4-96b6-1622c61c57c8,CONFIRMED_APPLIED,FIRED_CONFIRMED,1,1,0,,33645.0,0,0,,1
aep_full-after_resolution_before_barrier-notifications-012dff21-r5,crashed,AEP_FULL,after_resolution_before_barrier,notifications,POSITIVE_ONLY_READBACK,ORACLE_FINGERPRINT,08eecb42-242e-4d68-aa58-ed9901fac7fb,CONFIRMED_APPLIED,FIRED_CONFIRMED,1,1,0,,26715.0,0,0,,1
aep_full-after_resolution_before_barrier-notifications-012dff21-r5,crashed,AEP_FULL,after_resolution_before_barrier,notifications,POSITIVE_ONLY_READBACK,ORACLE_FINGERPRINT,14de50fa-8a6d-4bac-b4b6-7995ac7ccdd3,CONFIRMED_APPLIED,FIRED_CONFIRMED,1,1,0,,19957.0,0,0,,1
aep_full-after_resolution_before_barrier-notifications-012dff21-r5,crashed,AEP_FULL,after_resolution_before_barrier,notifications,POSITIVE_ONLY_READBACK,ORACLE_FINGERPRINT,d5783579-5d6e-47e9-9fb2-10d8aaa3f01e,CONFIRMED_APPLIED,FIRED_CONFIRMED,1,1,0,,10103.0,0,0,,1
aep_full-after_resolution_before_barrier-notifications-012dff21-r5,crashed,AEP_FULL,after_resolution_before_barrier,notifications,POSITIVE_ONLY_READBACK,ORACLE_FINGERPRINT,005f1999-fcf3-4ab2-af1d-5be660453dbb,CONFIRMED_APPLIED,FIRED_CONFIRMED,1,1,0,,47886.0,0,0,,1
aep_full-after_resolution_before_barrier-notifications-012dff21-r5,crashed,AEP_FULL,after_resolution_before_barrier,notifications,POSITIVE_ONLY_READBACK,ORACLE_FINGERPRINT,f3b0da4a-69fe-4309-af7f-c4adba812568,CONFIRMED_APPLIED,FIRED_CONFIRMED,1,1,0,,37816.0,0,0,,1
aep_full-after_resolution_before_barrier-notifications-012dff21-r5,crashed,AEP_FULL,after_resolution_before_barrier,notifications,POSITIVE_ONLY_READBACK,ORACLE_FINGERPRINT,a76d6bfb-e11f-47e3-939e-ecbf4bc832ca,CONFIRMED_APPLIED,FIRED_CONFIRMED,1,1,0,,30987.0,0,0,,1
aep_full-after_resolution_before_barrier-notifications-012dff21-r5,crashed,AEP_FULL,after_resolution_before_barrier,notifications,POSITIVE_ONLY_READBACK,ORACLE_FINGERPRINT,34af9dcb-f7e1-4c82-ae6a-7a8756a66718,CONFIRMED_APPLIED,FIRED_CONFIRMED,1,1,0,,20751.0,0,0,,1
aep_full-after_resolution_before_barrier-notifications-012dff21-r5,crashed,AEP_FULL,after_resolution_before_barrier,notifications,POSITIVE_ONLY_READBACK,ORACLE_FINGERPRINT,0c6f7b21-52df-40ce-9ddd-7c694edd74e2,CONFIRMED_APPLIED,FIRED_CONFIRMED,1,1,0,,10090.0,0,0,,1
aep_full-after_resolution_before_barrier-notifications-012dff21-r6,crashed,AEP_FULL,after_resolution_before_barrier,notifications,POSITIVE_ONLY_READBACK,ORACLE_FINGERPRINT,082afad6-fa63-473a-a39b-3e19c5f74dfc,CONFIRMED_APPLIED,FIRED_CONFIRMED,1,1,0,,18826.0,0,0,,1
aep_full-after_resolution_before_barrier-notifications-012dff21-r6,crashed,AEP_FULL,after_resolution_before_barrier,notifications,POSITIVE_ONLY_READBACK,ORACLE_FINGERPRINT,bcc0eaed-85c7-4a09-8aab-101d3f20918d,CONFIRMED_NOT_APPLIED,FAILED_CONFIRMED,0,0,0,,,0,0,,0
aep_full-after_resolution_before_barrier-notifications-012dff21-r6,crashed,AEP_FULL,after_resolution_before_barrier,notifications,POSITIVE_ONLY_READBACK,ORACLE_FINGERPRINT,93dfde57-5430-4929-826c-9fca550a5eab,CONFIRMED_APPLIED,FIRED_CONFIRMED,1,1,0,,9995.0,0,0,,1
aep_full-after_resolution_before_barrier-notifications-012dff21-r6,crashed,AEP_FULL,after_resolution_before_barrier,notifications,POSITIVE_ONLY_READBACK,ORACLE_FINGERPRINT,0f4ed4d9-549f-48f2-874b-50dfedf66e3f,CONFIRMED_APPLIED,FIRED_CONFIRMED,1,1,0,,4961.0,0,0,,1
aep_full-after_resolution_before_barrier-notifications-012dff21-r6,crashed,AEP_FULL,after_resolution_before_barrier,notifications,POSITIVE_ONLY_READBACK,ORACLE_FINGERPRINT,cb4597f3-6164-4779-aeaf-cd4258fe4793,CONFIRMED_APPLIED,FIRED_CONFIRMED,1,1,0,,25.0,0,0,,1
aep_full-after_resolution_before_barrier-notifications-012dff21-r6,crashed,AEP_FULL,after_resolution_before_barrier,notifications,POSITIVE_ONLY_READBACK,ORACLE_FINGERPRINT,1d8e6bdf-5a7f-419f-acc2-b7614def2cdd,CONFIRMED_APPLIED,FIRED_CONFIRMED,1,1,0,,18809.0,0,0,,1
aep_full-after_resolution_before_barrier-notifications-012dff21-r6,crashed,AEP_FULL,after_resolution_before_barrier,notifications,POSITIVE_ONLY_READBACK,ORACLE_FINGERPRINT,66146e78-839c-46e3-9155-e61879730708,CONFIRMED_NOT_APPLIED,FAILED_CONFIRMED,0,0,0,,,0,0,,0
aep_full-after_resolution_before_barrier-notifications-012dff21-r6,crashed,AEP_FULL,after_resolution_before_barrier,notifications,POSITIVE_ONLY_READBACK,ORACLE_FINGERPRINT,78b08274-9ed6-422d-9795-7cb5d0ef4cc0,CONFIRMED_APPLIED,FIRED_CONFIRMED,1,1,0,,9983.0,0,0,,1
aep_full-after_resolution_before_barrier-notifications-012dff21-r6,crashed,AEP_FULL,after_resolution_before_barrier,notifications,POSITIVE_ONLY_READBACK,ORACLE_FINGERPRINT,f52be374-ddcc-4ab8-a543-abfe06bbcd87,CONFIRMED_APPLIED,FIRED_CONFIRMED,1,1,0,,4949.0,0,0,,1
aep_full-after_resolution_before_barrier-notifications-012dff21-r6,crashed,AEP_FULL,after_resolution_before_barrier,notifications,POSITIVE_ONLY_READBACK,ORACLE_FINGERPRINT,ca005a20-a635-4d61-8e56-a67c9cd3b18e,CONFIRMED_APPLIED,FIRED_CONFIRMED,1,1,0,,38.0,0,0,,1
aep_full-after_resolution_before_barrier-notifications-012dff21-r7,crashed,AEP_FULL,after_resolution_before_barrier,notifications,POSITIVE_ONLY_READBACK,ORACLE_FINGERPRINT,e3fa2f64-6398-4ab1-a044-623332a35758,CONFIRMED_APPLIED,FIRED_CONFIRMED,1,1,0,,166379.0,0,0,,1
aep_full-after_resolution_before_barrier-notifications-012dff21-r7,crashed,AEP_FULL,after_resolution_before_barrier,notifications,POSITIVE_ONLY_READBACK,ORACLE_FINGERPRINT,f6e4e3d3-0e1e-4896-81ca-6cab858694c7,CONFIRMED_APPLIED,FIRED_CONFIRMED,1,1,0,,159475.0,0,0,,1
aep_full-after_resolution_before_barrier-notifications-012dff21-r7,crashed,AEP_FULL,after_resolution_before_barrier,notifications,POSITIVE_ONLY_READBACK,ORACLE_FINGERPRINT,1c4fac7e-c144-4d70-8461-dba6921d021d,CONFIRMED_APPLIED,FIRED_CONFIRMED,1,1,0,,146506.0,0,0,,1
aep_full-after_resolution_before_barrier-notifications-012dff21-r7,crashed,AEP_FULL,after_resolution_before_barrier,notifications,POSITIVE_ONLY_READBACK,ORACLE_FINGERPRINT,c5fab284-4a0a-487a-b8ee-41141de32fb4,CONFIRMED_APPLIED,FIRED_CONFIRMED,1,1,0,,140458.0,0,0,,1
aep_full-after_resolution_before_barrier-notifications-012dff21-r7,crashed,AEP_FULL,after_resolution_before_barrier,notifications,POSITIVE_ONLY_READBACK,ORACLE_FINGERPRINT,2164c30c-dbaf-449e-b342-f985f633859f,CONFIRMED_APPLIED,FIRED_CONFIRMED,1,1,0,,131613.0,0,0,,1
aep_full-after_resolution_before_barrier-notifications-012dff21-r7,crashed,AEP_FULL,after_resolution_before_barrier,notifications,POSITIVE_ONLY_READBACK,ORACLE_FINGERPRINT,ed974298-ea88-479b-a1c8-01a24e1036b4,CONFIRMED_APPLIED,FIRED_CONFIRMED,1,1,0,,167354.0,0,0,,1
aep_full-after_resolution_before_barrier-notifications-012dff21-r7,crashed,AEP_FULL,after_resolution_before_barrier,notifications,POSITIVE_ONLY_READBACK,ORACLE_FINGERPRINT,6c935db2-9733-4426-9ae2-f37d83df8671,CONFIRMED_APPLIED,FIRED_CONFIRMED,1,1,0,,159470.0,0,0,,1
aep_full-after_resolution_before_barrier-notifications-012dff21-r7,crashed,AEP_FULL,after_resolution_before_barrier,notifications,POSITIVE_ONLY_READBACK,ORACLE_FINGERPRINT,e42007f0-f9c7-4881-a933-09fed5b399f3,CONFIRMED_APPLIED,FIRED_CONFIRMED,1,1,0,,152261.0,0,0,,1
aep_full-after_resolution_before_barrier-notifications-012dff21-r7,crashed,AEP_FULL,after_resolution_before_barrier,notifications,POSITIVE_ONLY_READBACK,ORACLE_FINGERPRINT,71ce9b89-7a0f-4782-84c1-f12468c215c1,DECLARED_AMBIGUOUS,FIRED_UNCONFIRMED,0,1,0,,143428.0,0,0,,1
aep_full-after_resolution_before_barrier-notifications-012dff21-r7,crashed,AEP_FULL,after_resolution_before_barrier,notifications,POSITIVE_ONLY_READBACK,ORACLE_FINGERPRINT,9d021800-373e-4f55-888c-5ecfdae87f58,CONFIRMED_APPLIED,FIRED_CONFIRMED,1,1,0,,137536.0,0,0,,1
aep_full-after_resolution_before_barrier-notifications-012dff21-r8,crashed,AEP_FULL,after_resolution_before_barrier,notifications,POSITIVE_ONLY_READBACK,ORACLE_FINGERPRINT,d3e6c4c5-f3bb-44f6-8faa-cdf67d2a2d6b,DECLARED_AMBIGUOUS,FIRED_UNCONFIRMED,0,1,0,,175012.0,0,0,,1
aep_full-after_resolution_before_barrier-notifications-012dff21-r8,crashed,AEP_FULL,after_resolution_before_barrier,notifications,POSITIVE_ONLY_READBACK,ORACLE_FINGERPRINT,5968d26f-7b64-40b5-893f-fbb11be5b514,CONFIRMED_APPLIED,FIRED_CONFIRMED,1,1,0,,168113.0,0,0,,1
aep_full-after_resolution_before_barrier-notifications-012dff21-r8,crashed,AEP_FULL,after_resolution_before_barrier,notifications,POSITIVE_ONLY_READBACK,ORACLE_FINGERPRINT,72bbd48f-566b-4cff-bdc7-3dc983589523,CONFIRMED_APPLIED,FIRED_CONFIRMED,1,1,0,,159867.0,0,0,,1
aep_full-after_resolution_before_barrier-notifications-012dff21-r8,crashed,AEP_FULL,after_resolution_before_barrier,notifications,POSITIVE_ONLY_READBACK,ORACLE_FINGERPRINT,876540a6-14ab-40e0-a3ce-1a53441f388f,CONFIRMED_APPLIED,FIRED_CONFIRMED,1,1,0,,148283.0,0,0,,1
aep_full-after_resolution_before_barrier-notifications-012dff21-r8,crashed,AEP_FULL,after_resolution_before_barrier,notifications,POSITIVE_ONLY_READBACK,ORACLE_FINGERPRINT,30f29789-7f1c-49b4-b750-e49bf10ba78a,CONFIRMED_APPLIED,FIRED_CONFIRMED,1,1,0,,134685.0,0,0,,1
aep_full-after_resolution_before_barrier-notifications-012dff21-r8,crashed,AEP_FULL,after_resolution_before_barrier,notifications,POSITIVE_ONLY_READBACK,ORACLE_FINGERPRINT,86f19520-bc04-43bc-a761-fb6d4c06a123,CONFIRMED_APPLIED,FIRED_CONFIRMED,1,1,0,,174978.0,0,0,,1
aep_full-after_resolution_before_barrier-notifications-012dff21-r8,crashed,AEP_FULL,after_resolution_before_barrier,notifications,POSITIVE_ONLY_READBACK,ORACLE_FINGERPRINT,10583887-c48a-44d4-8bbf-49a2c61e737c,CONFIRMED_APPLIED,FIRED_CONFIRMED,1,1,0,,165126.0,0,0,,1
aep_full-after_resolution_before_barrier-notifications-012dff21-r8,crashed,AEP_FULL,after_resolution_before_barrier,notifications,POSITIVE_ONLY_READBACK,ORACLE_FINGERPRINT,b64f4efc-64be-4426-95f1-25cab4277e06,CONFIRMED_APPLIED,FIRED_CONFIRMED,1,1,0,,157889.0,0,0,,1
aep_full-after_resolution_before_barrier-notifications-012dff21-r8,crashed,AEP_FULL,after_resolution_before_barrier,notifications,POSITIVE_ONLY_READBACK,ORACLE_FINGERPRINT,abb51f56-28fd-4c6d-8f50-98df3d5ca6ca,DECLARED_AMBIGUOUS,FIRED_UNCONFIRMED,0,1,0,,147267.0,0,0,,1
aep_full-after_resolution_before_barrier-notifications-012dff21-r8,crashed,AEP_FULL,after_resolution_before_barrier,notifications,POSITIVE_ONLY_READBACK,ORACLE_FINGERPRINT,2ebb0a45-b77f-422d-9da3-5ff873a5b189,CONFIRMED_APPLIED,FIRED_CONFIRMED,1,1,0,,132694.0,0,0,,1
aep_full-after_resolution_before_barrier-notifications-012dff21-r9,crashed,AEP_FULL,after_resolution_before_barrier,notifications,POSITIVE_ONLY_READBACK,ORACLE_FINGERPRINT,0a80fd84-5c6c-4c00-9540-a2f5bd6a2f31,CONFIRMED_APPLIED,FIRED_CONFIRMED,1,1,0,,44008.0,0,0,,1
aep_full-after_resolution_before_barrier-notifications-012dff21-r9,crashed,AEP_FULL,after_resolution_before_barrier,notifications,POSITIVE_ONLY_READBACK,ORACLE_FINGERPRINT,e0bb52cf-7152-4582-9d3e-7c42e2988ed9,CONFIRMED_APPLIED,FIRED_CONFIRMED,1,1,0,,37903.0,0,0,,1
aep_full-after_resolution_before_barrier-notifications-012dff21-r9,crashed,AEP_FULL,after_resolution_before_barrier,notifications,POSITIVE_ONLY_READBACK,ORACLE_FINGERPRINT,455473f7-c16a-4be8-8ddf-6ccf214bbb85,CONFIRMED_APPLIED,FIRED_CONFIRMED,1,1,0,,29114.0,0,0,,1
aep_full-after_resolution_before_barrier-notifications-012dff21-r9,crashed,AEP_FULL,after_resolution_before_barrier,notifications,POSITIVE_ONLY_READBACK,ORACLE_FINGERPRINT,17866ddd-7e2f-48ae-b212-a7109c6332b9,CONFIRMED_APPLIED,FIRED_CONFIRMED,1,1,0,,22991.0,0,0,,1
aep_full-after_resolution_before_barrier-notifications-012dff21-r9,crashed,AEP_FULL,after_resolution_before_barrier,notifications,POSITIVE_ONLY_READBACK,ORACLE_FINGERPRINT,0250aee4-e97c-4d41-9df0-ee92cacf36c0,CONFIRMED_APPLIED,FIRED_CONFIRMED,1,1,0,,15643.0,0,0,,1
aep_full-after_resolution_before_barrier-notifications-012dff21-r9,crashed,AEP_FULL,after_resolution_before_barrier,notifications,POSITIVE_ONLY_READBACK,ORACLE_FINGERPRINT,c68d95a9-ea0b-4412-8614-cf0d86adaebf,CONFIRMED_APPLIED,FIRED_CONFIRMED,1,1,0,,43994.0,0,0,,1
aep_full-after_resolution_before_barrier-notifications-012dff21-r9,crashed,AEP_FULL,after_resolution_before_barrier,notifications,POSITIVE_ONLY_READBACK,ORACLE_FINGERPRINT,779e8082-1a08-4121-881e-13f659c7ef1b,CONFIRMED_APPLIED,FIRED_CONFIRMED,1,1,0,,37916.0,0,0,,1
aep_full-after_resolution_before_barrier-notifications-012dff21-r9,crashed,AEP_FULL,after_resolution_before_barrier,notifications,POSITIVE_ONLY_READBACK,ORACLE_FINGERPRINT,354b74cd-7b91-4d35-b64d-8cecf8a86929,CONFIRMED_APPLIED,FIRED_CONFIRMED,1,1,0,,29092.0,0,0,,1
aep_full-after_resolution_before_barrier-notifications-012dff21-r9,crashed,AEP_FULL,after_resolution_before_barrier,notifications,POSITIVE_ONLY_READBACK,ORACLE_FINGERPRINT,b2cea8b5-655c-41b5-b08e-c577878ef4bb,CONFIRMED_APPLIED,FIRED_CONFIRMED,1,1,0,,20016.0,0,0,,1
aep_full-after_resolution_before_barrier-notifications-012dff21-r9,crashed,AEP_FULL,after_resolution_before_barrier,notifications,POSITIVE_ONLY_READBACK,ORACLE_FINGERPRINT,a9cccedb-ecbe-4810-ba62-94c0423803d2,CONFIRMED_APPLIED,FIRED_CONFIRMED,1,1,0,,12792.0,0,0,,1
aep_full-after_resolution_before_barrier-payments-8763d2a2-r0,crashed,AEP_FULL,after_resolution_before_barrier,payments,AUTHORITATIVE_READBACK,ORACLE_FINGERPRINT,952a047a-b71e-42d2-8552-6538ec5a616f,CONFIRMED_APPLIED,FIRED_CONFIRMED,1,1,0,,38013.0,0,0,,1
aep_full-after_resolution_before_barrier-payments-8763d2a2-r0,crashed,AEP_FULL,after_resolution_before_barrier,payments,AUTHORITATIVE_READBACK,ORACLE_FINGERPRINT,b2c88716-7832-490b-830a-f2ac20d85df3,CONFIRMED_NOT_APPLIED,FAILED_CONFIRMED,0,0,0,,,0,0,,0
aep_full-after_resolution_before_barrier-payments-8763d2a2-r0,crashed,AEP_FULL,after_resolution_before_barrier,payments,AUTHORITATIVE_READBACK,ORACLE_FINGERPRINT,02f55a80-1d7d-4134-b2ea-7079feca8be2,CONFIRMED_APPLIED,FIRED_CONFIRMED,1,1,0,,27818.0,0,0,,1
aep_full-after_resolution_before_barrier-payments-8763d2a2-r0,crashed,AEP_FULL,after_resolution_before_barrier,payments,AUTHORITATIVE_READBACK,ORACLE_FINGERPRINT,74039b67-fab6-49e5-822a-aaec987e9a2c,CONFIRMED_APPLIED,FIRED_CONFIRMED,1,1,0,,19934.0,0,0,,1
aep_full-after_resolution_before_barrier-payments-8763d2a2-r0,crashed,AEP_FULL,after_resolution_before_barrier,payments,AUTHORITATIVE_READBACK,ORACLE_FINGERPRINT,e8dfbf65-c5ac-469e-a446-b09308494b75,CONFIRMED_APPLIED,FIRED_CONFIRMED,1,1,0,,12661.0,0,0,,1
aep_full-after_resolution_before_barrier-payments-8763d2a2-r0,crashed,AEP_FULL,after_resolution_before_barrier,payments,AUTHORITATIVE_READBACK,ORACLE_FINGERPRINT,c60f23a3-4301-40ba-ab51-a76cb0fd5081,CONFIRMED_APPLIED,FIRED_CONFIRMED,1,1,0,,35041.0,0,0,,1
aep_full-after_resolution_before_barrier-payments-8763d2a2-r0,crashed,AEP_FULL,after_resolution_before_barrier,payments,AUTHORITATIVE_READBACK,ORACLE_FINGERPRINT,f6b1b333-57ed-4d32-bbee-933826ef4315,CONFIRMED_APPLIED,FIRED_CONFIRMED,1,1,0,,24610.0,0,0,,1
aep_full-after_resolution_before_barrier-payments-8763d2a2-r0,crashed,AEP_FULL,after_resolution_before_barrier,payments,AUTHORITATIVE_READBACK,ORACLE_FINGERPRINT,db0dbe86-8db0-4548-a4b2-c6fe644f7d89,CONFIRMED_APPLIED,FIRED_CONFIRMED,1,1,0,,17004.0,0,0,,1
aep_full-after_resolution_before_barrier-payments-8763d2a2-r0,crashed,AEP_FULL,after_resolution_before_barrier,payments,AUTHORITATIVE_READBACK,ORACLE_FINGERPRINT,36460830-3599-43c9-b257-e7acd8ed3059,CONFIRMED_APPLIED,FIRED_CONFIRMED,1,1,0,,8000.0,0,0,,1
aep_full-after_resolution_before_barrier-payments-8763d2a2-r0,crashed,AEP_FULL,after_resolution_before_barrier,payments,AUTHORITATIVE_READBACK,ORACLE_FINGERPRINT,27dbf1f8-2f8c-40c3-b677-97be56d656d0,CONFIRMED_APPLIED,FIRED_CONFIRMED,1,1,0,,29.0,0,0,,1
aep_full-after_resolution_before_barrier-payments-8763d2a2-r1,crashed,AEP_FULL,after_resolution_before_barrier,payments,AUTHORITATIVE_READBACK,ORACLE_FINGERPRINT,1a909d77-feab-4bda-84e6-793489059442,CONFIRMED_APPLIED,FIRED_CONFIRMED,1,1,0,,43751.0,0,0,,1
aep_full-after_resolution_before_barrier-payments-8763d2a2-r1,crashed,AEP_FULL,after_resolution_before_barrier,payments,AUTHORITATIVE_READBACK,ORACLE_FINGERPRINT,b50310ce-d3f6-4ce9-b328-9e67cdf970be,CONFIRMED_APPLIED,FIRED_CONFIRMED,1,1,0,,37800.0,0,0,,1
aep_full-after_resolution_before_barrier-payments-8763d2a2-r1,crashed,AEP_FULL,after_resolution_before_barrier,payments,AUTHORITATIVE_READBACK,ORACLE_FINGERPRINT,177ad3dc-d992-4bcf-a002-24c7fc9d565e,CONFIRMED_APPLIED,FIRED_CONFIRMED,1,1,0,,26466.0,0,0,,1
aep_full-after_resolution_before_barrier-payments-8763d2a2-r1,crashed,AEP_FULL,after_resolution_before_barrier,payments,AUTHORITATIVE_READBACK,ORACLE_FINGERPRINT,a411e7a8-702d-4acc-a591-5d2f63fba8bf,CONFIRMED_APPLIED,FIRED_CONFIRMED,1,1,0,,17656.0,0,0,,1
aep_full-after_resolution_before_barrier-payments-8763d2a2-r1,crashed,AEP_FULL,after_resolution_before_barrier,payments,AUTHORITATIVE_READBACK,ORACLE_FINGERPRINT,127d6000-97f2-41a1-8f78-143982fc96a9,CONFIRMED_APPLIED,FIRED_CONFIRMED,1,1,0,,7420.0,0,0,,1
aep_full-after_resolution_before_barrier-payments-8763d2a2-r1,crashed,AEP_FULL,after_resolution_before_barrier,payments,AUTHORITATIVE_READBACK,ORACLE_FINGERPRINT,d169a369-a03c-443e-afb6-50314843910c,CONFIRMED_APPLIED,FIRED_CONFIRMED,1,1,0,,43749.0,0,0,,1
aep_full-after_resolution_before_barrier-payments-8763d2a2-r1,crashed,AEP_FULL,after_resolution_before_barrier,payments,AUTHORITATIVE_READBACK,ORACLE_FINGERPRINT,5b5d8250-e279-43bd-b8df-544e4479cdcd,CONFIRMED_APPLIED,FIRED_CONFIRMED,1,1,0,,32087.0,0,0,,1
aep_full-after_resolution_before_barrier-payments-8763d2a2-r1,crashed,AEP_FULL,after_resolution_before_barrier,payments,AUTHORITATIVE_READBACK,ORACLE_FINGERPRINT,2ad2c9fe-258b-49aa-b312-fcd9b5eb4f11,CONFIRMED_APPLIED,FIRED_CONFIRMED,1,1,0,,19265.0,0,0,,1
aep_full-after_resolution_before_barrier-payments-8763d2a2-r1,crashed,AEP_FULL,after_resolution_before_barrier,payments,AUTHORITATIVE_READBACK,ORACLE_FINGERPRINT,e6321cc6-6a51-4bbd-b0a7-e8ed927af943,CONFIRMED_APPLIED,FIRED_CONFIRMED,1,1,0,,9008.0,0,0,,1
aep_full-after_resolution_before_barrier-payments-8763d2a2-r1,crashed,AEP_FULL,after_resolution_before_barrier,payments,AUTHORITATIVE_READBACK,ORACLE_FINGERPRINT,de297f44-5e1d-4186-9d39-d91208920a3a,CONFIRMED_APPLIED,FIRED_CONFIRMED,1,1,0,,45.0,0,0,,1
aep_full-after_resolution_before_barrier-payments-8763d2a2-r10,crashed,AEP_FULL,after_resolution_before_barrier,payments,AUTHORITATIVE_READBACK,ORACLE_FINGERPRINT,7a1c3e93-983a-40ca-a73f-cc846a5f2e6d,CONFIRMED_APPLIED,FIRED_CONFIRMED,1,1,0,,40235.0,0,0,,1
aep_full-after_resolution_before_barrier-payments-8763d2a2-r10,crashed,AEP_FULL,after_resolution_before_barrier,payments,AUTHORITATIVE_READBACK,ORACLE_FINGERPRINT,2c4d562d-39da-44f0-ae31-45a37672b1c6,CONFIRMED_APPLIED,FIRED_CONFIRMED,1,1,0,,30495.0,0,0,,1
aep_full-after_resolution_before_barrier-payments-8763d2a2-r10,crashed,AEP_FULL,after_resolution_before_barrier,payments,AUTHORITATIVE_READBACK,ORACLE_FINGERPRINT,bdf864ae-c781-4ebf-88b8-6bb1d70d5cb1,CONFIRMED_APPLIED,FIRED_CONFIRMED,1,1,0,,22431.0,0,0,,1
aep_full-after_resolution_before_barrier-payments-8763d2a2-r10,crashed,AEP_FULL,after_resolution_before_barrier,payments,AUTHORITATIVE_READBACK,ORACLE_FINGERPRINT,477cf53c-4c12-4c70-a15b-f6e2462847ec,CONFIRMED_APPLIED,FIRED_CONFIRMED,1,1,0,,12411.0,0,0,,1
aep_full-after_resolution_before_barrier-payments-8763d2a2-r10,crashed,AEP_FULL,after_resolution_before_barrier,payments,AUTHORITATIVE_READBACK,ORACLE_FINGERPRINT,2cb1a9a5-603f-4c2f-a0ba-f192f0cca397,CONFIRMED_APPLIED,FIRED_CONFIRMED,1,1,0,,6687.0,0,0,,1
aep_full-after_resolution_before_barrier-payments-8763d2a2-r10,crashed,AEP_FULL,after_resolution_before_barrier,payments,AUTHORITATIVE_READBACK,ORACLE_FINGERPRINT,01e85dd9-75e9-4038-b542-a705fe060a97,CONFIRMED_APPLIED,FIRED_CONFIRMED,1,1,0,,41486.0,0,0,,1
aep_full-after_resolution_before_barrier-payments-8763d2a2-r10,crashed,AEP_FULL,after_resolution_before_barrier,payments,AUTHORITATIVE_READBACK,ORACLE_FINGERPRINT,7340ef35-1f3b-4b52-80b1-31f5ba71e91d,CONFIRMED_APPLIED,FIRED_CONFIRMED,1,1,0,,31706.0,0,0,,1
aep_full-after_resolution_before_barrier-payments-8763d2a2-r10,crashed,AEP_FULL,after_resolution_before_barrier,payments,AUTHORITATIVE_READBACK,ORACLE_FINGERPRINT,d4572598-4458-40ba-9660-a8444f9a9cb9,CONFIRMED_APPLIED,FIRED_CONFIRMED,1,1,0,,20863.0,0,0,,1
aep_full-after_resolution_before_barrier-payments-8763d2a2-r10,crashed,AEP_FULL,after_resolution_before_barrier,payments,AUTHORITATIVE_READBACK,ORACLE_FINGERPRINT,93a09c34-3013-4079-9258-aba74be2badd,CONFIRMED_APPLIED,FIRED_CONFIRMED,1,1,0,,12390.0,0,0,,1
aep_full-after_resolution_before_barrier-payments-8763d2a2-r10,crashed,AEP_FULL,after_resolution_before_barrier,payments,AUTHORITATIVE_READBACK,ORACLE_FINGERPRINT,592f91aa-811a-4b5d-bc97-3d287001f41b,CONFIRMED_APPLIED,FIRED_CONFIRMED,1,1,0,,6673.0,0,0,,1
aep_full-after_resolution_before_barrier-payments-8763d2a2-r11,crashed,AEP_FULL,after_resolution_before_barrier,payments,AUTHORITATIVE_READBACK,ORACLE_FINGERPRINT,447a2c38-f772-4a07-aeb1-a522ca6e0cf2,CONFIRMED_APPLIED,FIRED_CONFIRMED,1,1,0,,35158.0,0,0,,1
aep_full-after_resolution_before_barrier-payments-8763d2a2-r11,crashed,AEP_FULL,after_resolution_before_barrier,payments,AUTHORITATIVE_READBACK,ORACLE_FINGERPRINT,9ff2d8bf-b933-4b0f-8441-8f09040f340d,CONFIRMED_APPLIED,FIRED_CONFIRMED,1,1,0,,28991.0,0,0,,1
aep_full-after_resolution_before_barrier-payments-8763d2a2-r11,crashed,AEP_FULL,after_resolution_before_barrier,payments,AUTHORITATIVE_READBACK,ORACLE_FINGERPRINT,674066c7-4b11-4956-b603-0be51b80f1ee,CONFIRMED_APPLIED,FIRED_CONFIRMED,1,1,0,,22072.0,0,0,,1
aep_full-after_resolution_before_barrier-payments-8763d2a2-r11,crashed,AEP_FULL,after_resolution_before_barrier,payments,AUTHORITATIVE_READBACK,ORACLE_FINGERPRINT,d7ec7c22-2fae-45b5-ab92-ef4d06300df9,CONFIRMED_APPLIED,FIRED_CONFIRMED,1,1,0,,13704.0,0,0,,1
aep_full-after_resolution_before_barrier-payments-8763d2a2-r11,crashed,AEP_FULL,after_resolution_before_barrier,payments,AUTHORITATIVE_READBACK,ORACLE_FINGERPRINT,b5528f09-7415-44db-b189-3ad27f028e67,CONFIRMED_APPLIED,FIRED_CONFIRMED,1,1,0,,4872.0,0,0,,1
aep_full-after_resolution_before_barrier-payments-8763d2a2-r11,crashed,AEP_FULL,after_resolution_before_barrier,payments,AUTHORITATIVE_READBACK,ORACLE_FINGERPRINT,4ce7e016-eb50-4798-a22e-af209a02a874,CONFIRMED_APPLIED,FIRED_CONFIRMED,1,1,0,,32216.0,0,0,,1
aep_full-after_resolution_before_barrier-payments-8763d2a2-r11,crashed,AEP_FULL,after_resolution_before_barrier,payments,AUTHORITATIVE_READBACK,ORACLE_FINGERPRINT,ea340532-5b4a-4bd0-b686-229531c9d4f8,CONFIRMED_APPLIED,FIRED_CONFIRMED,1,1,0,,25029.0,0,0,,1
aep_full-after_resolution_before_barrier-payments-8763d2a2-r11,crashed,AEP_FULL,after_resolution_before_barrier,payments,AUTHORITATIVE_READBACK,ORACLE_FINGERPRINT,14ee3ad0-05ab-444c-8193-fe6eb7ff9638,CONFIRMED_APPLIED,FIRED_CONFIRMED,1,1,0,,16934.0,0,0,,1
aep_full-after_resolution_before_barrier-payments-8763d2a2-r11,crashed,AEP_FULL,after_resolution_before_barrier,payments,AUTHORITATIVE_READBACK,ORACLE_FINGERPRINT,869937f9-4146-4623-9930-1527dfa374ee,CONFIRMED_APPLIED,FIRED_CONFIRMED,1,1,0,,7877.0,0,0,,1
aep_full-after_resolution_before_barrier-payments-8763d2a2-r11,crashed,AEP_FULL,after_resolution_before_barrier,payments,AUTHORITATIVE_READBACK,ORACLE_FINGERPRINT,2d06e977-8070-4a92-8f70-09dee3d38a71,CONFIRMED_APPLIED,FIRED_CONFIRMED,1,1,0,,31.0,0,0,,1
aep_full-after_resolution_before_barrier-payments-8763d2a2-r12,crashed,AEP_FULL,after_resolution_before_barrier,payments,AUTHORITATIVE_READBACK,ORACLE_FINGERPRINT,5894a684-d1c1-4784-b48c-65a0993a50b7,CONFIRMED_APPLIED,FIRED_CONFIRMED,1,1,0,,68693.0,0,0,,1
aep_full-after_resolution_before_barrier-payments-8763d2a2-r12,crashed,AEP_FULL,after_resolution_before_barrier,payments,AUTHORITATIVE_READBACK,ORACLE_FINGERPRINT,905e1d69-d8aa-48f8-9350-dfee80e166dc,CONFIRMED_APPLIED,FIRED_CONFIRMED,1,1,0,,59307.0,0,0,,1
aep_full-after_resolution_before_barrier-payments-8763d2a2-r12,crashed,AEP_FULL,after_resolution_before_barrier,payments,AUTHORITATIVE_READBACK,ORACLE_FINGERPRINT,b727a4e7-d7af-46b1-bb01-811322696e5b,CONFIRMED_APPLIED,FIRED_CONFIRMED,1,1,0,,47834.0,0,0,,1
aep_full-after_resolution_before_barrier-payments-8763d2a2-r12,crashed,AEP_FULL,after_resolution_before_barrier,payments,AUTHORITATIVE_READBACK,ORACLE_FINGERPRINT,463391e2-ede2-4f0e-9850-40781a6e44d6,CONFIRMED_APPLIED,FIRED_CONFIRMED,1,1,0,,35338.0,0,0,,1
aep_full-after_resolution_before_barrier-payments-8763d2a2-r12,crashed,AEP_FULL,after_resolution_before_barrier,payments,AUTHORITATIVE_READBACK,ORACLE_FINGERPRINT,f85be1b2-0cf0-40c8-af2b-a20b8bd72681,CONFIRMED_APPLIED,FIRED_CONFIRMED,1,1,0,,22215.0,0,0,,1
aep_full-after_resolution_before_barrier-payments-8763d2a2-r12,crashed,AEP_FULL,after_resolution_before_barrier,payments,AUTHORITATIVE_READBACK,ORACLE_FINGERPRINT,c332ad55-4109-46a2-9b4f-db8f0714964b,CONFIRMED_APPLIED,FIRED_CONFIRMED,1,1,0,,67747.0,0,0,,1
aep_full-after_resolution_before_barrier-payments-8763d2a2-r12,crashed,AEP_FULL,after_resolution_before_barrier,payments,AUTHORITATIVE_READBACK,ORACLE_FINGERPRINT,4ec90f32-f822-489b-bae3-1f45b19d7d46,CONFIRMED_APPLIED,FIRED_CONFIRMED,1,1,0,,57590.0,0,0,,1
aep_full-after_resolution_before_barrier-payments-8763d2a2-r12,crashed,AEP_FULL,after_resolution_before_barrier,payments,AUTHORITATIVE_READBACK,ORACLE_FINGERPRINT,e4779b4f-b61c-4b0e-9759-2192403bfd73,CONFIRMED_APPLIED,FIRED_CONFIRMED,1,1,0,,46094.0,0,0,,1
aep_full-after_resolution_before_barrier-payments-8763d2a2-r12,crashed,AEP_FULL,after_resolution_before_barrier,payments,AUTHORITATIVE_READBACK,ORACLE_FINGERPRINT,ac6c2b6d-8cfa-4eff-8477-0163f99a9865,CONFIRMED_APPLIED,FIRED_CONFIRMED,1,1,0,,34462.0,0,0,,1
aep_full-after_resolution_before_barrier-payments-8763d2a2-r12,crashed,AEP_FULL,after_resolution_before_barrier,payments,AUTHORITATIVE_READBACK,ORACLE_FINGERPRINT,5600c907-70ec-4a4a-835d-e0138c6496b8,CONFIRMED_APPLIED,FIRED_CONFIRMED,1,1,0,,24325.0,0,0,,1
aep_full-after_resolution_before_barrier-payments-8763d2a2-r13,crashed,AEP_FULL,after_resolution_before_barrier,payments,AUTHORITATIVE_READBACK,ORACLE_FINGERPRINT,389e2f63-19ba-4a73-b966-2b29487e1e3c,CONFIRMED_APPLIED,FIRED_CONFIRMED,1,1,0,,39930.0,0,0,,1
aep_full-after_resolution_before_barrier-payments-8763d2a2-r13,crashed,AEP_FULL,after_resolution_before_barrier,payments,AUTHORITATIVE_READBACK,ORACLE_FINGERPRINT,0a4faacd-2bc9-4f7e-af7d-37df6e4dd9a9,CONFIRMED_APPLIED,FIRED_CONFIRMED,1,1,0,,28982.0,0,0,,1
aep_full-after_resolution_before_barrier-payments-8763d2a2-r13,crashed,AEP_FULL,after_resolution_before_barrier,payments,AUTHORITATIVE_READBACK,ORACLE_FINGERPRINT,f42e1d32-2f32-4d9c-9d0f-3ae3bc453c47,CONFIRMED_APPLIED,FIRED_CONFIRMED,1,1,0,,20967.0,0,0,,1
aep_full-after_resolution_before_barrier-payments-8763d2a2-r13,crashed,AEP_FULL,after_resolution_before_barrier,payments,AUTHORITATIVE_READBACK,ORACLE_FINGERPRINT,372c667d-1dc4-4420-8db1-a82194ceaac4,CONFIRMED_APPLIED,FIRED_CONFIRMED,1,1,0,,11905.0,0,0,,1
aep_full-after_resolution_before_barrier-payments-8763d2a2-r13,crashed,AEP_FULL,after_resolution_before_barrier,payments,AUTHORITATIVE_READBACK,ORACLE_FINGERPRINT,08013172-85ae-408b-a55d-15dce6ef281a,CONFIRMED_APPLIED,FIRED_CONFIRMED,1,1,0,,4034.0,0,0,,1
aep_full-after_resolution_before_barrier-payments-8763d2a2-r13,crashed,AEP_FULL,after_resolution_before_barrier,payments,AUTHORITATIVE_READBACK,ORACLE_FINGERPRINT,0c21b2de-00e2-438f-baa9-750545497a4b,CONFIRMED_NOT_APPLIED,FAILED_CONFIRMED,0,1,0,,41086.0,0,0,,1
aep_full-after_resolution_before_barrier-payments-8763d2a2-r13,crashed,AEP_FULL,after_resolution_before_barrier,payments,AUTHORITATIVE_READBACK,ORACLE_FINGERPRINT,09809855-094e-4fbc-9085-a1595c117994,CONFIRMED_APPLIED,FIRED_CONFIRMED,1,1,0,,29960.0,0,0,,1
aep_full-after_resolution_before_barrier-payments-8763d2a2-r13,crashed,AEP_FULL,after_resolution_before_barrier,payments,AUTHORITATIVE_READBACK,ORACLE_FINGERPRINT,58e3f73c-d69a-4788-9d1c-1269a016651f,CONFIRMED_APPLIED,FIRED_CONFIRMED,1,1,0,,18888.0,0,0,,1
aep_full-after_resolution_before_barrier-payments-8763d2a2-r13,crashed,AEP_FULL,after_resolution_before_barrier,payments,AUTHORITATIVE_READBACK,ORACLE_FINGERPRINT,5905f06c-8784-4eaf-a123-0fb8831cd0c5,CONFIRMED_APPLIED,FIRED_CONFIRMED,1,1,0,,10005.0,0,0,,1
aep_full-after_resolution_before_barrier-payments-8763d2a2-r13,crashed,AEP_FULL,after_resolution_before_barrier,payments,AUTHORITATIVE_READBACK,ORACLE_FINGERPRINT,808ec169-10cd-4d8f-8333-f90bbf9d240c,CONFIRMED_APPLIED,FIRED_CONFIRMED,1,1,0,,2056.0,0,0,,1
aep_full-after_resolution_before_barrier-payments-8763d2a2-r14,crashed,AEP_FULL,after_resolution_before_barrier,payments,AUTHORITATIVE_READBACK,ORACLE_FINGERPRINT,cde735f2-a6e4-4bce-a472-1ddcee95721b,CONFIRMED_APPLIED,FIRED_CONFIRMED,1,1,0,,29779.0,0,0,,1
aep_full-after_resolution_before_barrier-payments-8763d2a2-r14,crashed,AEP_FULL,after_resolution_before_barrier,payments,AUTHORITATIVE_READBACK,ORACLE_FINGERPRINT,0a867860-5f57-43d1-bc17-d1b1735e6f03,CONFIRMED_APPLIED,FIRED_CONFIRMED,1,1,0,,22031.0,0,0,,1
aep_full-after_resolution_before_barrier-payments-8763d2a2-r14,crashed,AEP_FULL,after_resolution_before_barrier,payments,AUTHORITATIVE_READBACK,ORACLE_FINGERPRINT,188bc4fc-3692-4cc7-8b62-ddceb10c8531,CONFIRMED_APPLIED,FIRED_CONFIRMED,1,1,0,,14846.0,0,0,,1
aep_full-after_resolution_before_barrier-payments-8763d2a2-r14,crashed,AEP_FULL,after_resolution_before_barrier,payments,AUTHORITATIVE_READBACK,ORACLE_FINGERPRINT,d0fbe107-036b-4a35-b863-042b946e8a86,CONFIRMED_APPLIED,FIRED_CONFIRMED,1,1,0,,7941.0,0,0,,1
aep_full-after_resolution_before_barrier-payments-8763d2a2-r14,crashed,AEP_FULL,after_resolution_before_barrier,payments,AUTHORITATIVE_READBACK,ORACLE_FINGERPRINT,19b43205-d521-40d9-ab33-67f3365e0c9f,CONFIRMED_APPLIED,FIRED_CONFIRMED,1,1,0,,40.0,0,0,,1
aep_full-after_resolution_before_barrier-payments-8763d2a2-r14,crashed,AEP_FULL,after_resolution_before_barrier,payments,AUTHORITATIVE_READBACK,ORACLE_FINGERPRINT,aa997150-ef34-4dc5-bfd6-14cb3c1009fb,CONFIRMED_APPLIED,FIRED_CONFIRMED,1,1,0,,29805.0,0,0,,1
aep_full-after_resolution_before_barrier-payments-8763d2a2-r14,crashed,AEP_FULL,after_resolution_before_barrier,payments,AUTHORITATIVE_READBACK,ORACLE_FINGERPRINT,77dfcea8-3912-415a-8f68-26a6d13dc22c,CONFIRMED_APPLIED,FIRED_CONFIRMED,1,1,0,,22013.0,0,0,,1
aep_full-after_resolution_before_barrier-payments-8763d2a2-r14,crashed,AEP_FULL,after_resolution_before_barrier,payments,AUTHORITATIVE_READBACK,ORACLE_FINGERPRINT,55b66735-6263-4549-896b-75ac0b05d0ba,CONFIRMED_APPLIED,FIRED_CONFIRMED,1,1,0,,14823.0,0,0,,1
aep_full-after_resolution_before_barrier-payments-8763d2a2-r14,crashed,AEP_FULL,after_resolution_before_barrier,payments,AUTHORITATIVE_READBACK,ORACLE_FINGERPRINT,bf1665a8-e61b-4f96-94c9-7abc815ecfcb,CONFIRMED_APPLIED,FIRED_CONFIRMED,1,1,0,,7925.0,0,0,,1
aep_full-after_resolution_before_barrier-payments-8763d2a2-r14,crashed,AEP_FULL,after_resolution_before_barrier,payments,AUTHORITATIVE_READBACK,ORACLE_FINGERPRINT,b8cfd657-291c-4a5c-b39f-f3e27b5938f3,CONFIRMED_APPLIED,FIRED_CONFIRMED,1,1,0,,27.0,0,0,,1
aep_full-after_resolution_before_barrier-payments-8763d2a2-r2,crashed,AEP_FULL,after_resolution_before_barrier,payments,AUTHORITATIVE_READBACK,ORACLE_FINGERPRINT,e30351b7-d2d7-4d77-ad14-eab2e6bd6bae,CONFIRMED_APPLIED,FIRED_CONFIRMED,1,1,0,,58964.0,0,0,,1
aep_full-after_resolution_before_barrier-payments-8763d2a2-r2,crashed,AEP_FULL,after_resolution_before_barrier,payments,AUTHORITATIVE_READBACK,ORACLE_FINGERPRINT,dcec309c-9764-4754-a029-b08f30f4bf32,CONFIRMED_APPLIED,FIRED_CONFIRMED,1,1,0,,51239.0,0,0,,1
aep_full-after_resolution_before_barrier-payments-8763d2a2-r2,crashed,AEP_FULL,after_resolution_before_barrier,payments,AUTHORITATIVE_READBACK,ORACLE_FINGERPRINT,10677e44-ae88-4982-adae-679146264a9b,CONFIRMED_APPLIED,FIRED_CONFIRMED,1,1,0,,43033.0,0,0,,1
aep_full-after_resolution_before_barrier-payments-8763d2a2-r2,crashed,AEP_FULL,after_resolution_before_barrier,payments,AUTHORITATIVE_READBACK,ORACLE_FINGERPRINT,b40e317d-4439-4fb3-aed1-f4e3d0188226,CONFIRMED_APPLIED,FIRED_CONFIRMED,1,1,0,,32287.0,0,0,,1
aep_full-after_resolution_before_barrier-payments-8763d2a2-r2,crashed,AEP_FULL,after_resolution_before_barrier,payments,AUTHORITATIVE_READBACK,ORACLE_FINGERPRINT,7aca81a2-24e0-48ab-8726-2b1f9cf59210,CONFIRMED_APPLIED,FIRED_CONFIRMED,1,1,0,,24294.0,0,0,,1
aep_full-after_resolution_before_barrier-payments-8763d2a2-r2,crashed,AEP_FULL,after_resolution_before_barrier,payments,AUTHORITATIVE_READBACK,ORACLE_FINGERPRINT,51e8057d-ca2a-4878-a148-9bbe500b536f,CONFIRMED_APPLIED,FIRED_CONFIRMED,1,1,0,,58947.0,0,0,,1
aep_full-after_resolution_before_barrier-payments-8763d2a2-r2,crashed,AEP_FULL,after_resolution_before_barrier,payments,AUTHORITATIVE_READBACK,ORACLE_FINGERPRINT,68789afe-da72-4f11-acc8-e2d5ba096cf9,CONFIRMED_APPLIED,FIRED_CONFIRMED,1,1,0,,51261.0,0,0,,1
aep_full-after_resolution_before_barrier-payments-8763d2a2-r2,crashed,AEP_FULL,after_resolution_before_barrier,payments,AUTHORITATIVE_READBACK,ORACLE_FINGERPRINT,6f540b12-d773-4fdd-8977-dc1a55afeeff,CONFIRMED_APPLIED,FIRED_CONFIRMED,1,1,0,,43008.0,0,0,,1
aep_full-after_resolution_before_barrier-payments-8763d2a2-r2,crashed,AEP_FULL,after_resolution_before_barrier,payments,AUTHORITATIVE_READBACK,ORACLE_FINGERPRINT,faea8d3f-c6a8-47ba-9cbd-d593fb24c9f3,CONFIRMED_APPLIED,FIRED_CONFIRMED,1,1,0,,32315.0,0,0,,1
aep_full-after_resolution_before_barrier-payments-8763d2a2-r2,crashed,AEP_FULL,after_resolution_before_barrier,payments,AUTHORITATIVE_READBACK,ORACLE_FINGERPRINT,a375ccd0-2e55-40c3-bc02-74120ce2d4ed,CONFIRMED_APPLIED,FIRED_CONFIRMED,1,1,0,,21307.0,0,0,,1
aep_full-after_resolution_before_barrier-payments-8763d2a2-r3,crashed,AEP_FULL,after_resolution_before_barrier,payments,AUTHORITATIVE_READBACK,ORACLE_FINGERPRINT,531d825b-2faa-4bf4-b111-9c2e0a5c9ba5,CONFIRMED_APPLIED,FIRED_CONFIRMED,1,1,0,,31802.0,0,0,,1
aep_full-after_resolution_before_barrier-payments-8763d2a2-r3,crashed,AEP_FULL,after_resolution_before_barrier,payments,AUTHORITATIVE_READBACK,ORACLE_FINGERPRINT,77386ea5-8454-4f31-ba49-429f88cf8aed,CONFIRMED_APPLIED,FIRED_CONFIRMED,1,1,0,,20173.0,0,0,,1
aep_full-after_resolution_before_barrier-payments-8763d2a2-r3,crashed,AEP_FULL,after_resolution_before_barrier,payments,AUTHORITATIVE_READBACK,ORACLE_FINGERPRINT,e01a256d-9347-42dc-9af7-b86b1d86de03,CONFIRMED_APPLIED,FIRED_CONFIRMED,1,1,0,,14100.0,0,0,,1
aep_full-after_resolution_before_barrier-payments-8763d2a2-r3,crashed,AEP_FULL,after_resolution_before_barrier,payments,AUTHORITATIVE_READBACK,ORACLE_FINGERPRINT,65ffa794-4b17-475f-91f3-8eb234de95f6,CONFIRMED_APPLIED,FIRED_CONFIRMED,1,1,0,,8100.0,0,0,,1
aep_full-after_resolution_before_barrier-payments-8763d2a2-r3,crashed,AEP_FULL,after_resolution_before_barrier,payments,AUTHORITATIVE_READBACK,ORACLE_FINGERPRINT,76a00a39-d111-46c3-a971-8018b0d37fb3,CONFIRMED_APPLIED,FIRED_CONFIRMED,1,1,0,,2033.0,0,0,,1
aep_full-after_resolution_before_barrier-payments-8763d2a2-r3,crashed,AEP_FULL,after_resolution_before_barrier,payments,AUTHORITATIVE_READBACK,ORACLE_FINGERPRINT,7e3fefe7-0f96-4c79-a287-cd91285daaf2,CONFIRMED_APPLIED,FIRED_CONFIRMED,1,1,0,,31817.0,0,0,,1
aep_full-after_resolution_before_barrier-payments-8763d2a2-r3,crashed,AEP_FULL,after_resolution_before_barrier,payments,AUTHORITATIVE_READBACK,ORACLE_FINGERPRINT,776141d3-d135-4055-adbf-28940e8ffad7,CONFIRMED_APPLIED,FIRED_CONFIRMED,1,1,0,,20171.0,0,0,,1
aep_full-after_resolution_before_barrier-payments-8763d2a2-r3,crashed,AEP_FULL,after_resolution_before_barrier,payments,AUTHORITATIVE_READBACK,ORACLE_FINGERPRINT,931946ff-660c-4d51-8861-b1fe7d19c8c9,CONFIRMED_APPLIED,FIRED_CONFIRMED,1,1,0,,14088.0,0,0,,1
aep_full-after_resolution_before_barrier-payments-8763d2a2-r3,crashed,AEP_FULL,after_resolution_before_barrier,payments,AUTHORITATIVE_READBACK,ORACLE_FINGERPRINT,b3f97b53-2253-4210-bfb1-786d0a3366a4,CONFIRMED_APPLIED,FIRED_CONFIRMED,1,1,0,,8088.0,0,0,,1
aep_full-after_resolution_before_barrier-payments-8763d2a2-r3,crashed,AEP_FULL,after_resolution_before_barrier,payments,AUTHORITATIVE_READBACK,ORACLE_FINGERPRINT,cadaa57d-d6bb-4ea3-a56e-3dc13ab9e5bc,CONFIRMED_APPLIED,FIRED_CONFIRMED,1,1,0,,2046.0,0,0,,1
aep_full-after_resolution_before_barrier-payments-8763d2a2-r4,crashed,AEP_FULL,after_resolution_before_barrier,payments,AUTHORITATIVE_READBACK,ORACLE_FINGERPRINT,bcca8594-9450-4179-a298-b930a653065e,CONFIRMED_APPLIED,FIRED_CONFIRMED,1,1,0,,77851.0,0,0,,1
aep_full-after_resolution_before_barrier-payments-8763d2a2-r4,crashed,AEP_FULL,after_resolution_before_barrier,payments,AUTHORITATIVE_READBACK,ORACLE_FINGERPRINT,b1b73e30-6aa0-4762-ae2d-967f1fd644c3,CONFIRMED_APPLIED,FIRED_CONFIRMED,1,1,0,,39457.0,0,0,,1
aep_full-after_resolution_before_barrier-payments-8763d2a2-r4,crashed,AEP_FULL,after_resolution_before_barrier,payments,AUTHORITATIVE_READBACK,ORACLE_FINGERPRINT,0a022610-8d50-451e-8fde-4a7beb1e2f1a,CONFIRMED_APPLIED,FIRED_CONFIRMED,1,1,0,,29803.0,0,0,,1
aep_full-after_resolution_before_barrier-payments-8763d2a2-r4,crashed,AEP_FULL,after_resolution_before_barrier,payments,AUTHORITATIVE_READBACK,ORACLE_FINGERPRINT,db2c963a-f5b8-422e-b86a-242c8503dac3,CONFIRMED_APPLIED,FIRED_CONFIRMED,1,1,0,,20683.0,0,0,,1
aep_full-after_resolution_before_barrier-payments-8763d2a2-r4,crashed,AEP_FULL,after_resolution_before_barrier,payments,AUTHORITATIVE_READBACK,ORACLE_FINGERPRINT,42e7ca5a-8e82-4e54-8bdd-0eb633fd5df7,CONFIRMED_APPLIED,FIRED_CONFIRMED,1,1,0,,14774.0,0,0,,1
aep_full-after_resolution_before_barrier-payments-8763d2a2-r4,crashed,AEP_FULL,after_resolution_before_barrier,payments,AUTHORITATIVE_READBACK,ORACLE_FINGERPRINT,77099aba-19c2-4c2c-8dad-14d5338734a3,CONFIRMED_APPLIED,FIRED_CONFIRMED,1,1,0,,85577.0,0,0,,1
aep_full-after_resolution_before_barrier-payments-8763d2a2-r4,crashed,AEP_FULL,after_resolution_before_barrier,payments,AUTHORITATIVE_READBACK,ORACLE_FINGERPRINT,d30c95fd-ca06-4d85-b8e7-5456dce58266,CONFIRMED_APPLIED,FIRED_CONFIRMED,1,1,0,,43818.0,0,0,,1
aep_full-after_resolution_before_barrier-payments-8763d2a2-r4,crashed,AEP_FULL,after_resolution_before_barrier,payments,AUTHORITATIVE_READBACK,ORACLE_FINGERPRINT,074c3119-4f89-46c4-8100-364237534451,CONFIRMED_APPLIED,FIRED_CONFIRMED,1,1,0,,36970.0,0,0,,1
aep_full-after_resolution_before_barrier-payments-8763d2a2-r4,crashed,AEP_FULL,after_resolution_before_barrier,payments,AUTHORITATIVE_READBACK,ORACLE_FINGERPRINT,44444409-0562-4177-86c0-13bce3b61e5a,CONFIRMED_APPLIED,FIRED_CONFIRMED,1,1,0,,26707.0,0,0,,1
aep_full-after_resolution_before_barrier-payments-8763d2a2-r4,crashed,AEP_FULL,after_resolution_before_barrier,payments,AUTHORITATIVE_READBACK,ORACLE_FINGERPRINT,9fe4156e-cb0f-4755-bc4b-3c25603c2439,CONFIRMED_APPLIED,FIRED_CONFIRMED,1,1,0,,20789.0,0,0,,1
aep_full-after_resolution_before_barrier-payments-8763d2a2-r5,crashed,AEP_FULL,after_resolution_before_barrier,payments,AUTHORITATIVE_READBACK,ORACLE_FINGERPRINT,398cdbf8-f285-4b48-84c9-89d914c69abc,CONFIRMED_APPLIED,FIRED_CONFIRMED,1,1,0,,62002.0,0,0,,1
aep_full-after_resolution_before_barrier-payments-8763d2a2-r5,crashed,AEP_FULL,after_resolution_before_barrier,payments,AUTHORITATIVE_READBACK,ORACLE_FINGERPRINT,15afec9e-2caf-4348-b583-9aca7ba22c24,CONFIRMED_APPLIED,FIRED_CONFIRMED,1,1,0,,51934.0,0,0,,1
aep_full-after_resolution_before_barrier-payments-8763d2a2-r5,crashed,AEP_FULL,after_resolution_before_barrier,payments,AUTHORITATIVE_READBACK,ORACLE_FINGERPRINT,3e32f20c-b7fd-40a2-9af1-f662e2385900,CONFIRMED_APPLIED,FIRED_CONFIRMED,1,1,0,,37919.0,0,0,,1
aep_full-after_resolution_before_barrier-payments-8763d2a2-r5,crashed,AEP_FULL,after_resolution_before_barrier,payments,AUTHORITATIVE_READBACK,ORACLE_FINGERPRINT,7a6fd54f-a7ec-43e3-9093-abe6528be173,CONFIRMED_APPLIED,FIRED_CONFIRMED,1,1,0,,29758.0,0,0,,1
aep_full-after_resolution_before_barrier-payments-8763d2a2-r5,crashed,AEP_FULL,after_resolution_before_barrier,payments,AUTHORITATIVE_READBACK,ORACLE_FINGERPRINT,0955a8ab-f429-4869-9b48-4114946cf11b,CONFIRMED_APPLIED,FIRED_CONFIRMED,1,1,0,,18856.0,0,0,,1
aep_full-after_resolution_before_barrier-payments-8763d2a2-r5,crashed,AEP_FULL,after_resolution_before_barrier,payments,AUTHORITATIVE_READBACK,ORACLE_FINGERPRINT,cb44b086-ac94-4d40-a17f-638be9bfcdc3,CONFIRMED_APPLIED,FIRED_CONFIRMED,1,1,0,,58351.0,0,0,,1
aep_full-after_resolution_before_barrier-payments-8763d2a2-r5,crashed,AEP_FULL,after_resolution_before_barrier,payments,AUTHORITATIVE_READBACK,ORACLE_FINGERPRINT,2deb2487-a8ac-4086-8165-1cc85d3237ae,CONFIRMED_APPLIED,FIRED_CONFIRMED,1,1,0,,50044.0,0,0,,1
aep_full-after_resolution_before_barrier-payments-8763d2a2-r5,crashed,AEP_FULL,after_resolution_before_barrier,payments,AUTHORITATIVE_READBACK,ORACLE_FINGERPRINT,e3265c02-60a6-48d3-ae44-5caf15a97a24,CONFIRMED_APPLIED,FIRED_CONFIRMED,1,1,0,,36156.0,0,0,,1
aep_full-after_resolution_before_barrier-payments-8763d2a2-r5,crashed,AEP_FULL,after_resolution_before_barrier,payments,AUTHORITATIVE_READBACK,ORACLE_FINGERPRINT,94a579a1-c638-4c45-9b6a-9f3f253ff6fb,CONFIRMED_APPLIED,FIRED_CONFIRMED,1,1,0,,28029.0,0,0,,1
aep_full-after_resolution_before_barrier-payments-8763d2a2-r5,crashed,AEP_FULL,after_resolution_before_barrier,payments,AUTHORITATIVE_READBACK,ORACLE_FINGERPRINT,21a0e038-b0cc-48f1-a744-5c4462f6da38,CONFIRMED_APPLIED,FIRED_CONFIRMED,1,1,0,,20083.0,0,0,,1
aep_full-after_resolution_before_barrier-payments-8763d2a2-r6,crashed,AEP_FULL,after_resolution_before_barrier,payments,AUTHORITATIVE_READBACK,ORACLE_FINGERPRINT,a23dcf1f-338c-4e5f-87e1-5b394723c3b2,CONFIRMED_APPLIED,FIRED_CONFIRMED,1,1,0,,39780.0,0,0,,1
aep_full-after_resolution_before_barrier-payments-8763d2a2-r6,crashed,AEP_FULL,after_resolution_before_barrier,payments,AUTHORITATIVE_READBACK,ORACLE_FINGERPRINT,42d69fdc-a6b8-4e1a-9447-6813b1b9d431,CONFIRMED_APPLIED,FIRED_CONFIRMED,1,1,0,,29120.0,0,0,,1
aep_full-after_resolution_before_barrier-payments-8763d2a2-r6,crashed,AEP_FULL,after_resolution_before_barrier,payments,AUTHORITATIVE_READBACK,ORACLE_FINGERPRINT,0010059b-a683-42ae-a177-72b14deb121d,CONFIRMED_NOT_APPLIED,FAILED_CONFIRMED,0,1,0,,23787.0,0,0,,1
aep_full-after_resolution_before_barrier-payments-8763d2a2-r6,crashed,AEP_FULL,after_resolution_before_barrier,payments,AUTHORITATIVE_READBACK,ORACLE_FINGERPRINT,a9693191-9cfe-4bf2-aec8-ef5bf20e8bf9,CONFIRMED_APPLIED,FIRED_CONFIRMED,1,1,0,,17847.0,0,0,,1
aep_full-after_resolution_before_barrier-payments-8763d2a2-r6,crashed,AEP_FULL,after_resolution_before_barrier,payments,AUTHORITATIVE_READBACK,ORACLE_FINGERPRINT,1310205e-7cb9-412f-b702-313b7d5f6424,CONFIRMED_APPLIED,FIRED_CONFIRMED,1,1,0,,12872.0,0,0,,1
aep_full-after_resolution_before_barrier-payments-8763d2a2-r6,crashed,AEP_FULL,after_resolution_before_barrier,payments,AUTHORITATIVE_READBACK,ORACLE_FINGERPRINT,ec207019-222f-4236-9003-c8a6f44f25c5,CONFIRMED_APPLIED,FIRED_CONFIRMED,1,1,0,,39792.0,0,0,,1
aep_full-after_resolution_before_barrier-payments-8763d2a2-r6,crashed,AEP_FULL,after_resolution_before_barrier,payments,AUTHORITATIVE_READBACK,ORACLE_FINGERPRINT,84c3ddef-8fde-4ae3-9e62-0232704177ab,CONFIRMED_APPLIED,FIRED_CONFIRMED,1,1,0,,32102.0,0,0,,1
aep_full-after_resolution_before_barrier-payments-8763d2a2-r6,crashed,AEP_FULL,after_resolution_before_barrier,payments,AUTHORITATIVE_READBACK,ORACLE_FINGERPRINT,216ea9b0-baef-40f0-a16a-b8db7f612f5e,CONFIRMED_APPLIED,FIRED_CONFIRMED,1,1,0,,26780.0,0,0,,1
aep_full-after_resolution_before_barrier-payments-8763d2a2-r6,crashed,AEP_FULL,after_resolution_before_barrier,payments,AUTHORITATIVE_READBACK,ORACLE_FINGERPRINT,9969cd0d-0bfd-4ee7-9016-5dc67255b374,CONFIRMED_APPLIED,FIRED_CONFIRMED,1,1,0,,21931.0,0,0,,1
aep_full-after_resolution_before_barrier-payments-8763d2a2-r6,crashed,AEP_FULL,after_resolution_before_barrier,payments,AUTHORITATIVE_READBACK,ORACLE_FINGERPRINT,83af25bd-4911-4f47-8b93-0495e2ae99e1,CONFIRMED_APPLIED,FIRED_CONFIRMED,1,1,0,,15934.0,0,0,,1
aep_full-after_resolution_before_barrier-payments-8763d2a2-r7,crashed,AEP_FULL,after_resolution_before_barrier,payments,AUTHORITATIVE_READBACK,ORACLE_FINGERPRINT,1ed3aefd-eb8c-4038-addb-de6b83c374a6,CONFIRMED_APPLIED,FIRED_CONFIRMED,1,1,0,,54133.0,0,0,,1
aep_full-after_resolution_before_barrier-payments-8763d2a2-r7,crashed,AEP_FULL,after_resolution_before_barrier,payments,AUTHORITATIVE_READBACK,ORACLE_FINGERPRINT,2095738e-8e10-4cc5-be68-7c920dade69d,CONFIRMED_APPLIED,FIRED_CONFIRMED,1,1,0,,45223.0,0,0,,1
aep_full-after_resolution_before_barrier-payments-8763d2a2-r7,crashed,AEP_FULL,after_resolution_before_barrier,payments,AUTHORITATIVE_READBACK,ORACLE_FINGERPRINT,e65f9335-4c90-4d0f-b6fd-66d38cd18aae,CONFIRMED_APPLIED,FIRED_CONFIRMED,1,1,0,,36028.0,0,0,,1
aep_full-after_resolution_before_barrier-payments-8763d2a2-r7,crashed,AEP_FULL,after_resolution_before_barrier,payments,AUTHORITATIVE_READBACK,ORACLE_FINGERPRINT,6671ba8b-4252-499b-896c-db8b880b1387,CONFIRMED_APPLIED,FIRED_CONFIRMED,1,1,0,,23994.0,0,0,,1
aep_full-after_resolution_before_barrier-payments-8763d2a2-r7,crashed,AEP_FULL,after_resolution_before_barrier,payments,AUTHORITATIVE_READBACK,ORACLE_FINGERPRINT,a36b7e2d-e0aa-4f00-bd4f-84ec3ef94d87,CONFIRMED_APPLIED,FIRED_CONFIRMED,1,1,0,,18115.0,0,0,,1
aep_full-after_resolution_before_barrier-payments-8763d2a2-r7,crashed,AEP_FULL,after_resolution_before_barrier,payments,AUTHORITATIVE_READBACK,ORACLE_FINGERPRINT,e67d93f0-91a7-4e5e-9145-35b91ee74f63,CONFIRMED_APPLIED,FIRED_CONFIRMED,1,1,0,,54150.0,0,0,,1
aep_full-after_resolution_before_barrier-payments-8763d2a2-r7,crashed,AEP_FULL,after_resolution_before_barrier,payments,AUTHORITATIVE_READBACK,ORACLE_FINGERPRINT,f02813b4-10e7-4a51-b938-88f85e10f3e8,CONFIRMED_APPLIED,FIRED_CONFIRMED,1,1,0,,48214.0,0,0,,1
aep_full-after_resolution_before_barrier-payments-8763d2a2-r7,crashed,AEP_FULL,after_resolution_before_barrier,payments,AUTHORITATIVE_READBACK,ORACLE_FINGERPRINT,b9835755-fe3f-477a-bc27-ce3f0faf7b1f,CONFIRMED_NOT_APPLIED,FAILED_CONFIRMED,0,1,0,,41957.0,0,0,,1
aep_full-after_resolution_before_barrier-payments-8763d2a2-r7,crashed,AEP_FULL,after_resolution_before_barrier,payments,AUTHORITATIVE_READBACK,ORACLE_FINGERPRINT,f532a030-fa6b-4a36-9f93-20442eceda9d,CONFIRMED_APPLIED,FIRED_CONFIRMED,1,1,0,,36086.0,0,0,,1
aep_full-after_resolution_before_barrier-payments-8763d2a2-r7,crashed,AEP_FULL,after_resolution_before_barrier,payments,AUTHORITATIVE_READBACK,ORACLE_FINGERPRINT,5c9a3cee-83e2-42a3-84dc-c332d8ed9af7,CONFIRMED_NOT_APPLIED,FAILED_CONFIRMED,0,1,0,,24009.0,0,0,,1
aep_full-after_resolution_before_barrier-payments-8763d2a2-r8,crashed,AEP_FULL,after_resolution_before_barrier,payments,AUTHORITATIVE_READBACK,ORACLE_FINGERPRINT,34edc238-b237-4180-a913-12c85cc4570c,CONFIRMED_APPLIED,FIRED_CONFIRMED,1,1,0,,48025.0,0,0,,1
aep_full-after_resolution_before_barrier-payments-8763d2a2-r8,crashed,AEP_FULL,after_resolution_before_barrier,payments,AUTHORITATIVE_READBACK,ORACLE_FINGERPRINT,1b58c733-79d4-43fe-a0da-0b968596f666,CONFIRMED_APPLIED,FIRED_CONFIRMED,1,1,0,,39452.0,0,0,,1
aep_full-after_resolution_before_barrier-payments-8763d2a2-r8,crashed,AEP_FULL,after_resolution_before_barrier,payments,AUTHORITATIVE_READBACK,ORACLE_FINGERPRINT,7cb03dbe-0f7b-40d6-bfb1-954a4b20e719,CONFIRMED_APPLIED,FIRED_CONFIRMED,1,1,0,,24496.0,0,0,,1
aep_full-after_resolution_before_barrier-payments-8763d2a2-r8,crashed,AEP_FULL,after_resolution_before_barrier,payments,AUTHORITATIVE_READBACK,ORACLE_FINGERPRINT,a52ff4c4-6143-460c-a3e7-cc23aa300357,CONFIRMED_APPLIED,FIRED_CONFIRMED,1,1,0,,14746.0,0,0,,1
aep_full-after_resolution_before_barrier-payments-8763d2a2-r8,crashed,AEP_FULL,after_resolution_before_barrier,payments,AUTHORITATIVE_READBACK,ORACLE_FINGERPRINT,0d85f004-bd3a-4f69-98d3-da480f0c3a65,CONFIRMED_APPLIED,FIRED_CONFIRMED,1,1,0,,2112.0,0,0,,1
aep_full-after_resolution_before_barrier-payments-8763d2a2-r8,crashed,AEP_FULL,after_resolution_before_barrier,payments,AUTHORITATIVE_READBACK,ORACLE_FINGERPRINT,03036bd4-99d5-41d0-a482-bf06fe520d5a,CONFIRMED_APPLIED,FIRED_CONFIRMED,1,1,0,,48046.0,0,0,,1
aep_full-after_resolution_before_barrier-payments-8763d2a2-r8,crashed,AEP_FULL,after_resolution_before_barrier,payments,AUTHORITATIVE_READBACK,ORACLE_FINGERPRINT,eff6d10a-4520-4205-ac78-303e53cf4989,CONFIRMED_APPLIED,FIRED_CONFIRMED,1,1,0,,33737.0,0,0,,1
aep_full-after_resolution_before_barrier-payments-8763d2a2-r8,crashed,AEP_FULL,after_resolution_before_barrier,payments,AUTHORITATIVE_READBACK,ORACLE_FINGERPRINT,58e3ba0c-1cf6-4f18-9c47-15bd80eaa555,CONFIRMED_APPLIED,FIRED_CONFIRMED,1,1,0,,22682.0,0,0,,1
aep_full-after_resolution_before_barrier-payments-8763d2a2-r8,crashed,AEP_FULL,after_resolution_before_barrier,payments,AUTHORITATIVE_READBACK,ORACLE_FINGERPRINT,164fbcb6-7108-4193-8262-12c9430d6f75,CONFIRMED_APPLIED,FIRED_CONFIRMED,1,1,0,,12652.0,0,0,,1
aep_full-after_resolution_before_barrier-payments-8763d2a2-r8,crashed,AEP_FULL,after_resolution_before_barrier,payments,AUTHORITATIVE_READBACK,ORACLE_FINGERPRINT,1116105d-dffb-41eb-a114-8fb3c79cbf1a,CONFIRMED_APPLIED,FIRED_CONFIRMED,1,1,0,,31.0,0,0,,1
aep_full-after_resolution_before_barrier-payments-8763d2a2-r9,crashed,AEP_FULL,after_resolution_before_barrier,payments,AUTHORITATIVE_READBACK,ORACLE_FINGERPRINT,d6d484b9-e9e6-4700-9fc0-3438572fa043,CONFIRMED_APPLIED,FIRED_CONFIRMED,1,1,0,,35225.0,0,0,,1
aep_full-after_resolution_before_barrier-payments-8763d2a2-r9,crashed,AEP_FULL,after_resolution_before_barrier,payments,AUTHORITATIVE_READBACK,ORACLE_FINGERPRINT,27daff7b-6650-4362-9afd-d24eaa6c6173,CONFIRMED_NOT_APPLIED,FAILED_CONFIRMED,0,0,0,,,0,0,,0
aep_full-after_resolution_before_barrier-payments-8763d2a2-r9,crashed,AEP_FULL,after_resolution_before_barrier,payments,AUTHORITATIVE_READBACK,ORACLE_FINGERPRINT,4e817845-9160-4174-82ee-36563c1ee50b,CONFIRMED_APPLIED,FIRED_CONFIRMED,1,1,0,,24394.0,0,0,,1
aep_full-after_resolution_before_barrier-payments-8763d2a2-r9,crashed,AEP_FULL,after_resolution_before_barrier,payments,AUTHORITATIVE_READBACK,ORACLE_FINGERPRINT,a690516d-4e88-47da-8e69-bc2f102f39be,CONFIRMED_APPLIED,FIRED_CONFIRMED,1,1,0,,16390.0,0,0,,1
aep_full-after_resolution_before_barrier-payments-8763d2a2-r9,crashed,AEP_FULL,after_resolution_before_barrier,payments,AUTHORITATIVE_READBACK,ORACLE_FINGERPRINT,788bffd4-4b74-4089-92f8-3ee7df6acf9e,CONFIRMED_APPLIED,FIRED_CONFIRMED,1,1,0,,5031.0,0,0,,1
aep_full-after_resolution_before_barrier-payments-8763d2a2-r9,crashed,AEP_FULL,after_resolution_before_barrier,payments,AUTHORITATIVE_READBACK,ORACLE_FINGERPRINT,06965630-ce76-4b63-8259-871503dbbfbc,CONFIRMED_APPLIED,FIRED_CONFIRMED,1,1,0,,36268.0,0,0,,1
aep_full-after_resolution_before_barrier-payments-8763d2a2-r9,crashed,AEP_FULL,after_resolution_before_barrier,payments,AUTHORITATIVE_READBACK,ORACLE_FINGERPRINT,b00a797b-bbaa-4620-9561-96c608712a76,CONFIRMED_APPLIED,FIRED_CONFIRMED,1,1,0,,26410.0,0,0,,1
aep_full-after_resolution_before_barrier-payments-8763d2a2-r9,crashed,AEP_FULL,after_resolution_before_barrier,payments,AUTHORITATIVE_READBACK,ORACLE_FINGERPRINT,029d28db-6cdf-45a6-888c-c692d9850ac6,CONFIRMED_APPLIED,FIRED_CONFIRMED,1,1,0,,18337.0,0,0,,1
aep_full-after_resolution_before_barrier-payments-8763d2a2-r9,crashed,AEP_FULL,after_resolution_before_barrier,payments,AUTHORITATIVE_READBACK,ORACLE_FINGERPRINT,7f48713c-93fd-4e4e-b3e7-b5dc4ddd4a62,CONFIRMED_APPLIED,FIRED_CONFIRMED,1,1,0,,7727.0,0,0,,1
aep_full-after_resolution_before_barrier-payments-8763d2a2-r9,crashed,AEP_FULL,after_resolution_before_barrier,payments,AUTHORITATIVE_READBACK,ORACLE_FINGERPRINT,d46d9cfb-74ac-432b-adab-36873026048f,CONFIRMED_APPLIED,FIRED_CONFIRMED,1,1,0,,48.0,0,0,,1
aep_full-after_response_before_resolution-notifications-bba3b040-r0,crashed,AEP_FULL,after_response_before_resolution,notifications,POSITIVE_ONLY_READBACK,ORACLE_FINGERPRINT,39fa6e84-d186-4576-802b-e213f82ecf78,DECLARED_AMBIGUOUS,FIRED_UNCONFIRMED,0,1,0,,166557.0,0,0,,1
aep_full-after_response_before_resolution-notifications-bba3b040-r0,crashed,AEP_FULL,after_response_before_resolution,notifications,POSITIVE_ONLY_READBACK,ORACLE_FINGERPRINT,a88a74ae-cf0f-4479-b413-1d03c96a3d3e,CONFIRMED_APPLIED,FIRED_CONFIRMED,1,1,0,,160433.0,0,0,,1
aep_full-after_response_before_resolution-notifications-bba3b040-r0,crashed,AEP_FULL,after_response_before_resolution,notifications,POSITIVE_ONLY_READBACK,ORACLE_FINGERPRINT,6701a1b1-f4ea-408e-a041-1cdf8b427025,CONFIRMED_APPLIED,FIRED_CONFIRMED,1,1,0,,153015.0,0,0,,1
aep_full-after_response_before_resolution-notifications-bba3b040-r0,crashed,AEP_FULL,after_response_before_resolution,notifications,POSITIVE_ONLY_READBACK,ORACLE_FINGERPRINT,c025812a-f5ea-4340-91ac-d7700ef867a7,CONFIRMED_APPLIED,FIRED_CONFIRMED,1,1,0,,141446.0,0,0,,1
aep_full-after_response_before_resolution-notifications-bba3b040-r0,crashed,AEP_FULL,after_response_before_resolution,notifications,POSITIVE_ONLY_READBACK,ORACLE_FINGERPRINT,abdd7ff6-2551-4a28-b4ed-182846a5be52,CONFIRMED_APPLIED,FIRED_CONFIRMED,1,1,0,,133065.0,0,0,,1
aep_full-after_response_before_resolution-notifications-bba3b040-r0,crashed,AEP_FULL,after_response_before_resolution,notifications,POSITIVE_ONLY_READBACK,ORACLE_FINGERPRINT,57cb3f4c-4bc7-456d-85a6-50ac4c41d85a,CONFIRMED_APPLIED,FIRED_CONFIRMED,1,1,0,,166608.0,0,0,,1
aep_full-after_response_before_resolution-notifications-bba3b040-r0,crashed,AEP_FULL,after_response_before_resolution,notifications,POSITIVE_ONLY_READBACK,ORACLE_FINGERPRINT,9bc2f939-155e-416d-9d5f-2f68a54165d1,CONFIRMED_APPLIED,FIRED_CONFIRMED,1,1,0,,160539.0,0,0,,1
aep_full-after_response_before_resolution-notifications-bba3b040-r0,crashed,AEP_FULL,after_response_before_resolution,notifications,POSITIVE_ONLY_READBACK,ORACLE_FINGERPRINT,69201267-7123-48c5-a0fc-3eed94ecc49b,CONFIRMED_APPLIED,FIRED_CONFIRMED,1,1,0,,147624.0,0,0,,1
aep_full-after_response_before_resolution-notifications-bba3b040-r0,crashed,AEP_FULL,after_response_before_resolution,notifications,POSITIVE_ONLY_READBACK,ORACLE_FINGERPRINT,918fb60a-1e3a-494e-89fc-28cccb0e6a4b,CONFIRMED_APPLIED,FIRED_CONFIRMED,1,1,0,,139572.0,0,0,,1
aep_full-after_response_before_resolution-notifications-bba3b040-r0,crashed,AEP_FULL,after_response_before_resolution,notifications,POSITIVE_ONLY_READBACK,ORACLE_FINGERPRINT,c15975ba-af2b-46c0-90e1-56043764ac2d,CONFIRMED_APPLIED,FIRED_CONFIRMED,1,1,0,,130580.0,0,0,,1
aep_full-after_response_before_resolution-notifications-bba3b040-r1,crashed,AEP_FULL,after_response_before_resolution,notifications,POSITIVE_ONLY_READBACK,ORACLE_FINGERPRINT,1f3eafd2-5496-404a-ba39-fc51bde091bb,CONFIRMED_APPLIED,FIRED_CONFIRMED,1,1,0,,55174.0,0,0,,1
aep_full-after_response_before_resolution-notifications-bba3b040-r1,crashed,AEP_FULL,after_response_before_resolution,notifications,POSITIVE_ONLY_READBACK,ORACLE_FINGERPRINT,9f6a0281-01b3-4d17-a5b8-84d8eff00c2a,CONFIRMED_APPLIED,FIRED_CONFIRMED,1,1,0,,46920.0,0,0,,1
aep_full-after_response_before_resolution-notifications-bba3b040-r1,crashed,AEP_FULL,after_response_before_resolution,notifications,POSITIVE_ONLY_READBACK,ORACLE_FINGERPRINT,ae04b33d-fe3d-4d02-9511-26d2a7050eea,CONFIRMED_APPLIED,FIRED_CONFIRMED,1,1,0,,39159.0,0,0,,1
aep_full-after_response_before_resolution-notifications-bba3b040-r1,crashed,AEP_FULL,after_response_before_resolution,notifications,POSITIVE_ONLY_READBACK,ORACLE_FINGERPRINT,b688ea8f-2aed-458d-81c1-eed6276a5365,CONFIRMED_APPLIED,FIRED_CONFIRMED,1,1,0,,32912.0,0,0,,1
aep_full-after_response_before_resolution-notifications-bba3b040-r1,crashed,AEP_FULL,after_response_before_resolution,notifications,POSITIVE_ONLY_READBACK,ORACLE_FINGERPRINT,62173ce1-6e97-45d2-969c-b9432c8b492f,CONFIRMED_APPLIED,FIRED_CONFIRMED,1,1,0,,22200.0,0,0,,1
aep_full-after_response_before_resolution-notifications-bba3b040-r1,crashed,AEP_FULL,after_response_before_resolution,notifications,POSITIVE_ONLY_READBACK,ORACLE_FINGERPRINT,461fb5a8-3bf2-44b5-bff1-cf75190e7a2c,CONFIRMED_APPLIED,FIRED_CONFIRMED,1,1,0,,55190.0,0,0,,1
aep_full-after_response_before_resolution-notifications-bba3b040-r1,crashed,AEP_FULL,after_response_before_resolution,notifications,POSITIVE_ONLY_READBACK,ORACLE_FINGERPRINT,2545e9ac-bd08-4548-b045-ff67478bd289,CONFIRMED_APPLIED,FIRED_CONFIRMED,1,1,0,,46939.0,0,0,,1
aep_full-after_response_before_resolution-notifications-bba3b040-r1,crashed,AEP_FULL,after_response_before_resolution,notifications,POSITIVE_ONLY_READBACK,ORACLE_FINGERPRINT,515d6cf5-82ba-4c7d-b0ea-67fb95565a5f,CONFIRMED_APPLIED,FIRED_CONFIRMED,1,1,0,,39152.0,0,0,,1
aep_full-after_response_before_resolution-notifications-bba3b040-r1,crashed,AEP_FULL,after_response_before_resolution,notifications,POSITIVE_ONLY_READBACK,ORACLE_FINGERPRINT,6d7b5919-13ef-4ed6-8c0e-b8e30445fb2d,CONFIRMED_APPLIED,FIRED_CONFIRMED,1,1,0,,32893.0,0,0,,1
aep_full-after_response_before_resolution-notifications-bba3b040-r1,crashed,AEP_FULL,after_response_before_resolution,notifications,POSITIVE_ONLY_READBACK,ORACLE_FINGERPRINT,23c1a84b-6262-47e1-a301-0f10fd8f4c1b,CONFIRMED_APPLIED,FIRED_CONFIRMED,1,1,0,,22185.0,0,0,,1
aep_full-after_response_before_resolution-notifications-bba3b040-r10,crashed,AEP_FULL,after_response_before_resolution,notifications,POSITIVE_ONLY_READBACK,ORACLE_FINGERPRINT,bd973e4f-463c-4408-b097-8c7343de89ed,CONFIRMED_APPLIED,FIRED_CONFIRMED,1,1,0,,58029.0,0,0,,1
aep_full-after_response_before_resolution-notifications-bba3b040-r10,crashed,AEP_FULL,after_response_before_resolution,notifications,POSITIVE_ONLY_READBACK,ORACLE_FINGERPRINT,b1788e8a-6a61-4ed0-8681-acef7a21855b,CONFIRMED_APPLIED,FIRED_CONFIRMED,1,1,0,,51130.0,0,0,,1
aep_full-after_response_before_resolution-notifications-bba3b040-r10,crashed,AEP_FULL,after_response_before_resolution,notifications,POSITIVE_ONLY_READBACK,ORACLE_FINGERPRINT,83225296-b8bc-415b-b0eb-9f2f785a0936,CONFIRMED_APPLIED,FIRED_CONFIRMED,1,1,0,,41383.0,0,0,,1
aep_full-after_response_before_resolution-notifications-bba3b040-r10,crashed,AEP_FULL,after_response_before_resolution,notifications,POSITIVE_ONLY_READBACK,ORACLE_FINGERPRINT,ab52c81f-8b36-4698-b43b-3640f0273ec6,CONFIRMED_APPLIED,FIRED_CONFIRMED,1,1,0,,34029.0,0,0,,1
aep_full-after_response_before_resolution-notifications-bba3b040-r10,crashed,AEP_FULL,after_response_before_resolution,notifications,POSITIVE_ONLY_READBACK,ORACLE_FINGERPRINT,bf0ad594-20aa-41d6-8243-59f2683ec68d,CONFIRMED_APPLIED,FIRED_CONFIRMED,1,1,0,,24182.0,0,0,,1
aep_full-after_response_before_resolution-notifications-bba3b040-r10,crashed,AEP_FULL,after_response_before_resolution,notifications,POSITIVE_ONLY_READBACK,ORACLE_FINGERPRINT,744050ae-f4ac-4959-b06c-db8740607d43,CONFIRMED_APPLIED,FIRED_CONFIRMED,1,1,0,,58015.0,0,0,,1
aep_full-after_response_before_resolution-notifications-bba3b040-r10,crashed,AEP_FULL,after_response_before_resolution,notifications,POSITIVE_ONLY_READBACK,ORACLE_FINGERPRINT,b9fae0ff-5095-4eec-b595-eed724a00e2f,CONFIRMED_APPLIED,FIRED_CONFIRMED,1,1,0,,51089.0,0,0,,1
aep_full-after_response_before_resolution-notifications-bba3b040-r10,crashed,AEP_FULL,after_response_before_resolution,notifications,POSITIVE_ONLY_READBACK,ORACLE_FINGERPRINT,6c96038e-cf96-401c-8dc9-8487ddbc2e32,CONFIRMED_APPLIED,FIRED_CONFIRMED,1,1,0,,44366.0,0,0,,1
aep_full-after_response_before_resolution-notifications-bba3b040-r10,crashed,AEP_FULL,after_response_before_resolution,notifications,POSITIVE_ONLY_READBACK,ORACLE_FINGERPRINT,37f7aa24-f308-4acb-a9bc-5fdef519b60b,CONFIRMED_APPLIED,FIRED_CONFIRMED,1,1,0,,37303.0,0,0,,1
aep_full-after_response_before_resolution-notifications-bba3b040-r10,crashed,AEP_FULL,after_response_before_resolution,notifications,POSITIVE_ONLY_READBACK,ORACLE_FINGERPRINT,a3ff098d-9150-4334-b583-82f4865d0a1c,CONFIRMED_APPLIED,FIRED_CONFIRMED,1,1,0,,26935.0,0,0,,1
aep_full-after_response_before_resolution-notifications-bba3b040-r11,crashed,AEP_FULL,after_response_before_resolution,notifications,POSITIVE_ONLY_READBACK,ORACLE_FINGERPRINT,56d48cfc-9175-4350-b5c9-4ff066645237,CONFIRMED_APPLIED,FIRED_CONFIRMED,1,1,0,,53208.0,0,0,,1
aep_full-after_response_before_resolution-notifications-bba3b040-r11,crashed,AEP_FULL,after_response_before_resolution,notifications,POSITIVE_ONLY_READBACK,ORACLE_FINGERPRINT,27f01e45-24f2-4e1b-87f9-f48563d190fd,CONFIRMED_APPLIED,FIRED_CONFIRMED,1,1,0,,46010.0,0,0,,1
aep_full-after_response_before_resolution-notifications-bba3b040-r11,crashed,AEP_FULL,after_response_before_resolution,notifications,POSITIVE_ONLY_READBACK,ORACLE_FINGERPRINT,430e5867-7012-4ed7-9ec8-990769e42664,CONFIRMED_APPLIED,FIRED_CONFIRMED,1,1,0,,37803.0,0,0,,1
aep_full-after_response_before_resolution-notifications-bba3b040-r11,crashed,AEP_FULL,after_response_before_resolution,notifications,POSITIVE_ONLY_READBACK,ORACLE_FINGERPRINT,ff1e6a37-17c6-4f9f-a2ee-8958eb91769a,CONFIRMED_APPLIED,FIRED_CONFIRMED,1,1,0,,31222.0,0,0,,1
aep_full-after_response_before_resolution-notifications-bba3b040-r11,crashed,AEP_FULL,after_response_before_resolution,notifications,POSITIVE_ONLY_READBACK,ORACLE_FINGERPRINT,523aee98-1948-4157-a86f-2aa7b74b0771,CONFIRMED_APPLIED,FIRED_CONFIRMED,1,1,0,,24182.0,0,0,,1
aep_full-after_response_before_resolution-notifications-bba3b040-r11,crashed,AEP_FULL,after_response_before_resolution,notifications,POSITIVE_ONLY_READBACK,ORACLE_FINGERPRINT,dfe7db9c-4555-48d5-b69e-981e4a75a5b7,CONFIRMED_APPLIED,FIRED_CONFIRMED,1,1,0,,56153.0,0,0,,1
aep_full-after_response_before_resolution-notifications-bba3b040-r11,crashed,AEP_FULL,after_response_before_resolution,notifications,POSITIVE_ONLY_READBACK,ORACLE_FINGERPRINT,2b059021-f9b7-4553-b1ee-cb9d8ffeaec8,CONFIRMED_APPLIED,FIRED_CONFIRMED,1,1,0,,48944.0,0,0,,1
aep_full-after_response_before_resolution-notifications-bba3b040-r11,crashed,AEP_FULL,after_response_before_resolution,notifications,POSITIVE_ONLY_READBACK,ORACLE_FINGERPRINT,ffd5861c-804a-417b-82ff-86d74450e122,CONFIRMED_APPLIED,FIRED_CONFIRMED,1,1,0,,40742.0,0,0,,1
aep_full-after_response_before_resolution-notifications-bba3b040-r11,crashed,AEP_FULL,after_response_before_resolution,notifications,POSITIVE_ONLY_READBACK,ORACLE_FINGERPRINT,a7b7baf9-9de3-4ee0-8459-8a7c605c02fe,CONFIRMED_APPLIED,FIRED_CONFIRMED,1,1,0,,32873.0,0,0,,1
aep_full-after_response_before_resolution-notifications-bba3b040-r11,crashed,AEP_FULL,after_response_before_resolution,notifications,POSITIVE_ONLY_READBACK,ORACLE_FINGERPRINT,4287af15-55c1-406a-a523-adaec8c6ca38,CONFIRMED_APPLIED,FIRED_CONFIRMED,1,1,0,,25994.0,0,0,,1
aep_full-after_response_before_resolution-notifications-bba3b040-r12,crashed,AEP_FULL,after_response_before_resolution,notifications,POSITIVE_ONLY_READBACK,ORACLE_FINGERPRINT,23110a32-deb6-4637-bd63-8d35963abeba,CONFIRMED_APPLIED,FIRED_CONFIRMED,1,1,0,,154283.0,0,0,,1
aep_full-after_response_before_resolution-notifications-bba3b040-r12,crashed,AEP_FULL,after_response_before_resolution,notifications,POSITIVE_ONLY_READBACK,ORACLE_FINGERPRINT,2febe339-0c88-4e7c-afdc-b58978e7f678,CONFIRMED_APPLIED,FIRED_CONFIRMED,1,1,0,,144443.0,0,0,,1
aep_full-after_response_before_resolution-notifications-bba3b040-r12,crashed,AEP_FULL,after_response_before_resolution,notifications,POSITIVE_ONLY_READBACK,ORACLE_FINGERPRINT,3b6141b4-03db-4204-90cb-43f0b61b1043,CONFIRMED_APPLIED,FIRED_CONFIRMED,1,1,0,,136441.0,0,0,,1
aep_full-after_response_before_resolution-notifications-bba3b040-r12,crashed,AEP_FULL,after_response_before_resolution,notifications,POSITIVE_ONLY_READBACK,ORACLE_FINGERPRINT,ee9a4acd-3b4f-4a8f-bca0-9614352ce645,CONFIRMED_APPLIED,FIRED_CONFIRMED,1,1,0,,128917.0,0,0,,1
aep_full-after_response_before_resolution-notifications-bba3b040-r12,crashed,AEP_FULL,after_response_before_resolution,notifications,POSITIVE_ONLY_READBACK,ORACLE_FINGERPRINT,24c1d93c-af75-4f3a-8b03-47418c44b28b,CONFIRMED_APPLIED,FIRED_CONFIRMED,1,1,0,,121276.0,0,0,,1
aep_full-after_response_before_resolution-notifications-bba3b040-r12,crashed,AEP_FULL,after_response_before_resolution,notifications,POSITIVE_ONLY_READBACK,ORACLE_FINGERPRINT,a388c50f-415c-43d7-ae5d-63d54b37460f,CONFIRMED_APPLIED,FIRED_CONFIRMED,1,1,0,,155427.0,0,0,,1
aep_full-after_response_before_resolution-notifications-bba3b040-r12,crashed,AEP_FULL,after_response_before_resolution,notifications,POSITIVE_ONLY_READBACK,ORACLE_FINGERPRINT,a2ce6b93-077c-40ae-bcb3-24185ab5eae1,CONFIRMED_APPLIED,FIRED_CONFIRMED,1,1,0,,144421.0,0,0,,1
aep_full-after_response_before_resolution-notifications-bba3b040-r12,crashed,AEP_FULL,after_response_before_resolution,notifications,POSITIVE_ONLY_READBACK,ORACLE_FINGERPRINT,a3e19af3-43d1-4e71-b4da-3ca7e0c1c700,CONFIRMED_APPLIED,FIRED_CONFIRMED,1,1,0,,136468.0,0,0,,1
aep_full-after_response_before_resolution-notifications-bba3b040-r12,crashed,AEP_FULL,after_response_before_resolution,notifications,POSITIVE_ONLY_READBACK,ORACLE_FINGERPRINT,95ae55d5-bc4c-4dbe-a290-2fe666f54761,CONFIRMED_APPLIED,FIRED_CONFIRMED,1,1,0,,128950.0,0,0,,1
aep_full-after_response_before_resolution-notifications-bba3b040-r12,crashed,AEP_FULL,after_response_before_resolution,notifications,POSITIVE_ONLY_READBACK,ORACLE_FINGERPRINT,62945114-f653-4bdf-bfd9-1affd2e950f2,DECLARED_AMBIGUOUS,FIRED_UNCONFIRMED,0,1,0,,121312.0,0,0,,1
aep_full-after_response_before_resolution-notifications-bba3b040-r13,crashed,AEP_FULL,after_response_before_resolution,notifications,POSITIVE_ONLY_READBACK,ORACLE_FINGERPRINT,0e006a75-50ca-47b9-8a93-2e5ead5b13f0,CONFIRMED_APPLIED,FIRED_CONFIRMED,1,1,0,,58662.0,0,0,,1
aep_full-after_response_before_resolution-notifications-bba3b040-r13,crashed,AEP_FULL,after_response_before_resolution,notifications,POSITIVE_ONLY_READBACK,ORACLE_FINGERPRINT,f5bba622-5df9-4ee8-81c5-9f31ab9689f3,CONFIRMED_APPLIED,FIRED_CONFIRMED,1,1,0,,50140.0,0,0,,1
aep_full-after_response_before_resolution-notifications-bba3b040-r13,crashed,AEP_FULL,after_response_before_resolution,notifications,POSITIVE_ONLY_READBACK,ORACLE_FINGERPRINT,4bcd1f45-326f-4271-90db-b5cb00dddf84,CONFIRMED_APPLIED,FIRED_CONFIRMED,1,1,0,,41916.0,0,0,,1
aep_full-after_response_before_resolution-notifications-bba3b040-r13,crashed,AEP_FULL,after_response_before_resolution,notifications,POSITIVE_ONLY_READBACK,ORACLE_FINGERPRINT,d59c53ae-7bb2-46af-87a2-1f9ff7363944,CONFIRMED_APPLIED,FIRED_CONFIRMED,1,1,0,,32908.0,0,0,,1
aep_full-after_response_before_resolution-notifications-bba3b040-r13,crashed,AEP_FULL,after_response_before_resolution,notifications,POSITIVE_ONLY_READBACK,ORACLE_FINGERPRINT,3239fbb8-845c-44a6-988e-55ce91d08657,CONFIRMED_APPLIED,FIRED_CONFIRMED,1,1,0,,24198.0,0,0,,1
aep_full-after_response_before_resolution-notifications-bba3b040-r13,crashed,AEP_FULL,after_response_before_resolution,notifications,POSITIVE_ONLY_READBACK,ORACLE_FINGERPRINT,d0ef4ae7-e294-4b38-a28e-44955d1fe2d9,CONFIRMED_APPLIED,FIRED_CONFIRMED,1,1,0,,57992.0,0,0,,1
aep_full-after_response_before_resolution-notifications-bba3b040-r13,crashed,AEP_FULL,after_response_before_resolution,notifications,POSITIVE_ONLY_READBACK,ORACLE_FINGERPRINT,829da04e-ab68-4c98-a2af-41fe9272889e,CONFIRMED_APPLIED,FIRED_CONFIRMED,1,1,0,,49189.0,0,0,,1
aep_full-after_response_before_resolution-notifications-bba3b040-r13,crashed,AEP_FULL,after_response_before_resolution,notifications,POSITIVE_ONLY_READBACK,ORACLE_FINGERPRINT,a8c9b196-f140-4a19-91dc-3fdf01562fd4,CONFIRMED_APPLIED,FIRED_CONFIRMED,1,1,0,,41032.0,0,0,,1
aep_full-after_response_before_resolution-notifications-bba3b040-r13,crashed,AEP_FULL,after_response_before_resolution,notifications,POSITIVE_ONLY_READBACK,ORACLE_FINGERPRINT,db66d15c-4ce4-4391-a6bd-3fe9e2a250aa,CONFIRMED_APPLIED,FIRED_CONFIRMED,1,1,0,,32426.0,0,0,,1
aep_full-after_response_before_resolution-notifications-bba3b040-r13,crashed,AEP_FULL,after_response_before_resolution,notifications,POSITIVE_ONLY_READBACK,ORACLE_FINGERPRINT,16b1f0e0-d1a9-4be1-b304-9bea50848f70,CONFIRMED_APPLIED,FIRED_CONFIRMED,1,1,0,,24217.0,0,0,,1
aep_full-after_response_before_resolution-notifications-bba3b040-r14,crashed,AEP_FULL,after_response_before_resolution,notifications,POSITIVE_ONLY_READBACK,ORACLE_FINGERPRINT,b9b7e30d-2337-4e48-8900-050053f65211,CONFIRMED_APPLIED,FIRED_CONFIRMED,1,1,0,,158176.0,0,0,,1
aep_full-after_response_before_resolution-notifications-bba3b040-r14,crashed,AEP_FULL,after_response_before_resolution,notifications,POSITIVE_ONLY_READBACK,ORACLE_FINGERPRINT,bb1ddded-d2ec-4882-825e-e4963cba2c44,CONFIRMED_APPLIED,FIRED_CONFIRMED,1,1,0,,148955.0,0,0,,1
aep_full-after_response_before_resolution-notifications-bba3b040-r14,crashed,AEP_FULL,after_response_before_resolution,notifications,POSITIVE_ONLY_READBACK,ORACLE_FINGERPRINT,72cc30cb-671d-45e7-a371-c1aecacb385a,CONFIRMED_APPLIED,FIRED_CONFIRMED,1,1,0,,136947.0,0,0,,1
aep_full-after_response_before_resolution-notifications-bba3b040-r14,crashed,AEP_FULL,after_response_before_resolution,notifications,POSITIVE_ONLY_READBACK,ORACLE_FINGERPRINT,5f8378ae-687d-4745-a61f-ba9261bab7a7,DECLARED_AMBIGUOUS,FIRED_UNCONFIRMED,0,1,0,,128969.0,0,0,,1
aep_full-after_response_before_resolution-notifications-bba3b040-r14,crashed,AEP_FULL,after_response_before_resolution,notifications,POSITIVE_ONLY_READBACK,ORACLE_FINGERPRINT,8969b319-0204-4b0d-bdd3-198c8bcde053,CONFIRMED_APPLIED,FIRED_CONFIRMED,1,1,0,,121005.0,0,0,,1
aep_full-after_response_before_resolution-notifications-bba3b040-r14,crashed,AEP_FULL,after_response_before_resolution,notifications,POSITIVE_ONLY_READBACK,ORACLE_FINGERPRINT,d28c7990-03b0-4f5c-adf1-5394f7996f8d,CONFIRMED_APPLIED,FIRED_CONFIRMED,1,1,0,,158849.0,0,0,,1
aep_full-after_response_before_resolution-notifications-bba3b040-r14,crashed,AEP_FULL,after_response_before_resolution,notifications,POSITIVE_ONLY_READBACK,ORACLE_FINGERPRINT,bcd6a3f5-667b-44b4-9b5f-0fd3e9aa0fc2,CONFIRMED_APPLIED,FIRED_CONFIRMED,1,1,0,,150158.0,0,0,,1
aep_full-after_response_before_resolution-notifications-bba3b040-r14,crashed,AEP_FULL,after_response_before_resolution,notifications,POSITIVE_ONLY_READBACK,ORACLE_FINGERPRINT,79213387-afa2-4643-922f-c22de6c4c1cd,CONFIRMED_APPLIED,FIRED_CONFIRMED,1,1,0,,141769.0,0,0,,1
aep_full-after_response_before_resolution-notifications-bba3b040-r14,crashed,AEP_FULL,after_response_before_resolution,notifications,POSITIVE_ONLY_READBACK,ORACLE_FINGERPRINT,d2851327-9d32-4370-939f-a1e7816d5050,CONFIRMED_APPLIED,FIRED_CONFIRMED,1,1,0,,132897.0,0,0,,1
aep_full-after_response_before_resolution-notifications-bba3b040-r14,crashed,AEP_FULL,after_response_before_resolution,notifications,POSITIVE_ONLY_READBACK,ORACLE_FINGERPRINT,9ecc8f44-bd87-4a0a-b8ea-94feb4b8e973,CONFIRMED_APPLIED,FIRED_CONFIRMED,1,1,0,,124992.0,0,0,,1
aep_full-after_response_before_resolution-notifications-bba3b040-r2,crashed,AEP_FULL,after_response_before_resolution,notifications,POSITIVE_ONLY_READBACK,ORACLE_FINGERPRINT,d952b327-6eee-4d15-ba0f-7d225c6b79a6,CONFIRMED_APPLIED,FIRED_CONFIRMED,1,1,0,,67959.0,0,0,,1
aep_full-after_response_before_resolution-notifications-bba3b040-r2,crashed,AEP_FULL,after_response_before_resolution,notifications,POSITIVE_ONLY_READBACK,ORACLE_FINGERPRINT,4c5a5843-4fe4-4deb-8cc9-e6dd2261d83c,CONFIRMED_APPLIED,FIRED_CONFIRMED,1,1,0,,58587.0,0,0,,1
aep_full-after_response_before_resolution-notifications-bba3b040-r2,crashed,AEP_FULL,after_response_before_resolution,notifications,POSITIVE_ONLY_READBACK,ORACLE_FINGERPRINT,72d76e98-0a8e-49e4-9af0-45b3b7aa166a,CONFIRMED_APPLIED,FIRED_CONFIRMED,1,1,0,,42720.0,0,0,,1
aep_full-after_response_before_resolution-notifications-bba3b040-r2,crashed,AEP_FULL,after_response_before_resolution,notifications,POSITIVE_ONLY_READBACK,ORACLE_FINGERPRINT,ef90bc9d-abf9-497d-bcbc-86a750d20a74,CONFIRMED_APPLIED,FIRED_CONFIRMED,1,1,0,,33643.0,0,0,,1
aep_full-after_response_before_resolution-notifications-bba3b040-r2,crashed,AEP_FULL,after_response_before_resolution,notifications,POSITIVE_ONLY_READBACK,ORACLE_FINGERPRINT,e32d1564-b0f9-49f4-b13c-e1cc8589dd78,CONFIRMED_APPLIED,FIRED_CONFIRMED,1,1,0,,24036.0,0,0,,1
aep_full-after_response_before_resolution-notifications-bba3b040-r2,crashed,AEP_FULL,after_response_before_resolution,notifications,POSITIVE_ONLY_READBACK,ORACLE_FINGERPRINT,04b8f258-043b-454c-a5e1-d66aa0da011a,CONFIRMED_APPLIED,FIRED_CONFIRMED,1,1,0,,72496.0,0,0,,1
aep_full-after_response_before_resolution-notifications-bba3b040-r2,crashed,AEP_FULL,after_response_before_resolution,notifications,POSITIVE_ONLY_READBACK,ORACLE_FINGERPRINT,daebe28b-1331-407a-8b23-f0bc89dd9e6f,CONFIRMED_APPLIED,FIRED_CONFIRMED,1,1,0,,63662.0,0,0,,1
aep_full-after_response_before_resolution-notifications-bba3b040-r2,crashed,AEP_FULL,after_response_before_resolution,notifications,POSITIVE_ONLY_READBACK,ORACLE_FINGERPRINT,93d9cf17-19cb-4298-8632-1ae5d57e87ae,CONFIRMED_APPLIED,FIRED_CONFIRMED,1,1,0,,50940.0,0,0,,1
aep_full-after_response_before_resolution-notifications-bba3b040-r2,crashed,AEP_FULL,after_response_before_resolution,notifications,POSITIVE_ONLY_READBACK,ORACLE_FINGERPRINT,ca06d5b4-27e6-4a12-8190-df8d0c1ef88a,CONFIRMED_APPLIED,FIRED_CONFIRMED,1,1,0,,34776.0,0,0,,1
aep_full-after_response_before_resolution-notifications-bba3b040-r2,crashed,AEP_FULL,after_response_before_resolution,notifications,POSITIVE_ONLY_READBACK,ORACLE_FINGERPRINT,04338fdf-1d15-4770-93f5-54ed1f264d6a,CONFIRMED_APPLIED,FIRED_CONFIRMED,1,1,0,,21050.0,0,0,,1
aep_full-after_response_before_resolution-notifications-bba3b040-r3,crashed,AEP_FULL,after_response_before_resolution,notifications,POSITIVE_ONLY_READBACK,ORACLE_FINGERPRINT,233e173c-e857-4baf-9e9a-a0e9220dc8ab,CONFIRMED_APPLIED,FIRED_CONFIRMED,1,1,0,,60197.0,0,0,,1
aep_full-after_response_before_resolution-notifications-bba3b040-r3,crashed,AEP_FULL,after_response_before_resolution,notifications,POSITIVE_ONLY_READBACK,ORACLE_FINGERPRINT,ec89bfdb-2eb1-4033-8cbb-df7c1b1441b9,CONFIRMED_APPLIED,FIRED_CONFIRMED,1,1,0,,51215.0,0,0,,1
aep_full-after_response_before_resolution-notifications-bba3b040-r3,crashed,AEP_FULL,after_response_before_resolution,notifications,POSITIVE_ONLY_READBACK,ORACLE_FINGERPRINT,57130921-1043-4e06-8596-d5ec3f92f83e,CONFIRMED_APPLIED,FIRED_CONFIRMED,1,1,0,,41176.0,0,0,,1
aep_full-after_response_before_resolution-notifications-bba3b040-r3,crashed,AEP_FULL,after_response_before_resolution,notifications,POSITIVE_ONLY_READBACK,ORACLE_FINGERPRINT,652e80e4-2561-412a-81da-392ccc081100,CONFIRMED_APPLIED,FIRED_CONFIRMED,1,1,0,,32128.0,0,0,,1
aep_full-after_response_before_resolution-notifications-bba3b040-r3,crashed,AEP_FULL,after_response_before_resolution,notifications,POSITIVE_ONLY_READBACK,ORACLE_FINGERPRINT,fb21461e-d971-4fef-b716-fb11d4cbf942,CONFIRMED_APPLIED,FIRED_CONFIRMED,1,1,0,,25211.0,0,0,,1
aep_full-after_response_before_resolution-notifications-bba3b040-r3,crashed,AEP_FULL,after_response_before_resolution,notifications,POSITIVE_ONLY_READBACK,ORACLE_FINGERPRINT,2f9ce133-34bb-4669-889f-ff90f196ae6a,CONFIRMED_APPLIED,FIRED_CONFIRMED,1,1,0,,60184.0,0,0,,1
aep_full-after_response_before_resolution-notifications-bba3b040-r3,crashed,AEP_FULL,after_response_before_resolution,notifications,POSITIVE_ONLY_READBACK,ORACLE_FINGERPRINT,1759f937-abdd-44fe-bff3-d4633ba2af3b,CONFIRMED_APPLIED,FIRED_CONFIRMED,1,1,0,,54209.0,0,0,,1
aep_full-after_response_before_resolution-notifications-bba3b040-r3,crashed,AEP_FULL,after_response_before_resolution,notifications,POSITIVE_ONLY_READBACK,ORACLE_FINGERPRINT,7f64536e-025d-4517-a284-3e2543eadc0c,CONFIRMED_APPLIED,FIRED_CONFIRMED,1,1,0,,44860.0,0,0,,1
aep_full-after_response_before_resolution-notifications-bba3b040-r3,crashed,AEP_FULL,after_response_before_resolution,notifications,POSITIVE_ONLY_READBACK,ORACLE_FINGERPRINT,007f80e6-12cc-427e-a256-e3eb361af785,CONFIRMED_APPLIED,FIRED_CONFIRMED,1,1,0,,38135.0,0,0,,1
aep_full-after_response_before_resolution-notifications-bba3b040-r3,crashed,AEP_FULL,after_response_before_resolution,notifications,POSITIVE_ONLY_READBACK,ORACLE_FINGERPRINT,506ed5e7-c403-49fa-956a-dd18cdfb48fc,CONFIRMED_APPLIED,FIRED_CONFIRMED,1,1,0,,30880.0,0,0,,1
aep_full-after_response_before_resolution-notifications-bba3b040-r4,crashed,AEP_FULL,after_response_before_resolution,notifications,POSITIVE_ONLY_READBACK,ORACLE_FINGERPRINT,4ff94979-73ee-4b3d-8674-d11403a674e4,CONFIRMED_APPLIED,FIRED_CONFIRMED,1,1,0,,49954.0,0,0,,1
aep_full-after_response_before_resolution-notifications-bba3b040-r4,crashed,AEP_FULL,after_response_before_resolution,notifications,POSITIVE_ONLY_READBACK,ORACLE_FINGERPRINT,300150b8-b217-42f0-a1af-826125d9ae9b,CONFIRMED_APPLIED,FIRED_CONFIRMED,1,1,0,,45036.0,0,0,,1
aep_full-after_response_before_resolution-notifications-bba3b040-r4,crashed,AEP_FULL,after_response_before_resolution,notifications,POSITIVE_ONLY_READBACK,ORACLE_FINGERPRINT,afff95df-585b-4d1f-bc1a-efe9d3179bde,CONFIRMED_APPLIED,FIRED_CONFIRMED,1,1,0,,37026.0,0,0,,1
aep_full-after_response_before_resolution-notifications-bba3b040-r4,crashed,AEP_FULL,after_response_before_resolution,notifications,POSITIVE_ONLY_READBACK,ORACLE_FINGERPRINT,c2d4ffc4-b449-44b7-a15b-5226bd2e607b,CONFIRMED_APPLIED,FIRED_CONFIRMED,1,1,0,,32163.0,0,0,,1
aep_full-after_response_before_resolution-notifications-bba3b040-r4,crashed,AEP_FULL,after_response_before_resolution,notifications,POSITIVE_ONLY_READBACK,ORACLE_FINGERPRINT,aa100179-e72d-4aea-9c80-88827ef29557,CONFIRMED_APPLIED,FIRED_CONFIRMED,1,1,0,,27192.0,0,0,,1
aep_full-after_response_before_resolution-notifications-bba3b040-r4,crashed,AEP_FULL,after_response_before_resolution,notifications,POSITIVE_ONLY_READBACK,ORACLE_FINGERPRINT,7a65472a-0bc4-4028-83e8-4463dea79a27,CONFIRMED_APPLIED,FIRED_CONFIRMED,1,1,0,,49966.0,0,0,,1
aep_full-after_response_before_resolution-notifications-bba3b040-r4,crashed,AEP_FULL,after_response_before_resolution,notifications,POSITIVE_ONLY_READBACK,ORACLE_FINGERPRINT,4aedd622-2eb5-4001-bc4b-8d648a7f27bf,CONFIRMED_APPLIED,FIRED_CONFIRMED,1,1,0,,45052.0,0,0,,1
aep_full-after_response_before_resolution-notifications-bba3b040-r4,crashed,AEP_FULL,after_response_before_resolution,notifications,POSITIVE_ONLY_READBACK,ORACLE_FINGERPRINT,d6cdb14b-f2b9-4407-ab5d-00d1d4de27c4,CONFIRMED_APPLIED,FIRED_CONFIRMED,1,1,0,,37039.0,0,0,,1
aep_full-after_response_before_resolution-notifications-bba3b040-r4,crashed,AEP_FULL,after_response_before_resolution,notifications,POSITIVE_ONLY_READBACK,ORACLE_FINGERPRINT,e5c491cc-19b0-4c07-a688-f7eb36aefc7e,CONFIRMED_APPLIED,FIRED_CONFIRMED,1,1,0,,32151.0,0,0,,1
aep_full-after_response_before_resolution-notifications-bba3b040-r4,crashed,AEP_FULL,after_response_before_resolution,notifications,POSITIVE_ONLY_READBACK,ORACLE_FINGERPRINT,dfc55232-d4b4-4bd9-ae37-10849116c5d4,CONFIRMED_APPLIED,FIRED_CONFIRMED,1,1,0,,27174.0,0,0,,1
aep_full-after_response_before_resolution-notifications-bba3b040-r5,crashed,AEP_FULL,after_response_before_resolution,notifications,POSITIVE_ONLY_READBACK,ORACLE_FINGERPRINT,79900298-482a-42bc-b466-2e8da4768111,CONFIRMED_APPLIED,FIRED_CONFIRMED,1,1,0,,158152.0,0,0,,1
aep_full-after_response_before_resolution-notifications-bba3b040-r5,crashed,AEP_FULL,after_response_before_resolution,notifications,POSITIVE_ONLY_READBACK,ORACLE_FINGERPRINT,92cc4b6a-d28f-47c6-8268-050e2041ff28,CONFIRMED_APPLIED,FIRED_CONFIRMED,1,1,0,,151600.0,0,0,,1
aep_full-after_response_before_resolution-notifications-bba3b040-r5,crashed,AEP_FULL,after_response_before_resolution,notifications,POSITIVE_ONLY_READBACK,ORACLE_FINGERPRINT,4bd7dd60-807c-4beb-aff0-07a81c982871,CONFIRMED_APPLIED,FIRED_CONFIRMED,1,1,0,,145472.0,0,0,,1
aep_full-after_response_before_resolution-notifications-bba3b040-r5,crashed,AEP_FULL,after_response_before_resolution,notifications,POSITIVE_ONLY_READBACK,ORACLE_FINGERPRINT,e2607a52-057d-4fd1-9846-49069d05e7a2,CONFIRMED_APPLIED,FIRED_CONFIRMED,1,1,0,,137759.0,0,0,,1
aep_full-after_response_before_resolution-notifications-bba3b040-r5,crashed,AEP_FULL,after_response_before_resolution,notifications,POSITIVE_ONLY_READBACK,ORACLE_FINGERPRINT,d7dd2980-fb65-41b5-b84a-02c3d6daff9a,CONFIRMED_APPLIED,FIRED_CONFIRMED,1,1,0,,131506.0,0,0,,1
aep_full-after_response_before_resolution-notifications-bba3b040-r5,crashed,AEP_FULL,after_response_before_resolution,notifications,POSITIVE_ONLY_READBACK,ORACLE_FINGERPRINT,5e7d021b-fc80-4e84-a62e-b159bc4c9e50,CONFIRMED_APPLIED,FIRED_CONFIRMED,1,1,0,,158168.0,0,0,,1
aep_full-after_response_before_resolution-notifications-bba3b040-r5,crashed,AEP_FULL,after_response_before_resolution,notifications,POSITIVE_ONLY_READBACK,ORACLE_FINGERPRINT,b4c086af-ee98-470b-8b56-f284d6da630b,CONFIRMED_APPLIED,FIRED_CONFIRMED,1,1,0,,151591.0,0,0,,1
aep_full-after_response_before_resolution-notifications-bba3b040-r5,crashed,AEP_FULL,after_response_before_resolution,notifications,POSITIVE_ONLY_READBACK,ORACLE_FINGERPRINT,3b480f30-35a0-4730-879f-6e48cd044c42,DECLARED_AMBIGUOUS,FIRED_UNCONFIRMED,0,1,0,,145492.0,0,0,,1
aep_full-after_response_before_resolution-notifications-bba3b040-r5,crashed,AEP_FULL,after_response_before_resolution,notifications,POSITIVE_ONLY_READBACK,ORACLE_FINGERPRINT,62fc476a-5cea-48fb-8426-1c4a57417e59,CONFIRMED_APPLIED,FIRED_CONFIRMED,1,1,0,,137751.0,0,0,,1
aep_full-after_response_before_resolution-notifications-bba3b040-r5,crashed,AEP_FULL,after_response_before_resolution,notifications,POSITIVE_ONLY_READBACK,ORACLE_FINGERPRINT,5d260827-ed81-4dba-85cf-1b9edb232e38,CONFIRMED_APPLIED,FIRED_CONFIRMED,1,1,0,,131496.0,0,0,,1
aep_full-after_response_before_resolution-notifications-bba3b040-r6,crashed,AEP_FULL,after_response_before_resolution,notifications,POSITIVE_ONLY_READBACK,ORACLE_FINGERPRINT,d2a5cc17-84a6-4db6-b507-30c4435711cb,CONFIRMED_APPLIED,FIRED_CONFIRMED,1,1,0,,154845.0,0,0,,1
aep_full-after_response_before_resolution-notifications-bba3b040-r6,crashed,AEP_FULL,after_response_before_resolution,notifications,POSITIVE_ONLY_READBACK,ORACLE_FINGERPRINT,3fd93a43-86d3-41c2-b2f2-6740cd85111d,CONFIRMED_APPLIED,FIRED_CONFIRMED,1,1,0,,149850.0,0,0,,1
aep_full-after_response_before_resolution-notifications-bba3b040-r6,crashed,AEP_FULL,after_response_before_resolution,notifications,POSITIVE_ONLY_READBACK,ORACLE_FINGERPRINT,1189a9f6-8c74-477d-9d77-8f32beb656a4,CONFIRMED_APPLIED,FIRED_CONFIRMED,1,1,0,,144831.0,0,0,,1
aep_full-after_response_before_resolution-notifications-bba3b040-r6,crashed,AEP_FULL,after_response_before_resolution,notifications,POSITIVE_ONLY_READBACK,ORACLE_FINGERPRINT,6f0030f5-f42b-4455-a65a-d9bebe8b04b1,CONFIRMED_APPLIED,FIRED_CONFIRMED,1,1,0,,139900.0,0,0,,1
aep_full-after_response_before_resolution-notifications-bba3b040-r6,crashed,AEP_FULL,after_response_before_resolution,notifications,POSITIVE_ONLY_READBACK,ORACLE_FINGERPRINT,7f4e81e6-98ce-450c-8cef-bacb659f1fa8,CONFIRMED_APPLIED,FIRED_CONFIRMED,1,1,0,,131910.0,0,0,,1
aep_full-after_response_before_resolution-notifications-bba3b040-r6,crashed,AEP_FULL,after_response_before_resolution,notifications,POSITIVE_ONLY_READBACK,ORACLE_FINGERPRINT,e5184202-3190-4aa0-a1d5-8c4f21774654,CONFIRMED_APPLIED,FIRED_CONFIRMED,1,1,0,,154865.0,0,0,,1
aep_full-after_response_before_resolution-notifications-bba3b040-r6,crashed,AEP_FULL,after_response_before_resolution,notifications,POSITIVE_ONLY_READBACK,ORACLE_FINGERPRINT,cbe4a7fa-b81e-4cd8-b7d9-9aa151202df7,CONFIRMED_APPLIED,FIRED_CONFIRMED,1,1,0,,149869.0,0,0,,1
aep_full-after_response_before_resolution-notifications-bba3b040-r6,crashed,AEP_FULL,after_response_before_resolution,notifications,POSITIVE_ONLY_READBACK,ORACLE_FINGERPRINT,432051d4-736f-48a3-bd6f-71dce3aaf28e,CONFIRMED_APPLIED,FIRED_CONFIRMED,1,1,0,,144845.0,0,0,,1
aep_full-after_response_before_resolution-notifications-bba3b040-r6,crashed,AEP_FULL,after_response_before_resolution,notifications,POSITIVE_ONLY_READBACK,ORACLE_FINGERPRINT,e9780afd-fc73-4aaf-b499-b422267169b4,DECLARED_AMBIGUOUS,FIRED_UNCONFIRMED,0,1,0,,139917.0,0,0,,1
aep_full-after_response_before_resolution-notifications-bba3b040-r6,crashed,AEP_FULL,after_response_before_resolution,notifications,POSITIVE_ONLY_READBACK,ORACLE_FINGERPRINT,0625d91d-9acb-4531-bd29-6347821ce7d2,CONFIRMED_APPLIED,FIRED_CONFIRMED,1,1,0,,131901.0,0,0,,1
aep_full-after_response_before_resolution-notifications-bba3b040-r7,crashed,AEP_FULL,after_response_before_resolution,notifications,POSITIVE_ONLY_READBACK,ORACLE_FINGERPRINT,214313aa-349b-42d9-897d-6d42aaa83168,CONFIRMED_APPLIED,FIRED_CONFIRMED,1,1,0,,173537.0,0,0,,1
aep_full-after_response_before_resolution-notifications-bba3b040-r7,crashed,AEP_FULL,after_response_before_resolution,notifications,POSITIVE_ONLY_READBACK,ORACLE_FINGERPRINT,890df325-2145-4de1-be00-bc8bf3fe9659,CONFIRMED_APPLIED,FIRED_CONFIRMED,1,1,0,,163094.0,0,0,,1
aep_full-after_response_before_resolution-notifications-bba3b040-r7,crashed,AEP_FULL,after_response_before_resolution,notifications,POSITIVE_ONLY_READBACK,ORACLE_FINGERPRINT,34d85de6-f43e-47cd-88bc-0584ac1eab39,CONFIRMED_APPLIED,FIRED_CONFIRMED,1,1,0,,152134.0,0,0,,1
aep_full-after_response_before_resolution-notifications-bba3b040-r7,crashed,AEP_FULL,after_response_before_resolution,notifications,POSITIVE_ONLY_READBACK,ORACLE_FINGERPRINT,9b5c522f-14b4-4232-bef5-c73a63a830be,CONFIRMED_APPLIED,FIRED_CONFIRMED,1,1,0,,143030.0,0,0,,1
aep_full-after_response_before_resolution-notifications-bba3b040-r7,crashed,AEP_FULL,after_response_before_resolution,notifications,POSITIVE_ONLY_READBACK,ORACLE_FINGERPRINT,8be364a8-2953-42f4-a1ba-fe7390becbdc,CONFIRMED_APPLIED,FIRED_CONFIRMED,1,1,0,,136445.0,0,0,,1
aep_full-after_response_before_resolution-notifications-bba3b040-r7,crashed,AEP_FULL,after_response_before_resolution,notifications,POSITIVE_ONLY_READBACK,ORACLE_FINGERPRINT,08882054-3a10-42a3-bc79-032ded821c13,CONFIRMED_APPLIED,FIRED_CONFIRMED,1,1,0,,173540.0,0,0,,1
aep_full-after_response_before_resolution-notifications-bba3b040-r7,crashed,AEP_FULL,after_response_before_resolution,notifications,POSITIVE_ONLY_READBACK,ORACLE_FINGERPRINT,1b7e2e96-6fe6-43f0-b6fe-18a313cedb7c,CONFIRMED_APPLIED,FIRED_CONFIRMED,1,1,0,,160154.0,0,0,,1
aep_full-after_response_before_resolution-notifications-bba3b040-r7,crashed,AEP_FULL,after_response_before_resolution,notifications,POSITIVE_ONLY_READBACK,ORACLE_FINGERPRINT,44ad8173-a176-4626-a6c2-28aefc417e47,CONFIRMED_APPLIED,FIRED_CONFIRMED,1,1,0,,150342.0,0,0,,1
aep_full-after_response_before_resolution-notifications-bba3b040-r7,crashed,AEP_FULL,after_response_before_resolution,notifications,POSITIVE_ONLY_READBACK,ORACLE_FINGERPRINT,b78ab171-7bc1-4e8a-b6c2-ecc6dfc48a18,DECLARED_AMBIGUOUS,FIRED_UNCONFIRMED,0,1,0,,141518.0,0,0,,1
aep_full-after_response_before_resolution-notifications-bba3b040-r7,crashed,AEP_FULL,after_response_before_resolution,notifications,POSITIVE_ONLY_READBACK,ORACLE_FINGERPRINT,3f74bc70-4353-45b8-a613-305756480685,CONFIRMED_APPLIED,FIRED_CONFIRMED,1,1,0,,134417.0,0,0,,1
aep_full-after_response_before_resolution-notifications-bba3b040-r8,crashed,AEP_FULL,after_response_before_resolution,notifications,POSITIVE_ONLY_READBACK,ORACLE_FINGERPRINT,d0c0b28d-7cea-4780-a50c-ae438ae51fca,CONFIRMED_APPLIED,FIRED_CONFIRMED,1,1,0,,82845.0,0,0,,1
aep_full-after_response_before_resolution-notifications-bba3b040-r8,crashed,AEP_FULL,after_response_before_resolution,notifications,POSITIVE_ONLY_READBACK,ORACLE_FINGERPRINT,7f6c76a7-f3b1-48fb-ad4d-f8a50edec8cf,CONFIRMED_APPLIED,FIRED_CONFIRMED,1,1,0,,67209.0,0,0,,1
aep_full-after_response_before_resolution-notifications-bba3b040-r8,crashed,AEP_FULL,after_response_before_resolution,notifications,POSITIVE_ONLY_READBACK,ORACLE_FINGERPRINT,19ea6a3a-317a-4b5d-b644-c9e6525a4e4c,CONFIRMED_APPLIED,FIRED_CONFIRMED,1,1,0,,54749.0,0,0,,1
aep_full-after_response_before_resolution-notifications-bba3b040-r8,crashed,AEP_FULL,after_response_before_resolution,notifications,POSITIVE_ONLY_READBACK,ORACLE_FINGERPRINT,2f38f04d-c364-4488-8b24-02fd4fc11210,CONFIRMED_APPLIED,FIRED_CONFIRMED,1,1,0,,41220.0,0,0,,1
aep_full-after_response_before_resolution-notifications-bba3b040-r8,crashed,AEP_FULL,after_response_before_resolution,notifications,POSITIVE_ONLY_READBACK,ORACLE_FINGERPRINT,5fc8573e-45a5-4ae1-9559-ac9128d21ec4,CONFIRMED_APPLIED,FIRED_CONFIRMED,1,1,0,,29060.0,0,0,,1
aep_full-after_response_before_resolution-notifications-bba3b040-r8,crashed,AEP_FULL,after_response_before_resolution,notifications,POSITIVE_ONLY_READBACK,ORACLE_FINGERPRINT,ed06e2d4-d2f9-4f01-866d-ab29d8496d28,CONFIRMED_APPLIED,FIRED_CONFIRMED,1,1,0,,81385.0,0,0,,1
aep_full-after_response_before_resolution-notifications-bba3b040-r8,crashed,AEP_FULL,after_response_before_resolution,notifications,POSITIVE_ONLY_READBACK,ORACLE_FINGERPRINT,1e88e681-8af5-4667-b87b-1dedc363dd98,CONFIRMED_APPLIED,FIRED_CONFIRMED,1,1,0,,64786.0,0,0,,1
aep_full-after_response_before_resolution-notifications-bba3b040-r8,crashed,AEP_FULL,after_response_before_resolution,notifications,POSITIVE_ONLY_READBACK,ORACLE_FINGERPRINT,c0365755-a11a-46d4-b622-e6b47d165f83,CONFIRMED_APPLIED,FIRED_CONFIRMED,1,1,0,,52305.0,0,0,,1
aep_full-after_response_before_resolution-notifications-bba3b040-r8,crashed,AEP_FULL,after_response_before_resolution,notifications,POSITIVE_ONLY_READBACK,ORACLE_FINGERPRINT,e0c7cd52-ab51-4d04-982f-e668a7f68e93,CONFIRMED_APPLIED,FIRED_CONFIRMED,1,1,0,,39292.0,0,0,,1
aep_full-after_response_before_resolution-notifications-bba3b040-r8,crashed,AEP_FULL,after_response_before_resolution,notifications,POSITIVE_ONLY_READBACK,ORACLE_FINGERPRINT,0cf0af8d-6ec6-42eb-8d30-23b75844f078,CONFIRMED_APPLIED,FIRED_CONFIRMED,1,1,0,,22949.0,0,0,,1
aep_full-after_response_before_resolution-notifications-bba3b040-r9,crashed,AEP_FULL,after_response_before_resolution,notifications,POSITIVE_ONLY_READBACK,ORACLE_FINGERPRINT,9fc4bda3-ddb7-4af3-98b6-93c75231a156,CONFIRMED_APPLIED,FIRED_CONFIRMED,1,1,0,,164470.0,0,0,,1
aep_full-after_response_before_resolution-notifications-bba3b040-r9,crashed,AEP_FULL,after_response_before_resolution,notifications,POSITIVE_ONLY_READBACK,ORACLE_FINGERPRINT,4e6112c7-5d8a-4e9c-b9ba-3f5e76913265,CONFIRMED_APPLIED,FIRED_CONFIRMED,1,1,0,,157344.0,0,0,,1
aep_full-after_response_before_resolution-notifications-bba3b040-r9,crashed,AEP_FULL,after_response_before_resolution,notifications,POSITIVE_ONLY_READBACK,ORACLE_FINGERPRINT,74e90bd0-33f2-49b8-81e7-dca0edd79f80,CONFIRMED_APPLIED,FIRED_CONFIRMED,1,1,0,,147361.0,0,0,,1
aep_full-after_response_before_resolution-notifications-bba3b040-r9,crashed,AEP_FULL,after_response_before_resolution,notifications,POSITIVE_ONLY_READBACK,ORACLE_FINGERPRINT,255580a1-e24b-46d1-96b3-f7197b8d908d,CONFIRMED_APPLIED,FIRED_CONFIRMED,1,1,0,,141604.0,0,0,,1
aep_full-after_response_before_resolution-notifications-bba3b040-r9,crashed,AEP_FULL,after_response_before_resolution,notifications,POSITIVE_ONLY_READBACK,ORACLE_FINGERPRINT,87aa8e68-1449-495e-8ef6-35a823df123a,CONFIRMED_APPLIED,FIRED_CONFIRMED,1,1,0,,134495.0,0,0,,1
aep_full-after_response_before_resolution-notifications-bba3b040-r9,crashed,AEP_FULL,after_response_before_resolution,notifications,POSITIVE_ONLY_READBACK,ORACLE_FINGERPRINT,a654bfb1-8282-4321-9faf-44d43c236f2b,CONFIRMED_APPLIED,FIRED_CONFIRMED,1,1,0,,163041.0,0,0,,1
aep_full-after_response_before_resolution-notifications-bba3b040-r9,crashed,AEP_FULL,after_response_before_resolution,notifications,POSITIVE_ONLY_READBACK,ORACLE_FINGERPRINT,00b28e50-7814-456c-943b-bd42f9e57446,CONFIRMED_APPLIED,FIRED_CONFIRMED,1,1,0,,155552.0,0,0,,1
aep_full-after_response_before_resolution-notifications-bba3b040-r9,crashed,AEP_FULL,after_response_before_resolution,notifications,POSITIVE_ONLY_READBACK,ORACLE_FINGERPRINT,9d38c6d6-0893-4818-97d0-e775f0b8a937,CONFIRMED_APPLIED,FIRED_CONFIRMED,1,1,0,,145582.0,0,0,,1
aep_full-after_response_before_resolution-notifications-bba3b040-r9,crashed,AEP_FULL,after_response_before_resolution,notifications,POSITIVE_ONLY_READBACK,ORACLE_FINGERPRINT,42f7fc8f-ef71-45aa-9a02-a1972030444c,CONFIRMED_APPLIED,FIRED_CONFIRMED,1,1,0,,139581.0,0,0,,1
aep_full-after_response_before_resolution-notifications-bba3b040-r9,crashed,AEP_FULL,after_response_before_resolution,notifications,POSITIVE_ONLY_READBACK,ORACLE_FINGERPRINT,ec2d7278-c750-48d3-b19e-6d844ce33b15,DECLARED_AMBIGUOUS,FIRED_UNCONFIRMED,0,1,0,,132567.0,0,0,,1
aep_full-after_response_before_resolution-payments-b1bc019d-r0,crashed,AEP_FULL,after_response_before_resolution,payments,AUTHORITATIVE_READBACK,ORACLE_FINGERPRINT,b3c68319-6109-49d3-ac8d-599f998a290b,CONFIRMED_APPLIED,FIRED_CONFIRMED,1,1,0,,66650.0,0,0,,1
aep_full-after_response_before_resolution-payments-b1bc019d-r0,crashed,AEP_FULL,after_response_before_resolution,payments,AUTHORITATIVE_READBACK,ORACLE_FINGERPRINT,a0a56474-410b-47dd-9706-1261c3d6b142,CONFIRMED_APPLIED,FIRED_CONFIRMED,1,1,0,,56805.0,0,0,,1
aep_full-after_response_before_resolution-payments-b1bc019d-r0,crashed,AEP_FULL,after_response_before_resolution,payments,AUTHORITATIVE_READBACK,ORACLE_FINGERPRINT,c9490f04-2b9b-4b64-acff-4df3c51c5e63,CONFIRMED_APPLIED,FIRED_CONFIRMED,1,1,0,,46679.0,0,0,,1
aep_full-after_response_before_resolution-payments-b1bc019d-r0,crashed,AEP_FULL,after_response_before_resolution,payments,AUTHORITATIVE_READBACK,ORACLE_FINGERPRINT,52bfc43c-4885-4dcd-88d9-1e47d8751958,CONFIRMED_APPLIED,FIRED_CONFIRMED,1,1,0,,35064.0,0,0,,1
aep_full-after_response_before_resolution-payments-b1bc019d-r0,crashed,AEP_FULL,after_response_before_resolution,payments,AUTHORITATIVE_READBACK,ORACLE_FINGERPRINT,3fe210eb-1f3e-477f-8879-ff01705b430f,CONFIRMED_APPLIED,FIRED_CONFIRMED,1,1,0,,25543.0,0,0,,1
aep_full-after_response_before_resolution-payments-b1bc019d-r0,crashed,AEP_FULL,after_response_before_resolution,payments,AUTHORITATIVE_READBACK,ORACLE_FINGERPRINT,3cf906fd-d9f6-4be9-9f8d-0a724f889010,CONFIRMED_APPLIED,FIRED_CONFIRMED,1,1,0,,67638.0,0,0,,1
aep_full-after_response_before_resolution-payments-b1bc019d-r0,crashed,AEP_FULL,after_response_before_resolution,payments,AUTHORITATIVE_READBACK,ORACLE_FINGERPRINT,daf71ead-121f-4f91-af5e-1a0321129ea3,CONFIRMED_APPLIED,FIRED_CONFIRMED,1,1,0,,57598.0,0,0,,1
aep_full-after_response_before_resolution-payments-b1bc019d-r0,crashed,AEP_FULL,after_response_before_resolution,payments,AUTHORITATIVE_READBACK,ORACLE_FINGERPRINT,c6511f03-b86a-4d80-ae2b-7f5cb39a178c,CONFIRMED_APPLIED,FIRED_CONFIRMED,1,1,0,,47579.0,0,0,,1
aep_full-after_response_before_resolution-payments-b1bc019d-r0,crashed,AEP_FULL,after_response_before_resolution,payments,AUTHORITATIVE_READBACK,ORACLE_FINGERPRINT,aebc5e33-4ec3-4e8a-b220-3a192ae6aaec,CONFIRMED_APPLIED,FIRED_CONFIRMED,1,1,0,,33288.0,0,0,,1
aep_full-after_response_before_resolution-payments-b1bc019d-r0,crashed,AEP_FULL,after_response_before_resolution,payments,AUTHORITATIVE_READBACK,ORACLE_FINGERPRINT,791e8d36-75bf-4f21-b38d-8e483461ce2d,CONFIRMED_APPLIED,FIRED_CONFIRMED,1,1,0,,24756.0,0,0,,1
aep_full-after_response_before_resolution-payments-b1bc019d-r1,crashed,AEP_FULL,after_response_before_resolution,payments,AUTHORITATIVE_READBACK,ORACLE_FINGERPRINT,4cd3d0e6-2387-4b99-8ecc-2a69b902a1ef,CONFIRMED_APPLIED,FIRED_CONFIRMED,1,1,0,,53743.0,0,0,,1
aep_full-after_response_before_resolution-payments-b1bc019d-r1,crashed,AEP_FULL,after_response_before_resolution,payments,AUTHORITATIVE_READBACK,ORACLE_FINGERPRINT,61231ee9-b2b0-446b-a31a-856aadf7085c,CONFIRMED_APPLIED,FIRED_CONFIRMED,1,1,0,,47524.0,0,0,,1
aep_full-after_response_before_resolution-payments-b1bc019d-r1,crashed,AEP_FULL,after_response_before_resolution,payments,AUTHORITATIVE_READBACK,ORACLE_FINGERPRINT,d1e1471f-e281-4d98-a147-fa3625974438,CONFIRMED_APPLIED,FIRED_CONFIRMED,1,1,0,,40857.0,0,0,,1
aep_full-after_response_before_resolution-payments-b1bc019d-r1,crashed,AEP_FULL,after_response_before_resolution,payments,AUTHORITATIVE_READBACK,ORACLE_FINGERPRINT,a2805931-7c04-4515-982b-6bbb997b9aa6,CONFIRMED_APPLIED,FIRED_CONFIRMED,1,1,0,,31039.0,0,0,,1
aep_full-after_response_before_resolution-payments-b1bc019d-r1,crashed,AEP_FULL,after_response_before_resolution,payments,AUTHORITATIVE_READBACK,ORACLE_FINGERPRINT,e3c85c8c-797d-4b0a-b526-6c9ed2cb4dbb,CONFIRMED_APPLIED,FIRED_CONFIRMED,1,1,0,,24983.0,0,0,,1
aep_full-after_response_before_resolution-payments-b1bc019d-r1,crashed,AEP_FULL,after_response_before_resolution,payments,AUTHORITATIVE_READBACK,ORACLE_FINGERPRINT,0674eab1-4e65-4cdd-b3de-9494d51da40f,CONFIRMED_APPLIED,FIRED_CONFIRMED,1,1,0,,56690.0,0,0,,1
aep_full-after_response_before_resolution-payments-b1bc019d-r1,crashed,AEP_FULL,after_response_before_resolution,payments,AUTHORITATIVE_READBACK,ORACLE_FINGERPRINT,fe3af0d0-6f2e-4cde-984e-1b7017c41962,CONFIRMED_APPLIED,FIRED_CONFIRMED,1,1,0,,50762.0,0,0,,1
aep_full-after_response_before_resolution-payments-b1bc019d-r1,crashed,AEP_FULL,after_response_before_resolution,payments,AUTHORITATIVE_READBACK,ORACLE_FINGERPRINT,0aef1eaf-bc59-4f97-8e66-9cfc09c8f308,CONFIRMED_APPLIED,FIRED_CONFIRMED,1,1,0,,40717.0,0,0,,1
aep_full-after_response_before_resolution-payments-b1bc019d-r1,crashed,AEP_FULL,after_response_before_resolution,payments,AUTHORITATIVE_READBACK,ORACLE_FINGERPRINT,bb9b2119-a3c9-4638-8f46-199679562c9d,CONFIRMED_APPLIED,FIRED_CONFIRMED,1,1,0,,31056.0,0,0,,1
aep_full-after_response_before_resolution-payments-b1bc019d-r1,crashed,AEP_FULL,after_response_before_resolution,payments,AUTHORITATIVE_READBACK,ORACLE_FINGERPRINT,bfb751ce-56e9-4caa-be11-505be777214d,CONFIRMED_APPLIED,FIRED_CONFIRMED,1,1,0,,24999.0,0,0,,1
aep_full-after_response_before_resolution-payments-b1bc019d-r10,crashed,AEP_FULL,after_response_before_resolution,payments,AUTHORITATIVE_READBACK,ORACLE_FINGERPRINT,af9b9b80-f4aa-444a-883d-8cdc7cf6ac7b,CONFIRMED_APPLIED,FIRED_CONFIRMED,1,1,0,,59289.0,0,0,,1
aep_full-after_response_before_resolution-payments-b1bc019d-r10,crashed,AEP_FULL,after_response_before_resolution,payments,AUTHORITATIVE_READBACK,ORACLE_FINGERPRINT,33410d79-eb7a-4125-be06-2a9b8776b5df,CONFIRMED_APPLIED,FIRED_CONFIRMED,1,1,0,,48732.0,0,0,,1
aep_full-after_response_before_resolution-payments-b1bc019d-r10,crashed,AEP_FULL,after_response_before_resolution,payments,AUTHORITATIVE_READBACK,ORACLE_FINGERPRINT,335f8b76-5f4d-404e-84ca-f03835b99f81,CONFIRMED_APPLIED,FIRED_CONFIRMED,1,1,0,,40048.0,0,0,,1
aep_full-after_response_before_resolution-payments-b1bc019d-r10,crashed,AEP_FULL,after_response_before_resolution,payments,AUTHORITATIVE_READBACK,ORACLE_FINGERPRINT,941640fe-e55d-41e2-85c8-3a3783fcd7e7,CONFIRMED_APPLIED,FIRED_CONFIRMED,1,1,0,,31818.0,0,0,,1
aep_full-after_response_before_resolution-payments-b1bc019d-r10,crashed,AEP_FULL,after_response_before_resolution,payments,AUTHORITATIVE_READBACK,ORACLE_FINGERPRINT,4e0ef496-b628-4050-b4b5-8be319e969fd,CONFIRMED_APPLIED,FIRED_CONFIRMED,1,1,0,,24814.0,0,0,,1
aep_full-after_response_before_resolution-payments-b1bc019d-r10,crashed,AEP_FULL,after_response_before_resolution,payments,AUTHORITATIVE_READBACK,ORACLE_FINGERPRINT,a3612e05-e713-4996-b46b-0b17cc40ee53,CONFIRMED_APPLIED,FIRED_CONFIRMED,1,1,0,,59259.0,0,0,,1
aep_full-after_response_before_resolution-payments-b1bc019d-r10,crashed,AEP_FULL,after_response_before_resolution,payments,AUTHORITATIVE_READBACK,ORACLE_FINGERPRINT,a75c1ec3-f488-4ed9-855c-542420dea58e,CONFIRMED_NOT_APPLIED,FAILED_CONFIRMED,0,1,0,,48748.0,0,0,,1
aep_full-after_response_before_resolution-payments-b1bc019d-r10,crashed,AEP_FULL,after_response_before_resolution,payments,AUTHORITATIVE_READBACK,ORACLE_FINGERPRINT,69754b3f-1b15-4bec-a787-7b12f2d8f107,CONFIRMED_APPLIED,FIRED_CONFIRMED,1,1,0,,40062.0,0,0,,1
aep_full-after_response_before_resolution-payments-b1bc019d-r10,crashed,AEP_FULL,after_response_before_resolution,payments,AUTHORITATIVE_READBACK,ORACLE_FINGERPRINT,fb0430bf-36a2-489e-bd59-36bc11249092,CONFIRMED_APPLIED,FIRED_CONFIRMED,1,1,0,,31842.0,0,0,,1
aep_full-after_response_before_resolution-payments-b1bc019d-r10,crashed,AEP_FULL,after_response_before_resolution,payments,AUTHORITATIVE_READBACK,ORACLE_FINGERPRINT,7b34b81d-afc8-455f-99ca-e37dc7098e59,CONFIRMED_NOT_APPLIED,FAILED_CONFIRMED,0,1,0,,24836.0,0,0,,1
aep_full-after_response_before_resolution-payments-b1bc019d-r11,crashed,AEP_FULL,after_response_before_resolution,payments,AUTHORITATIVE_READBACK,ORACLE_FINGERPRINT,7f3c4c57-3446-4f44-80a4-98bdeff8919a,CONFIRMED_APPLIED,FIRED_CONFIRMED,1,1,0,,51278.0,0,0,,1
aep_full-after_response_before_resolution-payments-b1bc019d-r11,crashed,AEP_FULL,after_response_before_resolution,payments,AUTHORITATIVE_READBACK,ORACLE_FINGERPRINT,5b02e680-f539-45f5-8598-f65076ed6d62,CONFIRMED_APPLIED,FIRED_CONFIRMED,1,1,0,,45349.0,0,0,,1
aep_full-after_response_before_resolution-payments-b1bc019d-r11,crashed,AEP_FULL,after_response_before_resolution,payments,AUTHORITATIVE_READBACK,ORACLE_FINGERPRINT,5a97a0a1-1a50-4716-8eae-3abe1eed3fcc,CONFIRMED_APPLIED,FIRED_CONFIRMED,1,1,0,,39213.0,0,0,,1
aep_full-after_response_before_resolution-payments-b1bc019d-r11,crashed,AEP_FULL,after_response_before_resolution,payments,AUTHORITATIVE_READBACK,ORACLE_FINGERPRINT,d923581a-7149-4f86-8c0a-aef561bb8eb0,CONFIRMED_APPLIED,FIRED_CONFIRMED,1,1,0,,32091.0,0,0,,1
aep_full-after_response_before_resolution-payments-b1bc019d-r11,crashed,AEP_FULL,after_response_before_resolution,payments,AUTHORITATIVE_READBACK,ORACLE_FINGERPRINT,ec71ea84-4b3d-41b0-b53f-0f15caddca1f,CONFIRMED_APPLIED,FIRED_CONFIRMED,1,1,0,,24209.0,0,0,,1
aep_full-after_response_before_resolution-payments-b1bc019d-r11,crashed,AEP_FULL,after_response_before_resolution,payments,AUTHORITATIVE_READBACK,ORACLE_FINGERPRINT,3cebdf6b-4bd3-4006-b400-d25f4fe0c78c,CONFIRMED_APPLIED,FIRED_CONFIRMED,1,1,0,,51293.0,0,0,,1
aep_full-after_response_before_resolution-payments-b1bc019d-r11,crashed,AEP_FULL,after_response_before_resolution,payments,AUTHORITATIVE_READBACK,ORACLE_FINGERPRINT,1d82c746-5ad8-4a8e-a9d9-4f60a7f19368,CONFIRMED_APPLIED,FIRED_CONFIRMED,1,1,0,,45333.0,0,0,,1
aep_full-after_response_before_resolution-payments-b1bc019d-r11,crashed,AEP_FULL,after_response_before_resolution,payments,AUTHORITATIVE_READBACK,ORACLE_FINGERPRINT,5139b78a-4631-4239-a5f9-96dab9fe2e30,CONFIRMED_APPLIED,FIRED_CONFIRMED,1,1,0,,39201.0,0,0,,1
aep_full-after_response_before_resolution-payments-b1bc019d-r11,crashed,AEP_FULL,after_response_before_resolution,payments,AUTHORITATIVE_READBACK,ORACLE_FINGERPRINT,493f7ac9-04ff-450a-a81b-e3c260cb6ea2,CONFIRMED_APPLIED,FIRED_CONFIRMED,1,1,0,,32113.0,0,0,,1
aep_full-after_response_before_resolution-payments-b1bc019d-r11,crashed,AEP_FULL,after_response_before_resolution,payments,AUTHORITATIVE_READBACK,ORACLE_FINGERPRINT,2ea477a5-ec9b-494d-a589-c2908146f94b,CONFIRMED_APPLIED,FIRED_CONFIRMED,1,1,0,,24228.0,0,0,,1
aep_full-after_response_before_resolution-payments-b1bc019d-r12,crashed,AEP_FULL,after_response_before_resolution,payments,AUTHORITATIVE_READBACK,ORACLE_FINGERPRINT,cdf91e6b-27e9-4939-b472-d447aa608fb8,CONFIRMED_APPLIED,FIRED_CONFIRMED,1,1,0,,73834.0,0,0,,1
aep_full-after_response_before_resolution-payments-b1bc019d-r12,crashed,AEP_FULL,after_response_before_resolution,payments,AUTHORITATIVE_READBACK,ORACLE_FINGERPRINT,5ba85232-4ef8-4529-95fb-079c393017ae,CONFIRMED_APPLIED,FIRED_CONFIRMED,1,1,0,,62390.0,0,0,,1
aep_full-after_response_before_resolution-payments-b1bc019d-r12,crashed,AEP_FULL,after_response_before_resolution,payments,AUTHORITATIVE_READBACK,ORACLE_FINGERPRINT,68948653-7c31-48b3-ada6-904ee3b015c7,CONFIRMED_APPLIED,FIRED_CONFIRMED,1,1,0,,47491.0,0,0,,1
aep_full-after_response_before_resolution-payments-b1bc019d-r12,crashed,AEP_FULL,after_response_before_resolution,payments,AUTHORITATIVE_READBACK,ORACLE_FINGERPRINT,6796d82c-7f15-4e6c-8fed-fd5a5251a0af,CONFIRMED_APPLIED,FIRED_CONFIRMED,1,1,0,,35407.0,0,0,,1
aep_full-after_response_before_resolution-payments-b1bc019d-r12,crashed,AEP_FULL,after_response_before_resolution,payments,AUTHORITATIVE_READBACK,ORACLE_FINGERPRINT,a13fb453-3cc4-4a19-a53d-f2a78353a6f2,CONFIRMED_APPLIED,FIRED_CONFIRMED,1,1,0,,20419.0,0,0,,1
aep_full-after_response_before_resolution-payments-b1bc019d-r12,crashed,AEP_FULL,after_response_before_resolution,payments,AUTHORITATIVE_READBACK,ORACLE_FINGERPRINT,367d8594-fd02-4565-9518-33e91712aef9,CONFIRMED_NOT_APPLIED,FAILED_CONFIRMED,0,1,0,,76368.0,0,0,,1
aep_full-after_response_before_resolution-payments-b1bc019d-r12,crashed,AEP_FULL,after_response_before_resolution,payments,AUTHORITATIVE_READBACK,ORACLE_FINGERPRINT,6bf7aa73-3abd-4bad-9cc5-77ec99994f29,CONFIRMED_APPLIED,FIRED_CONFIRMED,1,1,0,,65540.0,0,0,,1
aep_full-after_response_before_resolution-payments-b1bc019d-r12,crashed,AEP_FULL,after_response_before_resolution,payments,AUTHORITATIVE_READBACK,ORACLE_FINGERPRINT,d51baad5-13f7-4c2d-88de-e35750ac8c05,CONFIRMED_APPLIED,FIRED_CONFIRMED,1,1,0,,52342.0,0,0,,1
aep_full-after_response_before_resolution-payments-b1bc019d-r12,crashed,AEP_FULL,after_response_before_resolution,payments,AUTHORITATIVE_READBACK,ORACLE_FINGERPRINT,e4c0823f-560d-408a-b9e3-4d3c4d19538c,CONFIRMED_APPLIED,FIRED_CONFIRMED,1,1,0,,38293.0,0,0,,1
aep_full-after_response_before_resolution-payments-b1bc019d-r12,crashed,AEP_FULL,after_response_before_resolution,payments,AUTHORITATIVE_READBACK,ORACLE_FINGERPRINT,9548268e-6051-4866-9098-c71ab28f28e9,CONFIRMED_APPLIED,FIRED_CONFIRMED,1,1,0,,26251.0,0,0,,1
aep_full-after_response_before_resolution-payments-b1bc019d-r13,crashed,AEP_FULL,after_response_before_resolution,payments,AUTHORITATIVE_READBACK,ORACLE_FINGERPRINT,9674591a-4ffc-46c1-aa8c-a26eb18a5e49,CONFIRMED_APPLIED,FIRED_CONFIRMED,1,1,0,,58775.0,0,0,,1
aep_full-after_response_before_resolution-payments-b1bc019d-r13,crashed,AEP_FULL,after_response_before_resolution,payments,AUTHORITATIVE_READBACK,ORACLE_FINGERPRINT,8ad609b3-450b-4836-b3e9-292086b4ae07,CONFIRMED_APPLIED,FIRED_CONFIRMED,1,1,0,,51780.0,0,0,,1
aep_full-after_response_before_resolution-payments-b1bc019d-r13,crashed,AEP_FULL,after_response_before_resolution,payments,AUTHORITATIVE_READBACK,ORACLE_FINGERPRINT,41d05b8e-559c-4fe4-a5a1-4dc6ab7f5172,CONFIRMED_APPLIED,FIRED_CONFIRMED,1,1,0,,44829.0,0,0,,1
aep_full-after_response_before_resolution-payments-b1bc019d-r13,crashed,AEP_FULL,after_response_before_resolution,payments,AUTHORITATIVE_READBACK,ORACLE_FINGERPRINT,d9c04b86-63a5-49e8-af4c-362dd1459f88,CONFIRMED_APPLIED,FIRED_CONFIRMED,1,1,0,,37977.0,0,0,,1
aep_full-after_response_before_resolution-payments-b1bc019d-r13,crashed,AEP_FULL,after_response_before_resolution,payments,AUTHORITATIVE_READBACK,ORACLE_FINGERPRINT,015debab-ff46-4b06-92e8-b32e7c7451e8,CONFIRMED_APPLIED,FIRED_CONFIRMED,1,1,0,,30664.0,0,0,,1
aep_full-after_response_before_resolution-payments-b1bc019d-r13,crashed,AEP_FULL,after_response_before_resolution,payments,AUTHORITATIVE_READBACK,ORACLE_FINGERPRINT,5bf57979-a638-4cb1-a4fc-31479daf9cf0,CONFIRMED_APPLIED,FIRED_CONFIRMED,1,1,0,,58747.0,0,0,,1
aep_full-after_response_before_resolution-payments-b1bc019d-r13,crashed,AEP_FULL,after_response_before_resolution,payments,AUTHORITATIVE_READBACK,ORACLE_FINGERPRINT,08cc587a-02ad-4634-b074-c5c5bdaf104b,CONFIRMED_APPLIED,FIRED_CONFIRMED,1,1,0,,51815.0,0,0,,1
aep_full-after_response_before_resolution-payments-b1bc019d-r13,crashed,AEP_FULL,after_response_before_resolution,payments,AUTHORITATIVE_READBACK,ORACLE_FINGERPRINT,7c3005f9-3ee6-4a4b-84c8-2d1e3dd527ff,CONFIRMED_APPLIED,FIRED_CONFIRMED,1,1,0,,44813.0,0,0,,1
aep_full-after_response_before_resolution-payments-b1bc019d-r13,crashed,AEP_FULL,after_response_before_resolution,payments,AUTHORITATIVE_READBACK,ORACLE_FINGERPRINT,0c58c550-c4e6-4b87-a93c-2c7759395a67,CONFIRMED_APPLIED,FIRED_CONFIRMED,1,1,0,,35004.0,0,0,,1
aep_full-after_response_before_resolution-payments-b1bc019d-r13,crashed,AEP_FULL,after_response_before_resolution,payments,AUTHORITATIVE_READBACK,ORACLE_FINGERPRINT,8a8564df-bed7-4c14-a47a-795d44d39ea8,CONFIRMED_APPLIED,FIRED_CONFIRMED,1,1,0,,24244.0,0,0,,1
aep_full-after_response_before_resolution-payments-b1bc019d-r14,crashed,AEP_FULL,after_response_before_resolution,payments,AUTHORITATIVE_READBACK,ORACLE_FINGERPRINT,776740f2-163c-413e-9542-85b1d872176e,CONFIRMED_NOT_APPLIED,FAILED_CONFIRMED,0,1,0,,58112.0,0,0,,1
aep_full-after_response_before_resolution-payments-b1bc019d-r14,crashed,AEP_FULL,after_response_before_resolution,payments,AUTHORITATIVE_READBACK,ORACLE_FINGERPRINT,6d231280-7393-4079-a77b-a1d7ca17244a,CONFIRMED_APPLIED,FIRED_CONFIRMED,1,1,0,,50377.0,0,0,,1
aep_full-after_response_before_resolution-payments-b1bc019d-r14,crashed,AEP_FULL,after_response_before_resolution,payments,AUTHORITATIVE_READBACK,ORACLE_FINGERPRINT,31671e27-b1ba-4db3-83a0-d01047ffb483,CONFIRMED_APPLIED,FIRED_CONFIRMED,1,1,0,,44433.0,0,0,,1
aep_full-after_response_before_resolution-payments-b1bc019d-r14,crashed,AEP_FULL,after_response_before_resolution,payments,AUTHORITATIVE_READBACK,ORACLE_FINGERPRINT,d06f3b14-0711-45ad-9cf9-13ca4599d6ef,CONFIRMED_APPLIED,FIRED_CONFIRMED,1,1,0,,33338.0,0,0,,1
aep_full-after_response_before_resolution-payments-b1bc019d-r14,crashed,AEP_FULL,after_response_before_resolution,payments,AUTHORITATIVE_READBACK,ORACLE_FINGERPRINT,c946d21f-8a70-493a-8f82-729b234d46d4,CONFIRMED_APPLIED,FIRED_CONFIRMED,1,1,0,,24204.0,0,0,,1
aep_full-after_response_before_resolution-payments-b1bc019d-r14,crashed,AEP_FULL,after_response_before_resolution,payments,AUTHORITATIVE_READBACK,ORACLE_FINGERPRINT,ab599cb8-eab1-40fb-bf3e-8e6f2d226e8c,CONFIRMED_APPLIED,FIRED_CONFIRMED,1,1,0,,58049.0,0,0,,1
aep_full-after_response_before_resolution-payments-b1bc019d-r14,crashed,AEP_FULL,after_response_before_resolution,payments,AUTHORITATIVE_READBACK,ORACLE_FINGERPRINT,23d733d7-68b3-4c38-8882-3c114745fa6e,CONFIRMED_NOT_APPLIED,FAILED_CONFIRMED,0,1,0,,50401.0,0,0,,1
aep_full-after_response_before_resolution-payments-b1bc019d-r14,crashed,AEP_FULL,after_response_before_resolution,payments,AUTHORITATIVE_READBACK,ORACLE_FINGERPRINT,f549de57-be28-4da7-a2ce-b31f7060f307,CONFIRMED_APPLIED,FIRED_CONFIRMED,1,1,0,,44461.0,0,0,,1
aep_full-after_response_before_resolution-payments-b1bc019d-r14,crashed,AEP_FULL,after_response_before_resolution,payments,AUTHORITATIVE_READBACK,ORACLE_FINGERPRINT,b74aa050-0ee4-4657-bbbc-061eebcdd726,CONFIRMED_APPLIED,FIRED_CONFIRMED,1,1,0,,36325.0,0,0,,1
aep_full-after_response_before_resolution-payments-b1bc019d-r14,crashed,AEP_FULL,after_response_before_resolution,payments,AUTHORITATIVE_READBACK,ORACLE_FINGERPRINT,f3e67f54-f552-485d-9ba2-55c8bdd9e6c6,CONFIRMED_APPLIED,FIRED_CONFIRMED,1,1,0,,27117.0,0,0,,1
aep_full-after_response_before_resolution-payments-b1bc019d-r2,crashed,AEP_FULL,after_response_before_resolution,payments,AUTHORITATIVE_READBACK,ORACLE_FINGERPRINT,785f39d0-51a9-4f15-a13e-d3b10389b49f,CONFIRMED_APPLIED,FIRED_CONFIRMED,1,1,0,,73254.0,0,0,,1
aep_full-after_response_before_resolution-payments-b1bc019d-r2,crashed,AEP_FULL,after_response_before_resolution,payments,AUTHORITATIVE_READBACK,ORACLE_FINGERPRINT,8a48daf1-57ea-40c9-8e81-9bad6c9b2c27,CONFIRMED_APPLIED,FIRED_CONFIRMED,1,1,0,,62206.0,0,0,,1
aep_full-after_response_before_resolution-payments-b1bc019d-r2,crashed,AEP_FULL,after_response_before_resolution,payments,AUTHORITATIVE_READBACK,ORACLE_FINGERPRINT,85c40040-ffe8-4941-8d17-bd1a39c390f9,CONFIRMED_NOT_APPLIED,FAILED_CONFIRMED,0,1,0,,48701.0,0,0,,1
aep_full-after_response_before_resolution-payments-b1bc019d-r2,crashed,AEP_FULL,after_response_before_resolution,payments,AUTHORITATIVE_READBACK,ORACLE_FINGERPRINT,08bce7c2-5e76-43c6-a34f-07be28f7ec33,CONFIRMED_APPLIED,FIRED_CONFIRMED,1,1,0,,36002.0,0,0,,1
aep_full-after_response_before_resolution-payments-b1bc019d-r2,crashed,AEP_FULL,after_response_before_resolution,payments,AUTHORITATIVE_READBACK,ORACLE_FINGERPRINT,8ba63f2e-a91b-4212-bb8e-54027aa23e37,CONFIRMED_APPLIED,FIRED_CONFIRMED,1,1,0,,27052.0,0,0,,1
aep_full-after_response_before_resolution-payments-b1bc019d-r2,crashed,AEP_FULL,after_response_before_resolution,payments,AUTHORITATIVE_READBACK,ORACLE_FINGERPRINT,8f27f708-46a0-4ba5-bb0b-da9c9adf1527,CONFIRMED_NOT_APPLIED,FAILED_CONFIRMED,0,1,0,,73311.0,0,0,,1
aep_full-after_response_before_resolution-payments-b1bc019d-r2,crashed,AEP_FULL,after_response_before_resolution,payments,AUTHORITATIVE_READBACK,ORACLE_FINGERPRINT,712a53c5-4658-421a-978b-7f1621bd94b6,CONFIRMED_APPLIED,FIRED_CONFIRMED,1,1,0,,65129.0,0,0,,1
aep_full-after_response_before_resolution-payments-b1bc019d-r2,crashed,AEP_FULL,after_response_before_resolution,payments,AUTHORITATIVE_READBACK,ORACLE_FINGERPRINT,b71cbe70-6808-45fb-8e38-c0c0f75463af,CONFIRMED_APPLIED,FIRED_CONFIRMED,1,1,0,,51666.0,0,0,,1
aep_full-after_response_before_resolution-payments-b1bc019d-r2,crashed,AEP_FULL,after_response_before_resolution,payments,AUTHORITATIVE_READBACK,ORACLE_FINGERPRINT,dae5f0ce-2606-4595-9189-e2625bfc1bcc,CONFIRMED_APPLIED,FIRED_CONFIRMED,1,1,0,,37707.0,0,0,,1
aep_full-after_response_before_resolution-payments-b1bc019d-r2,crashed,AEP_FULL,after_response_before_resolution,payments,AUTHORITATIVE_READBACK,ORACLE_FINGERPRINT,d799783c-8893-4126-9a09-ce46503fb612,CONFIRMED_APPLIED,FIRED_CONFIRMED,1,1,0,,28970.0,0,0,,1
aep_full-after_response_before_resolution-payments-b1bc019d-r3,crashed,AEP_FULL,after_response_before_resolution,payments,AUTHORITATIVE_READBACK,ORACLE_FINGERPRINT,c9da5a4c-cd54-450c-ac6d-55bc27ed97b8,CONFIRMED_APPLIED,FIRED_CONFIRMED,1,1,0,,62609.0,0,0,,1
aep_full-after_response_before_resolution-payments-b1bc019d-r3,crashed,AEP_FULL,after_response_before_resolution,payments,AUTHORITATIVE_READBACK,ORACLE_FINGERPRINT,f93d4baf-ac49-46d8-98fb-c9e2bb5f48ca,CONFIRMED_APPLIED,FIRED_CONFIRMED,1,1,0,,55505.0,0,0,,1
aep_full-after_response_before_resolution-payments-b1bc019d-r3,crashed,AEP_FULL,after_response_before_resolution,payments,AUTHORITATIVE_READBACK,ORACLE_FINGERPRINT,07367b9f-bec1-4e47-8082-bef9c3376170,CONFIRMED_APPLIED,FIRED_CONFIRMED,1,1,0,,46654.0,0,0,,1
aep_full-after_response_before_resolution-payments-b1bc019d-r3,crashed,AEP_FULL,after_response_before_resolution,payments,AUTHORITATIVE_READBACK,ORACLE_FINGERPRINT,93553776-2635-45ba-8a09-9447b431dbe2,CONFIRMED_APPLIED,FIRED_CONFIRMED,1,1,0,,39511.0,0,0,,1
aep_full-after_response_before_resolution-payments-b1bc019d-r3,crashed,AEP_FULL,after_response_before_resolution,payments,AUTHORITATIVE_READBACK,ORACLE_FINGERPRINT,ef50b6a5-0108-4a2c-bc6e-e1a75bc873f4,CONFIRMED_APPLIED,FIRED_CONFIRMED,1,1,0,,29243.0,0,0,,1
aep_full-after_response_before_resolution-payments-b1bc019d-r3,crashed,AEP_FULL,after_response_before_resolution,payments,AUTHORITATIVE_READBACK,ORACLE_FINGERPRINT,d1908e87-1f07-41a4-93f4-98d9c924f675,CONFIRMED_APPLIED,FIRED_CONFIRMED,1,1,0,,65542.0,0,0,,1
aep_full-after_response_before_resolution-payments-b1bc019d-r3,crashed,AEP_FULL,after_response_before_resolution,payments,AUTHORITATIVE_READBACK,ORACLE_FINGERPRINT,e78fd40c-0491-4eb0-b642-29a9dc378e72,CONFIRMED_APPLIED,FIRED_CONFIRMED,1,1,0,,58503.0,0,0,,1
aep_full-after_response_before_resolution-payments-b1bc019d-r3,crashed,AEP_FULL,after_response_before_resolution,payments,AUTHORITATIVE_READBACK,ORACLE_FINGERPRINT,81793117-2255-4f9d-b75e-e1024c2508c8,CONFIRMED_APPLIED,FIRED_CONFIRMED,1,1,0,,49322.0,0,0,,1
aep_full-after_response_before_resolution-payments-b1bc019d-r3,crashed,AEP_FULL,after_response_before_resolution,payments,AUTHORITATIVE_READBACK,ORACLE_FINGERPRINT,ed36cf2f-5189-4f5f-948d-abbe0dd69066,CONFIRMED_APPLIED,FIRED_CONFIRMED,1,1,0,,42523.0,0,0,,1
aep_full-after_response_before_resolution-payments-b1bc019d-r3,crashed,AEP_FULL,after_response_before_resolution,payments,AUTHORITATIVE_READBACK,ORACLE_FINGERPRINT,2e9c2f12-c364-45a7-872e-f0303248373e,CONFIRMED_APPLIED,FIRED_CONFIRMED,1,1,0,,32494.0,0,0,,1
aep_full-after_response_before_resolution-payments-b1bc019d-r4,crashed,AEP_FULL,after_response_before_resolution,payments,AUTHORITATIVE_READBACK,ORACLE_FINGERPRINT,34101887-c7d9-4c91-ba31-3a3e69e99f73,CONFIRMED_APPLIED,FIRED_CONFIRMED,1,1,0,,58963.0,0,0,,1
aep_full-after_response_before_resolution-payments-b1bc019d-r4,crashed,AEP_FULL,after_response_before_resolution,payments,AUTHORITATIVE_READBACK,ORACLE_FINGERPRINT,d1dadd88-9694-4df0-b38a-aa2d18377aaf,CONFIRMED_APPLIED,FIRED_CONFIRMED,1,1,0,,46904.0,0,0,,1
aep_full-after_response_before_resolution-payments-b1bc019d-r4,crashed,AEP_FULL,after_response_before_resolution,payments,AUTHORITATIVE_READBACK,ORACLE_FINGERPRINT,e5eb5048-cdfb-47d3-8f4e-371b310c3b33,CONFIRMED_APPLIED,FIRED_CONFIRMED,1,1,0,,39942.0,0,0,,1
aep_full-after_response_before_resolution-payments-b1bc019d-r4,crashed,AEP_FULL,after_response_before_resolution,payments,AUTHORITATIVE_READBACK,ORACLE_FINGERPRINT,89fe1d3e-f9a8-4354-9fa0-eecb26ce711f,CONFIRMED_APPLIED,FIRED_CONFIRMED,1,1,0,,33915.0,0,0,,1
aep_full-after_response_before_resolution-payments-b1bc019d-r4,crashed,AEP_FULL,after_response_before_resolution,payments,AUTHORITATIVE_READBACK,ORACLE_FINGERPRINT,3110a9d1-8399-446c-9d21-1608d0127558,CONFIRMED_APPLIED,FIRED_CONFIRMED,1,1,0,,28012.0,0,0,,1
aep_full-after_response_before_resolution-payments-b1bc019d-r4,crashed,AEP_FULL,after_response_before_resolution,payments,AUTHORITATIVE_READBACK,ORACLE_FINGERPRINT,c75650e6-7b42-47c0-92c6-0d6e6870047a,CONFIRMED_APPLIED,FIRED_CONFIRMED,1,1,0,,57889.0,0,0,,1
aep_full-after_response_before_resolution-payments-b1bc019d-r4,crashed,AEP_FULL,after_response_before_resolution,payments,AUTHORITATIVE_READBACK,ORACLE_FINGERPRINT,daee8389-5c4e-4f32-aed5-a6646442f7b6,CONFIRMED_APPLIED,FIRED_CONFIRMED,1,1,0,,46336.0,0,0,,1
aep_full-after_response_before_resolution-payments-b1bc019d-r4,crashed,AEP_FULL,after_response_before_resolution,payments,AUTHORITATIVE_READBACK,ORACLE_FINGERPRINT,5943d583-041c-499b-a3ce-2a500f921e76,CONFIRMED_APPLIED,FIRED_CONFIRMED,1,1,0,,38936.0,0,0,,1
aep_full-after_response_before_resolution-payments-b1bc019d-r4,crashed,AEP_FULL,after_response_before_resolution,payments,AUTHORITATIVE_READBACK,ORACLE_FINGERPRINT,1b59d40c-98c2-4792-8714-edb9850d5685,CONFIRMED_APPLIED,FIRED_CONFIRMED,1,1,0,,32991.0,0,0,,1
aep_full-after_response_before_resolution-payments-b1bc019d-r4,crashed,AEP_FULL,after_response_before_resolution,payments,AUTHORITATIVE_READBACK,ORACLE_FINGERPRINT,b7dd1260-7499-439a-ac7d-d6479a5da48f,CONFIRMED_APPLIED,FIRED_CONFIRMED,1,1,0,,27126.0,0,0,,1
aep_full-after_response_before_resolution-payments-b1bc019d-r5,crashed,AEP_FULL,after_response_before_resolution,payments,AUTHORITATIVE_READBACK,ORACLE_FINGERPRINT,7802411a-6217-4668-bfc5-6867d2c466a8,CONFIRMED_APPLIED,FIRED_CONFIRMED,1,1,0,,58059.0,0,0,,1
aep_full-after_response_before_resolution-payments-b1bc019d-r5,crashed,AEP_FULL,after_response_before_resolution,payments,AUTHORITATIVE_READBACK,ORACLE_FINGERPRINT,e22ee9b0-02ea-499e-b124-7d692eb4e1bf,CONFIRMED_NOT_APPLIED,FAILED_CONFIRMED,0,1,0,,49132.0,0,0,,1
aep_full-after_response_before_resolution-payments-b1bc019d-r5,crashed,AEP_FULL,after_response_before_resolution,payments,AUTHORITATIVE_READBACK,ORACLE_FINGERPRINT,a36fb7de-3994-415e-af89-6b1f6e8ed6da,CONFIRMED_APPLIED,FIRED_CONFIRMED,1,1,0,,41925.0,0,0,,1
aep_full-after_response_before_resolution-payments-b1bc019d-r5,crashed,AEP_FULL,after_response_before_resolution,payments,AUTHORITATIVE_READBACK,ORACLE_FINGERPRINT,a8997ad7-b7e8-4969-b400-24a98e893288,CONFIRMED_APPLIED,FIRED_CONFIRMED,1,1,0,,34643.0,0,0,,1
aep_full-after_response_before_resolution-payments-b1bc019d-r5,crashed,AEP_FULL,after_response_before_resolution,payments,AUTHORITATIVE_READBACK,ORACLE_FINGERPRINT,1d8c1aaa-790a-4ec4-90cb-771b789e8912,CONFIRMED_APPLIED,FIRED_CONFIRMED,1,1,0,,27771.0,0,0,,1
aep_full-after_response_before_resolution-payments-b1bc019d-r5,crashed,AEP_FULL,after_response_before_resolution,payments,AUTHORITATIVE_READBACK,ORACLE_FINGERPRINT,333938e9-b6a4-4b77-9d9e-bccd9f16fcff,CONFIRMED_APPLIED,FIRED_CONFIRMED,1,1,0,,55105.0,0,0,,1
aep_full-after_response_before_resolution-payments-b1bc019d-r5,crashed,AEP_FULL,after_response_before_resolution,payments,AUTHORITATIVE_READBACK,ORACLE_FINGERPRINT,fdce14ab-0dfa-4f68-9d2d-1e371b5d9c2a,CONFIRMED_APPLIED,FIRED_CONFIRMED,1,1,0,,44626.0,0,0,,1
aep_full-after_response_before_resolution-payments-b1bc019d-r5,crashed,AEP_FULL,after_response_before_resolution,payments,AUTHORITATIVE_READBACK,ORACLE_FINGERPRINT,05d658bc-f76c-4b1b-b184-94b903a43698,CONFIRMED_APPLIED,FIRED_CONFIRMED,1,1,0,,38844.0,0,0,,1
aep_full-after_response_before_resolution-payments-b1bc019d-r5,crashed,AEP_FULL,after_response_before_resolution,payments,AUTHORITATIVE_READBACK,ORACLE_FINGERPRINT,0b1b3201-c449-4e63-870a-64bab3a70888,CONFIRMED_APPLIED,FIRED_CONFIRMED,1,1,0,,32003.0,0,0,,1
aep_full-after_response_before_resolution-payments-b1bc019d-r5,crashed,AEP_FULL,after_response_before_resolution,payments,AUTHORITATIVE_READBACK,ORACLE_FINGERPRINT,f51e5611-c26e-4b25-9278-1953eae8d0fd,CONFIRMED_APPLIED,FIRED_CONFIRMED,1,1,0,,24847.0,0,0,,1
aep_full-after_response_before_resolution-payments-b1bc019d-r6,crashed,AEP_FULL,after_response_before_resolution,payments,AUTHORITATIVE_READBACK,ORACLE_FINGERPRINT,e1b425d6-1799-483d-950b-deb47d369f2c,CONFIRMED_APPLIED,FIRED_CONFIRMED,1,1,0,,49930.0,0,0,,1
aep_full-after_response_before_resolution-payments-b1bc019d-r6,crashed,AEP_FULL,after_response_before_resolution,payments,AUTHORITATIVE_READBACK,ORACLE_FINGERPRINT,5c2afd5d-f25f-4ba5-8870-5c42eb32e213,CONFIRMED_APPLIED,FIRED_CONFIRMED,1,1,0,,44962.0,0,0,,1
aep_full-after_response_before_resolution-payments-b1bc019d-r6,crashed,AEP_FULL,after_response_before_resolution,payments,AUTHORITATIVE_READBACK,ORACLE_FINGERPRINT,9a410d12-3bf7-461d-9208-c73aecdef5d1,CONFIRMED_APPLIED,FIRED_CONFIRMED,1,1,0,,39896.0,0,0,,1
aep_full-after_response_before_resolution-payments-b1bc019d-r6,crashed,AEP_FULL,after_response_before_resolution,payments,AUTHORITATIVE_READBACK,ORACLE_FINGERPRINT,479bc598-75c4-4bcf-bcc3-352bcb664992,CONFIRMED_APPLIED,FIRED_CONFIRMED,1,1,0,,28933.0,0,0,,1
aep_full-after_response_before_resolution-payments-b1bc019d-r6,crashed,AEP_FULL,after_response_before_resolution,payments,AUTHORITATIVE_READBACK,ORACLE_FINGERPRINT,0d08c13c-2a0a-403b-8d81-d41b2f5a767a,CONFIRMED_APPLIED,FIRED_CONFIRMED,1,1,0,,20863.0,0,0,,1
aep_full-after_response_before_resolution-payments-b1bc019d-r6,crashed,AEP_FULL,after_response_before_resolution,payments,AUTHORITATIVE_READBACK,ORACLE_FINGERPRINT,a4e89ef0-02cf-4820-a7f1-782e389ab2d6,CONFIRMED_APPLIED,FIRED_CONFIRMED,1,1,0,,49915.0,0,0,,1
aep_full-after_response_before_resolution-payments-b1bc019d-r6,crashed,AEP_FULL,after_response_before_resolution,payments,AUTHORITATIVE_READBACK,ORACLE_FINGERPRINT,05576858-d656-4ec8-ae6a-bec03b7b1f68,CONFIRMED_APPLIED,FIRED_CONFIRMED,1,1,0,,44950.0,0,0,,1
aep_full-after_response_before_resolution-payments-b1bc019d-r6,crashed,AEP_FULL,after_response_before_resolution,payments,AUTHORITATIVE_READBACK,ORACLE_FINGERPRINT,e24bca1a-c515-44a3-ac9d-734688ae8f24,CONFIRMED_APPLIED,FIRED_CONFIRMED,1,1,0,,39884.0,0,0,,1
aep_full-after_response_before_resolution-payments-b1bc019d-r6,crashed,AEP_FULL,after_response_before_resolution,payments,AUTHORITATIVE_READBACK,ORACLE_FINGERPRINT,721bade7-c3e5-4f58-b378-0154fb7672bb,CONFIRMED_APPLIED,FIRED_CONFIRMED,1,1,0,,31915.0,0,0,,1
aep_full-after_response_before_resolution-payments-b1bc019d-r6,crashed,AEP_FULL,after_response_before_resolution,payments,AUTHORITATIVE_READBACK,ORACLE_FINGERPRINT,e9d07106-292c-4213-a5a9-943cd2f39c69,CONFIRMED_APPLIED,FIRED_CONFIRMED,1,1,0,,25752.0,0,0,,1
aep_full-after_response_before_resolution-payments-b1bc019d-r7,crashed,AEP_FULL,after_response_before_resolution,payments,AUTHORITATIVE_READBACK,ORACLE_FINGERPRINT,e2008f81-cee6-4fed-8c2b-f492f50396bd,CONFIRMED_APPLIED,FIRED_CONFIRMED,1,1,0,,66116.0,0,0,,1
aep_full-after_response_before_resolution-payments-b1bc019d-r7,crashed,AEP_FULL,after_response_before_resolution,payments,AUTHORITATIVE_READBACK,ORACLE_FINGERPRINT,3cac90c5-c52f-46c5-9efa-9561f4799df7,CONFIRMED_APPLIED,FIRED_CONFIRMED,1,1,0,,56602.0,0,0,,1
aep_full-after_response_before_resolution-payments-b1bc019d-r7,crashed,AEP_FULL,after_response_before_resolution,payments,AUTHORITATIVE_READBACK,ORACLE_FINGERPRINT,034d5f2e-e373-494f-a6ca-957a2aeafa14,CONFIRMED_APPLIED,FIRED_CONFIRMED,1,1,0,,45637.0,0,0,,1
aep_full-after_response_before_resolution-payments-b1bc019d-r7,crashed,AEP_FULL,after_response_before_resolution,payments,AUTHORITATIVE_READBACK,ORACLE_FINGERPRINT,f81eda67-3ba6-43a3-b316-e2f7ff9b77e0,CONFIRMED_APPLIED,FIRED_CONFIRMED,1,1,0,,34351.0,0,0,,1
aep_full-after_response_before_resolution-payments-b1bc019d-r7,crashed,AEP_FULL,after_response_before_resolution,payments,AUTHORITATIVE_READBACK,ORACLE_FINGERPRINT,5ba9c63e-7f5c-454e-9275-259f08a08347,CONFIRMED_APPLIED,FIRED_CONFIRMED,1,1,0,,26944.0,0,0,,1
aep_full-after_response_before_resolution-payments-b1bc019d-r7,crashed,AEP_FULL,after_response_before_resolution,payments,AUTHORITATIVE_READBACK,ORACLE_FINGERPRINT,3c428a40-1ea3-45cf-b348-9368da78dc85,CONFIRMED_APPLIED,FIRED_CONFIRMED,1,1,0,,72394.0,0,0,,1
aep_full-after_response_before_resolution-payments-b1bc019d-r7,crashed,AEP_FULL,after_response_before_resolution,payments,AUTHORITATIVE_READBACK,ORACLE_FINGERPRINT,1971ce98-ebbb-480f-9c10-cfae00bfe383,CONFIRMED_APPLIED,FIRED_CONFIRMED,1,1,0,,59577.0,0,0,,1
aep_full-after_response_before_resolution-payments-b1bc019d-r7,crashed,AEP_FULL,after_response_before_resolution,payments,AUTHORITATIVE_READBACK,ORACLE_FINGERPRINT,c0765371-6a5b-4034-ba91-6f23d30551e8,CONFIRMED_APPLIED,FIRED_CONFIRMED,1,1,0,,49241.0,0,0,,1
aep_full-after_response_before_resolution-payments-b1bc019d-r7,crashed,AEP_FULL,after_response_before_resolution,payments,AUTHORITATIVE_READBACK,ORACLE_FINGERPRINT,253dfc49-53d7-489a-9793-e8c1be9fa5f8,CONFIRMED_APPLIED,FIRED_CONFIRMED,1,1,0,,39967.0,0,0,,1
aep_full-after_response_before_resolution-payments-b1bc019d-r7,crashed,AEP_FULL,after_response_before_resolution,payments,AUTHORITATIVE_READBACK,ORACLE_FINGERPRINT,d8e74ada-0c24-4609-9a5c-6f2b9996033d,CONFIRMED_APPLIED,FIRED_CONFIRMED,1,1,0,,29926.0,0,0,,1
aep_full-after_response_before_resolution-payments-b1bc019d-r8,crashed,AEP_FULL,after_response_before_resolution,payments,AUTHORITATIVE_READBACK,ORACLE_FINGERPRINT,d067b0d1-3b19-48ec-bcab-c1390cc4a605,CONFIRMED_APPLIED,FIRED_CONFIRMED,1,1,0,,62090.0,0,0,,1
aep_full-after_response_before_resolution-payments-b1bc019d-r8,crashed,AEP_FULL,after_response_before_resolution,payments,AUTHORITATIVE_READBACK,ORACLE_FINGERPRINT,4ccd07d6-9db9-48b7-97d0-c6ac22a68a74,CONFIRMED_APPLIED,FIRED_CONFIRMED,1,1,0,,53424.0,0,0,,1
aep_full-after_response_before_resolution-payments-b1bc019d-r8,crashed,AEP_FULL,after_response_before_resolution,payments,AUTHORITATIVE_READBACK,ORACLE_FINGERPRINT,6132ada0-76aa-4ad8-ad5f-4c9561f26d46,CONFIRMED_APPLIED,FIRED_CONFIRMED,1,1,0,,46388.0,0,0,,1
aep_full-after_response_before_resolution-payments-b1bc019d-r8,crashed,AEP_FULL,after_response_before_resolution,payments,AUTHORITATIVE_READBACK,ORACLE_FINGERPRINT,a9371129-f405-4062-91eb-815d5ccdd1d6,CONFIRMED_APPLIED,FIRED_CONFIRMED,1,1,0,,39300.0,0,0,,1
aep_full-after_response_before_resolution-payments-b1bc019d-r8,crashed,AEP_FULL,after_response_before_resolution,payments,AUTHORITATIVE_READBACK,ORACLE_FINGERPRINT,f3b1b41e-7127-44e1-99a2-5be9f1e8ed78,CONFIRMED_APPLIED,FIRED_CONFIRMED,1,1,0,,29054.0,0,0,,1
aep_full-after_response_before_resolution-payments-b1bc019d-r8,crashed,AEP_FULL,after_response_before_resolution,payments,AUTHORITATIVE_READBACK,ORACLE_FINGERPRINT,409eaad2-143b-4933-b53a-fd69f6a7a3c3,CONFIRMED_APPLIED,FIRED_CONFIRMED,1,1,0,,62113.0,0,0,,1
aep_full-after_response_before_resolution-payments-b1bc019d-r8,crashed,AEP_FULL,after_response_before_resolution,payments,AUTHORITATIVE_READBACK,ORACLE_FINGERPRINT,b2e9f238-026f-4540-840f-260b19462ede,CONFIRMED_APPLIED,FIRED_CONFIRMED,1,1,0,,53406.0,0,0,,1
aep_full-after_response_before_resolution-payments-b1bc019d-r8,crashed,AEP_FULL,after_response_before_resolution,payments,AUTHORITATIVE_READBACK,ORACLE_FINGERPRINT,a8392e0f-6b93-4573-973a-dec34c718619,CONFIRMED_APPLIED,FIRED_CONFIRMED,1,1,0,,46368.0,0,0,,1
aep_full-after_response_before_resolution-payments-b1bc019d-r8,crashed,AEP_FULL,after_response_before_resolution,payments,AUTHORITATIVE_READBACK,ORACLE_FINGERPRINT,fc85829b-f22a-4e33-9250-47adee1819bb,CONFIRMED_APPLIED,FIRED_CONFIRMED,1,1,0,,39319.0,0,0,,1
aep_full-after_response_before_resolution-payments-b1bc019d-r8,crashed,AEP_FULL,after_response_before_resolution,payments,AUTHORITATIVE_READBACK,ORACLE_FINGERPRINT,71db3f23-fe86-4eb4-8bbd-d880ad1c9329,CONFIRMED_APPLIED,FIRED_CONFIRMED,1,1,0,,29030.0,0,0,,1
aep_full-after_response_before_resolution-payments-b1bc019d-r9,crashed,AEP_FULL,after_response_before_resolution,payments,AUTHORITATIVE_READBACK,ORACLE_FINGERPRINT,fa2ccf9b-d7a1-4e84-ba50-adfcb4d4ca38,CONFIRMED_APPLIED,FIRED_CONFIRMED,1,1,0,,64106.0,0,0,,1
aep_full-after_response_before_resolution-payments-b1bc019d-r9,crashed,AEP_FULL,after_response_before_resolution,payments,AUTHORITATIVE_READBACK,ORACLE_FINGERPRINT,de0d2cb1-a0a9-4448-80ac-9509946a6cb9,CONFIRMED_APPLIED,FIRED_CONFIRMED,1,1,0,,54791.0,0,0,,1
aep_full-after_response_before_resolution-payments-b1bc019d-r9,crashed,AEP_FULL,after_response_before_resolution,payments,AUTHORITATIVE_READBACK,ORACLE_FINGERPRINT,ea29c123-1c51-4f6a-9ae4-a3b1e0edd4d9,CONFIRMED_APPLIED,FIRED_CONFIRMED,1,1,0,,45517.0,0,0,,1
aep_full-after_response_before_resolution-payments-b1bc019d-r9,crashed,AEP_FULL,after_response_before_resolution,payments,AUTHORITATIVE_READBACK,ORACLE_FINGERPRINT,9664b3aa-327f-419f-8839-d3c75f00e50a,CONFIRMED_APPLIED,FIRED_CONFIRMED,1,1,0,,32438.0,0,0,,1
aep_full-after_response_before_resolution-payments-b1bc019d-r9,crashed,AEP_FULL,after_response_before_resolution,payments,AUTHORITATIVE_READBACK,ORACLE_FINGERPRINT,afa27b69-4616-42d7-978f-c3ba9a4bbb06,CONFIRMED_APPLIED,FIRED_CONFIRMED,1,1,0,,22749.0,0,0,,1
aep_full-after_response_before_resolution-payments-b1bc019d-r9,crashed,AEP_FULL,after_response_before_resolution,payments,AUTHORITATIVE_READBACK,ORACLE_FINGERPRINT,0ea648d9-616e-4e00-8f11-4ace5893456b,CONFIRMED_APPLIED,FIRED_CONFIRMED,1,1,0,,68039.0,0,0,,1
aep_full-after_response_before_resolution-payments-b1bc019d-r9,crashed,AEP_FULL,after_response_before_resolution,payments,AUTHORITATIVE_READBACK,ORACLE_FINGERPRINT,b67d8894-2e13-4f26-951f-24cf238e964b,CONFIRMED_NOT_APPLIED,FAILED_CONFIRMED,0,1,0,,58394.0,0,0,,1
aep_full-after_response_before_resolution-payments-b1bc019d-r9,crashed,AEP_FULL,after_response_before_resolution,payments,AUTHORITATIVE_READBACK,ORACLE_FINGERPRINT,a4059fdc-6509-46e9-9e29-7f33c69d9f39,CONFIRMED_APPLIED,FIRED_CONFIRMED,1,1,0,,50504.0,0,0,,1
aep_full-after_response_before_resolution-payments-b1bc019d-r9,crashed,AEP_FULL,after_response_before_resolution,payments,AUTHORITATIVE_READBACK,ORACLE_FINGERPRINT,267a50fd-0b27-4de0-8876-118475253861,CONFIRMED_APPLIED,FIRED_CONFIRMED,1,1,0,,37547.0,0,0,,1
aep_full-after_response_before_resolution-payments-b1bc019d-r9,crashed,AEP_FULL,after_response_before_resolution,payments,AUTHORITATIVE_READBACK,ORACLE_FINGERPRINT,5b280b4d-ce2c-4849-8826-d4c814e5a14b,CONFIRMED_APPLIED,FIRED_CONFIRMED,1,1,0,,23324.0,0,0,,1
aep_full-before_intent_write-notifications-0ba511f6-r0,crashed,AEP_FULL,before_intent_write,notifications,POSITIVE_ONLY_READBACK,ORACLE_FINGERPRINT,cf5f8f25-cabf-4030-9797-17202808b9f6,NO_RECORD,NO_INTENT,0,1,0,,22186.0,0,0,,
aep_full-before_intent_write-notifications-0ba511f6-r0,crashed,AEP_FULL,before_intent_write,notifications,POSITIVE_ONLY_READBACK,ORACLE_FINGERPRINT,119ba233-f4fd-4077-b23e-73fca04b5e28,NO_RECORD,NO_INTENT,0,1,0,,17638.0,0,0,,
aep_full-before_intent_write-notifications-0ba511f6-r0,crashed,AEP_FULL,before_intent_write,notifications,POSITIVE_ONLY_READBACK,ORACLE_FINGERPRINT,7b92d22a-8bf9-4ab6-8bf7-9f279ca2d9c8,NO_RECORD,NO_INTENT,0,1,0,,12669.0,0,0,,
aep_full-before_intent_write-notifications-0ba511f6-r0,crashed,AEP_FULL,before_intent_write,notifications,POSITIVE_ONLY_READBACK,ORACLE_FINGERPRINT,66f74dff-81c3-4534-8d76-69afd82a7081,NO_RECORD,NO_INTENT,0,1,0,,5573.0,0,0,,
aep_full-before_intent_write-notifications-0ba511f6-r0,crashed,AEP_FULL,before_intent_write,notifications,POSITIVE_ONLY_READBACK,ORACLE_FINGERPRINT,f14e7cf2-aadb-49de-ad80-a4fdb42f7ac1,NO_RECORD,NO_INTENT,0,1,0,,766.0,0,0,,
aep_full-before_intent_write-notifications-0ba511f6-r0,crashed,AEP_FULL,before_intent_write,notifications,POSITIVE_ONLY_READBACK,ORACLE_FINGERPRINT,5d84dc2f-19fb-403a-b6ff-b491c4b5f2c5,NO_RECORD,NO_INTENT,0,1,0,,21391.0,0,0,,
aep_full-before_intent_write-notifications-0ba511f6-r0,crashed,AEP_FULL,before_intent_write,notifications,POSITIVE_ONLY_READBACK,ORACLE_FINGERPRINT,7b43f00e-d1dc-4d4c-a363-1f1ec5c7dbbb,NO_RECORD,NO_INTENT,0,1,0,,16587.0,0,0,,
aep_full-before_intent_write-notifications-0ba511f6-r0,crashed,AEP_FULL,before_intent_write,notifications,POSITIVE_ONLY_READBACK,ORACLE_FINGERPRINT,55dde232-43e0-4d42-a529-60a4c9fc3fcb,NO_RECORD,NO_INTENT,0,1,0,,11869.0,0,0,,
aep_full-before_intent_write-notifications-0ba511f6-r0,crashed,AEP_FULL,before_intent_write,notifications,POSITIVE_ONLY_READBACK,ORACLE_FINGERPRINT,053a565c-1414-47b9-b6c0-ecd07349d9b4,NO_RECORD,NO_INTENT,0,1,0,,4544.0,0,0,,
aep_full-before_intent_write-notifications-0ba511f6-r0,crashed,AEP_FULL,before_intent_write,notifications,POSITIVE_ONLY_READBACK,ORACLE_FINGERPRINT,7593423a-7661-463d-8982-4706600518be,NO_RECORD,NO_INTENT,0,1,0,,24.0,0,0,,
aep_full-before_intent_write-notifications-0ba511f6-r1,crashed,AEP_FULL,before_intent_write,notifications,POSITIVE_ONLY_READBACK,ORACLE_FINGERPRINT,54ba46a5-e359-4a77-942f-dffabf338d52,NO_RECORD,NO_INTENT,0,1,0,,10624.0,0,0,,
aep_full-before_intent_write-notifications-0ba511f6-r1,crashed,AEP_FULL,before_intent_write,notifications,POSITIVE_ONLY_READBACK,ORACLE_FINGERPRINT,4b8f11dc-f897-435a-a658-5f0925bf3028,NO_RECORD,NO_INTENT,0,1,0,,8047.0,0,0,,
aep_full-before_intent_write-notifications-0ba511f6-r1,crashed,AEP_FULL,before_intent_write,notifications,POSITIVE_ONLY_READBACK,ORACLE_FINGERPRINT,1f383671-2363-4070-86b3-f5f1badb8355,NO_RECORD,NO_INTENT,0,1,0,,5523.0,0,0,,
aep_full-before_intent_write-notifications-0ba511f6-r1,crashed,AEP_FULL,before_intent_write,notifications,POSITIVE_ONLY_READBACK,ORACLE_FINGERPRINT,9c123f51-b4cf-4697-9294-85c93a1378c7,NO_RECORD,NO_INTENT,0,1,0,,3041.0,0,0,,
aep_full-before_intent_write-notifications-0ba511f6-r1,crashed,AEP_FULL,before_intent_write,notifications,POSITIVE_ONLY_READBACK,ORACLE_FINGERPRINT,3a4e478f-10f4-48a4-a7e3-bd5319ccc387,NO_RECORD,NO_INTENT,0,1,0,,34.0,0,0,,
aep_full-before_intent_write-notifications-0ba511f6-r1,crashed,AEP_FULL,before_intent_write,notifications,POSITIVE_ONLY_READBACK,ORACLE_FINGERPRINT,5ec67fd4-ec41-4047-9925-8a924a48fa72,NO_RECORD,NO_INTENT,0,1,0,,10625.0,0,0,,
aep_full-before_intent_write-notifications-0ba511f6-r1,crashed,AEP_FULL,before_intent_write,notifications,POSITIVE_ONLY_READBACK,ORACLE_FINGERPRINT,00655cb7-cd80-4177-8141-ca180f98defe,NO_RECORD,NO_INTENT,0,1,0,,8046.0,0,0,,
aep_full-before_intent_write-notifications-0ba511f6-r1,crashed,AEP_FULL,before_intent_write,notifications,POSITIVE_ONLY_READBACK,ORACLE_FINGERPRINT,e94b64e7-93a1-43e9-afee-f41f7e619c7f,NO_RECORD,NO_INTENT,0,1,0,,5523.0,0,0,,
aep_full-before_intent_write-notifications-0ba511f6-r1,crashed,AEP_FULL,before_intent_write,notifications,POSITIVE_ONLY_READBACK,ORACLE_FINGERPRINT,dfd83878-0b8d-4184-b083-621baf71d1c5,NO_RECORD,NO_INTENT,0,1,0,,3042.0,0,0,,
aep_full-before_intent_write-notifications-0ba511f6-r1,crashed,AEP_FULL,before_intent_write,notifications,POSITIVE_ONLY_READBACK,ORACLE_FINGERPRINT,aab5c383-1d0b-4542-84ad-c951b9c324b7,NO_RECORD,NO_INTENT,0,1,0,,34.0,0,0,,
aep_full-before_intent_write-notifications-0ba511f6-r10,crashed,AEP_FULL,before_intent_write,notifications,POSITIVE_ONLY_READBACK,ORACLE_FINGERPRINT,697023b6-7e7a-4773-af3d-5fb4085ca50a,NO_RECORD,NO_INTENT,0,1,0,,16427.0,0,0,,
aep_full-before_intent_write-notifications-0ba511f6-r10,crashed,AEP_FULL,before_intent_write,notifications,POSITIVE_ONLY_READBACK,ORACLE_FINGERPRINT,eecc8b19-aba9-471e-95b2-4f3a66786498,NO_RECORD,NO_INTENT,0,1,0,,12615.0,0,0,,
aep_full-before_intent_write-notifications-0ba511f6-r10,crashed,AEP_FULL,before_intent_write,notifications,POSITIVE_ONLY_READBACK,ORACLE_FINGERPRINT,623a37d8-0069-4b7d-8512-87b37921a6e0,NO_RECORD,NO_INTENT,0,1,0,,8912.0,0,0,,
aep_full-before_intent_write-notifications-0ba511f6-r10,crashed,AEP_FULL,before_intent_write,notifications,POSITIVE_ONLY_READBACK,ORACLE_FINGERPRINT,9a6159e2-223e-4128-8230-d98f9d376fa9,NO_RECORD,NO_INTENT,0,1,0,,5080.0,0,0,,
aep_full-before_intent_write-notifications-0ba511f6-r10,crashed,AEP_FULL,before_intent_write,notifications,POSITIVE_ONLY_READBACK,ORACLE_FINGERPRINT,6d8efea4-ad45-4b56-a8e8-2999a08de5a7,NO_RECORD,NO_INTENT,0,1,0,,39.0,0,0,,
aep_full-before_intent_write-notifications-0ba511f6-r10,crashed,AEP_FULL,before_intent_write,notifications,POSITIVE_ONLY_READBACK,ORACLE_FINGERPRINT,621ecb58-4431-4b83-9277-d2aa09768194,NO_RECORD,NO_INTENT,0,1,0,,16459.0,0,0,,
aep_full-before_intent_write-notifications-0ba511f6-r10,crashed,AEP_FULL,before_intent_write,notifications,POSITIVE_ONLY_READBACK,ORACLE_FINGERPRINT,971b5cca-f603-4128-8818-ccd23754f346,NO_RECORD,NO_INTENT,0,1,0,,12615.0,0,0,,
aep_full-before_intent_write-notifications-0ba511f6-r10,crashed,AEP_FULL,before_intent_write,notifications,POSITIVE_ONLY_READBACK,ORACLE_FINGERPRINT,de794e63-e99f-4013-9a90-9a4f05cff37f,NO_RECORD,NO_INTENT,0,1,0,,8912.0,0,0,,
aep_full-before_intent_write-notifications-0ba511f6-r10,crashed,AEP_FULL,before_intent_write,notifications,POSITIVE_ONLY_READBACK,ORACLE_FINGERPRINT,5f6cc9c4-6989-42cf-9f60-925904177246,NO_RECORD,NO_INTENT,0,1,0,,5080.0,0,0,,
aep_full-before_intent_write-notifications-0ba511f6-r10,crashed,AEP_FULL,before_intent_write,notifications,POSITIVE_ONLY_READBACK,ORACLE_FINGERPRINT,83fc75be-ce7b-4689-b306-afa9809be423,NO_RECORD,NO_INTENT,0,1,0,,39.0,0,0,,
aep_full-before_intent_write-notifications-0ba511f6-r11,crashed,AEP_FULL,before_intent_write,notifications,POSITIVE_ONLY_READBACK,ORACLE_FINGERPRINT,77eba485-a7b7-428f-b0ca-b86844886c03,NO_RECORD,NO_INTENT,0,1,0,,12671.0,0,0,,
aep_full-before_intent_write-notifications-0ba511f6-r11,crashed,AEP_FULL,before_intent_write,notifications,POSITIVE_ONLY_READBACK,ORACLE_FINGERPRINT,997b4d73-3e1b-49ff-bc5a-ca51a50e2411,NO_RECORD,NO_INTENT,0,1,0,,8703.0,0,0,,
aep_full-before_intent_write-notifications-0ba511f6-r11,crashed,AEP_FULL,before_intent_write,notifications,POSITIVE_ONLY_READBACK,ORACLE_FINGERPRINT,4b67a6ed-f695-4cae-9d7a-4d89b5ad65c0,NO_RECORD,NO_INTENT,0,1,0,,5884.0,0,0,,
aep_full-before_intent_write-notifications-0ba511f6-r11,crashed,AEP_FULL,before_intent_write,notifications,POSITIVE_ONLY_READBACK,ORACLE_FINGERPRINT,433b95c6-0b8d-4e82-9cb6-de12c7d76588,NO_RECORD,NO_INTENT,0,1,0,,3088.0,0,0,,
aep_full-before_intent_write-notifications-0ba511f6-r11,crashed,AEP_FULL,before_intent_write,notifications,POSITIVE_ONLY_READBACK,ORACLE_FINGERPRINT,603bfd2f-dedc-45f0-91e5-5504b396d809,NO_RECORD,NO_INTENT,0,1,0,,45.0,0,0,,
aep_full-before_intent_write-notifications-0ba511f6-r11,crashed,AEP_FULL,before_intent_write,notifications,POSITIVE_ONLY_READBACK,ORACLE_FINGERPRINT,6d5428f6-46ea-47b9-b838-138c2fc26df8,NO_RECORD,NO_INTENT,0,1,0,,12670.0,0,0,,
aep_full-before_intent_write-notifications-0ba511f6-r11,crashed,AEP_FULL,before_intent_write,notifications,POSITIVE_ONLY_READBACK,ORACLE_FINGERPRINT,2bb33eef-8920-4649-91ce-05b50bbc3558,NO_RECORD,NO_INTENT,0,1,0,,8703.0,0,0,,
aep_full-before_intent_write-notifications-0ba511f6-r11,crashed,AEP_FULL,before_intent_write,notifications,POSITIVE_ONLY_READBACK,ORACLE_FINGERPRINT,6a71e3af-1b40-46e4-a914-4b7d746dd039,NO_RECORD,NO_INTENT,0,1,0,,5883.0,0,0,,
aep_full-before_intent_write-notifications-0ba511f6-r11,crashed,AEP_FULL,before_intent_write,notifications,POSITIVE_ONLY_READBACK,ORACLE_FINGERPRINT,e7c2e78b-4784-43eb-ad69-73782c7aefa6,NO_RECORD,NO_INTENT,0,1,0,,3088.0,0,0,,
aep_full-before_intent_write-notifications-0ba511f6-r11,crashed,AEP_FULL,before_intent_write,notifications,POSITIVE_ONLY_READBACK,ORACLE_FINGERPRINT,5486c45e-c2bf-49f8-97d6-2bf1c98ddbc1,NO_RECORD,NO_INTENT,0,1,0,,45.0,0,0,,
aep_full-before_intent_write-notifications-0ba511f6-r12,crashed,AEP_FULL,before_intent_write,notifications,POSITIVE_ONLY_READBACK,ORACLE_FINGERPRINT,2a1d8d70-cbec-4da9-85ae-359f26838bf0,NO_RECORD,NO_INTENT,0,1,0,,22639.0,0,0,,
aep_full-before_intent_write-notifications-0ba511f6-r12,crashed,AEP_FULL,before_intent_write,notifications,POSITIVE_ONLY_READBACK,ORACLE_FINGERPRINT,75cdfda1-47ce-4434-95db-b6c6bb21ebee,NO_RECORD,NO_INTENT,0,1,0,,17982.0,0,0,,
aep_full-before_intent_write-notifications-0ba511f6-r12,crashed,AEP_FULL,before_intent_write,notifications,POSITIVE_ONLY_READBACK,ORACLE_FINGERPRINT,909f095a-d9bd-4294-97b0-848cafc85f91,NO_RECORD,NO_INTENT,0,1,0,,12586.0,0,0,,
aep_full-before_intent_write-notifications-0ba511f6-r12,crashed,AEP_FULL,before_intent_write,notifications,POSITIVE_ONLY_READBACK,ORACLE_FINGERPRINT,09bc2796-51e2-489d-934a-24c4707cb745,NO_RECORD,NO_INTENT,0,1,0,,7207.0,0,0,,
aep_full-before_intent_write-notifications-0ba511f6-r12,crashed,AEP_FULL,before_intent_write,notifications,POSITIVE_ONLY_READBACK,ORACLE_FINGERPRINT,f1e70ea8-9a40-4502-8933-73496a9845b1,NO_RECORD,NO_INTENT,0,1,0,,63.0,0,0,,
aep_full-before_intent_write-notifications-0ba511f6-r12,crashed,AEP_FULL,before_intent_write,notifications,POSITIVE_ONLY_READBACK,ORACLE_FINGERPRINT,f98b8809-1725-40f5-a8e1-c430abbad303,NO_RECORD,NO_INTENT,0,1,0,,22639.0,0,0,,
aep_full-before_intent_write-notifications-0ba511f6-r12,crashed,AEP_FULL,before_intent_write,notifications,POSITIVE_ONLY_READBACK,ORACLE_FINGERPRINT,523e8b44-fc00-43c0-b17d-21a52e949d4d,NO_RECORD,NO_INTENT,0,1,0,,17981.0,0,0,,
aep_full-before_intent_write-notifications-0ba511f6-r12,crashed,AEP_FULL,before_intent_write,notifications,POSITIVE_ONLY_READBACK,ORACLE_FINGERPRINT,87021cef-d0c2-4aa0-b32a-43e597746070,NO_RECORD,NO_INTENT,0,1,0,,12586.0,0,0,,
aep_full-before_intent_write-notifications-0ba511f6-r12,crashed,AEP_FULL,before_intent_write,notifications,POSITIVE_ONLY_READBACK,ORACLE_FINGERPRINT,98f00ed1-d4ea-4e46-8096-34b99034176d,NO_RECORD,NO_INTENT,0,1,0,,7105.0,0,0,,
aep_full-before_intent_write-notifications-0ba511f6-r12,crashed,AEP_FULL,before_intent_write,notifications,POSITIVE_ONLY_READBACK,ORACLE_FINGERPRINT,69322577-e18e-4aad-a58a-041c6de2fd42,NO_RECORD,NO_INTENT,0,1,0,,60.0,0,0,,
aep_full-before_intent_write-notifications-0ba511f6-r13,crashed,AEP_FULL,before_intent_write,notifications,POSITIVE_ONLY_READBACK,ORACLE_FINGERPRINT,f24002bf-c694-4c9d-b4f0-10a4a59deae8,NO_RECORD,NO_INTENT,0,1,0,,14134.0,0,0,,
aep_full-before_intent_write-notifications-0ba511f6-r13,crashed,AEP_FULL,before_intent_write,notifications,POSITIVE_ONLY_READBACK,ORACLE_FINGERPRINT,9b75595b-7737-42ab-90d7-ff2f86946aae,NO_RECORD,NO_INTENT,0,1,0,,10360.0,0,0,,
aep_full-before_intent_write-notifications-0ba511f6-r13,crashed,AEP_FULL,before_intent_write,notifications,POSITIVE_ONLY_READBACK,ORACLE_FINGERPRINT,47598cab-9d2a-43d1-8499-cff32bb33203,NO_RECORD,NO_INTENT,0,1,0,,7065.0,0,0,,
aep_full-before_intent_write-notifications-0ba511f6-r13,crashed,AEP_FULL,before_intent_write,notifications,POSITIVE_ONLY_READBACK,ORACLE_FINGERPRINT,c30376b1-b567-48ce-ba81-a6b5a1be1dec,NO_RECORD,NO_INTENT,0,1,0,,3536.0,0,0,,
aep_full-before_intent_write-notifications-0ba511f6-r13,crashed,AEP_FULL,before_intent_write,notifications,POSITIVE_ONLY_READBACK,ORACLE_FINGERPRINT,8e46d7bc-c9a3-44de-a5c3-d3358a8a0b3b,NO_RECORD,NO_INTENT,0,1,0,,37.0,0,0,,
aep_full-before_intent_write-notifications-0ba511f6-r13,crashed,AEP_FULL,before_intent_write,notifications,POSITIVE_ONLY_READBACK,ORACLE_FINGERPRINT,26fdce31-b4cf-43e7-a69f-b945c87ec3a8,NO_RECORD,NO_INTENT,0,1,0,,14134.0,0,0,,
aep_full-before_intent_write-notifications-0ba511f6-r13,crashed,AEP_FULL,before_intent_write,notifications,POSITIVE_ONLY_READBACK,ORACLE_FINGERPRINT,df85829e-1248-46f6-9e7b-02d0916e557e,NO_RECORD,NO_INTENT,0,1,0,,10359.0,0,0,,
aep_full-before_intent_write-notifications-0ba511f6-r13,crashed,AEP_FULL,before_intent_write,notifications,POSITIVE_ONLY_READBACK,ORACLE_FINGERPRINT,d7ab4c0e-e191-4cf2-a80b-8c129e01df13,NO_RECORD,NO_INTENT,0,1,0,,7064.0,0,0,,
aep_full-before_intent_write-notifications-0ba511f6-r13,crashed,AEP_FULL,before_intent_write,notifications,POSITIVE_ONLY_READBACK,ORACLE_FINGERPRINT,2a2c219d-e813-4244-91bd-c025701171bb,NO_RECORD,NO_INTENT,0,1,0,,3535.0,0,0,,
aep_full-before_intent_write-notifications-0ba511f6-r13,crashed,AEP_FULL,before_intent_write,notifications,POSITIVE_ONLY_READBACK,ORACLE_FINGERPRINT,a4ffad9f-7a4b-490d-83d9-840b0966a822,NO_RECORD,NO_INTENT,0,1,0,,36.0,0,0,,
aep_full-before_intent_write-notifications-0ba511f6-r14,crashed,AEP_FULL,before_intent_write,notifications,POSITIVE_ONLY_READBACK,ORACLE_FINGERPRINT,48cc1fe8-f6c8-4b56-8409-58069c797f86,NO_RECORD,NO_INTENT,0,1,0,,17633.0,0,0,,
aep_full-before_intent_write-notifications-0ba511f6-r14,crashed,AEP_FULL,before_intent_write,notifications,POSITIVE_ONLY_READBACK,ORACLE_FINGERPRINT,0b3a65aa-a9c1-4ef8-805b-c7bd5c7b89c4,NO_RECORD,NO_INTENT,0,1,0,,12677.0,0,0,,
aep_full-before_intent_write-notifications-0ba511f6-r14,crashed,AEP_FULL,before_intent_write,notifications,POSITIVE_ONLY_READBACK,ORACLE_FINGERPRINT,d7b2e8ed-6f2b-4240-812b-82878803f1ce,NO_RECORD,NO_INTENT,0,1,0,,8143.0,0,0,,
aep_full-before_intent_write-notifications-0ba511f6-r14,crashed,AEP_FULL,before_intent_write,notifications,POSITIVE_ONLY_READBACK,ORACLE_FINGERPRINT,53735f2d-5280-4ae0-b99c-309e2d9f1b2e,NO_RECORD,NO_INTENT,0,1,0,,3770.0,0,0,,
aep_full-before_intent_write-notifications-0ba511f6-r14,crashed,AEP_FULL,before_intent_write,notifications,POSITIVE_ONLY_READBACK,ORACLE_FINGERPRINT,73429c8e-2d97-4dcc-a888-34e523f1d49b,NO_RECORD,NO_INTENT,0,1,0,,46.0,0,0,,
aep_full-before_intent_write-notifications-0ba511f6-r14,crashed,AEP_FULL,before_intent_write,notifications,POSITIVE_ONLY_READBACK,ORACLE_FINGERPRINT,7e368b2d-5ae2-484c-9ea8-f9c3fa60ed3e,NO_RECORD,NO_INTENT,0,1,0,,17632.0,0,0,,
aep_full-before_intent_write-notifications-0ba511f6-r14,crashed,AEP_FULL,before_intent_write,notifications,POSITIVE_ONLY_READBACK,ORACLE_FINGERPRINT,6136dc73-86d5-44e5-977e-190df92a16ad,NO_RECORD,NO_INTENT,0,1,0,,12676.0,0,0,,
aep_full-before_intent_write-notifications-0ba511f6-r14,crashed,AEP_FULL,before_intent_write,notifications,POSITIVE_ONLY_READBACK,ORACLE_FINGERPRINT,a7400186-00c1-4159-a5c7-90e24a15c7a6,NO_RECORD,NO_INTENT,0,1,0,,8143.0,0,0,,
aep_full-before_intent_write-notifications-0ba511f6-r14,crashed,AEP_FULL,before_intent_write,notifications,POSITIVE_ONLY_READBACK,ORACLE_FINGERPRINT,82f89ed7-45fe-498c-8d16-5e4969316deb,NO_RECORD,NO_INTENT,0,1,0,,3771.0,0,0,,
aep_full-before_intent_write-notifications-0ba511f6-r14,crashed,AEP_FULL,before_intent_write,notifications,POSITIVE_ONLY_READBACK,ORACLE_FINGERPRINT,57dd7757-5456-4b95-a3f2-d07d51fdbfcd,NO_RECORD,NO_INTENT,0,1,0,,46.0,0,0,,
aep_full-before_intent_write-notifications-0ba511f6-r2,crashed,AEP_FULL,before_intent_write,notifications,POSITIVE_ONLY_READBACK,ORACLE_FINGERPRINT,959ea62e-9c9b-4baf-8f5d-3e6ae6439a4e,NO_RECORD,NO_INTENT,0,1,0,,18023.0,0,0,,
aep_full-before_intent_write-notifications-0ba511f6-r2,crashed,AEP_FULL,before_intent_write,notifications,POSITIVE_ONLY_READBACK,ORACLE_FINGERPRINT,936eb8e5-a5d8-45fb-84ec-54dc20cb4b6d,NO_RECORD,NO_INTENT,0,1,0,,13217.0,0,0,,
aep_full-before_intent_write-notifications-0ba511f6-r2,crashed,AEP_FULL,before_intent_write,notifications,POSITIVE_ONLY_READBACK,ORACLE_FINGERPRINT,874ab3d2-121f-4a47-a0b1-8a201798af4c,NO_RECORD,NO_INTENT,0,1,0,,8232.0,0,0,,
aep_full-before_intent_write-notifications-0ba511f6-r2,crashed,AEP_FULL,before_intent_write,notifications,POSITIVE_ONLY_READBACK,ORACLE_FINGERPRINT,bd06e071-ff11-483a-b2c0-162be8840495,NO_RECORD,NO_INTENT,0,1,0,,3911.0,0,0,,
aep_full-before_intent_write-notifications-0ba511f6-r2,crashed,AEP_FULL,before_intent_write,notifications,POSITIVE_ONLY_READBACK,ORACLE_FINGERPRINT,0fe8f047-551c-46aa-ae09-6ed2c070efb3,NO_RECORD,NO_INTENT,0,1,0,,53.0,0,0,,
aep_full-before_intent_write-notifications-0ba511f6-r2,crashed,AEP_FULL,before_intent_write,notifications,POSITIVE_ONLY_READBACK,ORACLE_FINGERPRINT,9b275ce1-a780-489e-9fd0-d53ab4ef1c29,NO_RECORD,NO_INTENT,0,1,0,,18022.0,0,0,,
aep_full-before_intent_write-notifications-0ba511f6-r2,crashed,AEP_FULL,before_intent_write,notifications,POSITIVE_ONLY_READBACK,ORACLE_FINGERPRINT,361d18fb-6822-4586-89d4-cdf174212410,NO_RECORD,NO_INTENT,0,1,0,,13173.0,0,0,,
aep_full-before_intent_write-notifications-0ba511f6-r2,crashed,AEP_FULL,before_intent_write,notifications,POSITIVE_ONLY_READBACK,ORACLE_FINGERPRINT,1b4f3dd3-8f3b-4bd2-9281-21a750416472,NO_RECORD,NO_INTENT,0,1,0,,8253.0,0,0,,
aep_full-before_intent_write-notifications-0ba511f6-r2,crashed,AEP_FULL,before_intent_write,notifications,POSITIVE_ONLY_READBACK,ORACLE_FINGERPRINT,05b8e674-4571-465f-953a-9e40fff18f37,NO_RECORD,NO_INTENT,0,1,0,,3900.0,0,0,,
aep_full-before_intent_write-notifications-0ba511f6-r2,crashed,AEP_FULL,before_intent_write,notifications,POSITIVE_ONLY_READBACK,ORACLE_FINGERPRINT,92e3d7dd-c00b-44b0-934d-97d937e9ef35,NO_RECORD,NO_INTENT,0,1,0,,52.0,0,0,,
aep_full-before_intent_write-notifications-0ba511f6-r3,crashed,AEP_FULL,before_intent_write,notifications,POSITIVE_ONLY_READBACK,ORACLE_FINGERPRINT,3643d692-2614-4e4c-9a74-c82045d10f0f,NO_RECORD,NO_INTENT,0,1,0,,10999.0,0,0,,
aep_full-before_intent_write-notifications-0ba511f6-r3,crashed,AEP_FULL,before_intent_write,notifications,POSITIVE_ONLY_READBACK,ORACLE_FINGERPRINT,79615668-10d5-4da4-9123-f5c72f4e7ff7,NO_RECORD,NO_INTENT,0,1,0,,8346.0,0,0,,
aep_full-before_intent_write-notifications-0ba511f6-r3,crashed,AEP_FULL,before_intent_write,notifications,POSITIVE_ONLY_READBACK,ORACLE_FINGERPRINT,86487c0c-9fb1-4cb0-8612-a42dd79bb499,NO_RECORD,NO_INTENT,0,1,0,,5138.0,0,0,,
aep_full-before_intent_write-notifications-0ba511f6-r3,crashed,AEP_FULL,before_intent_write,notifications,POSITIVE_ONLY_READBACK,ORACLE_FINGERPRINT,fcf9d931-0f99-4602-95dc-6c923fe927a5,NO_RECORD,NO_INTENT,0,1,0,,2496.0,0,0,,
aep_full-before_intent_write-notifications-0ba511f6-r3,crashed,AEP_FULL,before_intent_write,notifications,POSITIVE_ONLY_READBACK,ORACLE_FINGERPRINT,c22afa46-f8a3-41e6-95b6-7f2607af76b4,NO_RECORD,NO_INTENT,0,1,0,,36.0,0,0,,
aep_full-before_intent_write-notifications-0ba511f6-r3,crashed,AEP_FULL,before_intent_write,notifications,POSITIVE_ONLY_READBACK,ORACLE_FINGERPRINT,be46a323-eb1a-4f25-b213-3dd740245304,NO_RECORD,NO_INTENT,0,1,0,,11000.0,0,0,,
aep_full-before_intent_write-notifications-0ba511f6-r3,crashed,AEP_FULL,before_intent_write,notifications,POSITIVE_ONLY_READBACK,ORACLE_FINGERPRINT,177384c0-6c69-4398-8ddd-e81a80f38a46,NO_RECORD,NO_INTENT,0,1,0,,8346.0,0,0,,
aep_full-before_intent_write-notifications-0ba511f6-r3,crashed,AEP_FULL,before_intent_write,notifications,POSITIVE_ONLY_READBACK,ORACLE_FINGERPRINT,f6fd9d99-a9dc-4a31-ad90-6fcee4edf305,NO_RECORD,NO_INTENT,0,1,0,,5140.0,0,0,,
aep_full-before_intent_write-notifications-0ba511f6-r3,crashed,AEP_FULL,before_intent_write,notifications,POSITIVE_ONLY_READBACK,ORACLE_FINGERPRINT,7c79bf44-6fa4-4831-8680-893f7b63b70b,NO_RECORD,NO_INTENT,0,1,0,,2496.0,0,0,,
aep_full-before_intent_write-notifications-0ba511f6-r3,crashed,AEP_FULL,before_intent_write,notifications,POSITIVE_ONLY_READBACK,ORACLE_FINGERPRINT,90adc60b-27b7-44b6-a714-1b06856241cf,NO_RECORD,NO_INTENT,0,1,0,,35.0,0,0,,
aep_full-before_intent_write-notifications-0ba511f6-r4,crashed,AEP_FULL,before_intent_write,notifications,POSITIVE_ONLY_READBACK,ORACLE_FINGERPRINT,a5a962de-9c0a-4c34-a49c-b8824e2084c6,NO_RECORD,NO_INTENT,0,1,0,,9702.0,0,0,,
aep_full-before_intent_write-notifications-0ba511f6-r4,crashed,AEP_FULL,before_intent_write,notifications,POSITIVE_ONLY_READBACK,ORACLE_FINGERPRINT,7a8be651-bd9a-48bb-bfe4-4fd2d61cc807,NO_RECORD,NO_INTENT,0,1,0,,7168.0,0,0,,
aep_full-before_intent_write-notifications-0ba511f6-r4,crashed,AEP_FULL,before_intent_write,notifications,POSITIVE_ONLY_READBACK,ORACLE_FINGERPRINT,c440c20a-b05b-4545-a96f-fe7e407ed1ab,NO_RECORD,NO_INTENT,0,1,0,,4726.0,0,0,,
aep_full-before_intent_write-notifications-0ba511f6-r4,crashed,AEP_FULL,before_intent_write,notifications,POSITIVE_ONLY_READBACK,ORACLE_FINGERPRINT,78122862-f01d-44fb-bf04-db69a6c0b2c6,NO_RECORD,NO_INTENT,0,1,0,,2230.0,0,0,,
aep_full-before_intent_write-notifications-0ba511f6-r4,crashed,AEP_FULL,before_intent_write,notifications,POSITIVE_ONLY_READBACK,ORACLE_FINGERPRINT,058a5ded-4991-46fe-878d-6a7b84d051d8,NO_RECORD,NO_INTENT,0,1,0,,25.0,0,0,,
aep_full-before_intent_write-notifications-0ba511f6-r4,crashed,AEP_FULL,before_intent_write,notifications,POSITIVE_ONLY_READBACK,ORACLE_FINGERPRINT,1ba058a7-f34d-444c-952a-633d0e498a57,NO_RECORD,NO_INTENT,0,1,0,,9702.0,0,0,,
aep_full-before_intent_write-notifications-0ba511f6-r4,crashed,AEP_FULL,before_intent_write,notifications,POSITIVE_ONLY_READBACK,ORACLE_FINGERPRINT,7521026d-907c-4e7c-81c1-d7505c509e74,NO_RECORD,NO_INTENT,0,1,0,,7168.0,0,0,,
aep_full-before_intent_write-notifications-0ba511f6-r4,crashed,AEP_FULL,before_intent_write,notifications,POSITIVE_ONLY_READBACK,ORACLE_FINGERPRINT,d9b6448f-3a0f-4b20-9713-179f3a36cc08,NO_RECORD,NO_INTENT,0,1,0,,4725.0,0,0,,
aep_full-before_intent_write-notifications-0ba511f6-r4,crashed,AEP_FULL,before_intent_write,notifications,POSITIVE_ONLY_READBACK,ORACLE_FINGERPRINT,407a16fc-bc66-44f2-a47d-1c71d5514ec6,NO_RECORD,NO_INTENT,0,1,0,,2230.0,0,0,,
aep_full-before_intent_write-notifications-0ba511f6-r4,crashed,AEP_FULL,before_intent_write,notifications,POSITIVE_ONLY_READBACK,ORACLE_FINGERPRINT,bee2839c-4d7e-4f4b-9e88-a15e684e5848,NO_RECORD,NO_INTENT,0,1,0,,25.0,0,0,,
aep_full-before_intent_write-notifications-0ba511f6-r5,crashed,AEP_FULL,before_intent_write,notifications,POSITIVE_ONLY_READBACK,ORACLE_FINGERPRINT,0d138611-fd4f-4959-9ab8-75bd791f7c10,NO_RECORD,NO_INTENT,0,1,0,,15236.0,0,0,,
aep_full-before_intent_write-notifications-0ba511f6-r5,crashed,AEP_FULL,before_intent_write,notifications,POSITIVE_ONLY_READBACK,ORACLE_FINGERPRINT,f7d4c4d5-31ab-4101-b0a7-62082d47e8ca,NO_RECORD,NO_INTENT,0,1,0,,11895.0,0,0,,
aep_full-before_intent_write-notifications-0ba511f6-r5,crashed,AEP_FULL,before_intent_write,notifications,POSITIVE_ONLY_READBACK,ORACLE_FINGERPRINT,49dee2cd-8016-4f67-845e-cd70db76bed3,NO_RECORD,NO_INTENT,0,1,0,,7858.0,0,0,,
aep_full-before_intent_write-notifications-0ba511f6-r5,crashed,AEP_FULL,before_intent_write,notifications,POSITIVE_ONLY_READBACK,ORACLE_FINGERPRINT,5e9f73ec-d265-4b75-8156-78606f83df82,NO_RECORD,NO_INTENT,0,1,0,,4076.0,0,0,,
aep_full-before_intent_write-notifications-0ba511f6-r5,crashed,AEP_FULL,before_intent_write,notifications,POSITIVE_ONLY_READBACK,ORACLE_FINGERPRINT,c47d7e1e-2cb2-440a-9f50-729d90e90f4d,NO_RECORD,NO_INTENT,0,1,0,,525.0,0,0,,
aep_full-before_intent_write-notifications-0ba511f6-r5,crashed,AEP_FULL,before_intent_write,notifications,POSITIVE_ONLY_READBACK,ORACLE_FINGERPRINT,40523388-887a-4990-b76e-e2918efe0adf,NO_RECORD,NO_INTENT,0,1,0,,14680.0,0,0,,
aep_full-before_intent_write-notifications-0ba511f6-r5,crashed,AEP_FULL,before_intent_write,notifications,POSITIVE_ONLY_READBACK,ORACLE_FINGERPRINT,55742621-c8d7-4f7e-9e1f-8bf247a4d59c,NO_RECORD,NO_INTENT,0,1,0,,11241.0,0,0,,
aep_full-before_intent_write-notifications-0ba511f6-r5,crashed,AEP_FULL,before_intent_write,notifications,POSITIVE_ONLY_READBACK,ORACLE_FINGERPRINT,2d464759-73bd-4fe0-bc4f-8f998481e94b,NO_RECORD,NO_INTENT,0,1,0,,7393.0,0,0,,
aep_full-before_intent_write-notifications-0ba511f6-r5,crashed,AEP_FULL,before_intent_write,notifications,POSITIVE_ONLY_READBACK,ORACLE_FINGERPRINT,f822e092-037a-4b9e-a389-d4786dd62fbf,NO_RECORD,NO_INTENT,0,1,0,,3697.0,0,0,,
aep_full-before_intent_write-notifications-0ba511f6-r5,crashed,AEP_FULL,before_intent_write,notifications,POSITIVE_ONLY_READBACK,ORACLE_FINGERPRINT,6cb45c72-a0cb-4c44-bd3a-4ec6877686f7,NO_RECORD,NO_INTENT,0,1,0,,31.0,0,0,,
aep_full-before_intent_write-notifications-0ba511f6-r6,crashed,AEP_FULL,before_intent_write,notifications,POSITIVE_ONLY_READBACK,ORACLE_FINGERPRINT,0b2faab4-8a51-4fcb-930f-a3cf98f04b9a,NO_RECORD,NO_INTENT,0,1,0,,15877.0,0,0,,
aep_full-before_intent_write-notifications-0ba511f6-r6,crashed,AEP_FULL,before_intent_write,notifications,POSITIVE_ONLY_READBACK,ORACLE_FINGERPRINT,07fa9fab-a99b-4430-909d-62741fb9ff88,NO_RECORD,NO_INTENT,0,1,0,,12624.0,0,0,,
aep_full-before_intent_write-notifications-0ba511f6-r6,crashed,AEP_FULL,before_intent_write,notifications,POSITIVE_ONLY_READBACK,ORACLE_FINGERPRINT,d5b3af85-d7c6-4df6-a29f-f816005e1939,NO_RECORD,NO_INTENT,0,1,0,,9621.0,0,0,,
aep_full-before_intent_write-notifications-0ba511f6-r6,crashed,AEP_FULL,before_intent_write,notifications,POSITIVE_ONLY_READBACK,ORACLE_FINGERPRINT,cf9bfd84-557a-44ec-bc15-0b9c94e2067f,NO_RECORD,NO_INTENT,0,1,0,,3560.0,0,0,,
aep_full-before_intent_write-notifications-0ba511f6-r6,crashed,AEP_FULL,before_intent_write,notifications,POSITIVE_ONLY_READBACK,ORACLE_FINGERPRINT,22b198eb-4d48-4024-97b9-30a345d16d08,NO_RECORD,NO_INTENT,0,1,0,,25.0,0,0,,
aep_full-before_intent_write-notifications-0ba511f6-r6,crashed,AEP_FULL,before_intent_write,notifications,POSITIVE_ONLY_READBACK,ORACLE_FINGERPRINT,7c790df7-ada2-4838-9a0a-8e46df6953a2,NO_RECORD,NO_INTENT,0,1,0,,16495.0,0,0,,
aep_full-before_intent_write-notifications-0ba511f6-r6,crashed,AEP_FULL,before_intent_write,notifications,POSITIVE_ONLY_READBACK,ORACLE_FINGERPRINT,68e563fb-1b02-4d18-8e32-ffd05db87a0a,NO_RECORD,NO_INTENT,0,1,0,,13196.0,0,0,,
aep_full-before_intent_write-notifications-0ba511f6-r6,crashed,AEP_FULL,before_intent_write,notifications,POSITIVE_ONLY_READBACK,ORACLE_FINGERPRINT,2fd28da4-711c-4f85-830a-4c25cfaa87eb,NO_RECORD,NO_INTENT,0,1,0,,10244.0,0,0,,
aep_full-before_intent_write-notifications-0ba511f6-r6,crashed,AEP_FULL,before_intent_write,notifications,POSITIVE_ONLY_READBACK,ORACLE_FINGERPRINT,71c1c85d-8f58-48ee-bdad-592c57cadaa0,NO_RECORD,NO_INTENT,0,1,0,,4188.0,0,0,,
aep_full-before_intent_write-notifications-0ba511f6-r6,crashed,AEP_FULL,before_intent_write,notifications,POSITIVE_ONLY_READBACK,ORACLE_FINGERPRINT,82692996-d144-4278-8fa2-76235b69b13a,NO_RECORD,NO_INTENT,0,1,0,,692.0,0,0,,
aep_full-before_intent_write-notifications-0ba511f6-r7,crashed,AEP_FULL,before_intent_write,notifications,POSITIVE_ONLY_READBACK,ORACLE_FINGERPRINT,6a8a38ce-7a03-4283-b96c-d339880aed4b,NO_RECORD,NO_INTENT,0,1,0,,30788.0,0,0,,
aep_full-before_intent_write-notifications-0ba511f6-r7,crashed,AEP_FULL,before_intent_write,notifications,POSITIVE_ONLY_READBACK,ORACLE_FINGERPRINT,594d1ddd-b239-4080-b3dc-b0d9d0e4dfef,NO_RECORD,NO_INTENT,0,1,0,,21147.0,0,0,,
aep_full-before_intent_write-notifications-0ba511f6-r7,crashed,AEP_FULL,before_intent_write,notifications,POSITIVE_ONLY_READBACK,ORACLE_FINGERPRINT,2cec3240-951d-47d4-99fb-84931b280ad1,NO_RECORD,NO_INTENT,0,1,0,,14364.0,0,0,,
aep_full-before_intent_write-notifications-0ba511f6-r7,crashed,AEP_FULL,before_intent_write,notifications,POSITIVE_ONLY_READBACK,ORACLE_FINGERPRINT,306dd4d3-54b4-401f-8e92-256ce96bf5e7,NO_RECORD,NO_INTENT,0,1,0,,7613.0,0,0,,
aep_full-before_intent_write-notifications-0ba511f6-r7,crashed,AEP_FULL,before_intent_write,notifications,POSITIVE_ONLY_READBACK,ORACLE_FINGERPRINT,32da4e81-d5a4-4dc7-8d14-77f560401ea3,NO_RECORD,NO_INTENT,0,1,0,,1146.0,0,0,,
aep_full-before_intent_write-notifications-0ba511f6-r7,crashed,AEP_FULL,before_intent_write,notifications,POSITIVE_ONLY_READBACK,ORACLE_FINGERPRINT,07651a10-c062-416b-81ba-dc08d78c4c65,NO_RECORD,NO_INTENT,0,1,0,,29231.0,0,0,,
aep_full-before_intent_write-notifications-0ba511f6-r7,crashed,AEP_FULL,before_intent_write,notifications,POSITIVE_ONLY_READBACK,ORACLE_FINGERPRINT,4516a9e7-9463-47e3-83e9-749af7757432,NO_RECORD,NO_INTENT,0,1,0,,19581.0,0,0,,
aep_full-before_intent_write-notifications-0ba511f6-r7,crashed,AEP_FULL,before_intent_write,notifications,POSITIVE_ONLY_READBACK,ORACLE_FINGERPRINT,2b31738d-a2d8-4a06-9b02-04067fae4623,NO_RECORD,NO_INTENT,0,1,0,,12930.0,0,0,,
aep_full-before_intent_write-notifications-0ba511f6-r7,crashed,AEP_FULL,before_intent_write,notifications,POSITIVE_ONLY_READBACK,ORACLE_FINGERPRINT,63d87fca-e17b-404a-b8ed-efa17f40e5d9,NO_RECORD,NO_INTENT,0,1,0,,6171.0,0,0,,
aep_full-before_intent_write-notifications-0ba511f6-r7,crashed,AEP_FULL,before_intent_write,notifications,POSITIVE_ONLY_READBACK,ORACLE_FINGERPRINT,0d0711ff-1fee-452a-8e15-4e07c56139b7,NO_RECORD,NO_INTENT,0,1,0,,32.0,0,0,,
aep_full-before_intent_write-notifications-0ba511f6-r8,crashed,AEP_FULL,before_intent_write,notifications,POSITIVE_ONLY_READBACK,ORACLE_FINGERPRINT,c5768319-540c-435f-8b8d-b865631cb963,NO_RECORD,NO_INTENT,0,1,0,,17075.0,0,0,,
aep_full-before_intent_write-notifications-0ba511f6-r8,crashed,AEP_FULL,before_intent_write,notifications,POSITIVE_ONLY_READBACK,ORACLE_FINGERPRINT,405d493b-043c-48d9-af74-5d0891bcc38a,NO_RECORD,NO_INTENT,0,1,0,,13817.0,0,0,,
aep_full-before_intent_write-notifications-0ba511f6-r8,crashed,AEP_FULL,before_intent_write,notifications,POSITIVE_ONLY_READBACK,ORACLE_FINGERPRINT,d517c236-8e48-475b-bdd9-488a4177d223,NO_RECORD,NO_INTENT,0,1,0,,9817.0,0,0,,
aep_full-before_intent_write-notifications-0ba511f6-r8,crashed,AEP_FULL,before_intent_write,notifications,POSITIVE_ONLY_READBACK,ORACLE_FINGERPRINT,9c36a4cd-4934-4873-8b21-c1e2469ab85f,NO_RECORD,NO_INTENT,0,1,0,,5818.0,0,0,,
aep_full-before_intent_write-notifications-0ba511f6-r8,crashed,AEP_FULL,before_intent_write,notifications,POSITIVE_ONLY_READBACK,ORACLE_FINGERPRINT,6b528c40-25b9-4f40-893b-39d9926f4b81,NO_RECORD,NO_INTENT,0,1,0,,28.0,0,0,,
aep_full-before_intent_write-notifications-0ba511f6-r8,crashed,AEP_FULL,before_intent_write,notifications,POSITIVE_ONLY_READBACK,ORACLE_FINGERPRINT,b9a6e410-c4c3-44ff-8cc3-0ba7912ade37,NO_RECORD,NO_INTENT,0,1,0,,17076.0,0,0,,
aep_full-before_intent_write-notifications-0ba511f6-r8,crashed,AEP_FULL,before_intent_write,notifications,POSITIVE_ONLY_READBACK,ORACLE_FINGERPRINT,7198c4cf-fefc-4b56-904d-918bf4e77aa9,NO_RECORD,NO_INTENT,0,1,0,,13817.0,0,0,,
aep_full-before_intent_write-notifications-0ba511f6-r8,crashed,AEP_FULL,before_intent_write,notifications,POSITIVE_ONLY_READBACK,ORACLE_FINGERPRINT,7708bd85-7052-4062-8af7-6c07d34cbbfe,NO_RECORD,NO_INTENT,0,1,0,,9793.0,0,0,,
aep_full-before_intent_write-notifications-0ba511f6-r8,crashed,AEP_FULL,before_intent_write,notifications,POSITIVE_ONLY_READBACK,ORACLE_FINGERPRINT,14358c58-393f-419f-9e6e-593f19048e4e,NO_RECORD,NO_INTENT,0,1,0,,5819.0,0,0,,
aep_full-before_intent_write-notifications-0ba511f6-r8,crashed,AEP_FULL,before_intent_write,notifications,POSITIVE_ONLY_READBACK,ORACLE_FINGERPRINT,932d7ca7-9106-412c-8ff4-1478e987133b,NO_RECORD,NO_INTENT,0,1,0,,29.0,0,0,,
aep_full-before_intent_write-notifications-0ba511f6-r9,crashed,AEP_FULL,before_intent_write,notifications,POSITIVE_ONLY_READBACK,ORACLE_FINGERPRINT,bd577c1c-c868-410c-b73f-98ca207fa9f0,NO_RECORD,NO_INTENT,0,1,0,,13356.0,0,0,,
aep_full-before_intent_write-notifications-0ba511f6-r9,crashed,AEP_FULL,before_intent_write,notifications,POSITIVE_ONLY_READBACK,ORACLE_FINGERPRINT,1b5fe62a-c681-40dd-ae8a-4ef80f822b7a,NO_RECORD,NO_INTENT,0,1,0,,9913.0,0,0,,
aep_full-before_intent_write-notifications-0ba511f6-r9,crashed,AEP_FULL,before_intent_write,notifications,POSITIVE_ONLY_READBACK,ORACLE_FINGERPRINT,8660bb43-2267-4c4b-a240-cd4d1183fbc3,NO_RECORD,NO_INTENT,0,1,0,,6546.0,0,0,,
aep_full-before_intent_write-notifications-0ba511f6-r9,crashed,AEP_FULL,before_intent_write,notifications,POSITIVE_ONLY_READBACK,ORACLE_FINGERPRINT,209d0651-7c26-4dcf-bebf-ffa875b45d47,NO_RECORD,NO_INTENT,0,1,0,,3238.0,0,0,,
aep_full-before_intent_write-notifications-0ba511f6-r9,crashed,AEP_FULL,before_intent_write,notifications,POSITIVE_ONLY_READBACK,ORACLE_FINGERPRINT,3445ccc1-2a49-4330-bf35-c920a6690d33,NO_RECORD,NO_INTENT,0,1,0,,29.0,0,0,,
aep_full-before_intent_write-notifications-0ba511f6-r9,crashed,AEP_FULL,before_intent_write,notifications,POSITIVE_ONLY_READBACK,ORACLE_FINGERPRINT,460ecc46-b4a5-48da-89c4-f30c10e5f801,NO_RECORD,NO_INTENT,0,1,0,,13356.0,0,0,,
aep_full-before_intent_write-notifications-0ba511f6-r9,crashed,AEP_FULL,before_intent_write,notifications,POSITIVE_ONLY_READBACK,ORACLE_FINGERPRINT,f89aa1b1-151e-479a-b444-e4d304dda5d2,NO_RECORD,NO_INTENT,0,1,0,,9915.0,0,0,,
aep_full-before_intent_write-notifications-0ba511f6-r9,crashed,AEP_FULL,before_intent_write,notifications,POSITIVE_ONLY_READBACK,ORACLE_FINGERPRINT,81a8c3bf-a64e-4cda-b71f-14f1a813a1a3,NO_RECORD,NO_INTENT,0,1,0,,6546.0,0,0,,
aep_full-before_intent_write-notifications-0ba511f6-r9,crashed,AEP_FULL,before_intent_write,notifications,POSITIVE_ONLY_READBACK,ORACLE_FINGERPRINT,c9232099-859f-4ba8-b8d0-a34a3d9aa460,NO_RECORD,NO_INTENT,0,1,0,,3237.0,0,0,,
aep_full-before_intent_write-notifications-0ba511f6-r9,crashed,AEP_FULL,before_intent_write,notifications,POSITIVE_ONLY_READBACK,ORACLE_FINGERPRINT,8cad7d8a-3650-454f-b701-1905e7e691cf,NO_RECORD,NO_INTENT,0,1,0,,30.0,0,0,,
aep_full-before_intent_write-payments-1621b81d-r0,crashed,AEP_FULL,before_intent_write,payments,AUTHORITATIVE_READBACK,ORACLE_FINGERPRINT,7ffbc672-a3b5-4b70-b40c-9946b159883c,NO_RECORD,NO_INTENT,0,1,0,,20733.0,0,0,,
aep_full-before_intent_write-payments-1621b81d-r0,crashed,AEP_FULL,before_intent_write,payments,AUTHORITATIVE_READBACK,ORACLE_FINGERPRINT,1fd31f87-615b-46ac-a6a0-d4c4344b808c,NO_RECORD,NO_INTENT,0,1,0,,17061.0,0,0,,
aep_full-before_intent_write-payments-1621b81d-r0,crashed,AEP_FULL,before_intent_write,payments,AUTHORITATIVE_READBACK,ORACLE_FINGERPRINT,9759ce99-4ba4-4d6d-8df4-fa0479f70099,NO_RECORD,NO_INTENT,0,1,0,,8600.0,0,0,,
aep_full-before_intent_write-payments-1621b81d-r0,crashed,AEP_FULL,before_intent_write,payments,AUTHORITATIVE_READBACK,ORACLE_FINGERPRINT,ecab8f14-f1b1-419d-9cd5-3d0581d697f8,NO_RECORD,NO_INTENT,0,1,0,,3367.0,0,0,,
aep_full-before_intent_write-payments-1621b81d-r0,crashed,AEP_FULL,before_intent_write,payments,AUTHORITATIVE_READBACK,ORACLE_FINGERPRINT,14ef0cc5-29d3-4a92-9b79-d3d6c704a1a1,NO_RECORD,NO_INTENT,0,1,0,,34.0,0,0,,
aep_full-before_intent_write-payments-1621b81d-r0,crashed,AEP_FULL,before_intent_write,payments,AUTHORITATIVE_READBACK,ORACLE_FINGERPRINT,0d20c81b-a621-4f31-b723-2ab3b10ffc1e,NO_RECORD,NO_INTENT,0,1,0,,20737.0,0,0,,
aep_full-before_intent_write-payments-1621b81d-r0,crashed,AEP_FULL,before_intent_write,payments,AUTHORITATIVE_READBACK,ORACLE_FINGERPRINT,d44287e3-7147-4d67-a1a6-0b5413f3c2c6,NO_RECORD,NO_INTENT,0,1,0,,17063.0,0,0,,
aep_full-before_intent_write-payments-1621b81d-r0,crashed,AEP_FULL,before_intent_write,payments,AUTHORITATIVE_READBACK,ORACLE_FINGERPRINT,0f28bd68-bfe3-456f-98f6-f51b13c43ef4,NO_RECORD,NO_INTENT,0,1,0,,8600.0,0,0,,
aep_full-before_intent_write-payments-1621b81d-r0,crashed,AEP_FULL,before_intent_write,payments,AUTHORITATIVE_READBACK,ORACLE_FINGERPRINT,4f593836-f5c8-437c-8fbf-67100242920a,NO_RECORD,NO_INTENT,0,1,0,,3369.0,0,0,,
aep_full-before_intent_write-payments-1621b81d-r0,crashed,AEP_FULL,before_intent_write,payments,AUTHORITATIVE_READBACK,ORACLE_FINGERPRINT,281b03e5-7d54-4228-ae35-9303298766bd,NO_RECORD,NO_INTENT,0,1,0,,34.0,0,0,,
aep_full-before_intent_write-payments-1621b81d-r1,crashed,AEP_FULL,before_intent_write,payments,AUTHORITATIVE_READBACK,ORACLE_FINGERPRINT,18fcd921-b8aa-4a87-885a-81dc00f0331d,NO_RECORD,NO_INTENT,0,1,0,,16347.0,0,0,,
aep_full-before_intent_write-payments-1621b81d-r1,crashed,AEP_FULL,before_intent_write,payments,AUTHORITATIVE_READBACK,ORACLE_FINGERPRINT,3cd2335b-c722-4466-bb3e-db75bb8655a8,NO_RECORD,NO_INTENT,0,1,0,,12500.0,0,0,,
aep_full-before_intent_write-payments-1621b81d-r1,crashed,AEP_FULL,before_intent_write,payments,AUTHORITATIVE_READBACK,ORACLE_FINGERPRINT,29c6ea5e-7d65-441c-82ae-f18f7da08757,NO_RECORD,NO_INTENT,0,1,0,,8588.0,0,0,,
aep_full-before_intent_write-payments-1621b81d-r1,crashed,AEP_FULL,before_intent_write,payments,AUTHORITATIVE_READBACK,ORACLE_FINGERPRINT,f7fb27a2-d65c-43d7-a29c-e4d59f57fd1d,NO_RECORD,NO_INTENT,0,1,0,,4549.0,0,0,,
aep_full-before_intent_write-payments-1621b81d-r1,crashed,AEP_FULL,before_intent_write,payments,AUTHORITATIVE_READBACK,ORACLE_FINGERPRINT,2150a2e3-e989-4f70-a325-f123e6cd6806,NO_RECORD,NO_INTENT,0,1,0,,697.0,0,0,,
aep_full-before_intent_write-payments-1621b81d-r1,crashed,AEP_FULL,before_intent_write,payments,AUTHORITATIVE_READBACK,ORACLE_FINGERPRINT,e7067643-f927-4095-affb-406b25ff624e,NO_RECORD,NO_INTENT,0,1,0,,15513.0,0,0,,
aep_full-before_intent_write-payments-1621b81d-r1,crashed,AEP_FULL,before_intent_write,payments,AUTHORITATIVE_READBACK,ORACLE_FINGERPRINT,f3b72875-235d-4743-87a1-ede9e984bd87,NO_RECORD,NO_INTENT,0,1,0,,11722.0,0,0,,
aep_full-before_intent_write-payments-1621b81d-r1,crashed,AEP_FULL,before_intent_write,payments,AUTHORITATIVE_READBACK,ORACLE_FINGERPRINT,c3b8a83d-cbef-42c5-b415-ee4dee0ddc8d,NO_RECORD,NO_INTENT,0,1,0,,7604.0,0,0,,
aep_full-before_intent_write-payments-1621b81d-r1,crashed,AEP_FULL,before_intent_write,payments,AUTHORITATIVE_READBACK,ORACLE_FINGERPRINT,0e89e67c-3dcd-4a92-a85c-64880f7b6324,NO_RECORD,NO_INTENT,0,1,0,,3898.0,0,0,,
aep_full-before_intent_write-payments-1621b81d-r1,crashed,AEP_FULL,before_intent_write,payments,AUTHORITATIVE_READBACK,ORACLE_FINGERPRINT,3f620845-c13b-4ac7-baf2-797db2fe87dc,NO_RECORD,NO_INTENT,0,1,0,,30.0,0,0,,
aep_full-before_intent_write-payments-1621b81d-r10,crashed,AEP_FULL,before_intent_write,payments,AUTHORITATIVE_READBACK,ORACLE_FINGERPRINT,0f65dab8-d4bd-42ca-bebb-ac24fb209336,NO_RECORD,NO_INTENT,0,1,0,,26018.0,0,0,,
aep_full-before_intent_write-payments-1621b81d-r10,crashed,AEP_FULL,before_intent_write,payments,AUTHORITATIVE_READBACK,ORACLE_FINGERPRINT,a3d8d280-935f-48cc-b35b-6cb57dff00c4,NO_RECORD,NO_INTENT,0,1,0,,18260.0,0,0,,
aep_full-before_intent_write-payments-1621b81d-r10,crashed,AEP_FULL,before_intent_write,payments,AUTHORITATIVE_READBACK,ORACLE_FINGERPRINT,d9c83f17-0c0a-4b66-92e3-8e74778f794b,NO_RECORD,NO_INTENT,0,1,0,,11838.0,0,0,,
aep_full-before_intent_write-payments-1621b81d-r10,crashed,AEP_FULL,before_intent_write,payments,AUTHORITATIVE_READBACK,ORACLE_FINGERPRINT,829d547b-a2ce-4027-8b85-474cece76135,NO_RECORD,NO_INTENT,0,1,0,,4962.0,0,0,,
aep_full-before_intent_write-payments-1621b81d-r10,crashed,AEP_FULL,before_intent_write,payments,AUTHORITATIVE_READBACK,ORACLE_FINGERPRINT,f09562b3-3497-4d4d-8d01-d70877f5016d,NO_RECORD,NO_INTENT,0,1,0,,35.0,0,0,,
aep_full-before_intent_write-payments-1621b81d-r10,crashed,AEP_FULL,before_intent_write,payments,AUTHORITATIVE_READBACK,ORACLE_FINGERPRINT,eb84c974-cb5d-42bb-bb16-a93ec4618c13,NO_RECORD,NO_INTENT,0,1,0,,27275.0,0,0,,
aep_full-before_intent_write-payments-1621b81d-r10,crashed,AEP_FULL,before_intent_write,payments,AUTHORITATIVE_READBACK,ORACLE_FINGERPRINT,d4541f31-b9c4-4865-b5fa-f83fdbd2fe3d,NO_RECORD,NO_INTENT,0,1,0,,19111.0,0,0,,
aep_full-before_intent_write-payments-1621b81d-r10,crashed,AEP_FULL,before_intent_write,payments,AUTHORITATIVE_READBACK,ORACLE_FINGERPRINT,10e443bf-f3e4-4753-9e31-e0d4b113268d,NO_RECORD,NO_INTENT,0,1,0,,12739.0,0,0,,
aep_full-before_intent_write-payments-1621b81d-r10,crashed,AEP_FULL,before_intent_write,payments,AUTHORITATIVE_READBACK,ORACLE_FINGERPRINT,685a54a8-2d6a-422e-849e-9ae6c0067bbb,NO_RECORD,NO_INTENT,0,1,0,,5738.0,0,0,,
aep_full-before_intent_write-payments-1621b81d-r10,crashed,AEP_FULL,before_intent_write,payments,AUTHORITATIVE_READBACK,ORACLE_FINGERPRINT,b2a5c3a9-b3fa-4229-b26e-5a00bf80a279,NO_RECORD,NO_INTENT,0,1,0,,628.0,0,0,,
aep_full-before_intent_write-payments-1621b81d-r11,crashed,AEP_FULL,before_intent_write,payments,AUTHORITATIVE_READBACK,ORACLE_FINGERPRINT,fa03d082-c262-4dca-a8a0-58f7c7e8eb44,NO_RECORD,NO_INTENT,0,1,0,,18163.0,0,0,,
aep_full-before_intent_write-payments-1621b81d-r11,crashed,AEP_FULL,before_intent_write,payments,AUTHORITATIVE_READBACK,ORACLE_FINGERPRINT,3d8f4adb-2a7f-41e0-b0cc-8e24bf7562e6,NO_RECORD,NO_INTENT,0,1,0,,14143.0,0,0,,
aep_full-before_intent_write-payments-1621b81d-r11,crashed,AEP_FULL,before_intent_write,payments,AUTHORITATIVE_READBACK,ORACLE_FINGERPRINT,28155223-9c16-41c9-b425-e17547079ac2,NO_RECORD,NO_INTENT,0,1,0,,9649.0,0,0,,
aep_full-before_intent_write-payments-1621b81d-r11,crashed,AEP_FULL,before_intent_write,payments,AUTHORITATIVE_READBACK,ORACLE_FINGERPRINT,a014a524-6806-4889-a229-fcbfcb985372,NO_RECORD,NO_INTENT,0,1,0,,5415.0,0,0,,
aep_full-before_intent_write-payments-1621b81d-r11,crashed,AEP_FULL,before_intent_write,payments,AUTHORITATIVE_READBACK,ORACLE_FINGERPRINT,12a0b419-9b53-4c8c-bc67-fd86f77279d4,NO_RECORD,NO_INTENT,0,1,0,,877.0,0,0,,
aep_full-before_intent_write-payments-1621b81d-r11,crashed,AEP_FULL,before_intent_write,payments,AUTHORITATIVE_READBACK,ORACLE_FINGERPRINT,f6bdc59d-9932-4785-8af6-ca178b62c478,NO_RECORD,NO_INTENT,0,1,0,,17244.0,0,0,,
aep_full-before_intent_write-payments-1621b81d-r11,crashed,AEP_FULL,before_intent_write,payments,AUTHORITATIVE_READBACK,ORACLE_FINGERPRINT,f5a55d51-faf2-4faa-9b20-23d2a6ed074d,NO_RECORD,NO_INTENT,0,1,0,,13292.0,0,0,,
aep_full-before_intent_write-payments-1621b81d-r11,crashed,AEP_FULL,before_intent_write,payments,AUTHORITATIVE_READBACK,ORACLE_FINGERPRINT,0379fe40-b7f4-45d9-bb44-cb3e8a571f45,NO_RECORD,NO_INTENT,0,1,0,,8643.0,0,0,,
aep_full-before_intent_write-payments-1621b81d-r11,crashed,AEP_FULL,before_intent_write,payments,AUTHORITATIVE_READBACK,ORACLE_FINGERPRINT,3768cc88-d84b-416a-af8e-b516603bb789,NO_RECORD,NO_INTENT,0,1,0,,4518.0,0,0,,
aep_full-before_intent_write-payments-1621b81d-r11,crashed,AEP_FULL,before_intent_write,payments,AUTHORITATIVE_READBACK,ORACLE_FINGERPRINT,81c52840-51bb-4976-aa56-02c6907f4f32,NO_RECORD,NO_INTENT,0,1,0,,29.0,0,0,,
aep_full-before_intent_write-payments-1621b81d-r12,crashed,AEP_FULL,before_intent_write,payments,AUTHORITATIVE_READBACK,ORACLE_FINGERPRINT,195b9871-56bf-4b56-95d3-7799f0aaf077,NO_RECORD,NO_INTENT,0,1,0,,24830.0,0,0,,
aep_full-before_intent_write-payments-1621b81d-r12,crashed,AEP_FULL,before_intent_write,payments,AUTHORITATIVE_READBACK,ORACLE_FINGERPRINT,793f23dd-ffc4-499f-b753-5a7ab7513a0f,NO_RECORD,NO_INTENT,0,1,0,,18714.0,0,0,,
aep_full-before_intent_write-payments-1621b81d-r12,crashed,AEP_FULL,before_intent_write,payments,AUTHORITATIVE_READBACK,ORACLE_FINGERPRINT,f08aa721-31c1-4c70-a20c-344846e86a04,NO_RECORD,NO_INTENT,0,1,0,,13440.0,0,0,,
aep_full-before_intent_write-payments-1621b81d-r12,crashed,AEP_FULL,before_intent_write,payments,AUTHORITATIVE_READBACK,ORACLE_FINGERPRINT,cd0f3807-133f-4b98-a2ed-0f148affc4ca,NO_RECORD,NO_INTENT,0,1,0,,6891.0,0,0,,
aep_full-before_intent_write-payments-1621b81d-r12,crashed,AEP_FULL,before_intent_write,payments,AUTHORITATIVE_READBACK,ORACLE_FINGERPRINT,1f7f6b28-85bb-4a4e-9e4f-7dfec275029f,NO_RECORD,NO_INTENT,0,1,0,,57.0,0,0,,
aep_full-before_intent_write-payments-1621b81d-r12,crashed,AEP_FULL,before_intent_write,payments,AUTHORITATIVE_READBACK,ORACLE_FINGERPRINT,95e4f0e3-5ad7-4ae2-9f3e-5ea8c9e1f79c,NO_RECORD,NO_INTENT,0,1,0,,24846.0,0,0,,
aep_full-before_intent_write-payments-1621b81d-r12,crashed,AEP_FULL,before_intent_write,payments,AUTHORITATIVE_READBACK,ORACLE_FINGERPRINT,0f9512e9-d6ae-4bcb-97de-ccf6c4edffe5,NO_RECORD,NO_INTENT,0,1,0,,18714.0,0,0,,
aep_full-before_intent_write-payments-1621b81d-r12,crashed,AEP_FULL,before_intent_write,payments,AUTHORITATIVE_READBACK,ORACLE_FINGERPRINT,25745588-80f1-475d-b1c4-e116317c29f6,NO_RECORD,NO_INTENT,0,1,0,,13440.0,0,0,,
aep_full-before_intent_write-payments-1621b81d-r12,crashed,AEP_FULL,before_intent_write,payments,AUTHORITATIVE_READBACK,ORACLE_FINGERPRINT,2c854fcd-6ccc-4a7f-abc5-375bd3db51e9,NO_RECORD,NO_INTENT,0,1,0,,6889.0,0,0,,
aep_full-before_intent_write-payments-1621b81d-r12,crashed,AEP_FULL,before_intent_write,payments,AUTHORITATIVE_READBACK,ORACLE_FINGERPRINT,050003ae-8960-4815-a741-72d2ef4fc498,NO_RECORD,NO_INTENT,0,1,0,,57.0,0,0,,
aep_full-before_intent_write-payments-1621b81d-r13,crashed,AEP_FULL,before_intent_write,payments,AUTHORITATIVE_READBACK,ORACLE_FINGERPRINT,e209540a-9014-43cc-81b4-2c17b2530597,NO_RECORD,NO_INTENT,0,1,0,,14086.0,0,0,,
aep_full-before_intent_write-payments-1621b81d-r13,crashed,AEP_FULL,before_intent_write,payments,AUTHORITATIVE_READBACK,ORACLE_FINGERPRINT,b4cf8786-bd76-453e-aa39-ddcd1897e788,NO_RECORD,NO_INTENT,0,1,0,,10475.0,0,0,,
aep_full-before_intent_write-payments-1621b81d-r13,crashed,AEP_FULL,before_intent_write,payments,AUTHORITATIVE_READBACK,ORACLE_FINGERPRINT,4ca59b2b-7d5d-44b3-b75f-9a3e72308a73,NO_RECORD,NO_INTENT,0,1,0,,7159.0,0,0,,
aep_full-before_intent_write-payments-1621b81d-r13,crashed,AEP_FULL,before_intent_write,payments,AUTHORITATIVE_READBACK,ORACLE_FINGERPRINT,d348d0b0-ac70-43f0-b32d-6fc5aee2110f,NO_RECORD,NO_INTENT,0,1,0,,3448.0,0,0,,
aep_full-before_intent_write-payments-1621b81d-r13,crashed,AEP_FULL,before_intent_write,payments,AUTHORITATIVE_READBACK,ORACLE_FINGERPRINT,fc2cded7-3f46-48e6-9bed-fac1d848d808,NO_RECORD,NO_INTENT,0,1,0,,32.0,0,0,,
aep_full-before_intent_write-payments-1621b81d-r13,crashed,AEP_FULL,before_intent_write,payments,AUTHORITATIVE_READBACK,ORACLE_FINGERPRINT,49fdb04f-fad8-4246-a49f-68c7fe095cb1,NO_RECORD,NO_INTENT,0,1,0,,14086.0,0,0,,
aep_full-before_intent_write-payments-1621b81d-r13,crashed,AEP_FULL,before_intent_write,payments,AUTHORITATIVE_READBACK,ORACLE_FINGERPRINT,11c6cb0d-e259-4a5e-b148-984e6b1fb02e,NO_RECORD,NO_INTENT,0,1,0,,10476.0,0,0,,
aep_full-before_intent_write-payments-1621b81d-r13,crashed,AEP_FULL,before_intent_write,payments,AUTHORITATIVE_READBACK,ORACLE_FINGERPRINT,0312000a-1057-4927-bcf5-a28f691f8e79,NO_RECORD,NO_INTENT,0,1,0,,7159.0,0,0,,
aep_full-before_intent_write-payments-1621b81d-r13,crashed,AEP_FULL,before_intent_write,payments,AUTHORITATIVE_READBACK,ORACLE_FINGERPRINT,0fa323c1-1a14-4b9b-8a05-4244aa106976,NO_RECORD,NO_INTENT,0,1,0,,3448.0,0,0,,
aep_full-before_intent_write-payments-1621b81d-r13,crashed,AEP_FULL,before_intent_write,payments,AUTHORITATIVE_READBACK,ORACLE_FINGERPRINT,e7f0af1e-a2be-4067-9ef4-1ec4df86c56d,NO_RECORD,NO_INTENT,0,1,0,,33.0,0,0,,
aep_full-before_intent_write-payments-1621b81d-r14,crashed,AEP_FULL,before_intent_write,payments,AUTHORITATIVE_READBACK,ORACLE_FINGERPRINT,ac3f030e-702c-4ecc-849e-b0467ca6d20d,NO_RECORD,NO_INTENT,0,1,0,,23879.0,0,0,,
aep_full-before_intent_write-payments-1621b81d-r14,crashed,AEP_FULL,before_intent_write,payments,AUTHORITATIVE_READBACK,ORACLE_FINGERPRINT,17467b0c-a912-41cf-b278-87129643cf02,NO_RECORD,NO_INTENT,0,1,0,,17912.0,0,0,,
aep_full-before_intent_write-payments-1621b81d-r14,crashed,AEP_FULL,before_intent_write,payments,AUTHORITATIVE_READBACK,ORACLE_FINGERPRINT,0104008e-3d2d-484d-a8d0-876d255400eb,NO_RECORD,NO_INTENT,0,1,0,,12013.0,0,0,,
aep_full-before_intent_write-payments-1621b81d-r14,crashed,AEP_FULL,before_intent_write,payments,AUTHORITATIVE_READBACK,ORACLE_FINGERPRINT,f7d48686-79b7-4b73-b72c-f29e9ed1b4f2,NO_RECORD,NO_INTENT,0,1,0,,6717.0,0,0,,
aep_full-before_intent_write-payments-1621b81d-r14,crashed,AEP_FULL,before_intent_write,payments,AUTHORITATIVE_READBACK,ORACLE_FINGERPRINT,534908eb-5eb1-4764-96fc-4bf608fd37c7,NO_RECORD,NO_INTENT,0,1,0,,1120.0,0,0,,
aep_full-before_intent_write-payments-1621b81d-r14,crashed,AEP_FULL,before_intent_write,payments,AUTHORITATIVE_READBACK,ORACLE_FINGERPRINT,2d967bd4-5db7-469c-b155-3fdc0f8bf994,NO_RECORD,NO_INTENT,0,1,0,,22721.0,0,0,,
aep_full-before_intent_write-payments-1621b81d-r14,crashed,AEP_FULL,before_intent_write,payments,AUTHORITATIVE_READBACK,ORACLE_FINGERPRINT,0513a428-6efc-4531-89a8-43414efe403d,NO_RECORD,NO_INTENT,0,1,0,,16763.0,0,0,,
aep_full-before_intent_write-payments-1621b81d-r14,crashed,AEP_FULL,before_intent_write,payments,AUTHORITATIVE_READBACK,ORACLE_FINGERPRINT,dd7f1907-1670-4f00-a08c-64879ea37245,NO_RECORD,NO_INTENT,0,1,0,,10863.0,0,0,,
aep_full-before_intent_write-payments-1621b81d-r14,crashed,AEP_FULL,before_intent_write,payments,AUTHORITATIVE_READBACK,ORACLE_FINGERPRINT,4ee8164a-704d-4816-9ce5-d0a55f7c832d,NO_RECORD,NO_INTENT,0,1,0,,5651.0,0,0,,
aep_full-before_intent_write-payments-1621b81d-r14,crashed,AEP_FULL,before_intent_write,payments,AUTHORITATIVE_READBACK,ORACLE_FINGERPRINT,377575d9-1346-48cd-834c-49c8a6ca5e6b,NO_RECORD,NO_INTENT,0,1,0,,40.0,0,0,,
aep_full-before_intent_write-payments-1621b81d-r2,crashed,AEP_FULL,before_intent_write,payments,AUTHORITATIVE_READBACK,ORACLE_FINGERPRINT,7834a890-6c95-4bb7-a876-a8d501988094,NO_RECORD,NO_INTENT,0,1,0,,105158.0,0,0,,
aep_full-before_intent_write-payments-1621b81d-r2,crashed,AEP_FULL,before_intent_write,payments,AUTHORITATIVE_READBACK,ORACLE_FINGERPRINT,5dbe2b0a-684d-482f-b5fb-03d488eb3983,NO_RECORD,NO_INTENT,0,1,0,,97857.0,0,0,,
aep_full-before_intent_write-payments-1621b81d-r2,crashed,AEP_FULL,before_intent_write,payments,AUTHORITATIVE_READBACK,ORACLE_FINGERPRINT,bb7a582d-80ff-4221-a3e4-6f8700893800,NO_RECORD,NO_INTENT,0,1,0,,85385.0,0,0,,
aep_full-before_intent_write-payments-1621b81d-r2,crashed,AEP_FULL,before_intent_write,payments,AUTHORITATIVE_READBACK,ORACLE_FINGERPRINT,3b70ab9f-4c94-44bd-8f40-581f4b523ba6,NO_RECORD,NO_INTENT,0,1,0,,60214.0,0,0,,
aep_full-before_intent_write-payments-1621b81d-r2,crashed,AEP_FULL,before_intent_write,payments,AUTHORITATIVE_READBACK,ORACLE_FINGERPRINT,99038038-48d4-4460-b8c8-fe02007a0a2d,NO_RECORD,NO_INTENT,0,1,0,,448.0,0,0,,
aep_full-before_intent_write-payments-1621b81d-r2,crashed,AEP_FULL,before_intent_write,payments,AUTHORITATIVE_READBACK,ORACLE_FINGERPRINT,60f8e818-e4d3-486c-ba62-1954ab4686a1,NO_RECORD,NO_INTENT,0,1,0,,106274.0,0,0,,
aep_full-before_intent_write-payments-1621b81d-r2,crashed,AEP_FULL,before_intent_write,payments,AUTHORITATIVE_READBACK,ORACLE_FINGERPRINT,5e6b6258-ed6f-4648-b4bc-b4a99438d17d,NO_RECORD,NO_INTENT,0,1,0,,99433.0,0,0,,
aep_full-before_intent_write-payments-1621b81d-r2,crashed,AEP_FULL,before_intent_write,payments,AUTHORITATIVE_READBACK,ORACLE_FINGERPRINT,709e4613-2ef2-4770-99cc-db7f7ecf5102,NO_RECORD,NO_INTENT,0,1,0,,86561.0,0,0,,
aep_full-before_intent_write-payments-1621b81d-r2,crashed,AEP_FULL,before_intent_write,payments,AUTHORITATIVE_READBACK,ORACLE_FINGERPRINT,72e4cb0d-1372-42c1-af05-5c5f2c88d572,NO_RECORD,NO_INTENT,0,1,0,,70595.0,0,0,,
aep_full-before_intent_write-payments-1621b81d-r2,crashed,AEP_FULL,before_intent_write,payments,AUTHORITATIVE_READBACK,ORACLE_FINGERPRINT,01cc7815-0da6-4d87-9ec4-cc5d9980b523,NO_RECORD,NO_INTENT,0,1,0,,13475.0,0,0,,
aep_full-before_intent_write-payments-1621b81d-r3,crashed,AEP_FULL,before_intent_write,payments,AUTHORITATIVE_READBACK,ORACLE_FINGERPRINT,7db1e1be-2cbd-4dd1-ac43-e723349626ff,NO_RECORD,NO_INTENT,0,1,0,,17717.0,0,0,,
aep_full-before_intent_write-payments-1621b81d-r3,crashed,AEP_FULL,before_intent_write,payments,AUTHORITATIVE_READBACK,ORACLE_FINGERPRINT,04f4f4ba-bf0e-4ee7-bd27-7f2a1d783e46,NO_RECORD,NO_INTENT,0,1,0,,13559.0,0,0,,
aep_full-before_intent_write-payments-1621b81d-r3,crashed,AEP_FULL,before_intent_write,payments,AUTHORITATIVE_READBACK,ORACLE_FINGERPRINT,c1f75ebc-7327-458e-8736-99c8fee42037,NO_RECORD,NO_INTENT,0,1,0,,8418.0,0,0,,
aep_full-before_intent_write-payments-1621b81d-r3,crashed,AEP_FULL,before_intent_write,payments,AUTHORITATIVE_READBACK,ORACLE_FINGERPRINT,03694d46-8e1a-484a-8a5b-07d0b1e9d99a,NO_RECORD,NO_INTENT,0,1,0,,4085.0,0,0,,
aep_full-before_intent_write-payments-1621b81d-r3,crashed,AEP_FULL,before_intent_write,payments,AUTHORITATIVE_READBACK,ORACLE_FINGERPRINT,66ab8487-91d2-4f9d-976f-470f1bf2200f,NO_RECORD,NO_INTENT,0,1,0,,533.0,0,0,,
aep_full-before_intent_write-payments-1621b81d-r3,crashed,AEP_FULL,before_intent_write,payments,AUTHORITATIVE_READBACK,ORACLE_FINGERPRINT,b2333642-372d-437e-b78f-a474c91fab8f,NO_RECORD,NO_INTENT,0,1,0,,17036.0,0,0,,
aep_full-before_intent_write-payments-1621b81d-r3,crashed,AEP_FULL,before_intent_write,payments,AUTHORITATIVE_READBACK,ORACLE_FINGERPRINT,9fa09915-322c-4b97-bcfb-f6048a8ec21d,NO_RECORD,NO_INTENT,0,1,0,,12323.0,0,0,,
aep_full-before_intent_write-payments-1621b81d-r3,crashed,AEP_FULL,before_intent_write,payments,AUTHORITATIVE_READBACK,ORACLE_FINGERPRINT,675fc73c-ede8-496e-91fa-e6c2ff548ab7,NO_RECORD,NO_INTENT,0,1,0,,7559.0,0,0,,
aep_full-before_intent_write-payments-1621b81d-r3,crashed,AEP_FULL,before_intent_write,payments,AUTHORITATIVE_READBACK,ORACLE_FINGERPRINT,6888bfbe-4dee-4861-8d72-50fcf8f0cc40,NO_RECORD,NO_INTENT,0,1,0,,3498.0,0,0,,
aep_full-before_intent_write-payments-1621b81d-r3,crashed,AEP_FULL,before_intent_write,payments,AUTHORITATIVE_READBACK,ORACLE_FINGERPRINT,8fe1d4be-5a0e-4fd7-b4dc-7e5b84e20402,NO_RECORD,NO_INTENT,0,1,0,,24.0,0,0,,
aep_full-before_intent_write-payments-1621b81d-r4,crashed,AEP_FULL,before_intent_write,payments,AUTHORITATIVE_READBACK,ORACLE_FINGERPRINT,9e825542-ae22-4711-ac94-4bfcfcf4c34c,NO_RECORD,NO_INTENT,0,1,0,,20053.0,0,0,,
aep_full-before_intent_write-payments-1621b81d-r4,crashed,AEP_FULL,before_intent_write,payments,AUTHORITATIVE_READBACK,ORACLE_FINGERPRINT,a1e06d24-795c-4bda-b996-9cc6893ccf6b,NO_RECORD,NO_INTENT,0,1,0,,12931.0,0,0,,
aep_full-before_intent_write-payments-1621b81d-r4,crashed,AEP_FULL,before_intent_write,payments,AUTHORITATIVE_READBACK,ORACLE_FINGERPRINT,911bc563-3e41-4226-9427-548377414f68,NO_RECORD,NO_INTENT,0,1,0,,9259.0,0,0,,
aep_full-before_intent_write-payments-1621b81d-r4,crashed,AEP_FULL,before_intent_write,payments,AUTHORITATIVE_READBACK,ORACLE_FINGERPRINT,b09f0932-0482-4a58-a35d-633079d96c34,NO_RECORD,NO_INTENT,0,1,0,,4587.0,0,0,,
aep_full-before_intent_write-payments-1621b81d-r4,crashed,AEP_FULL,before_intent_write,payments,AUTHORITATIVE_READBACK,ORACLE_FINGERPRINT,303ab89a-259f-42db-baf8-dbab41fa9bf5,NO_RECORD,NO_INTENT,0,1,0,,51.0,0,0,,
aep_full-before_intent_write-payments-1621b81d-r4,crashed,AEP_FULL,before_intent_write,payments,AUTHORITATIVE_READBACK,ORACLE_FINGERPRINT,0d5b1843-62b5-4102-9539-7a2fde9a3468,NO_RECORD,NO_INTENT,0,1,0,,20716.0,0,0,,
aep_full-before_intent_write-payments-1621b81d-r4,crashed,AEP_FULL,before_intent_write,payments,AUTHORITATIVE_READBACK,ORACLE_FINGERPRINT,d41e0c28-4c92-4e61-b170-1b12dbb7f8f2,NO_RECORD,NO_INTENT,0,1,0,,13489.0,0,0,,
aep_full-before_intent_write-payments-1621b81d-r4,crashed,AEP_FULL,before_intent_write,payments,AUTHORITATIVE_READBACK,ORACLE_FINGERPRINT,f8720ef5-20e6-486c-89ae-13457ed4aa85,NO_RECORD,NO_INTENT,0,1,0,,9950.0,0,0,,
aep_full-before_intent_write-payments-1621b81d-r4,crashed,AEP_FULL,before_intent_write,payments,AUTHORITATIVE_READBACK,ORACLE_FINGERPRINT,7615b0da-f591-4b89-b179-8901107cee38,NO_RECORD,NO_INTENT,0,1,0,,5290.0,0,0,,
aep_full-before_intent_write-payments-1621b81d-r4,crashed,AEP_FULL,before_intent_write,payments,AUTHORITATIVE_READBACK,ORACLE_FINGERPRINT,f6af8242-003a-452c-b5e3-2008b5e55583,NO_RECORD,NO_INTENT,0,1,0,,843.0,0,0,,
aep_full-before_intent_write-payments-1621b81d-r5,crashed,AEP_FULL,before_intent_write,payments,AUTHORITATIVE_READBACK,ORACLE_FINGERPRINT,79201438-b581-420c-b946-bf824396032c,NO_RECORD,NO_INTENT,0,1,0,,19912.0,0,0,,
aep_full-before_intent_write-payments-1621b81d-r5,crashed,AEP_FULL,before_intent_write,payments,AUTHORITATIVE_READBACK,ORACLE_FINGERPRINT,6dcd7aa4-7ecc-4ce8-8a6f-f6c8064e72b5,NO_RECORD,NO_INTENT,0,1,0,,15488.0,0,0,,
aep_full-before_intent_write-payments-1621b81d-r5,crashed,AEP_FULL,before_intent_write,payments,AUTHORITATIVE_READBACK,ORACLE_FINGERPRINT,31cd6130-7ef9-4d56-a213-475cf9cfff18,NO_RECORD,NO_INTENT,0,1,0,,10523.0,0,0,,
aep_full-before_intent_write-payments-1621b81d-r5,crashed,AEP_FULL,before_intent_write,payments,AUTHORITATIVE_READBACK,ORACLE_FINGERPRINT,3e7b2238-e09b-488e-9806-2af04da79b27,NO_RECORD,NO_INTENT,0,1,0,,6321.0,0,0,,
aep_full-before_intent_write-payments-1621b81d-r5,crashed,AEP_FULL,before_intent_write,payments,AUTHORITATIVE_READBACK,ORACLE_FINGERPRINT,a351bbaf-000b-4242-a3ac-a28a8e890a0b,NO_RECORD,NO_INTENT,0,1,0,,21.0,0,0,,
aep_full-before_intent_write-payments-1621b81d-r5,crashed,AEP_FULL,before_intent_write,payments,AUTHORITATIVE_READBACK,ORACLE_FINGERPRINT,e368e8c2-7891-41b9-a24f-7a0eba0b9a8d,NO_RECORD,NO_INTENT,0,1,0,,20990.0,0,0,,
aep_full-before_intent_write-payments-1621b81d-r5,crashed,AEP_FULL,before_intent_write,payments,AUTHORITATIVE_READBACK,ORACLE_FINGERPRINT,7ca6ff9a-1026-4f59-b046-069fc8d3dbda,NO_RECORD,NO_INTENT,0,1,0,,16233.0,0,0,,
aep_full-before_intent_write-payments-1621b81d-r5,crashed,AEP_FULL,before_intent_write,payments,AUTHORITATIVE_READBACK,ORACLE_FINGERPRINT,fbd0dbde-12c2-4b1e-87c1-d26b33cd9962,NO_RECORD,NO_INTENT,0,1,0,,11358.0,0,0,,
aep_full-before_intent_write-payments-1621b81d-r5,crashed,AEP_FULL,before_intent_write,payments,AUTHORITATIVE_READBACK,ORACLE_FINGERPRINT,2cf6a48a-354e-4a8f-a6b8-9fac8131ab1d,NO_RECORD,NO_INTENT,0,1,0,,7114.0,0,0,,
aep_full-before_intent_write-payments-1621b81d-r5,crashed,AEP_FULL,before_intent_write,payments,AUTHORITATIVE_READBACK,ORACLE_FINGERPRINT,30da529b-f8fa-45fb-9f34-f94fccfec8ab,NO_RECORD,NO_INTENT,0,1,0,,532.0,0,0,,
aep_full-before_intent_write-payments-1621b81d-r6,crashed,AEP_FULL,before_intent_write,payments,AUTHORITATIVE_READBACK,ORACLE_FINGERPRINT,ba8bde23-1e53-4406-b764-1d6671b3fa72,NO_RECORD,NO_INTENT,0,1,0,,10137.0,0,0,,
aep_full-before_intent_write-payments-1621b81d-r6,crashed,AEP_FULL,before_intent_write,payments,AUTHORITATIVE_READBACK,ORACLE_FINGERPRINT,dcb7de44-d606-454a-8d51-174d83cb2c0b,NO_RECORD,NO_INTENT,0,1,0,,7815.0,0,0,,
aep_full-before_intent_write-payments-1621b81d-r6,crashed,AEP_FULL,before_intent_write,payments,AUTHORITATIVE_READBACK,ORACLE_FINGERPRINT,3a06b8ec-dc2f-4c03-a289-8fd7eb72cc05,NO_RECORD,NO_INTENT,0,1,0,,5521.0,0,0,,
aep_full-before_intent_write-payments-1621b81d-r6,crashed,AEP_FULL,before_intent_write,payments,AUTHORITATIVE_READBACK,ORACLE_FINGERPRINT,f8df3048-84b8-4fbe-8f28-bc7c0665b770,NO_RECORD,NO_INTENT,0,1,0,,2931.0,0,0,,
aep_full-before_intent_write-payments-1621b81d-r6,crashed,AEP_FULL,before_intent_write,payments,AUTHORITATIVE_READBACK,ORACLE_FINGERPRINT,eba1a84e-0324-4d03-928f-a625589f649c,NO_RECORD,NO_INTENT,0,1,0,,24.0,0,0,,
aep_full-before_intent_write-payments-1621b81d-r6,crashed,AEP_FULL,before_intent_write,payments,AUTHORITATIVE_READBACK,ORACLE_FINGERPRINT,160fd302-902a-41dc-93db-1b5eada6c864,NO_RECORD,NO_INTENT,0,1,0,,10137.0,0,0,,
aep_full-before_intent_write-payments-1621b81d-r6,crashed,AEP_FULL,before_intent_write,payments,AUTHORITATIVE_READBACK,ORACLE_FINGERPRINT,b5dd5e28-799b-4cbe-b6a3-5b6320577a41,NO_RECORD,NO_INTENT,0,1,0,,7814.0,0,0,,
aep_full-before_intent_write-payments-1621b81d-r6,crashed,AEP_FULL,before_intent_write,payments,AUTHORITATIVE_READBACK,ORACLE_FINGERPRINT,39f1ca24-08cf-4db2-b54c-15e7c3a439e6,NO_RECORD,NO_INTENT,0,1,0,,5521.0,0,0,,
aep_full-before_intent_write-payments-1621b81d-r6,crashed,AEP_FULL,before_intent_write,payments,AUTHORITATIVE_READBACK,ORACLE_FINGERPRINT,8237e93d-ba40-4e7f-acc9-415efaea15e8,NO_RECORD,NO_INTENT,0,1,0,,2933.0,0,0,,
aep_full-before_intent_write-payments-1621b81d-r6,crashed,AEP_FULL,before_intent_write,payments,AUTHORITATIVE_READBACK,ORACLE_FINGERPRINT,c546c981-3660-4fb9-b726-4a1f835d4c7e,NO_RECORD,NO_INTENT,0,1,0,,24.0,0,0,,
aep_full-before_intent_write-payments-1621b81d-r7,crashed,AEP_FULL,before_intent_write,payments,AUTHORITATIVE_READBACK,ORACLE_FINGERPRINT,1adea1ab-54fb-4736-b38c-7021311cc141,NO_RECORD,NO_INTENT,0,1,0,,32123.0,0,0,,
aep_full-before_intent_write-payments-1621b81d-r7,crashed,AEP_FULL,before_intent_write,payments,AUTHORITATIVE_READBACK,ORACLE_FINGERPRINT,84940c48-55c5-4623-ab61-0f83cc710b6e,NO_RECORD,NO_INTENT,0,1,0,,24803.0,0,0,,
aep_full-before_intent_write-payments-1621b81d-r7,crashed,AEP_FULL,before_intent_write,payments,AUTHORITATIVE_READBACK,ORACLE_FINGERPRINT,50cb8ace-fcd1-4b60-8b40-52e8438be5d1,NO_RECORD,NO_INTENT,0,1,0,,17951.0,0,0,,
aep_full-before_intent_write-payments-1621b81d-r7,crashed,AEP_FULL,before_intent_write,payments,AUTHORITATIVE_READBACK,ORACLE_FINGERPRINT,56cb1aef-bbe9-48c6-9652-dbce25049a18,NO_RECORD,NO_INTENT,0,1,0,,8623.0,0,0,,
aep_full-before_intent_write-payments-1621b81d-r7,crashed,AEP_FULL,before_intent_write,payments,AUTHORITATIVE_READBACK,ORACLE_FINGERPRINT,e324b12a-f862-4b9b-8e4c-5984944943f2,NO_RECORD,NO_INTENT,0,1,0,,1230.0,0,0,,
aep_full-before_intent_write-payments-1621b81d-r7,crashed,AEP_FULL,before_intent_write,payments,AUTHORITATIVE_READBACK,ORACLE_FINGERPRINT,5dc404e6-7f41-4ac7-af86-8c5e4ece1b99,NO_RECORD,NO_INTENT,0,1,0,,30981.0,0,0,,
aep_full-before_intent_write-payments-1621b81d-r7,crashed,AEP_FULL,before_intent_write,payments,AUTHORITATIVE_READBACK,ORACLE_FINGERPRINT,1baf4dcb-45ff-44ef-b769-e0050a90213a,NO_RECORD,NO_INTENT,0,1,0,,23335.0,0,0,,
aep_full-before_intent_write-payments-1621b81d-r7,crashed,AEP_FULL,before_intent_write,payments,AUTHORITATIVE_READBACK,ORACLE_FINGERPRINT,7b85fa60-8b52-426d-a5a5-7318402c2474,NO_RECORD,NO_INTENT,0,1,0,,14004.0,0,0,,
aep_full-before_intent_write-payments-1621b81d-r7,crashed,AEP_FULL,before_intent_write,payments,AUTHORITATIVE_READBACK,ORACLE_FINGERPRINT,fe7c5bf7-96ad-4eba-a0f4-6d46510ac76f,NO_RECORD,NO_INTENT,0,1,0,,7487.0,0,0,,
aep_full-before_intent_write-payments-1621b81d-r7,crashed,AEP_FULL,before_intent_write,payments,AUTHORITATIVE_READBACK,ORACLE_FINGERPRINT,84e523e2-7e1d-49b8-a8d6-e2baf6aaf0e6,NO_RECORD,NO_INTENT,0,1,0,,56.0,0,0,,
aep_full-before_intent_write-payments-1621b81d-r8,crashed,AEP_FULL,before_intent_write,payments,AUTHORITATIVE_READBACK,ORACLE_FINGERPRINT,225336be-e306-4629-a5d6-0c63cae98b12,NO_RECORD,NO_INTENT,0,1,0,,15661.0,0,0,,
aep_full-before_intent_write-payments-1621b81d-r8,crashed,AEP_FULL,before_intent_write,payments,AUTHORITATIVE_READBACK,ORACLE_FINGERPRINT,0757afcc-45d5-4666-98f7-36f29e6056e9,NO_RECORD,NO_INTENT,0,1,0,,12299.0,0,0,,
aep_full-before_intent_write-payments-1621b81d-r8,crashed,AEP_FULL,before_intent_write,payments,AUTHORITATIVE_READBACK,ORACLE_FINGERPRINT,eabdefe3-c67d-4c9f-a35d-408c25a9064a,NO_RECORD,NO_INTENT,0,1,0,,9705.0,0,0,,
aep_full-before_intent_write-payments-1621b81d-r8,crashed,AEP_FULL,before_intent_write,payments,AUTHORITATIVE_READBACK,ORACLE_FINGERPRINT,b82e47e8-128b-4fee-99a2-0e97931b69a0,NO_RECORD,NO_INTENT,0,1,0,,3712.0,0,0,,
aep_full-before_intent_write-payments-1621b81d-r8,crashed,AEP_FULL,before_intent_write,payments,AUTHORITATIVE_READBACK,ORACLE_FINGERPRINT,6c5be8f0-6f8d-4104-ba94-d5957e4456f6,NO_RECORD,NO_INTENT,0,1,0,,26.0,0,0,,
aep_full-before_intent_write-payments-1621b81d-r8,crashed,AEP_FULL,before_intent_write,payments,AUTHORITATIVE_READBACK,ORACLE_FINGERPRINT,dc143e96-d1e1-4e18-b585-67444ad18abd,NO_RECORD,NO_INTENT,0,1,0,,15663.0,0,0,,
aep_full-before_intent_write-payments-1621b81d-r8,crashed,AEP_FULL,before_intent_write,payments,AUTHORITATIVE_READBACK,ORACLE_FINGERPRINT,98818024-d57f-4a8f-826c-d04741d1bb76,NO_RECORD,NO_INTENT,0,1,0,,12299.0,0,0,,
aep_full-before_intent_write-payments-1621b81d-r8,crashed,AEP_FULL,before_intent_write,payments,AUTHORITATIVE_READBACK,ORACLE_FINGERPRINT,0521e191-eff3-46c1-b25e-7cf1c629bcf7,NO_RECORD,NO_INTENT,0,1,0,,9704.0,0,0,,
aep_full-before_intent_write-payments-1621b81d-r8,crashed,AEP_FULL,before_intent_write,payments,AUTHORITATIVE_READBACK,ORACLE_FINGERPRINT,c078361d-2ab0-4752-841c-d8a41ee4f535,NO_RECORD,NO_INTENT,0,1,0,,3711.0,0,0,,
aep_full-before_intent_write-payments-1621b81d-r8,crashed,AEP_FULL,before_intent_write,payments,AUTHORITATIVE_READBACK,ORACLE_FINGERPRINT,d613874c-45d6-4709-bfec-877cbdcb3687,NO_RECORD,NO_INTENT,0,1,0,,26.0,0,0,,
aep_full-before_intent_write-payments-1621b81d-r9,crashed,AEP_FULL,before_intent_write,payments,AUTHORITATIVE_READBACK,ORACLE_FINGERPRINT,f31c7723-024d-4886-b4c0-7cd8b6b4849b,NO_RECORD,NO_INTENT,0,1,0,,17555.0,0,0,,
aep_full-before_intent_write-payments-1621b81d-r9,crashed,AEP_FULL,before_intent_write,payments,AUTHORITATIVE_READBACK,ORACLE_FINGERPRINT,afc4d8d7-edb1-4626-a702-916c5847b885,NO_RECORD,NO_INTENT,0,1,0,,11074.0,0,0,,
aep_full-before_intent_write-payments-1621b81d-r9,crashed,AEP_FULL,before_intent_write,payments,AUTHORITATIVE_READBACK,ORACLE_FINGERPRINT,c3eb67e0-cfb3-4cda-83a7-25475e339416,NO_RECORD,NO_INTENT,0,1,0,,7039.0,0,0,,
aep_full-before_intent_write-payments-1621b81d-r9,crashed,AEP_FULL,before_intent_write,payments,AUTHORITATIVE_READBACK,ORACLE_FINGERPRINT,4a8f6127-90f6-4498-adcc-62f60da1f924,NO_RECORD,NO_INTENT,0,1,0,,3910.0,0,0,,
aep_full-before_intent_write-payments-1621b81d-r9,crashed,AEP_FULL,before_intent_write,payments,AUTHORITATIVE_READBACK,ORACLE_FINGERPRINT,da6cf76a-5033-4658-9dd0-417cef3d5c6c,NO_RECORD,NO_INTENT,0,1,0,,123.0,0,0,,
aep_full-before_intent_write-payments-1621b81d-r9,crashed,AEP_FULL,before_intent_write,payments,AUTHORITATIVE_READBACK,ORACLE_FINGERPRINT,6505667b-cd51-4f50-aa76-19212fc5ab51,NO_RECORD,NO_INTENT,0,1,0,,17555.0,0,0,,
aep_full-before_intent_write-payments-1621b81d-r9,crashed,AEP_FULL,before_intent_write,payments,AUTHORITATIVE_READBACK,ORACLE_FINGERPRINT,7dd5facb-4ef0-4e46-b8ce-2b55033a6186,NO_RECORD,NO_INTENT,0,1,0,,11073.0,0,0,,
aep_full-before_intent_write-payments-1621b81d-r9,crashed,AEP_FULL,before_intent_write,payments,AUTHORITATIVE_READBACK,ORACLE_FINGERPRINT,8afb6448-ec18-4c25-adb3-5b097b5b8580,NO_RECORD,NO_INTENT,0,1,0,,7039.0,0,0,,
aep_full-before_intent_write-payments-1621b81d-r9,crashed,AEP_FULL,before_intent_write,payments,AUTHORITATIVE_READBACK,ORACLE_FINGERPRINT,283fc7ce-5476-44d8-8e5a-8aa8b231c0de,NO_RECORD,NO_INTENT,0,1,0,,3910.0,0,0,,
aep_full-before_intent_write-payments-1621b81d-r9,crashed,AEP_FULL,before_intent_write,payments,AUTHORITATIVE_READBACK,ORACLE_FINGERPRINT,86db769e-42d0-4131-876c-f9534a9f748e,NO_RECORD,NO_INTENT,0,1,0,,179.0,0,0,,
aep_full-mid_dispatch-notifications-f4af5c2f-r0,crashed,AEP_FULL,mid_dispatch,notifications,POSITIVE_ONLY_READBACK,ORACLE_FINGERPRINT,7affae52-21d7-4e4f-96c1-289de002b55e,DECLARED_AMBIGUOUS,FIRED_UNCONFIRMED,0,1,0,,153911.0,0,0,,1
aep_full-mid_dispatch-notifications-f4af5c2f-r0,crashed,AEP_FULL,mid_dispatch,notifications,POSITIVE_ONLY_READBACK,ORACLE_FINGERPRINT,81e50838-700d-4713-bab1-e6e17eb524d9,CONFIRMED_APPLIED,FIRED_CONFIRMED,1,1,0,,147887.0,0,0,,1
aep_full-mid_dispatch-notifications-f4af5c2f-r0,crashed,AEP_FULL,mid_dispatch,notifications,POSITIVE_ONLY_READBACK,ORACLE_FINGERPRINT,6efe4de3-03c7-4b0f-a11d-d38aab1dd8fa,DECLARED_AMBIGUOUS,FIRED_UNCONFIRMED,0,1,0,,141856.0,0,0,,1
aep_full-mid_dispatch-notifications-f4af5c2f-r0,crashed,AEP_FULL,mid_dispatch,notifications,POSITIVE_ONLY_READBACK,ORACLE_FINGERPRINT,e8d7bda4-6bda-43f0-9622-19b2f85c282c,CONFIRMED_APPLIED,FIRED_CONFIRMED,1,1,0,,136942.0,0,0,,1
aep_full-mid_dispatch-notifications-f4af5c2f-r0,crashed,AEP_FULL,mid_dispatch,notifications,POSITIVE_ONLY_READBACK,ORACLE_FINGERPRINT,97aff35a-091b-4ee4-b47a-7db9533119e0,CONFIRMED_APPLIED,FIRED_CONFIRMED,1,1,0,,131930.0,0,0,,1
aep_full-mid_dispatch-notifications-f4af5c2f-r0,crashed,AEP_FULL,mid_dispatch,notifications,POSITIVE_ONLY_READBACK,ORACLE_FINGERPRINT,6a36cc33-72ce-4684-a0ca-8d7746f90717,DECLARED_AMBIGUOUS,FIRED_UNCONFIRMED,0,1,0,,153922.0,0,0,,1
aep_full-mid_dispatch-notifications-f4af5c2f-r0,crashed,AEP_FULL,mid_dispatch,notifications,POSITIVE_ONLY_READBACK,ORACLE_FINGERPRINT,03ad8c36-90f9-44be-a866-f530a4bcf1b3,CONFIRMED_APPLIED,FIRED_CONFIRMED,1,1,0,,147896.0,0,0,,1
aep_full-mid_dispatch-notifications-f4af5c2f-r0,crashed,AEP_FULL,mid_dispatch,notifications,POSITIVE_ONLY_READBACK,ORACLE_FINGERPRINT,a46b620e-e676-46ce-aca1-76d22dd29e49,DECLARED_AMBIGUOUS,FIRED_UNCONFIRMED,0,1,0,,141863.0,0,0,,1
aep_full-mid_dispatch-notifications-f4af5c2f-r0,crashed,AEP_FULL,mid_dispatch,notifications,POSITIVE_ONLY_READBACK,ORACLE_FINGERPRINT,b0aa002d-31b8-46af-b412-9d187e449a04,CONFIRMED_APPLIED,FIRED_CONFIRMED,1,1,0,,136951.0,0,0,,1
aep_full-mid_dispatch-notifications-f4af5c2f-r0,crashed,AEP_FULL,mid_dispatch,notifications,POSITIVE_ONLY_READBACK,ORACLE_FINGERPRINT,cbf82723-bb10-4e4b-8fa8-742572f8931b,CONFIRMED_APPLIED,FIRED_CONFIRMED,1,1,0,,131939.0,0,0,,1
aep_full-mid_dispatch-notifications-f4af5c2f-r1,crashed,AEP_FULL,mid_dispatch,notifications,POSITIVE_ONLY_READBACK,ORACLE_FINGERPRINT,d53a7495-aebf-4fe9-be54-37d9c5225a71,CONFIRMED_APPLIED,FIRED_CONFIRMED,1,1,0,,44069.0,0,0,,1
aep_full-mid_dispatch-notifications-f4af5c2f-r1,crashed,AEP_FULL,mid_dispatch,notifications,POSITIVE_ONLY_READBACK,ORACLE_FINGERPRINT,aadeb4ed-0d8a-456c-ac02-1ed17b5a83d1,CONFIRMED_APPLIED,FIRED_CONFIRMED,1,1,0,,40123.0,0,0,,1
aep_full-mid_dispatch-notifications-f4af5c2f-r1,crashed,AEP_FULL,mid_dispatch,notifications,POSITIVE_ONLY_READBACK,ORACLE_FINGERPRINT,4c35ca42-aa2f-436f-b6b5-7ed5f9d0ccbc,CONFIRMED_APPLIED,FIRED_CONFIRMED,1,1,0,,36234.0,0,0,,1
aep_full-mid_dispatch-notifications-f4af5c2f-r1,crashed,AEP_FULL,mid_dispatch,notifications,POSITIVE_ONLY_READBACK,ORACLE_FINGERPRINT,ce6f94af-725b-4905-8e66-b791d0d94020,CONFIRMED_APPLIED,FIRED_CONFIRMED,1,1,0,,31094.0,0,0,,1
aep_full-mid_dispatch-notifications-f4af5c2f-r1,crashed,AEP_FULL,mid_dispatch,notifications,POSITIVE_ONLY_READBACK,ORACLE_FINGERPRINT,4da44ae4-1a3d-4a17-9cb4-49009d189dd0,CONFIRMED_APPLIED,FIRED_CONFIRMED,1,1,0,,27080.0,0,0,,1
aep_full-mid_dispatch-notifications-f4af5c2f-r1,crashed,AEP_FULL,mid_dispatch,notifications,POSITIVE_ONLY_READBACK,ORACLE_FINGERPRINT,e7741966-7046-4b50-8168-ac6be6e84c3f,CONFIRMED_APPLIED,FIRED_CONFIRMED,1,1,0,,44069.0,0,0,,1
aep_full-mid_dispatch-notifications-f4af5c2f-r1,crashed,AEP_FULL,mid_dispatch,notifications,POSITIVE_ONLY_READBACK,ORACLE_FINGERPRINT,7d337c4d-28ff-43e1-a3a6-6504eaaa63fa,CONFIRMED_APPLIED,FIRED_CONFIRMED,1,1,0,,40123.0,0,0,,1
aep_full-mid_dispatch-notifications-f4af5c2f-r1,crashed,AEP_FULL,mid_dispatch,notifications,POSITIVE_ONLY_READBACK,ORACLE_FINGERPRINT,04c99172-68c8-4c9f-b944-580cf42dfd9b,CONFIRMED_APPLIED,FIRED_CONFIRMED,1,1,0,,36234.0,0,0,,1
aep_full-mid_dispatch-notifications-f4af5c2f-r1,crashed,AEP_FULL,mid_dispatch,notifications,POSITIVE_ONLY_READBACK,ORACLE_FINGERPRINT,97dd2fa2-744f-4cec-86ee-ab97ea175d11,CONFIRMED_APPLIED,FIRED_CONFIRMED,1,1,0,,31094.0,0,0,,1
aep_full-mid_dispatch-notifications-f4af5c2f-r1,crashed,AEP_FULL,mid_dispatch,notifications,POSITIVE_ONLY_READBACK,ORACLE_FINGERPRINT,9f9e8352-399e-45b1-9030-2a67d7e0f024,CONFIRMED_APPLIED,FIRED_CONFIRMED,1,1,0,,27081.0,0,0,,1
aep_full-mid_dispatch-notifications-f4af5c2f-r10,crashed,AEP_FULL,mid_dispatch,notifications,POSITIVE_ONLY_READBACK,ORACLE_FINGERPRINT,43711840-c280-40db-8f37-7a2f338ebd40,DECLARED_AMBIGUOUS,FIRED_UNCONFIRMED,0,1,0,,145919.0,0,0,,1
aep_full-mid_dispatch-notifications-f4af5c2f-r10,crashed,AEP_FULL,mid_dispatch,notifications,POSITIVE_ONLY_READBACK,ORACLE_FINGERPRINT,f11fc299-d72d-4124-af2f-041eb2ff11c1,DECLARED_AMBIGUOUS,FIRED_UNCONFIRMED,0,1,0,,139996.0,0,0,,1
aep_full-mid_dispatch-notifications-f4af5c2f-r10,crashed,AEP_FULL,mid_dispatch,notifications,POSITIVE_ONLY_READBACK,ORACLE_FINGERPRINT,0e42b8bd-d7a1-4ec7-b193-ee1833dee1f8,CONFIRMED_APPLIED,FIRED_CONFIRMED,1,1,0,,134981.0,0,0,,1
aep_full-mid_dispatch-notifications-f4af5c2f-r10,crashed,AEP_FULL,mid_dispatch,notifications,POSITIVE_ONLY_READBACK,ORACLE_FINGERPRINT,ada7ae46-362d-46c8-b3d5-ae68e98ff203,CONFIRMED_APPLIED,FIRED_CONFIRMED,1,1,0,,129959.0,0,0,,1
aep_full-mid_dispatch-notifications-f4af5c2f-r10,crashed,AEP_FULL,mid_dispatch,notifications,POSITIVE_ONLY_READBACK,ORACLE_FINGERPRINT,7a45557a-856b-4ebe-9c3d-356be1833c1f,DECLARED_AMBIGUOUS,FIRED_UNCONFIRMED,0,1,0,,122960.0,0,0,,1
aep_full-mid_dispatch-notifications-f4af5c2f-r10,crashed,AEP_FULL,mid_dispatch,notifications,POSITIVE_ONLY_READBACK,ORACLE_FINGERPRINT,3da11565-0421-4897-bb8a-58cbc0bf3d72,DECLARED_AMBIGUOUS,FIRED_UNCONFIRMED,0,1,0,,145935.0,0,0,,1
aep_full-mid_dispatch-notifications-f4af5c2f-r10,crashed,AEP_FULL,mid_dispatch,notifications,POSITIVE_ONLY_READBACK,ORACLE_FINGERPRINT,8062d7ef-f5a5-40cd-bc8e-ddfa1b065af0,DECLARED_AMBIGUOUS,FIRED_UNCONFIRMED,0,1,0,,140002.0,0,0,,1
aep_full-mid_dispatch-notifications-f4af5c2f-r10,crashed,AEP_FULL,mid_dispatch,notifications,POSITIVE_ONLY_READBACK,ORACLE_FINGERPRINT,bd9649b3-36b8-48f1-8721-67b53ee5fdd9,CONFIRMED_APPLIED,FIRED_CONFIRMED,1,1,0,,134987.0,0,0,,1
aep_full-mid_dispatch-notifications-f4af5c2f-r10,crashed,AEP_FULL,mid_dispatch,notifications,POSITIVE_ONLY_READBACK,ORACLE_FINGERPRINT,04935198-e3d4-4230-8cd7-2593d52c470e,CONFIRMED_APPLIED,FIRED_CONFIRMED,1,1,0,,129965.0,0,0,,1
aep_full-mid_dispatch-notifications-f4af5c2f-r10,crashed,AEP_FULL,mid_dispatch,notifications,POSITIVE_ONLY_READBACK,ORACLE_FINGERPRINT,6ed662a4-cd1f-4388-8639-8557f94fb47b,DECLARED_AMBIGUOUS,FIRED_UNCONFIRMED,0,1,0,,122967.0,0,0,,1
aep_full-mid_dispatch-notifications-f4af5c2f-r11,crashed,AEP_FULL,mid_dispatch,notifications,POSITIVE_ONLY_READBACK,ORACLE_FINGERPRINT,0b7aff41-8933-4633-8f3b-d48c12d60855,CONFIRMED_APPLIED,FIRED_CONFIRMED,1,1,0,,139112.0,0,0,,1
aep_full-mid_dispatch-notifications-f4af5c2f-r11,crashed,AEP_FULL,mid_dispatch,notifications,POSITIVE_ONLY_READBACK,ORACLE_FINGERPRINT,4d5b8154-a0fb-43f8-aad8-094a96197cbc,CONFIRMED_APPLIED,FIRED_CONFIRMED,1,1,0,,133849.0,0,0,,1
aep_full-mid_dispatch-notifications-f4af5c2f-r11,crashed,AEP_FULL,mid_dispatch,notifications,POSITIVE_ONLY_READBACK,ORACLE_FINGERPRINT,0a2f3833-d3b8-44e1-a003-d97fcda6ed6b,DECLARED_AMBIGUOUS,FIRED_UNCONFIRMED,0,1,0,,130000.0,0,0,,1
aep_full-mid_dispatch-notifications-f4af5c2f-r11,crashed,AEP_FULL,mid_dispatch,notifications,POSITIVE_ONLY_READBACK,ORACLE_FINGERPRINT,1b482308-d16b-4b99-b03d-91c3214d0505,CONFIRMED_APPLIED,FIRED_CONFIRMED,1,1,0,,125033.0,0,0,,1
aep_full-mid_dispatch-notifications-f4af5c2f-r11,crashed,AEP_FULL,mid_dispatch,notifications,POSITIVE_ONLY_READBACK,ORACLE_FINGERPRINT,3e7335c1-0ec8-4274-9531-9cee4aed6083,CONFIRMED_APPLIED,FIRED_CONFIRMED,1,1,0,,120992.0,0,0,,1
aep_full-mid_dispatch-notifications-f4af5c2f-r11,crashed,AEP_FULL,mid_dispatch,notifications,POSITIVE_ONLY_READBACK,ORACLE_FINGERPRINT,1bedf97e-0f3a-44e7-86f8-5d7c2f8865c6,CONFIRMED_APPLIED,FIRED_CONFIRMED,1,1,0,,139118.0,0,0,,1
aep_full-mid_dispatch-notifications-f4af5c2f-r11,crashed,AEP_FULL,mid_dispatch,notifications,POSITIVE_ONLY_READBACK,ORACLE_FINGERPRINT,0303ab6d-0eb1-4760-afad-8b3a25632751,CONFIRMED_APPLIED,FIRED_CONFIRMED,1,1,0,,133856.0,0,0,,1
aep_full-mid_dispatch-notifications-f4af5c2f-r11,crashed,AEP_FULL,mid_dispatch,notifications,POSITIVE_ONLY_READBACK,ORACLE_FINGERPRINT,77b179c1-af34-41c2-bf20-e5c62c59e598,DECLARED_AMBIGUOUS,FIRED_UNCONFIRMED,0,1,0,,130007.0,0,0,,1
aep_full-mid_dispatch-notifications-f4af5c2f-r11,crashed,AEP_FULL,mid_dispatch,notifications,POSITIVE_ONLY_READBACK,ORACLE_FINGERPRINT,20038af3-e283-4b49-b420-8864193f6769,CONFIRMED_APPLIED,FIRED_CONFIRMED,1,1,0,,125039.0,0,0,,1
aep_full-mid_dispatch-notifications-f4af5c2f-r11,crashed,AEP_FULL,mid_dispatch,notifications,POSITIVE_ONLY_READBACK,ORACLE_FINGERPRINT,50890ee2-9347-4dcc-884f-f2b29ed13585,CONFIRMED_APPLIED,FIRED_CONFIRMED,1,1,0,,120999.0,0,0,,1
aep_full-mid_dispatch-notifications-f4af5c2f-r12,crashed,AEP_FULL,mid_dispatch,notifications,POSITIVE_ONLY_READBACK,ORACLE_FINGERPRINT,cbeb1513-f8b1-4271-9d52-4206b2fd4c2c,DECLARED_AMBIGUOUS,PERMANENTLY_AMBIGUOUS,0,1,0,,152956.0,0,0,,1
aep_full-mid_dispatch-notifications-f4af5c2f-r12,crashed,AEP_FULL,mid_dispatch,notifications,POSITIVE_ONLY_READBACK,ORACLE_FINGERPRINT,81e38194-1d16-4166-84dc-a1719536ce79,DECLARED_AMBIGUOUS,FIRED_UNCONFIRMED,0,1,0,,140945.0,0,0,,1
aep_full-mid_dispatch-notifications-f4af5c2f-r12,crashed,AEP_FULL,mid_dispatch,notifications,POSITIVE_ONLY_READBACK,ORACLE_FINGERPRINT,a5afbe0f-0978-4f39-926d-3875b1b9175b,DECLARED_AMBIGUOUS,FIRED_UNCONFIRMED,0,1,0,,133930.0,0,0,,1
aep_full-mid_dispatch-notifications-f4af5c2f-r12,crashed,AEP_FULL,mid_dispatch,notifications,POSITIVE_ONLY_READBACK,ORACLE_FINGERPRINT,26326b4b-0e2e-4b2e-a1a5-d0b5ebf0820a,DECLARED_AMBIGUOUS,FIRED_UNCONFIRMED,0,1,0,,127861.0,0,0,,1
aep_full-mid_dispatch-notifications-f4af5c2f-r12,crashed,AEP_FULL,mid_dispatch,notifications,POSITIVE_ONLY_READBACK,ORACLE_FINGERPRINT,68ef053e-abe2-4879-aa5b-154403ae4cce,DECLARED_AMBIGUOUS,PERMANENTLY_AMBIGUOUS,0,1,0,,121016.0,0,0,,1
aep_full-mid_dispatch-notifications-f4af5c2f-r12,crashed,AEP_FULL,mid_dispatch,notifications,POSITIVE_ONLY_READBACK,ORACLE_FINGERPRINT,8e2e68a3-1d52-4523-b5f6-022a91691020,DECLARED_AMBIGUOUS,FIRED_UNCONFIRMED,0,1,0,,151888.0,0,0,,1
aep_full-mid_dispatch-notifications-f4af5c2f-r12,crashed,AEP_FULL,mid_dispatch,notifications,POSITIVE_ONLY_READBACK,ORACLE_FINGERPRINT,4eb061ce-f266-472e-bb05-6762619bb5a9,DECLARED_AMBIGUOUS,FIRED_UNCONFIRMED,0,1,0,,140952.0,0,0,,1
aep_full-mid_dispatch-notifications-f4af5c2f-r12,crashed,AEP_FULL,mid_dispatch,notifications,POSITIVE_ONLY_READBACK,ORACLE_FINGERPRINT,07c4363c-fdfd-408e-8505-2e4c861e2364,DECLARED_AMBIGUOUS,FIRED_UNCONFIRMED,0,1,0,,133937.0,0,0,,1
aep_full-mid_dispatch-notifications-f4af5c2f-r12,crashed,AEP_FULL,mid_dispatch,notifications,POSITIVE_ONLY_READBACK,ORACLE_FINGERPRINT,5d15bdc3-273a-4f9f-a2dc-6c18a10a0bed,DECLARED_AMBIGUOUS,FIRED_UNCONFIRMED,0,1,0,,127869.0,0,0,,1
aep_full-mid_dispatch-notifications-f4af5c2f-r12,crashed,AEP_FULL,mid_dispatch,notifications,POSITIVE_ONLY_READBACK,ORACLE_FINGERPRINT,1f64e004-4d8c-4413-9b33-2b7b055ca43a,DECLARED_AMBIGUOUS,FIRED_UNCONFIRMED,0,1,0,,121021.0,0,0,,1
aep_full-mid_dispatch-notifications-f4af5c2f-r13,crashed,AEP_FULL,mid_dispatch,notifications,POSITIVE_ONLY_READBACK,ORACLE_FINGERPRINT,3933b0a6-89c0-4ded-8705-8fb72754e8b3,DECLARED_AMBIGUOUS,FIRED_UNCONFIRMED,0,1,0,,142198.0,0,0,,1
aep_full-mid_dispatch-notifications-f4af5c2f-r13,crashed,AEP_FULL,mid_dispatch,notifications,POSITIVE_ONLY_READBACK,ORACLE_FINGERPRINT,8484874f-a5df-4f55-9447-d1b647573948,DECLARED_AMBIGUOUS,FIRED_UNCONFIRMED,0,1,0,,137231.0,0,0,,1
aep_full-mid_dispatch-notifications-f4af5c2f-r13,crashed,AEP_FULL,mid_dispatch,notifications,POSITIVE_ONLY_READBACK,ORACLE_FINGERPRINT,d7b015e4-5a71-4fc5-9301-8718f1b1dcfb,DECLARED_AMBIGUOUS,FIRED_UNCONFIRMED,0,1,0,,131302.0,0,0,,1
aep_full-mid_dispatch-notifications-f4af5c2f-r13,crashed,AEP_FULL,mid_dispatch,notifications,POSITIVE_ONLY_READBACK,ORACLE_FINGERPRINT,63598705-d1c4-4179-90b3-40ec3bf7ca96,CONFIRMED_APPLIED,FIRED_CONFIRMED,1,1,0,,126206.0,0,0,,1
aep_full-mid_dispatch-notifications-f4af5c2f-r13,crashed,AEP_FULL,mid_dispatch,notifications,POSITIVE_ONLY_READBACK,ORACLE_FINGERPRINT,8d687c35-b4bb-4e36-b31e-96bb72d7ac3c,DECLARED_AMBIGUOUS,FIRED_UNCONFIRMED,0,1,0,,121165.0,0,0,,1
aep_full-mid_dispatch-notifications-f4af5c2f-r13,crashed,AEP_FULL,mid_dispatch,notifications,POSITIVE_ONLY_READBACK,ORACLE_FINGERPRINT,88a6499d-b100-405e-8d59-f650de0557ef,DECLARED_AMBIGUOUS,FIRED_UNCONFIRMED,0,1,0,,142205.0,0,0,,1
aep_full-mid_dispatch-notifications-f4af5c2f-r13,crashed,AEP_FULL,mid_dispatch,notifications,POSITIVE_ONLY_READBACK,ORACLE_FINGERPRINT,9f09932f-7e67-4cee-87d1-e6056886c407,DECLARED_AMBIGUOUS,FIRED_UNCONFIRMED,0,1,0,,137239.0,0,0,,1
aep_full-mid_dispatch-notifications-f4af5c2f-r13,crashed,AEP_FULL,mid_dispatch,notifications,POSITIVE_ONLY_READBACK,ORACLE_FINGERPRINT,701b30b8-3d61-412f-aa7f-1bc74a5441de,DECLARED_AMBIGUOUS,FIRED_UNCONFIRMED,0,1,0,,131310.0,0,0,,1
aep_full-mid_dispatch-notifications-f4af5c2f-r13,crashed,AEP_FULL,mid_dispatch,notifications,POSITIVE_ONLY_READBACK,ORACLE_FINGERPRINT,c5aecc23-0869-4435-8519-32ba031ee1e6,CONFIRMED_APPLIED,FIRED_CONFIRMED,1,1,0,,126213.0,0,0,,1
aep_full-mid_dispatch-notifications-f4af5c2f-r13,crashed,AEP_FULL,mid_dispatch,notifications,POSITIVE_ONLY_READBACK,ORACLE_FINGERPRINT,721b1746-01f0-4ff8-88ff-d6fb57cc4bbe,DECLARED_AMBIGUOUS,FIRED_UNCONFIRMED,0,1,0,,121173.0,0,0,,1
aep_full-mid_dispatch-notifications-f4af5c2f-r14,crashed,AEP_FULL,mid_dispatch,notifications,POSITIVE_ONLY_READBACK,ORACLE_FINGERPRINT,3ef8405a-f15f-417b-b5b6-a150c6709741,CONFIRMED_APPLIED,FIRED_CONFIRMED,1,1,0,,138818.0,0,0,,1
aep_full-mid_dispatch-notifications-f4af5c2f-r14,crashed,AEP_FULL,mid_dispatch,notifications,POSITIVE_ONLY_READBACK,ORACLE_FINGERPRINT,36d91872-a865-4272-b80f-f37e8d5ab455,CONFIRMED_APPLIED,FIRED_CONFIRMED,1,1,0,,134804.0,0,0,,1
aep_full-mid_dispatch-notifications-f4af5c2f-r14,crashed,AEP_FULL,mid_dispatch,notifications,POSITIVE_ONLY_READBACK,ORACLE_FINGERPRINT,f654e890-b4bf-4a8d-a353-3782111c5ea2,CONFIRMED_APPLIED,FIRED_CONFIRMED,1,1,0,,129881.0,0,0,,1
aep_full-mid_dispatch-notifications-f4af5c2f-r14,crashed,AEP_FULL,mid_dispatch,notifications,POSITIVE_ONLY_READBACK,ORACLE_FINGERPRINT,cdaa4707-d4da-476a-a705-fcb130250bd0,CONFIRMED_APPLIED,FIRED_CONFIRMED,1,1,0,,125869.0,0,0,,1
aep_full-mid_dispatch-notifications-f4af5c2f-r14,crashed,AEP_FULL,mid_dispatch,notifications,POSITIVE_ONLY_READBACK,ORACLE_FINGERPRINT,8fd22edd-fcf4-4a4f-96c8-52960166fb6b,DECLARED_AMBIGUOUS,FIRED_UNCONFIRMED,0,1,0,,120847.0,0,0,,1
aep_full-mid_dispatch-notifications-f4af5c2f-r14,crashed,AEP_FULL,mid_dispatch,notifications,POSITIVE_ONLY_READBACK,ORACLE_FINGERPRINT,34202766-4e3d-479c-8b6a-8603135741e4,CONFIRMED_APPLIED,FIRED_CONFIRMED,1,1,0,,138824.0,0,0,,1
aep_full-mid_dispatch-notifications-f4af5c2f-r14,crashed,AEP_FULL,mid_dispatch,notifications,POSITIVE_ONLY_READBACK,ORACLE_FINGERPRINT,ec13957c-ce86-47bd-8c61-d1690dec7bba,DECLARED_AMBIGUOUS,FIRED_UNCONFIRMED,0,1,0,,134810.0,0,0,,1
aep_full-mid_dispatch-notifications-f4af5c2f-r14,crashed,AEP_FULL,mid_dispatch,notifications,POSITIVE_ONLY_READBACK,ORACLE_FINGERPRINT,0493fdc1-00eb-47a2-9d3b-48a65d1c0edd,CONFIRMED_APPLIED,FIRED_CONFIRMED,1,1,0,,129886.0,0,0,,1
aep_full-mid_dispatch-notifications-f4af5c2f-r14,crashed,AEP_FULL,mid_dispatch,notifications,POSITIVE_ONLY_READBACK,ORACLE_FINGERPRINT,d398e105-9b9b-430a-9ab6-cde4ae86e1f7,CONFIRMED_APPLIED,FIRED_CONFIRMED,1,1,0,,125875.0,0,0,,1
aep_full-mid_dispatch-notifications-f4af5c2f-r14,crashed,AEP_FULL,mid_dispatch,notifications,POSITIVE_ONLY_READBACK,ORACLE_FINGERPRINT,9a206cbd-8b6d-4ffe-bb8f-79f2658070dd,DECLARED_AMBIGUOUS,FIRED_UNCONFIRMED,0,1,0,,120853.0,0,0,,1
aep_full-mid_dispatch-notifications-f4af5c2f-r2,crashed,AEP_FULL,mid_dispatch,notifications,POSITIVE_ONLY_READBACK,ORACLE_FINGERPRINT,78febe42-aae6-4875-a76d-8f14152aa171,DECLARED_AMBIGUOUS,FIRED_UNCONFIRMED,0,1,0,,162814.0,0,0,,1
aep_full-mid_dispatch-notifications-f4af5c2f-r2,crashed,AEP_FULL,mid_dispatch,notifications,POSITIVE_ONLY_READBACK,ORACLE_FINGERPRINT,1c0f92fc-9163-4531-9642-3b0ef2ba27bc,DECLARED_AMBIGUOUS,FIRED_UNCONFIRMED,0,1,0,,155788.0,0,0,,1
aep_full-mid_dispatch-notifications-f4af5c2f-r2,crashed,AEP_FULL,mid_dispatch,notifications,POSITIVE_ONLY_READBACK,ORACLE_FINGERPRINT,15688351-4f18-4a2c-8ec8-906039972d89,DECLARED_AMBIGUOUS,FIRED_UNCONFIRMED,0,1,0,,145827.0,0,0,,1
aep_full-mid_dispatch-notifications-f4af5c2f-r2,crashed,AEP_FULL,mid_dispatch,notifications,POSITIVE_ONLY_READBACK,ORACLE_FINGERPRINT,e984b705-fc82-4905-afa3-019a40de320b,DECLARED_AMBIGUOUS,FIRED_UNCONFIRMED,0,1,0,,138929.0,0,0,,1
aep_full-mid_dispatch-notifications-f4af5c2f-r2,crashed,AEP_FULL,mid_dispatch,notifications,POSITIVE_ONLY_READBACK,ORACLE_FINGERPRINT,ec88650e-103a-4ac7-aa97-47c92bf7fb34,DECLARED_AMBIGUOUS,FIRED_UNCONFIRMED,0,1,0,,132778.0,0,0,,1
aep_full-mid_dispatch-notifications-f4af5c2f-r2,crashed,AEP_FULL,mid_dispatch,notifications,POSITIVE_ONLY_READBACK,ORACLE_FINGERPRINT,e5fed55c-97a0-40cd-9969-2b4dab2032c9,DECLARED_AMBIGUOUS,FIRED_UNCONFIRMED,0,1,0,,164831.0,0,0,,1
aep_full-mid_dispatch-notifications-f4af5c2f-r2,crashed,AEP_FULL,mid_dispatch,notifications,POSITIVE_ONLY_READBACK,ORACLE_FINGERPRINT,9a178830-59e9-4f14-b1c0-7b67dd67e2b3,DECLARED_AMBIGUOUS,FIRED_UNCONFIRMED,0,1,0,,156864.0,0,0,,1
aep_full-mid_dispatch-notifications-f4af5c2f-r2,crashed,AEP_FULL,mid_dispatch,notifications,POSITIVE_ONLY_READBACK,ORACLE_FINGERPRINT,529ef25b-dc75-4bdb-b8e8-7bc05c724eec,DECLARED_AMBIGUOUS,FIRED_UNCONFIRMED,0,1,0,,146845.0,0,0,,1
aep_full-mid_dispatch-notifications-f4af5c2f-r2,crashed,AEP_FULL,mid_dispatch,notifications,POSITIVE_ONLY_READBACK,ORACLE_FINGERPRINT,1cb90a57-a96c-48c1-9426-6b5373e828ae,DECLARED_AMBIGUOUS,FIRED_UNCONFIRMED,0,1,0,,140001.0,0,0,,1
aep_full-mid_dispatch-notifications-f4af5c2f-r2,crashed,AEP_FULL,mid_dispatch,notifications,POSITIVE_ONLY_READBACK,ORACLE_FINGERPRINT,0422eb28-057d-4b2a-a997-2d6033f215ff,DECLARED_AMBIGUOUS,FIRED_UNCONFIRMED,0,1,0,,132788.0,0,0,,1
aep_full-mid_dispatch-notifications-f4af5c2f-r3,crashed,AEP_FULL,mid_dispatch,notifications,POSITIVE_ONLY_READBACK,ORACLE_FINGERPRINT,6eb75af2-585a-4ab1-96b0-6e8720e0b0c9,CONFIRMED_APPLIED,FIRED_CONFIRMED,1,1,0,,150644.0,0,0,,1
aep_full-mid_dispatch-notifications-f4af5c2f-r3,crashed,AEP_FULL,mid_dispatch,notifications,POSITIVE_ONLY_READBACK,ORACLE_FINGERPRINT,f95680c7-1716-4d77-b8a3-1cb2b391c33b,CONFIRMED_APPLIED,FIRED_CONFIRMED,1,1,0,,146634.0,0,0,,1
aep_full-mid_dispatch-notifications-f4af5c2f-r3,crashed,AEP_FULL,mid_dispatch,notifications,POSITIVE_ONLY_READBACK,ORACLE_FINGERPRINT,889d0df5-52a2-4c11-8dbb-23c2c7ae52b2,CONFIRMED_APPLIED,FIRED_CONFIRMED,1,1,0,,142717.0,0,0,,1
aep_full-mid_dispatch-notifications-f4af5c2f-r3,crashed,AEP_FULL,mid_dispatch,notifications,POSITIVE_ONLY_READBACK,ORACLE_FINGERPRINT,fe7e34ee-fd81-4f67-9c8f-60ba80da606a,DECLARED_AMBIGUOUS,FIRED_UNCONFIRMED,0,1,0,,138855.0,0,0,,1
aep_full-mid_dispatch-notifications-f4af5c2f-r3,crashed,AEP_FULL,mid_dispatch,notifications,POSITIVE_ONLY_READBACK,ORACLE_FINGERPRINT,3595c37c-9017-416f-87b5-270fcb2b381f,DECLARED_AMBIGUOUS,FIRED_UNCONFIRMED,0,1,0,,132683.0,0,0,,1
aep_full-mid_dispatch-notifications-f4af5c2f-r3,crashed,AEP_FULL,mid_dispatch,notifications,POSITIVE_ONLY_READBACK,ORACLE_FINGERPRINT,b57b4ccf-0408-4a22-94f0-bcd82b128ca8,CONFIRMED_APPLIED,FIRED_CONFIRMED,1,1,0,,150653.0,0,0,,1
aep_full-mid_dispatch-notifications-f4af5c2f-r3,crashed,AEP_FULL,mid_dispatch,notifications,POSITIVE_ONLY_READBACK,ORACLE_FINGERPRINT,4710cc32-4fb4-4659-b602-99e36683822e,CONFIRMED_APPLIED,FIRED_CONFIRMED,1,1,0,,146643.0,0,0,,1
aep_full-mid_dispatch-notifications-f4af5c2f-r3,crashed,AEP_FULL,mid_dispatch,notifications,POSITIVE_ONLY_READBACK,ORACLE_FINGERPRINT,c53fcb82-7e7d-40b6-a8b0-184a66a09d1c,CONFIRMED_APPLIED,FIRED_CONFIRMED,1,1,0,,142726.0,0,0,,1
aep_full-mid_dispatch-notifications-f4af5c2f-r3,crashed,AEP_FULL,mid_dispatch,notifications,POSITIVE_ONLY_READBACK,ORACLE_FINGERPRINT,affe2a3d-7c46-4ee3-b04e-ac30390c361e,DECLARED_AMBIGUOUS,FIRED_UNCONFIRMED,0,1,0,,138864.0,0,0,,1
aep_full-mid_dispatch-notifications-f4af5c2f-r3,crashed,AEP_FULL,mid_dispatch,notifications,POSITIVE_ONLY_READBACK,ORACLE_FINGERPRINT,6aecda25-96df-4e3e-803c-57f58ab555f9,DECLARED_AMBIGUOUS,FIRED_UNCONFIRMED,0,1,0,,132691.0,0,0,,1
aep_full-mid_dispatch-notifications-f4af5c2f-r4,crashed,AEP_FULL,mid_dispatch,notifications,POSITIVE_ONLY_READBACK,ORACLE_FINGERPRINT,afbdc6e1-e817-4f01-bc6f-a9b07f80a339,CONFIRMED_NOT_APPLIED,FAILED_CONFIRMED,0,0,0,,,0,0,,0
aep_full-mid_dispatch-notifications-f4af5c2f-r4,crashed,AEP_FULL,mid_dispatch,notifications,POSITIVE_ONLY_READBACK,ORACLE_FINGERPRINT,58f7cdbd-db1b-4aaa-aa37-102bb5387837,CONFIRMED_APPLIED,FIRED_CONFIRMED,1,1,0,,146818.0,0,0,,1
aep_full-mid_dispatch-notifications-f4af5c2f-r4,crashed,AEP_FULL,mid_dispatch,notifications,POSITIVE_ONLY_READBACK,ORACLE_FINGERPRINT,3b323095-363d-4534-b62c-2d54cb3b89a0,CONFIRMED_APPLIED,FIRED_CONFIRMED,1,1,0,,141985.0,0,0,,1
aep_full-mid_dispatch-notifications-f4af5c2f-r4,crashed,AEP_FULL,mid_dispatch,notifications,POSITIVE_ONLY_READBACK,ORACLE_FINGERPRINT,f37626cf-32ce-4d63-b5ce-33653d96ec1e,DECLARED_AMBIGUOUS,FIRED_UNCONFIRMED,0,1,0,,136807.0,0,0,,1
aep_full-mid_dispatch-notifications-f4af5c2f-r4,crashed,AEP_FULL,mid_dispatch,notifications,POSITIVE_ONLY_READBACK,ORACLE_FINGERPRINT,d5aa2eb8-166f-4ca7-afe2-ac27495dd6df,DECLARED_AMBIGUOUS,FIRED_UNCONFIRMED,0,1,0,,131770.0,0,0,,1
aep_full-mid_dispatch-notifications-f4af5c2f-r4,crashed,AEP_FULL,mid_dispatch,notifications,POSITIVE_ONLY_READBACK,ORACLE_FINGERPRINT,f5d2c59a-a666-439e-a9e0-c94537b5306f,CONFIRMED_NOT_APPLIED,FAILED_CONFIRMED,0,0,0,,,0,0,,0
aep_full-mid_dispatch-notifications-f4af5c2f-r4,crashed,AEP_FULL,mid_dispatch,notifications,POSITIVE_ONLY_READBACK,ORACLE_FINGERPRINT,a56ce5eb-22c1-4980-965a-77686bd11aac,DECLARED_AMBIGUOUS,FIRED_UNCONFIRMED,0,1,0,,145815.0,0,0,,1
aep_full-mid_dispatch-notifications-f4af5c2f-r4,crashed,AEP_FULL,mid_dispatch,notifications,POSITIVE_ONLY_READBACK,ORACLE_FINGERPRINT,dbf842eb-8a0e-43ab-8fc4-e186b4fdb3b2,CONFIRMED_APPLIED,FIRED_CONFIRMED,1,1,0,,141990.0,0,0,,1
aep_full-mid_dispatch-notifications-f4af5c2f-r4,crashed,AEP_FULL,mid_dispatch,notifications,POSITIVE_ONLY_READBACK,ORACLE_FINGERPRINT,027d494e-e78f-43cc-91fe-377822c7468e,DECLARED_AMBIGUOUS,FIRED_UNCONFIRMED,0,1,0,,136811.0,0,0,,1
aep_full-mid_dispatch-notifications-f4af5c2f-r4,crashed,AEP_FULL,mid_dispatch,notifications,POSITIVE_ONLY_READBACK,ORACLE_FINGERPRINT,6d977daf-e7ec-4809-b21e-74f0280eefb4,DECLARED_AMBIGUOUS,FIRED_UNCONFIRMED,0,1,0,,131774.0,0,0,,1
aep_full-mid_dispatch-notifications-f4af5c2f-r5,crashed,AEP_FULL,mid_dispatch,notifications,POSITIVE_ONLY_READBACK,ORACLE_FINGERPRINT,93157b97-e659-472f-826a-d4aa04a4e400,DECLARED_AMBIGUOUS,FIRED_UNCONFIRMED,0,1,0,,155362.0,0,0,,1
aep_full-mid_dispatch-notifications-f4af5c2f-r5,crashed,AEP_FULL,mid_dispatch,notifications,POSITIVE_ONLY_READBACK,ORACLE_FINGERPRINT,091fadba-8897-4f2b-afc5-4215371cd5fc,DECLARED_AMBIGUOUS,FIRED_UNCONFIRMED,0,1,0,,150344.0,0,0,,1
aep_full-mid_dispatch-notifications-f4af5c2f-r5,crashed,AEP_FULL,mid_dispatch,notifications,POSITIVE_ONLY_READBACK,ORACLE_FINGERPRINT,5a210d33-eec2-4053-b3b3-ecab56f9f8b2,DECLARED_AMBIGUOUS,FIRED_UNCONFIRMED,0,1,0,,145326.0,0,0,,1
aep_full-mid_dispatch-notifications-f4af5c2f-r5,crashed,AEP_FULL,mid_dispatch,notifications,POSITIVE_ONLY_READBACK,ORACLE_FINGERPRINT,f57f02cb-623b-497c-b4cc-9cf388b39f6b,DECLARED_AMBIGUOUS,FIRED_UNCONFIRMED,0,1,0,,140408.0,0,0,,1
aep_full-mid_dispatch-notifications-f4af5c2f-r5,crashed,AEP_FULL,mid_dispatch,notifications,POSITIVE_ONLY_READBACK,ORACLE_FINGERPRINT,83c52afc-2aaa-4735-969a-48abe4ff8a81,CONFIRMED_APPLIED,FIRED_CONFIRMED,1,1,0,,132339.0,0,0,,1
aep_full-mid_dispatch-notifications-f4af5c2f-r5,crashed,AEP_FULL,mid_dispatch,notifications,POSITIVE_ONLY_READBACK,ORACLE_FINGERPRINT,70e19b9b-3a2a-4df2-8ab4-af62f51d488c,DECLARED_AMBIGUOUS,FIRED_UNCONFIRMED,0,1,0,,156370.0,0,0,,1
aep_full-mid_dispatch-notifications-f4af5c2f-r5,crashed,AEP_FULL,mid_dispatch,notifications,POSITIVE_ONLY_READBACK,ORACLE_FINGERPRINT,fd50e195-f9c7-4fb4-9b56-5bf91221fdf6,DECLARED_AMBIGUOUS,FIRED_UNCONFIRMED,0,1,0,,152454.0,0,0,,1
aep_full-mid_dispatch-notifications-f4af5c2f-r5,crashed,AEP_FULL,mid_dispatch,notifications,POSITIVE_ONLY_READBACK,ORACLE_FINGERPRINT,93f6e46e-82e2-4982-ab3a-d424670ab3ad,DECLARED_AMBIGUOUS,FIRED_UNCONFIRMED,0,1,0,,147332.0,0,0,,1
aep_full-mid_dispatch-notifications-f4af5c2f-r5,crashed,AEP_FULL,mid_dispatch,notifications,POSITIVE_ONLY_READBACK,ORACLE_FINGERPRINT,8a13a299-bcf1-49a1-9ec6-71b55d833976,DECLARED_AMBIGUOUS,FIRED_UNCONFIRMED,0,1,0,,142319.0,0,0,,1
aep_full-mid_dispatch-notifications-f4af5c2f-r5,crashed,AEP_FULL,mid_dispatch,notifications,POSITIVE_ONLY_READBACK,ORACLE_FINGERPRINT,bf700cd7-f9b7-484e-b445-bc0f0c44d473,DECLARED_AMBIGUOUS,FIRED_UNCONFIRMED,0,1,0,,136732.0,0,0,,1
aep_full-mid_dispatch-notifications-f4af5c2f-r6,crashed,AEP_FULL,mid_dispatch,notifications,POSITIVE_ONLY_READBACK,ORACLE_FINGERPRINT,db106587-3c4b-4caf-a204-ab13c15fcbf4,CONFIRMED_APPLIED,FIRED_CONFIRMED,1,1,0,,41065.0,0,0,,1
aep_full-mid_dispatch-notifications-f4af5c2f-r6,crashed,AEP_FULL,mid_dispatch,notifications,POSITIVE_ONLY_READBACK,ORACLE_FINGERPRINT,cf485ca4-0a05-4ad9-962d-3b8814b34187,CONFIRMED_APPLIED,FIRED_CONFIRMED,1,1,0,,37964.0,0,0,,1
aep_full-mid_dispatch-notifications-f4af5c2f-r6,crashed,AEP_FULL,mid_dispatch,notifications,POSITIVE_ONLY_READBACK,ORACLE_FINGERPRINT,09e29bfa-3efe-4cf8-bef7-26289b183bd9,CONFIRMED_APPLIED,FIRED_CONFIRMED,1,1,0,,34925.0,0,0,,1
aep_full-mid_dispatch-notifications-f4af5c2f-r6,crashed,AEP_FULL,mid_dispatch,notifications,POSITIVE_ONLY_READBACK,ORACLE_FINGERPRINT,2036a0fe-2864-4f14-965c-8f2838d30b09,CONFIRMED_APPLIED,FIRED_CONFIRMED,1,1,0,,30912.0,0,0,,1
aep_full-mid_dispatch-notifications-f4af5c2f-r6,crashed,AEP_FULL,mid_dispatch,notifications,POSITIVE_ONLY_READBACK,ORACLE_FINGERPRINT,9e433ad3-8a84-4c4d-b17a-57bba173a667,CONFIRMED_APPLIED,FIRED_CONFIRMED,1,1,0,,26999.0,0,0,,1
aep_full-mid_dispatch-notifications-f4af5c2f-r6,crashed,AEP_FULL,mid_dispatch,notifications,POSITIVE_ONLY_READBACK,ORACLE_FINGERPRINT,b21de0df-8afa-4c8a-a12e-d1eed5042b91,CONFIRMED_APPLIED,FIRED_CONFIRMED,1,1,0,,41065.0,0,0,,1
aep_full-mid_dispatch-notifications-f4af5c2f-r6,crashed,AEP_FULL,mid_dispatch,notifications,POSITIVE_ONLY_READBACK,ORACLE_FINGERPRINT,14c49d39-5829-4103-a786-e2ed6a850a9e,CONFIRMED_APPLIED,FIRED_CONFIRMED,1,1,0,,37964.0,0,0,,1
aep_full-mid_dispatch-notifications-f4af5c2f-r6,crashed,AEP_FULL,mid_dispatch,notifications,POSITIVE_ONLY_READBACK,ORACLE_FINGERPRINT,ccdf3006-6fbb-401a-ba69-d70286985cf7,CONFIRMED_APPLIED,FIRED_CONFIRMED,1,1,0,,34925.0,0,0,,1
aep_full-mid_dispatch-notifications-f4af5c2f-r6,crashed,AEP_FULL,mid_dispatch,notifications,POSITIVE_ONLY_READBACK,ORACLE_FINGERPRINT,d0fa29e9-066b-4b8a-8c59-f940b6490732,CONFIRMED_APPLIED,FIRED_CONFIRMED,1,1,0,,30911.0,0,0,,1
aep_full-mid_dispatch-notifications-f4af5c2f-r6,crashed,AEP_FULL,mid_dispatch,notifications,POSITIVE_ONLY_READBACK,ORACLE_FINGERPRINT,4789fd4d-dc39-42c9-8f9f-daec06b3ef27,CONFIRMED_APPLIED,FIRED_CONFIRMED,1,1,0,,26999.0,0,0,,1
aep_full-mid_dispatch-notifications-f4af5c2f-r7,crashed,AEP_FULL,mid_dispatch,notifications,POSITIVE_ONLY_READBACK,ORACLE_FINGERPRINT,b3f5f1d3-da42-4bd4-b04c-3f78f31b565b,DECLARED_AMBIGUOUS,FIRED_UNCONFIRMED,0,1,0,,163357.0,0,0,,1
aep_full-mid_dispatch-notifications-f4af5c2f-r7,crashed,AEP_FULL,mid_dispatch,notifications,POSITIVE_ONLY_READBACK,ORACLE_FINGERPRINT,85705178-f5e4-49b7-be9c-baf4bab3959a,DECLARED_AMBIGUOUS,FIRED_UNCONFIRMED,0,1,0,,156333.0,0,0,,1
aep_full-mid_dispatch-notifications-f4af5c2f-r7,crashed,AEP_FULL,mid_dispatch,notifications,POSITIVE_ONLY_READBACK,ORACLE_FINGERPRINT,b3bcc551-6aba-4507-bc1c-dc7d6ec76e49,DECLARED_AMBIGUOUS,FIRED_UNCONFIRMED,0,1,0,,147290.0,0,0,,1
aep_full-mid_dispatch-notifications-f4af5c2f-r7,crashed,AEP_FULL,mid_dispatch,notifications,POSITIVE_ONLY_READBACK,ORACLE_FINGERPRINT,9f78b14a-2eba-4ef6-95ee-0f9839b5b7b7,DECLARED_AMBIGUOUS,FIRED_UNCONFIRMED,0,1,0,,138289.0,0,0,,1
aep_full-mid_dispatch-notifications-f4af5c2f-r7,crashed,AEP_FULL,mid_dispatch,notifications,POSITIVE_ONLY_READBACK,ORACLE_FINGERPRINT,d16ace98-6486-4d81-b794-a7af6a4a72a4,DECLARED_AMBIGUOUS,FIRED_UNCONFIRMED,0,1,0,,132266.0,0,0,,1
aep_full-mid_dispatch-notifications-f4af5c2f-r7,crashed,AEP_FULL,mid_dispatch,notifications,POSITIVE_ONLY_READBACK,ORACLE_FINGERPRINT,64aea326-1dc6-4326-983c-f9b8670b42a6,DECLARED_AMBIGUOUS,FIRED_UNCONFIRMED,0,1,0,,164449.0,0,0,,1
aep_full-mid_dispatch-notifications-f4af5c2f-r7,crashed,AEP_FULL,mid_dispatch,notifications,POSITIVE_ONLY_READBACK,ORACLE_FINGERPRINT,ef50e129-ad51-43f0-a80c-90c7577987ca,DECLARED_AMBIGUOUS,FIRED_UNCONFIRMED,0,1,0,,156342.0,0,0,,1
aep_full-mid_dispatch-notifications-f4af5c2f-r7,crashed,AEP_FULL,mid_dispatch,notifications,POSITIVE_ONLY_READBACK,ORACLE_FINGERPRINT,f4c8a0d1-df2f-4648-ae68-5256350b18f8,DECLARED_AMBIGUOUS,FIRED_UNCONFIRMED,0,1,0,,147297.0,0,0,,1
aep_full-mid_dispatch-notifications-f4af5c2f-r7,crashed,AEP_FULL,mid_dispatch,notifications,POSITIVE_ONLY_READBACK,ORACLE_FINGERPRINT,642747d7-69fa-44d2-a7ae-de3cc73b35bd,DECLARED_AMBIGUOUS,FIRED_UNCONFIRMED,0,1,0,,138299.0,0,0,,1
aep_full-mid_dispatch-notifications-f4af5c2f-r7,crashed,AEP_FULL,mid_dispatch,notifications,POSITIVE_ONLY_READBACK,ORACLE_FINGERPRINT,76a33aca-a8ec-4120-a841-7bae8781a50e,DECLARED_AMBIGUOUS,FIRED_UNCONFIRMED,0,1,0,,132275.0,0,0,,1
aep_full-mid_dispatch-notifications-f4af5c2f-r8,crashed,AEP_FULL,mid_dispatch,notifications,POSITIVE_ONLY_READBACK,ORACLE_FINGERPRINT,754f665a-37c5-4f49-b472-c02065231aa0,DECLARED_AMBIGUOUS,FIRED_UNCONFIRMED,0,1,0,,158076.0,0,0,,1
aep_full-mid_dispatch-notifications-f4af5c2f-r8,crashed,AEP_FULL,mid_dispatch,notifications,POSITIVE_ONLY_READBACK,ORACLE_FINGERPRINT,93c8d7b7-eb08-4861-8190-b9b84a108a2c,DECLARED_AMBIGUOUS,FIRED_UNCONFIRMED,0,1,0,,152157.0,0,0,,1
aep_full-mid_dispatch-notifications-f4af5c2f-r8,crashed,AEP_FULL,mid_dispatch,notifications,POSITIVE_ONLY_READBACK,ORACLE_FINGERPRINT,96e6018c-2b84-424c-a99a-422586bd3a27,CONFIRMED_APPLIED,FIRED_CONFIRMED,1,1,0,,144221.0,0,0,,1
aep_full-mid_dispatch-notifications-f4af5c2f-r8,crashed,AEP_FULL,mid_dispatch,notifications,POSITIVE_ONLY_READBACK,ORACLE_FINGERPRINT,7637f93a-8318-4cf0-b9c4-56897c3e5390,DECLARED_AMBIGUOUS,FIRED_UNCONFIRMED,0,1,0,,139256.0,0,0,,1
aep_full-mid_dispatch-notifications-f4af5c2f-r8,crashed,AEP_FULL,mid_dispatch,notifications,POSITIVE_ONLY_READBACK,ORACLE_FINGERPRINT,94f4f5ce-8910-43bb-bc30-58849287b651,DECLARED_AMBIGUOUS,FIRED_UNCONFIRMED,0,1,0,,132074.0,0,0,,1
aep_full-mid_dispatch-notifications-f4af5c2f-r8,crashed,AEP_FULL,mid_dispatch,notifications,POSITIVE_ONLY_READBACK,ORACLE_FINGERPRINT,2b23fa49-a169-40b9-99e9-39950889759a,DECLARED_AMBIGUOUS,FIRED_UNCONFIRMED,0,1,0,,158082.0,0,0,,1
aep_full-mid_dispatch-notifications-f4af5c2f-r8,crashed,AEP_FULL,mid_dispatch,notifications,POSITIVE_ONLY_READBACK,ORACLE_FINGERPRINT,322353da-41a1-44d7-8fb9-376c78f77353,DECLARED_AMBIGUOUS,FIRED_UNCONFIRMED,0,1,0,,152162.0,0,0,,1
aep_full-mid_dispatch-notifications-f4af5c2f-r8,crashed,AEP_FULL,mid_dispatch,notifications,POSITIVE_ONLY_READBACK,ORACLE_FINGERPRINT,e62b3011-627f-4f52-99b4-6a6e4d09bee8,CONFIRMED_APPLIED,FIRED_CONFIRMED,1,1,0,,144227.0,0,0,,1
aep_full-mid_dispatch-notifications-f4af5c2f-r8,crashed,AEP_FULL,mid_dispatch,notifications,POSITIVE_ONLY_READBACK,ORACLE_FINGERPRINT,605ce646-7f10-4064-9564-2ef3f23f3702,DECLARED_AMBIGUOUS,FIRED_UNCONFIRMED,0,1,0,,139254.0,0,0,,1
aep_full-mid_dispatch-notifications-f4af5c2f-r8,crashed,AEP_FULL,mid_dispatch,notifications,POSITIVE_ONLY_READBACK,ORACLE_FINGERPRINT,6e19deb8-4515-4d36-abf9-2f50fd91f824,DECLARED_AMBIGUOUS,FIRED_UNCONFIRMED,0,1,0,,132079.0,0,0,,1
aep_full-mid_dispatch-notifications-f4af5c2f-r9,crashed,AEP_FULL,mid_dispatch,notifications,POSITIVE_ONLY_READBACK,ORACLE_FINGERPRINT,e92f4c95-6966-4004-a567-12532b924be5,DECLARED_AMBIGUOUS,FIRED_UNCONFIRMED,0,1,0,,165269.0,0,0,,1
aep_full-mid_dispatch-notifications-f4af5c2f-r9,crashed,AEP_FULL,mid_dispatch,notifications,POSITIVE_ONLY_READBACK,ORACLE_FINGERPRINT,fb18285e-2fa4-49a5-8370-82eebef39308,DECLARED_AMBIGUOUS,FIRED_UNCONFIRMED,0,1,0,,159357.0,0,0,,1
aep_full-mid_dispatch-notifications-f4af5c2f-r9,crashed,AEP_FULL,mid_dispatch,notifications,POSITIVE_ONLY_READBACK,ORACLE_FINGERPRINT,84e07ee5-4cbd-4a70-8c9c-bb059c124962,DECLARED_AMBIGUOUS,FIRED_UNCONFIRMED,0,1,0,,154286.0,0,0,,1
aep_full-mid_dispatch-notifications-f4af5c2f-r9,crashed,AEP_FULL,mid_dispatch,notifications,POSITIVE_ONLY_READBACK,ORACLE_FINGERPRINT,d541f735-6a64-427d-adcf-c002aeb962aa,DECLARED_AMBIGUOUS,FIRED_UNCONFIRMED,0,1,0,,146386.0,0,0,,1
aep_full-mid_dispatch-notifications-f4af5c2f-r9,crashed,AEP_FULL,mid_dispatch,notifications,POSITIVE_ONLY_READBACK,ORACLE_FINGERPRINT,c8ea3d7d-babc-4736-ad78-5fe21a4f2d6f,DECLARED_AMBIGUOUS,FIRED_UNCONFIRMED,0,1,0,,134284.0,0,0,,1
aep_full-mid_dispatch-notifications-f4af5c2f-r9,crashed,AEP_FULL,mid_dispatch,notifications,POSITIVE_ONLY_READBACK,ORACLE_FINGERPRINT,5cf2f1ae-6450-46b5-ad86-99ee3248c870,DECLARED_AMBIGUOUS,FIRED_UNCONFIRMED,0,1,0,,164428.0,0,0,,1
aep_full-mid_dispatch-notifications-f4af5c2f-r9,crashed,AEP_FULL,mid_dispatch,notifications,POSITIVE_ONLY_READBACK,ORACLE_FINGERPRINT,59bec1ef-8a12-43cd-91f1-c1e2f9a22ac4,DECLARED_AMBIGUOUS,FIRED_UNCONFIRMED,0,1,0,,158372.0,0,0,,1
aep_full-mid_dispatch-notifications-f4af5c2f-r9,crashed,AEP_FULL,mid_dispatch,notifications,POSITIVE_ONLY_READBACK,ORACLE_FINGERPRINT,1f2552f4-4d11-4094-9709-3bb47035d65f,DECLARED_AMBIGUOUS,FIRED_UNCONFIRMED,0,1,0,,152378.0,0,0,,1
aep_full-mid_dispatch-notifications-f4af5c2f-r9,crashed,AEP_FULL,mid_dispatch,notifications,POSITIVE_ONLY_READBACK,ORACLE_FINGERPRINT,577ef481-54b8-44aa-be17-bcf91f264772,DECLARED_AMBIGUOUS,FIRED_UNCONFIRMED,0,1,0,,143335.0,0,0,,1
aep_full-mid_dispatch-notifications-f4af5c2f-r9,crashed,AEP_FULL,mid_dispatch,notifications,POSITIVE_ONLY_READBACK,ORACLE_FINGERPRINT,fb92f85e-649b-4d64-aee5-ca8b0c026e1d,DECLARED_AMBIGUOUS,FIRED_UNCONFIRMED,0,1,0,,131566.0,0,0,,1
aep_full-mid_dispatch-payments-2f10701c-r0,crashed,AEP_FULL,mid_dispatch,payments,AUTHORITATIVE_READBACK,ORACLE_FINGERPRINT,caeb1c04-9cd1-4474-bdbe-d38d6254877a,CONFIRMED_NOT_APPLIED,FAILED_CONFIRMED,0,1,0,,50197.0,0,0,,1
aep_full-mid_dispatch-payments-2f10701c-r0,crashed,AEP_FULL,mid_dispatch,payments,AUTHORITATIVE_READBACK,ORACLE_FINGERPRINT,8e8a7226-ca6f-41e3-9b20-bd0c45b09e69,CONFIRMED_APPLIED,FIRED_CONFIRMED,1,1,0,,45348.0,0,0,,1
aep_full-mid_dispatch-payments-2f10701c-r0,crashed,AEP_FULL,mid_dispatch,payments,AUTHORITATIVE_READBACK,ORACLE_FINGERPRINT,141fb23f-1f1a-424f-8e2b-039f1bfa989d,CONFIRMED_APPLIED,FIRED_CONFIRMED,1,1,0,,41269.0,0,0,,1
aep_full-mid_dispatch-payments-2f10701c-r0,crashed,AEP_FULL,mid_dispatch,payments,AUTHORITATIVE_READBACK,ORACLE_FINGERPRINT,4b90d242-dda8-4677-be56-7ca33bd5333e,CONFIRMED_APPLIED,FIRED_CONFIRMED,1,1,0,,35230.0,0,0,,1
aep_full-mid_dispatch-payments-2f10701c-r0,crashed,AEP_FULL,mid_dispatch,payments,AUTHORITATIVE_READBACK,ORACLE_FINGERPRINT,9c5ee776-b2da-4a9e-a36a-4538d4e89c5f,CONFIRMED_NOT_APPLIED,FAILED_CONFIRMED,0,1,0,,28225.0,0,0,,1
aep_full-mid_dispatch-payments-2f10701c-r0,crashed,AEP_FULL,mid_dispatch,payments,AUTHORITATIVE_READBACK,ORACLE_FINGERPRINT,e1555e74-1ac4-46eb-a27f-98d95313d762,CONFIRMED_NOT_APPLIED,FAILED_CONFIRMED,0,1,0,,50196.0,0,0,,1
aep_full-mid_dispatch-payments-2f10701c-r0,crashed,AEP_FULL,mid_dispatch,payments,AUTHORITATIVE_READBACK,ORACLE_FINGERPRINT,d65555f2-7bf3-41a4-981a-08bccebab12c,CONFIRMED_APPLIED,FIRED_CONFIRMED,1,1,0,,45348.0,0,0,,1
aep_full-mid_dispatch-payments-2f10701c-r0,crashed,AEP_FULL,mid_dispatch,payments,AUTHORITATIVE_READBACK,ORACLE_FINGERPRINT,d262727b-1639-4ba3-9e79-00f92ab28f5d,CONFIRMED_APPLIED,FIRED_CONFIRMED,1,1,0,,41269.0,0,0,,1
aep_full-mid_dispatch-payments-2f10701c-r0,crashed,AEP_FULL,mid_dispatch,payments,AUTHORITATIVE_READBACK,ORACLE_FINGERPRINT,b08f9d0a-6e05-4c6a-8067-be36ea7431c2,CONFIRMED_APPLIED,FIRED_CONFIRMED,1,1,0,,35230.0,0,0,,1
aep_full-mid_dispatch-payments-2f10701c-r0,crashed,AEP_FULL,mid_dispatch,payments,AUTHORITATIVE_READBACK,ORACLE_FINGERPRINT,f0a294c0-4efe-4277-be26-d7fdc6e9e0f5,CONFIRMED_NOT_APPLIED,FAILED_CONFIRMED,0,1,0,,28224.0,0,0,,1
aep_full-mid_dispatch-payments-2f10701c-r1,crashed,AEP_FULL,mid_dispatch,payments,AUTHORITATIVE_READBACK,ORACLE_FINGERPRINT,0d7b4158-aaa0-421f-9deb-cf21f1130774,CONFIRMED_NOT_APPLIED,FAILED_CONFIRMED,0,1,0,,44295.0,0,0,,1
aep_full-mid_dispatch-payments-2f10701c-r1,crashed,AEP_FULL,mid_dispatch,payments,AUTHORITATIVE_READBACK,ORACLE_FINGERPRINT,bf952b32-8014-4098-948c-28aa1e366d46,CONFIRMED_NOT_APPLIED,FAILED_CONFIRMED,0,1,0,,39162.0,0,0,,1
aep_full-mid_dispatch-payments-2f10701c-r1,crashed,AEP_FULL,mid_dispatch,payments,AUTHORITATIVE_READBACK,ORACLE_FINGERPRINT,62daf396-378e-4e06-9d6f-4a57970cbf82,CONFIRMED_APPLIED,FIRED_CONFIRMED,1,1,0,,34235.0,0,0,,1
aep_full-mid_dispatch-payments-2f10701c-r1,crashed,AEP_FULL,mid_dispatch,payments,AUTHORITATIVE_READBACK,ORACLE_FINGERPRINT,cf2dfbf7-2f61-40a1-97c1-100ce9d2d559,CONFIRMED_APPLIED,FIRED_CONFIRMED,1,1,0,,30131.0,0,0,,1
aep_full-mid_dispatch-payments-2f10701c-r1,crashed,AEP_FULL,mid_dispatch,payments,AUTHORITATIVE_READBACK,ORACLE_FINGERPRINT,762a4333-1c63-43b7-b6df-32220c25285c,CONFIRMED_APPLIED,FIRED_CONFIRMED,1,1,0,,27124.0,0,0,,1
aep_full-mid_dispatch-payments-2f10701c-r1,crashed,AEP_FULL,mid_dispatch,payments,AUTHORITATIVE_READBACK,ORACLE_FINGERPRINT,058c199b-5def-41bd-b1cd-f24f395053ca,CONFIRMED_NOT_APPLIED,FAILED_CONFIRMED,0,1,0,,43179.0,0,0,,1
aep_full-mid_dispatch-payments-2f10701c-r1,crashed,AEP_FULL,mid_dispatch,payments,AUTHORITATIVE_READBACK,ORACLE_FINGERPRINT,90ae7efd-01b1-4ac2-9a58-78f59183e39f,CONFIRMED_NOT_APPLIED,FAILED_CONFIRMED,0,1,0,,38259.0,0,0,,1
aep_full-mid_dispatch-payments-2f10701c-r1,crashed,AEP_FULL,mid_dispatch,payments,AUTHORITATIVE_READBACK,ORACLE_FINGERPRINT,2fe14698-2777-4822-9bc9-fbade7a4f364,CONFIRMED_APPLIED,FIRED_CONFIRMED,1,1,0,,34235.0,0,0,,1
aep_full-mid_dispatch-payments-2f10701c-r1,crashed,AEP_FULL,mid_dispatch,payments,AUTHORITATIVE_READBACK,ORACLE_FINGERPRINT,13c32b1f-c906-4009-8556-611df20cc357,CONFIRMED_NOT_APPLIED,FAILED_CONFIRMED,0,1,0,,30131.0,0,0,,1
aep_full-mid_dispatch-payments-2f10701c-r1,crashed,AEP_FULL,mid_dispatch,payments,AUTHORITATIVE_READBACK,ORACLE_FINGERPRINT,d8fc42b5-f3ea-4251-9b7e-17fd903a3fae,CONFIRMED_APPLIED,FIRED_CONFIRMED,1,1,0,,27125.0,0,0,,1
aep_full-mid_dispatch-payments-2f10701c-r10,crashed,AEP_FULL,mid_dispatch,payments,AUTHORITATIVE_READBACK,ORACLE_FINGERPRINT,ed27ca7c-f174-4b47-bbb0-241b8e7d1030,CONFIRMED_NOT_APPLIED,FAILED_CONFIRMED,0,1,0,,44828.0,0,0,,1
aep_full-mid_dispatch-payments-2f10701c-r10,crashed,AEP_FULL,mid_dispatch,payments,AUTHORITATIVE_READBACK,ORACLE_FINGERPRINT,c34ae967-e74e-4c9a-8f16-5c7abc0f885a,CONFIRMED_APPLIED,FIRED_CONFIRMED,1,1,0,,39674.0,0,0,,1
aep_full-mid_dispatch-payments-2f10701c-r10,crashed,AEP_FULL,mid_dispatch,payments,AUTHORITATIVE_READBACK,ORACLE_FINGERPRINT,a1a89bce-b5c5-4ca7-9fb3-8d78dc357e29,CONFIRMED_APPLIED,FIRED_CONFIRMED,1,1,0,,35803.0,0,0,,1
aep_full-mid_dispatch-payments-2f10701c-r10,crashed,AEP_FULL,mid_dispatch,payments,AUTHORITATIVE_READBACK,ORACLE_FINGERPRINT,db8f52ee-4b2d-4d6d-97b1-ad4408d64e4e,CONFIRMED_NOT_APPLIED,FAILED_CONFIRMED,0,1,0,,30691.0,0,0,,1
aep_full-mid_dispatch-payments-2f10701c-r10,crashed,AEP_FULL,mid_dispatch,payments,AUTHORITATIVE_READBACK,ORACLE_FINGERPRINT,91d72113-9496-475f-93bc-78bb009a9d96,CONFIRMED_NOT_APPLIED,FAILED_CONFIRMED,0,1,0,,26633.0,0,0,,1
aep_full-mid_dispatch-payments-2f10701c-r10,crashed,AEP_FULL,mid_dispatch,payments,AUTHORITATIVE_READBACK,ORACLE_FINGERPRINT,1e0277e9-3f83-4e4f-a79e-6a29f3838e4c,CONFIRMED_NOT_APPLIED,FAILED_CONFIRMED,0,1,0,,44827.0,0,0,,1
aep_full-mid_dispatch-payments-2f10701c-r10,crashed,AEP_FULL,mid_dispatch,payments,AUTHORITATIVE_READBACK,ORACLE_FINGERPRINT,ee5362a4-7f0b-42a6-9d1c-46dfefedfdeb,CONFIRMED_APPLIED,FIRED_CONFIRMED,1,1,0,,39674.0,0,0,,1
aep_full-mid_dispatch-payments-2f10701c-r10,crashed,AEP_FULL,mid_dispatch,payments,AUTHORITATIVE_READBACK,ORACLE_FINGERPRINT,4db27016-aa90-441a-baac-93d280e17f58,CONFIRMED_APPLIED,FIRED_CONFIRMED,1,1,0,,35803.0,0,0,,1
aep_full-mid_dispatch-payments-2f10701c-r10,crashed,AEP_FULL,mid_dispatch,payments,AUTHORITATIVE_READBACK,ORACLE_FINGERPRINT,a7818727-f85f-45b0-a513-f8ee36489d55,CONFIRMED_NOT_APPLIED,FAILED_CONFIRMED,0,1,0,,30691.0,0,0,,1
aep_full-mid_dispatch-payments-2f10701c-r10,crashed,AEP_FULL,mid_dispatch,payments,AUTHORITATIVE_READBACK,ORACLE_FINGERPRINT,cbea79dc-34e1-4298-b7cc-f3b1fe9e6a29,CONFIRMED_NOT_APPLIED,FAILED_CONFIRMED,0,1,0,,26639.0,0,0,,1
aep_full-mid_dispatch-payments-2f10701c-r11,crashed,AEP_FULL,mid_dispatch,payments,AUTHORITATIVE_READBACK,ORACLE_FINGERPRINT,7fe8a135-f349-4d5b-9875-96727c3e5c70,CONFIRMED_NOT_APPLIED,FAILED_CONFIRMED,0,1,0,,51380.0,0,0,,1
aep_full-mid_dispatch-payments-2f10701c-r11,crashed,AEP_FULL,mid_dispatch,payments,AUTHORITATIVE_READBACK,ORACLE_FINGERPRINT,d9699b50-61a4-4202-8077-b9c836da28d7,CONFIRMED_NOT_APPLIED,FAILED_CONFIRMED,0,1,0,,45209.0,0,0,,1
aep_full-mid_dispatch-payments-2f10701c-r11,crashed,AEP_FULL,mid_dispatch,payments,AUTHORITATIVE_READBACK,ORACLE_FINGERPRINT,37b02d74-ff09-42d9-a4ee-b042d3339d2f,CONFIRMED_NOT_APPLIED,FAILED_CONFIRMED,0,1,0,,38167.0,0,0,,1
aep_full-mid_dispatch-payments-2f10701c-r11,crashed,AEP_FULL,mid_dispatch,payments,AUTHORITATIVE_READBACK,ORACLE_FINGERPRINT,91edbc13-4946-4ef8-a7ad-49a71ee92a67,CONFIRMED_NOT_APPLIED,FAILED_CONFIRMED,0,1,0,,32244.0,0,0,,1
aep_full-mid_dispatch-payments-2f10701c-r11,crashed,AEP_FULL,mid_dispatch,payments,AUTHORITATIVE_READBACK,ORACLE_FINGERPRINT,6c1a4aa7-52c3-4be6-9b25-198a7aeedc61,CONFIRMED_NOT_APPLIED,FAILED_CONFIRMED,0,1,0,,26348.0,0,0,,1
aep_full-mid_dispatch-payments-2f10701c-r11,crashed,AEP_FULL,mid_dispatch,payments,AUTHORITATIVE_READBACK,ORACLE_FINGERPRINT,1794cdd8-476a-4f23-a52e-e9d3fb2bed45,CONFIRMED_NOT_APPLIED,FAILED_CONFIRMED,0,1,0,,51382.0,0,0,,1
aep_full-mid_dispatch-payments-2f10701c-r11,crashed,AEP_FULL,mid_dispatch,payments,AUTHORITATIVE_READBACK,ORACLE_FINGERPRINT,61c34a70-cae1-4d28-a8ee-019889543e23,CONFIRMED_NOT_APPLIED,FAILED_CONFIRMED,0,1,0,,45210.0,0,0,,1
aep_full-mid_dispatch-payments-2f10701c-r11,crashed,AEP_FULL,mid_dispatch,payments,AUTHORITATIVE_READBACK,ORACLE_FINGERPRINT,824cfd15-f920-461d-861a-17a984170ace,CONFIRMED_NOT_APPLIED,FAILED_CONFIRMED,0,1,0,,38167.0,0,0,,1
aep_full-mid_dispatch-payments-2f10701c-r11,crashed,AEP_FULL,mid_dispatch,payments,AUTHORITATIVE_READBACK,ORACLE_FINGERPRINT,55a5c89d-bd7f-4d26-bb2f-e391694c8397,CONFIRMED_NOT_APPLIED,FAILED_CONFIRMED,0,1,0,,32245.0,0,0,,1
aep_full-mid_dispatch-payments-2f10701c-r11,crashed,AEP_FULL,mid_dispatch,payments,AUTHORITATIVE_READBACK,ORACLE_FINGERPRINT,77d851a6-993f-4f27-8c6c-96d9ba28fb47,CONFIRMED_NOT_APPLIED,FAILED_CONFIRMED,0,1,0,,26343.0,0,0,,1
aep_full-mid_dispatch-payments-2f10701c-r12,crashed,AEP_FULL,mid_dispatch,payments,AUTHORITATIVE_READBACK,ORACLE_FINGERPRINT,255f674b-1d74-4b1a-9a21-08f92cea89f9,CONFIRMED_NOT_APPLIED,FAILED_CONFIRMED,0,1,0,,50303.0,0,0,,1
aep_full-mid_dispatch-payments-2f10701c-r12,crashed,AEP_FULL,mid_dispatch,payments,AUTHORITATIVE_READBACK,ORACLE_FINGERPRINT,2d190464-2267-4a99-ba15-2308c345201e,CONFIRMED_NOT_APPLIED,FAILED_CONFIRMED,0,1,0,,44314.0,0,0,,1
aep_full-mid_dispatch-payments-2f10701c-r12,crashed,AEP_FULL,mid_dispatch,payments,AUTHORITATIVE_READBACK,ORACLE_FINGERPRINT,9b8d208d-2274-4b52-b226-59754c9a881f,CONFIRMED_NOT_APPLIED,FAILED_CONFIRMED,0,1,0,,39355.0,0,0,,1
aep_full-mid_dispatch-payments-2f10701c-r12,crashed,AEP_FULL,mid_dispatch,payments,AUTHORITATIVE_READBACK,ORACLE_FINGERPRINT,282316e2-d7e1-4053-be81-f5d24c96af0f,CONFIRMED_APPLIED,FIRED_CONFIRMED,1,1,0,,33273.0,0,0,,1
aep_full-mid_dispatch-payments-2f10701c-r12,crashed,AEP_FULL,mid_dispatch,payments,AUTHORITATIVE_READBACK,ORACLE_FINGERPRINT,e4b884f2-f07f-4d47-8721-a67d51f56481,CONFIRMED_APPLIED,FIRED_CONFIRMED,1,1,0,,28253.0,0,0,,1
aep_full-mid_dispatch-payments-2f10701c-r12,crashed,AEP_FULL,mid_dispatch,payments,AUTHORITATIVE_READBACK,ORACLE_FINGERPRINT,0b39d7bf-1fa4-4ea2-afc5-5a9cbf8b7613,CONFIRMED_NOT_APPLIED,FAILED_CONFIRMED,0,1,0,,50303.0,0,0,,1
aep_full-mid_dispatch-payments-2f10701c-r12,crashed,AEP_FULL,mid_dispatch,payments,AUTHORITATIVE_READBACK,ORACLE_FINGERPRINT,128704fd-d929-4705-8ca7-8fdf029c2585,CONFIRMED_NOT_APPLIED,FAILED_CONFIRMED,0,1,0,,44322.0,0,0,,1
aep_full-mid_dispatch-payments-2f10701c-r12,crashed,AEP_FULL,mid_dispatch,payments,AUTHORITATIVE_READBACK,ORACLE_FINGERPRINT,e7cc2f05-5309-4c74-be34-31ad8dd8fc31,CONFIRMED_NOT_APPLIED,FAILED_CONFIRMED,0,1,0,,39355.0,0,0,,1
aep_full-mid_dispatch-payments-2f10701c-r12,crashed,AEP_FULL,mid_dispatch,payments,AUTHORITATIVE_READBACK,ORACLE_FINGERPRINT,59a2c782-7fe7-4f0a-ab8a-a120a9cefd65,CONFIRMED_APPLIED,FIRED_CONFIRMED,1,1,0,,33273.0,0,0,,1
aep_full-mid_dispatch-payments-2f10701c-r12,crashed,AEP_FULL,mid_dispatch,payments,AUTHORITATIVE_READBACK,ORACLE_FINGERPRINT,8f2d7803-cfb1-4f01-93a5-4bcf24e7f64a,CONFIRMED_APPLIED,FIRED_CONFIRMED,1,1,0,,28252.0,0,0,,1
aep_full-mid_dispatch-payments-2f10701c-r13,crashed,AEP_FULL,mid_dispatch,payments,AUTHORITATIVE_READBACK,ORACLE_FINGERPRINT,d60d80d9-c784-4394-8396-17231a6bacb8,CONFIRMED_APPLIED,FIRED_CONFIRMED,1,1,0,,50015.0,0,0,,1
aep_full-mid_dispatch-payments-2f10701c-r13,crashed,AEP_FULL,mid_dispatch,payments,AUTHORITATIVE_READBACK,ORACLE_FINGERPRINT,a7cb054d-e019-4965-946c-828d3a94dc53,CONFIRMED_APPLIED,FIRED_CONFIRMED,1,1,0,,45092.0,0,0,,1
aep_full-mid_dispatch-payments-2f10701c-r13,crashed,AEP_FULL,mid_dispatch,payments,AUTHORITATIVE_READBACK,ORACLE_FINGERPRINT,adb1c56c-b075-4da7-97f8-236fa9655808,CONFIRMED_APPLIED,FIRED_CONFIRMED,1,1,0,,40070.0,0,0,,1
aep_full-mid_dispatch-payments-2f10701c-r13,crashed,AEP_FULL,mid_dispatch,payments,AUTHORITATIVE_READBACK,ORACLE_FINGERPRINT,826c40e3-620f-4bac-a69b-c41de78fad6e,CONFIRMED_NOT_APPLIED,FAILED_CONFIRMED,0,1,0,,35049.0,0,0,,1
aep_full-mid_dispatch-payments-2f10701c-r13,crashed,AEP_FULL,mid_dispatch,payments,AUTHORITATIVE_READBACK,ORACLE_FINGERPRINT,31f92d3c-db3d-4e95-9126-a7b7f33284c8,CONFIRMED_APPLIED,FIRED_CONFIRMED,1,1,0,,30230.0,0,0,,1
aep_full-mid_dispatch-payments-2f10701c-r13,crashed,AEP_FULL,mid_dispatch,payments,AUTHORITATIVE_READBACK,ORACLE_FINGERPRINT,039d7323-d73b-4970-ab64-a28deaa271a8,CONFIRMED_APPLIED,FIRED_CONFIRMED,1,1,0,,50015.0,0,0,,1
aep_full-mid_dispatch-payments-2f10701c-r13,crashed,AEP_FULL,mid_dispatch,payments,AUTHORITATIVE_READBACK,ORACLE_FINGERPRINT,fc8efee7-ec6c-4867-acb7-702a5e283f75,CONFIRMED_APPLIED,FIRED_CONFIRMED,1,1,0,,45092.0,0,0,,1
aep_full-mid_dispatch-payments-2f10701c-r13,crashed,AEP_FULL,mid_dispatch,payments,AUTHORITATIVE_READBACK,ORACLE_FINGERPRINT,9f57ec72-48d7-4046-8889-53a488ae153b,CONFIRMED_APPLIED,FIRED_CONFIRMED,1,1,0,,40070.0,0,0,,1
aep_full-mid_dispatch-payments-2f10701c-r13,crashed,AEP_FULL,mid_dispatch,payments,AUTHORITATIVE_READBACK,ORACLE_FINGERPRINT,8f18967e-d269-466c-a2bc-488c151f64c8,CONFIRMED_NOT_APPLIED,FAILED_CONFIRMED,0,1,0,,35048.0,0,0,,1
aep_full-mid_dispatch-payments-2f10701c-r13,crashed,AEP_FULL,mid_dispatch,payments,AUTHORITATIVE_READBACK,ORACLE_FINGERPRINT,3a50c16a-ae99-4ae5-8303-3c661fcb3106,CONFIRMED_APPLIED,FIRED_CONFIRMED,1,1,0,,30230.0,0,0,,1
aep_full-mid_dispatch-payments-2f10701c-r14,crashed,AEP_FULL,mid_dispatch,payments,AUTHORITATIVE_READBACK,ORACLE_FINGERPRINT,0ff074a6-f43d-4de1-a3f3-8f05498f63a9,CONFIRMED_NOT_APPLIED,FAILED_CONFIRMED,0,1,0,,48276.0,0,0,,1
aep_full-mid_dispatch-payments-2f10701c-r14,crashed,AEP_FULL,mid_dispatch,payments,AUTHORITATIVE_READBACK,ORACLE_FINGERPRINT,2315c164-a293-47bd-b56a-86c402c768cb,CONFIRMED_NOT_APPLIED,FAILED_CONFIRMED,0,1,0,,43253.0,0,0,,1
aep_full-mid_dispatch-payments-2f10701c-r14,crashed,AEP_FULL,mid_dispatch,payments,AUTHORITATIVE_READBACK,ORACLE_FINGERPRINT,c3f86996-1550-4e9a-8d70-75f13494f02a,CONFIRMED_NOT_APPLIED,FAILED_CONFIRMED,0,1,0,,38346.0,0,0,,1
aep_full-mid_dispatch-payments-2f10701c-r14,crashed,AEP_FULL,mid_dispatch,payments,AUTHORITATIVE_READBACK,ORACLE_FINGERPRINT,d31aace7-3059-4afe-b62c-eacd69d4bc3f,CONFIRMED_NOT_APPLIED,FAILED_CONFIRMED,0,1,0,,33310.0,0,0,,1
aep_full-mid_dispatch-payments-2f10701c-r14,crashed,AEP_FULL,mid_dispatch,payments,AUTHORITATIVE_READBACK,ORACLE_FINGERPRINT,9f586ab5-dc4b-445b-a5fc-6999dc36c8c4,CONFIRMED_NOT_APPLIED,FAILED_CONFIRMED,0,1,0,,28289.0,0,0,,1
aep_full-mid_dispatch-payments-2f10701c-r14,crashed,AEP_FULL,mid_dispatch,payments,AUTHORITATIVE_READBACK,ORACLE_FINGERPRINT,6195629a-e42f-48f2-b0f9-7328b1ab8efd,CONFIRMED_NOT_APPLIED,FAILED_CONFIRMED,0,1,0,,48275.0,0,0,,1
aep_full-mid_dispatch-payments-2f10701c-r14,crashed,AEP_FULL,mid_dispatch,payments,AUTHORITATIVE_READBACK,ORACLE_FINGERPRINT,cccb473d-ccd4-459a-a284-f8d338f60ce2,CONFIRMED_NOT_APPLIED,FAILED_CONFIRMED,0,1,0,,43253.0,0,0,,1
aep_full-mid_dispatch-payments-2f10701c-r14,crashed,AEP_FULL,mid_dispatch,payments,AUTHORITATIVE_READBACK,ORACLE_FINGERPRINT,2c48e1ce-eb8d-4824-9f2b-a12cc2a20541,CONFIRMED_NOT_APPLIED,FAILED_CONFIRMED,0,1,0,,38346.0,0,0,,1
aep_full-mid_dispatch-payments-2f10701c-r14,crashed,AEP_FULL,mid_dispatch,payments,AUTHORITATIVE_READBACK,ORACLE_FINGERPRINT,b2e005c2-7839-4513-8046-dd24d177cca4,CONFIRMED_NOT_APPLIED,FAILED_CONFIRMED,0,1,0,,33311.0,0,0,,1
aep_full-mid_dispatch-payments-2f10701c-r14,crashed,AEP_FULL,mid_dispatch,payments,AUTHORITATIVE_READBACK,ORACLE_FINGERPRINT,872df148-2705-4dd1-a4aa-9dc905882c4e,CONFIRMED_NOT_APPLIED,FAILED_CONFIRMED,0,1,0,,28286.0,0,0,,1
aep_full-mid_dispatch-payments-2f10701c-r2,crashed,AEP_FULL,mid_dispatch,payments,AUTHORITATIVE_READBACK,ORACLE_FINGERPRINT,e3f9708e-7d96-415e-9dc1-e16d18a1ad9a,CONFIRMED_NOT_APPLIED,FAILED_CONFIRMED,0,1,0,,58280.0,0,0,,1
aep_full-mid_dispatch-payments-2f10701c-r2,crashed,AEP_FULL,mid_dispatch,payments,AUTHORITATIVE_READBACK,ORACLE_FINGERPRINT,3318d0a4-e1ed-42d1-a87c-abf87af83ce7,CONFIRMED_NOT_APPLIED,FAILED_CONFIRMED,0,1,0,,51361.0,0,0,,1
aep_full-mid_dispatch-payments-2f10701c-r2,crashed,AEP_FULL,mid_dispatch,payments,AUTHORITATIVE_READBACK,ORACLE_FINGERPRINT,d9a51b5d-888c-4f0a-9aa0-c8876a68929b,CONFIRMED_NOT_APPLIED,FAILED_CONFIRMED,0,1,0,,46538.0,0,0,,1
aep_full-mid_dispatch-payments-2f10701c-r2,crashed,AEP_FULL,mid_dispatch,payments,AUTHORITATIVE_READBACK,ORACLE_FINGERPRINT,09b23877-05de-4991-baf4-bb9f3d5869b8,CONFIRMED_NOT_APPLIED,FAILED_CONFIRMED,0,1,0,,40320.0,0,0,,1
aep_full-mid_dispatch-payments-2f10701c-r2,crashed,AEP_FULL,mid_dispatch,payments,AUTHORITATIVE_READBACK,ORACLE_FINGERPRINT,13346800-61c7-43f6-9b4d-847fb523b2c4,CONFIRMED_NOT_APPLIED,FAILED_CONFIRMED,0,1,0,,31270.0,0,0,,1
aep_full-mid_dispatch-payments-2f10701c-r2,crashed,AEP_FULL,mid_dispatch,payments,AUTHORITATIVE_READBACK,ORACLE_FINGERPRINT,c2d6ca92-8e05-41dc-88c1-aa984ad7b423,CONFIRMED_NOT_APPLIED,FAILED_CONFIRMED,0,1,0,,58281.0,0,0,,1
aep_full-mid_dispatch-payments-2f10701c-r2,crashed,AEP_FULL,mid_dispatch,payments,AUTHORITATIVE_READBACK,ORACLE_FINGERPRINT,f0e7ea5a-cc6b-4806-a281-c06774df0760,CONFIRMED_NOT_APPLIED,FAILED_CONFIRMED,0,1,0,,51362.0,0,0,,1
aep_full-mid_dispatch-payments-2f10701c-r2,crashed,AEP_FULL,mid_dispatch,payments,AUTHORITATIVE_READBACK,ORACLE_FINGERPRINT,240f282b-7f2c-4a36-89e5-3ea770fc625d,CONFIRMED_NOT_APPLIED,FAILED_CONFIRMED,0,1,0,,46538.0,0,0,,1
aep_full-mid_dispatch-payments-2f10701c-r2,crashed,AEP_FULL,mid_dispatch,payments,AUTHORITATIVE_READBACK,ORACLE_FINGERPRINT,30b737dc-b362-4f76-a520-1f9bbf7568e2,CONFIRMED_NOT_APPLIED,FAILED_CONFIRMED,0,1,0,,40321.0,0,0,,1
aep_full-mid_dispatch-payments-2f10701c-r2,crashed,AEP_FULL,mid_dispatch,payments,AUTHORITATIVE_READBACK,ORACLE_FINGERPRINT,18f08c19-75e9-4d1f-b7cc-f1a393770d80,CONFIRMED_NOT_APPLIED,FAILED_CONFIRMED,0,1,0,,31272.0,0,0,,1
aep_full-mid_dispatch-payments-2f10701c-r3,crashed,AEP_FULL,mid_dispatch,payments,AUTHORITATIVE_READBACK,ORACLE_FINGERPRINT,83620008-f56c-41a1-ae7e-2b89cf3094cf,CONFIRMED_NOT_APPLIED,FAILED_CONFIRMED,0,1,0,,45071.0,0,0,,1
aep_full-mid_dispatch-payments-2f10701c-r3,crashed,AEP_FULL,mid_dispatch,payments,AUTHORITATIVE_READBACK,ORACLE_FINGERPRINT,53df313e-c649-4636-8a6d-b9b51280b9ab,CONFIRMED_APPLIED,FIRED_CONFIRMED,1,1,0,,41013.0,0,0,,1
aep_full-mid_dispatch-payments-2f10701c-r3,crashed,AEP_FULL,mid_dispatch,payments,AUTHORITATIVE_READBACK,ORACLE_FINGERPRINT,4c6d8b3e-1a61-4391-9941-356cac31265a,CONFIRMED_APPLIED,FIRED_CONFIRMED,1,1,0,,34993.0,0,0,,1
aep_full-mid_dispatch-payments-2f10701c-r3,crashed,AEP_FULL,mid_dispatch,payments,AUTHORITATIVE_READBACK,ORACLE_FINGERPRINT,503d0bed-8759-4e3a-881b-4d6682cdbfdc,CONFIRMED_APPLIED,FIRED_CONFIRMED,1,1,0,,30979.0,0,0,,1
aep_full-mid_dispatch-payments-2f10701c-r3,crashed,AEP_FULL,mid_dispatch,payments,AUTHORITATIVE_READBACK,ORACLE_FINGERPRINT,0eb37503-1a4a-4f8f-ada7-ce01a77689c3,CONFIRMED_NOT_APPLIED,FAILED_CONFIRMED,0,1,0,,27139.0,0,0,,1
aep_full-mid_dispatch-payments-2f10701c-r3,crashed,AEP_FULL,mid_dispatch,payments,AUTHORITATIVE_READBACK,ORACLE_FINGERPRINT,874576c3-2340-43ae-8b5b-8144e8b57a84,CONFIRMED_NOT_APPLIED,FAILED_CONFIRMED,0,1,0,,45071.0,0,0,,1
aep_full-mid_dispatch-payments-2f10701c-r3,crashed,AEP_FULL,mid_dispatch,payments,AUTHORITATIVE_READBACK,ORACLE_FINGERPRINT,05fd2e2c-d6bb-4243-8177-22ea6c09a92a,CONFIRMED_APPLIED,FIRED_CONFIRMED,1,1,0,,41013.0,0,0,,1
aep_full-mid_dispatch-payments-2f10701c-r3,crashed,AEP_FULL,mid_dispatch,payments,AUTHORITATIVE_READBACK,ORACLE_FINGERPRINT,c4ad48ef-8589-489d-867a-139a8305cd6a,CONFIRMED_APPLIED,FIRED_CONFIRMED,1,1,0,,34993.0,0,0,,1
aep_full-mid_dispatch-payments-2f10701c-r3,crashed,AEP_FULL,mid_dispatch,payments,AUTHORITATIVE_READBACK,ORACLE_FINGERPRINT,7f63ab8b-de61-4dcd-ada7-7e0e762b45ea,CONFIRMED_APPLIED,FIRED_CONFIRMED,1,1,0,,30980.0,0,0,,1
aep_full-mid_dispatch-payments-2f10701c-r3,crashed,AEP_FULL,mid_dispatch,payments,AUTHORITATIVE_READBACK,ORACLE_FINGERPRINT,6297b34d-575d-444a-b545-78467ebb75e6,CONFIRMED_APPLIED,FIRED_CONFIRMED,1,1,0,,27139.0,0,0,,1
aep_full-mid_dispatch-payments-2f10701c-r4,crashed,AEP_FULL,mid_dispatch,payments,AUTHORITATIVE_READBACK,ORACLE_FINGERPRINT,1b0bc2f0-4916-41f6-9cca-134ead4d4cdc,CONFIRMED_APPLIED,FIRED_CONFIRMED,1,1,0,,40991.0,0,0,,1
aep_full-mid_dispatch-payments-2f10701c-r4,crashed,AEP_FULL,mid_dispatch,payments,AUTHORITATIVE_READBACK,ORACLE_FINGERPRINT,53df98a6-2ece-44a8-8d86-6a48ad216c34,CONFIRMED_APPLIED,FIRED_CONFIRMED,1,1,0,,36975.0,0,0,,1
aep_full-mid_dispatch-payments-2f10701c-r4,crashed,AEP_FULL,mid_dispatch,payments,AUTHORITATIVE_READBACK,ORACLE_FINGERPRINT,025dbb81-5676-4bf5-ac85-9957c78cb9b6,CONFIRMED_APPLIED,FIRED_CONFIRMED,1,1,0,,33965.0,0,0,,1
aep_full-mid_dispatch-payments-2f10701c-r4,crashed,AEP_FULL,mid_dispatch,payments,AUTHORITATIVE_READBACK,ORACLE_FINGERPRINT,c5a040db-735f-4786-8019-a33f8ddc6c2a,CONFIRMED_APPLIED,FIRED_CONFIRMED,1,1,0,,30956.0,0,0,,1
aep_full-mid_dispatch-payments-2f10701c-r4,crashed,AEP_FULL,mid_dispatch,payments,AUTHORITATIVE_READBACK,ORACLE_FINGERPRINT,f6363424-26ee-426f-bd8f-1f97d627fc7d,CONFIRMED_APPLIED,FIRED_CONFIRMED,1,1,0,,26939.0,0,0,,1
aep_full-mid_dispatch-payments-2f10701c-r4,crashed,AEP_FULL,mid_dispatch,payments,AUTHORITATIVE_READBACK,ORACLE_FINGERPRINT,88c8edf6-ce33-41f8-bd77-e4f231e47ef3,CONFIRMED_NOT_APPLIED,FAILED_CONFIRMED,0,1,0,,40991.0,0,0,,1
aep_full-mid_dispatch-payments-2f10701c-r4,crashed,AEP_FULL,mid_dispatch,payments,AUTHORITATIVE_READBACK,ORACLE_FINGERPRINT,a85ba3ea-a2c1-4aa6-96a1-b07264fc9dc6,CONFIRMED_APPLIED,FIRED_CONFIRMED,1,1,0,,36975.0,0,0,,1
aep_full-mid_dispatch-payments-2f10701c-r4,crashed,AEP_FULL,mid_dispatch,payments,AUTHORITATIVE_READBACK,ORACLE_FINGERPRINT,a0a365d5-b06c-4344-bf52-68620acb6c25,CONFIRMED_APPLIED,FIRED_CONFIRMED,1,1,0,,33966.0,0,0,,1
aep_full-mid_dispatch-payments-2f10701c-r4,crashed,AEP_FULL,mid_dispatch,payments,AUTHORITATIVE_READBACK,ORACLE_FINGERPRINT,5d3ebdb9-6189-465e-9f7c-81791237965f,CONFIRMED_APPLIED,FIRED_CONFIRMED,1,1,0,,30956.0,0,0,,1
aep_full-mid_dispatch-payments-2f10701c-r4,crashed,AEP_FULL,mid_dispatch,payments,AUTHORITATIVE_READBACK,ORACLE_FINGERPRINT,b273e30b-6c5d-4c90-950b-f411526ae117,CONFIRMED_APPLIED,FIRED_CONFIRMED,1,1,0,,26939.0,0,0,,1
aep_full-mid_dispatch-payments-2f10701c-r5,crashed,AEP_FULL,mid_dispatch,payments,AUTHORITATIVE_READBACK,ORACLE_FINGERPRINT,adc4bb61-4ea9-4607-81f8-1cdcdc063ac3,CONFIRMED_APPLIED,FIRED_CONFIRMED,1,1,0,,45101.0,0,0,,1
aep_full-mid_dispatch-payments-2f10701c-r5,crashed,AEP_FULL,mid_dispatch,payments,AUTHORITATIVE_READBACK,ORACLE_FINGERPRINT,9b5ba2a0-c6d9-462b-9014-cecab19e0061,CONFIRMED_APPLIED,FIRED_CONFIRMED,1,1,0,,41187.0,0,0,,1
aep_full-mid_dispatch-payments-2f10701c-r5,crashed,AEP_FULL,mid_dispatch,payments,AUTHORITATIVE_READBACK,ORACLE_FINGERPRINT,49626779-137d-4cde-806e-d6631226dca6,CONFIRMED_APPLIED,FIRED_CONFIRMED,1,1,0,,37206.0,0,0,,1
aep_full-mid_dispatch-payments-2f10701c-r5,crashed,AEP_FULL,mid_dispatch,payments,AUTHORITATIVE_READBACK,ORACLE_FINGERPRINT,a01d67e1-c41c-4aee-985b-968e077ba245,CONFIRMED_APPLIED,FIRED_CONFIRMED,1,1,0,,33162.0,0,0,,1
aep_full-mid_dispatch-payments-2f10701c-r5,crashed,AEP_FULL,mid_dispatch,payments,AUTHORITATIVE_READBACK,ORACLE_FINGERPRINT,b9cf5e29-a082-452d-80e9-80e2cbc0b50e,CONFIRMED_NOT_APPLIED,FAILED_CONFIRMED,0,1,0,,26156.0,0,0,,1
aep_full-mid_dispatch-payments-2f10701c-r5,crashed,AEP_FULL,mid_dispatch,payments,AUTHORITATIVE_READBACK,ORACLE_FINGERPRINT,a473b464-1c24-4225-bb8f-756da4330747,CONFIRMED_APPLIED,FIRED_CONFIRMED,1,1,0,,45101.0,0,0,,1
aep_full-mid_dispatch-payments-2f10701c-r5,crashed,AEP_FULL,mid_dispatch,payments,AUTHORITATIVE_READBACK,ORACLE_FINGERPRINT,4023c411-45ac-4a5c-b21d-1a4e7d00753c,CONFIRMED_APPLIED,FIRED_CONFIRMED,1,1,0,,41186.0,0,0,,1
aep_full-mid_dispatch-payments-2f10701c-r5,crashed,AEP_FULL,mid_dispatch,payments,AUTHORITATIVE_READBACK,ORACLE_FINGERPRINT,905f1e11-b13d-4ce9-ac9f-800ba1329598,CONFIRMED_APPLIED,FIRED_CONFIRMED,1,1,0,,37206.0,0,0,,1
aep_full-mid_dispatch-payments-2f10701c-r5,crashed,AEP_FULL,mid_dispatch,payments,AUTHORITATIVE_READBACK,ORACLE_FINGERPRINT,68d8239c-1408-4b3d-a188-296dff5ffac2,CONFIRMED_APPLIED,FIRED_CONFIRMED,1,1,0,,33162.0,0,0,,1
aep_full-mid_dispatch-payments-2f10701c-r5,crashed,AEP_FULL,mid_dispatch,payments,AUTHORITATIVE_READBACK,ORACLE_FINGERPRINT,7d470cbf-d236-4254-87d8-b1c857baf17b,CONFIRMED_APPLIED,FIRED_CONFIRMED,1,1,0,,26156.0,0,0,,1
aep_full-mid_dispatch-payments-2f10701c-r6,crashed,AEP_FULL,mid_dispatch,payments,AUTHORITATIVE_READBACK,ORACLE_FINGERPRINT,94cd9a04-e330-497b-8466-ce6aa303b080,CONFIRMED_NOT_APPLIED,FAILED_CONFIRMED,0,0,0,,,0,0,,0
aep_full-mid_dispatch-payments-2f10701c-r6,crashed,AEP_FULL,mid_dispatch,payments,AUTHORITATIVE_READBACK,ORACLE_FINGERPRINT,2b5335d8-5b1c-49da-8c13-6b7ec7cac529,CONFIRMED_APPLIED,FIRED_CONFIRMED,1,1,0,,40950.0,0,0,,1
aep_full-mid_dispatch-payments-2f10701c-r6,crashed,AEP_FULL,mid_dispatch,payments,AUTHORITATIVE_READBACK,ORACLE_FINGERPRINT,411d00a8-0a60-4ed0-b172-ce8ceb2598bb,CONFIRMED_APPLIED,FIRED_CONFIRMED,1,1,0,,36937.0,0,0,,1
aep_full-mid_dispatch-payments-2f10701c-r6,crashed,AEP_FULL,mid_dispatch,payments,AUTHORITATIVE_READBACK,ORACLE_FINGERPRINT,482d38b4-4c52-4547-b67d-a9728e89f60c,CONFIRMED_NOT_APPLIED,FAILED_CONFIRMED,0,1,0,,33075.0,0,0,,1
aep_full-mid_dispatch-payments-2f10701c-r6,crashed,AEP_FULL,mid_dispatch,payments,AUTHORITATIVE_READBACK,ORACLE_FINGERPRINT,8f8e9287-bbca-4177-b946-a1d23933f2c0,CONFIRMED_APPLIED,FIRED_CONFIRMED,1,1,0,,29007.0,0,0,,1
aep_full-mid_dispatch-payments-2f10701c-r6,crashed,AEP_FULL,mid_dispatch,payments,AUTHORITATIVE_READBACK,ORACLE_FINGERPRINT,7dd6418b-431e-4961-9fe6-49f6cea3623e,CONFIRMED_NOT_APPLIED,FAILED_CONFIRMED,0,0,0,,,0,0,,0
aep_full-mid_dispatch-payments-2f10701c-r6,crashed,AEP_FULL,mid_dispatch,payments,AUTHORITATIVE_READBACK,ORACLE_FINGERPRINT,7efefb02-861e-428b-9d03-f6a18454223e,CONFIRMED_APPLIED,FIRED_CONFIRMED,1,1,0,,40950.0,0,0,,1
aep_full-mid_dispatch-payments-2f10701c-r6,crashed,AEP_FULL,mid_dispatch,payments,AUTHORITATIVE_READBACK,ORACLE_FINGERPRINT,91109b8e-2818-42c6-8858-cca6575491be,CONFIRMED_APPLIED,FIRED_CONFIRMED,1,1,0,,36937.0,0,0,,1
aep_full-mid_dispatch-payments-2f10701c-r6,crashed,AEP_FULL,mid_dispatch,payments,AUTHORITATIVE_READBACK,ORACLE_FINGERPRINT,db9974b0-c054-4917-a9d1-390da2f0df65,CONFIRMED_NOT_APPLIED,FAILED_CONFIRMED,0,1,0,,33076.0,0,0,,1
aep_full-mid_dispatch-payments-2f10701c-r6,crashed,AEP_FULL,mid_dispatch,payments,AUTHORITATIVE_READBACK,ORACLE_FINGERPRINT,c9b5603b-a3ac-4096-b591-290c0d76e51a,CONFIRMED_APPLIED,FIRED_CONFIRMED,1,1,0,,29007.0,0,0,,1
aep_full-mid_dispatch-payments-2f10701c-r7,crashed,AEP_FULL,mid_dispatch,payments,AUTHORITATIVE_READBACK,ORACLE_FINGERPRINT,e1982371-3fb0-4ff2-a155-db5a8acb5435,CONFIRMED_NOT_APPLIED,FAILED_CONFIRMED,0,1,0,,52198.0,0,0,,1
aep_full-mid_dispatch-payments-2f10701c-r7,crashed,AEP_FULL,mid_dispatch,payments,AUTHORITATIVE_READBACK,ORACLE_FINGERPRINT,b1bc3067-5925-4529-80f4-3ebab253e2a3,CONFIRMED_NOT_APPLIED,FAILED_CONFIRMED,0,1,0,,44219.0,0,0,,1
aep_full-mid_dispatch-payments-2f10701c-r7,crashed,AEP_FULL,mid_dispatch,payments,AUTHORITATIVE_READBACK,ORACLE_FINGERPRINT,462667e8-09af-4d61-934f-f2f6bc9ca7dc,CONFIRMED_NOT_APPLIED,FAILED_CONFIRMED,0,1,0,,38347.0,0,0,,1
aep_full-mid_dispatch-payments-2f10701c-r7,crashed,AEP_FULL,mid_dispatch,payments,AUTHORITATIVE_READBACK,ORACLE_FINGERPRINT,9547678f-cdce-48eb-b0d4-6abcd650d690,CONFIRMED_NOT_APPLIED,FAILED_CONFIRMED,0,1,0,,33278.0,0,0,,1
aep_full-mid_dispatch-payments-2f10701c-r7,crashed,AEP_FULL,mid_dispatch,payments,AUTHORITATIVE_READBACK,ORACLE_FINGERPRINT,5fac2ccd-4efe-4731-b40c-18ed5a195ce7,CONFIRMED_NOT_APPLIED,FAILED_CONFIRMED,0,1,0,,27240.0,0,0,,1
aep_full-mid_dispatch-payments-2f10701c-r7,crashed,AEP_FULL,mid_dispatch,payments,AUTHORITATIVE_READBACK,ORACLE_FINGERPRINT,2419d015-6dd1-44e5-9323-3bb6eb2a4439,CONFIRMED_NOT_APPLIED,FAILED_CONFIRMED,0,1,0,,52199.0,0,0,,1
aep_full-mid_dispatch-payments-2f10701c-r7,crashed,AEP_FULL,mid_dispatch,payments,AUTHORITATIVE_READBACK,ORACLE_FINGERPRINT,0451f54d-4a25-4c77-b0f7-96081c4e3534,CONFIRMED_NOT_APPLIED,FAILED_CONFIRMED,0,1,0,,44217.0,0,0,,1
aep_full-mid_dispatch-payments-2f10701c-r7,crashed,AEP_FULL,mid_dispatch,payments,AUTHORITATIVE_READBACK,ORACLE_FINGERPRINT,38096ea4-433f-4086-99ce-df7ba227bd29,CONFIRMED_NOT_APPLIED,FAILED_CONFIRMED,0,1,0,,38347.0,0,0,,1
aep_full-mid_dispatch-payments-2f10701c-r7,crashed,AEP_FULL,mid_dispatch,payments,AUTHORITATIVE_READBACK,ORACLE_FINGERPRINT,94bab46e-75c3-481d-8c10-8a8f98af6e2d,CONFIRMED_NOT_APPLIED,FAILED_CONFIRMED,0,1,0,,33278.0,0,0,,1
aep_full-mid_dispatch-payments-2f10701c-r7,crashed,AEP_FULL,mid_dispatch,payments,AUTHORITATIVE_READBACK,ORACLE_FINGERPRINT,5e77de75-c247-4c27-8eea-3fbd09eafa04,CONFIRMED_NOT_APPLIED,FAILED_CONFIRMED,0,1,0,,27240.0,0,0,,1
aep_full-mid_dispatch-payments-2f10701c-r8,crashed,AEP_FULL,mid_dispatch,payments,AUTHORITATIVE_READBACK,ORACLE_FINGERPRINT,bd878974-3b1d-42c1-8f44-438505592cfa,CONFIRMED_APPLIED,FIRED_CONFIRMED,1,1,0,,43885.0,0,0,,1
aep_full-mid_dispatch-payments-2f10701c-r8,crashed,AEP_FULL,mid_dispatch,payments,AUTHORITATIVE_READBACK,ORACLE_FINGERPRINT,55faa0cc-1280-47cd-9cff-15d81e09a37d,CONFIRMED_APPLIED,FIRED_CONFIRMED,1,1,0,,38885.0,0,0,,1
aep_full-mid_dispatch-payments-2f10701c-r8,crashed,AEP_FULL,mid_dispatch,payments,AUTHORITATIVE_READBACK,ORACLE_FINGERPRINT,21ecea29-468a-463d-ac17-866c970c161f,CONFIRMED_APPLIED,FIRED_CONFIRMED,1,1,0,,34857.0,0,0,,1
aep_full-mid_dispatch-payments-2f10701c-r8,crashed,AEP_FULL,mid_dispatch,payments,AUTHORITATIVE_READBACK,ORACLE_FINGERPRINT,fe5d1c16-90cf-43ec-a880-44abbec5137a,CONFIRMED_APPLIED,FIRED_CONFIRMED,1,1,0,,30841.0,0,0,,1
aep_full-mid_dispatch-payments-2f10701c-r8,crashed,AEP_FULL,mid_dispatch,payments,AUTHORITATIVE_READBACK,ORACLE_FINGERPRINT,0887fdd5-62ed-432c-b0d5-e54991fd974b,CONFIRMED_APPLIED,FIRED_CONFIRMED,1,1,0,,26925.0,0,0,,1
aep_full-mid_dispatch-payments-2f10701c-r8,crashed,AEP_FULL,mid_dispatch,payments,AUTHORITATIVE_READBACK,ORACLE_FINGERPRINT,7939c78c-7ced-437e-bf2d-2d96626ee90d,CONFIRMED_APPLIED,FIRED_CONFIRMED,1,1,0,,43884.0,0,0,,1
aep_full-mid_dispatch-payments-2f10701c-r8,crashed,AEP_FULL,mid_dispatch,payments,AUTHORITATIVE_READBACK,ORACLE_FINGERPRINT,6461084b-077b-4660-ab65-1713b1279a3f,CONFIRMED_APPLIED,FIRED_CONFIRMED,1,1,0,,38885.0,0,0,,1
aep_full-mid_dispatch-payments-2f10701c-r8,crashed,AEP_FULL,mid_dispatch,payments,AUTHORITATIVE_READBACK,ORACLE_FINGERPRINT,3c9d91ff-ce19-498d-be31-c3d8f42fc945,CONFIRMED_APPLIED,FIRED_CONFIRMED,1,1,0,,34857.0,0,0,,1
aep_full-mid_dispatch-payments-2f10701c-r8,crashed,AEP_FULL,mid_dispatch,payments,AUTHORITATIVE_READBACK,ORACLE_FINGERPRINT,2086bf85-d7b2-445e-abf2-9102ee297273,CONFIRMED_APPLIED,FIRED_CONFIRMED,1,1,0,,30841.0,0,0,,1
aep_full-mid_dispatch-payments-2f10701c-r8,crashed,AEP_FULL,mid_dispatch,payments,AUTHORITATIVE_READBACK,ORACLE_FINGERPRINT,74b5aaed-203f-4348-ad74-6e1f9b231679,CONFIRMED_APPLIED,FIRED_CONFIRMED,1,1,0,,26925.0,0,0,,1
aep_full-mid_dispatch-payments-2f10701c-r9,crashed,AEP_FULL,mid_dispatch,payments,AUTHORITATIVE_READBACK,ORACLE_FINGERPRINT,962277ed-43cc-433e-9dfb-ce6778d32f7f,CONFIRMED_NOT_APPLIED,FAILED_CONFIRMED,0,1,0,,59667.0,0,0,,1
aep_full-mid_dispatch-payments-2f10701c-r9,crashed,AEP_FULL,mid_dispatch,payments,AUTHORITATIVE_READBACK,ORACLE_FINGERPRINT,5d75689b-2f77-4be3-a142-8d287169d19b,CONFIRMED_NOT_APPLIED,FAILED_CONFIRMED,0,1,0,,51733.0,0,0,,1
aep_full-mid_dispatch-payments-2f10701c-r9,crashed,AEP_FULL,mid_dispatch,payments,AUTHORITATIVE_READBACK,ORACLE_FINGERPRINT,80cbad74-cf2c-4010-bfb8-0034f636bdee,CONFIRMED_NOT_APPLIED,FAILED_CONFIRMED,0,1,0,,44609.0,0,0,,1
aep_full-mid_dispatch-payments-2f10701c-r9,crashed,AEP_FULL,mid_dispatch,payments,AUTHORITATIVE_READBACK,ORACLE_FINGERPRINT,adf09e7c-9bdd-41e5-944a-64fa6a815b3b,CONFIRMED_NOT_APPLIED,FAILED_CONFIRMED,0,1,0,,34691.0,0,0,,1
aep_full-mid_dispatch-payments-2f10701c-r9,crashed,AEP_FULL,mid_dispatch,payments,AUTHORITATIVE_READBACK,ORACLE_FINGERPRINT,f700e150-2fd9-4553-adca-ba8f87e6aa15,CONFIRMED_NOT_APPLIED,FAILED_CONFIRMED,0,1,0,,27658.0,0,0,,1
aep_full-mid_dispatch-payments-2f10701c-r9,crashed,AEP_FULL,mid_dispatch,payments,AUTHORITATIVE_READBACK,ORACLE_FINGERPRINT,27dd1bd8-bd8f-42dd-91b8-d387ecb0f46a,CONFIRMED_NOT_APPLIED,FAILED_CONFIRMED,0,1,0,,57661.0,0,0,,1
aep_full-mid_dispatch-payments-2f10701c-r9,crashed,AEP_FULL,mid_dispatch,payments,AUTHORITATIVE_READBACK,ORACLE_FINGERPRINT,fa94edd9-ca53-409d-b39e-1f2bbb1d5b3f,CONFIRMED_NOT_APPLIED,FAILED_CONFIRMED,0,1,0,,49776.0,0,0,,1
aep_full-mid_dispatch-payments-2f10701c-r9,crashed,AEP_FULL,mid_dispatch,payments,AUTHORITATIVE_READBACK,ORACLE_FINGERPRINT,1292a83b-c37d-4402-a458-abe956fec227,CONFIRMED_NOT_APPLIED,FAILED_CONFIRMED,0,1,0,,39794.0,0,0,,1
aep_full-mid_dispatch-payments-2f10701c-r9,crashed,AEP_FULL,mid_dispatch,payments,AUTHORITATIVE_READBACK,ORACLE_FINGERPRINT,1ea54665-3b51-4308-8233-d417dc1d8756,CONFIRMED_NOT_APPLIED,FAILED_CONFIRMED,0,1,0,,32684.0,0,0,,1
aep_full-mid_dispatch-payments-2f10701c-r9,crashed,AEP_FULL,mid_dispatch,payments,AUTHORITATIVE_READBACK,ORACLE_FINGERPRINT,e20a441d-addb-4568-82e9-7f5e7b771ba8,CONFIRMED_NOT_APPLIED,FAILED_CONFIRMED,0,1,0,,24832.0,0,0,,1
