run_id,regime,system,crash_point,endpoint,response_class,readback_keying,execution_id,outcome_class,status,applied_effects,crashed,dispatch_attempts,step_latency_ms,recovery_latency_ms,undetected_duplicate,lost_effect,redis_kill_latency_ms,durability_ack_observed
aep_full-none-ledger_postings-2850f200-r0,write-loss-preack,AEP_FULL,none,ledger_postings,NO_READBACK,CALLER_REFERENCE,5efb2c5e-8dda-4d27-ae63-36b885414e87,CONFIRMED_APPLIED,FIRED_CONFIRMED,1,0,1,3900.587087,,0,0,113.479,1
aep_full-none-ledger_postings-2850f200-r0,write-loss-preack,AEP_FULL,none,ledger_postings,NO_READBACK,CALLER_REFERENCE,6cd1e658-dbe1-4ecb-a1ea-71ff8af562f0,CONFIRMED_APPLIED,FIRED_CONFIRMED,1,0,1,3340.735251,,0,0,113.479,1
aep_full-none-ledger_postings-2850f200-r0,write-loss-preack,AEP_FULL,none,ledger_postings,NO_READBACK,CALLER_REFERENCE,9283959e-7c5b-40e1-9317-f60dd87386c3,CONFIRMED_APPLIED,FIRED_CONFIRMED,1,0,1,3312.286551,,0,0,113.479,1
aep_full-none-ledger_postings-2850f200-r0,write-loss-preack,AEP_FULL,none,ledger_postings,NO_READBACK,CALLER_REFERENCE,17bdd8f4-a520-42a1-bec8-28c65fa5ce83,CONFIRMED_APPLIED,FIRED_CONFIRMED,1,0,1,2908.433843,,0,0,113.479,1
aep_full-none-ledger_postings-2850f200-r0,write-loss-preack,AEP_FULL,none,ledger_postings,NO_READBACK,CALLER_REFERENCE,73589b68-6909-4a8a-9be7-c43a7bb8b238,CONFIRMED_APPLIED,FIRED_CONFIRMED,1,0,1,3010.513451,,0,0,113.479,1
aep_full-none-ledger_postings-2850f200-r0,write-loss-preack,AEP_FULL,none,ledger_postings,NO_READBACK,CALLER_REFERENCE,de00e181-3c16-4979-b233-66a57b132374,CONFIRMED_APPLIED,FIRED_CONFIRMED,1,0,1,3914.733193,,0,0,113.479,1
aep_full-none-ledger_postings-2850f200-r0,write-loss-preack,AEP_FULL,none,ledger_postings,NO_READBACK,CALLER_REFERENCE,1a1c4bd6-37af-4c1c-b085-072be5cb3675,CONFIRMED_APPLIED,FIRED_CONFIRMED,1,0,1,4015.871954,,0,0,113.479,1
aep_full-none-ledger_postings-2850f200-r0,write-loss-preack,AEP_FULL,none,ledger_postings,NO_READBACK,CALLER_REFERENCE,8710e8d2-3a65-41b0-a0fc-1dc5e9ca1a16,CONFIRMED_APPLIED,FIRED_CONFIRMED,1,0,1,3111.505145,,0,0,113.479,1
aep_full-none-ledger_postings-2850f200-r0,write-loss-preack,AEP_FULL,none,ledger_postings,NO_READBACK,CALLER_REFERENCE,b2abf971-4d06-4ba7-b1b5-8cf54f4dd600,CONFIRMED_APPLIED,FIRED_CONFIRMED,1,0,1,2772.264583,,0,0,113.479,1
aep_full-none-ledger_postings-2850f200-r0,write-loss-preack,AEP_FULL,none,ledger_postings,NO_READBACK,CALLER_REFERENCE,9c8d5228-a58c-409b-a1e2-6c80276233fe,CONFIRMED_APPLIED,FIRED_CONFIRMED,1,0,1,3047.391441,,0,0,113.479,1
aep_full-none-ledger_postings-2850f200-r1,write-loss-preack,AEP_FULL,none,ledger_postings,NO_READBACK,CALLER_REFERENCE,cfe82f6c-ed30-4d5a-a52e-c1cff9381498,CONFIRMED_APPLIED,FIRED_CONFIRMED,1,0,1,3348.496058,,0,0,100.419,1
aep_full-none-ledger_postings-2850f200-r1,write-loss-preack,AEP_FULL,none,ledger_postings,NO_READBACK,CALLER_REFERENCE,c35e19cc-884e-42bc-bd14-765e1360ffdb,CONFIRMED_APPLIED,FIRED_CONFIRMED,1,0,1,2644.321664,,0,0,100.419,1
aep_full-none-ledger_postings-2850f200-r1,write-loss-preack,AEP_FULL,none,ledger_postings,NO_READBACK,CALLER_REFERENCE,c2eba60f-9691-4678-b6ee-0c559d7ea5b9,CONFIRMED_APPLIED,FIRED_CONFIRMED,1,0,1,3110.879347,,0,0,100.419,1
aep_full-none-ledger_postings-2850f200-r1,write-loss-preack,AEP_FULL,none,ledger_postings,NO_READBACK,CALLER_REFERENCE,f4c48610-3053-473d-a733-89dd341c3ede,CONFIRMED_APPLIED,FIRED_CONFIRMED,1,0,1,2845.520801,,0,0,100.419,1
aep_full-none-ledger_postings-2850f200-r1,write-loss-preack,AEP_FULL,none,ledger_postings,NO_READBACK,CALLER_REFERENCE,49b1bbaf-e8dc-4c67-a0b2-5b0a7cdf65fc,CONFIRMED_APPLIED,FIRED_CONFIRMED,1,0,1,3077.508852,,0,0,100.419,1
aep_full-none-ledger_postings-2850f200-r1,write-loss-preack,AEP_FULL,none,ledger_postings,NO_READBACK,CALLER_REFERENCE,7d3fb487-7773-4593-bd3d-9dfbf004032f,CONFIRMED_APPLIED,FIRED_CONFIRMED,1,0,1,2759.339505,,0,0,100.419,1
aep_full-none-ledger_postings-2850f200-r1,write-loss-preack,AEP_FULL,none,ledger_postings,NO_READBACK,CALLER_REFERENCE,edfe1dcc-d040-4ee3-a78c-50b3dc08dbcb,DECLARED_AMBIGUOUS,PERMANENTLY_AMBIGUOUS,1,0,1,5278.639029,,0,0,100.419,1
aep_full-none-ledger_postings-2850f200-r1,write-loss-preack,AEP_FULL,none,ledger_postings,NO_READBACK,CALLER_REFERENCE,528b1f75-9425-481d-9243-f500175399a1,CONFIRMED_APPLIED,FIRED_CONFIRMED,1,0,1,2935.689324,,0,0,100.419,1
aep_full-none-ledger_postings-2850f200-r1,write-loss-preack,AEP_FULL,none,ledger_postings,NO_READBACK,CALLER_REFERENCE,51bc332f-395d-44cb-88eb-9ac45b9c328f,CONFIRMED_APPLIED,FIRED_CONFIRMED,1,0,1,2944.396043,,0,0,100.419,1
aep_full-none-ledger_postings-2850f200-r1,write-loss-preack,AEP_FULL,none,ledger_postings,NO_READBACK,CALLER_REFERENCE,ee01c73e-e72f-414b-a1c8-0ce27bc72e32,DECLARED_AMBIGUOUS,PERMANENTLY_AMBIGUOUS,0,0,1,3047.990077,,0,0,100.419,1
aep_full-none-ledger_postings-2850f200-r10,write-loss-preack,AEP_FULL,none,ledger_postings,NO_READBACK,CALLER_REFERENCE,8980e779-0f99-4474-a0ea-62b2931b0067,CONFIRMED_APPLIED,FIRED_CONFIRMED,1,0,1,3974.82589,,0,0,151.043,1
aep_full-none-ledger_postings-2850f200-r10,write-loss-preack,AEP_FULL,none,ledger_postings,NO_READBACK,CALLER_REFERENCE,9eeaecc9-71b0-4c45-a013-a32443603c43,CONFIRMED_APPLIED,FIRED_CONFIRMED,1,0,1,3218.659094,,0,0,151.043,1
aep_full-none-ledger_postings-2850f200-r10,write-loss-preack,AEP_FULL,none,ledger_postings,NO_READBACK,CALLER_REFERENCE,9113a75c-2098-4baf-9e78-6a92ef5c1863,CONFIRMED_APPLIED,FIRED_CONFIRMED,1,0,1,2812.495451,,0,0,151.043,1
aep_full-none-ledger_postings-2850f200-r10,write-loss-preack,AEP_FULL,none,ledger_postings,NO_READBACK,CALLER_REFERENCE,9967bb92-d0dc-45d8-807b-c8b007ff89e4,DECLARED_AMBIGUOUS,PERMANENTLY_AMBIGUOUS,1,0,1,6225.575852,,0,0,151.043,1
aep_full-none-ledger_postings-2850f200-r10,write-loss-preack,AEP_FULL,none,ledger_postings,NO_READBACK,CALLER_REFERENCE,19ea8e03-d15b-42f3-9b0e-6265da51be07,DECLARED_AMBIGUOUS,PERMANENTLY_AMBIGUOUS,1,0,1,5820.951884,,0,0,151.043,1
aep_full-none-ledger_postings-2850f200-r10,write-loss-preack,AEP_FULL,none,ledger_postings,NO_READBACK,CALLER_REFERENCE,6afa7d64-3d38-4892-8c10-3b6e5aeaa259,CONFIRMED_APPLIED,FIRED_CONFIRMED,1,0,1,3111.961424,,0,0,151.043,1
aep_full-none-ledger_postings-2850f200-r10,write-loss-preack,AEP_FULL,none,ledger_postings,NO_READBACK,CALLER_REFERENCE,3789b95b-8f0c-43c0-99c3-b5a3ea46dcbc,CONFIRMED_APPLIED,FIRED_CONFIRMED,1,0,1,2911.164914,,0,0,151.043,1
aep_full-none-ledger_postings-2850f200-r10,write-loss-preack,AEP_FULL,none,ledger_postings,NO_READBACK,CALLER_REFERENCE,1e09ef52-b016-4b8e-9fad-8dbe16f21a4b,DECLARED_AMBIGUOUS,PERMANENTLY_AMBIGUOUS,1,0,1,6031.542986,,0,0,151.043,1
aep_full-none-ledger_postings-2850f200-r10,write-loss-preack,AEP_FULL,none,ledger_postings,NO_READBACK,CALLER_REFERENCE,40eb8670-d000-455b-bb7f-06a0a228a99b,CONFIRMED_APPLIED,FIRED_CONFIRMED,1,0,1,3008.655784,,0,0,151.043,1
aep_full-none-ledger_postings-2850f200-r10,write-loss-preack,AEP_FULL,none,ledger_postings,NO_READBACK,CALLER_REFERENCE,1aa5f439-cbee-4b80-b447-b2831d22c304,CONFIRMED_APPLIED,FIRED_CONFIRMED,1,0,1,2822.295986,,0,0,151.043,1
aep_full-none-ledger_postings-2850f200-r11,write-loss-preack,AEP_FULL,none,ledger_postings,NO_READBACK,CALLER_REFERENCE,2e445f59-deb3-4381-8fef-a4ef22cbb8b0,CONFIRMED_APPLIED,FIRED_CONFIRMED,1,0,1,3411.064795,,0,0,162.838,1
aep_full-none-ledger_postings-2850f200-r11,write-loss-preack,AEP_FULL,none,ledger_postings,NO_READBACK,CALLER_REFERENCE,a4a6a1b4-fecc-4984-a932-45851645914b,CONFIRMED_APPLIED,FIRED_CONFIRMED,1,0,1,2317.314211,,0,0,162.838,1
aep_full-none-ledger_postings-2850f200-r11,write-loss-preack,AEP_FULL,none,ledger_postings,NO_READBACK,CALLER_REFERENCE,e06ff219-1c16-40b5-a5ff-c861f5a618d8,CONFIRMED_APPLIED,FIRED_CONFIRMED,1,0,1,3111.957416,,0,0,162.838,1
aep_full-none-ledger_postings-2850f200-r11,write-loss-preack,AEP_FULL,none,ledger_postings,NO_READBACK,CALLER_REFERENCE,44c2567c-84c7-48ab-9a82-4abf718553bd,CONFIRMED_APPLIED,FIRED_CONFIRMED,1,0,1,3015.391068,,0,0,162.838,1
aep_full-none-ledger_postings-2850f200-r11,write-loss-preack,AEP_FULL,none,ledger_postings,NO_READBACK,CALLER_REFERENCE,bda28449-e12a-4823-b114-f1b655e6b16f,CONFIRMED_APPLIED,FIRED_CONFIRMED,1,0,1,3013.348094,,0,0,162.838,1
aep_full-none-ledger_postings-2850f200-r11,write-loss-preack,AEP_FULL,none,ledger_postings,NO_READBACK,CALLER_REFERENCE,422a8769-9ce2-46fb-b786-385f0672c6f0,CONFIRMED_APPLIED,FIRED_CONFIRMED,1,0,1,2799.581693,,0,0,162.838,1
aep_full-none-ledger_postings-2850f200-r11,write-loss-preack,AEP_FULL,none,ledger_postings,NO_READBACK,CALLER_REFERENCE,9c21b250-5b06-403c-b918-f7086ef477cf,CONFIRMED_APPLIED,FIRED_CONFIRMED,1,0,1,3229.24396,,0,0,162.838,1
aep_full-none-ledger_postings-2850f200-r11,write-loss-preack,AEP_FULL,none,ledger_postings,NO_READBACK,CALLER_REFERENCE,e683f4c6-80af-4c47-9203-4addf6504b4b,CONFIRMED_APPLIED,FIRED_CONFIRMED,1,0,1,2823.441543,,0,0,162.838,1
aep_full-none-ledger_postings-2850f200-r11,write-loss-preack,AEP_FULL,none,ledger_postings,NO_READBACK,CALLER_REFERENCE,69713d83-08eb-4ba1-b0aa-094c38af6bf6,CONFIRMED_APPLIED,FIRED_CONFIRMED,1,0,1,4025.354461,,0,0,162.838,1
aep_full-none-ledger_postings-2850f200-r11,write-loss-preack,AEP_FULL,none,ledger_postings,NO_READBACK,CALLER_REFERENCE,f94e82fe-6298-41bd-8e07-025ad4af0dfa,DECLARED_AMBIGUOUS,PERMANENTLY_AMBIGUOUS,0,0,1,4020.470051,,0,0,162.838,1
aep_full-none-ledger_postings-2850f200-r12,write-loss-preack,AEP_FULL,none,ledger_postings,NO_READBACK,CALLER_REFERENCE,4d822662-2893-49b5-8158-3d91bebde524,CONFIRMED_APPLIED,FIRED_CONFIRMED,1,0,1,3868.729836,,0,0,226.25,1
aep_full-none-ledger_postings-2850f200-r12,write-loss-preack,AEP_FULL,none,ledger_postings,NO_READBACK,CALLER_REFERENCE,9841703a-898c-4bfc-84be-20102e89fb30,CONFIRMED_APPLIED,FIRED_CONFIRMED,1,0,1,2915.927405,,0,0,226.25,1
aep_full-none-ledger_postings-2850f200-r12,write-loss-preack,AEP_FULL,none,ledger_postings,NO_READBACK,CALLER_REFERENCE,82264b4d-c978-4345-bc79-76e9e45de3b8,DECLARED_AMBIGUOUS,PERMANENTLY_AMBIGUOUS,1,0,1,5791.267014,,0,0,226.25,1
aep_full-none-ledger_postings-2850f200-r12,write-loss-preack,AEP_FULL,none,ledger_postings,NO_READBACK,CALLER_REFERENCE,ca9abbed-4849-4138-9e72-69a850ba4e62,DECLARED_AMBIGUOUS,PERMANENTLY_AMBIGUOUS,0,0,1,3245.634714,,0,0,226.25,1
aep_full-none-ledger_postings-2850f200-r12,write-loss-preack,AEP_FULL,none,ledger_postings,NO_READBACK,CALLER_REFERENCE,009599d8-0daf-4cb4-bd96-5a9e46592ec8,CONFIRMED_APPLIED,FIRED_CONFIRMED,1,0,1,3016.347883,,0,0,226.25,1
aep_full-none-ledger_postings-2850f200-r12,write-loss-preack,AEP_FULL,none,ledger_postings,NO_READBACK,CALLER_REFERENCE,64a65766-80cb-4dea-b805-dbe61d10fe87,CONFIRMED_APPLIED,FIRED_CONFIRMED,1,0,1,3814.101025,,0,0,226.25,1
aep_full-none-ledger_postings-2850f200-r12,write-loss-preack,AEP_FULL,none,ledger_postings,NO_READBACK,CALLER_REFERENCE,4f8d9b69-440b-496e-a78f-5d924921d49d,CONFIRMED_APPLIED,FIRED_CONFIRMED,1,0,1,4018.239143,,0,0,226.25,1
aep_full-none-ledger_postings-2850f200-r12,write-loss-preack,AEP_FULL,none,ledger_postings,NO_READBACK,CALLER_REFERENCE,9b4947a3-9ad0-4174-b8ce-d67c494a844c,CONFIRMED_APPLIED,FIRED_CONFIRMED,1,0,1,3814.815989,,0,0,226.25,1
aep_full-none-ledger_postings-2850f200-r12,write-loss-preack,AEP_FULL,none,ledger_postings,NO_READBACK,CALLER_REFERENCE,477cecc7-4948-480e-a041-eef647df2585,CONFIRMED_APPLIED,FIRED_CONFIRMED,1,0,1,4226.352291,,0,0,226.25,1
aep_full-none-ledger_postings-2850f200-r12,write-loss-preack,AEP_FULL,none,ledger_postings,NO_READBACK,CALLER_REFERENCE,231f724a-bb2a-4c9c-a976-ba1bbc8e2734,CONFIRMED_APPLIED,FIRED_CONFIRMED,1,0,1,2812.087334,,0,0,226.25,1
aep_full-none-ledger_postings-2850f200-r13,write-loss-preack,AEP_FULL,none,ledger_postings,NO_READBACK,CALLER_REFERENCE,863559fb-b96c-4753-9054-429859c6a0a0,DECLARED_AMBIGUOUS,PERMANENTLY_AMBIGUOUS,1,0,1,7175.610961,,0,0,129.337,1
aep_full-none-ledger_postings-2850f200-r13,write-loss-preack,AEP_FULL,none,ledger_postings,NO_READBACK,CALLER_REFERENCE,af6e1a0b-13cc-4684-8f7b-7966186324eb,CONFIRMED_APPLIED,FIRED_CONFIRMED,1,0,1,3012.497549,,0,0,129.337,1
aep_full-none-ledger_postings-2850f200-r13,write-loss-preack,AEP_FULL,none,ledger_postings,NO_READBACK,CALLER_REFERENCE,ddb036ef-c8e3-4e0e-91cd-cbcc2a6ed36a,CONFIRMED_APPLIED,FIRED_CONFIRMED,1,0,1,3110.58331,,0,0,129.337,1
aep_full-none-ledger_postings-2850f200-r13,write-loss-preack,AEP_FULL,none,ledger_postings,NO_READBACK,CALLER_REFERENCE,35ea3db7-b83f-441b-aac7-28c5ccc557b8,CONFIRMED_APPLIED,FIRED_CONFIRMED,1,0,1,2779.702014,,0,0,129.337,1
aep_full-none-ledger_postings-2850f200-r13,write-loss-preack,AEP_FULL,none,ledger_postings,NO_READBACK,CALLER_REFERENCE,e752270b-5d57-4ceb-ad55-6558d43f6e9a,CONFIRMED_APPLIED,FIRED_CONFIRMED,1,0,1,3129.458801,,0,0,129.337,1
aep_full-none-ledger_postings-2850f200-r13,write-loss-preack,AEP_FULL,none,ledger_postings,NO_READBACK,CALLER_REFERENCE,1a21ada2-3420-4abc-b2b3-187b585fe643,DECLARED_AMBIGUOUS,PERMANENTLY_AMBIGUOUS,1,0,1,5933.214337,,0,0,129.337,1
aep_full-none-ledger_postings-2850f200-r13,write-loss-preack,AEP_FULL,none,ledger_postings,NO_READBACK,CALLER_REFERENCE,1d0c5ff8-2792-4fba-9e13-839534e982a6,CONFIRMED_APPLIED,FIRED_CONFIRMED,1,0,1,3115.180756,,0,0,129.337,1
aep_full-none-ledger_postings-2850f200-r13,write-loss-preack,AEP_FULL,none,ledger_postings,NO_READBACK,CALLER_REFERENCE,2967f2a1-c57d-4bbb-95c3-9379f4740b10,DECLARED_AMBIGUOUS,PERMANENTLY_AMBIGUOUS,1,0,1,6025.946187,,0,0,129.337,1
aep_full-none-ledger_postings-2850f200-r13,write-loss-preack,AEP_FULL,none,ledger_postings,NO_READBACK,CALLER_REFERENCE,062edb13-aed1-4c1c-9f46-23ba77e4f185,CONFIRMED_APPLIED,FIRED_CONFIRMED,1,0,1,3021.918414,,0,0,129.337,1
aep_full-none-ledger_postings-2850f200-r13,write-loss-preack,AEP_FULL,none,ledger_postings,NO_READBACK,CALLER_REFERENCE,724cf368-13ba-4359-ad8f-c8d80e0f42b9,DECLARED_AMBIGUOUS,PERMANENTLY_AMBIGUOUS,0,0,1,3870.532489,,0,0,129.337,1
aep_full-none-ledger_postings-2850f200-r14,write-loss-preack,AEP_FULL,none,ledger_postings,NO_READBACK,CALLER_REFERENCE,5338cc09-df03-4b24-9277-09faecf8520a,CONFIRMED_APPLIED,FIRED_CONFIRMED,1,0,1,3786.943902,,0,0,126.145,1
aep_full-none-ledger_postings-2850f200-r14,write-loss-preack,AEP_FULL,none,ledger_postings,NO_READBACK,CALLER_REFERENCE,fd131575-6567-4488-9612-ef25f68a654b,DECLARED_AMBIGUOUS,PERMANENTLY_AMBIGUOUS,1,0,1,6173.706436,,0,0,126.145,1
aep_full-none-ledger_postings-2850f200-r14,write-loss-preack,AEP_FULL,none,ledger_postings,NO_READBACK,CALLER_REFERENCE,b6cc3f73-a85b-4069-9e0f-28b1e4cd9a8f,CONFIRMED_APPLIED,FIRED_CONFIRMED,1,0,1,3019.493863,,0,0,126.145,1
aep_full-none-ledger_postings-2850f200-r14,write-loss-preack,AEP_FULL,none,ledger_postings,NO_READBACK,CALLER_REFERENCE,218a9d15-5617-4746-9853-09ff4e033e2d,CONFIRMED_APPLIED,FIRED_CONFIRMED,1,0,1,2823.395777,,0,0,126.145,1
aep_full-none-ledger_postings-2850f200-r14,write-loss-preack,AEP_FULL,none,ledger_postings,NO_READBACK,CALLER_REFERENCE,12227838-df4d-4b55-a8a1-73c60a2b1e02,CONFIRMED_APPLIED,FIRED_CONFIRMED,1,0,1,3167.51335,,0,0,126.145,1
aep_full-none-ledger_postings-2850f200-r14,write-loss-preack,AEP_FULL,none,ledger_postings,NO_READBACK,CALLER_REFERENCE,67c02f00-ee26-4c82-891f-4862ec9a939d,DECLARED_AMBIGUOUS,PERMANENTLY_AMBIGUOUS,1,0,1,6861.805944,,0,0,126.145,1
aep_full-none-ledger_postings-2850f200-r14,write-loss-preack,AEP_FULL,none,ledger_postings,NO_READBACK,CALLER_REFERENCE,2f0db318-e109-4245-afc5-3b9908d3b5c8,CONFIRMED_APPLIED,FIRED_CONFIRMED,1,0,1,3012.851366,,0,0,126.145,1
aep_full-none-ledger_postings-2850f200-r14,write-loss-preack,AEP_FULL,none,ledger_postings,NO_READBACK,CALLER_REFERENCE,e1780967-9142-4276-9cc7-fd509e366af2,CONFIRMED_APPLIED,FIRED_CONFIRMED,1,0,1,3996.165605,,0,0,126.145,1
aep_full-none-ledger_postings-2850f200-r14,write-loss-preack,AEP_FULL,none,ledger_postings,NO_READBACK,CALLER_REFERENCE,3e56f8e8-7674-4499-a4bb-52ab0eddd724,CONFIRMED_APPLIED,FIRED_CONFIRMED,1,0,1,3897.443491,,0,0,126.145,1
aep_full-none-ledger_postings-2850f200-r14,write-loss-preack,AEP_FULL,none,ledger_postings,NO_READBACK,CALLER_REFERENCE,68898e57-856c-4840-a46a-a74fbb2ac70f,CONFIRMED_APPLIED,FIRED_CONFIRMED,1,0,1,3062.435875,,0,0,126.145,1
aep_full-none-ledger_postings-2850f200-r15,write-loss-preack,AEP_FULL,none,ledger_postings,NO_READBACK,CALLER_REFERENCE,a32594cc-9727-4d13-8ced-c0e31810e255,CONFIRMED_APPLIED,FIRED_CONFIRMED,1,0,1,3284.620885,,0,0,104.088,1
aep_full-none-ledger_postings-2850f200-r15,write-loss-preack,AEP_FULL,none,ledger_postings,NO_READBACK,CALLER_REFERENCE,03c0a7f9-35cc-48c6-9a51-f83b070b6a49,DECLARED_AMBIGUOUS,PERMANENTLY_AMBIGUOUS,1,0,1,5720.854881,,0,0,104.088,1
aep_full-none-ledger_postings-2850f200-r15,write-loss-preack,AEP_FULL,none,ledger_postings,NO_READBACK,CALLER_REFERENCE,2d14e177-20aa-44a0-8ad3-4e790640acfb,CONFIRMED_APPLIED,FIRED_CONFIRMED,1,0,1,2776.918432,,0,0,104.088,1
aep_full-none-ledger_postings-2850f200-r15,write-loss-preack,AEP_FULL,none,ledger_postings,NO_READBACK,CALLER_REFERENCE,0c438ec6-7be1-43be-aee2-48d5a94403a7,CONFIRMED_APPLIED,FIRED_CONFIRMED,1,0,1,3095.605589,,0,0,104.088,1
aep_full-none-ledger_postings-2850f200-r15,write-loss-preack,AEP_FULL,none,ledger_postings,NO_READBACK,CALLER_REFERENCE,2d8740ac-e982-470a-8c4a-44fe241b531b,CONFIRMED_APPLIED,FIRED_CONFIRMED,1,0,1,2859.213476,,0,0,104.088,1
aep_full-none-ledger_postings-2850f200-r15,write-loss-preack,AEP_FULL,none,ledger_postings,NO_READBACK,CALLER_REFERENCE,ffc32cbd-bf81-4b1b-b700-1506e36ea85a,CONFIRMED_APPLIED,FIRED_CONFIRMED,1,0,1,3210.330652,,0,0,104.088,1
aep_full-none-ledger_postings-2850f200-r15,write-loss-preack,AEP_FULL,none,ledger_postings,NO_READBACK,CALLER_REFERENCE,ca200929-4971-47af-b22c-1af838f30f03,CONFIRMED_APPLIED,FIRED_CONFIRMED,1,0,1,2990.667825,,0,0,104.088,1
aep_full-none-ledger_postings-2850f200-r15,write-loss-preack,AEP_FULL,none,ledger_postings,NO_READBACK,CALLER_REFERENCE,01dd7075-7232-4142-9cfa-1cd49401e608,CONFIRMED_APPLIED,FIRED_CONFIRMED,1,0,1,3032.028989,,0,0,104.088,1
aep_full-none-ledger_postings-2850f200-r15,write-loss-preack,AEP_FULL,none,ledger_postings,NO_READBACK,CALLER_REFERENCE,554f8cea-3746-4e11-b220-04905ea23646,CONFIRMED_APPLIED,FIRED_CONFIRMED,1,0,1,3013.595216,,0,0,104.088,1
aep_full-none-ledger_postings-2850f200-r15,write-loss-preack,AEP_FULL,none,ledger_postings,NO_READBACK,CALLER_REFERENCE,cab3d650-e3ea-4313-8a8e-fb48aa30d91f,CONFIRMED_APPLIED,FIRED_CONFIRMED,1,0,1,2924.536496,,0,0,104.088,1
aep_full-none-ledger_postings-2850f200-r16,write-loss-preack,AEP_FULL,none,ledger_postings,NO_READBACK,CALLER_REFERENCE,2e71f9a1-3671-4384-bde4-976e10392995,CONFIRMED_APPLIED,FIRED_CONFIRMED,1,0,1,2993.806174,,0,0,108.28,1
aep_full-none-ledger_postings-2850f200-r16,write-loss-preack,AEP_FULL,none,ledger_postings,NO_READBACK,CALLER_REFERENCE,e6b72748-9a1b-4ec1-b49e-f3fc95c0b336,CONFIRMED_APPLIED,FIRED_CONFIRMED,1,0,1,2710.302605,,0,0,108.28,1
aep_full-none-ledger_postings-2850f200-r16,write-loss-preack,AEP_FULL,none,ledger_postings,NO_READBACK,CALLER_REFERENCE,43578622-d729-43b5-b582-343726261778,CONFIRMED_APPLIED,FIRED_CONFIRMED,1,0,1,3012.614143,,0,0,108.28,1
aep_full-none-ledger_postings-2850f200-r16,write-loss-preack,AEP_FULL,none,ledger_postings,NO_READBACK,CALLER_REFERENCE,6134f858-0ce2-4b18-86b4-e07edca2825e,CONFIRMED_APPLIED,FIRED_CONFIRMED,1,0,1,3011.179427,,0,0,108.28,1
aep_full-none-ledger_postings-2850f200-r16,write-loss-preack,AEP_FULL,none,ledger_postings,NO_READBACK,CALLER_REFERENCE,c45c04e1-0a48-4377-bfdb-c95a758062d2,CONFIRMED_APPLIED,FIRED_CONFIRMED,1,0,1,3015.54808,,0,0,108.28,1
aep_full-none-ledger_postings-2850f200-r16,write-loss-preack,AEP_FULL,none,ledger_postings,NO_READBACK,CALLER_REFERENCE,c4061a90-f733-45ef-a63d-974f709ee802,DECLARED_AMBIGUOUS,PERMANENTLY_AMBIGUOUS,1,0,1,5935.334583,,0,0,108.28,1
aep_full-none-ledger_postings-2850f200-r16,write-loss-preack,AEP_FULL,none,ledger_postings,NO_READBACK,CALLER_REFERENCE,56cf703b-c235-46dd-b8a6-2087718553b9,DECLARED_AMBIGUOUS,PERMANENTLY_AMBIGUOUS,1,0,1,5770.345397,,0,0,108.28,1
aep_full-none-ledger_postings-2850f200-r16,write-loss-preack,AEP_FULL,none,ledger_postings,NO_READBACK,CALLER_REFERENCE,35744407-1576-4c08-976e-4980bf9b8d5d,CONFIRMED_APPLIED,FIRED_CONFIRMED,1,0,1,3170.879663,,0,0,108.28,1
aep_full-none-ledger_postings-2850f200-r16,write-loss-preack,AEP_FULL,none,ledger_postings,NO_READBACK,CALLER_REFERENCE,34284590-7a3e-443d-a1ae-b1ab99c523ea,CONFIRMED_APPLIED,FIRED_CONFIRMED,1,0,1,3018.479463,,0,0,108.28,1
aep_full-none-ledger_postings-2850f200-r16,write-loss-preack,AEP_FULL,none,ledger_postings,NO_READBACK,CALLER_REFERENCE,6541a66d-ebb7-4e6d-98a6-5b69fd932269,CONFIRMED_APPLIED,FIRED_CONFIRMED,1,0,1,3116.471569,,0,0,108.28,1
aep_full-none-ledger_postings-2850f200-r17,write-loss-preack,AEP_FULL,none,ledger_postings,NO_READBACK,CALLER_REFERENCE,5668f0f4-d0d9-49bf-9df7-2db2dd2ecf30,DECLARED_AMBIGUOUS,PERMANENTLY_AMBIGUOUS,1,0,1,6213.95878,,0,0,146.051,1
aep_full-none-ledger_postings-2850f200-r17,write-loss-preack,AEP_FULL,none,ledger_postings,NO_READBACK,CALLER_REFERENCE,cf0b295f-4ebc-41a0-b302-8feb46754d0c,CONFIRMED_APPLIED,FIRED_CONFIRMED,1,0,1,2609.883433,,0,0,146.051,1
aep_full-none-ledger_postings-2850f200-r17,write-loss-preack,AEP_FULL,none,ledger_postings,NO_READBACK,CALLER_REFERENCE,a9c3c04b-5956-42c4-bb9c-03b5a8eaf530,CONFIRMED_APPLIED,FIRED_CONFIRMED,1,0,1,3011.240883,,0,0,146.051,1
aep_full-none-ledger_postings-2850f200-r17,write-loss-preack,AEP_FULL,none,ledger_postings,NO_READBACK,CALLER_REFERENCE,0f81f2a5-ca01-46a6-b398-f4ec46333dcd,CONFIRMED_APPLIED,FIRED_CONFIRMED,1,0,1,2709.248625,,0,0,146.051,1
aep_full-none-ledger_postings-2850f200-r17,write-loss-preack,AEP_FULL,none,ledger_postings,NO_READBACK,CALLER_REFERENCE,3d44652a-9303-464a-a98e-1fe8fc537d2d,DECLARED_AMBIGUOUS,PERMANENTLY_AMBIGUOUS,1,0,1,6118.957315,,0,0,146.051,1
aep_full-none-ledger_postings-2850f200-r17,write-loss-preack,AEP_FULL,none,ledger_postings,NO_READBACK,CALLER_REFERENCE,3204d62b-9a02-4629-9fe4-dea8e7f56b7e,CONFIRMED_APPLIED,FIRED_CONFIRMED,1,0,1,4012.793847,,0,0,146.051,1
aep_full-none-ledger_postings-2850f200-r17,write-loss-preack,AEP_FULL,none,ledger_postings,NO_READBACK,CALLER_REFERENCE,7ee42bfa-2605-414c-8a71-38cb8396e002,CONFIRMED_APPLIED,FIRED_CONFIRMED,1,0,1,3121.930766,,0,0,146.051,1
aep_full-none-ledger_postings-2850f200-r17,write-loss-preack,AEP_FULL,none,ledger_postings,NO_READBACK,CALLER_REFERENCE,41c8d92f-ed39-4f3f-9a1e-fb57e5107993,CONFIRMED_APPLIED,FIRED_CONFIRMED,1,0,1,3012.698135,,0,0,146.051,1
aep_full-none-ledger_postings-2850f200-r17,write-loss-preack,AEP_FULL,none,ledger_postings,NO_READBACK,CALLER_REFERENCE,dfcb2771-d5cc-401e-848b-beaae3664191,DECLARED_AMBIGUOUS,PERMANENTLY_AMBIGUOUS,0,0,1,3013.482737,,0,0,146.051,1
aep_full-none-ledger_postings-2850f200-r17,write-loss-preack,AEP_FULL,none,ledger_postings,NO_READBACK,CALLER_REFERENCE,1a1e204d-597c-43c9-8e7c-047fc4642fb5,CONFIRMED_APPLIED,FIRED_CONFIRMED,1,0,1,3910.798852,,0,0,146.051,1
aep_full-none-ledger_postings-2850f200-r18,write-loss-preack,AEP_FULL,none,ledger_postings,NO_READBACK,CALLER_REFERENCE,dcd5b4d4-299e-4328-b6ad-4091573bed0f,CONFIRMED_APPLIED,FIRED_CONFIRMED,1,0,1,3528.295373,,0,0,125.479,1
aep_full-none-ledger_postings-2850f200-r18,write-loss-preack,AEP_FULL,none,ledger_postings,NO_READBACK,CALLER_REFERENCE,3f01c62f-76da-4450-a6d7-2b07b3072cd4,DECLARED_AMBIGUOUS,PERMANENTLY_AMBIGUOUS,1,0,1,5417.836154,,0,0,125.479,1
aep_full-none-ledger_postings-2850f200-r18,write-loss-preack,AEP_FULL,none,ledger_postings,NO_READBACK,CALLER_REFERENCE,cdb6f1b6-192d-485e-83b7-8c27df337a08,CONFIRMED_APPLIED,FIRED_CONFIRMED,1,0,1,3112.721936,,0,0,125.479,1
aep_full-none-ledger_postings-2850f200-r18,write-loss-preack,AEP_FULL,none,ledger_postings,NO_READBACK,CALLER_REFERENCE,6531368e-04ca-4786-9d63-6b5f134ee655,CONFIRMED_APPLIED,FIRED_CONFIRMED,1,0,1,3011.848007,,0,0,125.479,1
aep_full-none-ledger_postings-2850f200-r18,write-loss-preack,AEP_FULL,none,ledger_postings,NO_READBACK,CALLER_REFERENCE,d8b0b780-bf7c-45d4-8825-555b06a57fe0,CONFIRMED_APPLIED,FIRED_CONFIRMED,1,0,1,2911.624777,,0,0,125.479,1
aep_full-none-ledger_postings-2850f200-r18,write-loss-preack,AEP_FULL,none,ledger_postings,NO_READBACK,CALLER_REFERENCE,25480a64-f011-45e5-a9be-7c8078241803,CONFIRMED_APPLIED,FIRED_CONFIRMED,1,0,1,3112.585769,,0,0,125.479,1
aep_full-none-ledger_postings-2850f200-r18,write-loss-preack,AEP_FULL,none,ledger_postings,NO_READBACK,CALLER_REFERENCE,2398964c-1f56-4ea8-b01c-fe71ec023823,CONFIRMED_APPLIED,FIRED_CONFIRMED,1,0,1,2786.653374,,0,0,125.479,1
aep_full-none-ledger_postings-2850f200-r18,write-loss-preack,AEP_FULL,none,ledger_postings,NO_READBACK,CALLER_REFERENCE,008b0fe8-5b12-41f1-a30c-1ec5493046d3,CONFIRMED_APPLIED,FIRED_CONFIRMED,1,0,1,3237.775937,,0,0,125.479,1
aep_full-none-ledger_postings-2850f200-r18,write-loss-preack,AEP_FULL,none,ledger_postings,NO_READBACK,CALLER_REFERENCE,dcb9c70b-7ac9-497b-b119-7570f6f9faa2,CONFIRMED_APPLIED,FIRED_CONFIRMED,1,0,1,2673.474255,,0,0,125.479,1
aep_full-none-ledger_postings-2850f200-r18,write-loss-preack,AEP_FULL,none,ledger_postings,NO_READBACK,CALLER_REFERENCE,100453aa-7b0f-4c35-9bca-48eacd89337b,CONFIRMED_APPLIED,FIRED_CONFIRMED,1,0,1,3098.019817,,0,0,125.479,1
aep_full-none-ledger_postings-2850f200-r19,write-loss-preack,AEP_FULL,none,ledger_postings,NO_READBACK,CALLER_REFERENCE,25c0370a-4583-4945-bdf2-03ef44dc6251,CONFIRMED_APPLIED,FIRED_CONFIRMED,1,0,1,3009.868604,,0,0,153.942,1
aep_full-none-ledger_postings-2850f200-r19,write-loss-preack,AEP_FULL,none,ledger_postings,NO_READBACK,CALLER_REFERENCE,5b7bfdff-1a7e-4947-b811-5f96981102eb,CONFIRMED_APPLIED,FIRED_CONFIRMED,1,0,1,2410.992689,,0,0,153.942,1
aep_full-none-ledger_postings-2850f200-r19,write-loss-preack,AEP_FULL,none,ledger_postings,NO_READBACK,CALLER_REFERENCE,c4544fb2-4cdf-4dc7-a041-86090efc1c8c,CONFIRMED_APPLIED,FIRED_CONFIRMED,1,0,1,3012.934146,,0,0,153.942,1
aep_full-none-ledger_postings-2850f200-r19,write-loss-preack,AEP_FULL,none,ledger_postings,NO_READBACK,CALLER_REFERENCE,0bd15d06-e38b-4527-be40-7b1cd019240c,CONFIRMED_APPLIED,FIRED_CONFIRMED,1,0,1,3011.69951,,0,0,153.942,1
aep_full-none-ledger_postings-2850f200-r19,write-loss-preack,AEP_FULL,none,ledger_postings,NO_READBACK,CALLER_REFERENCE,0bf6c800-838d-4a64-a7c4-089d44202481,DECLARED_AMBIGUOUS,PERMANENTLY_AMBIGUOUS,0,0,1,3027.782024,,0,0,153.942,1
aep_full-none-ledger_postings-2850f200-r19,write-loss-preack,AEP_FULL,none,ledger_postings,NO_READBACK,CALLER_REFERENCE,9010d726-7162-434f-a2db-f3e80339600d,CONFIRMED_APPLIED,FIRED_CONFIRMED,1,0,1,2812.268606,,0,0,153.942,1
aep_full-none-ledger_postings-2850f200-r19,write-loss-preack,AEP_FULL,none,ledger_postings,NO_READBACK,CALLER_REFERENCE,e09e9268-15c8-4172-83aa-8d9fc60bc0d0,CONFIRMED_APPLIED,FIRED_CONFIRMED,1,0,1,3013.493435,,0,0,153.942,1
aep_full-none-ledger_postings-2850f200-r19,write-loss-preack,AEP_FULL,none,ledger_postings,NO_READBACK,CALLER_REFERENCE,6865e5e5-b657-49ee-8478-f41693c24681,CONFIRMED_APPLIED,FIRED_CONFIRMED,1,0,1,3128.155067,,0,0,153.942,1
aep_full-none-ledger_postings-2850f200-r19,write-loss-preack,AEP_FULL,none,ledger_postings,NO_READBACK,CALLER_REFERENCE,9ab5281a-baa2-49ce-b535-37aadf84d0a1,CONFIRMED_APPLIED,FIRED_CONFIRMED,1,0,1,3012.26206,,0,0,153.942,1
aep_full-none-ledger_postings-2850f200-r19,write-loss-preack,AEP_FULL,none,ledger_postings,NO_READBACK,CALLER_REFERENCE,f8f612f2-7a24-454e-a0eb-44393dbd686d,CONFIRMED_APPLIED,FIRED_CONFIRMED,1,0,1,3020.053953,,0,0,153.942,1
aep_full-none-ledger_postings-2850f200-r2,write-loss-preack,AEP_FULL,none,ledger_postings,NO_READBACK,CALLER_REFERENCE,ae1907fd-27fb-4df5-bdba-0c64cfcc3cab,CONFIRMED_APPLIED,FIRED_CONFIRMED,1,0,1,3310.848016,,0,0,84.494,1
aep_full-none-ledger_postings-2850f200-r2,write-loss-preack,AEP_FULL,none,ledger_postings,NO_READBACK,CALLER_REFERENCE,b2425108-0bd6-452e-ac7c-05b077a96501,CONFIRMED_APPLIED,FIRED_CONFIRMED,1,0,1,2679.338696,,0,0,84.494,1
aep_full-none-ledger_postings-2850f200-r2,write-loss-preack,AEP_FULL,none,ledger_postings,NO_READBACK,CALLER_REFERENCE,35dcd2f7-666c-4b99-885b-54d01f25d265,CONFIRMED_APPLIED,FIRED_CONFIRMED,1,0,1,3114.016236,,0,0,84.494,1
aep_full-none-ledger_postings-2850f200-r2,write-loss-preack,AEP_FULL,none,ledger_postings,NO_READBACK,CALLER_REFERENCE,5e3e67ac-b67d-43bc-b146-4e98569367f8,CONFIRMED_APPLIED,FIRED_CONFIRMED,1,0,1,2910.664277,,0,0,84.494,1
aep_full-none-ledger_postings-2850f200-r2,write-loss-preack,AEP_FULL,none,ledger_postings,NO_READBACK,CALLER_REFERENCE,a940f180-2921-4fdb-981b-ccc8e38343a0,CONFIRMED_APPLIED,FIRED_CONFIRMED,1,0,1,3109.057202,,0,0,84.494,1
aep_full-none-ledger_postings-2850f200-r2,write-loss-preack,AEP_FULL,none,ledger_postings,NO_READBACK,CALLER_REFERENCE,239db928-7257-481b-9495-aef99152b048,DECLARED_AMBIGUOUS,PERMANENTLY_AMBIGUOUS,1,0,1,5821.190309,,0,0,84.494,1
aep_full-none-ledger_postings-2850f200-r2,write-loss-preack,AEP_FULL,none,ledger_postings,NO_READBACK,CALLER_REFERENCE,cb430aa7-7054-4915-8a2f-88f7030ff4f9,CONFIRMED_APPLIED,FIRED_CONFIRMED,1,0,1,2970.903998,,0,0,84.494,1
aep_full-none-ledger_postings-2850f200-r2,write-loss-preack,AEP_FULL,none,ledger_postings,NO_READBACK,CALLER_REFERENCE,396f151f-af20-4a1f-949c-15127e86a928,CONFIRMED_APPLIED,FIRED_CONFIRMED,1,0,1,3061.340938,,0,0,84.494,1
aep_full-none-ledger_postings-2850f200-r2,write-loss-preack,AEP_FULL,none,ledger_postings,NO_READBACK,CALLER_REFERENCE,d2a6e95d-d092-4f07-8923-69e6c0da500c,CONFIRMED_APPLIED,FIRED_CONFIRMED,1,0,1,3055.100362,,0,0,84.494,1
aep_full-none-ledger_postings-2850f200-r2,write-loss-preack,AEP_FULL,none,ledger_postings,NO_READBACK,CALLER_REFERENCE,5843b76b-8e78-4484-bf0a-00664167f639,CONFIRMED_APPLIED,FIRED_CONFIRMED,1,0,1,3073.092998,,0,0,84.494,1
aep_full-none-ledger_postings-2850f200-r20,write-loss-preack,AEP_FULL,none,ledger_postings,NO_READBACK,CALLER_REFERENCE,47b1766d-5362-4c8f-b947-07bf30a8539f,CONFIRMED_APPLIED,FIRED_CONFIRMED,1,0,1,3376.006284,,0,0,127.7,1
aep_full-none-ledger_postings-2850f200-r20,write-loss-preack,AEP_FULL,none,ledger_postings,NO_READBACK,CALLER_REFERENCE,86e8e9cd-f5b7-47a8-a558-e41dd208ea8f,CONFIRMED_APPLIED,FIRED_CONFIRMED,1,0,1,2516.325634,,0,0,127.7,1
aep_full-none-ledger_postings-2850f200-r20,write-loss-preack,AEP_FULL,none,ledger_postings,NO_READBACK,CALLER_REFERENCE,2b828fc9-bab3-4da3-af66-a7ec37ed0096,DECLARED_AMBIGUOUS,PERMANENTLY_AMBIGUOUS,1,0,1,6024.252988,,0,0,127.7,1
aep_full-none-ledger_postings-2850f200-r20,write-loss-preack,AEP_FULL,none,ledger_postings,NO_READBACK,CALLER_REFERENCE,ba0a2c02-8bea-45cd-926a-65c181ceb811,DECLARED_AMBIGUOUS,PERMANENTLY_AMBIGUOUS,0,0,1,3011.268515,,0,0,127.7,1
aep_full-none-ledger_postings-2850f200-r20,write-loss-preack,AEP_FULL,none,ledger_postings,NO_READBACK,CALLER_REFERENCE,bde44e23-89e4-409c-a5a4-c3402bab921c,CONFIRMED_APPLIED,FIRED_CONFIRMED,1,0,1,2981.400785,,0,0,127.7,1
aep_full-none-ledger_postings-2850f200-r20,write-loss-preack,AEP_FULL,none,ledger_postings,NO_READBACK,CALLER_REFERENCE,ef8d3cd2-be5a-4239-a84b-ed4a97722fbd,CONFIRMED_APPLIED,FIRED_CONFIRMED,1,0,1,3040.493166,,0,0,127.7,1
aep_full-none-ledger_postings-2850f200-r20,write-loss-preack,AEP_FULL,none,ledger_postings,NO_READBACK,CALLER_REFERENCE,0fa80bab-3f15-403e-8795-75f843948c09,CONFIRMED_APPLIED,FIRED_CONFIRMED,1,0,1,3775.429998,,0,0,127.7,1
aep_full-none-ledger_postings-2850f200-r20,write-loss-preack,AEP_FULL,none,ledger_postings,NO_READBACK,CALLER_REFERENCE,fa1c4e2c-c6e0-4eec-80db-39a70fccc318,CONFIRMED_APPLIED,FIRED_CONFIRMED,1,0,1,4065.251204,,0,0,127.7,1
aep_full-none-ledger_postings-2850f200-r20,write-loss-preack,AEP_FULL,none,ledger_postings,NO_READBACK,CALLER_REFERENCE,8cf61ed4-baf7-4f6e-a669-5c98be171341,CONFIRMED_APPLIED,FIRED_CONFIRMED,1,0,1,3114.61033,,0,0,127.7,1
aep_full-none-ledger_postings-2850f200-r20,write-loss-preack,AEP_FULL,none,ledger_postings,NO_READBACK,CALLER_REFERENCE,40a58201-70f9-4597-b861-d840777f53dd,CONFIRMED_APPLIED,FIRED_CONFIRMED,1,0,1,3911.422489,,0,0,127.7,1
aep_full-none-ledger_postings-2850f200-r21,write-loss-preack,AEP_FULL,none,ledger_postings,NO_READBACK,CALLER_REFERENCE,da3a7d31-5a2f-4ad4-90ad-c48b4f5f0c68,CONFIRMED_APPLIED,FIRED_CONFIRMED,1,0,1,3929.561364,,0,0,144.21,1
aep_full-none-ledger_postings-2850f200-r21,write-loss-preack,AEP_FULL,none,ledger_postings,NO_READBACK,CALLER_REFERENCE,e0f66ca0-5337-4ac6-9c95-1ba1c824beff,DECLARED_AMBIGUOUS,PERMANENTLY_AMBIGUOUS,0,0,1,3112.251054,,0,0,144.21,1
aep_full-none-ledger_postings-2850f200-r21,write-loss-preack,AEP_FULL,none,ledger_postings,NO_READBACK,CALLER_REFERENCE,cace168b-4d52-44f1-b90a-46318e8a4419,DECLARED_AMBIGUOUS,PERMANENTLY_AMBIGUOUS,1,0,1,6025.843847,,0,0,144.21,1
aep_full-none-ledger_postings-2850f200-r21,write-loss-preack,AEP_FULL,none,ledger_postings,NO_READBACK,CALLER_REFERENCE,5bc0fa49-d902-4019-8efc-25ef025cdb9e,CONFIRMED_APPLIED,FIRED_CONFIRMED,1,0,1,2812.352657,,0,0,144.21,1
aep_full-none-ledger_postings-2850f200-r21,write-loss-preack,AEP_FULL,none,ledger_postings,NO_READBACK,CALLER_REFERENCE,efd8600b-4856-4d9b-85a5-273e63639470,CONFIRMED_APPLIED,FIRED_CONFIRMED,1,0,1,3111.850324,,0,0,144.21,1
aep_full-none-ledger_postings-2850f200-r21,write-loss-preack,AEP_FULL,none,ledger_postings,NO_READBACK,CALLER_REFERENCE,bd19a61f-b683-40ef-8e8a-6c76820c1db8,CONFIRMED_APPLIED,FIRED_CONFIRMED,1,0,1,3011.027592,,0,0,144.21,1
aep_full-none-ledger_postings-2850f200-r21,write-loss-preack,AEP_FULL,none,ledger_postings,NO_READBACK,CALLER_REFERENCE,feaf2e7e-2776-44b8-ad96-75e698f9a0b3,DECLARED_AMBIGUOUS,PERMANENTLY_AMBIGUOUS,1,0,1,6022.836317,,0,0,144.21,1
aep_full-none-ledger_postings-2850f200-r21,write-loss-preack,AEP_FULL,none,ledger_postings,NO_READBACK,CALLER_REFERENCE,5dac0d9d-0b8d-4625-b6f7-02d9cd0027ec,CONFIRMED_APPLIED,FIRED_CONFIRMED,1,0,1,3915.917495,,0,0,144.21,1
aep_full-none-ledger_postings-2850f200-r21,write-loss-preack,AEP_FULL,none,ledger_postings,NO_READBACK,CALLER_REFERENCE,f6e7a4b2-5b24-440e-b6c9-c088c529b450,CONFIRMED_APPLIED,FIRED_CONFIRMED,1,0,1,3021.309861,,0,0,144.21,1
aep_full-none-ledger_postings-2850f200-r21,write-loss-preack,AEP_FULL,none,ledger_postings,NO_READBACK,CALLER_REFERENCE,774776b3-66b9-4883-ac64-1c273ef58b73,CONFIRMED_APPLIED,FIRED_CONFIRMED,1,0,1,2757.817386,,0,0,144.21,1
aep_full-none-ledger_postings-2850f200-r22,write-loss-preack,AEP_FULL,none,ledger_postings,NO_READBACK,CALLER_REFERENCE,95a45093-e376-48d1-969d-59fb657ec15d,DECLARED_AMBIGUOUS,PERMANENTLY_AMBIGUOUS,1,0,1,6098.910001,,0,0,121.953,1
aep_full-none-ledger_postings-2850f200-r22,write-loss-preack,AEP_FULL,none,ledger_postings,NO_READBACK,CALLER_REFERENCE,b6739c1e-874b-4eb5-9774-8f101c9d37f5,CONFIRMED_APPLIED,FIRED_CONFIRMED,1,0,1,2709.699885,,0,0,121.953,1
aep_full-none-ledger_postings-2850f200-r22,write-loss-preack,AEP_FULL,none,ledger_postings,NO_READBACK,CALLER_REFERENCE,b55c3c8f-aee6-4455-9524-d6b4e8bb1e12,CONFIRMED_APPLIED,FIRED_CONFIRMED,1,0,1,3013.861609,,0,0,121.953,1
aep_full-none-ledger_postings-2850f200-r22,write-loss-preack,AEP_FULL,none,ledger_postings,NO_READBACK,CALLER_REFERENCE,04ebfcd3-2bc3-4592-9002-087b8ff61e8f,CONFIRMED_APPLIED,FIRED_CONFIRMED,1,0,1,3013.222439,,0,0,121.953,1
aep_full-none-ledger_postings-2850f200-r22,write-loss-preack,AEP_FULL,none,ledger_postings,NO_READBACK,CALLER_REFERENCE,36988f44-39bb-4f11-b19b-ce5525a7418b,CONFIRMED_APPLIED,FIRED_CONFIRMED,1,0,1,2830.362145,,0,0,121.953,1
aep_full-none-ledger_postings-2850f200-r22,write-loss-preack,AEP_FULL,none,ledger_postings,NO_READBACK,CALLER_REFERENCE,9b214ce4-ccf4-49c5-acf0-4bbdce9debea,CONFIRMED_APPLIED,FIRED_CONFIRMED,1,0,1,3118.580911,,0,0,121.953,1
aep_full-none-ledger_postings-2850f200-r22,write-loss-preack,AEP_FULL,none,ledger_postings,NO_READBACK,CALLER_REFERENCE,58fbccf0-9a87-4b0d-9b59-a95f256887b6,CONFIRMED_APPLIED,FIRED_CONFIRMED,1,0,1,3712.840789,,0,0,121.953,1
aep_full-none-ledger_postings-2850f200-r22,write-loss-preack,AEP_FULL,none,ledger_postings,NO_READBACK,CALLER_REFERENCE,0d72b061-affe-48ef-9ce5-af5563a54857,DECLARED_AMBIGUOUS,PERMANENTLY_AMBIGUOUS,1,0,1,6236.392865,,0,0,121.953,1
aep_full-none-ledger_postings-2850f200-r22,write-loss-preack,AEP_FULL,none,ledger_postings,NO_READBACK,CALLER_REFERENCE,7a89bdea-e91f-4f4e-95d1-ed4737a96e26,DECLARED_AMBIGUOUS,PERMANENTLY_AMBIGUOUS,1,0,1,6026.453325,,0,0,121.953,1
aep_full-none-ledger_postings-2850f200-r22,write-loss-preack,AEP_FULL,none,ledger_postings,NO_READBACK,CALLER_REFERENCE,a22ddb8b-f747-4d94-a800-8fb409d8b36e,CONFIRMED_APPLIED,FIRED_CONFIRMED,1,0,1,3015.924719,,0,0,121.953,1
aep_full-none-ledger_postings-2850f200-r23,write-loss-preack,AEP_FULL,none,ledger_postings,NO_READBACK,CALLER_REFERENCE,07be0994-e2a2-41e6-9be0-d215a98142f8,CONFIRMED_APPLIED,FIRED_CONFIRMED,1,0,1,3399.363139,,0,0,229.142,1
aep_full-none-ledger_postings-2850f200-r23,write-loss-preack,AEP_FULL,none,ledger_postings,NO_READBACK,CALLER_REFERENCE,30b69587-7eb1-4430-b042-bfa7b70f1f88,CONFIRMED_APPLIED,FIRED_CONFIRMED,1,0,1,2422.601118,,0,0,229.142,1
aep_full-none-ledger_postings-2850f200-r23,write-loss-preack,AEP_FULL,none,ledger_postings,NO_READBACK,CALLER_REFERENCE,cf62e9e0-2bb6-4127-9417-cb97637da6a5,CONFIRMED_APPLIED,FIRED_CONFIRMED,1,0,1,3104.492219,,0,0,229.142,1
aep_full-none-ledger_postings-2850f200-r23,write-loss-preack,AEP_FULL,none,ledger_postings,NO_READBACK,CALLER_REFERENCE,3c422112-5191-4ae9-a572-4d618c7e6224,CONFIRMED_APPLIED,FIRED_CONFIRMED,1,0,1,2913.470925,,0,0,229.142,1
aep_full-none-ledger_postings-2850f200-r23,write-loss-preack,AEP_FULL,none,ledger_postings,NO_READBACK,CALLER_REFERENCE,e8c0cd80-5275-45f8-a2eb-a8f60c1cede5,CONFIRMED_APPLIED,FIRED_CONFIRMED,1,0,1,2811.453132,,0,0,229.142,1
aep_full-none-ledger_postings-2850f200-r23,write-loss-preack,AEP_FULL,none,ledger_postings,NO_READBACK,CALLER_REFERENCE,6158cac3-2b5c-45a8-8762-81cd23919d1f,DECLARED_AMBIGUOUS,PERMANENTLY_AMBIGUOUS,1,0,1,6022.502908,,0,0,229.142,1
aep_full-none-ledger_postings-2850f200-r23,write-loss-preack,AEP_FULL,none,ledger_postings,NO_READBACK,CALLER_REFERENCE,34961127-dd47-4c88-84f1-9cf9a9b9b8eb,CONFIRMED_APPLIED,FIRED_CONFIRMED,1,0,1,3213.137059,,0,0,229.142,1
aep_full-none-ledger_postings-2850f200-r23,write-loss-preack,AEP_FULL,none,ledger_postings,NO_READBACK,CALLER_REFERENCE,2502f76f-4ba7-40c4-b0d7-7c6e4573eb25,CONFIRMED_APPLIED,FIRED_CONFIRMED,1,0,1,3914.720383,,0,0,229.142,1
aep_full-none-ledger_postings-2850f200-r23,write-loss-preack,AEP_FULL,none,ledger_postings,NO_READBACK,CALLER_REFERENCE,73c6e4a1-2991-4dd1-9b2b-ef0727f9b503,CONFIRMED_APPLIED,FIRED_CONFIRMED,1,0,1,3933.165138,,0,0,229.142,1
aep_full-none-ledger_postings-2850f200-r23,write-loss-preack,AEP_FULL,none,ledger_postings,NO_READBACK,CALLER_REFERENCE,f3678925-30a8-45ed-9740-85358fcd938f,CONFIRMED_APPLIED,FIRED_CONFIRMED,1,0,1,3933.532382,,0,0,229.142,1
aep_full-none-ledger_postings-2850f200-r24,write-loss-preack,AEP_FULL,none,ledger_postings,NO_READBACK,CALLER_REFERENCE,d4bd46fc-6a2a-49fb-badb-55f6de466f16,CONFIRMED_APPLIED,FIRED_CONFIRMED,1,0,1,2985.799027,,0,0,148.542,1
aep_full-none-ledger_postings-2850f200-r24,write-loss-preack,AEP_FULL,none,ledger_postings,NO_READBACK,CALLER_REFERENCE,d0d8b5c2-5c76-4375-b529-d9fc8e8a01ef,CONFIRMED_APPLIED,FIRED_CONFIRMED,1,0,1,2409.928305,,0,0,148.542,1
aep_full-none-ledger_postings-2850f200-r24,write-loss-preack,AEP_FULL,none,ledger_postings,NO_READBACK,CALLER_REFERENCE,2fc081dc-6569-4f65-a314-8ef5baa5f274,CONFIRMED_APPLIED,FIRED_CONFIRMED,1,0,1,3013.598844,,0,0,148.542,1
aep_full-none-ledger_postings-2850f200-r24,write-loss-preack,AEP_FULL,none,ledger_postings,NO_READBACK,CALLER_REFERENCE,12901935-3202-4831-8390-41491215f4a3,CONFIRMED_APPLIED,FIRED_CONFIRMED,1,0,1,3011.728761,,0,0,148.542,1
aep_full-none-ledger_postings-2850f200-r24,write-loss-preack,AEP_FULL,none,ledger_postings,NO_READBACK,CALLER_REFERENCE,cf2fe259-95f7-4051-a808-49a504d383ea,DECLARED_AMBIGUOUS,PERMANENTLY_AMBIGUOUS,1,0,1,6026.531479,,0,0,148.542,1
aep_full-none-ledger_postings-2850f200-r24,write-loss-preack,AEP_FULL,none,ledger_postings,NO_READBACK,CALLER_REFERENCE,b36bac64-0e6c-47fa-95a1-b5e570691f63,CONFIRMED_APPLIED,FIRED_CONFIRMED,1,0,1,3017.199599,,0,0,148.542,1
aep_full-none-ledger_postings-2850f200-r24,write-loss-preack,AEP_FULL,none,ledger_postings,NO_READBACK,CALLER_REFERENCE,aeb81da9-31a7-4af6-872d-d34cec5edba1,CONFIRMED_APPLIED,FIRED_CONFIRMED,1,0,1,2701.331854,,0,0,148.542,1
aep_full-none-ledger_postings-2850f200-r24,write-loss-preack,AEP_FULL,none,ledger_postings,NO_READBACK,CALLER_REFERENCE,c84f7a95-2bd0-4d78-b196-90aa85035cc7,CONFIRMED_APPLIED,FIRED_CONFIRMED,1,0,1,4127.316097,,0,0,148.542,1
aep_full-none-ledger_postings-2850f200-r24,write-loss-preack,AEP_FULL,none,ledger_postings,NO_READBACK,CALLER_REFERENCE,e50f0b58-47f7-4bb2-b154-bb97afc34825,CONFIRMED_APPLIED,FIRED_CONFIRMED,1,0,1,4017.931132,,0,0,148.542,1
aep_full-none-ledger_postings-2850f200-r24,write-loss-preack,AEP_FULL,none,ledger_postings,NO_READBACK,CALLER_REFERENCE,76872ca0-e4aa-4bb4-8414-a89e63ce2d3c,CONFIRMED_APPLIED,FIRED_CONFIRMED,1,0,1,3113.913597,,0,0,148.542,1
aep_full-none-ledger_postings-2850f200-r25,write-loss-preack,AEP_FULL,none,ledger_postings,NO_READBACK,CALLER_REFERENCE,babd34f1-9774-43ad-b0bd-f50e9d4015fd,CONFIRMED_APPLIED,FIRED_CONFIRMED,1,0,1,3630.465754,,0,0,147.147,1
aep_full-none-ledger_postings-2850f200-r25,write-loss-preack,AEP_FULL,none,ledger_postings,NO_READBACK,CALLER_REFERENCE,36dec34f-6bb8-4230-a544-fe66f11c8ed2,CONFIRMED_APPLIED,FIRED_CONFIRMED,1,0,1,3118.277541,,0,0,147.147,1
aep_full-none-ledger_postings-2850f200-r25,write-loss-preack,AEP_FULL,none,ledger_postings,NO_READBACK,CALLER_REFERENCE,7ecc91f7-b121-48ea-a89a-08e622a400fa,CONFIRMED_APPLIED,FIRED_CONFIRMED,1,0,1,3019.609601,,0,0,147.147,1
aep_full-none-ledger_postings-2850f200-r25,write-loss-preack,AEP_FULL,none,ledger_postings,NO_READBACK,CALLER_REFERENCE,76f8fcac-06ff-41eb-ae3d-3946ae83c5b3,CONFIRMED_APPLIED,FIRED_CONFIRMED,1,0,1,2814.192081,,0,0,147.147,1
aep_full-none-ledger_postings-2850f200-r25,write-loss-preack,AEP_FULL,none,ledger_postings,NO_READBACK,CALLER_REFERENCE,b36def38-e8f0-4491-9e73-2f9b8109eeca,CONFIRMED_APPLIED,FIRED_CONFIRMED,1,0,1,3112.349586,,0,0,147.147,1
aep_full-none-ledger_postings-2850f200-r25,write-loss-preack,AEP_FULL,none,ledger_postings,NO_READBACK,CALLER_REFERENCE,bdfd3df2-67be-484d-a89f-40e69c8fc380,DECLARED_AMBIGUOUS,PERMANENTLY_AMBIGUOUS,1,0,1,6126.7841,,0,0,147.147,1
aep_full-none-ledger_postings-2850f200-r25,write-loss-preack,AEP_FULL,none,ledger_postings,NO_READBACK,CALLER_REFERENCE,66328039-3f16-41e7-b172-0ea15d056b58,CONFIRMED_APPLIED,FIRED_CONFIRMED,1,0,1,2911.037306,,0,0,147.147,1
aep_full-none-ledger_postings-2850f200-r25,write-loss-preack,AEP_FULL,none,ledger_postings,NO_READBACK,CALLER_REFERENCE,d6f1a8d2-17dd-44a4-b122-8eca8b8aad66,CONFIRMED_APPLIED,FIRED_CONFIRMED,1,0,1,3917.814483,,0,0,147.147,1
aep_full-none-ledger_postings-2850f200-r25,write-loss-preack,AEP_FULL,none,ledger_postings,NO_READBACK,CALLER_REFERENCE,6d798198-2fff-470d-a9e7-d4e06f6715b8,DECLARED_AMBIGUOUS,PERMANENTLY_AMBIGUOUS,1,0,1,6129.141224,,0,0,147.147,1
aep_full-none-ledger_postings-2850f200-r25,write-loss-preack,AEP_FULL,none,ledger_postings,NO_READBACK,CALLER_REFERENCE,383f19f6-3ac6-4331-ba70-f86b11262043,CONFIRMED_APPLIED,FIRED_CONFIRMED,1,0,1,3855.45661,,0,0,147.147,1
aep_full-none-ledger_postings-2850f200-r26,write-loss-preack,AEP_FULL,none,ledger_postings,NO_READBACK,CALLER_REFERENCE,eeddd1ab-a882-438f-baa9-33ea12b5f939,CONFIRMED_APPLIED,FIRED_CONFIRMED,1,0,1,3923.458321,,0,0,138.819,1
aep_full-none-ledger_postings-2850f200-r26,write-loss-preack,AEP_FULL,none,ledger_postings,NO_READBACK,CALLER_REFERENCE,8fd806c6-369a-4fe0-8971-1ab4628b4367,CONFIRMED_APPLIED,FIRED_CONFIRMED,1,0,1,3016.807781,,0,0,138.819,1
aep_full-none-ledger_postings-2850f200-r26,write-loss-preack,AEP_FULL,none,ledger_postings,NO_READBACK,CALLER_REFERENCE,52d1822b-3d7e-420f-84fb-e9136b45e6c1,DECLARED_AMBIGUOUS,PERMANENTLY_AMBIGUOUS,0,0,1,3003.515428,,0,0,138.819,1
aep_full-none-ledger_postings-2850f200-r26,write-loss-preack,AEP_FULL,none,ledger_postings,NO_READBACK,CALLER_REFERENCE,d37293e6-9e32-4814-b0f9-b95cfba66e7e,CONFIRMED_APPLIED,FIRED_CONFIRMED,1,0,1,2924.81384,,0,0,138.819,1
aep_full-none-ledger_postings-2850f200-r26,write-loss-preack,AEP_FULL,none,ledger_postings,NO_READBACK,CALLER_REFERENCE,640fd82c-5a1f-4a33-a74b-bd06e25fdb26,CONFIRMED_APPLIED,FIRED_CONFIRMED,1,0,1,3015.987849,,0,0,138.819,1
aep_full-none-ledger_postings-2850f200-r26,write-loss-preack,AEP_FULL,none,ledger_postings,NO_READBACK,CALLER_REFERENCE,16ea0842-7319-4a68-8f15-c4be56daf2e0,CONFIRMED_APPLIED,FIRED_CONFIRMED,1,0,1,2750.973347,,0,0,138.819,1
aep_full-none-ledger_postings-2850f200-r26,write-loss-preack,AEP_FULL,none,ledger_postings,NO_READBACK,CALLER_REFERENCE,ce0eeb42-437e-47d0-b1f5-82431b2700a3,CONFIRMED_APPLIED,FIRED_CONFIRMED,1,0,1,3179.254402,,0,0,138.819,1
aep_full-none-ledger_postings-2850f200-r26,write-loss-preack,AEP_FULL,none,ledger_postings,NO_READBACK,CALLER_REFERENCE,508e068b-5dc0-461d-a5ce-d7e6c359ed36,DECLARED_AMBIGUOUS,PERMANENTLY_AMBIGUOUS,1,0,1,6025.761044,,0,0,138.819,1
aep_full-none-ledger_postings-2850f200-r26,write-loss-preack,AEP_FULL,none,ledger_postings,NO_READBACK,CALLER_REFERENCE,966ae6a9-a0b5-4f21-8901-d766761ba8c0,CONFIRMED_APPLIED,FIRED_CONFIRMED,1,0,1,3013.748966,,0,0,138.819,1
aep_full-none-ledger_postings-2850f200-r26,write-loss-preack,AEP_FULL,none,ledger_postings,NO_READBACK,CALLER_REFERENCE,df77a8f1-068f-4b99-bd41-8f58714caebe,CONFIRMED_APPLIED,FIRED_CONFIRMED,1,0,1,3012.838194,,0,0,138.819,1
aep_full-none-ledger_postings-2850f200-r27,write-loss-preack,AEP_FULL,none,ledger_postings,NO_READBACK,CALLER_REFERENCE,be3c0d95-f83d-446c-8937-8b1d32662b47,DECLARED_AMBIGUOUS,PERMANENTLY_AMBIGUOUS,1,0,1,6335.94413,,0,0,134.446,1
aep_full-none-ledger_postings-2850f200-r27,write-loss-preack,AEP_FULL,none,ledger_postings,NO_READBACK,CALLER_REFERENCE,d889f193-39bf-44c1-bd76-d0ab72135177,CONFIRMED_APPLIED,FIRED_CONFIRMED,1,0,1,3114.560849,,0,0,134.446,1
aep_full-none-ledger_postings-2850f200-r27,write-loss-preack,AEP_FULL,none,ledger_postings,NO_READBACK,CALLER_REFERENCE,34129c72-08ea-48ef-8449-956e4fe92aab,CONFIRMED_APPLIED,FIRED_CONFIRMED,1,0,1,2797.213519,,0,0,134.446,1
aep_full-none-ledger_postings-2850f200-r27,write-loss-preack,AEP_FULL,none,ledger_postings,NO_READBACK,CALLER_REFERENCE,ae402c4e-b4f9-438f-acd3-3fac0aa26607,CONFIRMED_APPLIED,FIRED_CONFIRMED,1,0,1,3123.150843,,0,0,134.446,1
aep_full-none-ledger_postings-2850f200-r27,write-loss-preack,AEP_FULL,none,ledger_postings,NO_READBACK,CALLER_REFERENCE,161441d4-b13b-47fe-bafe-53b9c741fe11,CONFIRMED_APPLIED,FIRED_CONFIRMED,1,0,1,3015.517204,,0,0,134.446,1
aep_full-none-ledger_postings-2850f200-r27,write-loss-preack,AEP_FULL,none,ledger_postings,NO_READBACK,CALLER_REFERENCE,bfc40339-6194-43b3-a6de-72e22e2ed23e,CONFIRMED_APPLIED,FIRED_CONFIRMED,1,0,1,3915.223617,,0,0,134.446,1
aep_full-none-ledger_postings-2850f200-r27,write-loss-preack,AEP_FULL,none,ledger_postings,NO_READBACK,CALLER_REFERENCE,a384f03a-8d6a-4777-9f23-3435430832d6,CONFIRMED_APPLIED,FIRED_CONFIRMED,1,0,1,3114.509335,,0,0,134.446,1
aep_full-none-ledger_postings-2850f200-r27,write-loss-preack,AEP_FULL,none,ledger_postings,NO_READBACK,CALLER_REFERENCE,c4da5543-1620-450a-a083-bdcb044a4b9b,CONFIRMED_APPLIED,FIRED_CONFIRMED,1,0,1,2935.948626,,0,0,134.446,1
aep_full-none-ledger_postings-2850f200-r27,write-loss-preack,AEP_FULL,none,ledger_postings,NO_READBACK,CALLER_REFERENCE,4f95a5d3-8332-4185-9d2e-bfa258e38b55,CONFIRMED_APPLIED,FIRED_CONFIRMED,1,0,1,3798.410343,,0,0,134.446,1
aep_full-none-ledger_postings-2850f200-r27,write-loss-preack,AEP_FULL,none,ledger_postings,NO_READBACK,CALLER_REFERENCE,42dbab8d-9f46-45bd-a1d7-d37bb142668d,CONFIRMED_APPLIED,FIRED_CONFIRMED,1,0,1,4111.929455,,0,0,134.446,1
aep_full-none-ledger_postings-2850f200-r28,write-loss-preack,AEP_FULL,none,ledger_postings,NO_READBACK,CALLER_REFERENCE,0fb34432-620b-474a-9ba7-25685898754a,DECLARED_AMBIGUOUS,PERMANENTLY_AMBIGUOUS,1,0,1,6073.173862,,0,0,204.203,1
aep_full-none-ledger_postings-2850f200-r28,write-loss-preack,AEP_FULL,none,ledger_postings,NO_READBACK,CALLER_REFERENCE,03b156a5-7f4e-48de-bf26-736df494e635,DECLARED_AMBIGUOUS,PERMANENTLY_AMBIGUOUS,1,0,1,5421.776471,,0,0,204.203,1
aep_full-none-ledger_postings-2850f200-r28,write-loss-preack,AEP_FULL,none,ledger_postings,NO_READBACK,CALLER_REFERENCE,fe98063b-8759-4e2b-8c71-f41dfb027847,CONFIRMED_APPLIED,FIRED_CONFIRMED,1,0,1,3015.603234,,0,0,204.203,1
aep_full-none-ledger_postings-2850f200-r28,write-loss-preack,AEP_FULL,none,ledger_postings,NO_READBACK,CALLER_REFERENCE,69de3ead-bf8b-4f49-80f4-3dfd82145ab0,CONFIRMED_APPLIED,FIRED_CONFIRMED,1,0,1,2994.751721,,0,0,204.203,1
aep_full-none-ledger_postings-2850f200-r28,write-loss-preack,AEP_FULL,none,ledger_postings,NO_READBACK,CALLER_REFERENCE,8a532df3-9366-4e27-91fb-e3714db8e3bf,CONFIRMED_APPLIED,FIRED_CONFIRMED,1,0,1,2936.337603,,0,0,204.203,1
aep_full-none-ledger_postings-2850f200-r28,write-loss-preack,AEP_FULL,none,ledger_postings,NO_READBACK,CALLER_REFERENCE,1aeef0d4-8d9f-4649-a9f5-b7e916bce5ce,CONFIRMED_APPLIED,FIRED_CONFIRMED,1,0,1,3768.240209,,0,0,204.203,1
aep_full-none-ledger_postings-2850f200-r28,write-loss-preack,AEP_FULL,none,ledger_postings,NO_READBACK,CALLER_REFERENCE,276b6270-4aa8-44e7-b56c-345bb038afcf,CONFIRMED_APPLIED,FIRED_CONFIRMED,1,0,1,4171.785218,,0,0,204.203,1
aep_full-none-ledger_postings-2850f200-r28,write-loss-preack,AEP_FULL,none,ledger_postings,NO_READBACK,CALLER_REFERENCE,1652436c-b390-4a42-be79-1cf6c5e3bd16,CONFIRMED_APPLIED,FIRED_CONFIRMED,1,0,1,3019.344844,,0,0,204.203,1
aep_full-none-ledger_postings-2850f200-r28,write-loss-preack,AEP_FULL,none,ledger_postings,NO_READBACK,CALLER_REFERENCE,eab1f1d4-d19a-4bba-9cfb-a634b621f5a6,CONFIRMED_APPLIED,FIRED_CONFIRMED,1,0,1,2964.634294,,0,0,204.203,1
aep_full-none-ledger_postings-2850f200-r28,write-loss-preack,AEP_FULL,none,ledger_postings,NO_READBACK,CALLER_REFERENCE,da21b7f4-4959-443e-b487-ae1a5ef720e0,CONFIRMED_APPLIED,FIRED_CONFIRMED,1,0,1,3073.755846,,0,0,204.203,1
aep_full-none-ledger_postings-2850f200-r29,write-loss-preack,AEP_FULL,none,ledger_postings,NO_READBACK,CALLER_REFERENCE,b458b5ce-d097-4738-87b9-d1d015e79f9c,CONFIRMED_APPLIED,FIRED_CONFIRMED,1,0,1,3922.876282,,0,0,261.476,1
aep_full-none-ledger_postings-2850f200-r29,write-loss-preack,AEP_FULL,none,ledger_postings,NO_READBACK,CALLER_REFERENCE,9457ed43-e0af-494c-ae4d-0c59af7739c0,CONFIRMED_APPLIED,FIRED_CONFIRMED,1,0,1,2413.809206,,0,0,261.476,1
aep_full-none-ledger_postings-2850f200-r29,write-loss-preack,AEP_FULL,none,ledger_postings,NO_READBACK,CALLER_REFERENCE,99cc9057-9724-4fa2-b39e-f2d1ac7edf23,CONFIRMED_APPLIED,FIRED_CONFIRMED,1,0,1,3014.460153,,0,0,261.476,1
aep_full-none-ledger_postings-2850f200-r29,write-loss-preack,AEP_FULL,none,ledger_postings,NO_READBACK,CALLER_REFERENCE,f07d38b3-2b39-4918-b593-97fd83c9310f,CONFIRMED_APPLIED,FIRED_CONFIRMED,1,0,1,2639.076042,,0,0,261.476,1
aep_full-none-ledger_postings-2850f200-r29,write-loss-preack,AEP_FULL,none,ledger_postings,NO_READBACK,CALLER_REFERENCE,f433b4ef-2b66-426f-a2f5-35a451af4367,CONFIRMED_APPLIED,FIRED_CONFIRMED,1,0,1,3189.710159,,0,0,261.476,1
aep_full-none-ledger_postings-2850f200-r29,write-loss-preack,AEP_FULL,none,ledger_postings,NO_READBACK,CALLER_REFERENCE,9382387c-a7ed-4c02-9dea-528edc2608e6,CONFIRMED_APPLIED,FIRED_CONFIRMED,1,0,1,2915.784661,,0,0,261.476,1
aep_full-none-ledger_postings-2850f200-r29,write-loss-preack,AEP_FULL,none,ledger_postings,NO_READBACK,CALLER_REFERENCE,2f831e16-e378-41b1-81ec-dba207c39afe,CONFIRMED_APPLIED,FIRED_CONFIRMED,1,0,1,3191.854879,,0,0,261.476,1
aep_full-none-ledger_postings-2850f200-r29,write-loss-preack,AEP_FULL,none,ledger_postings,NO_READBACK,CALLER_REFERENCE,b92081ef-24bc-4bde-a6d6-1affc38e197f,CONFIRMED_APPLIED,FIRED_CONFIRMED,1,0,1,2842.779469,,0,0,261.476,1
aep_full-none-ledger_postings-2850f200-r29,write-loss-preack,AEP_FULL,none,ledger_postings,NO_READBACK,CALLER_REFERENCE,617e87aa-c6dd-4cc2-ab9e-002d705f30c6,CONFIRMED_APPLIED,FIRED_CONFIRMED,1,0,1,3115.493377,,0,0,261.476,1
aep_full-none-ledger_postings-2850f200-r29,write-loss-preack,AEP_FULL,none,ledger_postings,NO_READBACK,CALLER_REFERENCE,152f3d29-b1c2-4e49-bcec-0f7be9821b76,CONFIRMED_APPLIED,FIRED_CONFIRMED,1,0,1,3716.427115,,0,0,261.476,1
aep_full-none-ledger_postings-2850f200-r3,write-loss-preack,AEP_FULL,none,ledger_postings,NO_READBACK,CALLER_REFERENCE,ff01873e-1fdd-49ea-9cc6-8e06c035d9d1,DECLARED_AMBIGUOUS,PERMANENTLY_AMBIGUOUS,1,0,1,6569.481904,,0,0,143.189,1
aep_full-none-ledger_postings-2850f200-r3,write-loss-preack,AEP_FULL,none,ledger_postings,NO_READBACK,CALLER_REFERENCE,df83b2e1-998d-40a9-9e39-9c2f5d3d9e66,CONFIRMED_APPLIED,FIRED_CONFIRMED,1,0,1,2378.418251,,0,0,143.189,1
aep_full-none-ledger_postings-2850f200-r3,write-loss-preack,AEP_FULL,none,ledger_postings,NO_READBACK,CALLER_REFERENCE,c2328bb4-e92e-4441-ad63-a93db57bcce6,CONFIRMED_APPLIED,FIRED_CONFIRMED,1,0,1,3001.574078,,0,0,143.189,1
aep_full-none-ledger_postings-2850f200-r3,write-loss-preack,AEP_FULL,none,ledger_postings,NO_READBACK,CALLER_REFERENCE,b3d7c15a-7941-4b44-9923-d99f62d9fa94,CONFIRMED_APPLIED,FIRED_CONFIRMED,1,0,1,3053.153172,,0,0,143.189,1
aep_full-none-ledger_postings-2850f200-r3,write-loss-preack,AEP_FULL,none,ledger_postings,NO_READBACK,CALLER_REFERENCE,b1b72dbf-faa9-480a-bd8b-984c8f146945,DECLARED_AMBIGUOUS,PERMANENTLY_AMBIGUOUS,0,0,1,2967.561812,,0,0,143.189,1
aep_full-none-ledger_postings-2850f200-r3,write-loss-preack,AEP_FULL,none,ledger_postings,NO_READBACK,CALLER_REFERENCE,69855fc9-3bd4-4578-a147-6fc9181ab8dd,CONFIRMED_APPLIED,FIRED_CONFIRMED,1,0,1,3059.391721,,0,0,143.189,1
aep_full-none-ledger_postings-2850f200-r3,write-loss-preack,AEP_FULL,none,ledger_postings,NO_READBACK,CALLER_REFERENCE,6cd54728-3b6b-4763-a53a-d2ad015daa5f,CONFIRMED_APPLIED,FIRED_CONFIRMED,1,0,1,3785.660022,,0,0,143.189,1
aep_full-none-ledger_postings-2850f200-r3,write-loss-preack,AEP_FULL,none,ledger_postings,NO_READBACK,CALLER_REFERENCE,1429bc61-c044-4ba8-b344-d6eaa20fd499,CONFIRMED_APPLIED,FIRED_CONFIRMED,1,0,1,3919.892149,,0,0,143.189,1
aep_full-none-ledger_postings-2850f200-r3,write-loss-preack,AEP_FULL,none,ledger_postings,NO_READBACK,CALLER_REFERENCE,014f0e66-0ae7-4159-9094-b8e866faabd1,CONFIRMED_APPLIED,FIRED_CONFIRMED,1,0,1,3131.320889,,0,0,143.189,1
aep_full-none-ledger_postings-2850f200-r3,write-loss-preack,AEP_FULL,none,ledger_postings,NO_READBACK,CALLER_REFERENCE,5f141c68-8e86-47cc-b08e-755a1eefc033,CONFIRMED_APPLIED,FIRED_CONFIRMED,1,0,1,3030.677353,,0,0,143.189,1
aep_full-none-ledger_postings-2850f200-r4,write-loss-preack,AEP_FULL,none,ledger_postings,NO_READBACK,CALLER_REFERENCE,67ece053-c823-4804-aaaf-83784adb7eb7,CONFIRMED_APPLIED,FIRED_CONFIRMED,1,0,1,3244.984812,,0,0,147.516,1
aep_full-none-ledger_postings-2850f200-r4,write-loss-preack,AEP_FULL,none,ledger_postings,NO_READBACK,CALLER_REFERENCE,23b288e3-9ea6-4d8b-bb27-6731108b09c6,CONFIRMED_APPLIED,FIRED_CONFIRMED,1,0,1,2392.104467,,0,0,147.516,1
aep_full-none-ledger_postings-2850f200-r4,write-loss-preack,AEP_FULL,none,ledger_postings,NO_READBACK,CALLER_REFERENCE,adfee4da-8e2b-4d25-a46a-276769c1c133,CONFIRMED_APPLIED,FIRED_CONFIRMED,1,0,1,3032.552826,,0,0,147.516,1
aep_full-none-ledger_postings-2850f200-r4,write-loss-preack,AEP_FULL,none,ledger_postings,NO_READBACK,CALLER_REFERENCE,98ff1eae-317d-4c6c-a3ca-3c532250fbcd,CONFIRMED_APPLIED,FIRED_CONFIRMED,1,0,1,3012.600085,,0,0,147.516,1
aep_full-none-ledger_postings-2850f200-r4,write-loss-preack,AEP_FULL,none,ledger_postings,NO_READBACK,CALLER_REFERENCE,04a38772-b8f8-4ec4-85ab-572bac8371ad,DECLARED_AMBIGUOUS,PERMANENTLY_AMBIGUOUS,1,0,1,5923.488291,,0,0,147.516,1
aep_full-none-ledger_postings-2850f200-r4,write-loss-preack,AEP_FULL,none,ledger_postings,NO_READBACK,CALLER_REFERENCE,33773d07-190b-43df-b570-42f31b832a1e,DECLARED_AMBIGUOUS,PERMANENTLY_AMBIGUOUS,0,0,1,3916.851707,,0,0,147.516,1
aep_full-none-ledger_postings-2850f200-r4,write-loss-preack,AEP_FULL,none,ledger_postings,NO_READBACK,CALLER_REFERENCE,541c3c67-6c30-4f64-9dea-d0665ae2d745,CONFIRMED_APPLIED,FIRED_CONFIRMED,1,0,1,3940.188056,,0,0,147.516,1
aep_full-none-ledger_postings-2850f200-r4,write-loss-preack,AEP_FULL,none,ledger_postings,NO_READBACK,CALLER_REFERENCE,57e5330f-1451-4f34-979a-bc7803f011b0,CONFIRMED_APPLIED,FIRED_CONFIRMED,1,0,1,3095.472041,,0,0,147.516,1
aep_full-none-ledger_postings-2850f200-r4,write-loss-preack,AEP_FULL,none,ledger_postings,NO_READBACK,CALLER_REFERENCE,eeecfb11-957e-472f-8560-cc18ca68dbcd,CONFIRMED_APPLIED,FIRED_CONFIRMED,1,0,1,3115.355408,,0,0,147.516,1
aep_full-none-ledger_postings-2850f200-r4,write-loss-preack,AEP_FULL,none,ledger_postings,NO_READBACK,CALLER_REFERENCE,426abf4b-5725-4a4c-9f44-77dd33e28b3b,CONFIRMED_APPLIED,FIRED_CONFIRMED,1,0,1,3014.12329,,0,0,147.516,1
aep_full-none-ledger_postings-2850f200-r5,write-loss-preack,AEP_FULL,none,ledger_postings,NO_READBACK,CALLER_REFERENCE,406937bd-5442-4f48-9972-8293b0d3ee80,CONFIRMED_APPLIED,FIRED_CONFIRMED,1,0,1,3896.101303,,0,0,121.776,1
aep_full-none-ledger_postings-2850f200-r5,write-loss-preack,AEP_FULL,none,ledger_postings,NO_READBACK,CALLER_REFERENCE,18dc0d69-e160-4a83-a011-3b9a1d99799e,CONFIRMED_APPLIED,FIRED_CONFIRMED,1,0,1,3128.122184,,0,0,121.776,1
aep_full-none-ledger_postings-2850f200-r5,write-loss-preack,AEP_FULL,none,ledger_postings,NO_READBACK,CALLER_REFERENCE,1b208fef-0275-4d64-bc71-02a4e25a37e4,CONFIRMED_APPLIED,FIRED_CONFIRMED,1,0,1,2910.336941,,0,0,121.776,1
aep_full-none-ledger_postings-2850f200-r5,write-loss-preack,AEP_FULL,none,ledger_postings,NO_READBACK,CALLER_REFERENCE,a6f43320-3c68-46f5-b3da-7747473f12d0,CONFIRMED_APPLIED,FIRED_CONFIRMED,1,0,1,3313.736508,,0,0,121.776,1
aep_full-none-ledger_postings-2850f200-r5,write-loss-preack,AEP_FULL,none,ledger_postings,NO_READBACK,CALLER_REFERENCE,6f7adb41-217e-4139-8dc6-4247e8aed0f8,CONFIRMED_APPLIED,FIRED_CONFIRMED,1,0,1,2814.281243,,0,0,121.776,1
aep_full-none-ledger_postings-2850f200-r5,write-loss-preack,AEP_FULL,none,ledger_postings,NO_READBACK,CALLER_REFERENCE,8e1f6762-d0c1-41c2-8b31-4c726dcc14f5,CONFIRMED_APPLIED,FIRED_CONFIRMED,1,0,1,3112.753515,,0,0,121.776,1
aep_full-none-ledger_postings-2850f200-r5,write-loss-preack,AEP_FULL,none,ledger_postings,NO_READBACK,CALLER_REFERENCE,d5f33c9f-2cda-48db-bf41-08ea0d928cf0,CONFIRMED_APPLIED,FIRED_CONFIRMED,1,0,1,3870.449752,,0,0,121.776,1
aep_full-none-ledger_postings-2850f200-r5,write-loss-preack,AEP_FULL,none,ledger_postings,NO_READBACK,CALLER_REFERENCE,edbf6975-0751-417a-a78b-f38dfeb7e397,CONFIRMED_APPLIED,FIRED_CONFIRMED,1,0,1,3985.961266,,0,0,121.776,1
aep_full-none-ledger_postings-2850f200-r5,write-loss-preack,AEP_FULL,none,ledger_postings,NO_READBACK,CALLER_REFERENCE,6e5222ea-adf5-44dc-8692-5cbe7d4d6b85,CONFIRMED_APPLIED,FIRED_CONFIRMED,1,0,1,3040.850241,,0,0,121.776,1
aep_full-none-ledger_postings-2850f200-r5,write-loss-preack,AEP_FULL,none,ledger_postings,NO_READBACK,CALLER_REFERENCE,e4b35ea5-eebe-4979-aea1-b1dd79841e90,CONFIRMED_APPLIED,FIRED_CONFIRMED,1,0,1,3170.911966,,0,0,121.776,1
aep_full-none-ledger_postings-2850f200-r6,write-loss-preack,AEP_FULL,none,ledger_postings,NO_READBACK,CALLER_REFERENCE,b32f7ea9-78b4-4a93-a2c3-cc2b56c6d192,CONFIRMED_APPLIED,FIRED_CONFIRMED,1,0,1,2794.159023,,0,0,138.533,1
aep_full-none-ledger_postings-2850f200-r6,write-loss-preack,AEP_FULL,none,ledger_postings,NO_READBACK,CALLER_REFERENCE,c6dec1ea-0313-42ed-b466-e169aabfcaa4,CONFIRMED_APPLIED,FIRED_CONFIRMED,1,0,1,2611.16351,,0,0,138.533,1
aep_full-none-ledger_postings-2850f200-r6,write-loss-preack,AEP_FULL,none,ledger_postings,NO_READBACK,CALLER_REFERENCE,7af8a3e5-ddf2-41e9-b88e-4ebd65b2dbc3,CONFIRMED_APPLIED,FIRED_CONFIRMED,1,0,1,3115.206382,,0,0,138.533,1
aep_full-none-ledger_postings-2850f200-r6,write-loss-preack,AEP_FULL,none,ledger_postings,NO_READBACK,CALLER_REFERENCE,2830aa57-153e-4996-bf9c-76b961864f89,CONFIRMED_APPLIED,FIRED_CONFIRMED,1,0,1,3016.362958,,0,0,138.533,1
aep_full-none-ledger_postings-2850f200-r6,write-loss-preack,AEP_FULL,none,ledger_postings,NO_READBACK,CALLER_REFERENCE,d0348125-0306-4b52-a69d-b55fd30a3f04,CONFIRMED_APPLIED,FIRED_CONFIRMED,1,0,1,2714.097263,,0,0,138.533,1
aep_full-none-ledger_postings-2850f200-r6,write-loss-preack,AEP_FULL,none,ledger_postings,NO_READBACK,CALLER_REFERENCE,c33ae8c6-c760-4dba-bff3-b9b04047f825,CONFIRMED_APPLIED,FIRED_CONFIRMED,1,0,1,3215.184543,,0,0,138.533,1
aep_full-none-ledger_postings-2850f200-r6,write-loss-preack,AEP_FULL,none,ledger_postings,NO_READBACK,CALLER_REFERENCE,4eb196a6-c348-49e5-98a8-eaf6e3bcc75b,CONFIRMED_APPLIED,FIRED_CONFIRMED,1,0,1,3013.523594,,0,0,138.533,1
aep_full-none-ledger_postings-2850f200-r6,write-loss-preack,AEP_FULL,none,ledger_postings,NO_READBACK,CALLER_REFERENCE,eb246bab-9816-4de2-b766-a5c4c910a4d2,CONFIRMED_APPLIED,FIRED_CONFIRMED,1,0,1,3012.519652,,0,0,138.533,1
aep_full-none-ledger_postings-2850f200-r6,write-loss-preack,AEP_FULL,none,ledger_postings,NO_READBACK,CALLER_REFERENCE,d2881917-8630-4ee3-80a6-d95813011af3,CONFIRMED_APPLIED,FIRED_CONFIRMED,1,0,1,2809.568805,,0,0,138.533,1
aep_full-none-ledger_postings-2850f200-r6,write-loss-preack,AEP_FULL,none,ledger_postings,NO_READBACK,CALLER_REFERENCE,d8c94edd-70cd-4152-be18-99c9841ed4c1,CONFIRMED_APPLIED,FIRED_CONFIRMED,1,0,1,3111.135202,,0,0,138.533,1
aep_full-none-ledger_postings-2850f200-r7,write-loss-preack,AEP_FULL,none,ledger_postings,NO_READBACK,CALLER_REFERENCE,54066b9a-6616-4c10-aef1-6ae543359a45,CONFIRMED_APPLIED,FIRED_CONFIRMED,1,0,1,3961.045109,,0,0,177.14,1
aep_full-none-ledger_postings-2850f200-r7,write-loss-preack,AEP_FULL,none,ledger_postings,NO_READBACK,CALLER_REFERENCE,2fddadf5-eb3c-4cee-aa54-8a2782ff263a,CONFIRMED_APPLIED,FIRED_CONFIRMED,1,0,1,2819.428898,,0,0,177.14,1
aep_full-none-ledger_postings-2850f200-r7,write-loss-preack,AEP_FULL,none,ledger_postings,NO_READBACK,CALLER_REFERENCE,8c1ab2af-3feb-40ae-ba45-64b5ea658c70,CONFIRMED_APPLIED,FIRED_CONFIRMED,1,0,1,2717.45845,,0,0,177.14,1
aep_full-none-ledger_postings-2850f200-r7,write-loss-preack,AEP_FULL,none,ledger_postings,NO_READBACK,CALLER_REFERENCE,ebd604d7-5712-4801-9871-1d14da69863e,CONFIRMED_APPLIED,FIRED_CONFIRMED,1,0,1,3203.894612,,0,0,177.14,1
aep_full-none-ledger_postings-2850f200-r7,write-loss-preack,AEP_FULL,none,ledger_postings,NO_READBACK,CALLER_REFERENCE,5dfbf082-4fb2-42e8-989d-23b608beef08,CONFIRMED_APPLIED,FIRED_CONFIRMED,1,0,1,3023.905278,,0,0,177.14,1
aep_full-none-ledger_postings-2850f200-r7,write-loss-preack,AEP_FULL,none,ledger_postings,NO_READBACK,CALLER_REFERENCE,e65dd017-1196-40c2-88dd-b3a3ef155955,CONFIRMED_APPLIED,FIRED_CONFIRMED,1,0,1,3012.091677,,0,0,177.14,1
aep_full-none-ledger_postings-2850f200-r7,write-loss-preack,AEP_FULL,none,ledger_postings,NO_READBACK,CALLER_REFERENCE,e90ab97f-5999-46eb-b3a8-852020c7cfcc,CONFIRMED_APPLIED,FIRED_CONFIRMED,1,0,1,3915.243563,,0,0,177.14,1
aep_full-none-ledger_postings-2850f200-r7,write-loss-preack,AEP_FULL,none,ledger_postings,NO_READBACK,CALLER_REFERENCE,2cc5ef5d-d861-4058-94f3-da7af781895c,CONFIRMED_APPLIED,FIRED_CONFIRMED,1,0,1,4015.791306,,0,0,177.14,1
aep_full-none-ledger_postings-2850f200-r7,write-loss-preack,AEP_FULL,none,ledger_postings,NO_READBACK,CALLER_REFERENCE,7a8034c8-f1bf-4ac2-8674-46c550c35242,CONFIRMED_APPLIED,FIRED_CONFIRMED,1,0,1,3111.875536,,0,0,177.14,1
aep_full-none-ledger_postings-2850f200-r7,write-loss-preack,AEP_FULL,none,ledger_postings,NO_READBACK,CALLER_REFERENCE,48a42531-81c3-468e-84f2-f72a3b7f6ad4,DECLARED_AMBIGUOUS,PERMANENTLY_AMBIGUOUS,0,0,1,2711.344214,,0,0,177.14,1
aep_full-none-ledger_postings-2850f200-r8,write-loss-preack,AEP_FULL,none,ledger_postings,NO_READBACK,CALLER_REFERENCE,52678ca4-0d4c-463b-87f2-3f1a9c3c58d0,DECLARED_AMBIGUOUS,PERMANENTLY_AMBIGUOUS,1,0,1,6148.812244,,0,0,113.402,1
aep_full-none-ledger_postings-2850f200-r8,write-loss-preack,AEP_FULL,none,ledger_postings,NO_READBACK,CALLER_REFERENCE,bc4e7f2b-72a8-4f01-a2df-fbfe36f0bed2,DECLARED_AMBIGUOUS,PERMANENTLY_AMBIGUOUS,0,0,1,2613.884158,,0,0,113.402,1
aep_full-none-ledger_postings-2850f200-r8,write-loss-preack,AEP_FULL,none,ledger_postings,NO_READBACK,CALLER_REFERENCE,30847ddb-d3f1-48d6-bbb9-b5fe5aa87a99,CONFIRMED_APPLIED,FIRED_CONFIRMED,1,0,1,2885.698868,,0,0,113.402,1
aep_full-none-ledger_postings-2850f200-r8,write-loss-preack,AEP_FULL,none,ledger_postings,NO_READBACK,CALLER_REFERENCE,33173043-5122-470a-91da-41c0ff18bd37,DECLARED_AMBIGUOUS,PERMANENTLY_AMBIGUOUS,0,0,1,3139.608443,,0,0,113.402,1
aep_full-none-ledger_postings-2850f200-r8,write-loss-preack,AEP_FULL,none,ledger_postings,NO_READBACK,CALLER_REFERENCE,98575bbb-b129-4b4f-a4b2-d1982e0360a6,CONFIRMED_APPLIED,FIRED_CONFIRMED,1,0,1,2911.993681,,0,0,113.402,1
aep_full-none-ledger_postings-2850f200-r8,write-loss-preack,AEP_FULL,none,ledger_postings,NO_READBACK,CALLER_REFERENCE,d9effccd-27ae-4608-bdb5-313d32b9ed9d,CONFIRMED_APPLIED,FIRED_CONFIRMED,1,0,1,2797.931128,,0,0,113.402,1
aep_full-none-ledger_postings-2850f200-r8,write-loss-preack,AEP_FULL,none,ledger_postings,NO_READBACK,CALLER_REFERENCE,cfa4e014-99bc-4f5a-9793-647c9cc96d4d,CONFIRMED_APPLIED,FIRED_CONFIRMED,1,0,1,4065.597919,,0,0,113.402,1
aep_full-none-ledger_postings-2850f200-r8,write-loss-preack,AEP_FULL,none,ledger_postings,NO_READBACK,CALLER_REFERENCE,c757cdef-6590-4c10-af48-5a8e1abfd24f,CONFIRMED_APPLIED,FIRED_CONFIRMED,1,0,1,4076.036875,,0,0,113.402,1
aep_full-none-ledger_postings-2850f200-r8,write-loss-preack,AEP_FULL,none,ledger_postings,NO_READBACK,CALLER_REFERENCE,8bfe7767-408e-424e-bc94-16a1f81b7905,DECLARED_AMBIGUOUS,PERMANENTLY_AMBIGUOUS,0,0,1,4014.890924,,0,0,113.402,1
aep_full-none-ledger_postings-2850f200-r8,write-loss-preack,AEP_FULL,none,ledger_postings,NO_READBACK,CALLER_REFERENCE,6c97315f-90c1-4b42-906b-bafc2fc4a1c8,CONFIRMED_APPLIED,FIRED_CONFIRMED,1,0,1,3816.052802,,0,0,113.402,1
aep_full-none-ledger_postings-2850f200-r9,write-loss-preack,AEP_FULL,none,ledger_postings,NO_READBACK,CALLER_REFERENCE,c7b66b34-e80e-4dfe-88cf-cb1306fd0be2,CONFIRMED_APPLIED,FIRED_CONFIRMED,1,0,1,3362.701045,,0,0,125.487,1
aep_full-none-ledger_postings-2850f200-r9,write-loss-preack,AEP_FULL,none,ledger_postings,NO_READBACK,CALLER_REFERENCE,a4eecdcc-1060-4640-b3f8-c936d54f7945,CONFIRMED_APPLIED,FIRED_CONFIRMED,1,0,1,3113.868006,,0,0,125.487,1
aep_full-none-ledger_postings-2850f200-r9,write-loss-preack,AEP_FULL,none,ledger_postings,NO_READBACK,CALLER_REFERENCE,580c2cd6-b784-493c-b926-dd91cc705f10,CONFIRMED_APPLIED,FIRED_CONFIRMED,1,0,1,3114.403001,,0,0,125.487,1
aep_full-none-ledger_postings-2850f200-r9,write-loss-preack,AEP_FULL,none,ledger_postings,NO_READBACK,CALLER_REFERENCE,a8f4d553-25e3-4d02-a131-c8317616568c,CONFIRMED_APPLIED,FIRED_CONFIRMED,1,0,1,3014.242955,,0,0,125.487,1
aep_full-none-ledger_postings-2850f200-r9,write-loss-preack,AEP_FULL,none,ledger_postings,NO_READBACK,CALLER_REFERENCE,44e05b04-74f1-4d59-acd6-c500662e2e58,CONFIRMED_APPLIED,FIRED_CONFIRMED,1,0,1,3011.056223,,0,0,125.487,1
aep_full-none-ledger_postings-2850f200-r9,write-loss-preack,AEP_FULL,none,ledger_postings,NO_READBACK,CALLER_REFERENCE,1ad3cf82-faaa-45f3-845e-3712b705f090,CONFIRMED_APPLIED,FIRED_CONFIRMED,1,0,1,3011.088512,,0,0,125.487,1
aep_full-none-ledger_postings-2850f200-r9,write-loss-preack,AEP_FULL,none,ledger_postings,NO_READBACK,CALLER_REFERENCE,25a869ae-6ee1-4550-9ce9-9b5b90e34405,CONFIRMED_APPLIED,FIRED_CONFIRMED,1,0,1,3918.25084,,0,0,125.487,1
aep_full-none-ledger_postings-2850f200-r9,write-loss-preack,AEP_FULL,none,ledger_postings,NO_READBACK,CALLER_REFERENCE,c90c59fc-4d23-47a3-8a89-15b6b354194d,CONFIRMED_APPLIED,FIRED_CONFIRMED,1,0,1,3834.318715,,0,0,125.487,1
aep_full-none-ledger_postings-2850f200-r9,write-loss-preack,AEP_FULL,none,ledger_postings,NO_READBACK,CALLER_REFERENCE,58d3f38d-d9ae-45dd-8e23-96073f232746,CONFIRMED_APPLIED,FIRED_CONFIRMED,1,0,1,3107.774638,,0,0,125.487,1
aep_full-none-ledger_postings-2850f200-r9,write-loss-preack,AEP_FULL,none,ledger_postings,NO_READBACK,CALLER_REFERENCE,0b47ebbf-eb54-40e3-b0ca-87eaa0f9f691,CONFIRMED_APPLIED,FIRED_CONFIRMED,1,0,1,3830.595873,,0,0,125.487,1
b3_intent_no_barrier-none-ledger_postings-ca0f82ff-r0,write-loss-preack,B3_INTENT_NO_BARRIER,none,ledger_postings,NO_READBACK,CALLER_REFERENCE,2d9ca8a4-6974-4d1b-a4f9-a4424314f348,CONFIRMED_APPLIED,FIRED_CONFIRMED,1,0,1,2444.769614,,0,0,125.654,1
b3_intent_no_barrier-none-ledger_postings-ca0f82ff-r0,write-loss-preack,B3_INTENT_NO_BARRIER,none,ledger_postings,NO_READBACK,CALLER_REFERENCE,cef77ebf-de54-441d-88be-634f15f49f54,CONFIRMED_APPLIED,FIRED_CONFIRMED,1,0,1,2022.512898,,0,0,125.654,1
b3_intent_no_barrier-none-ledger_postings-ca0f82ff-r0,write-loss-preack,B3_INTENT_NO_BARRIER,none,ledger_postings,NO_READBACK,CALLER_REFERENCE,ecef24be-fa15-48d0-925f-c1c442784fe6,CONFIRMED_APPLIED,FIRED_CONFIRMED,1,0,1,2023.58463,,0,0,125.654,1
b3_intent_no_barrier-none-ledger_postings-ca0f82ff-r0,write-loss-preack,B3_INTENT_NO_BARRIER,none,ledger_postings,NO_READBACK,CALLER_REFERENCE,e4865765-2e1b-41e0-abba-784ab441e09e,CONFIRMED_APPLIED,FIRED_CONFIRMED,1,0,1,2041.106521,,0,0,125.654,1
b3_intent_no_barrier-none-ledger_postings-ca0f82ff-r0,write-loss-preack,B3_INTENT_NO_BARRIER,none,ledger_postings,NO_READBACK,CALLER_REFERENCE,f9801f38-53b4-49b0-bc61-952855ca2599,CONFIRMED_APPLIED,FIRED_CONFIRMED,1,0,1,2024.160723,,0,0,125.654,1
b3_intent_no_barrier-none-ledger_postings-ca0f82ff-r0,write-loss-preack,B3_INTENT_NO_BARRIER,none,ledger_postings,NO_READBACK,CALLER_REFERENCE,4061461e-c8d7-4032-b0b5-f761b0a3a054,CONFIRMED_APPLIED,FIRED_CONFIRMED,1,0,1,2023.963318,,0,0,125.654,1
b3_intent_no_barrier-none-ledger_postings-ca0f82ff-r0,write-loss-preack,B3_INTENT_NO_BARRIER,none,ledger_postings,NO_READBACK,CALLER_REFERENCE,04c49836-016d-4c41-92d3-68dfd1b9e06d,CONFIRMED_APPLIED,FIRED_CONFIRMED,1,0,1,2039.179397,,0,0,125.654,1
b3_intent_no_barrier-none-ledger_postings-ca0f82ff-r0,write-loss-preack,B3_INTENT_NO_BARRIER,none,ledger_postings,NO_READBACK,CALLER_REFERENCE,314b6002-6856-4335-bfa8-ebcd6e055638,CONFIRMED_APPLIED,FIRED_CONFIRMED,1,0,1,2047.430221,,0,0,125.654,1
b3_intent_no_barrier-none-ledger_postings-ca0f82ff-r0,write-loss-preack,B3_INTENT_NO_BARRIER,none,ledger_postings,NO_READBACK,CALLER_REFERENCE,cf0f6d22-ccf9-4c07-b211-70584677c2f7,CONFIRMED_APPLIED,FIRED_CONFIRMED,1,0,1,2044.115866,,0,0,125.654,1
b3_intent_no_barrier-none-ledger_postings-ca0f82ff-r0,write-loss-preack,B3_INTENT_NO_BARRIER,none,ledger_postings,NO_READBACK,CALLER_REFERENCE,cb229050-b7d5-4797-bfd7-08edc891c264,CONFIRMED_APPLIED,FIRED_CONFIRMED,1,0,1,2039.429006,,0,0,125.654,1
b3_intent_no_barrier-none-ledger_postings-ca0f82ff-r1,write-loss-preack,B3_INTENT_NO_BARRIER,none,ledger_postings,NO_READBACK,CALLER_REFERENCE,826613fb-f5ad-42a7-98f8-f3566d958fa1,CONFIRMED_APPLIED,FIRED_CONFIRMED,1,0,1,2485.766389,,0,0,167.598,1
b3_intent_no_barrier-none-ledger_postings-ca0f82ff-r1,write-loss-preack,B3_INTENT_NO_BARRIER,none,ledger_postings,NO_READBACK,CALLER_REFERENCE,13df7154-2a60-4dd8-b0f9-8712a69b2ceb,DECLARED_AMBIGUOUS,PERMANENTLY_AMBIGUOUS,0,0,1,2020.033164,,0,0,167.598,1
b3_intent_no_barrier-none-ledger_postings-ca0f82ff-r1,write-loss-preack,B3_INTENT_NO_BARRIER,none,ledger_postings,NO_READBACK,CALLER_REFERENCE,2a0b52fa-ea0e-4bd2-b5be-945e8617385d,CONFIRMED_APPLIED,FIRED_CONFIRMED,1,0,1,2020.548197,,0,0,167.598,1
b3_intent_no_barrier-none-ledger_postings-ca0f82ff-r1,write-loss-preack,B3_INTENT_NO_BARRIER,none,ledger_postings,NO_READBACK,CALLER_REFERENCE,4dcf1e13-fd8f-47e2-808d-90c75704534e,CONFIRMED_APPLIED,FIRED_CONFIRMED,1,0,1,2025.162341,,0,0,167.598,1
b3_intent_no_barrier-none-ledger_postings-ca0f82ff-r1,write-loss-preack,B3_INTENT_NO_BARRIER,none,ledger_postings,NO_READBACK,CALLER_REFERENCE,1ee34778-acbe-4771-aa1f-2a7602e455b6,CONFIRMED_APPLIED,FIRED_CONFIRMED,1,0,1,2035.202483,,0,0,167.598,1
b3_intent_no_barrier-none-ledger_postings-ca0f82ff-r1,write-loss-preack,B3_INTENT_NO_BARRIER,none,ledger_postings,NO_READBACK,CALLER_REFERENCE,31ff5300-5e17-4e03-961f-c70aacae0459,CONFIRMED_APPLIED,FIRED_CONFIRMED,1,0,1,2024.872342,,0,0,167.598,1
b3_intent_no_barrier-none-ledger_postings-ca0f82ff-r1,write-loss-preack,B3_INTENT_NO_BARRIER,none,ledger_postings,NO_READBACK,CALLER_REFERENCE,b9ed471f-a4eb-4d0e-a41f-878ea32fb6c4,DECLARED_AMBIGUOUS,PERMANENTLY_AMBIGUOUS,1,0,1,5027.665609,,0,0,167.598,1
b3_intent_no_barrier-none-ledger_postings-ca0f82ff-r1,write-loss-preack,B3_INTENT_NO_BARRIER,none,ledger_postings,NO_READBACK,CALLER_REFERENCE,4da8f213-3199-4e05-a891-19f39d78e69a,CONFIRMED_APPLIED,FIRED_CONFIRMED,1,0,1,2028.431316,,0,0,167.598,1
b3_intent_no_barrier-none-ledger_postings-ca0f82ff-r1,write-loss-preack,B3_INTENT_NO_BARRIER,none,ledger_postings,NO_READBACK,CALLER_REFERENCE,2acb4e60-3b96-4ba9-bb91-0c2e2b85a540,CONFIRMED_APPLIED,FIRED_CONFIRMED,1,0,1,2049.066911,,0,0,167.598,1
b3_intent_no_barrier-none-ledger_postings-ca0f82ff-r1,write-loss-preack,B3_INTENT_NO_BARRIER,none,ledger_postings,NO_READBACK,CALLER_REFERENCE,14a0502a-3eba-4dc2-92a7-66fbad8d5356,CONFIRMED_APPLIED,FIRED_CONFIRMED,1,0,1,2024.629052,,0,0,167.598,1
b3_intent_no_barrier-none-ledger_postings-ca0f82ff-r10,write-loss-preack,B3_INTENT_NO_BARRIER,none,ledger_postings,NO_READBACK,CALLER_REFERENCE,928124da-ae79-479f-985e-be41daf5c45a,CONFIRMED_APPLIED,FIRED_CONFIRMED,1,0,1,2747.224267,,0,0,170.336,1
b3_intent_no_barrier-none-ledger_postings-ca0f82ff-r10,write-loss-preack,B3_INTENT_NO_BARRIER,none,ledger_postings,NO_READBACK,CALLER_REFERENCE,a659484a-f534-40e2-85b8-ded936ec4a85,CONFIRMED_APPLIED,FIRED_CONFIRMED,1,0,1,2039.766866,,0,0,170.336,1
b3_intent_no_barrier-none-ledger_postings-ca0f82ff-r10,write-loss-preack,B3_INTENT_NO_BARRIER,none,ledger_postings,NO_READBACK,CALLER_REFERENCE,5474b6b4-c441-47c7-aeb6-1d27fb70ef3e,DECLARED_AMBIGUOUS,PERMANENTLY_AMBIGUOUS,0,0,1,2033.97701,,0,0,170.336,1
b3_intent_no_barrier-none-ledger_postings-ca0f82ff-r10,write-loss-preack,B3_INTENT_NO_BARRIER,none,ledger_postings,NO_READBACK,CALLER_REFERENCE,f0b25c5e-1c7a-4d7b-852e-6979e0fe905c,CONFIRMED_APPLIED,FIRED_CONFIRMED,1,0,1,2036.440988,,0,0,170.336,1
b3_intent_no_barrier-none-ledger_postings-ca0f82ff-r10,write-loss-preack,B3_INTENT_NO_BARRIER,none,ledger_postings,NO_READBACK,CALLER_REFERENCE,dcee61a5-0c44-410a-8f3b-fe7d24ac6249,CONFIRMED_APPLIED,FIRED_CONFIRMED,1,0,1,2038.347296,,0,0,170.336,1
b3_intent_no_barrier-none-ledger_postings-ca0f82ff-r10,write-loss-preack,B3_INTENT_NO_BARRIER,none,ledger_postings,NO_READBACK,CALLER_REFERENCE,9ef3a5d4-caa0-48b1-a512-17765bd64ab4,CONFIRMED_APPLIED,FIRED_CONFIRMED,1,0,1,2060.209388,,0,0,170.336,1
b3_intent_no_barrier-none-ledger_postings-ca0f82ff-r10,write-loss-preack,B3_INTENT_NO_BARRIER,none,ledger_postings,NO_READBACK,CALLER_REFERENCE,9627c75e-9338-4380-94af-c40fd0bc7996,DECLARED_AMBIGUOUS,PERMANENTLY_AMBIGUOUS,1,0,1,5035.936332,,0,0,170.336,1
b3_intent_no_barrier-none-ledger_postings-ca0f82ff-r10,write-loss-preack,B3_INTENT_NO_BARRIER,none,ledger_postings,NO_READBACK,CALLER_REFERENCE,eb4910a0-8cfd-4abc-9e91-6ec244183fa0,CONFIRMED_APPLIED,FIRED_CONFIRMED,1,0,1,2063.165049,,0,0,170.336,1
b3_intent_no_barrier-none-ledger_postings-ca0f82ff-r10,write-loss-preack,B3_INTENT_NO_BARRIER,none,ledger_postings,NO_READBACK,CALLER_REFERENCE,180488ec-eebf-4075-9a27-428410ee54da,CONFIRMED_APPLIED,FIRED_CONFIRMED,1,0,1,2056.183934,,0,0,170.336,1
b3_intent_no_barrier-none-ledger_postings-ca0f82ff-r10,write-loss-preack,B3_INTENT_NO_BARRIER,none,ledger_postings,NO_READBACK,CALLER_REFERENCE,9116c51b-6c63-4c10-a92e-370af6037e41,DECLARED_AMBIGUOUS,PERMANENTLY_AMBIGUOUS,1,0,1,5061.01554,,0,0,170.336,1
b3_intent_no_barrier-none-ledger_postings-ca0f82ff-r11,write-loss-preack,B3_INTENT_NO_BARRIER,none,ledger_postings,NO_READBACK,CALLER_REFERENCE,cc3c2306-2168-483e-a74f-0f6c0d31c9fa,CONFIRMED_APPLIED,FIRED_CONFIRMED,1,0,1,2964.316013,,0,0,204.085,1
b3_intent_no_barrier-none-ledger_postings-ca0f82ff-r11,write-loss-preack,B3_INTENT_NO_BARRIER,none,ledger_postings,NO_READBACK,CALLER_REFERENCE,c30f306e-2900-479c-af15-70680bdb894b,CONFIRMED_APPLIED,FIRED_CONFIRMED,1,0,1,2048.512512,,0,0,204.085,1
b3_intent_no_barrier-none-ledger_postings-ca0f82ff-r11,write-loss-preack,B3_INTENT_NO_BARRIER,none,ledger_postings,NO_READBACK,CALLER_REFERENCE,827de06f-4d4b-49dc-a766-1d54c7d146bf,CONFIRMED_APPLIED,FIRED_CONFIRMED,1,0,1,2046.539759,,0,0,204.085,1
b3_intent_no_barrier-none-ledger_postings-ca0f82ff-r11,write-loss-preack,B3_INTENT_NO_BARRIER,none,ledger_postings,NO_READBACK,CALLER_REFERENCE,b234767b-dcb5-4922-b69a-6bef31ca6b25,DECLARED_AMBIGUOUS,PERMANENTLY_AMBIGUOUS,1,0,1,5049.556421,,0,0,204.085,1
b3_intent_no_barrier-none-ledger_postings-ca0f82ff-r11,write-loss-preack,B3_INTENT_NO_BARRIER,none,ledger_postings,NO_READBACK,CALLER_REFERENCE,f91233cb-f759-4fdb-8908-39210f435716,DECLARED_AMBIGUOUS,PERMANENTLY_AMBIGUOUS,0,0,1,2033.49704,,0,0,204.085,1
b3_intent_no_barrier-none-ledger_postings-ca0f82ff-r11,write-loss-preack,B3_INTENT_NO_BARRIER,none,ledger_postings,NO_READBACK,CALLER_REFERENCE,eb0daa0f-48c9-450f-ae7d-d1ffd64ddfdb,CONFIRMED_APPLIED,FIRED_CONFIRMED,1,0,1,2045.655733,,0,0,204.085,1
b3_intent_no_barrier-none-ledger_postings-ca0f82ff-r11,write-loss-preack,B3_INTENT_NO_BARRIER,none,ledger_postings,NO_READBACK,CALLER_REFERENCE,c48e8b6b-4413-4996-94cc-ee10d793cec0,CONFIRMED_APPLIED,FIRED_CONFIRMED,1,0,1,2076.957206,,0,0,204.085,1
b3_intent_no_barrier-none-ledger_postings-ca0f82ff-r11,write-loss-preack,B3_INTENT_NO_BARRIER,none,ledger_postings,NO_READBACK,CALLER_REFERENCE,b00dbdf3-7386-4763-882a-1823934f244b,DECLARED_AMBIGUOUS,PERMANENTLY_AMBIGUOUS,0,0,1,2045.698221,,0,0,204.085,1
b3_intent_no_barrier-none-ledger_postings-ca0f82ff-r11,write-loss-preack,B3_INTENT_NO_BARRIER,none,ledger_postings,NO_READBACK,CALLER_REFERENCE,4f2fbf1f-c656-49a1-a359-6e7fd86691a3,CONFIRMED_APPLIED,FIRED_CONFIRMED,1,0,1,2046.997268,,0,0,204.085,1
b3_intent_no_barrier-none-ledger_postings-ca0f82ff-r11,write-loss-preack,B3_INTENT_NO_BARRIER,none,ledger_postings,NO_READBACK,CALLER_REFERENCE,4069c4be-560f-48bf-a11e-163364b25ba6,CONFIRMED_APPLIED,FIRED_CONFIRMED,1,0,1,2060.24068,,0,0,204.085,1
b3_intent_no_barrier-none-ledger_postings-ca0f82ff-r12,write-loss-preack,B3_INTENT_NO_BARRIER,none,ledger_postings,NO_READBACK,CALLER_REFERENCE,aa6704c3-c24b-4f5c-b5b1-22609dc8a44f,CONFIRMED_APPLIED,FIRED_CONFIRMED,1,0,1,2838.444638,,0,0,197.479,1
b3_intent_no_barrier-none-ledger_postings-ca0f82ff-r12,write-loss-preack,B3_INTENT_NO_BARRIER,none,ledger_postings,NO_READBACK,CALLER_REFERENCE,a08b7d1c-6132-403f-babb-f31de4af5e58,DECLARED_AMBIGUOUS,PERMANENTLY_AMBIGUOUS,1,0,1,5033.336069,,0,0,197.479,1
b3_intent_no_barrier-none-ledger_postings-ca0f82ff-r12,write-loss-preack,B3_INTENT_NO_BARRIER,none,ledger_postings,NO_READBACK,CALLER_REFERENCE,55d15cef-42c2-4c21-a33a-5a6d3fd729ab,CONFIRMED_APPLIED,FIRED_CONFIRMED,1,0,1,2033.766741,,0,0,197.479,1
b3_intent_no_barrier-none-ledger_postings-ca0f82ff-r12,write-loss-preack,B3_INTENT_NO_BARRIER,none,ledger_postings,NO_READBACK,CALLER_REFERENCE,18e84cc6-e65c-44d9-b6b6-64ee607aab17,CONFIRMED_APPLIED,FIRED_CONFIRMED,1,0,1,2043.614736,,0,0,197.479,1
b3_intent_no_barrier-none-ledger_postings-ca0f82ff-r12,write-loss-preack,B3_INTENT_NO_BARRIER,none,ledger_postings,NO_READBACK,CALLER_REFERENCE,abb01a00-d5bf-4493-976c-3a870004c67c,CONFIRMED_APPLIED,FIRED_CONFIRMED,1,0,1,2052.838773,,0,0,197.479,1
b3_intent_no_barrier-none-ledger_postings-ca0f82ff-r12,write-loss-preack,B3_INTENT_NO_BARRIER,none,ledger_postings,NO_READBACK,CALLER_REFERENCE,dbcb785b-ef10-40a2-8593-97e458295f64,CONFIRMED_APPLIED,FIRED_CONFIRMED,1,0,1,2037.912673,,0,0,197.479,1
b3_intent_no_barrier-none-ledger_postings-ca0f82ff-r12,write-loss-preack,B3_INTENT_NO_BARRIER,none,ledger_postings,NO_READBACK,CALLER_REFERENCE,380964dc-cef3-40c8-8b6a-ee36f5ebf8db,CONFIRMED_APPLIED,FIRED_CONFIRMED,1,0,1,2033.089686,,0,0,197.479,1
b3_intent_no_barrier-none-ledger_postings-ca0f82ff-r12,write-loss-preack,B3_INTENT_NO_BARRIER,none,ledger_postings,NO_READBACK,CALLER_REFERENCE,05691ab1-16cb-4fa6-9198-1ca7280378de,CONFIRMED_APPLIED,FIRED_CONFIRMED,1,0,1,2028.652437,,0,0,197.479,1
b3_intent_no_barrier-none-ledger_postings-ca0f82ff-r12,write-loss-preack,B3_INTENT_NO_BARRIER,none,ledger_postings,NO_READBACK,CALLER_REFERENCE,771432f5-92a8-40af-8802-54288585bbe8,CONFIRMED_APPLIED,FIRED_CONFIRMED,1,0,1,2036.20456,,0,0,197.479,1
b3_intent_no_barrier-none-ledger_postings-ca0f82ff-r12,write-loss-preack,B3_INTENT_NO_BARRIER,none,ledger_postings,NO_READBACK,CALLER_REFERENCE,f5a508b9-c7e1-40f0-8a30-9296d726d265,CONFIRMED_APPLIED,FIRED_CONFIRMED,1,0,1,2034.521753,,0,0,197.479,1
b3_intent_no_barrier-none-ledger_postings-ca0f82ff-r13,write-loss-preack,B3_INTENT_NO_BARRIER,none,ledger_postings,NO_READBACK,CALLER_REFERENCE,67ccef63-d15b-480d-b937-8bfb2cd877c0,CONFIRMED_APPLIED,FIRED_CONFIRMED,1,0,1,2998.042101,,0,0,187.475,1
b3_intent_no_barrier-none-ledger_postings-ca0f82ff-r13,write-loss-preack,B3_INTENT_NO_BARRIER,none,ledger_postings,NO_READBACK,CALLER_REFERENCE,e0c7d8c1-189f-4ff9-9ce3-ddcee051b225,CONFIRMED_APPLIED,FIRED_CONFIRMED,1,0,1,2058.296261,,0,0,187.475,1
b3_intent_no_barrier-none-ledger_postings-ca0f82ff-r13,write-loss-preack,B3_INTENT_NO_BARRIER,none,ledger_postings,NO_READBACK,CALLER_REFERENCE,3efa1136-b8f3-41dc-b845-eeb97a2a0ef8,CONFIRMED_APPLIED,FIRED_CONFIRMED,1,0,1,2053.568036,,0,0,187.475,1
b3_intent_no_barrier-none-ledger_postings-ca0f82ff-r13,write-loss-preack,B3_INTENT_NO_BARRIER,none,ledger_postings,NO_READBACK,CALLER_REFERENCE,a2ad751d-bef9-4786-9caf-0a722cc9830b,CONFIRMED_APPLIED,FIRED_CONFIRMED,1,0,1,2053.491102,,0,0,187.475,1
b3_intent_no_barrier-none-ledger_postings-ca0f82ff-r13,write-loss-preack,B3_INTENT_NO_BARRIER,none,ledger_postings,NO_READBACK,CALLER_REFERENCE,c32b7c1b-1894-467b-8d00-d005aae7dec6,DECLARED_AMBIGUOUS,PERMANENTLY_AMBIGUOUS,0,0,1,2030.558145,,0,0,187.475,1
b3_intent_no_barrier-none-ledger_postings-ca0f82ff-r13,write-loss-preack,B3_INTENT_NO_BARRIER,none,ledger_postings,NO_READBACK,CALLER_REFERENCE,951b4adc-dfe6-4181-890b-e34b2e9eae8a,CONFIRMED_APPLIED,FIRED_CONFIRMED,1,0,1,2037.804764,,0,0,187.475,1
b3_intent_no_barrier-none-ledger_postings-ca0f82ff-r13,write-loss-preack,B3_INTENT_NO_BARRIER,none,ledger_postings,NO_READBACK,CALLER_REFERENCE,edf150c3-25e5-4a3c-a60c-a487c288b581,CONFIRMED_APPLIED,FIRED_CONFIRMED,1,0,1,2048.890804,,0,0,187.475,1
b3_intent_no_barrier-none-ledger_postings-ca0f82ff-r13,write-loss-preack,B3_INTENT_NO_BARRIER,none,ledger_postings,NO_READBACK,CALLER_REFERENCE,85cfe394-5ca2-4a7d-9a13-932428ddf96e,DECLARED_AMBIGUOUS,PERMANENTLY_AMBIGUOUS,1,0,1,5061.999274,,0,0,187.475,1
b3_intent_no_barrier-none-ledger_postings-ca0f82ff-r13,write-loss-preack,B3_INTENT_NO_BARRIER,none,ledger_postings,NO_READBACK,CALLER_REFERENCE,fffe82bb-40f1-40f6-9eb0-92054576c09d,DECLARED_AMBIGUOUS,PERMANENTLY_AMBIGUOUS,1,0,1,5115.109642,,0,0,187.475,1
b3_intent_no_barrier-none-ledger_postings-ca0f82ff-r13,write-loss-preack,B3_INTENT_NO_BARRIER,none,ledger_postings,NO_READBACK,CALLER_REFERENCE,01219426-249f-43be-8e60-17e8e41dbcd8,CONFIRMED_APPLIED,FIRED_CONFIRMED,1,0,1,2194.467348,,0,0,187.475,1
b3_intent_no_barrier-none-ledger_postings-ca0f82ff-r14,write-loss-preack,B3_INTENT_NO_BARRIER,none,ledger_postings,NO_READBACK,CALLER_REFERENCE,6c693595-d142-43c9-ac17-f25aa1746f69,DECLARED_AMBIGUOUS,PERMANENTLY_AMBIGUOUS,1,0,1,5632.807636,,0,0,158.697,1
b3_intent_no_barrier-none-ledger_postings-ca0f82ff-r14,write-loss-preack,B3_INTENT_NO_BARRIER,none,ledger_postings,NO_READBACK,CALLER_REFERENCE,a0a6796b-8b4b-4460-8191-9091142d32bb,CONFIRMED_APPLIED,FIRED_CONFIRMED,1,0,1,2037.08748,,0,0,158.697,1
b3_intent_no_barrier-none-ledger_postings-ca0f82ff-r14,write-loss-preack,B3_INTENT_NO_BARRIER,none,ledger_postings,NO_READBACK,CALLER_REFERENCE,5cd2386a-a6c6-4835-8601-34ab736980c9,CONFIRMED_APPLIED,FIRED_CONFIRMED,1,0,1,2050.5249,,0,0,158.697,1
b3_intent_no_barrier-none-ledger_postings-ca0f82ff-r14,write-loss-preack,B3_INTENT_NO_BARRIER,none,ledger_postings,NO_READBACK,CALLER_REFERENCE,a9e39c01-5fc9-4026-98f9-911dfe8a5683,DECLARED_AMBIGUOUS,PERMANENTLY_AMBIGUOUS,1,0,1,5050.500016,,0,0,158.697,1
b3_intent_no_barrier-none-ledger_postings-ca0f82ff-r14,write-loss-preack,B3_INTENT_NO_BARRIER,none,ledger_postings,NO_READBACK,CALLER_REFERENCE,8f65cf0a-d515-4cd8-ad78-32d519ee7d06,DECLARED_AMBIGUOUS,PERMANENTLY_AMBIGUOUS,0,0,1,2035.340817,,0,0,158.697,1
b3_intent_no_barrier-none-ledger_postings-ca0f82ff-r14,write-loss-preack,B3_INTENT_NO_BARRIER,none,ledger_postings,NO_READBACK,CALLER_REFERENCE,b94a8746-fc79-4a5e-85e6-2519ab84bbd5,CONFIRMED_APPLIED,FIRED_CONFIRMED,1,0,1,2032.617784,,0,0,158.697,1
b3_intent_no_barrier-none-ledger_postings-ca0f82ff-r14,write-loss-preack,B3_INTENT_NO_BARRIER,none,ledger_postings,NO_READBACK,CALLER_REFERENCE,1b1a64b4-4f5a-48b2-b78a-7cd402d5a850,CONFIRMED_APPLIED,FIRED_CONFIRMED,1,0,1,2029.53557,,0,0,158.697,1
b3_intent_no_barrier-none-ledger_postings-ca0f82ff-r14,write-loss-preack,B3_INTENT_NO_BARRIER,none,ledger_postings,NO_READBACK,CALLER_REFERENCE,0b6e750b-8ba8-44c6-b61e-692de4ee133c,CONFIRMED_APPLIED,FIRED_CONFIRMED,1,0,1,2043.842483,,0,0,158.697,1
b3_intent_no_barrier-none-ledger_postings-ca0f82ff-r14,write-loss-preack,B3_INTENT_NO_BARRIER,none,ledger_postings,NO_READBACK,CALLER_REFERENCE,ed451b0e-ad1c-466a-a427-bda3b930b438,DECLARED_AMBIGUOUS,PERMANENTLY_AMBIGUOUS,1,0,1,5048.174637,,0,0,158.697,1
b3_intent_no_barrier-none-ledger_postings-ca0f82ff-r14,write-loss-preack,B3_INTENT_NO_BARRIER,none,ledger_postings,NO_READBACK,CALLER_REFERENCE,6a60be9c-7ac6-4a7e-b384-efa876e36f3c,CONFIRMED_APPLIED,FIRED_CONFIRMED,1,0,1,2051.486729,,0,0,158.697,1
b3_intent_no_barrier-none-ledger_postings-ca0f82ff-r15,write-loss-preack,B3_INTENT_NO_BARRIER,none,ledger_postings,NO_READBACK,CALLER_REFERENCE,a2259634-0c9d-4559-bac4-3f6c341a5e10,CONFIRMED_APPLIED,FIRED_CONFIRMED,1,0,1,2540.95039,,0,0,169.638,1
b3_intent_no_barrier-none-ledger_postings-ca0f82ff-r15,write-loss-preack,B3_INTENT_NO_BARRIER,none,ledger_postings,NO_READBACK,CALLER_REFERENCE,99c12fd8-866b-40c3-b673-5acbd574c8ba,CONFIRMED_APPLIED,FIRED_CONFIRMED,1,0,1,2023.560189,,0,0,169.638,1
b3_intent_no_barrier-none-ledger_postings-ca0f82ff-r15,write-loss-preack,B3_INTENT_NO_BARRIER,none,ledger_postings,NO_READBACK,CALLER_REFERENCE,b3188a6a-eb23-4aa5-98b9-e6a127ee0d5f,DECLARED_AMBIGUOUS,PERMANENTLY_AMBIGUOUS,1,0,1,5031.972333,,0,0,169.638,1
b3_intent_no_barrier-none-ledger_postings-ca0f82ff-r15,write-loss-preack,B3_INTENT_NO_BARRIER,none,ledger_postings,NO_READBACK,CALLER_REFERENCE,ae60d660-1ff1-483d-8e05-9f08e8144215,CONFIRMED_APPLIED,FIRED_CONFIRMED,1,0,1,2021.274786,,0,0,169.638,1
b3_intent_no_barrier-none-ledger_postings-ca0f82ff-r15,write-loss-preack,B3_INTENT_NO_BARRIER,none,ledger_postings,NO_READBACK,CALLER_REFERENCE,0d83d0ea-2cf0-4182-b60e-9de7fdb2991b,CONFIRMED_APPLIED,FIRED_CONFIRMED,1,0,1,2021.325706,,0,0,169.638,1
b3_intent_no_barrier-none-ledger_postings-ca0f82ff-r15,write-loss-preack,B3_INTENT_NO_BARRIER,none,ledger_postings,NO_READBACK,CALLER_REFERENCE,11ccde87-d30d-468c-9fdb-4d6a5e84215c,CONFIRMED_APPLIED,FIRED_CONFIRMED,1,0,1,2027.004956,,0,0,169.638,1
b3_intent_no_barrier-none-ledger_postings-ca0f82ff-r15,write-loss-preack,B3_INTENT_NO_BARRIER,none,ledger_postings,NO_READBACK,CALLER_REFERENCE,5324e84d-2d5a-4bae-9a1c-e5f85dd4190e,CONFIRMED_APPLIED,FIRED_CONFIRMED,1,0,1,2026.652115,,0,0,169.638,1
b3_intent_no_barrier-none-ledger_postings-ca0f82ff-r15,write-loss-preack,B3_INTENT_NO_BARRIER,none,ledger_postings,NO_READBACK,CALLER_REFERENCE,4d9a2599-34c9-4431-af1a-d172473bb0d0,CONFIRMED_APPLIED,FIRED_CONFIRMED,1,0,1,2041.019826,,0,0,169.638,1
b3_intent_no_barrier-none-ledger_postings-ca0f82ff-r15,write-loss-preack,B3_INTENT_NO_BARRIER,none,ledger_postings,NO_READBACK,CALLER_REFERENCE,6c53c208-7b4a-42f0-bf3a-f575895ab704,DECLARED_AMBIGUOUS,PERMANENTLY_AMBIGUOUS,1,0,1,5024.173304,,0,0,169.638,1
b3_intent_no_barrier-none-ledger_postings-ca0f82ff-r15,write-loss-preack,B3_INTENT_NO_BARRIER,none,ledger_postings,NO_READBACK,CALLER_REFERENCE,1e0ef432-e076-4b93-9121-e7b95365a3c9,CONFIRMED_APPLIED,FIRED_CONFIRMED,1,0,1,2026.933393,,0,0,169.638,1
b3_intent_no_barrier-none-ledger_postings-ca0f82ff-r16,write-loss-preack,B3_INTENT_NO_BARRIER,none,ledger_postings,NO_READBACK,CALLER_REFERENCE,c7973858-7ca1-4e0e-8551-bf1802e3ca87,CONFIRMED_APPLIED,FIRED_CONFIRMED,1,0,1,2441.63718,,0,0,131.264,1
b3_intent_no_barrier-none-ledger_postings-ca0f82ff-r16,write-loss-preack,B3_INTENT_NO_BARRIER,none,ledger_postings,NO_READBACK,CALLER_REFERENCE,dc4068e3-024b-4c1e-a3e9-272f743fb11e,CONFIRMED_APPLIED,FIRED_CONFIRMED,1,0,1,2028.350617,,0,0,131.264,1
b3_intent_no_barrier-none-ledger_postings-ca0f82ff-r16,write-loss-preack,B3_INTENT_NO_BARRIER,none,ledger_postings,NO_READBACK,CALLER_REFERENCE,d74d34a6-2d25-4974-a398-32820dd79e3c,CONFIRMED_APPLIED,FIRED_CONFIRMED,1,0,1,2031.501903,,0,0,131.264,1
b3_intent_no_barrier-none-ledger_postings-ca0f82ff-r16,write-loss-preack,B3_INTENT_NO_BARRIER,none,ledger_postings,NO_READBACK,CALLER_REFERENCE,d59c3cff-6f6c-4662-b771-29f54a9de5ba,CONFIRMED_APPLIED,FIRED_CONFIRMED,1,0,1,2025.087309,,0,0,131.264,1
b3_intent_no_barrier-none-ledger_postings-ca0f82ff-r16,write-loss-preack,B3_INTENT_NO_BARRIER,none,ledger_postings,NO_READBACK,CALLER_REFERENCE,e2c34215-7566-4e87-a468-3c4e9dde933d,CONFIRMED_APPLIED,FIRED_CONFIRMED,1,0,1,2026.506373,,0,0,131.264,1
b3_intent_no_barrier-none-ledger_postings-ca0f82ff-r16,write-loss-preack,B3_INTENT_NO_BARRIER,none,ledger_postings,NO_READBACK,CALLER_REFERENCE,85608ea6-8794-417a-ad69-094bea9987b1,CONFIRMED_APPLIED,FIRED_CONFIRMED,1,0,1,2023.281703,,0,0,131.264,1
b3_intent_no_barrier-none-ledger_postings-ca0f82ff-r16,write-loss-preack,B3_INTENT_NO_BARRIER,none,ledger_postings,NO_READBACK,CALLER_REFERENCE,cb8773cc-8bf8-40b5-8575-76025997b0e1,CONFIRMED_APPLIED,FIRED_CONFIRMED,1,0,1,2023.411143,,0,0,131.264,1
b3_intent_no_barrier-none-ledger_postings-ca0f82ff-r16,write-loss-preack,B3_INTENT_NO_BARRIER,none,ledger_postings,NO_READBACK,CALLER_REFERENCE,f27af307-11e7-47fa-bf24-ec9e5776a5d3,CONFIRMED_APPLIED,FIRED_CONFIRMED,1,0,1,2026.143275,,0,0,131.264,1
b3_intent_no_barrier-none-ledger_postings-ca0f82ff-r16,write-loss-preack,B3_INTENT_NO_BARRIER,none,ledger_postings,NO_READBACK,CALLER_REFERENCE,a1d5fbfa-dac4-44ae-9ca2-8f83c8417975,CONFIRMED_APPLIED,FIRED_CONFIRMED,1,0,1,2027.188696,,0,0,131.264,1
b3_intent_no_barrier-none-ledger_postings-ca0f82ff-r16,write-loss-preack,B3_INTENT_NO_BARRIER,none,ledger_postings,NO_READBACK,CALLER_REFERENCE,f4d0ec10-d24f-408a-bbfa-3cf7f9c8ab99,CONFIRMED_APPLIED,FIRED_CONFIRMED,1,0,1,2023.694332,,0,0,131.264,1
b3_intent_no_barrier-none-ledger_postings-ca0f82ff-r17,write-loss-preack,B3_INTENT_NO_BARRIER,none,ledger_postings,NO_READBACK,CALLER_REFERENCE,c08b39e1-7a27-4b5e-a32c-fb22750f91f5,CONFIRMED_APPLIED,FIRED_CONFIRMED,1,0,1,2714.782554,,0,0,155.552,1
b3_intent_no_barrier-none-ledger_postings-ca0f82ff-r17,write-loss-preack,B3_INTENT_NO_BARRIER,none,ledger_postings,NO_READBACK,CALLER_REFERENCE,35e39bd2-f75f-4789-9c3b-476c855d4ecb,DECLARED_AMBIGUOUS,PERMANENTLY_AMBIGUOUS,1,0,1,5028.769979,,0,0,155.552,1
b3_intent_no_barrier-none-ledger_postings-ca0f82ff-r17,write-loss-preack,B3_INTENT_NO_BARRIER,none,ledger_postings,NO_READBACK,CALLER_REFERENCE,85b66598-b911-48d5-9a64-9ca818240c6b,CONFIRMED_APPLIED,FIRED_CONFIRMED,1,0,1,2035.505114,,0,0,155.552,1
b3_intent_no_barrier-none-ledger_postings-ca0f82ff-r17,write-loss-preack,B3_INTENT_NO_BARRIER,none,ledger_postings,NO_READBACK,CALLER_REFERENCE,bb3a22b8-113a-4c68-9946-287a64ee1b33,CONFIRMED_APPLIED,FIRED_CONFIRMED,1,0,1,2043.059312,,0,0,155.552,1
b3_intent_no_barrier-none-ledger_postings-ca0f82ff-r17,write-loss-preack,B3_INTENT_NO_BARRIER,none,ledger_postings,NO_READBACK,CALLER_REFERENCE,37d8c551-26fd-47b0-a392-7cf6e8428b17,CONFIRMED_APPLIED,FIRED_CONFIRMED,1,0,1,2035.073544,,0,0,155.552,1
b3_intent_no_barrier-none-ledger_postings-ca0f82ff-r17,write-loss-preack,B3_INTENT_NO_BARRIER,none,ledger_postings,NO_READBACK,CALLER_REFERENCE,2f3d59ff-d6e8-4045-b591-de91280c506e,DECLARED_AMBIGUOUS,PERMANENTLY_AMBIGUOUS,1,0,1,5030.833333,,0,0,155.552,1
b3_intent_no_barrier-none-ledger_postings-ca0f82ff-r17,write-loss-preack,B3_INTENT_NO_BARRIER,none,ledger_postings,NO_READBACK,CALLER_REFERENCE,1aee1d1e-0f55-4d9b-a07b-1320efbf8292,CONFIRMED_APPLIED,FIRED_CONFIRMED,1,0,1,2033.958659,,0,0,155.552,1
b3_intent_no_barrier-none-ledger_postings-ca0f82ff-r17,write-loss-preack,B3_INTENT_NO_BARRIER,none,ledger_postings,NO_READBACK,CALLER_REFERENCE,62a48c77-22b2-4e40-8b92-1c9db724c53b,CONFIRMED_APPLIED,FIRED_CONFIRMED,1,0,1,2023.890287,,0,0,155.552,1
b3_intent_no_barrier-none-ledger_postings-ca0f82ff-r17,write-loss-preack,B3_INTENT_NO_BARRIER,none,ledger_postings,NO_READBACK,CALLER_REFERENCE,0af2187b-29c3-4b5c-b0e8-bbfdd52edf90,CONFIRMED_APPLIED,FIRED_CONFIRMED,1,0,1,2023.615439,,0,0,155.552,1
b3_intent_no_barrier-none-ledger_postings-ca0f82ff-r17,write-loss-preack,B3_INTENT_NO_BARRIER,none,ledger_postings,NO_READBACK,CALLER_REFERENCE,c323edac-a4dc-45b5-acf7-b8dab670c2c3,CONFIRMED_APPLIED,FIRED_CONFIRMED,1,0,1,2023.216584,,0,0,155.552,1
b3_intent_no_barrier-none-ledger_postings-ca0f82ff-r18,write-loss-preack,B3_INTENT_NO_BARRIER,none,ledger_postings,NO_READBACK,CALLER_REFERENCE,e2ba62d8-7809-4268-b8c6-6ce83105a4f8,CONFIRMED_APPLIED,FIRED_CONFIRMED,1,0,1,2499.550926,,0,0,119.477,1
b3_intent_no_barrier-none-ledger_postings-ca0f82ff-r18,write-loss-preack,B3_INTENT_NO_BARRIER,none,ledger_postings,NO_READBACK,CALLER_REFERENCE,0cac28a2-984d-4c6a-88f9-4e0ed91f862f,CONFIRMED_APPLIED,FIRED_CONFIRMED,1,0,1,2026.581161,,0,0,119.477,1
b3_intent_no_barrier-none-ledger_postings-ca0f82ff-r18,write-loss-preack,B3_INTENT_NO_BARRIER,none,ledger_postings,NO_READBACK,CALLER_REFERENCE,7c564e36-fac0-4dd0-a7da-f158471d4f58,CONFIRMED_APPLIED,FIRED_CONFIRMED,1,0,1,2030.683896,,0,0,119.477,1
b3_intent_no_barrier-none-ledger_postings-ca0f82ff-r18,write-loss-preack,B3_INTENT_NO_BARRIER,none,ledger_postings,NO_READBACK,CALLER_REFERENCE,a62c3a64-4909-4704-969f-361e81d9eb71,DECLARED_AMBIGUOUS,PERMANENTLY_AMBIGUOUS,1,0,1,5025.569487,,0,0,119.477,1
b3_intent_no_barrier-none-ledger_postings-ca0f82ff-r18,write-loss-preack,B3_INTENT_NO_BARRIER,none,ledger_postings,NO_READBACK,CALLER_REFERENCE,9e989673-145d-49ce-9910-cf80b61dd11a,CONFIRMED_APPLIED,FIRED_CONFIRMED,1,0,1,2025.972602,,0,0,119.477,1
b3_intent_no_barrier-none-ledger_postings-ca0f82ff-r18,write-loss-preack,B3_INTENT_NO_BARRIER,none,ledger_postings,NO_READBACK,CALLER_REFERENCE,f4556c04-7553-4e36-97b2-6a6426115f26,CONFIRMED_APPLIED,FIRED_CONFIRMED,1,0,1,2055.775784,,0,0,119.477,1
b3_intent_no_barrier-none-ledger_postings-ca0f82ff-r18,write-loss-preack,B3_INTENT_NO_BARRIER,none,ledger_postings,NO_READBACK,CALLER_REFERENCE,bf17a662-f624-4bf6-ab91-7466507843c0,CONFIRMED_APPLIED,FIRED_CONFIRMED,1,0,1,2033.363343,,0,0,119.477,1
b3_intent_no_barrier-none-ledger_postings-ca0f82ff-r18,write-loss-preack,B3_INTENT_NO_BARRIER,none,ledger_postings,NO_READBACK,CALLER_REFERENCE,1c6f97dd-b88d-4ccb-bfe3-4406008002d9,CONFIRMED_APPLIED,FIRED_CONFIRMED,1,0,1,2030.089694,,0,0,119.477,1
b3_intent_no_barrier-none-ledger_postings-ca0f82ff-r18,write-loss-preack,B3_INTENT_NO_BARRIER,none,ledger_postings,NO_READBACK,CALLER_REFERENCE,bd84433b-c68f-450c-b864-a285ad502467,CONFIRMED_APPLIED,FIRED_CONFIRMED,1,0,1,2024.092319,,0,0,119.477,1
b3_intent_no_barrier-none-ledger_postings-ca0f82ff-r18,write-loss-preack,B3_INTENT_NO_BARRIER,none,ledger_postings,NO_READBACK,CALLER_REFERENCE,1119be0b-23df-470a-8559-9d63bc517bde,DECLARED_AMBIGUOUS,PERMANENTLY_AMBIGUOUS,1,0,1,5025.692043,,0,0,119.477,1
b3_intent_no_barrier-none-ledger_postings-ca0f82ff-r19,write-loss-preack,B3_INTENT_NO_BARRIER,none,ledger_postings,NO_READBACK,CALLER_REFERENCE,42157919-ed67-4140-abcd-24b9e51b4946,CONFIRMED_APPLIED,FIRED_CONFIRMED,1,0,1,2588.074814,,0,0,157.811,1
b3_intent_no_barrier-none-ledger_postings-ca0f82ff-r19,write-loss-preack,B3_INTENT_NO_BARRIER,none,ledger_postings,NO_READBACK,CALLER_REFERENCE,c4b7bc7a-7fd6-43fb-8ec8-18fd12814492,CONFIRMED_APPLIED,FIRED_CONFIRMED,1,0,1,2027.248643,,0,0,157.811,1
b3_intent_no_barrier-none-ledger_postings-ca0f82ff-r19,write-loss-preack,B3_INTENT_NO_BARRIER,none,ledger_postings,NO_READBACK,CALLER_REFERENCE,2997af26-3225-4385-9b95-32e42859954b,CONFIRMED_APPLIED,FIRED_CONFIRMED,1,0,1,2028.337911,,0,0,157.811,1
b3_intent_no_barrier-none-ledger_postings-ca0f82ff-r19,write-loss-preack,B3_INTENT_NO_BARRIER,none,ledger_postings,NO_READBACK,CALLER_REFERENCE,0fcf43c5-57a2-4626-8264-371873982403,DECLARED_AMBIGUOUS,PERMANENTLY_AMBIGUOUS,1,0,1,5031.928321,,0,0,157.811,1
b3_intent_no_barrier-none-ledger_postings-ca0f82ff-r19,write-loss-preack,B3_INTENT_NO_BARRIER,none,ledger_postings,NO_READBACK,CALLER_REFERENCE,5f15ad37-a5f0-4a5b-9f39-a7881575446b,CONFIRMED_APPLIED,FIRED_CONFIRMED,1,0,1,2030.754687,,0,0,157.811,1
b3_intent_no_barrier-none-ledger_postings-ca0f82ff-r19,write-loss-preack,B3_INTENT_NO_BARRIER,none,ledger_postings,NO_READBACK,CALLER_REFERENCE,40ca6b16-49c3-4f9e-9c27-0a82dffaedaf,CONFIRMED_APPLIED,FIRED_CONFIRMED,1,0,1,2031.966828,,0,0,157.811,1
b3_intent_no_barrier-none-ledger_postings-ca0f82ff-r19,write-loss-preack,B3_INTENT_NO_BARRIER,none,ledger_postings,NO_READBACK,CALLER_REFERENCE,fdc5ebf8-2b4c-4e46-ad42-1076a2f11506,CONFIRMED_APPLIED,FIRED_CONFIRMED,1,0,1,2028.021991,,0,0,157.811,1
b3_intent_no_barrier-none-ledger_postings-ca0f82ff-r19,write-loss-preack,B3_INTENT_NO_BARRIER,none,ledger_postings,NO_READBACK,CALLER_REFERENCE,53ff0424-9cbc-4f2f-86bc-299fd24a0655,CONFIRMED_APPLIED,FIRED_CONFIRMED,1,0,1,2033.758326,,0,0,157.811,1
b3_intent_no_barrier-none-ledger_postings-ca0f82ff-r19,write-loss-preack,B3_INTENT_NO_BARRIER,none,ledger_postings,NO_READBACK,CALLER_REFERENCE,fdbb0001-696a-46a8-8252-f7c7ea225edc,CONFIRMED_APPLIED,FIRED_CONFIRMED,1,0,1,2031.307272,,0,0,157.811,1
b3_intent_no_barrier-none-ledger_postings-ca0f82ff-r19,write-loss-preack,B3_INTENT_NO_BARRIER,none,ledger_postings,NO_READBACK,CALLER_REFERENCE,d3ca7c20-8a23-40cf-aca7-32cfcb8efa21,CONFIRMED_APPLIED,FIRED_CONFIRMED,1,0,1,2029.544878,,0,0,157.811,1
b3_intent_no_barrier-none-ledger_postings-ca0f82ff-r2,write-loss-preack,B3_INTENT_NO_BARRIER,none,ledger_postings,NO_READBACK,CALLER_REFERENCE,92472a6d-fd31-46e7-ad31-46933035a350,DECLARED_AMBIGUOUS,PERMANENTLY_AMBIGUOUS,1,0,1,5539.662314,,0,0,133.11,1
b3_intent_no_barrier-none-ledger_postings-ca0f82ff-r2,write-loss-preack,B3_INTENT_NO_BARRIER,none,ledger_postings,NO_READBACK,CALLER_REFERENCE,4b7de1ea-70dd-4048-8180-a45db42d0794,CONFIRMED_APPLIED,FIRED_CONFIRMED,1,0,1,2027.628126,,0,0,133.11,1
b3_intent_no_barrier-none-ledger_postings-ca0f82ff-r2,write-loss-preack,B3_INTENT_NO_BARRIER,none,ledger_postings,NO_READBACK,CALLER_REFERENCE,5923591b-d49f-44fd-a089-3701ab7ebdef,CONFIRMED_APPLIED,FIRED_CONFIRMED,1,0,1,2025.052504,,0,0,133.11,1
b3_intent_no_barrier-none-ledger_postings-ca0f82ff-r2,write-loss-preack,B3_INTENT_NO_BARRIER,none,ledger_postings,NO_READBACK,CALLER_REFERENCE,2b5fd2c6-e11d-4ba1-9ca7-e3bbdc6d6f77,CONFIRMED_APPLIED,FIRED_CONFIRMED,1,0,1,2028.107692,,0,0,133.11,1
b3_intent_no_barrier-none-ledger_postings-ca0f82ff-r2,write-loss-preack,B3_INTENT_NO_BARRIER,none,ledger_postings,NO_READBACK,CALLER_REFERENCE,f09a3945-47b6-4c23-aa78-a850c7ddc756,CONFIRMED_APPLIED,FIRED_CONFIRMED,1,0,1,2037.199647,,0,0,133.11,1
b3_intent_no_barrier-none-ledger_postings-ca0f82ff-r2,write-loss-preack,B3_INTENT_NO_BARRIER,none,ledger_postings,NO_READBACK,CALLER_REFERENCE,3e743028-43f0-4e6b-bb57-c66f77c4247b,DECLARED_AMBIGUOUS,PERMANENTLY_AMBIGUOUS,1,0,1,5046.775405,,0,0,133.11,1
b3_intent_no_barrier-none-ledger_postings-ca0f82ff-r2,write-loss-preack,B3_INTENT_NO_BARRIER,none,ledger_postings,NO_READBACK,CALLER_REFERENCE,4f54e9d4-4789-427f-82f9-0553920603ff,CONFIRMED_APPLIED,FIRED_CONFIRMED,1,0,1,2042.681996,,0,0,133.11,1
b3_intent_no_barrier-none-ledger_postings-ca0f82ff-r2,write-loss-preack,B3_INTENT_NO_BARRIER,none,ledger_postings,NO_READBACK,CALLER_REFERENCE,ea50c062-5b8d-456a-b1da-3c824edc779c,DECLARED_AMBIGUOUS,PERMANENTLY_AMBIGUOUS,1,0,1,5034.98518,,0,0,133.11,1
b3_intent_no_barrier-none-ledger_postings-ca0f82ff-r2,write-loss-preack,B3_INTENT_NO_BARRIER,none,ledger_postings,NO_READBACK,CALLER_REFERENCE,8333d642-7423-476c-89d5-653fda85b84f,CONFIRMED_APPLIED,FIRED_CONFIRMED,1,0,1,2046.072534,,0,0,133.11,1
b3_intent_no_barrier-none-ledger_postings-ca0f82ff-r2,write-loss-preack,B3_INTENT_NO_BARRIER,none,ledger_postings,NO_READBACK,CALLER_REFERENCE,4a510164-7439-4cce-83f3-3045d3bc14de,CONFIRMED_APPLIED,FIRED_CONFIRMED,1,0,1,2036.985988,,0,0,133.11,1
b3_intent_no_barrier-none-ledger_postings-ca0f82ff-r20,write-loss-preack,B3_INTENT_NO_BARRIER,none,ledger_postings,NO_READBACK,CALLER_REFERENCE,5a51c1a2-7699-47e0-8d78-cf5eb757fe77,DECLARED_AMBIGUOUS,PERMANENTLY_AMBIGUOUS,0,0,1,2543.256912,,0,0,147.414,1
b3_intent_no_barrier-none-ledger_postings-ca0f82ff-r20,write-loss-preack,B3_INTENT_NO_BARRIER,none,ledger_postings,NO_READBACK,CALLER_REFERENCE,a17dbc44-6ede-4f84-9a0b-d1474dcfde58,CONFIRMED_APPLIED,FIRED_CONFIRMED,1,0,1,2030.470293,,0,0,147.414,1
b3_intent_no_barrier-none-ledger_postings-ca0f82ff-r20,write-loss-preack,B3_INTENT_NO_BARRIER,none,ledger_postings,NO_READBACK,CALLER_REFERENCE,bb543de5-de59-45a8-a3a7-5d2d68133290,CONFIRMED_APPLIED,FIRED_CONFIRMED,1,0,1,2031.165547,,0,0,147.414,1
b3_intent_no_barrier-none-ledger_postings-ca0f82ff-r20,write-loss-preack,B3_INTENT_NO_BARRIER,none,ledger_postings,NO_READBACK,CALLER_REFERENCE,79c9cfd4-bdcf-4626-a76c-c22ac3a6e3f8,CONFIRMED_APPLIED,FIRED_CONFIRMED,1,0,1,2031.912183,,0,0,147.414,1
b3_intent_no_barrier-none-ledger_postings-ca0f82ff-r20,write-loss-preack,B3_INTENT_NO_BARRIER,none,ledger_postings,NO_READBACK,CALLER_REFERENCE,e3369130-12b9-4a87-b78d-b3c18c940dd7,DECLARED_AMBIGUOUS,PERMANENTLY_AMBIGUOUS,1,0,1,5032.096151,,0,0,147.414,1
b3_intent_no_barrier-none-ledger_postings-ca0f82ff-r20,write-loss-preack,B3_INTENT_NO_BARRIER,none,ledger_postings,NO_READBACK,CALLER_REFERENCE,10fb0054-1a44-47aa-8dcb-dcf5b9052e5a,CONFIRMED_APPLIED,FIRED_CONFIRMED,1,0,1,2035.748504,,0,0,147.414,1
b3_intent_no_barrier-none-ledger_postings-ca0f82ff-r20,write-loss-preack,B3_INTENT_NO_BARRIER,none,ledger_postings,NO_READBACK,CALLER_REFERENCE,c521d0d0-5b12-4e54-8b75-e732a6681641,CONFIRMED_APPLIED,FIRED_CONFIRMED,1,0,1,2036.676443,,0,0,147.414,1
b3_intent_no_barrier-none-ledger_postings-ca0f82ff-r20,write-loss-preack,B3_INTENT_NO_BARRIER,none,ledger_postings,NO_READBACK,CALLER_REFERENCE,8e96b79d-be23-4a7b-a63a-a393a4bf9f6c,CONFIRMED_APPLIED,FIRED_CONFIRMED,1,0,1,2040.479431,,0,0,147.414,1
b3_intent_no_barrier-none-ledger_postings-ca0f82ff-r20,write-loss-preack,B3_INTENT_NO_BARRIER,none,ledger_postings,NO_READBACK,CALLER_REFERENCE,8a845f74-bcff-4778-995b-3c78afa1801d,CONFIRMED_APPLIED,FIRED_CONFIRMED,1,0,1,2034.384074,,0,0,147.414,1
b3_intent_no_barrier-none-ledger_postings-ca0f82ff-r20,write-loss-preack,B3_INTENT_NO_BARRIER,none,ledger_postings,NO_READBACK,CALLER_REFERENCE,09b59451-e224-47e2-b330-2f6e98f611c6,DECLARED_AMBIGUOUS,PERMANENTLY_AMBIGUOUS,0,0,1,2031.818515,,0,0,147.414,1
b3_intent_no_barrier-none-ledger_postings-ca0f82ff-r21,write-loss-preack,B3_INTENT_NO_BARRIER,none,ledger_postings,NO_READBACK,CALLER_REFERENCE,4f7c8c40-d037-4dfe-b942-b55634996015,CONFIRMED_APPLIED,FIRED_CONFIRMED,1,0,1,2978.990297,,0,0,249.542,1
b3_intent_no_barrier-none-ledger_postings-ca0f82ff-r21,write-loss-preack,B3_INTENT_NO_BARRIER,none,ledger_postings,NO_READBACK,CALLER_REFERENCE,b8b0adc0-5c2e-4fad-903f-282ef2e202b7,CONFIRMED_APPLIED,FIRED_CONFIRMED,1,0,1,2036.64828,,0,0,249.542,1
b3_intent_no_barrier-none-ledger_postings-ca0f82ff-r21,write-loss-preack,B3_INTENT_NO_BARRIER,none,ledger_postings,NO_READBACK,CALLER_REFERENCE,e79270a3-148c-4a7f-9294-0bed0fef9294,CONFIRMED_APPLIED,FIRED_CONFIRMED,1,0,1,2053.819604,,0,0,249.542,1
b3_intent_no_barrier-none-ledger_postings-ca0f82ff-r21,write-loss-preack,B3_INTENT_NO_BARRIER,none,ledger_postings,NO_READBACK,CALLER_REFERENCE,69daf8ed-95d2-4a11-9fa0-a364b6e82514,CONFIRMED_APPLIED,FIRED_CONFIRMED,1,0,1,2042.956292,,0,0,249.542,1
b3_intent_no_barrier-none-ledger_postings-ca0f82ff-r21,write-loss-preack,B3_INTENT_NO_BARRIER,none,ledger_postings,NO_READBACK,CALLER_REFERENCE,0dfde4bb-c69a-4671-a5d4-e0b0ea39d641,DECLARED_AMBIGUOUS,PERMANENTLY_AMBIGUOUS,0,0,1,2031.438695,,0,0,249.542,1
b3_intent_no_barrier-none-ledger_postings-ca0f82ff-r21,write-loss-preack,B3_INTENT_NO_BARRIER,none,ledger_postings,NO_READBACK,CALLER_REFERENCE,063408cf-6013-46b4-a48a-43d8b07fc92a,CONFIRMED_APPLIED,FIRED_CONFIRMED,1,0,1,2024.47456,,0,0,249.542,1
b3_intent_no_barrier-none-ledger_postings-ca0f82ff-r21,write-loss-preack,B3_INTENT_NO_BARRIER,none,ledger_postings,NO_READBACK,CALLER_REFERENCE,5e6a330a-fe4d-4a10-9f36-069b3b7b0ff0,DECLARED_AMBIGUOUS,PERMANENTLY_AMBIGUOUS,1,0,1,5037.79407,,0,0,249.542,1
b3_intent_no_barrier-none-ledger_postings-ca0f82ff-r21,write-loss-preack,B3_INTENT_NO_BARRIER,none,ledger_postings,NO_READBACK,CALLER_REFERENCE,83436b06-c19e-4333-a8c3-e8dd6c200b98,DECLARED_AMBIGUOUS,PERMANENTLY_AMBIGUOUS,1,0,1,5043.014199,,0,0,249.542,1
b3_intent_no_barrier-none-ledger_postings-ca0f82ff-r21,write-loss-preack,B3_INTENT_NO_BARRIER,none,ledger_postings,NO_READBACK,CALLER_REFERENCE,48fc5d97-1d77-4ab8-9e3c-afc17efb7ae0,CONFIRMED_APPLIED,FIRED_CONFIRMED,1,0,1,2023.180227,,0,0,249.542,1
b3_intent_no_barrier-none-ledger_postings-ca0f82ff-r21,write-loss-preack,B3_INTENT_NO_BARRIER,none,ledger_postings,NO_READBACK,CALLER_REFERENCE,8c74973e-4808-471d-b26f-7cafd9db21c9,CONFIRMED_APPLIED,FIRED_CONFIRMED,1,0,1,2021.304377,,0,0,249.542,1
b3_intent_no_barrier-none-ledger_postings-ca0f82ff-r22,write-loss-preack,B3_INTENT_NO_BARRIER,none,ledger_postings,NO_READBACK,CALLER_REFERENCE,5a7bfb3d-3c89-42ac-826a-4b8734e180a2,CONFIRMED_APPLIED,FIRED_CONFIRMED,1,0,1,3250.873686,,0,0,171.483,1
b3_intent_no_barrier-none-ledger_postings-ca0f82ff-r22,write-loss-preack,B3_INTENT_NO_BARRIER,none,ledger_postings,NO_READBACK,CALLER_REFERENCE,6beeced5-c81b-4428-83cf-1309d58d0711,DECLARED_AMBIGUOUS,PERMANENTLY_AMBIGUOUS,1,0,1,5045.147204,,0,0,171.483,1
b3_intent_no_barrier-none-ledger_postings-ca0f82ff-r22,write-loss-preack,B3_INTENT_NO_BARRIER,none,ledger_postings,NO_READBACK,CALLER_REFERENCE,97b95f40-edbb-4100-9660-de35bb42523b,CONFIRMED_APPLIED,FIRED_CONFIRMED,1,0,1,2052.880418,,0,0,171.483,1
b3_intent_no_barrier-none-ledger_postings-ca0f82ff-r22,write-loss-preack,B3_INTENT_NO_BARRIER,none,ledger_postings,NO_READBACK,CALLER_REFERENCE,5eb53802-076f-4565-8423-8838cd8e4fd9,DECLARED_AMBIGUOUS,PERMANENTLY_AMBIGUOUS,0,0,1,2048.364972,,0,0,171.483,1
b3_intent_no_barrier-none-ledger_postings-ca0f82ff-r22,write-loss-preack,B3_INTENT_NO_BARRIER,none,ledger_postings,NO_READBACK,CALLER_REFERENCE,f6aff765-2e7c-4dd1-9add-b2134f2c1c47,DECLARED_AMBIGUOUS,PERMANENTLY_AMBIGUOUS,0,0,1,2046.160876,,0,0,171.483,1
b3_intent_no_barrier-none-ledger_postings-ca0f82ff-r22,write-loss-preack,B3_INTENT_NO_BARRIER,none,ledger_postings,NO_READBACK,CALLER_REFERENCE,5d72bbcd-2aed-47ac-9cae-9d42e4d90d14,CONFIRMED_APPLIED,FIRED_CONFIRMED,1,0,1,2060.586581,,0,0,171.483,1
b3_intent_no_barrier-none-ledger_postings-ca0f82ff-r22,write-loss-preack,B3_INTENT_NO_BARRIER,none,ledger_postings,NO_READBACK,CALLER_REFERENCE,d0a6bada-1358-4434-af03-7a10ad24bb78,CONFIRMED_APPLIED,FIRED_CONFIRMED,1,0,1,2053.298886,,0,0,171.483,1
b3_intent_no_barrier-none-ledger_postings-ca0f82ff-r22,write-loss-preack,B3_INTENT_NO_BARRIER,none,ledger_postings,NO_READBACK,CALLER_REFERENCE,7f51fba9-2ab3-4e9b-af59-13d19c711e19,DECLARED_AMBIGUOUS,PERMANENTLY_AMBIGUOUS,1,0,1,5039.151795,,0,0,171.483,1
b3_intent_no_barrier-none-ledger_postings-ca0f82ff-r22,write-loss-preack,B3_INTENT_NO_BARRIER,none,ledger_postings,NO_READBACK,CALLER_REFERENCE,6d576182-a0d6-40a7-8ae8-650f8ed60b61,CONFIRMED_APPLIED,FIRED_CONFIRMED,1,0,1,2051.161241,,0,0,171.483,1
b3_intent_no_barrier-none-ledger_postings-ca0f82ff-r22,write-loss-preack,B3_INTENT_NO_BARRIER,none,ledger_postings,NO_READBACK,CALLER_REFERENCE,2517bdc8-1b53-4106-99d1-3894cec936d6,CONFIRMED_APPLIED,FIRED_CONFIRMED,1,0,1,2046.730933,,0,0,171.483,1
b3_intent_no_barrier-none-ledger_postings-ca0f82ff-r23,write-loss-preack,B3_INTENT_NO_BARRIER,none,ledger_postings,NO_READBACK,CALLER_REFERENCE,e1d2a107-b123-4b2c-9741-2fe131cf284b,DECLARED_AMBIGUOUS,PERMANENTLY_AMBIGUOUS,1,0,1,5582.778083,,0,0,182.4,1
b3_intent_no_barrier-none-ledger_postings-ca0f82ff-r23,write-loss-preack,B3_INTENT_NO_BARRIER,none,ledger_postings,NO_READBACK,CALLER_REFERENCE,d17cb2b1-d663-4aa1-8581-acc26f4278ad,CONFIRMED_APPLIED,FIRED_CONFIRMED,1,0,1,2050.854377,,0,0,182.4,1
b3_intent_no_barrier-none-ledger_postings-ca0f82ff-r23,write-loss-preack,B3_INTENT_NO_BARRIER,none,ledger_postings,NO_READBACK,CALLER_REFERENCE,52e45a9d-fd55-49af-8f8c-03a5c3ec0bd8,CONFIRMED_APPLIED,FIRED_CONFIRMED,1,0,1,2032.057696,,0,0,182.4,1
b3_intent_no_barrier-none-ledger_postings-ca0f82ff-r23,write-loss-preack,B3_INTENT_NO_BARRIER,none,ledger_postings,NO_READBACK,CALLER_REFERENCE,de63cdad-1f8f-4d00-a5dd-9fc8218571e6,DECLARED_AMBIGUOUS,PERMANENTLY_AMBIGUOUS,0,0,1,2028.352056,,0,0,182.4,1
b3_intent_no_barrier-none-ledger_postings-ca0f82ff-r23,write-loss-preack,B3_INTENT_NO_BARRIER,none,ledger_postings,NO_READBACK,CALLER_REFERENCE,b50c3c63-97ab-4951-917b-5cfa21d4dbcd,CONFIRMED_APPLIED,FIRED_CONFIRMED,1,0,1,2025.942376,,0,0,182.4,1
b3_intent_no_barrier-none-ledger_postings-ca0f82ff-r23,write-loss-preack,B3_INTENT_NO_BARRIER,none,ledger_postings,NO_READBACK,CALLER_REFERENCE,dd07d141-bff3-4ed3-82e6-546a4afc664a,DECLARED_AMBIGUOUS,PERMANENTLY_AMBIGUOUS,1,0,1,5033.593141,,0,0,182.4,1
b3_intent_no_barrier-none-ledger_postings-ca0f82ff-r23,write-loss-preack,B3_INTENT_NO_BARRIER,none,ledger_postings,NO_READBACK,CALLER_REFERENCE,72154fd8-3a54-446e-a66b-f5d27cf02e03,CONFIRMED_APPLIED,FIRED_CONFIRMED,1,0,1,2053.445085,,0,0,182.4,1
b3_intent_no_barrier-none-ledger_postings-ca0f82ff-r23,write-loss-preack,B3_INTENT_NO_BARRIER,none,ledger_postings,NO_READBACK,CALLER_REFERENCE,a5d21f61-7e9d-4c41-9f5e-60d15de51f80,CONFIRMED_APPLIED,FIRED_CONFIRMED,1,0,1,2028.506719,,0,0,182.4,1
b3_intent_no_barrier-none-ledger_postings-ca0f82ff-r23,write-loss-preack,B3_INTENT_NO_BARRIER,none,ledger_postings,NO_READBACK,CALLER_REFERENCE,4642b864-5bd5-4773-b0bf-4ca5a642fe63,CONFIRMED_APPLIED,FIRED_CONFIRMED,1,0,1,2030.075375,,0,0,182.4,1
b3_intent_no_barrier-none-ledger_postings-ca0f82ff-r23,write-loss-preack,B3_INTENT_NO_BARRIER,none,ledger_postings,NO_READBACK,CALLER_REFERENCE,81359a21-e96f-4aa4-a9c5-23884f119d4e,DECLARED_AMBIGUOUS,PERMANENTLY_AMBIGUOUS,1,0,1,5029.345918,,0,0,182.4,1
b3_intent_no_barrier-none-ledger_postings-ca0f82ff-r24,write-loss-preack,B3_INTENT_NO_BARRIER,none,ledger_postings,NO_READBACK,CALLER_REFERENCE,5ab24d9e-495b-4149-a418-2575dc37be14,DECLARED_AMBIGUOUS,PERMANENTLY_AMBIGUOUS,1,0,1,5646.397148,,0,0,179.244,1
b3_intent_no_barrier-none-ledger_postings-ca0f82ff-r24,write-loss-preack,B3_INTENT_NO_BARRIER,none,ledger_postings,NO_READBACK,CALLER_REFERENCE,9d69085a-645c-4f47-a72d-aed4784f72fb,CONFIRMED_APPLIED,FIRED_CONFIRMED,1,0,1,2028.664305,,0,0,179.244,1
b3_intent_no_barrier-none-ledger_postings-ca0f82ff-r24,write-loss-preack,B3_INTENT_NO_BARRIER,none,ledger_postings,NO_READBACK,CALLER_REFERENCE,dcbd527f-0ab5-41ac-9ff6-509ccc64261b,CONFIRMED_APPLIED,FIRED_CONFIRMED,1,0,1,2041.407808,,0,0,179.244,1
b3_intent_no_barrier-none-ledger_postings-ca0f82ff-r24,write-loss-preack,B3_INTENT_NO_BARRIER,none,ledger_postings,NO_READBACK,CALLER_REFERENCE,c6db9dc5-74a5-4f59-832d-2f7ff571e394,CONFIRMED_APPLIED,FIRED_CONFIRMED,1,0,1,2050.186227,,0,0,179.244,1
b3_intent_no_barrier-none-ledger_postings-ca0f82ff-r24,write-loss-preack,B3_INTENT_NO_BARRIER,none,ledger_postings,NO_READBACK,CALLER_REFERENCE,85e45613-e2ca-461b-94f5-c557b75e8f28,CONFIRMED_APPLIED,FIRED_CONFIRMED,1,0,1,2038.146042,,0,0,179.244,1
b3_intent_no_barrier-none-ledger_postings-ca0f82ff-r24,write-loss-preack,B3_INTENT_NO_BARRIER,none,ledger_postings,NO_READBACK,CALLER_REFERENCE,168c91fd-eafd-46a9-be4a-193d53793503,CONFIRMED_APPLIED,FIRED_CONFIRMED,1,0,1,2025.326031,,0,0,179.244,1
b3_intent_no_barrier-none-ledger_postings-ca0f82ff-r24,write-loss-preack,B3_INTENT_NO_BARRIER,none,ledger_postings,NO_READBACK,CALLER_REFERENCE,2a156ddf-0580-46dd-8d43-0a5079a7fd23,CONFIRMED_APPLIED,FIRED_CONFIRMED,1,0,1,2035.870962,,0,0,179.244,1
b3_intent_no_barrier-none-ledger_postings-ca0f82ff-r24,write-loss-preack,B3_INTENT_NO_BARRIER,none,ledger_postings,NO_READBACK,CALLER_REFERENCE,a7fb5002-e9ae-4c62-99d7-fa656aa5cd57,CONFIRMED_APPLIED,FIRED_CONFIRMED,1,0,1,2040.995857,,0,0,179.244,1
b3_intent_no_barrier-none-ledger_postings-ca0f82ff-r24,write-loss-preack,B3_INTENT_NO_BARRIER,none,ledger_postings,NO_READBACK,CALLER_REFERENCE,6bbfa36f-7647-4e00-a691-e9e799003cbc,CONFIRMED_APPLIED,FIRED_CONFIRMED,1,0,1,2057.291726,,0,0,179.244,1
b3_intent_no_barrier-none-ledger_postings-ca0f82ff-r24,write-loss-preack,B3_INTENT_NO_BARRIER,none,ledger_postings,NO_READBACK,CALLER_REFERENCE,967e34a8-c80c-467a-89ec-3fad8fff6bc7,CONFIRMED_APPLIED,FIRED_CONFIRMED,1,0,1,2031.773558,,0,0,179.244,1
b3_intent_no_barrier-none-ledger_postings-ca0f82ff-r25,write-loss-preack,B3_INTENT_NO_BARRIER,none,ledger_postings,NO_READBACK,CALLER_REFERENCE,d1e84224-aa33-4f4c-a8fd-9c0ba758a15d,CONFIRMED_APPLIED,FIRED_CONFIRMED,1,0,1,2463.23339,,0,0,154.444,1
b3_intent_no_barrier-none-ledger_postings-ca0f82ff-r25,write-loss-preack,B3_INTENT_NO_BARRIER,none,ledger_postings,NO_READBACK,CALLER_REFERENCE,2191cc07-02eb-41e3-aac5-9356b8e3be44,DECLARED_AMBIGUOUS,PERMANENTLY_AMBIGUOUS,1,0,1,5035.583004,,0,0,154.444,1
b3_intent_no_barrier-none-ledger_postings-ca0f82ff-r25,write-loss-preack,B3_INTENT_NO_BARRIER,none,ledger_postings,NO_READBACK,CALLER_REFERENCE,2bb33e11-e28c-4d64-880d-674fe341080e,CONFIRMED_APPLIED,FIRED_CONFIRMED,1,0,1,2051.72212,,0,0,154.444,1
b3_intent_no_barrier-none-ledger_postings-ca0f82ff-r25,write-loss-preack,B3_INTENT_NO_BARRIER,none,ledger_postings,NO_READBACK,CALLER_REFERENCE,2b0c4613-ae43-43ef-807b-4e6c864e84f4,DECLARED_AMBIGUOUS,PERMANENTLY_AMBIGUOUS,1,0,1,5035.965335,,0,0,154.444,1
b3_intent_no_barrier-none-ledger_postings-ca0f82ff-r25,write-loss-preack,B3_INTENT_NO_BARRIER,none,ledger_postings,NO_READBACK,CALLER_REFERENCE,aa6d7175-6521-48e2-b15f-0f6379189dc6,CONFIRMED_APPLIED,FIRED_CONFIRMED,1,0,1,2048.690269,,0,0,154.444,1
b3_intent_no_barrier-none-ledger_postings-ca0f82ff-r25,write-loss-preack,B3_INTENT_NO_BARRIER,none,ledger_postings,NO_READBACK,CALLER_REFERENCE,3d5be2de-0f5c-4e1b-9727-fb72d191a59e,CONFIRMED_APPLIED,FIRED_CONFIRMED,1,0,1,2034.155388,,0,0,154.444,1
b3_intent_no_barrier-none-ledger_postings-ca0f82ff-r25,write-loss-preack,B3_INTENT_NO_BARRIER,none,ledger_postings,NO_READBACK,CALLER_REFERENCE,2005ad61-2e8a-4238-a835-a530bf201e4a,CONFIRMED_APPLIED,FIRED_CONFIRMED,1,0,1,2038.494595,,0,0,154.444,1
b3_intent_no_barrier-none-ledger_postings-ca0f82ff-r25,write-loss-preack,B3_INTENT_NO_BARRIER,none,ledger_postings,NO_READBACK,CALLER_REFERENCE,f9c58c6e-8121-477f-aa29-f73a1f730f7f,DECLARED_AMBIGUOUS,PERMANENTLY_AMBIGUOUS,1,0,1,5046.648653,,0,0,154.444,1
b3_intent_no_barrier-none-ledger_postings-ca0f82ff-r25,write-loss-preack,B3_INTENT_NO_BARRIER,none,ledger_postings,NO_READBACK,CALLER_REFERENCE,64a1df1a-4763-40bd-8757-0f65dd00aee3,CONFIRMED_APPLIED,FIRED_CONFIRMED,1,0,1,2043.471815,,0,0,154.444,1
b3_intent_no_barrier-none-ledger_postings-ca0f82ff-r25,write-loss-preack,B3_INTENT_NO_BARRIER,none,ledger_postings,NO_READBACK,CALLER_REFERENCE,aaf482b7-40b2-4a96-8e9b-71b8e95f5755,CONFIRMED_APPLIED,FIRED_CONFIRMED,1,0,1,2044.551933,,0,0,154.444,1
b3_intent_no_barrier-none-ledger_postings-ca0f82ff-r26,write-loss-preack,B3_INTENT_NO_BARRIER,none,ledger_postings,NO_READBACK,CALLER_REFERENCE,db56540f-a5f3-4631-8040-3ef562348bec,CONFIRMED_APPLIED,FIRED_CONFIRMED,1,0,1,2819.556918,,0,0,223.697,1
b3_intent_no_barrier-none-ledger_postings-ca0f82ff-r26,write-loss-preack,B3_INTENT_NO_BARRIER,none,ledger_postings,NO_READBACK,CALLER_REFERENCE,020f6a9f-aeae-46ff-be9c-566f44311374,CONFIRMED_APPLIED,FIRED_CONFIRMED,1,0,1,2028.216948,,0,0,223.697,1
b3_intent_no_barrier-none-ledger_postings-ca0f82ff-r26,write-loss-preack,B3_INTENT_NO_BARRIER,none,ledger_postings,NO_READBACK,CALLER_REFERENCE,71a36bfc-a3c3-40ec-9177-b813ff91350b,DECLARED_AMBIGUOUS,PERMANENTLY_AMBIGUOUS,1,0,1,5038.123222,,0,0,223.697,1
b3_intent_no_barrier-none-ledger_postings-ca0f82ff-r26,write-loss-preack,B3_INTENT_NO_BARRIER,none,ledger_postings,NO_READBACK,CALLER_REFERENCE,d0117c2e-3c4b-4b3a-9b6d-abbc88fb1ed9,DECLARED_AMBIGUOUS,PERMANENTLY_AMBIGUOUS,1,0,1,5064.21374,,0,0,223.697,1
b3_intent_no_barrier-none-ledger_postings-ca0f82ff-r26,write-loss-preack,B3_INTENT_NO_BARRIER,none,ledger_postings,NO_READBACK,CALLER_REFERENCE,91cfcc74-9cb9-4417-9bf1-445e40c7cf5a,CONFIRMED_APPLIED,FIRED_CONFIRMED,1,0,1,2031.635484,,0,0,223.697,1
b3_intent_no_barrier-none-ledger_postings-ca0f82ff-r26,write-loss-preack,B3_INTENT_NO_BARRIER,none,ledger_postings,NO_READBACK,CALLER_REFERENCE,769b76d7-e056-4b4c-bfb9-1dc7e33d530f,CONFIRMED_APPLIED,FIRED_CONFIRMED,1,0,1,2030.98448,,0,0,223.697,1
b3_intent_no_barrier-none-ledger_postings-ca0f82ff-r26,write-loss-preack,B3_INTENT_NO_BARRIER,none,ledger_postings,NO_READBACK,CALLER_REFERENCE,c021d9bc-7fe1-46ed-aaf9-a6170b17863d,CONFIRMED_APPLIED,FIRED_CONFIRMED,1,0,1,2031.8566,,0,0,223.697,1
b3_intent_no_barrier-none-ledger_postings-ca0f82ff-r26,write-loss-preack,B3_INTENT_NO_BARRIER,none,ledger_postings,NO_READBACK,CALLER_REFERENCE,37b587a8-f00e-4ae4-9a28-691d1c8a9f3e,DECLARED_AMBIGUOUS,PERMANENTLY_AMBIGUOUS,1,0,1,5040.81922,,0,0,223.697,1
b3_intent_no_barrier-none-ledger_postings-ca0f82ff-r26,write-loss-preack,B3_INTENT_NO_BARRIER,none,ledger_postings,NO_READBACK,CALLER_REFERENCE,74ee5187-7d39-4505-b3c3-3365b3f1cd8c,CONFIRMED_APPLIED,FIRED_CONFIRMED,1,0,1,2040.046032,,0,0,223.697,1
b3_intent_no_barrier-none-ledger_postings-ca0f82ff-r26,write-loss-preack,B3_INTENT_NO_BARRIER,none,ledger_postings,NO_READBACK,CALLER_REFERENCE,943fcf76-3d19-4803-be76-65a97b7794aa,CONFIRMED_APPLIED,FIRED_CONFIRMED,1,0,1,2053.609238,,0,0,223.697,1
b3_intent_no_barrier-none-ledger_postings-ca0f82ff-r27,write-loss-preack,B3_INTENT_NO_BARRIER,none,ledger_postings,NO_READBACK,CALLER_REFERENCE,6a0a7bec-daec-4670-a93e-75615398122e,CONFIRMED_APPLIED,FIRED_CONFIRMED,1,0,1,3317.646942,,0,0,168.56,1
b3_intent_no_barrier-none-ledger_postings-ca0f82ff-r27,write-loss-preack,B3_INTENT_NO_BARRIER,none,ledger_postings,NO_READBACK,CALLER_REFERENCE,58fcf56e-abdd-41b7-963e-af2b14aa55b0,DECLARED_AMBIGUOUS,PERMANENTLY_AMBIGUOUS,1,0,1,5040.209786,,0,0,168.56,1
b3_intent_no_barrier-none-ledger_postings-ca0f82ff-r27,write-loss-preack,B3_INTENT_NO_BARRIER,none,ledger_postings,NO_READBACK,CALLER_REFERENCE,03c4f033-5087-48ec-9c5d-e839cd97e5fe,CONFIRMED_APPLIED,FIRED_CONFIRMED,1,0,1,2056.224767,,0,0,168.56,1
b3_intent_no_barrier-none-ledger_postings-ca0f82ff-r27,write-loss-preack,B3_INTENT_NO_BARRIER,none,ledger_postings,NO_READBACK,CALLER_REFERENCE,a3953c9a-11f3-49c1-afd8-cc363d3ebff3,CONFIRMED_APPLIED,FIRED_CONFIRMED,1,0,1,2031.049829,,0,0,168.56,1
b3_intent_no_barrier-none-ledger_postings-ca0f82ff-r27,write-loss-preack,B3_INTENT_NO_BARRIER,none,ledger_postings,NO_READBACK,CALLER_REFERENCE,dec1915a-9b34-4b01-9368-57163a2ecba4,CONFIRMED_APPLIED,FIRED_CONFIRMED,1,0,1,2030.269513,,0,0,168.56,1
b3_intent_no_barrier-none-ledger_postings-ca0f82ff-r27,write-loss-preack,B3_INTENT_NO_BARRIER,none,ledger_postings,NO_READBACK,CALLER_REFERENCE,a6c80299-991d-47e4-b2d5-c3c3604fad88,CONFIRMED_APPLIED,FIRED_CONFIRMED,1,0,1,2049.225643,,0,0,168.56,1
b3_intent_no_barrier-none-ledger_postings-ca0f82ff-r27,write-loss-preack,B3_INTENT_NO_BARRIER,none,ledger_postings,NO_READBACK,CALLER_REFERENCE,98b8f6ee-eefb-4f93-a6dc-5e6caf605559,CONFIRMED_APPLIED,FIRED_CONFIRMED,1,0,1,2047.833045,,0,0,168.56,1
b3_intent_no_barrier-none-ledger_postings-ca0f82ff-r27,write-loss-preack,B3_INTENT_NO_BARRIER,none,ledger_postings,NO_READBACK,CALLER_REFERENCE,4332586f-b090-4163-ad81-c9c8954d5296,CONFIRMED_APPLIED,FIRED_CONFIRMED,1,0,1,2051.181658,,0,0,168.56,1
b3_intent_no_barrier-none-ledger_postings-ca0f82ff-r27,write-loss-preack,B3_INTENT_NO_BARRIER,none,ledger_postings,NO_READBACK,CALLER_REFERENCE,58dc8b78-9425-42b1-ae8c-ab75e0b16b6c,CONFIRMED_APPLIED,FIRED_CONFIRMED,1,0,1,2039.693105,,0,0,168.56,1
b3_intent_no_barrier-none-ledger_postings-ca0f82ff-r27,write-loss-preack,B3_INTENT_NO_BARRIER,none,ledger_postings,NO_READBACK,CALLER_REFERENCE,65a8c122-c039-43d9-9fcb-d42778008cfd,DECLARED_AMBIGUOUS,PERMANENTLY_AMBIGUOUS,1,0,1,5038.684685,,0,0,168.56,1
b3_intent_no_barrier-none-ledger_postings-ca0f82ff-r28,write-loss-preack,B3_INTENT_NO_BARRIER,none,ledger_postings,NO_READBACK,CALLER_REFERENCE,25460e18-d55a-446e-a2ef-d3e324d7804d,CONFIRMED_APPLIED,FIRED_CONFIRMED,1,0,1,2551.167216,,0,0,164.428,1
b3_intent_no_barrier-none-ledger_postings-ca0f82ff-r28,write-loss-preack,B3_INTENT_NO_BARRIER,none,ledger_postings,NO_READBACK,CALLER_REFERENCE,8d783be8-e84e-4d94-86f2-78b9b24e69ed,CONFIRMED_APPLIED,FIRED_CONFIRMED,1,0,1,2057.111944,,0,0,164.428,1
b3_intent_no_barrier-none-ledger_postings-ca0f82ff-r28,write-loss-preack,B3_INTENT_NO_BARRIER,none,ledger_postings,NO_READBACK,CALLER_REFERENCE,54c40ce2-b78f-4e79-aaac-fe8f2fb67d35,CONFIRMED_APPLIED,FIRED_CONFIRMED,1,0,1,2035.319191,,0,0,164.428,1
b3_intent_no_barrier-none-ledger_postings-ca0f82ff-r28,write-loss-preack,B3_INTENT_NO_BARRIER,none,ledger_postings,NO_READBACK,CALLER_REFERENCE,20bb19ba-a958-476c-b8d5-6c45e8841b7d,CONFIRMED_APPLIED,FIRED_CONFIRMED,1,0,1,2035.615244,,0,0,164.428,1
b3_intent_no_barrier-none-ledger_postings-ca0f82ff-r28,write-loss-preack,B3_INTENT_NO_BARRIER,none,ledger_postings,NO_READBACK,CALLER_REFERENCE,7962acfd-1d8a-485a-8603-7d8b68573e60,CONFIRMED_APPLIED,FIRED_CONFIRMED,1,0,1,2027.822376,,0,0,164.428,1
b3_intent_no_barrier-none-ledger_postings-ca0f82ff-r28,write-loss-preack,B3_INTENT_NO_BARRIER,none,ledger_postings,NO_READBACK,CALLER_REFERENCE,90e7edc8-8fac-4a8b-8f2d-531349c3ae3f,CONFIRMED_APPLIED,FIRED_CONFIRMED,1,0,1,2031.692852,,0,0,164.428,1
b3_intent_no_barrier-none-ledger_postings-ca0f82ff-r28,write-loss-preack,B3_INTENT_NO_BARRIER,none,ledger_postings,NO_READBACK,CALLER_REFERENCE,ad8199e9-dd9f-4879-93d2-382768263e44,CONFIRMED_APPLIED,FIRED_CONFIRMED,1,0,1,2037.76963,,0,0,164.428,1
b3_intent_no_barrier-none-ledger_postings-ca0f82ff-r28,write-loss-preack,B3_INTENT_NO_BARRIER,none,ledger_postings,NO_READBACK,CALLER_REFERENCE,eb7d07f8-44ea-412d-89a7-f3a92de14e89,CONFIRMED_APPLIED,FIRED_CONFIRMED,1,0,1,2035.211574,,0,0,164.428,1
b3_intent_no_barrier-none-ledger_postings-ca0f82ff-r28,write-loss-preack,B3_INTENT_NO_BARRIER,none,ledger_postings,NO_READBACK,CALLER_REFERENCE,c9be4283-8ce5-4737-8916-7100c4070ec3,CONFIRMED_APPLIED,FIRED_CONFIRMED,1,0,1,2045.548334,,0,0,164.428,1
b3_intent_no_barrier-none-ledger_postings-ca0f82ff-r28,write-loss-preack,B3_INTENT_NO_BARRIER,none,ledger_postings,NO_READBACK,CALLER_REFERENCE,caf76981-b2ef-4914-81f0-5bbdc4e32389,CONFIRMED_APPLIED,FIRED_CONFIRMED,1,0,1,2031.606133,,0,0,164.428,1
b3_intent_no_barrier-none-ledger_postings-ca0f82ff-r29,write-loss-preack,B3_INTENT_NO_BARRIER,none,ledger_postings,NO_READBACK,CALLER_REFERENCE,11f50675-4623-405f-af63-768b427d0a1b,CONFIRMED_APPLIED,FIRED_CONFIRMED,1,0,1,2522.284334,,0,0,166.381,1
b3_intent_no_barrier-none-ledger_postings-ca0f82ff-r29,write-loss-preack,B3_INTENT_NO_BARRIER,none,ledger_postings,NO_READBACK,CALLER_REFERENCE,5acaa330-858e-4da5-a2db-78f8ffbee726,CONFIRMED_APPLIED,FIRED_CONFIRMED,1,0,1,2041.185245,,0,0,166.381,1
b3_intent_no_barrier-none-ledger_postings-ca0f82ff-r29,write-loss-preack,B3_INTENT_NO_BARRIER,none,ledger_postings,NO_READBACK,CALLER_REFERENCE,89eed95e-b725-4bff-a3fe-37bbb3ed06b5,DECLARED_AMBIGUOUS,PERMANENTLY_AMBIGUOUS,1,0,1,5050.987192,,0,0,166.381,1
b3_intent_no_barrier-none-ledger_postings-ca0f82ff-r29,write-loss-preack,B3_INTENT_NO_BARRIER,none,ledger_postings,NO_READBACK,CALLER_REFERENCE,15c56fd2-ded3-4844-bb6d-61557a21599b,CONFIRMED_APPLIED,FIRED_CONFIRMED,1,0,1,2054.159482,,0,0,166.381,1
b3_intent_no_barrier-none-ledger_postings-ca0f82ff-r29,write-loss-preack,B3_INTENT_NO_BARRIER,none,ledger_postings,NO_READBACK,CALLER_REFERENCE,96d63581-0322-4c1b-8c6b-118b39529aa8,CONFIRMED_APPLIED,FIRED_CONFIRMED,1,0,1,2042.320719,,0,0,166.381,1
b3_intent_no_barrier-none-ledger_postings-ca0f82ff-r29,write-loss-preack,B3_INTENT_NO_BARRIER,none,ledger_postings,NO_READBACK,CALLER_REFERENCE,4fa93ce8-59a0-4d6f-8f88-bebdb2c85287,CONFIRMED_APPLIED,FIRED_CONFIRMED,1,0,1,2044.4544,,0,0,166.381,1
b3_intent_no_barrier-none-ledger_postings-ca0f82ff-r29,write-loss-preack,B3_INTENT_NO_BARRIER,none,ledger_postings,NO_READBACK,CALLER_REFERENCE,a410d1a1-475e-4b03-8cd9-419908458ed3,CONFIRMED_APPLIED,FIRED_CONFIRMED,1,0,1,2035.732439,,0,0,166.381,1
b3_intent_no_barrier-none-ledger_postings-ca0f82ff-r29,write-loss-preack,B3_INTENT_NO_BARRIER,none,ledger_postings,NO_READBACK,CALLER_REFERENCE,e8f5203c-9445-4a7d-b595-d48bccc3d3d0,CONFIRMED_APPLIED,FIRED_CONFIRMED,1,0,1,2061.873962,,0,0,166.381,1
b3_intent_no_barrier-none-ledger_postings-ca0f82ff-r29,write-loss-preack,B3_INTENT_NO_BARRIER,none,ledger_postings,NO_READBACK,CALLER_REFERENCE,6bf14575-5719-49f5-8022-6d0c42e01c4f,CONFIRMED_APPLIED,FIRED_CONFIRMED,1,0,1,2054.898904,,0,0,166.381,1
b3_intent_no_barrier-none-ledger_postings-ca0f82ff-r29,write-loss-preack,B3_INTENT_NO_BARRIER,none,ledger_postings,NO_READBACK,CALLER_REFERENCE,294ec88f-e055-4c86-8424-171b9dac4328,DECLARED_AMBIGUOUS,PERMANENTLY_AMBIGUOUS,1,0,1,5036.557462,,0,0,166.381,1
b3_intent_no_barrier-none-ledger_postings-ca0f82ff-r3,write-loss-preack,B3_INTENT_NO_BARRIER,none,ledger_postings,NO_READBACK,CALLER_REFERENCE,eb997afc-4560-473c-babd-6840c6bd49e2,CONFIRMED_APPLIED,FIRED_CONFIRMED,1,0,1,2686.056443,,0,0,157.483,1
b3_intent_no_barrier-none-ledger_postings-ca0f82ff-r3,write-loss-preack,B3_INTENT_NO_BARRIER,none,ledger_postings,NO_READBACK,CALLER_REFERENCE,8eed2ed8-c37f-4362-ab77-775ed3e0078c,CONFIRMED_APPLIED,FIRED_CONFIRMED,1,0,1,2038.997644,,0,0,157.483,1
b3_intent_no_barrier-none-ledger_postings-ca0f82ff-r3,write-loss-preack,B3_INTENT_NO_BARRIER,none,ledger_postings,NO_READBACK,CALLER_REFERENCE,d13b27b5-f814-4adc-96b3-0a17b6fd1f76,DECLARED_AMBIGUOUS,PERMANENTLY_AMBIGUOUS,1,0,1,5037.764545,,0,0,157.483,1
b3_intent_no_barrier-none-ledger_postings-ca0f82ff-r3,write-loss-preack,B3_INTENT_NO_BARRIER,none,ledger_postings,NO_READBACK,CALLER_REFERENCE,86de1b16-151a-4e6c-8f0c-3cc89edba773,DECLARED_AMBIGUOUS,PERMANENTLY_AMBIGUOUS,1,0,1,5038.252924,,0,0,157.483,1
b3_intent_no_barrier-none-ledger_postings-ca0f82ff-r3,write-loss-preack,B3_INTENT_NO_BARRIER,none,ledger_postings,NO_READBACK,CALLER_REFERENCE,a8a032be-c52f-4914-8c9a-690d52cff5fc,DECLARED_AMBIGUOUS,PERMANENTLY_AMBIGUOUS,1,0,1,5038.653456,,0,0,157.483,1
b3_intent_no_barrier-none-ledger_postings-ca0f82ff-r3,write-loss-preack,B3_INTENT_NO_BARRIER,none,ledger_postings,NO_READBACK,CALLER_REFERENCE,d5405775-9301-48ed-80af-2d5c57774333,CONFIRMED_APPLIED,FIRED_CONFIRMED,1,0,1,2038.18238,,0,0,157.483,1
b3_intent_no_barrier-none-ledger_postings-ca0f82ff-r3,write-loss-preack,B3_INTENT_NO_BARRIER,none,ledger_postings,NO_READBACK,CALLER_REFERENCE,48605b9d-179f-4d07-acf1-85f80841edd0,CONFIRMED_APPLIED,FIRED_CONFIRMED,1,0,1,2046.56947,,0,0,157.483,1
b3_intent_no_barrier-none-ledger_postings-ca0f82ff-r3,write-loss-preack,B3_INTENT_NO_BARRIER,none,ledger_postings,NO_READBACK,CALLER_REFERENCE,1a8489f9-8ca0-4769-8719-881bd3a0034a,CONFIRMED_APPLIED,FIRED_CONFIRMED,1,0,1,2044.554141,,0,0,157.483,1
b3_intent_no_barrier-none-ledger_postings-ca0f82ff-r3,write-loss-preack,B3_INTENT_NO_BARRIER,none,ledger_postings,NO_READBACK,CALLER_REFERENCE,dd853448-f8a1-4066-96f7-7ae9f2fa9fc1,CONFIRMED_APPLIED,FIRED_CONFIRMED,1,0,1,2043.332583,,0,0,157.483,1
b3_intent_no_barrier-none-ledger_postings-ca0f82ff-r3,write-loss-preack,B3_INTENT_NO_BARRIER,none,ledger_postings,NO_READBACK,CALLER_REFERENCE,3df6a8be-4a08-46f3-a602-86c986403b09,CONFIRMED_APPLIED,FIRED_CONFIRMED,1,0,1,2039.200956,,0,0,157.483,1
b3_intent_no_barrier-none-ledger_postings-ca0f82ff-r4,write-loss-preack,B3_INTENT_NO_BARRIER,none,ledger_postings,NO_READBACK,CALLER_REFERENCE,1f35d0d3-a342-41cb-80d6-661f8ef2d2c3,CONFIRMED_APPLIED,FIRED_CONFIRMED,1,0,1,2706.920463,,0,0,151.235,1
b3_intent_no_barrier-none-ledger_postings-ca0f82ff-r4,write-loss-preack,B3_INTENT_NO_BARRIER,none,ledger_postings,NO_READBACK,CALLER_REFERENCE,28a2c58e-4307-4ce4-8c09-f38d3ae169ee,CONFIRMED_APPLIED,FIRED_CONFIRMED,1,0,1,2051.645719,,0,0,151.235,1
b3_intent_no_barrier-none-ledger_postings-ca0f82ff-r4,write-loss-preack,B3_INTENT_NO_BARRIER,none,ledger_postings,NO_READBACK,CALLER_REFERENCE,1c4c6d3e-7a58-4ab8-8257-f4878664774b,CONFIRMED_APPLIED,FIRED_CONFIRMED,1,0,1,2044.517856,,0,0,151.235,1
b3_intent_no_barrier-none-ledger_postings-ca0f82ff-r4,write-loss-preack,B3_INTENT_NO_BARRIER,none,ledger_postings,NO_READBACK,CALLER_REFERENCE,6fb596fd-e69c-4637-802d-c1e25d1bc49d,CONFIRMED_APPLIED,FIRED_CONFIRMED,1,0,1,2043.78356,,0,0,151.235,1
b3_intent_no_barrier-none-ledger_postings-ca0f82ff-r4,write-loss-preack,B3_INTENT_NO_BARRIER,none,ledger_postings,NO_READBACK,CALLER_REFERENCE,cfd18b93-2c20-406b-bf34-b33f909774d9,CONFIRMED_APPLIED,FIRED_CONFIRMED,1,0,1,2038.718472,,0,0,151.235,1
b3_intent_no_barrier-none-ledger_postings-ca0f82ff-r4,write-loss-preack,B3_INTENT_NO_BARRIER,none,ledger_postings,NO_READBACK,CALLER_REFERENCE,8cccbcf7-44f2-42c3-a2c0-d519e32f7f37,CONFIRMED_APPLIED,FIRED_CONFIRMED,1,0,1,2041.481559,,0,0,151.235,1
b3_intent_no_barrier-none-ledger_postings-ca0f82ff-r4,write-loss-preack,B3_INTENT_NO_BARRIER,none,ledger_postings,NO_READBACK,CALLER_REFERENCE,5a5f094d-1d49-4bd2-b9b7-2c2dcfc3c559,CONFIRMED_APPLIED,FIRED_CONFIRMED,1,0,1,2043.469153,,0,0,151.235,1
b3_intent_no_barrier-none-ledger_postings-ca0f82ff-r4,write-loss-preack,B3_INTENT_NO_BARRIER,none,ledger_postings,NO_READBACK,CALLER_REFERENCE,d2c3fe63-1794-4963-85f6-e6f42435e7bf,CONFIRMED_APPLIED,FIRED_CONFIRMED,1,0,1,2048.448518,,0,0,151.235,1
b3_intent_no_barrier-none-ledger_postings-ca0f82ff-r4,write-loss-preack,B3_INTENT_NO_BARRIER,none,ledger_postings,NO_READBACK,CALLER_REFERENCE,74fc26b1-ff9a-4d69-9526-7dfcb2da5893,DECLARED_AMBIGUOUS,PERMANENTLY_AMBIGUOUS,1,0,1,5040.239618,,0,0,151.235,1
b3_intent_no_barrier-none-ledger_postings-ca0f82ff-r4,write-loss-preack,B3_INTENT_NO_BARRIER,none,ledger_postings,NO_READBACK,CALLER_REFERENCE,a3f80734-f799-4dae-b04e-d729c149c368,CONFIRMED_APPLIED,FIRED_CONFIRMED,1,0,1,2059.145845,,0,0,151.235,1
b3_intent_no_barrier-none-ledger_postings-ca0f82ff-r5,write-loss-preack,B3_INTENT_NO_BARRIER,none,ledger_postings,NO_READBACK,CALLER_REFERENCE,2d98c8ad-9549-4350-94e9-746d760b09ce,CONFIRMED_APPLIED,FIRED_CONFIRMED,1,0,1,3664.886189,,0,0,659.839,1
b3_intent_no_barrier-none-ledger_postings-ca0f82ff-r5,write-loss-preack,B3_INTENT_NO_BARRIER,none,ledger_postings,NO_READBACK,CALLER_REFERENCE,9e00fc88-18c9-4aba-8924-992f9f17e40f,CONFIRMED_APPLIED,FIRED_CONFIRMED,1,0,1,2069.385924,,0,0,659.839,1
b3_intent_no_barrier-none-ledger_postings-ca0f82ff-r5,write-loss-preack,B3_INTENT_NO_BARRIER,none,ledger_postings,NO_READBACK,CALLER_REFERENCE,ad62ac00-190d-4199-8708-fde5474b550f,CONFIRMED_APPLIED,FIRED_CONFIRMED,1,0,1,2046.969492,,0,0,659.839,1
b3_intent_no_barrier-none-ledger_postings-ca0f82ff-r5,write-loss-preack,B3_INTENT_NO_BARRIER,none,ledger_postings,NO_READBACK,CALLER_REFERENCE,9226d6bb-7126-4582-b430-1a2bba8ad0a8,CONFIRMED_APPLIED,FIRED_CONFIRMED,1,0,1,2044.086367,,0,0,659.839,1
b3_intent_no_barrier-none-ledger_postings-ca0f82ff-r5,write-loss-preack,B3_INTENT_NO_BARRIER,none,ledger_postings,NO_READBACK,CALLER_REFERENCE,0ec7b3f1-7fca-446b-a90f-b4e89244435e,CONFIRMED_APPLIED,FIRED_CONFIRMED,1,0,1,2048.881642,,0,0,659.839,1
b3_intent_no_barrier-none-ledger_postings-ca0f82ff-r5,write-loss-preack,B3_INTENT_NO_BARRIER,none,ledger_postings,NO_READBACK,CALLER_REFERENCE,ef2f44aa-01bc-4714-91ce-bfecefd66809,DECLARED_AMBIGUOUS,PERMANENTLY_AMBIGUOUS,1,0,1,5046.779537,,0,0,659.839,1
b3_intent_no_barrier-none-ledger_postings-ca0f82ff-r5,write-loss-preack,B3_INTENT_NO_BARRIER,none,ledger_postings,NO_READBACK,CALLER_REFERENCE,8fa4280f-cfe4-41c9-8db0-1aab060e54d8,CONFIRMED_APPLIED,FIRED_CONFIRMED,1,0,1,2048.995323,,0,0,659.839,1
b3_intent_no_barrier-none-ledger_postings-ca0f82ff-r5,write-loss-preack,B3_INTENT_NO_BARRIER,none,ledger_postings,NO_READBACK,CALLER_REFERENCE,3383959a-5ab2-4276-b720-b04198c57cee,CONFIRMED_APPLIED,FIRED_CONFIRMED,1,0,1,2041.56999,,0,0,659.839,1
b3_intent_no_barrier-none-ledger_postings-ca0f82ff-r5,write-loss-preack,B3_INTENT_NO_BARRIER,none,ledger_postings,NO_READBACK,CALLER_REFERENCE,683bdda4-052b-415a-98e5-c01d136cfbc3,CONFIRMED_APPLIED,FIRED_CONFIRMED,1,0,1,2050.298269,,0,0,659.839,1
b3_intent_no_barrier-none-ledger_postings-ca0f82ff-r5,write-loss-preack,B3_INTENT_NO_BARRIER,none,ledger_postings,NO_READBACK,CALLER_REFERENCE,1b2f4d42-9f19-4850-9ab7-f51787ef67df,CONFIRMED_APPLIED,FIRED_CONFIRMED,1,0,1,2046.911961,,0,0,659.839,1
b3_intent_no_barrier-none-ledger_postings-ca0f82ff-r6,write-loss-preack,B3_INTENT_NO_BARRIER,none,ledger_postings,NO_READBACK,CALLER_REFERENCE,4d809c71-7868-4eef-ab2e-7214b033b497,CONFIRMED_APPLIED,FIRED_CONFIRMED,1,0,1,2622.053469,,0,0,133.739,1
b3_intent_no_barrier-none-ledger_postings-ca0f82ff-r6,write-loss-preack,B3_INTENT_NO_BARRIER,none,ledger_postings,NO_READBACK,CALLER_REFERENCE,92b18855-9691-4f9b-affc-5bcf826285d2,CONFIRMED_APPLIED,FIRED_CONFIRMED,1,0,1,2028.430777,,0,0,133.739,1
b3_intent_no_barrier-none-ledger_postings-ca0f82ff-r6,write-loss-preack,B3_INTENT_NO_BARRIER,none,ledger_postings,NO_READBACK,CALLER_REFERENCE,a80d0300-6a18-47ad-8ed8-66a53aee0f0d,CONFIRMED_APPLIED,FIRED_CONFIRMED,1,0,1,2029.317298,,0,0,133.739,1
b3_intent_no_barrier-none-ledger_postings-ca0f82ff-r6,write-loss-preack,B3_INTENT_NO_BARRIER,none,ledger_postings,NO_READBACK,CALLER_REFERENCE,b1e78d81-296b-4a24-aa16-c6399f1b93fe,CONFIRMED_APPLIED,FIRED_CONFIRMED,1,0,1,2030.633397,,0,0,133.739,1
b3_intent_no_barrier-none-ledger_postings-ca0f82ff-r6,write-loss-preack,B3_INTENT_NO_BARRIER,none,ledger_postings,NO_READBACK,CALLER_REFERENCE,f19a336b-a52b-42f3-b7ab-ce466ca6110b,DECLARED_AMBIGUOUS,PERMANENTLY_AMBIGUOUS,1,0,1,5030.543429,,0,0,133.739,1
b3_intent_no_barrier-none-ledger_postings-ca0f82ff-r6,write-loss-preack,B3_INTENT_NO_BARRIER,none,ledger_postings,NO_READBACK,CALLER_REFERENCE,c7dba6f1-5358-4c69-8cff-030ac5a26bf4,CONFIRMED_APPLIED,FIRED_CONFIRMED,1,0,1,2043.054753,,0,0,133.739,1
b3_intent_no_barrier-none-ledger_postings-ca0f82ff-r6,write-loss-preack,B3_INTENT_NO_BARRIER,none,ledger_postings,NO_READBACK,CALLER_REFERENCE,9a0b1497-e29b-48be-a91b-960af7abb222,CONFIRMED_APPLIED,FIRED_CONFIRMED,1,0,1,2043.031802,,0,0,133.739,1
b3_intent_no_barrier-none-ledger_postings-ca0f82ff-r6,write-loss-preack,B3_INTENT_NO_BARRIER,none,ledger_postings,NO_READBACK,CALLER_REFERENCE,e4039000-96bc-4e1d-8bb7-ac869b15b204,CONFIRMED_APPLIED,FIRED_CONFIRMED,1,0,1,2035.435423,,0,0,133.739,1
b3_intent_no_barrier-none-ledger_postings-ca0f82ff-r6,write-loss-preack,B3_INTENT_NO_BARRIER,none,ledger_postings,NO_READBACK,CALLER_REFERENCE,8d3f4081-66f7-4b6e-84c8-06f2d4a3fe1c,CONFIRMED_APPLIED,FIRED_CONFIRMED,1,0,1,2046.378544,,0,0,133.739,1
b3_intent_no_barrier-none-ledger_postings-ca0f82ff-r6,write-loss-preack,B3_INTENT_NO_BARRIER,none,ledger_postings,NO_READBACK,CALLER_REFERENCE,03265737-24d8-45db-b7a2-984e4cb752c9,CONFIRMED_APPLIED,FIRED_CONFIRMED,1,0,1,2027.01249,,0,0,133.739,1
b3_intent_no_barrier-none-ledger_postings-ca0f82ff-r7,write-loss-preack,B3_INTENT_NO_BARRIER,none,ledger_postings,NO_READBACK,CALLER_REFERENCE,9c122e5e-7ad2-4a0a-acb2-c357684f6958,CONFIRMED_APPLIED,FIRED_CONFIRMED,1,0,1,2841.088971,,0,0,154.191,1
b3_intent_no_barrier-none-ledger_postings-ca0f82ff-r7,write-loss-preack,B3_INTENT_NO_BARRIER,none,ledger_postings,NO_READBACK,CALLER_REFERENCE,8d546b40-f3eb-4f14-ac0e-8acfdea19e89,CONFIRMED_APPLIED,FIRED_CONFIRMED,1,0,1,2043.216352,,0,0,154.191,1
b3_intent_no_barrier-none-ledger_postings-ca0f82ff-r7,write-loss-preack,B3_INTENT_NO_BARRIER,none,ledger_postings,NO_READBACK,CALLER_REFERENCE,628816cb-71c6-4899-be59-b6c69a6cb52a,CONFIRMED_APPLIED,FIRED_CONFIRMED,1,0,1,2050.621626,,0,0,154.191,1
b3_intent_no_barrier-none-ledger_postings-ca0f82ff-r7,write-loss-preack,B3_INTENT_NO_BARRIER,none,ledger_postings,NO_READBACK,CALLER_REFERENCE,4f7b213f-48d0-41de-ab39-9d2fd84cd07d,CONFIRMED_APPLIED,FIRED_CONFIRMED,1,0,1,2038.409669,,0,0,154.191,1
b3_intent_no_barrier-none-ledger_postings-ca0f82ff-r7,write-loss-preack,B3_INTENT_NO_BARRIER,none,ledger_postings,NO_READBACK,CALLER_REFERENCE,02233bc3-bf0b-4f74-b62f-ae83c0de56b4,CONFIRMED_APPLIED,FIRED_CONFIRMED,1,0,1,2038.042035,,0,0,154.191,1
b3_intent_no_barrier-none-ledger_postings-ca0f82ff-r7,write-loss-preack,B3_INTENT_NO_BARRIER,none,ledger_postings,NO_READBACK,CALLER_REFERENCE,2d221cb9-5fd2-49ff-8257-071a3543ba61,CONFIRMED_APPLIED,FIRED_CONFIRMED,1,0,1,2041.617073,,0,0,154.191,1
b3_intent_no_barrier-none-ledger_postings-ca0f82ff-r7,write-loss-preack,B3_INTENT_NO_BARRIER,none,ledger_postings,NO_READBACK,CALLER_REFERENCE,16b37771-131e-4bd9-85db-422f6adb5d78,CONFIRMED_APPLIED,FIRED_CONFIRMED,1,0,1,2029.132996,,0,0,154.191,1
b3_intent_no_barrier-none-ledger_postings-ca0f82ff-r7,write-loss-preack,B3_INTENT_NO_BARRIER,none,ledger_postings,NO_READBACK,CALLER_REFERENCE,0298f9d5-7da2-4c11-9dd6-9aebdd349e8d,DECLARED_AMBIGUOUS,PERMANENTLY_AMBIGUOUS,0,0,1,2031.637284,,0,0,154.191,1
b3_intent_no_barrier-none-ledger_postings-ca0f82ff-r7,write-loss-preack,B3_INTENT_NO_BARRIER,none,ledger_postings,NO_READBACK,CALLER_REFERENCE,4031687d-1269-4c8e-8293-7282c52d8218,CONFIRMED_APPLIED,FIRED_CONFIRMED,1,0,1,2040.352948,,0,0,154.191,1
b3_intent_no_barrier-none-ledger_postings-ca0f82ff-r7,write-loss-preack,B3_INTENT_NO_BARRIER,none,ledger_postings,NO_READBACK,CALLER_REFERENCE,0df6bbd7-fea5-41f2-9d24-02730a230c5d,CONFIRMED_APPLIED,FIRED_CONFIRMED,1,0,1,2037.548907,,0,0,154.191,1
b3_intent_no_barrier-none-ledger_postings-ca0f82ff-r8,write-loss-preack,B3_INTENT_NO_BARRIER,none,ledger_postings,NO_READBACK,CALLER_REFERENCE,dbfaf550-efa2-4c4e-8641-0966905724a1,CONFIRMED_APPLIED,FIRED_CONFIRMED,1,0,1,2526.123575,,0,0,124.526,1
b3_intent_no_barrier-none-ledger_postings-ca0f82ff-r8,write-loss-preack,B3_INTENT_NO_BARRIER,none,ledger_postings,NO_READBACK,CALLER_REFERENCE,93e0318b-d9a1-4339-93f4-fb12ff6d0ae1,CONFIRMED_APPLIED,FIRED_CONFIRMED,1,0,1,2027.425569,,0,0,124.526,1
b3_intent_no_barrier-none-ledger_postings-ca0f82ff-r8,write-loss-preack,B3_INTENT_NO_BARRIER,none,ledger_postings,NO_READBACK,CALLER_REFERENCE,1e43a219-bd88-432e-8077-91795d2c743f,CONFIRMED_APPLIED,FIRED_CONFIRMED,1,0,1,2023.946104,,0,0,124.526,1
b3_intent_no_barrier-none-ledger_postings-ca0f82ff-r8,write-loss-preack,B3_INTENT_NO_BARRIER,none,ledger_postings,NO_READBACK,CALLER_REFERENCE,c5653ad2-2016-4ed3-a3e5-74ff55b146a5,CONFIRMED_APPLIED,FIRED_CONFIRMED,1,0,1,2024.857641,,0,0,124.526,1
b3_intent_no_barrier-none-ledger_postings-ca0f82ff-r8,write-loss-preack,B3_INTENT_NO_BARRIER,none,ledger_postings,NO_READBACK,CALLER_REFERENCE,edf4350a-9d44-4a91-9d43-4b1ddad8ebcc,CONFIRMED_APPLIED,FIRED_CONFIRMED,1,0,1,2030.653351,,0,0,124.526,1
b3_intent_no_barrier-none-ledger_postings-ca0f82ff-r8,write-loss-preack,B3_INTENT_NO_BARRIER,none,ledger_postings,NO_READBACK,CALLER_REFERENCE,30a376a5-f17e-4734-9a73-ffe7772df0c0,CONFIRMED_APPLIED,FIRED_CONFIRMED,1,0,1,2029.668853,,0,0,124.526,1
b3_intent_no_barrier-none-ledger_postings-ca0f82ff-r8,write-loss-preack,B3_INTENT_NO_BARRIER,none,ledger_postings,NO_READBACK,CALLER_REFERENCE,29aac646-179e-4694-8712-bdb6176f45e2,CONFIRMED_APPLIED,FIRED_CONFIRMED,1,0,1,2026.429092,,0,0,124.526,1
b3_intent_no_barrier-none-ledger_postings-ca0f82ff-r8,write-loss-preack,B3_INTENT_NO_BARRIER,none,ledger_postings,NO_READBACK,CALLER_REFERENCE,39ecd92b-321e-48ea-aedc-4098d147fb66,CONFIRMED_APPLIED,FIRED_CONFIRMED,1,0,1,2026.595684,,0,0,124.526,1
b3_intent_no_barrier-none-ledger_postings-ca0f82ff-r8,write-loss-preack,B3_INTENT_NO_BARRIER,none,ledger_postings,NO_READBACK,CALLER_REFERENCE,a332e5ff-bdca-4d81-96ea-7ea940c6c067,DECLARED_AMBIGUOUS,PERMANENTLY_AMBIGUOUS,1,0,1,5030.918176,,0,0,124.526,1
b3_intent_no_barrier-none-ledger_postings-ca0f82ff-r8,write-loss-preack,B3_INTENT_NO_BARRIER,none,ledger_postings,NO_READBACK,CALLER_REFERENCE,376ac725-82e5-49b2-8a4d-f8a5caa18b00,CONFIRMED_APPLIED,FIRED_CONFIRMED,1,0,1,2026.804013,,0,0,124.526,1
b3_intent_no_barrier-none-ledger_postings-ca0f82ff-r9,write-loss-preack,B3_INTENT_NO_BARRIER,none,ledger_postings,NO_READBACK,CALLER_REFERENCE,3b2af95a-f79d-4494-b7ab-a91a59d282ce,CONFIRMED_APPLIED,FIRED_CONFIRMED,1,0,1,2736.896632,,0,0,196.252,1
b3_intent_no_barrier-none-ledger_postings-ca0f82ff-r9,write-loss-preack,B3_INTENT_NO_BARRIER,none,ledger_postings,NO_READBACK,CALLER_REFERENCE,473b158a-7fde-475a-8a58-1dc4ae6500c0,CONFIRMED_APPLIED,FIRED_CONFIRMED,1,0,1,2042.21277,,0,0,196.252,1
b3_intent_no_barrier-none-ledger_postings-ca0f82ff-r9,write-loss-preack,B3_INTENT_NO_BARRIER,none,ledger_postings,NO_READBACK,CALLER_REFERENCE,6abfc3f9-9526-4ca8-b548-9b25ed856d69,CONFIRMED_APPLIED,FIRED_CONFIRMED,1,0,1,2044.474711,,0,0,196.252,1
b3_intent_no_barrier-none-ledger_postings-ca0f82ff-r9,write-loss-preack,B3_INTENT_NO_BARRIER,none,ledger_postings,NO_READBACK,CALLER_REFERENCE,1cc33762-eef0-4288-8487-97322fefa9ae,CONFIRMED_APPLIED,FIRED_CONFIRMED,1,0,1,2038.390039,,0,0,196.252,1
b3_intent_no_barrier-none-ledger_postings-ca0f82ff-r9,write-loss-preack,B3_INTENT_NO_BARRIER,none,ledger_postings,NO_READBACK,CALLER_REFERENCE,27ebb88f-e082-4106-bd99-c84c5129a0b3,DECLARED_AMBIGUOUS,PERMANENTLY_AMBIGUOUS,1,0,1,5037.660489,,0,0,196.252,1
b3_intent_no_barrier-none-ledger_postings-ca0f82ff-r9,write-loss-preack,B3_INTENT_NO_BARRIER,none,ledger_postings,NO_READBACK,CALLER_REFERENCE,54022fce-dad1-489b-927f-04e2f22d5eee,CONFIRMED_APPLIED,FIRED_CONFIRMED,1,0,1,2040.192809,,0,0,196.252,1
b3_intent_no_barrier-none-ledger_postings-ca0f82ff-r9,write-loss-preack,B3_INTENT_NO_BARRIER,none,ledger_postings,NO_READBACK,CALLER_REFERENCE,0b73ef61-03c3-4f86-8669-cd4b9767cab9,CONFIRMED_APPLIED,FIRED_CONFIRMED,1,0,1,2029.105639,,0,0,196.252,1
b3_intent_no_barrier-none-ledger_postings-ca0f82ff-r9,write-loss-preack,B3_INTENT_NO_BARRIER,none,ledger_postings,NO_READBACK,CALLER_REFERENCE,b1f4ac96-914e-4164-ad21-0f568c75f2ee,CONFIRMED_APPLIED,FIRED_CONFIRMED,1,0,1,2035.211864,,0,0,196.252,1
b3_intent_no_barrier-none-ledger_postings-ca0f82ff-r9,write-loss-preack,B3_INTENT_NO_BARRIER,none,ledger_postings,NO_READBACK,CALLER_REFERENCE,34d2c70a-026f-490b-8e99-20fbe93f176b,CONFIRMED_APPLIED,FIRED_CONFIRMED,1,0,1,2036.018424,,0,0,196.252,1
b3_intent_no_barrier-none-ledger_postings-ca0f82ff-r9,write-loss-preack,B3_INTENT_NO_BARRIER,none,ledger_postings,NO_READBACK,CALLER_REFERENCE,67911f21-93de-449f-a2bc-585281c114f3,DECLARED_AMBIGUOUS,PERMANENTLY_AMBIGUOUS,1,0,1,5036.341981,,0,0,196.252,1
