dataset_version,regime,system,endpoint,response_class,crash_point,readback_keying,redis_durability,redis_version,redis_image,run_id,seed,execution_count,inclusion_status,git_sha,experiment_plan_sha256,source_raw_directory_hash
stage3-2026-08-13-replication-1,crashed,AEP_FULL,ledger_postings,NO_READBACK,after_barrier_before_dispatch,CALLER_REFERENCE,everysec,7.2.5,redis:7.2.5-alpine@sha256:6aaf3f5e6bc8a592fbfe2cccf19eb36d27c39d12dab4f4b01556b7449e7b1f44,aep_full-after_barrier_before_dispatch-ledger_postings-b890c47d-r0,1960949317,10,included,dc954af1a07d43470ddfdaf63206b96f18bfcd1e,ce36b784b54f312ba880c586df73ae47a27bcca6224a05b5560d52955c92e7a0,473fb9847c567722df3a71f2b08d78135dd1ee3bc5dd260d7b12fd62cfd38351
stage3-2026-08-13-replication-1,crashed,AEP_FULL,ledger_postings,NO_READBACK,after_barrier_before_dispatch,CALLER_REFERENCE,everysec,7.2.5,redis:7.2.5-alpine@sha256:6aaf3f5e6bc8a592fbfe2cccf19eb36d27c39d12dab4f4b01556b7449e7b1f44,aep_full-after_barrier_before_dispatch-ledger_postings-b890c47d-r1,161101836,10,included,dc954af1a07d43470ddfdaf63206b96f18bfcd1e,ce36b784b54f312ba880c586df73ae47a27bcca6224a05b5560d52955c92e7a0,bb43732d26254d13f9d3cc9fce02fd5c4d22514510e8dc77723e9d482a72c3ae
stage3-2026-08-13-replication-1,crashed,AEP_FULL,ledger_postings,NO_READBACK,after_barrier_before_dispatch,CALLER_REFERENCE,everysec,7.2.5,redis:7.2.5-alpine@sha256:6aaf3f5e6bc8a592fbfe2cccf19eb36d27c39d12dab4f4b01556b7449e7b1f44,aep_full-after_barrier_before_dispatch-ledger_postings-b890c47d-r2,1783998331,10,included,dc954af1a07d43470ddfdaf63206b96f18bfcd1e,ce36b784b54f312ba880c586df73ae47a27bcca6224a05b5560d52955c92e7a0,cd15b4cdee4d55faae1d417f821708bb8583df3ec11b763eae7797ea0ce611f1
stage3-2026-08-13-replication-1,crashed,AEP_FULL,notifications,POSITIVE_ONLY_READBACK,after_barrier_before_dispatch,CALLER_REFERENCE,everysec,7.2.5,redis:7.2.5-alpine@sha256:6aaf3f5e6bc8a592fbfe2cccf19eb36d27c39d12dab4f4b01556b7449e7b1f44,aep_full-after_barrier_before_dispatch-notifications-283a53b7-r0,487175073,10,included,dc954af1a07d43470ddfdaf63206b96f18bfcd1e,ce36b784b54f312ba880c586df73ae47a27bcca6224a05b5560d52955c92e7a0,a7eb1f7b3bdd71b490ce3c5d04ded5b250990f41b7edf80ca5fb0657ec7d9796
stage3-2026-08-13-replication-1,crashed,AEP_FULL,notifications,POSITIVE_ONLY_READBACK,after_barrier_before_dispatch,CALLER_REFERENCE,everysec,7.2.5,redis:7.2.5-alpine@sha256:6aaf3f5e6bc8a592fbfe2cccf19eb36d27c39d12dab4f4b01556b7449e7b1f44,aep_full-after_barrier_before_dispatch-notifications-283a53b7-r1,133595717,10,included,dc954af1a07d43470ddfdaf63206b96f18bfcd1e,ce36b784b54f312ba880c586df73ae47a27bcca6224a05b5560d52955c92e7a0,3eb7a5ff879caa34e2a26390cee2574606e07e274c0c1ae72dff1ea47cb34ba0
stage3-2026-08-13-replication-1,crashed,AEP_FULL,notifications,POSITIVE_ONLY_READBACK,after_barrier_before_dispatch,CALLER_REFERENCE,everysec,7.2.5,redis:7.2.5-alpine@sha256:6aaf3f5e6bc8a592fbfe2cccf19eb36d27c39d12dab4f4b01556b7449e7b1f44,aep_full-after_barrier_before_dispatch-notifications-283a53b7-r2,1573256709,10,included,dc954af1a07d43470ddfdaf63206b96f18bfcd1e,ce36b784b54f312ba880c586df73ae47a27bcca6224a05b5560d52955c92e7a0,677fdfdd4e24174e395e993d441813dfa22b5aeec224aac1d3eae59707274191
stage3-2026-08-13-replication-1,crashed,AEP_FULL,payments,AUTHORITATIVE_READBACK,after_barrier_before_dispatch,CALLER_REFERENCE,everysec,7.2.5,redis:7.2.5-alpine@sha256:6aaf3f5e6bc8a592fbfe2cccf19eb36d27c39d12dab4f4b01556b7449e7b1f44,aep_full-after_barrier_before_dispatch-payments-59673812-r0,2109461321,10,included,dc954af1a07d43470ddfdaf63206b96f18bfcd1e,ce36b784b54f312ba880c586df73ae47a27bcca6224a05b5560d52955c92e7a0,7d9f624805cde472d4016cf7db7160742455432b834ed68b2c0eac008f20dcd3
stage3-2026-08-13-replication-1,crashed,AEP_FULL,payments,AUTHORITATIVE_READBACK,after_barrier_before_dispatch,CALLER_REFERENCE,everysec,7.2.5,redis:7.2.5-alpine@sha256:6aaf3f5e6bc8a592fbfe2cccf19eb36d27c39d12dab4f4b01556b7449e7b1f44,aep_full-after_barrier_before_dispatch-payments-59673812-r1,380243332,10,included,dc954af1a07d43470ddfdaf63206b96f18bfcd1e,ce36b784b54f312ba880c586df73ae47a27bcca6224a05b5560d52955c92e7a0,9e9855aa87b53743f9bd229a3470916753a32749b943edf63abfb13ce13d88e8
stage3-2026-08-13-replication-1,crashed,AEP_FULL,payments,AUTHORITATIVE_READBACK,after_barrier_before_dispatch,CALLER_REFERENCE,everysec,7.2.5,redis:7.2.5-alpine@sha256:6aaf3f5e6bc8a592fbfe2cccf19eb36d27c39d12dab4f4b01556b7449e7b1f44,aep_full-after_barrier_before_dispatch-payments-59673812-r2,1724199447,10,included,dc954af1a07d43470ddfdaf63206b96f18bfcd1e,ce36b784b54f312ba880c586df73ae47a27bcca6224a05b5560d52955c92e7a0,5601cb676574f23b2c4056c4771f373930080da3216a9a0ffeae71c798fff0fe
stage3-2026-08-13-replication-1,crashed,AEP_FULL,ledger_postings,NO_READBACK,after_intent_before_barrier,CALLER_REFERENCE,everysec,7.2.5,redis:7.2.5-alpine@sha256:6aaf3f5e6bc8a592fbfe2cccf19eb36d27c39d12dab4f4b01556b7449e7b1f44,aep_full-after_intent_before_barrier-ledger_postings-f1b0f955-r0,368247355,10,included,dc954af1a07d43470ddfdaf63206b96f18bfcd1e,ce36b784b54f312ba880c586df73ae47a27bcca6224a05b5560d52955c92e7a0,135fc5ecd6053661735ec5c55d1496358479f4e64d23e4a26fafb50961eb290b
stage3-2026-08-13-replication-1,crashed,AEP_FULL,ledger_postings,NO_READBACK,after_intent_before_barrier,CALLER_REFERENCE,everysec,7.2.5,redis:7.2.5-alpine@sha256:6aaf3f5e6bc8a592fbfe2cccf19eb36d27c39d12dab4f4b01556b7449e7b1f44,aep_full-after_intent_before_barrier-ledger_postings-f1b0f955-r1,694217576,10,included,dc954af1a07d43470ddfdaf63206b96f18bfcd1e,ce36b784b54f312ba880c586df73ae47a27bcca6224a05b5560d52955c92e7a0,840bbfa7af98f14002c3066d4e7a5af7ab5256b5886aa19ef63d4c8c8461c9e8
stage3-2026-08-13-replication-1,crashed,AEP_FULL,ledger_postings,NO_READBACK,after_intent_before_barrier,CALLER_REFERENCE,everysec,7.2.5,redis:7.2.5-alpine@sha256:6aaf3f5e6bc8a592fbfe2cccf19eb36d27c39d12dab4f4b01556b7449e7b1f44,aep_full-after_intent_before_barrier-ledger_postings-f1b0f955-r2,1692348031,10,included,dc954af1a07d43470ddfdaf63206b96f18bfcd1e,ce36b784b54f312ba880c586df73ae47a27bcca6224a05b5560d52955c92e7a0,235d5142eeae3e8b1ad866fe1a7697e785d12ac020ffc6d246e1ce21fb3bf990
stage3-2026-08-13-replication-1,crashed,AEP_FULL,notifications,POSITIVE_ONLY_READBACK,after_intent_before_barrier,CALLER_REFERENCE,everysec,7.2.5,redis:7.2.5-alpine@sha256:6aaf3f5e6bc8a592fbfe2cccf19eb36d27c39d12dab4f4b01556b7449e7b1f44,aep_full-after_intent_before_barrier-notifications-5b685744-r0,1949179822,10,included,dc954af1a07d43470ddfdaf63206b96f18bfcd1e,ce36b784b54f312ba880c586df73ae47a27bcca6224a05b5560d52955c92e7a0,3eb26c554acaebd314b1327c6c7328334b9ff15ee4da580deb6d16a474a0a2d5
stage3-2026-08-13-replication-1,crashed,AEP_FULL,notifications,POSITIVE_ONLY_READBACK,after_intent_before_barrier,CALLER_REFERENCE,everysec,7.2.5,redis:7.2.5-alpine@sha256:6aaf3f5e6bc8a592fbfe2cccf19eb36d27c39d12dab4f4b01556b7449e7b1f44,aep_full-after_intent_before_barrier-notifications-5b685744-r1,1871547492,10,included,dc954af1a07d43470ddfdaf63206b96f18bfcd1e,ce36b784b54f312ba880c586df73ae47a27bcca6224a05b5560d52955c92e7a0,4ce872884098fb82059ed830741afd67d00dbd0c061dbd7b6b6cb6a2a567de70
stage3-2026-08-13-replication-1,crashed,AEP_FULL,notifications,POSITIVE_ONLY_READBACK,after_intent_before_barrier,CALLER_REFERENCE,everysec,7.2.5,redis:7.2.5-alpine@sha256:6aaf3f5e6bc8a592fbfe2cccf19eb36d27c39d12dab4f4b01556b7449e7b1f44,aep_full-after_intent_before_barrier-notifications-5b685744-r2,1876883549,10,included,dc954af1a07d43470ddfdaf63206b96f18bfcd1e,ce36b784b54f312ba880c586df73ae47a27bcca6224a05b5560d52955c92e7a0,647410e316036ec7dc7e6de361532aeaa797f3b1411424c693d36c64d09e79d8
stage3-2026-08-13-replication-1,crashed,AEP_FULL,payments,AUTHORITATIVE_READBACK,after_intent_before_barrier,CALLER_REFERENCE,everysec,7.2.5,redis:7.2.5-alpine@sha256:6aaf3f5e6bc8a592fbfe2cccf19eb36d27c39d12dab4f4b01556b7449e7b1f44,aep_full-after_intent_before_barrier-payments-c509310b-r0,380905799,10,included,dc954af1a07d43470ddfdaf63206b96f18bfcd1e,ce36b784b54f312ba880c586df73ae47a27bcca6224a05b5560d52955c92e7a0,526f19da9ce1cb7dbe76fb3a40ae1bc838bc740c87ca2b3a15c9c1612974a841
stage3-2026-08-13-replication-1,crashed,AEP_FULL,payments,AUTHORITATIVE_READBACK,after_intent_before_barrier,CALLER_REFERENCE,everysec,7.2.5,redis:7.2.5-alpine@sha256:6aaf3f5e6bc8a592fbfe2cccf19eb36d27c39d12dab4f4b01556b7449e7b1f44,aep_full-after_intent_before_barrier-payments-c509310b-r1,712258630,10,included,dc954af1a07d43470ddfdaf63206b96f18bfcd1e,ce36b784b54f312ba880c586df73ae47a27bcca6224a05b5560d52955c92e7a0,7ae08c2350996318f1ac5df40352e348472a2c2188104f5882942a9ea4470a69
stage3-2026-08-13-replication-1,crashed,AEP_FULL,payments,AUTHORITATIVE_READBACK,after_intent_before_barrier,CALLER_REFERENCE,everysec,7.2.5,redis:7.2.5-alpine@sha256:6aaf3f5e6bc8a592fbfe2cccf19eb36d27c39d12dab4f4b01556b7449e7b1f44,aep_full-after_intent_before_barrier-payments-c509310b-r2,2010768406,10,included,dc954af1a07d43470ddfdaf63206b96f18bfcd1e,ce36b784b54f312ba880c586df73ae47a27bcca6224a05b5560d52955c92e7a0,3330c1b55120c41588a5aef0a293d0b22699bb907e8947bfa9c74ac2f3dde133
stage3-2026-08-13-replication-1,crashed,AEP_FULL,ledger_postings,NO_READBACK,after_resolution_before_barrier,CALLER_REFERENCE,everysec,7.2.5,redis:7.2.5-alpine@sha256:6aaf3f5e6bc8a592fbfe2cccf19eb36d27c39d12dab4f4b01556b7449e7b1f44,aep_full-after_resolution_before_barrier-ledger_postings-318d0a3a-r0,1615171016,10,included,dc954af1a07d43470ddfdaf63206b96f18bfcd1e,ce36b784b54f312ba880c586df73ae47a27bcca6224a05b5560d52955c92e7a0,ff83e36c39b8fbd4ac9faa5639ab046d67e6e188569eb6cd4871dfa05542516b
stage3-2026-08-13-replication-1,crashed,AEP_FULL,ledger_postings,NO_READBACK,after_resolution_before_barrier,CALLER_REFERENCE,everysec,7.2.5,redis:7.2.5-alpine@sha256:6aaf3f5e6bc8a592fbfe2cccf19eb36d27c39d12dab4f4b01556b7449e7b1f44,aep_full-after_resolution_before_barrier-ledger_postings-318d0a3a-r1,1198971001,10,included,dc954af1a07d43470ddfdaf63206b96f18bfcd1e,ce36b784b54f312ba880c586df73ae47a27bcca6224a05b5560d52955c92e7a0,be5e99a08fcaaa6e99e68e5318cd2da72bb9ffa3d208600a96ac7131129bb873
stage3-2026-08-13-replication-1,crashed,AEP_FULL,ledger_postings,NO_READBACK,after_resolution_before_barrier,CALLER_REFERENCE,everysec,7.2.5,redis:7.2.5-alpine@sha256:6aaf3f5e6bc8a592fbfe2cccf19eb36d27c39d12dab4f4b01556b7449e7b1f44,aep_full-after_resolution_before_barrier-ledger_postings-318d0a3a-r2,244900174,10,included,dc954af1a07d43470ddfdaf63206b96f18bfcd1e,ce36b784b54f312ba880c586df73ae47a27bcca6224a05b5560d52955c92e7a0,bfc6555bbd7e4dbe4f311462055c7cd0883edefef3950e03d7900fabca5b45a9
stage3-2026-08-13-replication-1,crashed,AEP_FULL,notifications,POSITIVE_ONLY_READBACK,after_resolution_before_barrier,CALLER_REFERENCE,everysec,7.2.5,redis:7.2.5-alpine@sha256:6aaf3f5e6bc8a592fbfe2cccf19eb36d27c39d12dab4f4b01556b7449e7b1f44,aep_full-after_resolution_before_barrier-notifications-44b2b53c-r0,1250057878,10,included,dc954af1a07d43470ddfdaf63206b96f18bfcd1e,ce36b784b54f312ba880c586df73ae47a27bcca6224a05b5560d52955c92e7a0,ab19523e8389c1da852e55b6b37450f7e1db79f20e6a3896ed872082b257c444
stage3-2026-08-13-replication-1,crashed,AEP_FULL,notifications,POSITIVE_ONLY_READBACK,after_resolution_before_barrier,CALLER_REFERENCE,everysec,7.2.5,redis:7.2.5-alpine@sha256:6aaf3f5e6bc8a592fbfe2cccf19eb36d27c39d12dab4f4b01556b7449e7b1f44,aep_full-after_resolution_before_barrier-notifications-44b2b53c-r1,2129527689,10,included,dc954af1a07d43470ddfdaf63206b96f18bfcd1e,ce36b784b54f312ba880c586df73ae47a27bcca6224a05b5560d52955c92e7a0,954c15a2dc7b7c7d708784e223091c6bfe490fbcddc32f03fff3e611f03f6443
stage3-2026-08-13-replication-1,crashed,AEP_FULL,notifications,POSITIVE_ONLY_READBACK,after_resolution_before_barrier,CALLER_REFERENCE,everysec,7.2.5,redis:7.2.5-alpine@sha256:6aaf3f5e6bc8a592fbfe2cccf19eb36d27c39d12dab4f4b01556b7449e7b1f44,aep_full-after_resolution_before_barrier-notifications-44b2b53c-r2,1597677935,10,included,dc954af1a07d43470ddfdaf63206b96f18bfcd1e,ce36b784b54f312ba880c586df73ae47a27bcca6224a05b5560d52955c92e7a0,cf7780e50cee5586e26dd6e92e2dee5f7b28ce0411f510b83f31094149097061
stage3-2026-08-13-replication-1,crashed,AEP_FULL,payments,AUTHORITATIVE_READBACK,after_resolution_before_barrier,CALLER_REFERENCE,everysec,7.2.5,redis:7.2.5-alpine@sha256:6aaf3f5e6bc8a592fbfe2cccf19eb36d27c39d12dab4f4b01556b7449e7b1f44,aep_full-after_resolution_before_barrier-payments-8897ef4b-r0,1729808351,10,included,dc954af1a07d43470ddfdaf63206b96f18bfcd1e,ce36b784b54f312ba880c586df73ae47a27bcca6224a05b5560d52955c92e7a0,5430a9d48d7eda3de48583c863a55eb610d287fd8e1f54546cb114dc6f00f7af
stage3-2026-08-13-replication-1,crashed,AEP_FULL,payments,AUTHORITATIVE_READBACK,after_resolution_before_barrier,CALLER_REFERENCE,everysec,7.2.5,redis:7.2.5-alpine@sha256:6aaf3f5e6bc8a592fbfe2cccf19eb36d27c39d12dab4f4b01556b7449e7b1f44,aep_full-after_resolution_before_barrier-payments-8897ef4b-r1,728969499,10,included,dc954af1a07d43470ddfdaf63206b96f18bfcd1e,ce36b784b54f312ba880c586df73ae47a27bcca6224a05b5560d52955c92e7a0,e6562c61bd1851fc45c381a839a916ed3001851cf657633398662819cde82a7e
stage3-2026-08-13-replication-1,crashed,AEP_FULL,payments,AUTHORITATIVE_READBACK,after_resolution_before_barrier,CALLER_REFERENCE,everysec,7.2.5,redis:7.2.5-alpine@sha256:6aaf3f5e6bc8a592fbfe2cccf19eb36d27c39d12dab4f4b01556b7449e7b1f44,aep_full-after_resolution_before_barrier-payments-8897ef4b-r2,405459457,10,included,dc954af1a07d43470ddfdaf63206b96f18bfcd1e,ce36b784b54f312ba880c586df73ae47a27bcca6224a05b5560d52955c92e7a0,222ead7a073eb0aeccf8a3d231bd6cb19604b56cfc360aea4369e9ca2d032fde
stage3-2026-08-13-replication-1,crashed,AEP_FULL,ledger_postings,NO_READBACK,after_response_before_resolution,CALLER_REFERENCE,everysec,7.2.5,redis:7.2.5-alpine@sha256:6aaf3f5e6bc8a592fbfe2cccf19eb36d27c39d12dab4f4b01556b7449e7b1f44,aep_full-after_response_before_resolution-ledger_postings-9aa36b96-r0,999325466,10,included,dc954af1a07d43470ddfdaf63206b96f18bfcd1e,ce36b784b54f312ba880c586df73ae47a27bcca6224a05b5560d52955c92e7a0,bf4c335142cf5cb69b420dcbb2ad3e9e4e527df30aa0c78d2ff6aa14e7434f1f
stage3-2026-08-13-replication-1,crashed,AEP_FULL,ledger_postings,NO_READBACK,after_response_before_resolution,CALLER_REFERENCE,everysec,7.2.5,redis:7.2.5-alpine@sha256:6aaf3f5e6bc8a592fbfe2cccf19eb36d27c39d12dab4f4b01556b7449e7b1f44,aep_full-after_response_before_resolution-ledger_postings-9aa36b96-r1,402722595,10,included,dc954af1a07d43470ddfdaf63206b96f18bfcd1e,ce36b784b54f312ba880c586df73ae47a27bcca6224a05b5560d52955c92e7a0,b30ce5c0ebc53963beb97a2f3bae97641686376f72408a6b086d87f5a32fdaac
stage3-2026-08-13-replication-1,crashed,AEP_FULL,ledger_postings,NO_READBACK,after_response_before_resolution,CALLER_REFERENCE,everysec,7.2.5,redis:7.2.5-alpine@sha256:6aaf3f5e6bc8a592fbfe2cccf19eb36d27c39d12dab4f4b01556b7449e7b1f44,aep_full-after_response_before_resolution-ledger_postings-9aa36b96-r2,2049974027,10,included,dc954af1a07d43470ddfdaf63206b96f18bfcd1e,ce36b784b54f312ba880c586df73ae47a27bcca6224a05b5560d52955c92e7a0,a0f982784bea315f72b0d11f5f5b07ba0d329b048774fc9480d461586303603c
stage3-2026-08-13-replication-1,crashed,AEP_FULL,notifications,POSITIVE_ONLY_READBACK,after_response_before_resolution,CALLER_REFERENCE,everysec,7.2.5,redis:7.2.5-alpine@sha256:6aaf3f5e6bc8a592fbfe2cccf19eb36d27c39d12dab4f4b01556b7449e7b1f44,aep_full-after_response_before_resolution-notifications-5cc9d3a0-r0,1945043201,10,included,dc954af1a07d43470ddfdaf63206b96f18bfcd1e,ce36b784b54f312ba880c586df73ae47a27bcca6224a05b5560d52955c92e7a0,27068b0d1eed6a1fdf0fe75f6a9b6a4726d5bfba4069cfab94e602a0754fbeaf
stage3-2026-08-13-replication-1,crashed,AEP_FULL,notifications,POSITIVE_ONLY_READBACK,after_response_before_resolution,CALLER_REFERENCE,everysec,7.2.5,redis:7.2.5-alpine@sha256:6aaf3f5e6bc8a592fbfe2cccf19eb36d27c39d12dab4f4b01556b7449e7b1f44,aep_full-after_response_before_resolution-notifications-5cc9d3a0-r1,797390967,10,included,dc954af1a07d43470ddfdaf63206b96f18bfcd1e,ce36b784b54f312ba880c586df73ae47a27bcca6224a05b5560d52955c92e7a0,da789b23ea40cb8d2d9b29664b64c42963929fd6afea8bd1a07f926cf4ea9b0b
stage3-2026-08-13-replication-1,crashed,AEP_FULL,notifications,POSITIVE_ONLY_READBACK,after_response_before_resolution,CALLER_REFERENCE,everysec,7.2.5,redis:7.2.5-alpine@sha256:6aaf3f5e6bc8a592fbfe2cccf19eb36d27c39d12dab4f4b01556b7449e7b1f44,aep_full-after_response_before_resolution-notifications-5cc9d3a0-r2,1086032137,10,included,dc954af1a07d43470ddfdaf63206b96f18bfcd1e,ce36b784b54f312ba880c586df73ae47a27bcca6224a05b5560d52955c92e7a0,068d4a93ed7e96611f1488bfcbf996421a52b8afd5a72353541eb297888637a9
stage3-2026-08-13-replication-1,crashed,AEP_FULL,payments,AUTHORITATIVE_READBACK,after_response_before_resolution,CALLER_REFERENCE,everysec,7.2.5,redis:7.2.5-alpine@sha256:6aaf3f5e6bc8a592fbfe2cccf19eb36d27c39d12dab4f4b01556b7449e7b1f44,aep_full-after_response_before_resolution-payments-30d5e000-r0,1689868394,10,included,dc954af1a07d43470ddfdaf63206b96f18bfcd1e,ce36b784b54f312ba880c586df73ae47a27bcca6224a05b5560d52955c92e7a0,0b9e4205554ce10c18c1318c1e7f2773114507f45ea53761442f046653d73290
stage3-2026-08-13-replication-1,crashed,AEP_FULL,payments,AUTHORITATIVE_READBACK,after_response_before_resolution,CALLER_REFERENCE,everysec,7.2.5,redis:7.2.5-alpine@sha256:6aaf3f5e6bc8a592fbfe2cccf19eb36d27c39d12dab4f4b01556b7449e7b1f44,aep_full-after_response_before_resolution-payments-30d5e000-r1,162301664,10,included,dc954af1a07d43470ddfdaf63206b96f18bfcd1e,ce36b784b54f312ba880c586df73ae47a27bcca6224a05b5560d52955c92e7a0,77be23ec3dd5da6ac6e24f31b71e576e5f2404e9b4c0e77aeb03df98b8dca229
stage3-2026-08-13-replication-1,crashed,AEP_FULL,payments,AUTHORITATIVE_READBACK,after_response_before_resolution,CALLER_REFERENCE,everysec,7.2.5,redis:7.2.5-alpine@sha256:6aaf3f5e6bc8a592fbfe2cccf19eb36d27c39d12dab4f4b01556b7449e7b1f44,aep_full-after_response_before_resolution-payments-30d5e000-r2,2034099588,10,included,dc954af1a07d43470ddfdaf63206b96f18bfcd1e,ce36b784b54f312ba880c586df73ae47a27bcca6224a05b5560d52955c92e7a0,37cafea7c5e2da02ee1c830c229565d102509028556faee6ed7fe18baec4e689
stage3-2026-08-13-replication-1,crashed,AEP_FULL,ledger_postings,NO_READBACK,before_intent_write,CALLER_REFERENCE,everysec,7.2.5,redis:7.2.5-alpine@sha256:6aaf3f5e6bc8a592fbfe2cccf19eb36d27c39d12dab4f4b01556b7449e7b1f44,aep_full-before_intent_write-ledger_postings-47da250f-r0,421065479,10,included,dc954af1a07d43470ddfdaf63206b96f18bfcd1e,ce36b784b54f312ba880c586df73ae47a27bcca6224a05b5560d52955c92e7a0,79ef6d0b88dd47957c3b71d7846dd17e7912fbaf4c0bddbe043058d408a1de5c
stage3-2026-08-13-replication-1,crashed,AEP_FULL,ledger_postings,NO_READBACK,before_intent_write,CALLER_REFERENCE,everysec,7.2.5,redis:7.2.5-alpine@sha256:6aaf3f5e6bc8a592fbfe2cccf19eb36d27c39d12dab4f4b01556b7449e7b1f44,aep_full-before_intent_write-ledger_postings-47da250f-r1,659445097,10,included,dc954af1a07d43470ddfdaf63206b96f18bfcd1e,ce36b784b54f312ba880c586df73ae47a27bcca6224a05b5560d52955c92e7a0,552cf5b4e8d566729f17975ed07ff3a05c90a462705471de3e92b91a930ec48c
stage3-2026-08-13-replication-1,crashed,AEP_FULL,ledger_postings,NO_READBACK,before_intent_write,CALLER_REFERENCE,everysec,7.2.5,redis:7.2.5-alpine@sha256:6aaf3f5e6bc8a592fbfe2cccf19eb36d27c39d12dab4f4b01556b7449e7b1f44,aep_full-before_intent_write-ledger_postings-47da250f-r2,532486131,10,included,dc954af1a07d43470ddfdaf63206b96f18bfcd1e,ce36b784b54f312ba880c586df73ae47a27bcca6224a05b5560d52955c92e7a0,6cee1b9d8239051818dba9e0a34c30e5e9c5f94a3047c76e7d8a1df2459ee451
stage3-2026-08-13-replication-1,crashed,AEP_FULL,notifications,POSITIVE_ONLY_READBACK,before_intent_write,CALLER_REFERENCE,everysec,7.2.5,redis:7.2.5-alpine@sha256:6aaf3f5e6bc8a592fbfe2cccf19eb36d27c39d12dab4f4b01556b7449e7b1f44,aep_full-before_intent_write-notifications-081eaf23-r0,1150127337,10,included,dc954af1a07d43470ddfdaf63206b96f18bfcd1e,ce36b784b54f312ba880c586df73ae47a27bcca6224a05b5560d52955c92e7a0,ddf6332c12eee2c48520a6ddd8b4836e710258792c8127e11887fc16a39dae5e
stage3-2026-08-13-replication-1,crashed,AEP_FULL,notifications,POSITIVE_ONLY_READBACK,before_intent_write,CALLER_REFERENCE,everysec,7.2.5,redis:7.2.5-alpine@sha256:6aaf3f5e6bc8a592fbfe2cccf19eb36d27c39d12dab4f4b01556b7449e7b1f44,aep_full-before_intent_write-notifications-081eaf23-r1,1293508115,10,included,dc954af1a07d43470ddfdaf63206b96f18bfcd1e,ce36b784b54f312ba880c586df73ae47a27bcca6224a05b5560d52955c92e7a0,40d4a073cb233509b3bd31c067ab2c2d93566f5571e5536f4f37d17d329d36cd
stage3-2026-08-13-replication-1,crashed,AEP_FULL,notifications,POSITIVE_ONLY_READBACK,before_intent_write,CALLER_REFERENCE,everysec,7.2.5,redis:7.2.5-alpine@sha256:6aaf3f5e6bc8a592fbfe2cccf19eb36d27c39d12dab4f4b01556b7449e7b1f44,aep_full-before_intent_write-notifications-081eaf23-r2,265828416,10,included,dc954af1a07d43470ddfdaf63206b96f18bfcd1e,ce36b784b54f312ba880c586df73ae47a27bcca6224a05b5560d52955c92e7a0,af36005c23b37c57ff727b124a17c012912784bcf60686cbe51e7190f3f6a63a
stage3-2026-08-13-replication-1,crashed,AEP_FULL,payments,AUTHORITATIVE_READBACK,before_intent_write,CALLER_REFERENCE,everysec,7.2.5,redis:7.2.5-alpine@sha256:6aaf3f5e6bc8a592fbfe2cccf19eb36d27c39d12dab4f4b01556b7449e7b1f44,aep_full-before_intent_write-payments-a8a59205-r0,1664039926,10,included,dc954af1a07d43470ddfdaf63206b96f18bfcd1e,ce36b784b54f312ba880c586df73ae47a27bcca6224a05b5560d52955c92e7a0,4e319b0fa11fa21fbfc66a0d1121a0728aeffac90c32a01c0cbe14012438a35d
stage3-2026-08-13-replication-1,crashed,AEP_FULL,payments,AUTHORITATIVE_READBACK,before_intent_write,CALLER_REFERENCE,everysec,7.2.5,redis:7.2.5-alpine@sha256:6aaf3f5e6bc8a592fbfe2cccf19eb36d27c39d12dab4f4b01556b7449e7b1f44,aep_full-before_intent_write-payments-a8a59205-r1,1711857376,10,included,dc954af1a07d43470ddfdaf63206b96f18bfcd1e,ce36b784b54f312ba880c586df73ae47a27bcca6224a05b5560d52955c92e7a0,b352198aff58db043e0cc87a86d618e1a103bc4eb907d769c0a0b3d4cec9c1a1
stage3-2026-08-13-replication-1,crashed,AEP_FULL,payments,AUTHORITATIVE_READBACK,before_intent_write,CALLER_REFERENCE,everysec,7.2.5,redis:7.2.5-alpine@sha256:6aaf3f5e6bc8a592fbfe2cccf19eb36d27c39d12dab4f4b01556b7449e7b1f44,aep_full-before_intent_write-payments-a8a59205-r2,213511326,10,included,dc954af1a07d43470ddfdaf63206b96f18bfcd1e,ce36b784b54f312ba880c586df73ae47a27bcca6224a05b5560d52955c92e7a0,3cfba94de4b0712ff816ba901cb585003b5f430e1b3c3ea33864d422e012d069
stage3-2026-08-13-replication-1,crashed,AEP_FULL,ledger_postings,NO_READBACK,mid_dispatch,CALLER_REFERENCE,everysec,7.2.5,redis:7.2.5-alpine@sha256:6aaf3f5e6bc8a592fbfe2cccf19eb36d27c39d12dab4f4b01556b7449e7b1f44,aep_full-mid_dispatch-ledger_postings-21d57516-r0,1902843605,10,included,dc954af1a07d43470ddfdaf63206b96f18bfcd1e,ce36b784b54f312ba880c586df73ae47a27bcca6224a05b5560d52955c92e7a0,f536fb4588bd9935275e073d8db521e908f9bb142d97773a10e74723f3d5ee5f
stage3-2026-08-13-replication-1,crashed,AEP_FULL,ledger_postings,NO_READBACK,mid_dispatch,CALLER_REFERENCE,everysec,7.2.5,redis:7.2.5-alpine@sha256:6aaf3f5e6bc8a592fbfe2cccf19eb36d27c39d12dab4f4b01556b7449e7b1f44,aep_full-mid_dispatch-ledger_postings-21d57516-r1,1292015593,10,included,dc954af1a07d43470ddfdaf63206b96f18bfcd1e,ce36b784b54f312ba880c586df73ae47a27bcca6224a05b5560d52955c92e7a0,9328059ae9fe11ab5bd0b7408b4c47f551fcc98dbbadfcfca75e6e8a42b61cdb
stage3-2026-08-13-replication-1,crashed,AEP_FULL,ledger_postings,NO_READBACK,mid_dispatch,CALLER_REFERENCE,everysec,7.2.5,redis:7.2.5-alpine@sha256:6aaf3f5e6bc8a592fbfe2cccf19eb36d27c39d12dab4f4b01556b7449e7b1f44,aep_full-mid_dispatch-ledger_postings-21d57516-r2,1571893214,10,included,dc954af1a07d43470ddfdaf63206b96f18bfcd1e,ce36b784b54f312ba880c586df73ae47a27bcca6224a05b5560d52955c92e7a0,4a90861378a1faef00b06f1a565bd8effba08c4ad02d7e7975a083af1a25564c
stage3-2026-08-13-replication-1,crashed,AEP_FULL,notifications,POSITIVE_ONLY_READBACK,mid_dispatch,CALLER_REFERENCE,everysec,7.2.5,redis:7.2.5-alpine@sha256:6aaf3f5e6bc8a592fbfe2cccf19eb36d27c39d12dab4f4b01556b7449e7b1f44,aep_full-mid_dispatch-notifications-ea8836a3-r0,1174872249,10,included,dc954af1a07d43470ddfdaf63206b96f18bfcd1e,ce36b784b54f312ba880c586df73ae47a27bcca6224a05b5560d52955c92e7a0,0092036889897ba70a89ae158a443c354aada7d83ef8119b8c23586fce8fae08
stage3-2026-08-13-replication-1,crashed,AEP_FULL,notifications,POSITIVE_ONLY_READBACK,mid_dispatch,CALLER_REFERENCE,everysec,7.2.5,redis:7.2.5-alpine@sha256:6aaf3f5e6bc8a592fbfe2cccf19eb36d27c39d12dab4f4b01556b7449e7b1f44,aep_full-mid_dispatch-notifications-ea8836a3-r1,1244684929,10,included,dc954af1a07d43470ddfdaf63206b96f18bfcd1e,ce36b784b54f312ba880c586df73ae47a27bcca6224a05b5560d52955c92e7a0,438be51e0923d975bfbe77fed0c282bc32d6ca5195a3fdaf4922fed5efea1d81
stage3-2026-08-13-replication-1,crashed,AEP_FULL,notifications,POSITIVE_ONLY_READBACK,mid_dispatch,CALLER_REFERENCE,everysec,7.2.5,redis:7.2.5-alpine@sha256:6aaf3f5e6bc8a592fbfe2cccf19eb36d27c39d12dab4f4b01556b7449e7b1f44,aep_full-mid_dispatch-notifications-ea8836a3-r2,875412508,10,included,dc954af1a07d43470ddfdaf63206b96f18bfcd1e,ce36b784b54f312ba880c586df73ae47a27bcca6224a05b5560d52955c92e7a0,65dd50d2300716ed7ea67ee7ecf6d79f2fdc81f48dfb4d6111fdb32faa95e04c
stage3-2026-08-13-replication-1,crashed,AEP_FULL,payments,AUTHORITATIVE_READBACK,mid_dispatch,CALLER_REFERENCE,everysec,7.2.5,redis:7.2.5-alpine@sha256:6aaf3f5e6bc8a592fbfe2cccf19eb36d27c39d12dab4f4b01556b7449e7b1f44,aep_full-mid_dispatch-payments-71ad8739-r0,1033815468,10,included,dc954af1a07d43470ddfdaf63206b96f18bfcd1e,ce36b784b54f312ba880c586df73ae47a27bcca6224a05b5560d52955c92e7a0,d47773a3f34475e1221f176b5fda717de732a928fca87f353bbe419b251c61bf
stage3-2026-08-13-replication-1,crashed,AEP_FULL,payments,AUTHORITATIVE_READBACK,mid_dispatch,CALLER_REFERENCE,everysec,7.2.5,redis:7.2.5-alpine@sha256:6aaf3f5e6bc8a592fbfe2cccf19eb36d27c39d12dab4f4b01556b7449e7b1f44,aep_full-mid_dispatch-payments-71ad8739-r1,402024425,10,included,dc954af1a07d43470ddfdaf63206b96f18bfcd1e,ce36b784b54f312ba880c586df73ae47a27bcca6224a05b5560d52955c92e7a0,7a85e6ef160d35230a70f85a602f131ad404b5e81b1bf67dcccd1db2add38661
stage3-2026-08-13-replication-1,crashed,AEP_FULL,payments,AUTHORITATIVE_READBACK,mid_dispatch,CALLER_REFERENCE,everysec,7.2.5,redis:7.2.5-alpine@sha256:6aaf3f5e6bc8a592fbfe2cccf19eb36d27c39d12dab4f4b01556b7449e7b1f44,aep_full-mid_dispatch-payments-71ad8739-r2,1774296329,10,included,dc954af1a07d43470ddfdaf63206b96f18bfcd1e,ce36b784b54f312ba880c586df73ae47a27bcca6224a05b5560d52955c92e7a0,9b8e5f0c919e6b09fe7ad1eb902a687fb6626b2859adfb2d51df719da172d409
stage3-2026-08-13-replication-1,redis-kill-preack,AEP_FULL,ledger_postings,NO_READBACK,none,CALLER_REFERENCE,everysec,7.2.5,redis:7.2.5-alpine@sha256:6aaf3f5e6bc8a592fbfe2cccf19eb36d27c39d12dab4f4b01556b7449e7b1f44,aep_full-none-ledger_postings-8530cc0f-r0,1325779346,1,included,dc954af1a07d43470ddfdaf63206b96f18bfcd1e,ce36b784b54f312ba880c586df73ae47a27bcca6224a05b5560d52955c92e7a0,9183d4657561e5c9284403c703ffc85e67632055b05bc95492057fd8f683d9a6
stage3-2026-08-13-replication-1,redis-kill-preack,AEP_FULL,ledger_postings,NO_READBACK,none,CALLER_REFERENCE,everysec,7.2.5,redis:7.2.5-alpine@sha256:6aaf3f5e6bc8a592fbfe2cccf19eb36d27c39d12dab4f4b01556b7449e7b1f44,aep_full-none-ledger_postings-8530cc0f-r1,1392344195,1,included,dc954af1a07d43470ddfdaf63206b96f18bfcd1e,ce36b784b54f312ba880c586df73ae47a27bcca6224a05b5560d52955c92e7a0,68ea8217ba99edb91eedbae0349ee65e0bbe3349bd842acdff0858d25d2349b3
stage3-2026-08-13-replication-1,redis-kill-preack,AEP_FULL,ledger_postings,NO_READBACK,none,CALLER_REFERENCE,everysec,7.2.5,redis:7.2.5-alpine@sha256:6aaf3f5e6bc8a592fbfe2cccf19eb36d27c39d12dab4f4b01556b7449e7b1f44,aep_full-none-ledger_postings-8530cc0f-r10,450184919,1,included,dc954af1a07d43470ddfdaf63206b96f18bfcd1e,ce36b784b54f312ba880c586df73ae47a27bcca6224a05b5560d52955c92e7a0,91b733b7ca8288927051bfca8035cb2198aa2c95b447de906ba6658fe5fa0712
stage3-2026-08-13-replication-1,redis-kill-preack,AEP_FULL,ledger_postings,NO_READBACK,none,CALLER_REFERENCE,everysec,7.2.5,redis:7.2.5-alpine@sha256:6aaf3f5e6bc8a592fbfe2cccf19eb36d27c39d12dab4f4b01556b7449e7b1f44,aep_full-none-ledger_postings-8530cc0f-r11,2131751838,1,included,dc954af1a07d43470ddfdaf63206b96f18bfcd1e,ce36b784b54f312ba880c586df73ae47a27bcca6224a05b5560d52955c92e7a0,a894d7c44472499aa28b6ebf9b1b59193221738f74df4e65b1d0a14ca44e18ac
stage3-2026-08-13-replication-1,redis-kill-preack,AEP_FULL,ledger_postings,NO_READBACK,none,CALLER_REFERENCE,everysec,7.2.5,redis:7.2.5-alpine@sha256:6aaf3f5e6bc8a592fbfe2cccf19eb36d27c39d12dab4f4b01556b7449e7b1f44,aep_full-none-ledger_postings-8530cc0f-r12,620200172,1,included,dc954af1a07d43470ddfdaf63206b96f18bfcd1e,ce36b784b54f312ba880c586df73ae47a27bcca6224a05b5560d52955c92e7a0,49234ff7bb0016261917c3fb3ce852fca58a58f566f38c65b3652671c97a1942
stage3-2026-08-13-replication-1,redis-kill-preack,AEP_FULL,ledger_postings,NO_READBACK,none,CALLER_REFERENCE,everysec,7.2.5,redis:7.2.5-alpine@sha256:6aaf3f5e6bc8a592fbfe2cccf19eb36d27c39d12dab4f4b01556b7449e7b1f44,aep_full-none-ledger_postings-8530cc0f-r13,979784459,1,included,dc954af1a07d43470ddfdaf63206b96f18bfcd1e,ce36b784b54f312ba880c586df73ae47a27bcca6224a05b5560d52955c92e7a0,8676f4773dfd30c461575eff0c7680e21d20cb92476edee80ad386bc74da2092
stage3-2026-08-13-replication-1,redis-kill-preack,AEP_FULL,ledger_postings,NO_READBACK,none,CALLER_REFERENCE,everysec,7.2.5,redis:7.2.5-alpine@sha256:6aaf3f5e6bc8a592fbfe2cccf19eb36d27c39d12dab4f4b01556b7449e7b1f44,aep_full-none-ledger_postings-8530cc0f-r14,494157344,1,included,dc954af1a07d43470ddfdaf63206b96f18bfcd1e,ce36b784b54f312ba880c586df73ae47a27bcca6224a05b5560d52955c92e7a0,6992b3c59971b43539d347ce8e5fb9a0c7665b695516c11b1d60548db0edf568
stage3-2026-08-13-replication-1,redis-kill-preack,AEP_FULL,ledger_postings,NO_READBACK,none,CALLER_REFERENCE,everysec,7.2.5,redis:7.2.5-alpine@sha256:6aaf3f5e6bc8a592fbfe2cccf19eb36d27c39d12dab4f4b01556b7449e7b1f44,aep_full-none-ledger_postings-8530cc0f-r15,1257282686,1,included,dc954af1a07d43470ddfdaf63206b96f18bfcd1e,ce36b784b54f312ba880c586df73ae47a27bcca6224a05b5560d52955c92e7a0,a4e4c9a918da1bb6e8e0ae4415547b873833a2c85c1584d4a27ae81ef23b314f
stage3-2026-08-13-replication-1,redis-kill-preack,AEP_FULL,ledger_postings,NO_READBACK,none,CALLER_REFERENCE,everysec,7.2.5,redis:7.2.5-alpine@sha256:6aaf3f5e6bc8a592fbfe2cccf19eb36d27c39d12dab4f4b01556b7449e7b1f44,aep_full-none-ledger_postings-8530cc0f-r16,1368065419,1,included,dc954af1a07d43470ddfdaf63206b96f18bfcd1e,ce36b784b54f312ba880c586df73ae47a27bcca6224a05b5560d52955c92e7a0,0bc5553dc591c6366d74142fa6a3b76ca09727231edcb1ac04aba9fd4cbe6e3d
stage3-2026-08-13-replication-1,redis-kill-preack,AEP_FULL,ledger_postings,NO_READBACK,none,CALLER_REFERENCE,everysec,7.2.5,redis:7.2.5-alpine@sha256:6aaf3f5e6bc8a592fbfe2cccf19eb36d27c39d12dab4f4b01556b7449e7b1f44,aep_full-none-ledger_postings-8530cc0f-r17,1743339539,1,included,dc954af1a07d43470ddfdaf63206b96f18bfcd1e,ce36b784b54f312ba880c586df73ae47a27bcca6224a05b5560d52955c92e7a0,3448ed13418fd38e3c8b0b76a9a7dbabdcbe944642d657f130299f9348479890
stage3-2026-08-13-replication-1,redis-kill-preack,AEP_FULL,ledger_postings,NO_READBACK,none,CALLER_REFERENCE,everysec,7.2.5,redis:7.2.5-alpine@sha256:6aaf3f5e6bc8a592fbfe2cccf19eb36d27c39d12dab4f4b01556b7449e7b1f44,aep_full-none-ledger_postings-8530cc0f-r18,484074073,1,included,dc954af1a07d43470ddfdaf63206b96f18bfcd1e,ce36b784b54f312ba880c586df73ae47a27bcca6224a05b5560d52955c92e7a0,e662320f8ecfd988fd614e209ccdf37dd86efad725a5bd26a6b0cd0b1d4627e0
stage3-2026-08-13-replication-1,redis-kill-preack,AEP_FULL,ledger_postings,NO_READBACK,none,CALLER_REFERENCE,everysec,7.2.5,redis:7.2.5-alpine@sha256:6aaf3f5e6bc8a592fbfe2cccf19eb36d27c39d12dab4f4b01556b7449e7b1f44,aep_full-none-ledger_postings-8530cc0f-r19,1054114556,1,included,dc954af1a07d43470ddfdaf63206b96f18bfcd1e,ce36b784b54f312ba880c586df73ae47a27bcca6224a05b5560d52955c92e7a0,9b4b916b5e378055a5d719c2bf9024aa7db323e81bb117d512ee6b2cf8a3495f
stage3-2026-08-13-replication-1,redis-kill-preack,AEP_FULL,ledger_postings,NO_READBACK,none,CALLER_REFERENCE,everysec,7.2.5,redis:7.2.5-alpine@sha256:6aaf3f5e6bc8a592fbfe2cccf19eb36d27c39d12dab4f4b01556b7449e7b1f44,aep_full-none-ledger_postings-8530cc0f-r2,310586385,1,included,dc954af1a07d43470ddfdaf63206b96f18bfcd1e,ce36b784b54f312ba880c586df73ae47a27bcca6224a05b5560d52955c92e7a0,14be2588127c732589b51a30f82112263609b9a4467e135497d4178567ee20bf
stage3-2026-08-13-replication-1,redis-kill-preack,AEP_FULL,ledger_postings,NO_READBACK,none,CALLER_REFERENCE,everysec,7.2.5,redis:7.2.5-alpine@sha256:6aaf3f5e6bc8a592fbfe2cccf19eb36d27c39d12dab4f4b01556b7449e7b1f44,aep_full-none-ledger_postings-8530cc0f-r20,666227676,1,included,dc954af1a07d43470ddfdaf63206b96f18bfcd1e,ce36b784b54f312ba880c586df73ae47a27bcca6224a05b5560d52955c92e7a0,52313c545fa3d342bfef71e0b8ba0283006aa37f973748fefcfbe211a7c99321
stage3-2026-08-13-replication-1,redis-kill-preack,AEP_FULL,ledger_postings,NO_READBACK,none,CALLER_REFERENCE,everysec,7.2.5,redis:7.2.5-alpine@sha256:6aaf3f5e6bc8a592fbfe2cccf19eb36d27c39d12dab4f4b01556b7449e7b1f44,aep_full-none-ledger_postings-8530cc0f-r21,2085509641,1,included,dc954af1a07d43470ddfdaf63206b96f18bfcd1e,ce36b784b54f312ba880c586df73ae47a27bcca6224a05b5560d52955c92e7a0,9587f2b8185c15356426a4e35fc7ab5548f08509513614cf382f9a4db139dcdf
stage3-2026-08-13-replication-1,redis-kill-preack,AEP_FULL,ledger_postings,NO_READBACK,none,CALLER_REFERENCE,everysec,7.2.5,redis:7.2.5-alpine@sha256:6aaf3f5e6bc8a592fbfe2cccf19eb36d27c39d12dab4f4b01556b7449e7b1f44,aep_full-none-ledger_postings-8530cc0f-r22,2073319077,1,included,dc954af1a07d43470ddfdaf63206b96f18bfcd1e,ce36b784b54f312ba880c586df73ae47a27bcca6224a05b5560d52955c92e7a0,7865902c8c73e2d91ac127cf1108c43e20844833c8d228da35d1e1171e589b4d
stage3-2026-08-13-replication-1,redis-kill-preack,AEP_FULL,ledger_postings,NO_READBACK,none,CALLER_REFERENCE,everysec,7.2.5,redis:7.2.5-alpine@sha256:6aaf3f5e6bc8a592fbfe2cccf19eb36d27c39d12dab4f4b01556b7449e7b1f44,aep_full-none-ledger_postings-8530cc0f-r23,690910316,1,included,dc954af1a07d43470ddfdaf63206b96f18bfcd1e,ce36b784b54f312ba880c586df73ae47a27bcca6224a05b5560d52955c92e7a0,e0a27216feaf4316537663235230df650ebd266f453a202976597d483c8635ef
stage3-2026-08-13-replication-1,redis-kill-preack,AEP_FULL,ledger_postings,NO_READBACK,none,CALLER_REFERENCE,everysec,7.2.5,redis:7.2.5-alpine@sha256:6aaf3f5e6bc8a592fbfe2cccf19eb36d27c39d12dab4f4b01556b7449e7b1f44,aep_full-none-ledger_postings-8530cc0f-r24,715407496,1,included,dc954af1a07d43470ddfdaf63206b96f18bfcd1e,ce36b784b54f312ba880c586df73ae47a27bcca6224a05b5560d52955c92e7a0,f0963faf6fb50f71d3dca2eef2a7b9505e1641da116092297caeaf5a48cd2b01
stage3-2026-08-13-replication-1,redis-kill-preack,AEP_FULL,ledger_postings,NO_READBACK,none,CALLER_REFERENCE,everysec,7.2.5,redis:7.2.5-alpine@sha256:6aaf3f5e6bc8a592fbfe2cccf19eb36d27c39d12dab4f4b01556b7449e7b1f44,aep_full-none-ledger_postings-8530cc0f-r25,512459511,1,included,dc954af1a07d43470ddfdaf63206b96f18bfcd1e,ce36b784b54f312ba880c586df73ae47a27bcca6224a05b5560d52955c92e7a0,19fec4432d0e7ef1a9841588cd452ac49282ff378efa59213102a4795c0b6853
stage3-2026-08-13-replication-1,redis-kill-preack,AEP_FULL,ledger_postings,NO_READBACK,none,CALLER_REFERENCE,everysec,7.2.5,redis:7.2.5-alpine@sha256:6aaf3f5e6bc8a592fbfe2cccf19eb36d27c39d12dab4f4b01556b7449e7b1f44,aep_full-none-ledger_postings-8530cc0f-r26,1830755936,1,included,dc954af1a07d43470ddfdaf63206b96f18bfcd1e,ce36b784b54f312ba880c586df73ae47a27bcca6224a05b5560d52955c92e7a0,3ec454130f918183eb07f6b24a3976f508e67ccfa4e6c5221120055e865b4e2f
stage3-2026-08-13-replication-1,redis-kill-preack,AEP_FULL,ledger_postings,NO_READBACK,none,CALLER_REFERENCE,everysec,7.2.5,redis:7.2.5-alpine@sha256:6aaf3f5e6bc8a592fbfe2cccf19eb36d27c39d12dab4f4b01556b7449e7b1f44,aep_full-none-ledger_postings-8530cc0f-r27,138705593,1,included,dc954af1a07d43470ddfdaf63206b96f18bfcd1e,ce36b784b54f312ba880c586df73ae47a27bcca6224a05b5560d52955c92e7a0,7adabb0773d55fe816ee870349aacad1494cfe0744feee6205e01aa3b15be180
stage3-2026-08-13-replication-1,redis-kill-preack,AEP_FULL,ledger_postings,NO_READBACK,none,CALLER_REFERENCE,everysec,7.2.5,redis:7.2.5-alpine@sha256:6aaf3f5e6bc8a592fbfe2cccf19eb36d27c39d12dab4f4b01556b7449e7b1f44,aep_full-none-ledger_postings-8530cc0f-r28,2013044117,1,included,dc954af1a07d43470ddfdaf63206b96f18bfcd1e,ce36b784b54f312ba880c586df73ae47a27bcca6224a05b5560d52955c92e7a0,a4b80c29c832ee81c11ae4eed2c24c120732d8b99a9c5f0f294c088b81afd8be
stage3-2026-08-13-replication-1,redis-kill-preack,AEP_FULL,ledger_postings,NO_READBACK,none,CALLER_REFERENCE,everysec,7.2.5,redis:7.2.5-alpine@sha256:6aaf3f5e6bc8a592fbfe2cccf19eb36d27c39d12dab4f4b01556b7449e7b1f44,aep_full-none-ledger_postings-8530cc0f-r29,1667250871,1,included,dc954af1a07d43470ddfdaf63206b96f18bfcd1e,ce36b784b54f312ba880c586df73ae47a27bcca6224a05b5560d52955c92e7a0,85f58f7e14556e7d0d26540d249693a543fa6e17f0e625083378f04b06dfabdf
stage3-2026-08-13-replication-1,redis-kill-preack,AEP_FULL,ledger_postings,NO_READBACK,none,CALLER_REFERENCE,everysec,7.2.5,redis:7.2.5-alpine@sha256:6aaf3f5e6bc8a592fbfe2cccf19eb36d27c39d12dab4f4b01556b7449e7b1f44,aep_full-none-ledger_postings-8530cc0f-r3,279986071,1,included,dc954af1a07d43470ddfdaf63206b96f18bfcd1e,ce36b784b54f312ba880c586df73ae47a27bcca6224a05b5560d52955c92e7a0,1a9c3053ada60adfee94abc5bff1a9e137190e42ba71e830a8c0b3fd6c5b8dd3
stage3-2026-08-13-replication-1,redis-kill-preack,AEP_FULL,ledger_postings,NO_READBACK,none,CALLER_REFERENCE,everysec,7.2.5,redis:7.2.5-alpine@sha256:6aaf3f5e6bc8a592fbfe2cccf19eb36d27c39d12dab4f4b01556b7449e7b1f44,aep_full-none-ledger_postings-8530cc0f-r4,1964223528,1,included,dc954af1a07d43470ddfdaf63206b96f18bfcd1e,ce36b784b54f312ba880c586df73ae47a27bcca6224a05b5560d52955c92e7a0,4347fb1ca8f62246389dc606225f88b23b338f49fd6cb72473b0495f6f3c52bc
stage3-2026-08-13-replication-1,redis-kill-preack,AEP_FULL,ledger_postings,NO_READBACK,none,CALLER_REFERENCE,everysec,7.2.5,redis:7.2.5-alpine@sha256:6aaf3f5e6bc8a592fbfe2cccf19eb36d27c39d12dab4f4b01556b7449e7b1f44,aep_full-none-ledger_postings-8530cc0f-r5,1580271097,1,included,dc954af1a07d43470ddfdaf63206b96f18bfcd1e,ce36b784b54f312ba880c586df73ae47a27bcca6224a05b5560d52955c92e7a0,321d1e1ee6a762e98fc996906b0ff8083745e1ece194a8f89d9141aed17543b3
stage3-2026-08-13-replication-1,redis-kill-preack,AEP_FULL,ledger_postings,NO_READBACK,none,CALLER_REFERENCE,everysec,7.2.5,redis:7.2.5-alpine@sha256:6aaf3f5e6bc8a592fbfe2cccf19eb36d27c39d12dab4f4b01556b7449e7b1f44,aep_full-none-ledger_postings-8530cc0f-r6,1371395916,1,included,dc954af1a07d43470ddfdaf63206b96f18bfcd1e,ce36b784b54f312ba880c586df73ae47a27bcca6224a05b5560d52955c92e7a0,97430b4823b130290d0f031380a5e08e2e371edec5e6791ff4d0747bc0a49c69
stage3-2026-08-13-replication-1,redis-kill-preack,AEP_FULL,ledger_postings,NO_READBACK,none,CALLER_REFERENCE,everysec,7.2.5,redis:7.2.5-alpine@sha256:6aaf3f5e6bc8a592fbfe2cccf19eb36d27c39d12dab4f4b01556b7449e7b1f44,aep_full-none-ledger_postings-8530cc0f-r7,505020428,1,included,dc954af1a07d43470ddfdaf63206b96f18bfcd1e,ce36b784b54f312ba880c586df73ae47a27bcca6224a05b5560d52955c92e7a0,b5977b10d8aa0e273921845ebac30d03218641fb9e9135c5c159459c1b45a5ec
stage3-2026-08-13-replication-1,redis-kill-preack,AEP_FULL,ledger_postings,NO_READBACK,none,CALLER_REFERENCE,everysec,7.2.5,redis:7.2.5-alpine@sha256:6aaf3f5e6bc8a592fbfe2cccf19eb36d27c39d12dab4f4b01556b7449e7b1f44,aep_full-none-ledger_postings-8530cc0f-r8,20703014,1,included,dc954af1a07d43470ddfdaf63206b96f18bfcd1e,ce36b784b54f312ba880c586df73ae47a27bcca6224a05b5560d52955c92e7a0,f7073afe18df639e9778b80b50b981a671f081a637d9b0c4bab5e326804da4bc
stage3-2026-08-13-replication-1,redis-kill-preack,AEP_FULL,ledger_postings,NO_READBACK,none,CALLER_REFERENCE,everysec,7.2.5,redis:7.2.5-alpine@sha256:6aaf3f5e6bc8a592fbfe2cccf19eb36d27c39d12dab4f4b01556b7449e7b1f44,aep_full-none-ledger_postings-8530cc0f-r9,928851150,1,included,dc954af1a07d43470ddfdaf63206b96f18bfcd1e,ce36b784b54f312ba880c586df73ae47a27bcca6224a05b5560d52955c92e7a0,e37f2c04adb343e1181a0ced42c57ab99608b6c2e16880c84c38372c76f43aab
stage3-2026-08-13-replication-1,p0,AEP_FULL,payments,AUTHORITATIVE_READBACK,none,CALLER_REFERENCE,everysec,7.2.5,redis:7.2.5-alpine@sha256:6aaf3f5e6bc8a592fbfe2cccf19eb36d27c39d12dab4f4b01556b7449e7b1f44,aep_full-none-payments-e5e5c7dc-r0,107492820,10,included,dc954af1a07d43470ddfdaf63206b96f18bfcd1e,ce36b784b54f312ba880c586df73ae47a27bcca6224a05b5560d52955c92e7a0,575550fd321cd5b930186144c91cff6fd4ed9968090c1a93c75173b561682c02
stage3-2026-08-13-replication-1,p0,AEP_FULL,payments,AUTHORITATIVE_READBACK,none,CALLER_REFERENCE,everysec,7.2.5,redis:7.2.5-alpine@sha256:6aaf3f5e6bc8a592fbfe2cccf19eb36d27c39d12dab4f4b01556b7449e7b1f44,aep_full-none-payments-e5e5c7dc-r1,1124011646,10,included,dc954af1a07d43470ddfdaf63206b96f18bfcd1e,ce36b784b54f312ba880c586df73ae47a27bcca6224a05b5560d52955c92e7a0,ebf98db8b4e55ca21dd1563687625f8e74faccd6c36fadbb4195cf208613b017
stage3-2026-08-13-replication-1,p0,AEP_FULL,payments,AUTHORITATIVE_READBACK,none,CALLER_REFERENCE,everysec,7.2.5,redis:7.2.5-alpine@sha256:6aaf3f5e6bc8a592fbfe2cccf19eb36d27c39d12dab4f4b01556b7449e7b1f44,aep_full-none-payments-e5e5c7dc-r2,830175505,10,included,dc954af1a07d43470ddfdaf63206b96f18bfcd1e,ce36b784b54f312ba880c586df73ae47a27bcca6224a05b5560d52955c92e7a0,a523e54566b1f2ce6710454decb670e5a5e024756a48db7c59ff724a3c211a3d
stage3-2026-08-13-replication-1,crashed,B0_NAIVE_RETRY,ledger_postings,NO_READBACK,after_barrier_before_dispatch,CALLER_REFERENCE,everysec,7.2.5,redis:7.2.5-alpine@sha256:6aaf3f5e6bc8a592fbfe2cccf19eb36d27c39d12dab4f4b01556b7449e7b1f44,b0_naive_retry-after_barrier_before_dispatch-ledger_postings-73c409e9-r0,2111204840,10,included,dc954af1a07d43470ddfdaf63206b96f18bfcd1e,ce36b784b54f312ba880c586df73ae47a27bcca6224a05b5560d52955c92e7a0,4f64b5d2981fea1d4811c908b3d0c4afbdabcd7a05c6a0ada0299336101bd4ff
stage3-2026-08-13-replication-1,crashed,B0_NAIVE_RETRY,ledger_postings,NO_READBACK,after_barrier_before_dispatch,CALLER_REFERENCE,everysec,7.2.5,redis:7.2.5-alpine@sha256:6aaf3f5e6bc8a592fbfe2cccf19eb36d27c39d12dab4f4b01556b7449e7b1f44,b0_naive_retry-after_barrier_before_dispatch-ledger_postings-73c409e9-r1,192775760,10,included,dc954af1a07d43470ddfdaf63206b96f18bfcd1e,ce36b784b54f312ba880c586df73ae47a27bcca6224a05b5560d52955c92e7a0,d99c8f058f83ed1b0bd8922c320e104d8ccc70a37dd2da521d21f7a29815ecbd
stage3-2026-08-13-replication-1,crashed,B0_NAIVE_RETRY,ledger_postings,NO_READBACK,after_barrier_before_dispatch,CALLER_REFERENCE,everysec,7.2.5,redis:7.2.5-alpine@sha256:6aaf3f5e6bc8a592fbfe2cccf19eb36d27c39d12dab4f4b01556b7449e7b1f44,b0_naive_retry-after_barrier_before_dispatch-ledger_postings-73c409e9-r2,1591054379,10,included,dc954af1a07d43470ddfdaf63206b96f18bfcd1e,ce36b784b54f312ba880c586df73ae47a27bcca6224a05b5560d52955c92e7a0,d1be3ab28641de6f992cb662583360d58f59538ad9428823519140b410f630e0
stage3-2026-08-13-replication-1,crashed,B0_NAIVE_RETRY,notifications,POSITIVE_ONLY_READBACK,after_barrier_before_dispatch,CALLER_REFERENCE,everysec,7.2.5,redis:7.2.5-alpine@sha256:6aaf3f5e6bc8a592fbfe2cccf19eb36d27c39d12dab4f4b01556b7449e7b1f44,b0_naive_retry-after_barrier_before_dispatch-notifications-cd1bb046-r0,1696473365,10,included,dc954af1a07d43470ddfdaf63206b96f18bfcd1e,ce36b784b54f312ba880c586df73ae47a27bcca6224a05b5560d52955c92e7a0,487487a10cd29d08229c00e5fc1bd73090f8ac1d28f7703dca0ca1cebfc09b57
stage3-2026-08-13-replication-1,crashed,B0_NAIVE_RETRY,notifications,POSITIVE_ONLY_READBACK,after_barrier_before_dispatch,CALLER_REFERENCE,everysec,7.2.5,redis:7.2.5-alpine@sha256:6aaf3f5e6bc8a592fbfe2cccf19eb36d27c39d12dab4f4b01556b7449e7b1f44,b0_naive_retry-after_barrier_before_dispatch-notifications-cd1bb046-r1,1440932718,10,included,dc954af1a07d43470ddfdaf63206b96f18bfcd1e,ce36b784b54f312ba880c586df73ae47a27bcca6224a05b5560d52955c92e7a0,acb163b64cddd0e6f657c7e164b14d4249b9b9cc3d9a7d988e17ca7469901fcd
stage3-2026-08-13-replication-1,crashed,B0_NAIVE_RETRY,notifications,POSITIVE_ONLY_READBACK,after_barrier_before_dispatch,CALLER_REFERENCE,everysec,7.2.5,redis:7.2.5-alpine@sha256:6aaf3f5e6bc8a592fbfe2cccf19eb36d27c39d12dab4f4b01556b7449e7b1f44,b0_naive_retry-after_barrier_before_dispatch-notifications-cd1bb046-r2,1154278814,10,included,dc954af1a07d43470ddfdaf63206b96f18bfcd1e,ce36b784b54f312ba880c586df73ae47a27bcca6224a05b5560d52955c92e7a0,78340f226354a649affc96e09a7ad39c75c2aeb019d09ee5d3573a1270b3c76f
stage3-2026-08-13-replication-1,crashed,B0_NAIVE_RETRY,payments,AUTHORITATIVE_READBACK,after_barrier_before_dispatch,CALLER_REFERENCE,everysec,7.2.5,redis:7.2.5-alpine@sha256:6aaf3f5e6bc8a592fbfe2cccf19eb36d27c39d12dab4f4b01556b7449e7b1f44,b0_naive_retry-after_barrier_before_dispatch-payments-3e961d07-r0,1999551654,10,included,dc954af1a07d43470ddfdaf63206b96f18bfcd1e,ce36b784b54f312ba880c586df73ae47a27bcca6224a05b5560d52955c92e7a0,a5413dd7fddbe178741c15c4ec21adc5530a1393bd676ae36706a17fdc80124d
stage3-2026-08-13-replication-1,crashed,B0_NAIVE_RETRY,payments,AUTHORITATIVE_READBACK,after_barrier_before_dispatch,CALLER_REFERENCE,everysec,7.2.5,redis:7.2.5-alpine@sha256:6aaf3f5e6bc8a592fbfe2cccf19eb36d27c39d12dab4f4b01556b7449e7b1f44,b0_naive_retry-after_barrier_before_dispatch-payments-3e961d07-r1,1934785266,10,included,dc954af1a07d43470ddfdaf63206b96f18bfcd1e,ce36b784b54f312ba880c586df73ae47a27bcca6224a05b5560d52955c92e7a0,ffe6f98d04b633f712cd05bfec61ea7758a095f2fdd0e75d753c1763b580a4e4
stage3-2026-08-13-replication-1,crashed,B0_NAIVE_RETRY,payments,AUTHORITATIVE_READBACK,after_barrier_before_dispatch,CALLER_REFERENCE,everysec,7.2.5,redis:7.2.5-alpine@sha256:6aaf3f5e6bc8a592fbfe2cccf19eb36d27c39d12dab4f4b01556b7449e7b1f44,b0_naive_retry-after_barrier_before_dispatch-payments-3e961d07-r2,1400025386,10,included,dc954af1a07d43470ddfdaf63206b96f18bfcd1e,ce36b784b54f312ba880c586df73ae47a27bcca6224a05b5560d52955c92e7a0,545b65a98d88dc2300fa67129a0b44a943ee7f36313ebe66a40ce0d1e73f8180
stage3-2026-08-13-replication-1,crashed,B0_NAIVE_RETRY,ledger_postings,NO_READBACK,after_resolution_before_barrier,CALLER_REFERENCE,everysec,7.2.5,redis:7.2.5-alpine@sha256:6aaf3f5e6bc8a592fbfe2cccf19eb36d27c39d12dab4f4b01556b7449e7b1f44,b0_naive_retry-after_resolution_before_barrier-ledger_postings-2dcedbd2-r0,1394501372,10,included,dc954af1a07d43470ddfdaf63206b96f18bfcd1e,ce36b784b54f312ba880c586df73ae47a27bcca6224a05b5560d52955c92e7a0,4c9afeed878727a2af12ec7b078cab98d8961e0b272203e79323c6224f3fbe8a
stage3-2026-08-13-replication-1,crashed,B0_NAIVE_RETRY,ledger_postings,NO_READBACK,after_resolution_before_barrier,CALLER_REFERENCE,everysec,7.2.5,redis:7.2.5-alpine@sha256:6aaf3f5e6bc8a592fbfe2cccf19eb36d27c39d12dab4f4b01556b7449e7b1f44,b0_naive_retry-after_resolution_before_barrier-ledger_postings-2dcedbd2-r1,1933578577,10,included,dc954af1a07d43470ddfdaf63206b96f18bfcd1e,ce36b784b54f312ba880c586df73ae47a27bcca6224a05b5560d52955c92e7a0,4e79294f9990f395ed8a793eca83f5e153b1c95fae089342a4d75905aea33f06
stage3-2026-08-13-replication-1,crashed,B0_NAIVE_RETRY,ledger_postings,NO_READBACK,after_resolution_before_barrier,CALLER_REFERENCE,everysec,7.2.5,redis:7.2.5-alpine@sha256:6aaf3f5e6bc8a592fbfe2cccf19eb36d27c39d12dab4f4b01556b7449e7b1f44,b0_naive_retry-after_resolution_before_barrier-ledger_postings-2dcedbd2-r2,1634750006,10,included,dc954af1a07d43470ddfdaf63206b96f18bfcd1e,ce36b784b54f312ba880c586df73ae47a27bcca6224a05b5560d52955c92e7a0,75b3551e2bef4862c91e01351323fe83146f55e608f0beec1b33b597182215fc
stage3-2026-08-13-replication-1,crashed,B0_NAIVE_RETRY,notifications,POSITIVE_ONLY_READBACK,after_resolution_before_barrier,CALLER_REFERENCE,everysec,7.2.5,redis:7.2.5-alpine@sha256:6aaf3f5e6bc8a592fbfe2cccf19eb36d27c39d12dab4f4b01556b7449e7b1f44,b0_naive_retry-after_resolution_before_barrier-notifications-f062a7ca-r0,461341658,10,included,dc954af1a07d43470ddfdaf63206b96f18bfcd1e,ce36b784b54f312ba880c586df73ae47a27bcca6224a05b5560d52955c92e7a0,e9cb62ee9e95ef0293b7ffc073262d55b98ffee7210917176edb4aabcc5c0b01
stage3-2026-08-13-replication-1,crashed,B0_NAIVE_RETRY,notifications,POSITIVE_ONLY_READBACK,after_resolution_before_barrier,CALLER_REFERENCE,everysec,7.2.5,redis:7.2.5-alpine@sha256:6aaf3f5e6bc8a592fbfe2cccf19eb36d27c39d12dab4f4b01556b7449e7b1f44,b0_naive_retry-after_resolution_before_barrier-notifications-f062a7ca-r1,884495808,10,included,dc954af1a07d43470ddfdaf63206b96f18bfcd1e,ce36b784b54f312ba880c586df73ae47a27bcca6224a05b5560d52955c92e7a0,1e1ac72b1ad65afecc52f2cece2a07c79c6fcff7279ce058e215ec34b32435bd
stage3-2026-08-13-replication-1,crashed,B0_NAIVE_RETRY,notifications,POSITIVE_ONLY_READBACK,after_resolution_before_barrier,CALLER_REFERENCE,everysec,7.2.5,redis:7.2.5-alpine@sha256:6aaf3f5e6bc8a592fbfe2cccf19eb36d27c39d12dab4f4b01556b7449e7b1f44,b0_naive_retry-after_resolution_before_barrier-notifications-f062a7ca-r2,884500860,10,included,dc954af1a07d43470ddfdaf63206b96f18bfcd1e,ce36b784b54f312ba880c586df73ae47a27bcca6224a05b5560d52955c92e7a0,65f6b873e7216d60f9ce7246a709e783d4d78eb280d661776023e5f47fbd77f5
stage3-2026-08-13-replication-1,crashed,B0_NAIVE_RETRY,payments,AUTHORITATIVE_READBACK,after_resolution_before_barrier,CALLER_REFERENCE,everysec,7.2.5,redis:7.2.5-alpine@sha256:6aaf3f5e6bc8a592fbfe2cccf19eb36d27c39d12dab4f4b01556b7449e7b1f44,b0_naive_retry-after_resolution_before_barrier-payments-44c57139-r0,822420605,10,included,dc954af1a07d43470ddfdaf63206b96f18bfcd1e,ce36b784b54f312ba880c586df73ae47a27bcca6224a05b5560d52955c92e7a0,325ed544d6f013f9da523e69a749d2edbb4d3fc098b7d76f89da275346671aa8
stage3-2026-08-13-replication-1,crashed,B0_NAIVE_RETRY,payments,AUTHORITATIVE_READBACK,after_resolution_before_barrier,CALLER_REFERENCE,everysec,7.2.5,redis:7.2.5-alpine@sha256:6aaf3f5e6bc8a592fbfe2cccf19eb36d27c39d12dab4f4b01556b7449e7b1f44,b0_naive_retry-after_resolution_before_barrier-payments-44c57139-r1,313368103,10,included,dc954af1a07d43470ddfdaf63206b96f18bfcd1e,ce36b784b54f312ba880c586df73ae47a27bcca6224a05b5560d52955c92e7a0,49e9b36ed7d659938c916a7b8f5eb93b06531aa4b5ae94c94a6792828041e9b9
stage3-2026-08-13-replication-1,crashed,B0_NAIVE_RETRY,payments,AUTHORITATIVE_READBACK,after_resolution_before_barrier,CALLER_REFERENCE,everysec,7.2.5,redis:7.2.5-alpine@sha256:6aaf3f5e6bc8a592fbfe2cccf19eb36d27c39d12dab4f4b01556b7449e7b1f44,b0_naive_retry-after_resolution_before_barrier-payments-44c57139-r2,731872166,10,included,dc954af1a07d43470ddfdaf63206b96f18bfcd1e,ce36b784b54f312ba880c586df73ae47a27bcca6224a05b5560d52955c92e7a0,117938bee12ebed7b996d8781d52e05ea65aa74f5c5a95f7439ac3c258404d1d
stage3-2026-08-13-replication-1,crashed,B0_NAIVE_RETRY,ledger_postings,NO_READBACK,after_response_before_resolution,CALLER_REFERENCE,everysec,7.2.5,redis:7.2.5-alpine@sha256:6aaf3f5e6bc8a592fbfe2cccf19eb36d27c39d12dab4f4b01556b7449e7b1f44,b0_naive_retry-after_response_before_resolution-ledger_postings-657f6e05-r0,1162718690,10,included,dc954af1a07d43470ddfdaf63206b96f18bfcd1e,ce36b784b54f312ba880c586df73ae47a27bcca6224a05b5560d52955c92e7a0,3dfb7a19fa066e581ad02a6b0a46e5ae5c7935c05c19897506c60eb6c977c9d4
stage3-2026-08-13-replication-1,crashed,B0_NAIVE_RETRY,ledger_postings,NO_READBACK,after_response_before_resolution,CALLER_REFERENCE,everysec,7.2.5,redis:7.2.5-alpine@sha256:6aaf3f5e6bc8a592fbfe2cccf19eb36d27c39d12dab4f4b01556b7449e7b1f44,b0_naive_retry-after_response_before_resolution-ledger_postings-657f6e05-r1,931523866,10,included,dc954af1a07d43470ddfdaf63206b96f18bfcd1e,ce36b784b54f312ba880c586df73ae47a27bcca6224a05b5560d52955c92e7a0,aa31185061850454297a6209161149226803509c5c6daab430ef9aa13a897840
stage3-2026-08-13-replication-1,crashed,B0_NAIVE_RETRY,ledger_postings,NO_READBACK,after_response_before_resolution,CALLER_REFERENCE,everysec,7.2.5,redis:7.2.5-alpine@sha256:6aaf3f5e6bc8a592fbfe2cccf19eb36d27c39d12dab4f4b01556b7449e7b1f44,b0_naive_retry-after_response_before_resolution-ledger_postings-657f6e05-r2,1077549887,10,included,dc954af1a07d43470ddfdaf63206b96f18bfcd1e,ce36b784b54f312ba880c586df73ae47a27bcca6224a05b5560d52955c92e7a0,f500d5a9761a17c995720ea76905fcd9c4b8b5372abb682a221f8ea38dbddb20
stage3-2026-08-13-replication-1,crashed,B0_NAIVE_RETRY,notifications,POSITIVE_ONLY_READBACK,after_response_before_resolution,CALLER_REFERENCE,everysec,7.2.5,redis:7.2.5-alpine@sha256:6aaf3f5e6bc8a592fbfe2cccf19eb36d27c39d12dab4f4b01556b7449e7b1f44,b0_naive_retry-after_response_before_resolution-notifications-bb688140-r0,1489589949,10,included,dc954af1a07d43470ddfdaf63206b96f18bfcd1e,ce36b784b54f312ba880c586df73ae47a27bcca6224a05b5560d52955c92e7a0,c3795c9cc3eaf54f2fae79effe59a099f90a8ab81bd9b56447c7186223ced45e
stage3-2026-08-13-replication-1,crashed,B0_NAIVE_RETRY,notifications,POSITIVE_ONLY_READBACK,after_response_before_resolution,CALLER_REFERENCE,everysec,7.2.5,redis:7.2.5-alpine@sha256:6aaf3f5e6bc8a592fbfe2cccf19eb36d27c39d12dab4f4b01556b7449e7b1f44,b0_naive_retry-after_response_before_resolution-notifications-bb688140-r1,2019093338,10,included,dc954af1a07d43470ddfdaf63206b96f18bfcd1e,ce36b784b54f312ba880c586df73ae47a27bcca6224a05b5560d52955c92e7a0,22a26f77f7f1a775beb4c461d3894c47bc30d5a8ef06b6ff4e7a24ff43b25178
stage3-2026-08-13-replication-1,crashed,B0_NAIVE_RETRY,notifications,POSITIVE_ONLY_READBACK,after_response_before_resolution,CALLER_REFERENCE,everysec,7.2.5,redis:7.2.5-alpine@sha256:6aaf3f5e6bc8a592fbfe2cccf19eb36d27c39d12dab4f4b01556b7449e7b1f44,b0_naive_retry-after_response_before_resolution-notifications-bb688140-r2,732104004,10,included,dc954af1a07d43470ddfdaf63206b96f18bfcd1e,ce36b784b54f312ba880c586df73ae47a27bcca6224a05b5560d52955c92e7a0,07ca0734ff29309de5938526d43fbcc47cd27dce2c78ebc8901a970a766c23f4
stage3-2026-08-13-replication-1,crashed,B0_NAIVE_RETRY,payments,AUTHORITATIVE_READBACK,after_response_before_resolution,CALLER_REFERENCE,everysec,7.2.5,redis:7.2.5-alpine@sha256:6aaf3f5e6bc8a592fbfe2cccf19eb36d27c39d12dab4f4b01556b7449e7b1f44,b0_naive_retry-after_response_before_resolution-payments-62a88538-r0,345472688,10,included,dc954af1a07d43470ddfdaf63206b96f18bfcd1e,ce36b784b54f312ba880c586df73ae47a27bcca6224a05b5560d52955c92e7a0,3f6dfed9b4a263d1d5e28dae2826bc9ac6895c5a2aeffd509603155c45acf1f1
stage3-2026-08-13-replication-1,crashed,B0_NAIVE_RETRY,payments,AUTHORITATIVE_READBACK,after_response_before_resolution,CALLER_REFERENCE,everysec,7.2.5,redis:7.2.5-alpine@sha256:6aaf3f5e6bc8a592fbfe2cccf19eb36d27c39d12dab4f4b01556b7449e7b1f44,b0_naive_retry-after_response_before_resolution-payments-62a88538-r1,533971489,10,included,dc954af1a07d43470ddfdaf63206b96f18bfcd1e,ce36b784b54f312ba880c586df73ae47a27bcca6224a05b5560d52955c92e7a0,6435742345dd60938e160a73e32be8fd91a2187f1aa4eb0f3bc900facf4597c7
stage3-2026-08-13-replication-1,crashed,B0_NAIVE_RETRY,payments,AUTHORITATIVE_READBACK,after_response_before_resolution,CALLER_REFERENCE,everysec,7.2.5,redis:7.2.5-alpine@sha256:6aaf3f5e6bc8a592fbfe2cccf19eb36d27c39d12dab4f4b01556b7449e7b1f44,b0_naive_retry-after_response_before_resolution-payments-62a88538-r2,1202443102,10,included,dc954af1a07d43470ddfdaf63206b96f18bfcd1e,ce36b784b54f312ba880c586df73ae47a27bcca6224a05b5560d52955c92e7a0,d27de3af719ad6d43b7a655c4d55a3814b894bbaa1b9843f3d8f3d588bd93238
stage3-2026-08-13-replication-1,crashed,B0_NAIVE_RETRY,ledger_postings,NO_READBACK,before_intent_write,CALLER_REFERENCE,everysec,7.2.5,redis:7.2.5-alpine@sha256:6aaf3f5e6bc8a592fbfe2cccf19eb36d27c39d12dab4f4b01556b7449e7b1f44,b0_naive_retry-before_intent_write-ledger_postings-84d5bb52-r0,966843500,10,included,dc954af1a07d43470ddfdaf63206b96f18bfcd1e,ce36b784b54f312ba880c586df73ae47a27bcca6224a05b5560d52955c92e7a0,00723ae130f43f5a972db7538b6c68b18c7b9580ef994845684dd6accd86eaaf
stage3-2026-08-13-replication-1,crashed,B0_NAIVE_RETRY,ledger_postings,NO_READBACK,before_intent_write,CALLER_REFERENCE,everysec,7.2.5,redis:7.2.5-alpine@sha256:6aaf3f5e6bc8a592fbfe2cccf19eb36d27c39d12dab4f4b01556b7449e7b1f44,b0_naive_retry-before_intent_write-ledger_postings-84d5bb52-r1,1144014691,10,included,dc954af1a07d43470ddfdaf63206b96f18bfcd1e,ce36b784b54f312ba880c586df73ae47a27bcca6224a05b5560d52955c92e7a0,955cf0cf03b16ee7ab7c849529cf3c9c13ff1163410d9a2762ad4ac7b50148f1
stage3-2026-08-13-replication-1,crashed,B0_NAIVE_RETRY,ledger_postings,NO_READBACK,before_intent_write,CALLER_REFERENCE,everysec,7.2.5,redis:7.2.5-alpine@sha256:6aaf3f5e6bc8a592fbfe2cccf19eb36d27c39d12dab4f4b01556b7449e7b1f44,b0_naive_retry-before_intent_write-ledger_postings-84d5bb52-r2,173414475,10,included,dc954af1a07d43470ddfdaf63206b96f18bfcd1e,ce36b784b54f312ba880c586df73ae47a27bcca6224a05b5560d52955c92e7a0,85c86deeadf3d36037deaf202917fe55ca041ad4c0da52b814918cd378929e63
stage3-2026-08-13-replication-1,crashed,B0_NAIVE_RETRY,notifications,POSITIVE_ONLY_READBACK,before_intent_write,CALLER_REFERENCE,everysec,7.2.5,redis:7.2.5-alpine@sha256:6aaf3f5e6bc8a592fbfe2cccf19eb36d27c39d12dab4f4b01556b7449e7b1f44,b0_naive_retry-before_intent_write-notifications-77100fff-r0,1840096794,10,included,dc954af1a07d43470ddfdaf63206b96f18bfcd1e,ce36b784b54f312ba880c586df73ae47a27bcca6224a05b5560d52955c92e7a0,1beb3d167d61595abe20dd331bbf4ccfd41784940750b94dd3a0f763b883982d
stage3-2026-08-13-replication-1,crashed,B0_NAIVE_RETRY,notifications,POSITIVE_ONLY_READBACK,before_intent_write,CALLER_REFERENCE,everysec,7.2.5,redis:7.2.5-alpine@sha256:6aaf3f5e6bc8a592fbfe2cccf19eb36d27c39d12dab4f4b01556b7449e7b1f44,b0_naive_retry-before_intent_write-notifications-77100fff-r1,843323957,10,included,dc954af1a07d43470ddfdaf63206b96f18bfcd1e,ce36b784b54f312ba880c586df73ae47a27bcca6224a05b5560d52955c92e7a0,18aed9eca7c0be568f907fe0502436656b34c5e4b7ee2fc153075d08c1bdb9fd
stage3-2026-08-13-replication-1,crashed,B0_NAIVE_RETRY,notifications,POSITIVE_ONLY_READBACK,before_intent_write,CALLER_REFERENCE,everysec,7.2.5,redis:7.2.5-alpine@sha256:6aaf3f5e6bc8a592fbfe2cccf19eb36d27c39d12dab4f4b01556b7449e7b1f44,b0_naive_retry-before_intent_write-notifications-77100fff-r2,511065796,10,included,dc954af1a07d43470ddfdaf63206b96f18bfcd1e,ce36b784b54f312ba880c586df73ae47a27bcca6224a05b5560d52955c92e7a0,662f9de7e46ef843b0dae9609355d8156665d128f10995db23175e05b3ccc2ff
stage3-2026-08-13-replication-1,crashed,B0_NAIVE_RETRY,payments,AUTHORITATIVE_READBACK,before_intent_write,CALLER_REFERENCE,everysec,7.2.5,redis:7.2.5-alpine@sha256:6aaf3f5e6bc8a592fbfe2cccf19eb36d27c39d12dab4f4b01556b7449e7b1f44,b0_naive_retry-before_intent_write-payments-138013f4-r0,1411332552,10,included,dc954af1a07d43470ddfdaf63206b96f18bfcd1e,ce36b784b54f312ba880c586df73ae47a27bcca6224a05b5560d52955c92e7a0,38d024605c69396bd8967ac48fa53c57fbf3433bf298255f2c3937b8e78e58df
stage3-2026-08-13-replication-1,crashed,B0_NAIVE_RETRY,payments,AUTHORITATIVE_READBACK,before_intent_write,CALLER_REFERENCE,everysec,7.2.5,redis:7.2.5-alpine@sha256:6aaf3f5e6bc8a592fbfe2cccf19eb36d27c39d12dab4f4b01556b7449e7b1f44,b0_naive_retry-before_intent_write-payments-138013f4-r1,655411379,10,included,dc954af1a07d43470ddfdaf63206b96f18bfcd1e,ce36b784b54f312ba880c586df73ae47a27bcca6224a05b5560d52955c92e7a0,71af4ec5d46cb48c3fb675db8a4bce070631e622d428b7dd13d858bd4a3de7cb
stage3-2026-08-13-replication-1,crashed,B0_NAIVE_RETRY,payments,AUTHORITATIVE_READBACK,before_intent_write,CALLER_REFERENCE,everysec,7.2.5,redis:7.2.5-alpine@sha256:6aaf3f5e6bc8a592fbfe2cccf19eb36d27c39d12dab4f4b01556b7449e7b1f44,b0_naive_retry-before_intent_write-payments-138013f4-r2,649350482,10,included,dc954af1a07d43470ddfdaf63206b96f18bfcd1e,ce36b784b54f312ba880c586df73ae47a27bcca6224a05b5560d52955c92e7a0,b93b36ab387bfaa1b42ab5292e82efb6c964083b9178b2f6d8bf2dd6b09ead1f
stage3-2026-08-13-replication-1,crashed,B0_NAIVE_RETRY,ledger_postings,NO_READBACK,mid_dispatch,CALLER_REFERENCE,everysec,7.2.5,redis:7.2.5-alpine@sha256:6aaf3f5e6bc8a592fbfe2cccf19eb36d27c39d12dab4f4b01556b7449e7b1f44,b0_naive_retry-mid_dispatch-ledger_postings-113a7e49-r0,1387997267,10,included,dc954af1a07d43470ddfdaf63206b96f18bfcd1e,ce36b784b54f312ba880c586df73ae47a27bcca6224a05b5560d52955c92e7a0,99156dbf113e2cab36e3e8e9b2bdc738afc5dda235816ec96c0a4a13b4e2e10a
stage3-2026-08-13-replication-1,crashed,B0_NAIVE_RETRY,ledger_postings,NO_READBACK,mid_dispatch,CALLER_REFERENCE,everysec,7.2.5,redis:7.2.5-alpine@sha256:6aaf3f5e6bc8a592fbfe2cccf19eb36d27c39d12dab4f4b01556b7449e7b1f44,b0_naive_retry-mid_dispatch-ledger_postings-113a7e49-r1,2009850290,10,included,dc954af1a07d43470ddfdaf63206b96f18bfcd1e,ce36b784b54f312ba880c586df73ae47a27bcca6224a05b5560d52955c92e7a0,1d1348bf94909df1d9ed77e048ec0c6e7a7fb09328d5f6503c9a89519c6678fa
stage3-2026-08-13-replication-1,crashed,B0_NAIVE_RETRY,ledger_postings,NO_READBACK,mid_dispatch,CALLER_REFERENCE,everysec,7.2.5,redis:7.2.5-alpine@sha256:6aaf3f5e6bc8a592fbfe2cccf19eb36d27c39d12dab4f4b01556b7449e7b1f44,b0_naive_retry-mid_dispatch-ledger_postings-113a7e49-r2,1117241817,10,included,dc954af1a07d43470ddfdaf63206b96f18bfcd1e,ce36b784b54f312ba880c586df73ae47a27bcca6224a05b5560d52955c92e7a0,5de4021633b1f29d2fbce759dbe5dc0354b9f71f6bb539a7a78cd8928231a420
stage3-2026-08-13-replication-1,crashed,B0_NAIVE_RETRY,notifications,POSITIVE_ONLY_READBACK,mid_dispatch,CALLER_REFERENCE,everysec,7.2.5,redis:7.2.5-alpine@sha256:6aaf3f5e6bc8a592fbfe2cccf19eb36d27c39d12dab4f4b01556b7449e7b1f44,b0_naive_retry-mid_dispatch-notifications-54dae940-r0,4811467,10,included,dc954af1a07d43470ddfdaf63206b96f18bfcd1e,ce36b784b54f312ba880c586df73ae47a27bcca6224a05b5560d52955c92e7a0,c98937c844ec100b353552d330a560070d35ccba6375abdcfa5bc149b3e437e6
stage3-2026-08-13-replication-1,crashed,B0_NAIVE_RETRY,notifications,POSITIVE_ONLY_READBACK,mid_dispatch,CALLER_REFERENCE,everysec,7.2.5,redis:7.2.5-alpine@sha256:6aaf3f5e6bc8a592fbfe2cccf19eb36d27c39d12dab4f4b01556b7449e7b1f44,b0_naive_retry-mid_dispatch-notifications-54dae940-r1,321273130,10,included,dc954af1a07d43470ddfdaf63206b96f18bfcd1e,ce36b784b54f312ba880c586df73ae47a27bcca6224a05b5560d52955c92e7a0,ab8717964e1743255adb5e6c6ecde8c87ae07bd3b09b5ec5a2850a4bc5cca519
stage3-2026-08-13-replication-1,crashed,B0_NAIVE_RETRY,notifications,POSITIVE_ONLY_READBACK,mid_dispatch,CALLER_REFERENCE,everysec,7.2.5,redis:7.2.5-alpine@sha256:6aaf3f5e6bc8a592fbfe2cccf19eb36d27c39d12dab4f4b01556b7449e7b1f44,b0_naive_retry-mid_dispatch-notifications-54dae940-r2,1021728548,10,included,dc954af1a07d43470ddfdaf63206b96f18bfcd1e,ce36b784b54f312ba880c586df73ae47a27bcca6224a05b5560d52955c92e7a0,3111683ecb722471176f2a681cbb5bf8d42df013260285a043283802dc360203
stage3-2026-08-13-replication-1,crashed,B0_NAIVE_RETRY,payments,AUTHORITATIVE_READBACK,mid_dispatch,CALLER_REFERENCE,everysec,7.2.5,redis:7.2.5-alpine@sha256:6aaf3f5e6bc8a592fbfe2cccf19eb36d27c39d12dab4f4b01556b7449e7b1f44,b0_naive_retry-mid_dispatch-payments-4aba1e66-r0,508280364,10,included,dc954af1a07d43470ddfdaf63206b96f18bfcd1e,ce36b784b54f312ba880c586df73ae47a27bcca6224a05b5560d52955c92e7a0,b658adca98f55f8ee457b59761c0d97895026843e32d1df8ad3219659d198083
stage3-2026-08-13-replication-1,crashed,B0_NAIVE_RETRY,payments,AUTHORITATIVE_READBACK,mid_dispatch,CALLER_REFERENCE,everysec,7.2.5,redis:7.2.5-alpine@sha256:6aaf3f5e6bc8a592fbfe2cccf19eb36d27c39d12dab4f4b01556b7449e7b1f44,b0_naive_retry-mid_dispatch-payments-4aba1e66-r1,2100099796,10,included,dc954af1a07d43470ddfdaf63206b96f18bfcd1e,ce36b784b54f312ba880c586df73ae47a27bcca6224a05b5560d52955c92e7a0,7bdfada9b6396820b08699174463c1dd2426062473af640f1fbfd9394536c951
stage3-2026-08-13-replication-1,crashed,B0_NAIVE_RETRY,payments,AUTHORITATIVE_READBACK,mid_dispatch,CALLER_REFERENCE,everysec,7.2.5,redis:7.2.5-alpine@sha256:6aaf3f5e6bc8a592fbfe2cccf19eb36d27c39d12dab4f4b01556b7449e7b1f44,b0_naive_retry-mid_dispatch-payments-4aba1e66-r2,2077077334,10,included,dc954af1a07d43470ddfdaf63206b96f18bfcd1e,ce36b784b54f312ba880c586df73ae47a27bcca6224a05b5560d52955c92e7a0,92a5377a4e6961ac1f68f7f5cb9b330b03fd94849a8b98364726ebbd5c624deb
stage3-2026-08-13-replication-1,p0,B0_NAIVE_RETRY,payments,AUTHORITATIVE_READBACK,none,CALLER_REFERENCE,everysec,7.2.5,redis:7.2.5-alpine@sha256:6aaf3f5e6bc8a592fbfe2cccf19eb36d27c39d12dab4f4b01556b7449e7b1f44,b0_naive_retry-none-payments-5e60d107-r0,1568309053,10,included,dc954af1a07d43470ddfdaf63206b96f18bfcd1e,ce36b784b54f312ba880c586df73ae47a27bcca6224a05b5560d52955c92e7a0,12ad7ea65aa1efb656eb480ebebb609977164ac28faaae6cc6f12f9f715cf329
stage3-2026-08-13-replication-1,p0,B0_NAIVE_RETRY,payments,AUTHORITATIVE_READBACK,none,CALLER_REFERENCE,everysec,7.2.5,redis:7.2.5-alpine@sha256:6aaf3f5e6bc8a592fbfe2cccf19eb36d27c39d12dab4f4b01556b7449e7b1f44,b0_naive_retry-none-payments-5e60d107-r1,1098120668,10,included,dc954af1a07d43470ddfdaf63206b96f18bfcd1e,ce36b784b54f312ba880c586df73ae47a27bcca6224a05b5560d52955c92e7a0,c798139fe630a6b8bfa032a42bb6cffc33c1656bc8437d2c9be90bc2f83b5030
stage3-2026-08-13-replication-1,p0,B0_NAIVE_RETRY,payments,AUTHORITATIVE_READBACK,none,CALLER_REFERENCE,everysec,7.2.5,redis:7.2.5-alpine@sha256:6aaf3f5e6bc8a592fbfe2cccf19eb36d27c39d12dab4f4b01556b7449e7b1f44,b0_naive_retry-none-payments-5e60d107-r2,1574114489,10,included,dc954af1a07d43470ddfdaf63206b96f18bfcd1e,ce36b784b54f312ba880c586df73ae47a27bcca6224a05b5560d52955c92e7a0,9630b7cc894729b03af26c04ebd4395ed47fc834deb41d794dae9190b65a4275
stage3-2026-08-13-replication-1,crashed,B1_LEASE_ONLY,ledger_postings,NO_READBACK,after_barrier_before_dispatch,CALLER_REFERENCE,everysec,7.2.5,redis:7.2.5-alpine@sha256:6aaf3f5e6bc8a592fbfe2cccf19eb36d27c39d12dab4f4b01556b7449e7b1f44,b1_lease_only-after_barrier_before_dispatch-ledger_postings-761140e0-r0,937115261,10,included,dc954af1a07d43470ddfdaf63206b96f18bfcd1e,ce36b784b54f312ba880c586df73ae47a27bcca6224a05b5560d52955c92e7a0,dfed9bd3d5a45084e01967df422618beecaf35f105dbb149fb1e08b9debcebd4
stage3-2026-08-13-replication-1,crashed,B1_LEASE_ONLY,ledger_postings,NO_READBACK,after_barrier_before_dispatch,CALLER_REFERENCE,everysec,7.2.5,redis:7.2.5-alpine@sha256:6aaf3f5e6bc8a592fbfe2cccf19eb36d27c39d12dab4f4b01556b7449e7b1f44,b1_lease_only-after_barrier_before_dispatch-ledger_postings-761140e0-r1,1929694879,10,included,dc954af1a07d43470ddfdaf63206b96f18bfcd1e,ce36b784b54f312ba880c586df73ae47a27bcca6224a05b5560d52955c92e7a0,ce86c3bb471ac6fdab2723375c51b9661a355284d152f17dc500740e3437edf3
stage3-2026-08-13-replication-1,crashed,B1_LEASE_ONLY,ledger_postings,NO_READBACK,after_barrier_before_dispatch,CALLER_REFERENCE,everysec,7.2.5,redis:7.2.5-alpine@sha256:6aaf3f5e6bc8a592fbfe2cccf19eb36d27c39d12dab4f4b01556b7449e7b1f44,b1_lease_only-after_barrier_before_dispatch-ledger_postings-761140e0-r2,1524780728,10,included,dc954af1a07d43470ddfdaf63206b96f18bfcd1e,ce36b784b54f312ba880c586df73ae47a27bcca6224a05b5560d52955c92e7a0,9aeba552716da8eb2ad07923d0bd22a21a39983a3456a7317388872b727a04a1
stage3-2026-08-13-replication-1,crashed,B1_LEASE_ONLY,notifications,POSITIVE_ONLY_READBACK,after_barrier_before_dispatch,CALLER_REFERENCE,everysec,7.2.5,redis:7.2.5-alpine@sha256:6aaf3f5e6bc8a592fbfe2cccf19eb36d27c39d12dab4f4b01556b7449e7b1f44,b1_lease_only-after_barrier_before_dispatch-notifications-c0ca6988-r0,1984288939,10,included,dc954af1a07d43470ddfdaf63206b96f18bfcd1e,ce36b784b54f312ba880c586df73ae47a27bcca6224a05b5560d52955c92e7a0,ae304ac185a15e04d82b8fd9caa0b9b6732d78ac567e6a7b7a30b9022aaf2f79
stage3-2026-08-13-replication-1,crashed,B1_LEASE_ONLY,notifications,POSITIVE_ONLY_READBACK,after_barrier_before_dispatch,CALLER_REFERENCE,everysec,7.2.5,redis:7.2.5-alpine@sha256:6aaf3f5e6bc8a592fbfe2cccf19eb36d27c39d12dab4f4b01556b7449e7b1f44,b1_lease_only-after_barrier_before_dispatch-notifications-c0ca6988-r1,1082289258,10,included,dc954af1a07d43470ddfdaf63206b96f18bfcd1e,ce36b784b54f312ba880c586df73ae47a27bcca6224a05b5560d52955c92e7a0,71abff1b8b08a37632f368dd43f9ad9ed070d92aaa8d69478763ac5f675e60cd
stage3-2026-08-13-replication-1,crashed,B1_LEASE_ONLY,notifications,POSITIVE_ONLY_READBACK,after_barrier_before_dispatch,CALLER_REFERENCE,everysec,7.2.5,redis:7.2.5-alpine@sha256:6aaf3f5e6bc8a592fbfe2cccf19eb36d27c39d12dab4f4b01556b7449e7b1f44,b1_lease_only-after_barrier_before_dispatch-notifications-c0ca6988-r2,1780794960,10,included,dc954af1a07d43470ddfdaf63206b96f18bfcd1e,ce36b784b54f312ba880c586df73ae47a27bcca6224a05b5560d52955c92e7a0,2a6b5b917fbea7048c45304c4d096010962a3ec81fed649f0efefee7981c6b3d
stage3-2026-08-13-replication-1,crashed,B1_LEASE_ONLY,payments,AUTHORITATIVE_READBACK,after_barrier_before_dispatch,CALLER_REFERENCE,everysec,7.2.5,redis:7.2.5-alpine@sha256:6aaf3f5e6bc8a592fbfe2cccf19eb36d27c39d12dab4f4b01556b7449e7b1f44,b1_lease_only-after_barrier_before_dispatch-payments-a73d77a9-r0,19496853,10,included,dc954af1a07d43470ddfdaf63206b96f18bfcd1e,ce36b784b54f312ba880c586df73ae47a27bcca6224a05b5560d52955c92e7a0,5cc91522b3abee6b6518dfcf61b522ebde28d55e90edb61713e0592ff7b156f2
stage3-2026-08-13-replication-1,crashed,B1_LEASE_ONLY,payments,AUTHORITATIVE_READBACK,after_barrier_before_dispatch,CALLER_REFERENCE,everysec,7.2.5,redis:7.2.5-alpine@sha256:6aaf3f5e6bc8a592fbfe2cccf19eb36d27c39d12dab4f4b01556b7449e7b1f44,b1_lease_only-after_barrier_before_dispatch-payments-a73d77a9-r1,1048327749,10,included,dc954af1a07d43470ddfdaf63206b96f18bfcd1e,ce36b784b54f312ba880c586df73ae47a27bcca6224a05b5560d52955c92e7a0,d8f80c8fdefbf78cbb904ee0c68b9e5205957ff6e2470d06c50d3870e8f3dfb4
stage3-2026-08-13-replication-1,crashed,B1_LEASE_ONLY,payments,AUTHORITATIVE_READBACK,after_barrier_before_dispatch,CALLER_REFERENCE,everysec,7.2.5,redis:7.2.5-alpine@sha256:6aaf3f5e6bc8a592fbfe2cccf19eb36d27c39d12dab4f4b01556b7449e7b1f44,b1_lease_only-after_barrier_before_dispatch-payments-a73d77a9-r2,1154916661,10,included,dc954af1a07d43470ddfdaf63206b96f18bfcd1e,ce36b784b54f312ba880c586df73ae47a27bcca6224a05b5560d52955c92e7a0,42f562e572b1f243b93806c496e71c9c19d31bf82e4dfd5ac8efc18631e42f24
stage3-2026-08-13-replication-1,crashed,B1_LEASE_ONLY,ledger_postings,NO_READBACK,after_resolution_before_barrier,CALLER_REFERENCE,everysec,7.2.5,redis:7.2.5-alpine@sha256:6aaf3f5e6bc8a592fbfe2cccf19eb36d27c39d12dab4f4b01556b7449e7b1f44,b1_lease_only-after_resolution_before_barrier-ledger_postings-0a35c01d-r0,959831306,10,included,dc954af1a07d43470ddfdaf63206b96f18bfcd1e,ce36b784b54f312ba880c586df73ae47a27bcca6224a05b5560d52955c92e7a0,a8b2df387f5edb957b439fccad66d22737210e1c849719e80a17b13e2da02cba
stage3-2026-08-13-replication-1,crashed,B1_LEASE_ONLY,ledger_postings,NO_READBACK,after_resolution_before_barrier,CALLER_REFERENCE,everysec,7.2.5,redis:7.2.5-alpine@sha256:6aaf3f5e6bc8a592fbfe2cccf19eb36d27c39d12dab4f4b01556b7449e7b1f44,b1_lease_only-after_resolution_before_barrier-ledger_postings-0a35c01d-r1,571954909,10,included,dc954af1a07d43470ddfdaf63206b96f18bfcd1e,ce36b784b54f312ba880c586df73ae47a27bcca6224a05b5560d52955c92e7a0,9ac35c35b85ddbf708c2efc220498dd46559a1c5f9234ad063a0995134277dc0
stage3-2026-08-13-replication-1,crashed,B1_LEASE_ONLY,ledger_postings,NO_READBACK,after_resolution_before_barrier,CALLER_REFERENCE,everysec,7.2.5,redis:7.2.5-alpine@sha256:6aaf3f5e6bc8a592fbfe2cccf19eb36d27c39d12dab4f4b01556b7449e7b1f44,b1_lease_only-after_resolution_before_barrier-ledger_postings-0a35c01d-r2,1335872497,10,included,dc954af1a07d43470ddfdaf63206b96f18bfcd1e,ce36b784b54f312ba880c586df73ae47a27bcca6224a05b5560d52955c92e7a0,3ec9170262543e4819935b2e7aea6e3276a8b669c0d1023058662eadfc1e9618
stage3-2026-08-13-replication-1,crashed,B1_LEASE_ONLY,notifications,POSITIVE_ONLY_READBACK,after_resolution_before_barrier,CALLER_REFERENCE,everysec,7.2.5,redis:7.2.5-alpine@sha256:6aaf3f5e6bc8a592fbfe2cccf19eb36d27c39d12dab4f4b01556b7449e7b1f44,b1_lease_only-after_resolution_before_barrier-notifications-0c80bfa6-r0,1356090955,10,included,dc954af1a07d43470ddfdaf63206b96f18bfcd1e,ce36b784b54f312ba880c586df73ae47a27bcca6224a05b5560d52955c92e7a0,f3e7f8edaf0c783335c2a6c680b0dade1d7cf2c4108f1f014359889ffbb1ea94
stage3-2026-08-13-replication-1,crashed,B1_LEASE_ONLY,notifications,POSITIVE_ONLY_READBACK,after_resolution_before_barrier,CALLER_REFERENCE,everysec,7.2.5,redis:7.2.5-alpine@sha256:6aaf3f5e6bc8a592fbfe2cccf19eb36d27c39d12dab4f4b01556b7449e7b1f44,b1_lease_only-after_resolution_before_barrier-notifications-0c80bfa6-r1,786419433,10,included,dc954af1a07d43470ddfdaf63206b96f18bfcd1e,ce36b784b54f312ba880c586df73ae47a27bcca6224a05b5560d52955c92e7a0,0d10f6001356985adc30f660e515b9d156c02e786b3fbd3299e37fa9e354b598
stage3-2026-08-13-replication-1,crashed,B1_LEASE_ONLY,notifications,POSITIVE_ONLY_READBACK,after_resolution_before_barrier,CALLER_REFERENCE,everysec,7.2.5,redis:7.2.5-alpine@sha256:6aaf3f5e6bc8a592fbfe2cccf19eb36d27c39d12dab4f4b01556b7449e7b1f44,b1_lease_only-after_resolution_before_barrier-notifications-0c80bfa6-r2,717607050,10,included,dc954af1a07d43470ddfdaf63206b96f18bfcd1e,ce36b784b54f312ba880c586df73ae47a27bcca6224a05b5560d52955c92e7a0,cca24e07b87377924a2121781463ac417efe2d54bccd216b16782309e5758ced
stage3-2026-08-13-replication-1,crashed,B1_LEASE_ONLY,payments,AUTHORITATIVE_READBACK,after_resolution_before_barrier,CALLER_REFERENCE,everysec,7.2.5,redis:7.2.5-alpine@sha256:6aaf3f5e6bc8a592fbfe2cccf19eb36d27c39d12dab4f4b01556b7449e7b1f44,b1_lease_only-after_resolution_before_barrier-payments-93dc9f57-r0,1229989654,10,included,dc954af1a07d43470ddfdaf63206b96f18bfcd1e,ce36b784b54f312ba880c586df73ae47a27bcca6224a05b5560d52955c92e7a0,44cbb715b95f7f9cf15b00468438624dc6d318b6f20dd6903df9a4b9c8054c92
stage3-2026-08-13-replication-1,crashed,B1_LEASE_ONLY,payments,AUTHORITATIVE_READBACK,after_resolution_before_barrier,CALLER_REFERENCE,everysec,7.2.5,redis:7.2.5-alpine@sha256:6aaf3f5e6bc8a592fbfe2cccf19eb36d27c39d12dab4f4b01556b7449e7b1f44,b1_lease_only-after_resolution_before_barrier-payments-93dc9f57-r1,1844464747,10,included,dc954af1a07d43470ddfdaf63206b96f18bfcd1e,ce36b784b54f312ba880c586df73ae47a27bcca6224a05b5560d52955c92e7a0,3ec94934b0b311b1fba6e5e0b997d2697fc7b8245f91cc5755a40d31a2407c68
stage3-2026-08-13-replication-1,crashed,B1_LEASE_ONLY,payments,AUTHORITATIVE_READBACK,after_resolution_before_barrier,CALLER_REFERENCE,everysec,7.2.5,redis:7.2.5-alpine@sha256:6aaf3f5e6bc8a592fbfe2cccf19eb36d27c39d12dab4f4b01556b7449e7b1f44,b1_lease_only-after_resolution_before_barrier-payments-93dc9f57-r2,786164254,10,included,dc954af1a07d43470ddfdaf63206b96f18bfcd1e,ce36b784b54f312ba880c586df73ae47a27bcca6224a05b5560d52955c92e7a0,91413faf73bc6dbb1006299555628e8c44a93f6b4b9528ed3d08739fd15a4ce4
stage3-2026-08-13-replication-1,crashed,B1_LEASE_ONLY,ledger_postings,NO_READBACK,after_response_before_resolution,CALLER_REFERENCE,everysec,7.2.5,redis:7.2.5-alpine@sha256:6aaf3f5e6bc8a592fbfe2cccf19eb36d27c39d12dab4f4b01556b7449e7b1f44,b1_lease_only-after_response_before_resolution-ledger_postings-078e6a3d-r0,1018963656,10,included,dc954af1a07d43470ddfdaf63206b96f18bfcd1e,ce36b784b54f312ba880c586df73ae47a27bcca6224a05b5560d52955c92e7a0,b8cd0849e5a0a173bf5b8555efa573d20335168a29b49e7b6acef0f6d2e24ace
stage3-2026-08-13-replication-1,crashed,B1_LEASE_ONLY,ledger_postings,NO_READBACK,after_response_before_resolution,CALLER_REFERENCE,everysec,7.2.5,redis:7.2.5-alpine@sha256:6aaf3f5e6bc8a592fbfe2cccf19eb36d27c39d12dab4f4b01556b7449e7b1f44,b1_lease_only-after_response_before_resolution-ledger_postings-078e6a3d-r1,1746488112,10,included,dc954af1a07d43470ddfdaf63206b96f18bfcd1e,ce36b784b54f312ba880c586df73ae47a27bcca6224a05b5560d52955c92e7a0,ac23d345cfa3b70e895741b326390705523ee37ed29099baeb25396bfb73059e
stage3-2026-08-13-replication-1,crashed,B1_LEASE_ONLY,ledger_postings,NO_READBACK,after_response_before_resolution,CALLER_REFERENCE,everysec,7.2.5,redis:7.2.5-alpine@sha256:6aaf3f5e6bc8a592fbfe2cccf19eb36d27c39d12dab4f4b01556b7449e7b1f44,b1_lease_only-after_response_before_resolution-ledger_postings-078e6a3d-r2,999655446,10,included,dc954af1a07d43470ddfdaf63206b96f18bfcd1e,ce36b784b54f312ba880c586df73ae47a27bcca6224a05b5560d52955c92e7a0,141ae1bb87e2ed60b4a8e979c5764ddfe7e957f6374d61ffe9db7f77f45b27de
stage3-2026-08-13-replication-1,crashed,B1_LEASE_ONLY,notifications,POSITIVE_ONLY_READBACK,after_response_before_resolution,CALLER_REFERENCE,everysec,7.2.5,redis:7.2.5-alpine@sha256:6aaf3f5e6bc8a592fbfe2cccf19eb36d27c39d12dab4f4b01556b7449e7b1f44,b1_lease_only-after_response_before_resolution-notifications-cb1ff91e-r0,1440883332,10,included,dc954af1a07d43470ddfdaf63206b96f18bfcd1e,ce36b784b54f312ba880c586df73ae47a27bcca6224a05b5560d52955c92e7a0,57ef9025c0d20363259b9a1d126d24edd9b2aff7c90508f19185e50f435c997e
stage3-2026-08-13-replication-1,crashed,B1_LEASE_ONLY,notifications,POSITIVE_ONLY_READBACK,after_response_before_resolution,CALLER_REFERENCE,everysec,7.2.5,redis:7.2.5-alpine@sha256:6aaf3f5e6bc8a592fbfe2cccf19eb36d27c39d12dab4f4b01556b7449e7b1f44,b1_lease_only-after_response_before_resolution-notifications-cb1ff91e-r1,1400831874,10,included,dc954af1a07d43470ddfdaf63206b96f18bfcd1e,ce36b784b54f312ba880c586df73ae47a27bcca6224a05b5560d52955c92e7a0,92a5dc455369368af495cdd273101bdb2ef586044ca72e9e4984bc34ba8921f1
stage3-2026-08-13-replication-1,crashed,B1_LEASE_ONLY,notifications,POSITIVE_ONLY_READBACK,after_response_before_resolution,CALLER_REFERENCE,everysec,7.2.5,redis:7.2.5-alpine@sha256:6aaf3f5e6bc8a592fbfe2cccf19eb36d27c39d12dab4f4b01556b7449e7b1f44,b1_lease_only-after_response_before_resolution-notifications-cb1ff91e-r2,1240007146,10,included,dc954af1a07d43470ddfdaf63206b96f18bfcd1e,ce36b784b54f312ba880c586df73ae47a27bcca6224a05b5560d52955c92e7a0,032b240ce3f5b595a60cf407d839570a30b9429d444eb9aaef1c4f13d9dea0da
stage3-2026-08-13-replication-1,crashed,B1_LEASE_ONLY,payments,AUTHORITATIVE_READBACK,after_response_before_resolution,CALLER_REFERENCE,everysec,7.2.5,redis:7.2.5-alpine@sha256:6aaf3f5e6bc8a592fbfe2cccf19eb36d27c39d12dab4f4b01556b7449e7b1f44,b1_lease_only-after_response_before_resolution-payments-c49153a8-r0,1380928466,10,included,dc954af1a07d43470ddfdaf63206b96f18bfcd1e,ce36b784b54f312ba880c586df73ae47a27bcca6224a05b5560d52955c92e7a0,1a5cf9b733eb04b1ed7b8f90b6828880adf7424b615d73cbde1f40bad6e64b3d
stage3-2026-08-13-replication-1,crashed,B1_LEASE_ONLY,payments,AUTHORITATIVE_READBACK,after_response_before_resolution,CALLER_REFERENCE,everysec,7.2.5,redis:7.2.5-alpine@sha256:6aaf3f5e6bc8a592fbfe2cccf19eb36d27c39d12dab4f4b01556b7449e7b1f44,b1_lease_only-after_response_before_resolution-payments-c49153a8-r1,568957001,10,included,dc954af1a07d43470ddfdaf63206b96f18bfcd1e,ce36b784b54f312ba880c586df73ae47a27bcca6224a05b5560d52955c92e7a0,cf8c39415c62417260803d0f663c90d8461532339c92992d97dca1f0609baaa8
stage3-2026-08-13-replication-1,crashed,B1_LEASE_ONLY,payments,AUTHORITATIVE_READBACK,after_response_before_resolution,CALLER_REFERENCE,everysec,7.2.5,redis:7.2.5-alpine@sha256:6aaf3f5e6bc8a592fbfe2cccf19eb36d27c39d12dab4f4b01556b7449e7b1f44,b1_lease_only-after_response_before_resolution-payments-c49153a8-r2,872355363,10,included,dc954af1a07d43470ddfdaf63206b96f18bfcd1e,ce36b784b54f312ba880c586df73ae47a27bcca6224a05b5560d52955c92e7a0,683aeeb592084ec26c20431efb0557323ff37fadce5fb235dfbde7901d5dbd5a
stage3-2026-08-13-replication-1,crashed,B1_LEASE_ONLY,ledger_postings,NO_READBACK,before_intent_write,CALLER_REFERENCE,everysec,7.2.5,redis:7.2.5-alpine@sha256:6aaf3f5e6bc8a592fbfe2cccf19eb36d27c39d12dab4f4b01556b7449e7b1f44,b1_lease_only-before_intent_write-ledger_postings-37b70eaa-r0,1849315754,10,included,dc954af1a07d43470ddfdaf63206b96f18bfcd1e,ce36b784b54f312ba880c586df73ae47a27bcca6224a05b5560d52955c92e7a0,94047c079dd640cbb8728b2cf489e52026a6311caabfc0d28cd1a6fcc6843b8f
stage3-2026-08-13-replication-1,crashed,B1_LEASE_ONLY,ledger_postings,NO_READBACK,before_intent_write,CALLER_REFERENCE,everysec,7.2.5,redis:7.2.5-alpine@sha256:6aaf3f5e6bc8a592fbfe2cccf19eb36d27c39d12dab4f4b01556b7449e7b1f44,b1_lease_only-before_intent_write-ledger_postings-37b70eaa-r1,388596787,10,included,dc954af1a07d43470ddfdaf63206b96f18bfcd1e,ce36b784b54f312ba880c586df73ae47a27bcca6224a05b5560d52955c92e7a0,2aaf181260ad682f37736493d0ab95c7cea297b80df9f454730034af12d68017
stage3-2026-08-13-replication-1,crashed,B1_LEASE_ONLY,ledger_postings,NO_READBACK,before_intent_write,CALLER_REFERENCE,everysec,7.2.5,redis:7.2.5-alpine@sha256:6aaf3f5e6bc8a592fbfe2cccf19eb36d27c39d12dab4f4b01556b7449e7b1f44,b1_lease_only-before_intent_write-ledger_postings-37b70eaa-r2,221262802,10,included,dc954af1a07d43470ddfdaf63206b96f18bfcd1e,ce36b784b54f312ba880c586df73ae47a27bcca6224a05b5560d52955c92e7a0,777db8ea51c62cc2d396a696ec4df29a470d1690c8fb1f0ec20d8d1cbb1538e9
stage3-2026-08-13-replication-1,crashed,B1_LEASE_ONLY,notifications,POSITIVE_ONLY_READBACK,before_intent_write,CALLER_REFERENCE,everysec,7.2.5,redis:7.2.5-alpine@sha256:6aaf3f5e6bc8a592fbfe2cccf19eb36d27c39d12dab4f4b01556b7449e7b1f44,b1_lease_only-before_intent_write-notifications-4b37c7ea-r0,1491956544,10,included,dc954af1a07d43470ddfdaf63206b96f18bfcd1e,ce36b784b54f312ba880c586df73ae47a27bcca6224a05b5560d52955c92e7a0,0ab215c62fe05b8dd3d9d71ac2645e17120da287d10cf71812e548d7fce90f92
stage3-2026-08-13-replication-1,crashed,B1_LEASE_ONLY,notifications,POSITIVE_ONLY_READBACK,before_intent_write,CALLER_REFERENCE,everysec,7.2.5,redis:7.2.5-alpine@sha256:6aaf3f5e6bc8a592fbfe2cccf19eb36d27c39d12dab4f4b01556b7449e7b1f44,b1_lease_only-before_intent_write-notifications-4b37c7ea-r1,379298501,10,included,dc954af1a07d43470ddfdaf63206b96f18bfcd1e,ce36b784b54f312ba880c586df73ae47a27bcca6224a05b5560d52955c92e7a0,a18e8c02d8257f4343563d68a3ed9622103ced8aa102b7255416d7ec3de23c5d
stage3-2026-08-13-replication-1,crashed,B1_LEASE_ONLY,notifications,POSITIVE_ONLY_READBACK,before_intent_write,CALLER_REFERENCE,everysec,7.2.5,redis:7.2.5-alpine@sha256:6aaf3f5e6bc8a592fbfe2cccf19eb36d27c39d12dab4f4b01556b7449e7b1f44,b1_lease_only-before_intent_write-notifications-4b37c7ea-r2,1297497519,10,included,dc954af1a07d43470ddfdaf63206b96f18bfcd1e,ce36b784b54f312ba880c586df73ae47a27bcca6224a05b5560d52955c92e7a0,b87a2bb35e0d03cd88c2f47998118944dc2a34dd81a241315f523c778c779532
stage3-2026-08-13-replication-1,crashed,B1_LEASE_ONLY,payments,AUTHORITATIVE_READBACK,before_intent_write,CALLER_REFERENCE,everysec,7.2.5,redis:7.2.5-alpine@sha256:6aaf3f5e6bc8a592fbfe2cccf19eb36d27c39d12dab4f4b01556b7449e7b1f44,b1_lease_only-before_intent_write-payments-8203bc3c-r0,568352626,10,included,dc954af1a07d43470ddfdaf63206b96f18bfcd1e,ce36b784b54f312ba880c586df73ae47a27bcca6224a05b5560d52955c92e7a0,730c5d9b13b0f7b303e46edca98947530eaac0d0ad5ed1d69b51650c5398cc5f
stage3-2026-08-13-replication-1,crashed,B1_LEASE_ONLY,payments,AUTHORITATIVE_READBACK,before_intent_write,CALLER_REFERENCE,everysec,7.2.5,redis:7.2.5-alpine@sha256:6aaf3f5e6bc8a592fbfe2cccf19eb36d27c39d12dab4f4b01556b7449e7b1f44,b1_lease_only-before_intent_write-payments-8203bc3c-r1,674169896,10,included,dc954af1a07d43470ddfdaf63206b96f18bfcd1e,ce36b784b54f312ba880c586df73ae47a27bcca6224a05b5560d52955c92e7a0,e7643592c4ac6d2135734bf50b988a88f295d9df2202ca8b5f030d1190b5ac67
stage3-2026-08-13-replication-1,crashed,B1_LEASE_ONLY,payments,AUTHORITATIVE_READBACK,before_intent_write,CALLER_REFERENCE,everysec,7.2.5,redis:7.2.5-alpine@sha256:6aaf3f5e6bc8a592fbfe2cccf19eb36d27c39d12dab4f4b01556b7449e7b1f44,b1_lease_only-before_intent_write-payments-8203bc3c-r2,602251334,10,included,dc954af1a07d43470ddfdaf63206b96f18bfcd1e,ce36b784b54f312ba880c586df73ae47a27bcca6224a05b5560d52955c92e7a0,497a218284e51e3fac9499b31af1cb68a56382e4c0325b1b017921a4bef5dcd3
stage3-2026-08-13-replication-1,crashed,B1_LEASE_ONLY,ledger_postings,NO_READBACK,mid_dispatch,CALLER_REFERENCE,everysec,7.2.5,redis:7.2.5-alpine@sha256:6aaf3f5e6bc8a592fbfe2cccf19eb36d27c39d12dab4f4b01556b7449e7b1f44,b1_lease_only-mid_dispatch-ledger_postings-ed094880-r0,1791873599,10,included,dc954af1a07d43470ddfdaf63206b96f18bfcd1e,ce36b784b54f312ba880c586df73ae47a27bcca6224a05b5560d52955c92e7a0,9e721e894d4a88efc652064f5ea9ece4e5b670c2633e77b36f921a202cff917b
stage3-2026-08-13-replication-1,crashed,B1_LEASE_ONLY,ledger_postings,NO_READBACK,mid_dispatch,CALLER_REFERENCE,everysec,7.2.5,redis:7.2.5-alpine@sha256:6aaf3f5e6bc8a592fbfe2cccf19eb36d27c39d12dab4f4b01556b7449e7b1f44,b1_lease_only-mid_dispatch-ledger_postings-ed094880-r1,1332823037,10,included,dc954af1a07d43470ddfdaf63206b96f18bfcd1e,ce36b784b54f312ba880c586df73ae47a27bcca6224a05b5560d52955c92e7a0,c551391ea07016208392e0b2ddb6e4e48c5aac6e9feccb7783eaffb04723148c
stage3-2026-08-13-replication-1,crashed,B1_LEASE_ONLY,ledger_postings,NO_READBACK,mid_dispatch,CALLER_REFERENCE,everysec,7.2.5,redis:7.2.5-alpine@sha256:6aaf3f5e6bc8a592fbfe2cccf19eb36d27c39d12dab4f4b01556b7449e7b1f44,b1_lease_only-mid_dispatch-ledger_postings-ed094880-r2,1908811492,10,included,dc954af1a07d43470ddfdaf63206b96f18bfcd1e,ce36b784b54f312ba880c586df73ae47a27bcca6224a05b5560d52955c92e7a0,25218b284b430fad037f524030ec1bbce73341e003f895c8454492bbcdecfd80
stage3-2026-08-13-replication-1,crashed,B1_LEASE_ONLY,notifications,POSITIVE_ONLY_READBACK,mid_dispatch,CALLER_REFERENCE,everysec,7.2.5,redis:7.2.5-alpine@sha256:6aaf3f5e6bc8a592fbfe2cccf19eb36d27c39d12dab4f4b01556b7449e7b1f44,b1_lease_only-mid_dispatch-notifications-ca6411f0-r0,1045195154,10,included,dc954af1a07d43470ddfdaf63206b96f18bfcd1e,ce36b784b54f312ba880c586df73ae47a27bcca6224a05b5560d52955c92e7a0,4fc5e28fa87f68f61fb5869bfd802d888640820f0071ce0b3615db2a6f6cfe7b
stage3-2026-08-13-replication-1,crashed,B1_LEASE_ONLY,notifications,POSITIVE_ONLY_READBACK,mid_dispatch,CALLER_REFERENCE,everysec,7.2.5,redis:7.2.5-alpine@sha256:6aaf3f5e6bc8a592fbfe2cccf19eb36d27c39d12dab4f4b01556b7449e7b1f44,b1_lease_only-mid_dispatch-notifications-ca6411f0-r1,426395107,10,included,dc954af1a07d43470ddfdaf63206b96f18bfcd1e,ce36b784b54f312ba880c586df73ae47a27bcca6224a05b5560d52955c92e7a0,58c241bc68368207806214dc01a069ddf60e1bd6f1c1c4efe41ef1fd59bc9967
stage3-2026-08-13-replication-1,crashed,B1_LEASE_ONLY,notifications,POSITIVE_ONLY_READBACK,mid_dispatch,CALLER_REFERENCE,everysec,7.2.5,redis:7.2.5-alpine@sha256:6aaf3f5e6bc8a592fbfe2cccf19eb36d27c39d12dab4f4b01556b7449e7b1f44,b1_lease_only-mid_dispatch-notifications-ca6411f0-r2,953695427,10,included,dc954af1a07d43470ddfdaf63206b96f18bfcd1e,ce36b784b54f312ba880c586df73ae47a27bcca6224a05b5560d52955c92e7a0,a2033a162b0874488b134cce4c250703aa30005f4677862c52e596e16a76a82d
stage3-2026-08-13-replication-1,crashed,B1_LEASE_ONLY,payments,AUTHORITATIVE_READBACK,mid_dispatch,CALLER_REFERENCE,everysec,7.2.5,redis:7.2.5-alpine@sha256:6aaf3f5e6bc8a592fbfe2cccf19eb36d27c39d12dab4f4b01556b7449e7b1f44,b1_lease_only-mid_dispatch-payments-a51aac15-r0,1957268456,10,included,dc954af1a07d43470ddfdaf63206b96f18bfcd1e,ce36b784b54f312ba880c586df73ae47a27bcca6224a05b5560d52955c92e7a0,df221cc65c5a42814f977c392833e786d8903e076e98e6616f28fb0e7e17991a
stage3-2026-08-13-replication-1,crashed,B1_LEASE_ONLY,payments,AUTHORITATIVE_READBACK,mid_dispatch,CALLER_REFERENCE,everysec,7.2.5,redis:7.2.5-alpine@sha256:6aaf3f5e6bc8a592fbfe2cccf19eb36d27c39d12dab4f4b01556b7449e7b1f44,b1_lease_only-mid_dispatch-payments-a51aac15-r1,442021907,10,included,dc954af1a07d43470ddfdaf63206b96f18bfcd1e,ce36b784b54f312ba880c586df73ae47a27bcca6224a05b5560d52955c92e7a0,2087469e3fe1951610bc59a8d3d3e190b750106c25f08ca091dd21f09a0af194
stage3-2026-08-13-replication-1,crashed,B1_LEASE_ONLY,payments,AUTHORITATIVE_READBACK,mid_dispatch,CALLER_REFERENCE,everysec,7.2.5,redis:7.2.5-alpine@sha256:6aaf3f5e6bc8a592fbfe2cccf19eb36d27c39d12dab4f4b01556b7449e7b1f44,b1_lease_only-mid_dispatch-payments-a51aac15-r2,1473118652,10,included,dc954af1a07d43470ddfdaf63206b96f18bfcd1e,ce36b784b54f312ba880c586df73ae47a27bcca6224a05b5560d52955c92e7a0,2b8afcd7ecf5abd4666250f077c74b75597254ef8ef172eec5cec58de511b465
stage3-2026-08-13-replication-1,p0,B1_LEASE_ONLY,payments,AUTHORITATIVE_READBACK,none,CALLER_REFERENCE,everysec,7.2.5,redis:7.2.5-alpine@sha256:6aaf3f5e6bc8a592fbfe2cccf19eb36d27c39d12dab4f4b01556b7449e7b1f44,b1_lease_only-none-payments-0f0a2124-r0,1362865684,10,included,dc954af1a07d43470ddfdaf63206b96f18bfcd1e,ce36b784b54f312ba880c586df73ae47a27bcca6224a05b5560d52955c92e7a0,ee896e164014775155bd2194a35b541b625d60ddb1f500f4042c66ec8f6357a0
stage3-2026-08-13-replication-1,p0,B1_LEASE_ONLY,payments,AUTHORITATIVE_READBACK,none,CALLER_REFERENCE,everysec,7.2.5,redis:7.2.5-alpine@sha256:6aaf3f5e6bc8a592fbfe2cccf19eb36d27c39d12dab4f4b01556b7449e7b1f44,b1_lease_only-none-payments-0f0a2124-r1,729056706,10,included,dc954af1a07d43470ddfdaf63206b96f18bfcd1e,ce36b784b54f312ba880c586df73ae47a27bcca6224a05b5560d52955c92e7a0,65f83e9d9e25a4d3dd13ab51a785a435e2fd81d6eb91fb674ae51a14ced3eca5
stage3-2026-08-13-replication-1,p0,B1_LEASE_ONLY,payments,AUTHORITATIVE_READBACK,none,CALLER_REFERENCE,everysec,7.2.5,redis:7.2.5-alpine@sha256:6aaf3f5e6bc8a592fbfe2cccf19eb36d27c39d12dab4f4b01556b7449e7b1f44,b1_lease_only-none-payments-0f0a2124-r2,1433793181,10,included,dc954af1a07d43470ddfdaf63206b96f18bfcd1e,ce36b784b54f312ba880c586df73ae47a27bcca6224a05b5560d52955c92e7a0,75d27ffef1eaf0b3c2a0435f66707c22d7dcc6cb0e27b27e80d2b32a29b35cb1
stage3-2026-08-13-replication-1,crashed,B2_CAS_ONLY,ledger_postings,NO_READBACK,after_barrier_before_dispatch,CALLER_REFERENCE,everysec,7.2.5,redis:7.2.5-alpine@sha256:6aaf3f5e6bc8a592fbfe2cccf19eb36d27c39d12dab4f4b01556b7449e7b1f44,b2_cas_only-after_barrier_before_dispatch-ledger_postings-4e6c93b2-r0,156682333,10,included,dc954af1a07d43470ddfdaf63206b96f18bfcd1e,ce36b784b54f312ba880c586df73ae47a27bcca6224a05b5560d52955c92e7a0,db9909886a0d1f46b8e84cee1ab808c8050d0fe86cb0fe0dc37fbdce2d62a460
stage3-2026-08-13-replication-1,crashed,B2_CAS_ONLY,ledger_postings,NO_READBACK,after_barrier_before_dispatch,CALLER_REFERENCE,everysec,7.2.5,redis:7.2.5-alpine@sha256:6aaf3f5e6bc8a592fbfe2cccf19eb36d27c39d12dab4f4b01556b7449e7b1f44,b2_cas_only-after_barrier_before_dispatch-ledger_postings-4e6c93b2-r1,1392914657,10,included,dc954af1a07d43470ddfdaf63206b96f18bfcd1e,ce36b784b54f312ba880c586df73ae47a27bcca6224a05b5560d52955c92e7a0,cabe6a964020c207cc704bed80a97aed630c87a60ce1adc5f482a763597db9ee
stage3-2026-08-13-replication-1,crashed,B2_CAS_ONLY,ledger_postings,NO_READBACK,after_barrier_before_dispatch,CALLER_REFERENCE,everysec,7.2.5,redis:7.2.5-alpine@sha256:6aaf3f5e6bc8a592fbfe2cccf19eb36d27c39d12dab4f4b01556b7449e7b1f44,b2_cas_only-after_barrier_before_dispatch-ledger_postings-4e6c93b2-r2,514676600,10,included,dc954af1a07d43470ddfdaf63206b96f18bfcd1e,ce36b784b54f312ba880c586df73ae47a27bcca6224a05b5560d52955c92e7a0,f105153b7eec4543a47b6337a488ce1a70a7e07c7af858ca0ef9c1594f56bd1a
stage3-2026-08-13-replication-1,crashed,B2_CAS_ONLY,notifications,POSITIVE_ONLY_READBACK,after_barrier_before_dispatch,CALLER_REFERENCE,everysec,7.2.5,redis:7.2.5-alpine@sha256:6aaf3f5e6bc8a592fbfe2cccf19eb36d27c39d12dab4f4b01556b7449e7b1f44,b2_cas_only-after_barrier_before_dispatch-notifications-201c32b9-r0,784398868,10,included,dc954af1a07d43470ddfdaf63206b96f18bfcd1e,ce36b784b54f312ba880c586df73ae47a27bcca6224a05b5560d52955c92e7a0,3be912e0ea23299affc4ba48f8a5bf8131033446bc190d964f5f79cf89d3f05f
stage3-2026-08-13-replication-1,crashed,B2_CAS_ONLY,notifications,POSITIVE_ONLY_READBACK,after_barrier_before_dispatch,CALLER_REFERENCE,everysec,7.2.5,redis:7.2.5-alpine@sha256:6aaf3f5e6bc8a592fbfe2cccf19eb36d27c39d12dab4f4b01556b7449e7b1f44,b2_cas_only-after_barrier_before_dispatch-notifications-201c32b9-r1,123204309,10,included,dc954af1a07d43470ddfdaf63206b96f18bfcd1e,ce36b784b54f312ba880c586df73ae47a27bcca6224a05b5560d52955c92e7a0,895e1941f7852fc52dd78fa9a05b1c8ed8ef106fea4e77d39dc1d88ce765268b
stage3-2026-08-13-replication-1,crashed,B2_CAS_ONLY,notifications,POSITIVE_ONLY_READBACK,after_barrier_before_dispatch,CALLER_REFERENCE,everysec,7.2.5,redis:7.2.5-alpine@sha256:6aaf3f5e6bc8a592fbfe2cccf19eb36d27c39d12dab4f4b01556b7449e7b1f44,b2_cas_only-after_barrier_before_dispatch-notifications-201c32b9-r2,2129421098,10,included,dc954af1a07d43470ddfdaf63206b96f18bfcd1e,ce36b784b54f312ba880c586df73ae47a27bcca6224a05b5560d52955c92e7a0,e445b507c2e3ebdc87daa790a95e43e8d0f0efea5de5c9feb2f2f21cab1061ae
stage3-2026-08-13-replication-1,crashed,B2_CAS_ONLY,payments,AUTHORITATIVE_READBACK,after_barrier_before_dispatch,CALLER_REFERENCE,everysec,7.2.5,redis:7.2.5-alpine@sha256:6aaf3f5e6bc8a592fbfe2cccf19eb36d27c39d12dab4f4b01556b7449e7b1f44,b2_cas_only-after_barrier_before_dispatch-payments-0e996445-r0,543181137,10,included,dc954af1a07d43470ddfdaf63206b96f18bfcd1e,ce36b784b54f312ba880c586df73ae47a27bcca6224a05b5560d52955c92e7a0,0741a8874c35fd14d2d95c2a5523720e3801f2d6e04f93b9d88ac7285616c6fe
stage3-2026-08-13-replication-1,crashed,B2_CAS_ONLY,payments,AUTHORITATIVE_READBACK,after_barrier_before_dispatch,CALLER_REFERENCE,everysec,7.2.5,redis:7.2.5-alpine@sha256:6aaf3f5e6bc8a592fbfe2cccf19eb36d27c39d12dab4f4b01556b7449e7b1f44,b2_cas_only-after_barrier_before_dispatch-payments-0e996445-r1,1458476512,10,included,dc954af1a07d43470ddfdaf63206b96f18bfcd1e,ce36b784b54f312ba880c586df73ae47a27bcca6224a05b5560d52955c92e7a0,774a85e70adbf9410ca0433992536845e69f1a07bfd117bbb3c9f64a4dbc0f51
stage3-2026-08-13-replication-1,crashed,B2_CAS_ONLY,payments,AUTHORITATIVE_READBACK,after_barrier_before_dispatch,CALLER_REFERENCE,everysec,7.2.5,redis:7.2.5-alpine@sha256:6aaf3f5e6bc8a592fbfe2cccf19eb36d27c39d12dab4f4b01556b7449e7b1f44,b2_cas_only-after_barrier_before_dispatch-payments-0e996445-r2,163111720,10,included,dc954af1a07d43470ddfdaf63206b96f18bfcd1e,ce36b784b54f312ba880c586df73ae47a27bcca6224a05b5560d52955c92e7a0,1d16a69bbeb2e20bcadcb0984489edafb1737b370be137a82ad20a2e98efeb07
stage3-2026-08-13-replication-1,crashed,B2_CAS_ONLY,ledger_postings,NO_READBACK,after_resolution_before_barrier,CALLER_REFERENCE,everysec,7.2.5,redis:7.2.5-alpine@sha256:6aaf3f5e6bc8a592fbfe2cccf19eb36d27c39d12dab4f4b01556b7449e7b1f44,b2_cas_only-after_resolution_before_barrier-ledger_postings-92760b3e-r0,499597056,10,included,dc954af1a07d43470ddfdaf63206b96f18bfcd1e,ce36b784b54f312ba880c586df73ae47a27bcca6224a05b5560d52955c92e7a0,bce5743fd930305ce21058bae454ea363ec9e3ccb53798eea2cfd955212c960f
stage3-2026-08-13-replication-1,crashed,B2_CAS_ONLY,ledger_postings,NO_READBACK,after_resolution_before_barrier,CALLER_REFERENCE,everysec,7.2.5,redis:7.2.5-alpine@sha256:6aaf3f5e6bc8a592fbfe2cccf19eb36d27c39d12dab4f4b01556b7449e7b1f44,b2_cas_only-after_resolution_before_barrier-ledger_postings-92760b3e-r1,394783548,10,included,dc954af1a07d43470ddfdaf63206b96f18bfcd1e,ce36b784b54f312ba880c586df73ae47a27bcca6224a05b5560d52955c92e7a0,e1084e3264237a4ebfdc835c36d487eb9b22897f968a4575f80e7d7b06a4a052
stage3-2026-08-13-replication-1,crashed,B2_CAS_ONLY,ledger_postings,NO_READBACK,after_resolution_before_barrier,CALLER_REFERENCE,everysec,7.2.5,redis:7.2.5-alpine@sha256:6aaf3f5e6bc8a592fbfe2cccf19eb36d27c39d12dab4f4b01556b7449e7b1f44,b2_cas_only-after_resolution_before_barrier-ledger_postings-92760b3e-r2,1746908841,10,included,dc954af1a07d43470ddfdaf63206b96f18bfcd1e,ce36b784b54f312ba880c586df73ae47a27bcca6224a05b5560d52955c92e7a0,a9e0e3d677b4abd7f19906a9db8031b6315e620424b26b365d0ef1c43308fb5e
stage3-2026-08-13-replication-1,crashed,B2_CAS_ONLY,notifications,POSITIVE_ONLY_READBACK,after_resolution_before_barrier,CALLER_REFERENCE,everysec,7.2.5,redis:7.2.5-alpine@sha256:6aaf3f5e6bc8a592fbfe2cccf19eb36d27c39d12dab4f4b01556b7449e7b1f44,b2_cas_only-after_resolution_before_barrier-notifications-cd28d9a1-r0,2111815156,10,included,dc954af1a07d43470ddfdaf63206b96f18bfcd1e,ce36b784b54f312ba880c586df73ae47a27bcca6224a05b5560d52955c92e7a0,36be27dedd1c475361cfea2fc44d360c2f5d263408c80b82db5bfa21001440c5
stage3-2026-08-13-replication-1,crashed,B2_CAS_ONLY,notifications,POSITIVE_ONLY_READBACK,after_resolution_before_barrier,CALLER_REFERENCE,everysec,7.2.5,redis:7.2.5-alpine@sha256:6aaf3f5e6bc8a592fbfe2cccf19eb36d27c39d12dab4f4b01556b7449e7b1f44,b2_cas_only-after_resolution_before_barrier-notifications-cd28d9a1-r1,1222967405,10,included,dc954af1a07d43470ddfdaf63206b96f18bfcd1e,ce36b784b54f312ba880c586df73ae47a27bcca6224a05b5560d52955c92e7a0,4bc8bd2e2f87ca07ad3cc1e9effb6fcdb26c872d81497306a2ca607618a29916
stage3-2026-08-13-replication-1,crashed,B2_CAS_ONLY,notifications,POSITIVE_ONLY_READBACK,after_resolution_before_barrier,CALLER_REFERENCE,everysec,7.2.5,redis:7.2.5-alpine@sha256:6aaf3f5e6bc8a592fbfe2cccf19eb36d27c39d12dab4f4b01556b7449e7b1f44,b2_cas_only-after_resolution_before_barrier-notifications-cd28d9a1-r2,406177202,10,included,dc954af1a07d43470ddfdaf63206b96f18bfcd1e,ce36b784b54f312ba880c586df73ae47a27bcca6224a05b5560d52955c92e7a0,9ed230b71084a34a37f4883668cb85b33e442446dd1823f1439902fa2edc6cd1
stage3-2026-08-13-replication-1,crashed,B2_CAS_ONLY,payments,AUTHORITATIVE_READBACK,after_resolution_before_barrier,CALLER_REFERENCE,everysec,7.2.5,redis:7.2.5-alpine@sha256:6aaf3f5e6bc8a592fbfe2cccf19eb36d27c39d12dab4f4b01556b7449e7b1f44,b2_cas_only-after_resolution_before_barrier-payments-6f44b382-r0,1675512863,10,included,dc954af1a07d43470ddfdaf63206b96f18bfcd1e,ce36b784b54f312ba880c586df73ae47a27bcca6224a05b5560d52955c92e7a0,f508520014f3a07a128bffe104c87e6c671d282caae3625405da741f339ade52
stage3-2026-08-13-replication-1,crashed,B2_CAS_ONLY,payments,AUTHORITATIVE_READBACK,after_resolution_before_barrier,CALLER_REFERENCE,everysec,7.2.5,redis:7.2.5-alpine@sha256:6aaf3f5e6bc8a592fbfe2cccf19eb36d27c39d12dab4f4b01556b7449e7b1f44,b2_cas_only-after_resolution_before_barrier-payments-6f44b382-r1,1200965622,10,included,dc954af1a07d43470ddfdaf63206b96f18bfcd1e,ce36b784b54f312ba880c586df73ae47a27bcca6224a05b5560d52955c92e7a0,17dd9ca0264e0fbf9ff80f523b4dfca64370f78de8943497af9d8fc870eb4043
stage3-2026-08-13-replication-1,crashed,B2_CAS_ONLY,payments,AUTHORITATIVE_READBACK,after_resolution_before_barrier,CALLER_REFERENCE,everysec,7.2.5,redis:7.2.5-alpine@sha256:6aaf3f5e6bc8a592fbfe2cccf19eb36d27c39d12dab4f4b01556b7449e7b1f44,b2_cas_only-after_resolution_before_barrier-payments-6f44b382-r2,1422250291,10,included,dc954af1a07d43470ddfdaf63206b96f18bfcd1e,ce36b784b54f312ba880c586df73ae47a27bcca6224a05b5560d52955c92e7a0,3c64644f9bac045acc6ede8b165489b8c596f5505816c90ba8ae5aa672e94f64
stage3-2026-08-13-replication-1,crashed,B2_CAS_ONLY,ledger_postings,NO_READBACK,after_response_before_resolution,CALLER_REFERENCE,everysec,7.2.5,redis:7.2.5-alpine@sha256:6aaf3f5e6bc8a592fbfe2cccf19eb36d27c39d12dab4f4b01556b7449e7b1f44,b2_cas_only-after_response_before_resolution-ledger_postings-1a907194-r0,1735415870,10,included,dc954af1a07d43470ddfdaf63206b96f18bfcd1e,ce36b784b54f312ba880c586df73ae47a27bcca6224a05b5560d52955c92e7a0,ccbd37037892622b0d9fe4e99af346d0b5419e710fee26d997e51b6881d90aa7
stage3-2026-08-13-replication-1,crashed,B2_CAS_ONLY,ledger_postings,NO_READBACK,after_response_before_resolution,CALLER_REFERENCE,everysec,7.2.5,redis:7.2.5-alpine@sha256:6aaf3f5e6bc8a592fbfe2cccf19eb36d27c39d12dab4f4b01556b7449e7b1f44,b2_cas_only-after_response_before_resolution-ledger_postings-1a907194-r1,1476013958,10,included,dc954af1a07d43470ddfdaf63206b96f18bfcd1e,ce36b784b54f312ba880c586df73ae47a27bcca6224a05b5560d52955c92e7a0,149599a1dbdb06277dddab1c1aa4728e4d7f134719b693fb10729aa3987fd802
stage3-2026-08-13-replication-1,crashed,B2_CAS_ONLY,ledger_postings,NO_READBACK,after_response_before_resolution,CALLER_REFERENCE,everysec,7.2.5,redis:7.2.5-alpine@sha256:6aaf3f5e6bc8a592fbfe2cccf19eb36d27c39d12dab4f4b01556b7449e7b1f44,b2_cas_only-after_response_before_resolution-ledger_postings-1a907194-r2,1433536167,10,included,dc954af1a07d43470ddfdaf63206b96f18bfcd1e,ce36b784b54f312ba880c586df73ae47a27bcca6224a05b5560d52955c92e7a0,492ae0c3435751947221f8a86fd20ec9e9a9f0664ef3e8e02778a791f763aeba
stage3-2026-08-13-replication-1,crashed,B2_CAS_ONLY,notifications,POSITIVE_ONLY_READBACK,after_response_before_resolution,CALLER_REFERENCE,everysec,7.2.5,redis:7.2.5-alpine@sha256:6aaf3f5e6bc8a592fbfe2cccf19eb36d27c39d12dab4f4b01556b7449e7b1f44,b2_cas_only-after_response_before_resolution-notifications-048eb288-r0,1449986708,10,included,dc954af1a07d43470ddfdaf63206b96f18bfcd1e,ce36b784b54f312ba880c586df73ae47a27bcca6224a05b5560d52955c92e7a0,ea2693766fe769a2b7e6489c8dea690bfbce36a75be51314bcb568272416e89b
stage3-2026-08-13-replication-1,crashed,B2_CAS_ONLY,notifications,POSITIVE_ONLY_READBACK,after_response_before_resolution,CALLER_REFERENCE,everysec,7.2.5,redis:7.2.5-alpine@sha256:6aaf3f5e6bc8a592fbfe2cccf19eb36d27c39d12dab4f4b01556b7449e7b1f44,b2_cas_only-after_response_before_resolution-notifications-048eb288-r1,437467084,10,included,dc954af1a07d43470ddfdaf63206b96f18bfcd1e,ce36b784b54f312ba880c586df73ae47a27bcca6224a05b5560d52955c92e7a0,9c9b7214597be0261e0206931b63a2a7d1aab2d8b30c926464f333aec79424e0
stage3-2026-08-13-replication-1,crashed,B2_CAS_ONLY,notifications,POSITIVE_ONLY_READBACK,after_response_before_resolution,CALLER_REFERENCE,everysec,7.2.5,redis:7.2.5-alpine@sha256:6aaf3f5e6bc8a592fbfe2cccf19eb36d27c39d12dab4f4b01556b7449e7b1f44,b2_cas_only-after_response_before_resolution-notifications-048eb288-r2,1658610108,10,included,dc954af1a07d43470ddfdaf63206b96f18bfcd1e,ce36b784b54f312ba880c586df73ae47a27bcca6224a05b5560d52955c92e7a0,e48dea6e9849a6b0eee07a5ad5a72c57c7d6b8125623ec22485fa225fca0e2cf
stage3-2026-08-13-replication-1,crashed,B2_CAS_ONLY,payments,AUTHORITATIVE_READBACK,after_response_before_resolution,CALLER_REFERENCE,everysec,7.2.5,redis:7.2.5-alpine@sha256:6aaf3f5e6bc8a592fbfe2cccf19eb36d27c39d12dab4f4b01556b7449e7b1f44,b2_cas_only-after_response_before_resolution-payments-879bc6b2-r0,816690055,10,included,dc954af1a07d43470ddfdaf63206b96f18bfcd1e,ce36b784b54f312ba880c586df73ae47a27bcca6224a05b5560d52955c92e7a0,0ebea5bfb3363d04a536222272adb965ca9b9ab78e6a68974c1ab75e0f58b56a
stage3-2026-08-13-replication-1,crashed,B2_CAS_ONLY,payments,AUTHORITATIVE_READBACK,after_response_before_resolution,CALLER_REFERENCE,everysec,7.2.5,redis:7.2.5-alpine@sha256:6aaf3f5e6bc8a592fbfe2cccf19eb36d27c39d12dab4f4b01556b7449e7b1f44,b2_cas_only-after_response_before_resolution-payments-879bc6b2-r1,255059909,10,included,dc954af1a07d43470ddfdaf63206b96f18bfcd1e,ce36b784b54f312ba880c586df73ae47a27bcca6224a05b5560d52955c92e7a0,a95c0a5d3a88423d54581c6a3905817f484af8668f010f028f5dc557f1ce0111
stage3-2026-08-13-replication-1,crashed,B2_CAS_ONLY,payments,AUTHORITATIVE_READBACK,after_response_before_resolution,CALLER_REFERENCE,everysec,7.2.5,redis:7.2.5-alpine@sha256:6aaf3f5e6bc8a592fbfe2cccf19eb36d27c39d12dab4f4b01556b7449e7b1f44,b2_cas_only-after_response_before_resolution-payments-879bc6b2-r2,1389441640,10,included,dc954af1a07d43470ddfdaf63206b96f18bfcd1e,ce36b784b54f312ba880c586df73ae47a27bcca6224a05b5560d52955c92e7a0,6464bc2dfe59d15e81342e42f5dd663328e1b5620672692ee5a1d2e4660babb2
stage3-2026-08-13-replication-1,crashed,B2_CAS_ONLY,ledger_postings,NO_READBACK,before_intent_write,CALLER_REFERENCE,everysec,7.2.5,redis:7.2.5-alpine@sha256:6aaf3f5e6bc8a592fbfe2cccf19eb36d27c39d12dab4f4b01556b7449e7b1f44,b2_cas_only-before_intent_write-ledger_postings-1930c0a9-r0,1873454486,10,included,dc954af1a07d43470ddfdaf63206b96f18bfcd1e,ce36b784b54f312ba880c586df73ae47a27bcca6224a05b5560d52955c92e7a0,cdcd019f1a8d8b2c50f1562e8b817eba8c60f1c36c24da0738ff480fda8c478a
stage3-2026-08-13-replication-1,crashed,B2_CAS_ONLY,ledger_postings,NO_READBACK,before_intent_write,CALLER_REFERENCE,everysec,7.2.5,redis:7.2.5-alpine@sha256:6aaf3f5e6bc8a592fbfe2cccf19eb36d27c39d12dab4f4b01556b7449e7b1f44,b2_cas_only-before_intent_write-ledger_postings-1930c0a9-r1,1633546339,10,included,dc954af1a07d43470ddfdaf63206b96f18bfcd1e,ce36b784b54f312ba880c586df73ae47a27bcca6224a05b5560d52955c92e7a0,b4f1b4d762d9b2694eb94a9f57f61ccc318297654c5238ae726cfb2f3a53470b
stage3-2026-08-13-replication-1,crashed,B2_CAS_ONLY,ledger_postings,NO_READBACK,before_intent_write,CALLER_REFERENCE,everysec,7.2.5,redis:7.2.5-alpine@sha256:6aaf3f5e6bc8a592fbfe2cccf19eb36d27c39d12dab4f4b01556b7449e7b1f44,b2_cas_only-before_intent_write-ledger_postings-1930c0a9-r2,76963210,10,included,dc954af1a07d43470ddfdaf63206b96f18bfcd1e,ce36b784b54f312ba880c586df73ae47a27bcca6224a05b5560d52955c92e7a0,ca0fac3280eabbc7b61eec97a972b18ef55f1ac2af33cae5a1c60a809eb67c80
stage3-2026-08-13-replication-1,crashed,B2_CAS_ONLY,notifications,POSITIVE_ONLY_READBACK,before_intent_write,CALLER_REFERENCE,everysec,7.2.5,redis:7.2.5-alpine@sha256:6aaf3f5e6bc8a592fbfe2cccf19eb36d27c39d12dab4f4b01556b7449e7b1f44,b2_cas_only-before_intent_write-notifications-dfb55a7d-r0,214733151,10,included,dc954af1a07d43470ddfdaf63206b96f18bfcd1e,ce36b784b54f312ba880c586df73ae47a27bcca6224a05b5560d52955c92e7a0,5673ec018005581ab079416ddfa9c2ebbb55d5fed71c43ece46c164377998ff2
stage3-2026-08-13-replication-1,crashed,B2_CAS_ONLY,notifications,POSITIVE_ONLY_READBACK,before_intent_write,CALLER_REFERENCE,everysec,7.2.5,redis:7.2.5-alpine@sha256:6aaf3f5e6bc8a592fbfe2cccf19eb36d27c39d12dab4f4b01556b7449e7b1f44,b2_cas_only-before_intent_write-notifications-dfb55a7d-r1,1603305659,10,included,dc954af1a07d43470ddfdaf63206b96f18bfcd1e,ce36b784b54f312ba880c586df73ae47a27bcca6224a05b5560d52955c92e7a0,a9f73e59502e0699fb9567b1c94e2d9bdb7855ebbef18533a99d4304db08df72
stage3-2026-08-13-replication-1,crashed,B2_CAS_ONLY,notifications,POSITIVE_ONLY_READBACK,before_intent_write,CALLER_REFERENCE,everysec,7.2.5,redis:7.2.5-alpine@sha256:6aaf3f5e6bc8a592fbfe2cccf19eb36d27c39d12dab4f4b01556b7449e7b1f44,b2_cas_only-before_intent_write-notifications-dfb55a7d-r2,10323573,10,included,dc954af1a07d43470ddfdaf63206b96f18bfcd1e,ce36b784b54f312ba880c586df73ae47a27bcca6224a05b5560d52955c92e7a0,0c7f13fb0c8df401890627d18f2ee57f1f3149c3fafff759ca33486517fcffcf
stage3-2026-08-13-replication-1,crashed,B2_CAS_ONLY,payments,AUTHORITATIVE_READBACK,before_intent_write,CALLER_REFERENCE,everysec,7.2.5,redis:7.2.5-alpine@sha256:6aaf3f5e6bc8a592fbfe2cccf19eb36d27c39d12dab4f4b01556b7449e7b1f44,b2_cas_only-before_intent_write-payments-a0635cb4-r0,74075404,10,included,dc954af1a07d43470ddfdaf63206b96f18bfcd1e,ce36b784b54f312ba880c586df73ae47a27bcca6224a05b5560d52955c92e7a0,ac2b7186272dbc79ddfd5497930072de3b2bfbc8b90184aebf3430e149183b93
stage3-2026-08-13-replication-1,crashed,B2_CAS_ONLY,payments,AUTHORITATIVE_READBACK,before_intent_write,CALLER_REFERENCE,everysec,7.2.5,redis:7.2.5-alpine@sha256:6aaf3f5e6bc8a592fbfe2cccf19eb36d27c39d12dab4f4b01556b7449e7b1f44,b2_cas_only-before_intent_write-payments-a0635cb4-r1,1834222809,10,included,dc954af1a07d43470ddfdaf63206b96f18bfcd1e,ce36b784b54f312ba880c586df73ae47a27bcca6224a05b5560d52955c92e7a0,b2e4c30d23aff78385f68b204625a0c48be3056b4d417fa96f886dff5d64546e
stage3-2026-08-13-replication-1,crashed,B2_CAS_ONLY,payments,AUTHORITATIVE_READBACK,before_intent_write,CALLER_REFERENCE,everysec,7.2.5,redis:7.2.5-alpine@sha256:6aaf3f5e6bc8a592fbfe2cccf19eb36d27c39d12dab4f4b01556b7449e7b1f44,b2_cas_only-before_intent_write-payments-a0635cb4-r2,1965498349,10,included,dc954af1a07d43470ddfdaf63206b96f18bfcd1e,ce36b784b54f312ba880c586df73ae47a27bcca6224a05b5560d52955c92e7a0,9ca21e404012f64ab2652a21e55255ee2d7eca2786783452e589783d34ee9018
stage3-2026-08-13-replication-1,crashed,B2_CAS_ONLY,ledger_postings,NO_READBACK,mid_dispatch,CALLER_REFERENCE,everysec,7.2.5,redis:7.2.5-alpine@sha256:6aaf3f5e6bc8a592fbfe2cccf19eb36d27c39d12dab4f4b01556b7449e7b1f44,b2_cas_only-mid_dispatch-ledger_postings-7f679244-r0,234198058,10,included,dc954af1a07d43470ddfdaf63206b96f18bfcd1e,ce36b784b54f312ba880c586df73ae47a27bcca6224a05b5560d52955c92e7a0,e25787248144cc1ce9d0a711e0449fe6bb9195863de6c0fec386f59a8d996351
stage3-2026-08-13-replication-1,crashed,B2_CAS_ONLY,ledger_postings,NO_READBACK,mid_dispatch,CALLER_REFERENCE,everysec,7.2.5,redis:7.2.5-alpine@sha256:6aaf3f5e6bc8a592fbfe2cccf19eb36d27c39d12dab4f4b01556b7449e7b1f44,b2_cas_only-mid_dispatch-ledger_postings-7f679244-r1,408803988,10,included,dc954af1a07d43470ddfdaf63206b96f18bfcd1e,ce36b784b54f312ba880c586df73ae47a27bcca6224a05b5560d52955c92e7a0,2086ca5bd29ba50b163466212858cafba38c847271d3a010a1f9329c1e7ea33a
stage3-2026-08-13-replication-1,crashed,B2_CAS_ONLY,ledger_postings,NO_READBACK,mid_dispatch,CALLER_REFERENCE,everysec,7.2.5,redis:7.2.5-alpine@sha256:6aaf3f5e6bc8a592fbfe2cccf19eb36d27c39d12dab4f4b01556b7449e7b1f44,b2_cas_only-mid_dispatch-ledger_postings-7f679244-r2,1366736186,10,included,dc954af1a07d43470ddfdaf63206b96f18bfcd1e,ce36b784b54f312ba880c586df73ae47a27bcca6224a05b5560d52955c92e7a0,21ff308bf65136be4fd99d2106f785dc00c43c97094f4a4bce69d52e29760cc6
stage3-2026-08-13-replication-1,crashed,B2_CAS_ONLY,notifications,POSITIVE_ONLY_READBACK,mid_dispatch,CALLER_REFERENCE,everysec,7.2.5,redis:7.2.5-alpine@sha256:6aaf3f5e6bc8a592fbfe2cccf19eb36d27c39d12dab4f4b01556b7449e7b1f44,b2_cas_only-mid_dispatch-notifications-acd2c44b-r0,1939008893,10,included,dc954af1a07d43470ddfdaf63206b96f18bfcd1e,ce36b784b54f312ba880c586df73ae47a27bcca6224a05b5560d52955c92e7a0,01b90e858fd7e8044b00e3d0c8da7a2f7ae581e4b63f985fa44566fba3c343b5
stage3-2026-08-13-replication-1,crashed,B2_CAS_ONLY,notifications,POSITIVE_ONLY_READBACK,mid_dispatch,CALLER_REFERENCE,everysec,7.2.5,redis:7.2.5-alpine@sha256:6aaf3f5e6bc8a592fbfe2cccf19eb36d27c39d12dab4f4b01556b7449e7b1f44,b2_cas_only-mid_dispatch-notifications-acd2c44b-r1,361696425,10,included,dc954af1a07d43470ddfdaf63206b96f18bfcd1e,ce36b784b54f312ba880c586df73ae47a27bcca6224a05b5560d52955c92e7a0,519b96c8b1925ac2eccdf5d842e181eee969b8218b4cda5fe0d41ba0abab1124
stage3-2026-08-13-replication-1,crashed,B2_CAS_ONLY,notifications,POSITIVE_ONLY_READBACK,mid_dispatch,CALLER_REFERENCE,everysec,7.2.5,redis:7.2.5-alpine@sha256:6aaf3f5e6bc8a592fbfe2cccf19eb36d27c39d12dab4f4b01556b7449e7b1f44,b2_cas_only-mid_dispatch-notifications-acd2c44b-r2,1414519498,10,included,dc954af1a07d43470ddfdaf63206b96f18bfcd1e,ce36b784b54f312ba880c586df73ae47a27bcca6224a05b5560d52955c92e7a0,efefff1cf4ac204156ecd39c97834b8d7c11f29181bc2a3fe5b950bc9324d67f
stage3-2026-08-13-replication-1,crashed,B2_CAS_ONLY,payments,AUTHORITATIVE_READBACK,mid_dispatch,CALLER_REFERENCE,everysec,7.2.5,redis:7.2.5-alpine@sha256:6aaf3f5e6bc8a592fbfe2cccf19eb36d27c39d12dab4f4b01556b7449e7b1f44,b2_cas_only-mid_dispatch-payments-cf6b9157-r0,133076369,10,included,dc954af1a07d43470ddfdaf63206b96f18bfcd1e,ce36b784b54f312ba880c586df73ae47a27bcca6224a05b5560d52955c92e7a0,e60a9f266240e7c3a894eac19ba025d6955c86653fa8062ab509513650f7a06d
stage3-2026-08-13-replication-1,crashed,B2_CAS_ONLY,payments,AUTHORITATIVE_READBACK,mid_dispatch,CALLER_REFERENCE,everysec,7.2.5,redis:7.2.5-alpine@sha256:6aaf3f5e6bc8a592fbfe2cccf19eb36d27c39d12dab4f4b01556b7449e7b1f44,b2_cas_only-mid_dispatch-payments-cf6b9157-r1,1943766712,10,included,dc954af1a07d43470ddfdaf63206b96f18bfcd1e,ce36b784b54f312ba880c586df73ae47a27bcca6224a05b5560d52955c92e7a0,6b0f078cc7f2aed24c3b010fddb1c07a3479f4791e4cc6067cf78e4afe2585de
stage3-2026-08-13-replication-1,crashed,B2_CAS_ONLY,payments,AUTHORITATIVE_READBACK,mid_dispatch,CALLER_REFERENCE,everysec,7.2.5,redis:7.2.5-alpine@sha256:6aaf3f5e6bc8a592fbfe2cccf19eb36d27c39d12dab4f4b01556b7449e7b1f44,b2_cas_only-mid_dispatch-payments-cf6b9157-r2,975029973,10,included,dc954af1a07d43470ddfdaf63206b96f18bfcd1e,ce36b784b54f312ba880c586df73ae47a27bcca6224a05b5560d52955c92e7a0,86ebc9f5bd472c4b878269ac207dd903745d22078dffad7807f29fb7a6b7e3cf
stage3-2026-08-13-replication-1,p0,B2_CAS_ONLY,payments,AUTHORITATIVE_READBACK,none,CALLER_REFERENCE,everysec,7.2.5,redis:7.2.5-alpine@sha256:6aaf3f5e6bc8a592fbfe2cccf19eb36d27c39d12dab4f4b01556b7449e7b1f44,b2_cas_only-none-payments-e0993c08-r0,1543242110,10,included,dc954af1a07d43470ddfdaf63206b96f18bfcd1e,ce36b784b54f312ba880c586df73ae47a27bcca6224a05b5560d52955c92e7a0,131fa417a456d1a70abf702f25d56128da881c424a4031679d787070602695ae
stage3-2026-08-13-replication-1,p0,B2_CAS_ONLY,payments,AUTHORITATIVE_READBACK,none,CALLER_REFERENCE,everysec,7.2.5,redis:7.2.5-alpine@sha256:6aaf3f5e6bc8a592fbfe2cccf19eb36d27c39d12dab4f4b01556b7449e7b1f44,b2_cas_only-none-payments-e0993c08-r1,988666742,10,included,dc954af1a07d43470ddfdaf63206b96f18bfcd1e,ce36b784b54f312ba880c586df73ae47a27bcca6224a05b5560d52955c92e7a0,384f02ba852afaf2d7b5b369a4db1c79ba6f5b9a385b815656fa7d38823bce0b
stage3-2026-08-13-replication-1,p0,B2_CAS_ONLY,payments,AUTHORITATIVE_READBACK,none,CALLER_REFERENCE,everysec,7.2.5,redis:7.2.5-alpine@sha256:6aaf3f5e6bc8a592fbfe2cccf19eb36d27c39d12dab4f4b01556b7449e7b1f44,b2_cas_only-none-payments-e0993c08-r2,45147995,10,included,dc954af1a07d43470ddfdaf63206b96f18bfcd1e,ce36b784b54f312ba880c586df73ae47a27bcca6224a05b5560d52955c92e7a0,fa6769597559bdf4223d2577213eae5ffe91eb424201138e24a63cd6d0a93fae
stage3-2026-08-13-replication-1,crashed,B3_INTENT_NO_BARRIER,ledger_postings,NO_READBACK,after_barrier_before_dispatch,CALLER_REFERENCE,everysec,7.2.5,redis:7.2.5-alpine@sha256:6aaf3f5e6bc8a592fbfe2cccf19eb36d27c39d12dab4f4b01556b7449e7b1f44,b3_intent_no_barrier-after_barrier_before_dispatch-ledger_postings-ba5154a1-r0,1021617177,10,included,dc954af1a07d43470ddfdaf63206b96f18bfcd1e,ce36b784b54f312ba880c586df73ae47a27bcca6224a05b5560d52955c92e7a0,584c797f84706bf351ba5ac749291798f8d4c05ae77371bdc083be73cfd4c0f2
stage3-2026-08-13-replication-1,crashed,B3_INTENT_NO_BARRIER,ledger_postings,NO_READBACK,after_barrier_before_dispatch,CALLER_REFERENCE,everysec,7.2.5,redis:7.2.5-alpine@sha256:6aaf3f5e6bc8a592fbfe2cccf19eb36d27c39d12dab4f4b01556b7449e7b1f44,b3_intent_no_barrier-after_barrier_before_dispatch-ledger_postings-ba5154a1-r1,1754020300,10,included,dc954af1a07d43470ddfdaf63206b96f18bfcd1e,ce36b784b54f312ba880c586df73ae47a27bcca6224a05b5560d52955c92e7a0,89328f47c1cd887303a349113cd6cf98e02c311d2cef2f02a1433a4dfa1f9544
stage3-2026-08-13-replication-1,crashed,B3_INTENT_NO_BARRIER,ledger_postings,NO_READBACK,after_barrier_before_dispatch,CALLER_REFERENCE,everysec,7.2.5,redis:7.2.5-alpine@sha256:6aaf3f5e6bc8a592fbfe2cccf19eb36d27c39d12dab4f4b01556b7449e7b1f44,b3_intent_no_barrier-after_barrier_before_dispatch-ledger_postings-ba5154a1-r2,1444171353,10,included,dc954af1a07d43470ddfdaf63206b96f18bfcd1e,ce36b784b54f312ba880c586df73ae47a27bcca6224a05b5560d52955c92e7a0,4f6fc19c06a817bc1eb149f5d1ec553c3f4de1e3d6e9a2e78eca80d76e0d2cf6
stage3-2026-08-13-replication-1,crashed,B3_INTENT_NO_BARRIER,notifications,POSITIVE_ONLY_READBACK,after_barrier_before_dispatch,CALLER_REFERENCE,everysec,7.2.5,redis:7.2.5-alpine@sha256:6aaf3f5e6bc8a592fbfe2cccf19eb36d27c39d12dab4f4b01556b7449e7b1f44,b3_intent_no_barrier-after_barrier_before_dispatch-notifications-b92d94f8-r0,357301026,10,included,dc954af1a07d43470ddfdaf63206b96f18bfcd1e,ce36b784b54f312ba880c586df73ae47a27bcca6224a05b5560d52955c92e7a0,6e28771c17eab2565b637e2272277c40eda60ccd74305ea6ec21760f1a2f5723
stage3-2026-08-13-replication-1,crashed,B3_INTENT_NO_BARRIER,notifications,POSITIVE_ONLY_READBACK,after_barrier_before_dispatch,CALLER_REFERENCE,everysec,7.2.5,redis:7.2.5-alpine@sha256:6aaf3f5e6bc8a592fbfe2cccf19eb36d27c39d12dab4f4b01556b7449e7b1f44,b3_intent_no_barrier-after_barrier_before_dispatch-notifications-b92d94f8-r1,1368603577,10,included,dc954af1a07d43470ddfdaf63206b96f18bfcd1e,ce36b784b54f312ba880c586df73ae47a27bcca6224a05b5560d52955c92e7a0,f8f50babe9e9eff78833d0457ad81f225cd79f8c8daa4dfe5fb5f369a659e0d8
stage3-2026-08-13-replication-1,crashed,B3_INTENT_NO_BARRIER,notifications,POSITIVE_ONLY_READBACK,after_barrier_before_dispatch,CALLER_REFERENCE,everysec,7.2.5,redis:7.2.5-alpine@sha256:6aaf3f5e6bc8a592fbfe2cccf19eb36d27c39d12dab4f4b01556b7449e7b1f44,b3_intent_no_barrier-after_barrier_before_dispatch-notifications-b92d94f8-r2,475608197,10,included,dc954af1a07d43470ddfdaf63206b96f18bfcd1e,ce36b784b54f312ba880c586df73ae47a27bcca6224a05b5560d52955c92e7a0,0b9f4f978a80718ea83d3535a21fc72b2584cef6284ee7dd8772e00370d5149f
stage3-2026-08-13-replication-1,crashed,B3_INTENT_NO_BARRIER,payments,AUTHORITATIVE_READBACK,after_barrier_before_dispatch,CALLER_REFERENCE,everysec,7.2.5,redis:7.2.5-alpine@sha256:6aaf3f5e6bc8a592fbfe2cccf19eb36d27c39d12dab4f4b01556b7449e7b1f44,b3_intent_no_barrier-after_barrier_before_dispatch-payments-d46fb584-r0,379136077,10,included,dc954af1a07d43470ddfdaf63206b96f18bfcd1e,ce36b784b54f312ba880c586df73ae47a27bcca6224a05b5560d52955c92e7a0,3c43f47d37b55383ab4a27cb843ed2eb74920c7a4c737c1f4d157e49cd5fd946
stage3-2026-08-13-replication-1,crashed,B3_INTENT_NO_BARRIER,payments,AUTHORITATIVE_READBACK,after_barrier_before_dispatch,CALLER_REFERENCE,everysec,7.2.5,redis:7.2.5-alpine@sha256:6aaf3f5e6bc8a592fbfe2cccf19eb36d27c39d12dab4f4b01556b7449e7b1f44,b3_intent_no_barrier-after_barrier_before_dispatch-payments-d46fb584-r1,512494334,10,included,dc954af1a07d43470ddfdaf63206b96f18bfcd1e,ce36b784b54f312ba880c586df73ae47a27bcca6224a05b5560d52955c92e7a0,26b5c901b53f643841b5c5461c04810ae5351944af26e94d01e85385c4ed736d
stage3-2026-08-13-replication-1,crashed,B3_INTENT_NO_BARRIER,payments,AUTHORITATIVE_READBACK,after_barrier_before_dispatch,CALLER_REFERENCE,everysec,7.2.5,redis:7.2.5-alpine@sha256:6aaf3f5e6bc8a592fbfe2cccf19eb36d27c39d12dab4f4b01556b7449e7b1f44,b3_intent_no_barrier-after_barrier_before_dispatch-payments-d46fb584-r2,1954052659,10,included,dc954af1a07d43470ddfdaf63206b96f18bfcd1e,ce36b784b54f312ba880c586df73ae47a27bcca6224a05b5560d52955c92e7a0,d2a97d94838753bae48e206288cffaee57c3816c334d6ee5efb691e05ad03d0d
stage3-2026-08-13-replication-1,crashed,B3_INTENT_NO_BARRIER,ledger_postings,NO_READBACK,after_intent_before_barrier,CALLER_REFERENCE,everysec,7.2.5,redis:7.2.5-alpine@sha256:6aaf3f5e6bc8a592fbfe2cccf19eb36d27c39d12dab4f4b01556b7449e7b1f44,b3_intent_no_barrier-after_intent_before_barrier-ledger_postings-139565cf-r0,1040423796,10,included,dc954af1a07d43470ddfdaf63206b96f18bfcd1e,ce36b784b54f312ba880c586df73ae47a27bcca6224a05b5560d52955c92e7a0,adb57941623692b064498e778b2fc58bf5a16a9ebabfa0a1c3778fd4e3c84e43
stage3-2026-08-13-replication-1,crashed,B3_INTENT_NO_BARRIER,ledger_postings,NO_READBACK,after_intent_before_barrier,CALLER_REFERENCE,everysec,7.2.5,redis:7.2.5-alpine@sha256:6aaf3f5e6bc8a592fbfe2cccf19eb36d27c39d12dab4f4b01556b7449e7b1f44,b3_intent_no_barrier-after_intent_before_barrier-ledger_postings-139565cf-r1,159520079,10,included,dc954af1a07d43470ddfdaf63206b96f18bfcd1e,ce36b784b54f312ba880c586df73ae47a27bcca6224a05b5560d52955c92e7a0,1b6b5c34739c931c5bd43bf752720983f472aae4d0ad20453c65f16c6796b49d
stage3-2026-08-13-replication-1,crashed,B3_INTENT_NO_BARRIER,ledger_postings,NO_READBACK,after_intent_before_barrier,CALLER_REFERENCE,everysec,7.2.5,redis:7.2.5-alpine@sha256:6aaf3f5e6bc8a592fbfe2cccf19eb36d27c39d12dab4f4b01556b7449e7b1f44,b3_intent_no_barrier-after_intent_before_barrier-ledger_postings-139565cf-r2,527546819,10,included,dc954af1a07d43470ddfdaf63206b96f18bfcd1e,ce36b784b54f312ba880c586df73ae47a27bcca6224a05b5560d52955c92e7a0,ea64972cae9718c9b2d07ff95a8e9bad199bf2cfa19a06b1c271cfd42bf4e0be
stage3-2026-08-13-replication-1,crashed,B3_INTENT_NO_BARRIER,notifications,POSITIVE_ONLY_READBACK,after_intent_before_barrier,CALLER_REFERENCE,everysec,7.2.5,redis:7.2.5-alpine@sha256:6aaf3f5e6bc8a592fbfe2cccf19eb36d27c39d12dab4f4b01556b7449e7b1f44,b3_intent_no_barrier-after_intent_before_barrier-notifications-93be8078-r0,1585575757,10,included,dc954af1a07d43470ddfdaf63206b96f18bfcd1e,ce36b784b54f312ba880c586df73ae47a27bcca6224a05b5560d52955c92e7a0,b1ba6cd73fd64aaa836290d955f91984c5a2d79cda7558643afafe90ed5314ce
stage3-2026-08-13-replication-1,crashed,B3_INTENT_NO_BARRIER,notifications,POSITIVE_ONLY_READBACK,after_intent_before_barrier,CALLER_REFERENCE,everysec,7.2.5,redis:7.2.5-alpine@sha256:6aaf3f5e6bc8a592fbfe2cccf19eb36d27c39d12dab4f4b01556b7449e7b1f44,b3_intent_no_barrier-after_intent_before_barrier-notifications-93be8078-r1,21657449,10,included,dc954af1a07d43470ddfdaf63206b96f18bfcd1e,ce36b784b54f312ba880c586df73ae47a27bcca6224a05b5560d52955c92e7a0,0379d187ae8c8eb36a2aacce0da7b4367de37b15b748a3797281ef0aaec32b87
stage3-2026-08-13-replication-1,crashed,B3_INTENT_NO_BARRIER,notifications,POSITIVE_ONLY_READBACK,after_intent_before_barrier,CALLER_REFERENCE,everysec,7.2.5,redis:7.2.5-alpine@sha256:6aaf3f5e6bc8a592fbfe2cccf19eb36d27c39d12dab4f4b01556b7449e7b1f44,b3_intent_no_barrier-after_intent_before_barrier-notifications-93be8078-r2,2034429940,10,included,dc954af1a07d43470ddfdaf63206b96f18bfcd1e,ce36b784b54f312ba880c586df73ae47a27bcca6224a05b5560d52955c92e7a0,50a4db241aaa73768565da97fec3286645f61401d2c7bc2108052dff2582858c
stage3-2026-08-13-replication-1,crashed,B3_INTENT_NO_BARRIER,payments,AUTHORITATIVE_READBACK,after_intent_before_barrier,CALLER_REFERENCE,everysec,7.2.5,redis:7.2.5-alpine@sha256:6aaf3f5e6bc8a592fbfe2cccf19eb36d27c39d12dab4f4b01556b7449e7b1f44,b3_intent_no_barrier-after_intent_before_barrier-payments-d5765a7b-r0,1673979923,10,included,dc954af1a07d43470ddfdaf63206b96f18bfcd1e,ce36b784b54f312ba880c586df73ae47a27bcca6224a05b5560d52955c92e7a0,9ea350c607b702977d6a638120d662ec5af8ebc1965d6dcfc37c44c14c22f702
stage3-2026-08-13-replication-1,crashed,B3_INTENT_NO_BARRIER,payments,AUTHORITATIVE_READBACK,after_intent_before_barrier,CALLER_REFERENCE,everysec,7.2.5,redis:7.2.5-alpine@sha256:6aaf3f5e6bc8a592fbfe2cccf19eb36d27c39d12dab4f4b01556b7449e7b1f44,b3_intent_no_barrier-after_intent_before_barrier-payments-d5765a7b-r1,348073713,10,included,dc954af1a07d43470ddfdaf63206b96f18bfcd1e,ce36b784b54f312ba880c586df73ae47a27bcca6224a05b5560d52955c92e7a0,0e518ac82ae7af2c8a86ce67f362b50cfaf9ab80810a2f60ef3e935e6ff60abf
stage3-2026-08-13-replication-1,crashed,B3_INTENT_NO_BARRIER,payments,AUTHORITATIVE_READBACK,after_intent_before_barrier,CALLER_REFERENCE,everysec,7.2.5,redis:7.2.5-alpine@sha256:6aaf3f5e6bc8a592fbfe2cccf19eb36d27c39d12dab4f4b01556b7449e7b1f44,b3_intent_no_barrier-after_intent_before_barrier-payments-d5765a7b-r2,112488828,10,included,dc954af1a07d43470ddfdaf63206b96f18bfcd1e,ce36b784b54f312ba880c586df73ae47a27bcca6224a05b5560d52955c92e7a0,b23e0de6af7fbfb97edb8a10f2ea2b11a8b5678ac4be51721d64c4ff9e624548
stage3-2026-08-13-replication-1,crashed,B3_INTENT_NO_BARRIER,ledger_postings,NO_READBACK,after_resolution_before_barrier,CALLER_REFERENCE,everysec,7.2.5,redis:7.2.5-alpine@sha256:6aaf3f5e6bc8a592fbfe2cccf19eb36d27c39d12dab4f4b01556b7449e7b1f44,b3_intent_no_barrier-after_resolution_before_barrier-ledger_postings-27c18477-r0,1250234069,10,included,dc954af1a07d43470ddfdaf63206b96f18bfcd1e,ce36b784b54f312ba880c586df73ae47a27bcca6224a05b5560d52955c92e7a0,c4dff6e17315470ad35333a3496b421e305c96eb71bee0c12045585108b4dca8
stage3-2026-08-13-replication-1,crashed,B3_INTENT_NO_BARRIER,ledger_postings,NO_READBACK,after_resolution_before_barrier,CALLER_REFERENCE,everysec,7.2.5,redis:7.2.5-alpine@sha256:6aaf3f5e6bc8a592fbfe2cccf19eb36d27c39d12dab4f4b01556b7449e7b1f44,b3_intent_no_barrier-after_resolution_before_barrier-ledger_postings-27c18477-r1,1568006012,10,included,dc954af1a07d43470ddfdaf63206b96f18bfcd1e,ce36b784b54f312ba880c586df73ae47a27bcca6224a05b5560d52955c92e7a0,44a2073ec73b9269498da19b361a420650fe5c34785355aea038a76a8ba81945
stage3-2026-08-13-replication-1,crashed,B3_INTENT_NO_BARRIER,ledger_postings,NO_READBACK,after_resolution_before_barrier,CALLER_REFERENCE,everysec,7.2.5,redis:7.2.5-alpine@sha256:6aaf3f5e6bc8a592fbfe2cccf19eb36d27c39d12dab4f4b01556b7449e7b1f44,b3_intent_no_barrier-after_resolution_before_barrier-ledger_postings-27c18477-r2,522895276,10,included,dc954af1a07d43470ddfdaf63206b96f18bfcd1e,ce36b784b54f312ba880c586df73ae47a27bcca6224a05b5560d52955c92e7a0,9a6ecc3334936149abe8810e4f4ad75671e99a62234ea43f27d7de037668e2d7
stage3-2026-08-13-replication-1,crashed,B3_INTENT_NO_BARRIER,notifications,POSITIVE_ONLY_READBACK,after_resolution_before_barrier,CALLER_REFERENCE,everysec,7.2.5,redis:7.2.5-alpine@sha256:6aaf3f5e6bc8a592fbfe2cccf19eb36d27c39d12dab4f4b01556b7449e7b1f44,b3_intent_no_barrier-after_resolution_before_barrier-notifications-c5760ad9-r0,2014808961,10,included,dc954af1a07d43470ddfdaf63206b96f18bfcd1e,ce36b784b54f312ba880c586df73ae47a27bcca6224a05b5560d52955c92e7a0,c61a4a9b9eee72949b8e4021427134eeb226bd6d7520fbc32b30cdfa60f67ad8
stage3-2026-08-13-replication-1,crashed,B3_INTENT_NO_BARRIER,notifications,POSITIVE_ONLY_READBACK,after_resolution_before_barrier,CALLER_REFERENCE,everysec,7.2.5,redis:7.2.5-alpine@sha256:6aaf3f5e6bc8a592fbfe2cccf19eb36d27c39d12dab4f4b01556b7449e7b1f44,b3_intent_no_barrier-after_resolution_before_barrier-notifications-c5760ad9-r1,683093293,10,included,dc954af1a07d43470ddfdaf63206b96f18bfcd1e,ce36b784b54f312ba880c586df73ae47a27bcca6224a05b5560d52955c92e7a0,9fdac773d74f0bc852ad01b5099d449955b731091dd5dca86039d89df97228b2
stage3-2026-08-13-replication-1,crashed,B3_INTENT_NO_BARRIER,notifications,POSITIVE_ONLY_READBACK,after_resolution_before_barrier,CALLER_REFERENCE,everysec,7.2.5,redis:7.2.5-alpine@sha256:6aaf3f5e6bc8a592fbfe2cccf19eb36d27c39d12dab4f4b01556b7449e7b1f44,b3_intent_no_barrier-after_resolution_before_barrier-notifications-c5760ad9-r2,924139947,10,included,dc954af1a07d43470ddfdaf63206b96f18bfcd1e,ce36b784b54f312ba880c586df73ae47a27bcca6224a05b5560d52955c92e7a0,e18a226c08698e342e40aade87d29d2fc1c840cbcd0d73adeea32dc6496f10f1
stage3-2026-08-13-replication-1,crashed,B3_INTENT_NO_BARRIER,payments,AUTHORITATIVE_READBACK,after_resolution_before_barrier,CALLER_REFERENCE,everysec,7.2.5,redis:7.2.5-alpine@sha256:6aaf3f5e6bc8a592fbfe2cccf19eb36d27c39d12dab4f4b01556b7449e7b1f44,b3_intent_no_barrier-after_resolution_before_barrier-payments-492ba4b0-r0,1260061707,10,included,dc954af1a07d43470ddfdaf63206b96f18bfcd1e,ce36b784b54f312ba880c586df73ae47a27bcca6224a05b5560d52955c92e7a0,eb614b53fc10daccd68662124b22cd7389b3247c028edabd70a129e06bfd47cf
stage3-2026-08-13-replication-1,crashed,B3_INTENT_NO_BARRIER,payments,AUTHORITATIVE_READBACK,after_resolution_before_barrier,CALLER_REFERENCE,everysec,7.2.5,redis:7.2.5-alpine@sha256:6aaf3f5e6bc8a592fbfe2cccf19eb36d27c39d12dab4f4b01556b7449e7b1f44,b3_intent_no_barrier-after_resolution_before_barrier-payments-492ba4b0-r1,327060529,10,included,dc954af1a07d43470ddfdaf63206b96f18bfcd1e,ce36b784b54f312ba880c586df73ae47a27bcca6224a05b5560d52955c92e7a0,286edb7741c6cbe1ec0b9f47f3694f19f138e25bf862b3ba3ae59653a8daad11
stage3-2026-08-13-replication-1,crashed,B3_INTENT_NO_BARRIER,payments,AUTHORITATIVE_READBACK,after_resolution_before_barrier,CALLER_REFERENCE,everysec,7.2.5,redis:7.2.5-alpine@sha256:6aaf3f5e6bc8a592fbfe2cccf19eb36d27c39d12dab4f4b01556b7449e7b1f44,b3_intent_no_barrier-after_resolution_before_barrier-payments-492ba4b0-r2,676859467,10,included,dc954af1a07d43470ddfdaf63206b96f18bfcd1e,ce36b784b54f312ba880c586df73ae47a27bcca6224a05b5560d52955c92e7a0,febe4ab5a89564f6e7b8ddcb1909a5af659d044bbdcf52bf26564cdc444fe4a6
stage3-2026-08-13-replication-1,crashed,B3_INTENT_NO_BARRIER,ledger_postings,NO_READBACK,after_response_before_resolution,CALLER_REFERENCE,everysec,7.2.5,redis:7.2.5-alpine@sha256:6aaf3f5e6bc8a592fbfe2cccf19eb36d27c39d12dab4f4b01556b7449e7b1f44,b3_intent_no_barrier-after_response_before_resolution-ledger_postings-cb7f68b8-r0,830098220,10,included,dc954af1a07d43470ddfdaf63206b96f18bfcd1e,ce36b784b54f312ba880c586df73ae47a27bcca6224a05b5560d52955c92e7a0,d5dd0321cde9d78997af5e88656f0300aca1e2fbcbddb9e0672941100c6445cd
stage3-2026-08-13-replication-1,crashed,B3_INTENT_NO_BARRIER,ledger_postings,NO_READBACK,after_response_before_resolution,CALLER_REFERENCE,everysec,7.2.5,redis:7.2.5-alpine@sha256:6aaf3f5e6bc8a592fbfe2cccf19eb36d27c39d12dab4f4b01556b7449e7b1f44,b3_intent_no_barrier-after_response_before_resolution-ledger_postings-cb7f68b8-r1,1773651795,10,included,dc954af1a07d43470ddfdaf63206b96f18bfcd1e,ce36b784b54f312ba880c586df73ae47a27bcca6224a05b5560d52955c92e7a0,db4d859b2ec33858837680c6f80d034652a37e831700bf1e840c0f47d24c4034
stage3-2026-08-13-replication-1,crashed,B3_INTENT_NO_BARRIER,ledger_postings,NO_READBACK,after_response_before_resolution,CALLER_REFERENCE,everysec,7.2.5,redis:7.2.5-alpine@sha256:6aaf3f5e6bc8a592fbfe2cccf19eb36d27c39d12dab4f4b01556b7449e7b1f44,b3_intent_no_barrier-after_response_before_resolution-ledger_postings-cb7f68b8-r2,1065563419,10,included,dc954af1a07d43470ddfdaf63206b96f18bfcd1e,ce36b784b54f312ba880c586df73ae47a27bcca6224a05b5560d52955c92e7a0,e5a939865b19e68ea6fabddf22491f9c898ff9d4b2b7c78c4e4d93e9a1f7729a
stage3-2026-08-13-replication-1,crashed,B3_INTENT_NO_BARRIER,notifications,POSITIVE_ONLY_READBACK,after_response_before_resolution,CALLER_REFERENCE,everysec,7.2.5,redis:7.2.5-alpine@sha256:6aaf3f5e6bc8a592fbfe2cccf19eb36d27c39d12dab4f4b01556b7449e7b1f44,b3_intent_no_barrier-after_response_before_resolution-notifications-1e4bcfa9-r0,382344544,10,included,dc954af1a07d43470ddfdaf63206b96f18bfcd1e,ce36b784b54f312ba880c586df73ae47a27bcca6224a05b5560d52955c92e7a0,4ba7a82d2351b48a93bd868457792df2064d19b72ad818793e9cb75edbeb614a
stage3-2026-08-13-replication-1,crashed,B3_INTENT_NO_BARRIER,notifications,POSITIVE_ONLY_READBACK,after_response_before_resolution,CALLER_REFERENCE,everysec,7.2.5,redis:7.2.5-alpine@sha256:6aaf3f5e6bc8a592fbfe2cccf19eb36d27c39d12dab4f4b01556b7449e7b1f44,b3_intent_no_barrier-after_response_before_resolution-notifications-1e4bcfa9-r1,334594734,10,included,dc954af1a07d43470ddfdaf63206b96f18bfcd1e,ce36b784b54f312ba880c586df73ae47a27bcca6224a05b5560d52955c92e7a0,562b109f13370e2df23f6ced9f76fa570ad70a7ead38e03fd9a0bebf9dc62b56
stage3-2026-08-13-replication-1,crashed,B3_INTENT_NO_BARRIER,notifications,POSITIVE_ONLY_READBACK,after_response_before_resolution,CALLER_REFERENCE,everysec,7.2.5,redis:7.2.5-alpine@sha256:6aaf3f5e6bc8a592fbfe2cccf19eb36d27c39d12dab4f4b01556b7449e7b1f44,b3_intent_no_barrier-after_response_before_resolution-notifications-1e4bcfa9-r2,1861022273,10,included,dc954af1a07d43470ddfdaf63206b96f18bfcd1e,ce36b784b54f312ba880c586df73ae47a27bcca6224a05b5560d52955c92e7a0,35ab85ff046ecbf0db69ea39a8b6ec16ba30937360a1b03b4b617ba1dca656ea
stage3-2026-08-13-replication-1,crashed,B3_INTENT_NO_BARRIER,payments,AUTHORITATIVE_READBACK,after_response_before_resolution,CALLER_REFERENCE,everysec,7.2.5,redis:7.2.5-alpine@sha256:6aaf3f5e6bc8a592fbfe2cccf19eb36d27c39d12dab4f4b01556b7449e7b1f44,b3_intent_no_barrier-after_response_before_resolution-payments-21a75840-r0,1817911119,10,included,dc954af1a07d43470ddfdaf63206b96f18bfcd1e,ce36b784b54f312ba880c586df73ae47a27bcca6224a05b5560d52955c92e7a0,b1dba7eefd2c5af0c7997782a2f5296e087e9f709cbf25145ca695220faad093
stage3-2026-08-13-replication-1,crashed,B3_INTENT_NO_BARRIER,payments,AUTHORITATIVE_READBACK,after_response_before_resolution,CALLER_REFERENCE,everysec,7.2.5,redis:7.2.5-alpine@sha256:6aaf3f5e6bc8a592fbfe2cccf19eb36d27c39d12dab4f4b01556b7449e7b1f44,b3_intent_no_barrier-after_response_before_resolution-payments-21a75840-r1,718928551,10,included,dc954af1a07d43470ddfdaf63206b96f18bfcd1e,ce36b784b54f312ba880c586df73ae47a27bcca6224a05b5560d52955c92e7a0,f213d2b467429ea137a5c626ee91a88304c11dd043cd0ed5f8a6bf3f8fa0d9d0
stage3-2026-08-13-replication-1,crashed,B3_INTENT_NO_BARRIER,payments,AUTHORITATIVE_READBACK,after_response_before_resolution,CALLER_REFERENCE,everysec,7.2.5,redis:7.2.5-alpine@sha256:6aaf3f5e6bc8a592fbfe2cccf19eb36d27c39d12dab4f4b01556b7449e7b1f44,b3_intent_no_barrier-after_response_before_resolution-payments-21a75840-r2,1236261553,10,included,dc954af1a07d43470ddfdaf63206b96f18bfcd1e,ce36b784b54f312ba880c586df73ae47a27bcca6224a05b5560d52955c92e7a0,ca712cb3768c3fb2f756db055902ef4dc1bf03ab8849ed22d6369a1e07ae4522
stage3-2026-08-13-replication-1,crashed,B3_INTENT_NO_BARRIER,ledger_postings,NO_READBACK,before_intent_write,CALLER_REFERENCE,everysec,7.2.5,redis:7.2.5-alpine@sha256:6aaf3f5e6bc8a592fbfe2cccf19eb36d27c39d12dab4f4b01556b7449e7b1f44,b3_intent_no_barrier-before_intent_write-ledger_postings-9a40f08b-r0,717180402,10,included,dc954af1a07d43470ddfdaf63206b96f18bfcd1e,ce36b784b54f312ba880c586df73ae47a27bcca6224a05b5560d52955c92e7a0,eb38a635b393e898596c1b53fdd1af9e4607248c0f132351ea837a5f4ae87b9d
stage3-2026-08-13-replication-1,crashed,B3_INTENT_NO_BARRIER,ledger_postings,NO_READBACK,before_intent_write,CALLER_REFERENCE,everysec,7.2.5,redis:7.2.5-alpine@sha256:6aaf3f5e6bc8a592fbfe2cccf19eb36d27c39d12dab4f4b01556b7449e7b1f44,b3_intent_no_barrier-before_intent_write-ledger_postings-9a40f08b-r1,436729705,10,included,dc954af1a07d43470ddfdaf63206b96f18bfcd1e,ce36b784b54f312ba880c586df73ae47a27bcca6224a05b5560d52955c92e7a0,2c9e99de426bd678b589e7237d91ed11f2f4b9d08a2f2a502ee622d4acb05a19
stage3-2026-08-13-replication-1,crashed,B3_INTENT_NO_BARRIER,ledger_postings,NO_READBACK,before_intent_write,CALLER_REFERENCE,everysec,7.2.5,redis:7.2.5-alpine@sha256:6aaf3f5e6bc8a592fbfe2cccf19eb36d27c39d12dab4f4b01556b7449e7b1f44,b3_intent_no_barrier-before_intent_write-ledger_postings-9a40f08b-r2,604407596,10,included,dc954af1a07d43470ddfdaf63206b96f18bfcd1e,ce36b784b54f312ba880c586df73ae47a27bcca6224a05b5560d52955c92e7a0,2e5fafc69b951b8025cbd38d68ddb012f653c152836887af586531605b10ee55
stage3-2026-08-13-replication-1,crashed,B3_INTENT_NO_BARRIER,notifications,POSITIVE_ONLY_READBACK,before_intent_write,CALLER_REFERENCE,everysec,7.2.5,redis:7.2.5-alpine@sha256:6aaf3f5e6bc8a592fbfe2cccf19eb36d27c39d12dab4f4b01556b7449e7b1f44,b3_intent_no_barrier-before_intent_write-notifications-ed6f2d89-r0,1194389966,10,included,dc954af1a07d43470ddfdaf63206b96f18bfcd1e,ce36b784b54f312ba880c586df73ae47a27bcca6224a05b5560d52955c92e7a0,a56fe50d0555666a33656f6264122f1127ac93d91e556d4cee5296bc25e2f22b
stage3-2026-08-13-replication-1,crashed,B3_INTENT_NO_BARRIER,notifications,POSITIVE_ONLY_READBACK,before_intent_write,CALLER_REFERENCE,everysec,7.2.5,redis:7.2.5-alpine@sha256:6aaf3f5e6bc8a592fbfe2cccf19eb36d27c39d12dab4f4b01556b7449e7b1f44,b3_intent_no_barrier-before_intent_write-notifications-ed6f2d89-r1,1275968891,10,included,dc954af1a07d43470ddfdaf63206b96f18bfcd1e,ce36b784b54f312ba880c586df73ae47a27bcca6224a05b5560d52955c92e7a0,00d1832ed3e41f2ca56a69dd02def7b2f55c39d60840aa34d55c730a4a1720be
stage3-2026-08-13-replication-1,crashed,B3_INTENT_NO_BARRIER,notifications,POSITIVE_ONLY_READBACK,before_intent_write,CALLER_REFERENCE,everysec,7.2.5,redis:7.2.5-alpine@sha256:6aaf3f5e6bc8a592fbfe2cccf19eb36d27c39d12dab4f4b01556b7449e7b1f44,b3_intent_no_barrier-before_intent_write-notifications-ed6f2d89-r2,1841365046,10,included,dc954af1a07d43470ddfdaf63206b96f18bfcd1e,ce36b784b54f312ba880c586df73ae47a27bcca6224a05b5560d52955c92e7a0,b584bcbb6a4d75649d0b565e5f38232a259d3d11f6f689a7a804c215addbe4ce
stage3-2026-08-13-replication-1,crashed,B3_INTENT_NO_BARRIER,payments,AUTHORITATIVE_READBACK,before_intent_write,CALLER_REFERENCE,everysec,7.2.5,redis:7.2.5-alpine@sha256:6aaf3f5e6bc8a592fbfe2cccf19eb36d27c39d12dab4f4b01556b7449e7b1f44,b3_intent_no_barrier-before_intent_write-payments-49da3383-r0,109259863,10,included,dc954af1a07d43470ddfdaf63206b96f18bfcd1e,ce36b784b54f312ba880c586df73ae47a27bcca6224a05b5560d52955c92e7a0,c7ef17ee8fe993c8f8fde329b1bd558ebec4b22c1834c51d2cf87684b1e0486f
stage3-2026-08-13-replication-1,crashed,B3_INTENT_NO_BARRIER,payments,AUTHORITATIVE_READBACK,before_intent_write,CALLER_REFERENCE,everysec,7.2.5,redis:7.2.5-alpine@sha256:6aaf3f5e6bc8a592fbfe2cccf19eb36d27c39d12dab4f4b01556b7449e7b1f44,b3_intent_no_barrier-before_intent_write-payments-49da3383-r1,682733281,10,included,dc954af1a07d43470ddfdaf63206b96f18bfcd1e,ce36b784b54f312ba880c586df73ae47a27bcca6224a05b5560d52955c92e7a0,f06d5095b5d80ebc7e35151b8e5f21984d2ca8ff66a33353ed40feccfc4298d3
stage3-2026-08-13-replication-1,crashed,B3_INTENT_NO_BARRIER,payments,AUTHORITATIVE_READBACK,before_intent_write,CALLER_REFERENCE,everysec,7.2.5,redis:7.2.5-alpine@sha256:6aaf3f5e6bc8a592fbfe2cccf19eb36d27c39d12dab4f4b01556b7449e7b1f44,b3_intent_no_barrier-before_intent_write-payments-49da3383-r2,1844927208,10,included,dc954af1a07d43470ddfdaf63206b96f18bfcd1e,ce36b784b54f312ba880c586df73ae47a27bcca6224a05b5560d52955c92e7a0,bb45a9aa3ce68ff65cf29b35e884b6875a0161c1fb84a9f8bbba9876580a6ab5
stage3-2026-08-13-replication-1,crashed,B3_INTENT_NO_BARRIER,ledger_postings,NO_READBACK,mid_dispatch,CALLER_REFERENCE,everysec,7.2.5,redis:7.2.5-alpine@sha256:6aaf3f5e6bc8a592fbfe2cccf19eb36d27c39d12dab4f4b01556b7449e7b1f44,b3_intent_no_barrier-mid_dispatch-ledger_postings-2c5b2532-r0,1993554205,10,included,dc954af1a07d43470ddfdaf63206b96f18bfcd1e,ce36b784b54f312ba880c586df73ae47a27bcca6224a05b5560d52955c92e7a0,9fa44c5203f35aff1549a1e038b3e3e7c07dd5a3049c89b30c2a62eba7d2bfd6
stage3-2026-08-13-replication-1,crashed,B3_INTENT_NO_BARRIER,ledger_postings,NO_READBACK,mid_dispatch,CALLER_REFERENCE,everysec,7.2.5,redis:7.2.5-alpine@sha256:6aaf3f5e6bc8a592fbfe2cccf19eb36d27c39d12dab4f4b01556b7449e7b1f44,b3_intent_no_barrier-mid_dispatch-ledger_postings-2c5b2532-r1,1295447497,10,included,dc954af1a07d43470ddfdaf63206b96f18bfcd1e,ce36b784b54f312ba880c586df73ae47a27bcca6224a05b5560d52955c92e7a0,09cdc5db46125f56f6138c1d2f92a8b60993644cdc4df7c053ee21d9eef4f4a0
stage3-2026-08-13-replication-1,crashed,B3_INTENT_NO_BARRIER,ledger_postings,NO_READBACK,mid_dispatch,CALLER_REFERENCE,everysec,7.2.5,redis:7.2.5-alpine@sha256:6aaf3f5e6bc8a592fbfe2cccf19eb36d27c39d12dab4f4b01556b7449e7b1f44,b3_intent_no_barrier-mid_dispatch-ledger_postings-2c5b2532-r2,288417253,10,included,dc954af1a07d43470ddfdaf63206b96f18bfcd1e,ce36b784b54f312ba880c586df73ae47a27bcca6224a05b5560d52955c92e7a0,d09bab15b45f770aa8037179bf1d4c8729368e1bfde2c173c4fbbb7fa9648769
stage3-2026-08-13-replication-1,crashed,B3_INTENT_NO_BARRIER,notifications,POSITIVE_ONLY_READBACK,mid_dispatch,CALLER_REFERENCE,everysec,7.2.5,redis:7.2.5-alpine@sha256:6aaf3f5e6bc8a592fbfe2cccf19eb36d27c39d12dab4f4b01556b7449e7b1f44,b3_intent_no_barrier-mid_dispatch-notifications-6b8f707e-r0,754523666,10,included,dc954af1a07d43470ddfdaf63206b96f18bfcd1e,ce36b784b54f312ba880c586df73ae47a27bcca6224a05b5560d52955c92e7a0,b52df038b1851dffeef46a263014c98557268c902b39ab2c3f0aede3e42b0b5c
stage3-2026-08-13-replication-1,crashed,B3_INTENT_NO_BARRIER,notifications,POSITIVE_ONLY_READBACK,mid_dispatch,CALLER_REFERENCE,everysec,7.2.5,redis:7.2.5-alpine@sha256:6aaf3f5e6bc8a592fbfe2cccf19eb36d27c39d12dab4f4b01556b7449e7b1f44,b3_intent_no_barrier-mid_dispatch-notifications-6b8f707e-r1,1915289061,10,included,dc954af1a07d43470ddfdaf63206b96f18bfcd1e,ce36b784b54f312ba880c586df73ae47a27bcca6224a05b5560d52955c92e7a0,37cd752ccc9ee1e4d9fcd6da88fb9e32d13f38355a4a085a8473a3b319f5ddf7
stage3-2026-08-13-replication-1,crashed,B3_INTENT_NO_BARRIER,notifications,POSITIVE_ONLY_READBACK,mid_dispatch,CALLER_REFERENCE,everysec,7.2.5,redis:7.2.5-alpine@sha256:6aaf3f5e6bc8a592fbfe2cccf19eb36d27c39d12dab4f4b01556b7449e7b1f44,b3_intent_no_barrier-mid_dispatch-notifications-6b8f707e-r2,1728022933,10,included,dc954af1a07d43470ddfdaf63206b96f18bfcd1e,ce36b784b54f312ba880c586df73ae47a27bcca6224a05b5560d52955c92e7a0,1dc97712b5e3e8758eda7b551547af11f9cdd8097552e0451df23a046a402c77
stage3-2026-08-13-replication-1,crashed,B3_INTENT_NO_BARRIER,payments,AUTHORITATIVE_READBACK,mid_dispatch,CALLER_REFERENCE,everysec,7.2.5,redis:7.2.5-alpine@sha256:6aaf3f5e6bc8a592fbfe2cccf19eb36d27c39d12dab4f4b01556b7449e7b1f44,b3_intent_no_barrier-mid_dispatch-payments-c3f36ba8-r0,543489976,10,included,dc954af1a07d43470ddfdaf63206b96f18bfcd1e,ce36b784b54f312ba880c586df73ae47a27bcca6224a05b5560d52955c92e7a0,3b3c55e8b2892d39798b2a6b8183dae5e3302aedb2fbeb8022cbbde4af6e0134
stage3-2026-08-13-replication-1,crashed,B3_INTENT_NO_BARRIER,payments,AUTHORITATIVE_READBACK,mid_dispatch,CALLER_REFERENCE,everysec,7.2.5,redis:7.2.5-alpine@sha256:6aaf3f5e6bc8a592fbfe2cccf19eb36d27c39d12dab4f4b01556b7449e7b1f44,b3_intent_no_barrier-mid_dispatch-payments-c3f36ba8-r1,2139789439,10,included,dc954af1a07d43470ddfdaf63206b96f18bfcd1e,ce36b784b54f312ba880c586df73ae47a27bcca6224a05b5560d52955c92e7a0,ab62ead9b17e56d38099cc472f14f4079e0456a7f91ab538f122c547d0e20054
stage3-2026-08-13-replication-1,crashed,B3_INTENT_NO_BARRIER,payments,AUTHORITATIVE_READBACK,mid_dispatch,CALLER_REFERENCE,everysec,7.2.5,redis:7.2.5-alpine@sha256:6aaf3f5e6bc8a592fbfe2cccf19eb36d27c39d12dab4f4b01556b7449e7b1f44,b3_intent_no_barrier-mid_dispatch-payments-c3f36ba8-r2,191442805,10,included,dc954af1a07d43470ddfdaf63206b96f18bfcd1e,ce36b784b54f312ba880c586df73ae47a27bcca6224a05b5560d52955c92e7a0,cb40b0aa3e8430575da70601fd308c0cd1a10f8896cd0284b4f49724230fd87f
stage3-2026-08-13-replication-1,redis-kill-preack,B3_INTENT_NO_BARRIER,ledger_postings,NO_READBACK,none,CALLER_REFERENCE,everysec,7.2.5,redis:7.2.5-alpine@sha256:6aaf3f5e6bc8a592fbfe2cccf19eb36d27c39d12dab4f4b01556b7449e7b1f44,b3_intent_no_barrier-none-ledger_postings-99ac28be-r0,1719115020,1,included,dc954af1a07d43470ddfdaf63206b96f18bfcd1e,ce36b784b54f312ba880c586df73ae47a27bcca6224a05b5560d52955c92e7a0,7a4bf58777b73983fbca3483a4a5b8221ceb9a348a00975049539f9c3197bb66
stage3-2026-08-13-replication-1,redis-kill-preack,B3_INTENT_NO_BARRIER,ledger_postings,NO_READBACK,none,CALLER_REFERENCE,everysec,7.2.5,redis:7.2.5-alpine@sha256:6aaf3f5e6bc8a592fbfe2cccf19eb36d27c39d12dab4f4b01556b7449e7b1f44,b3_intent_no_barrier-none-ledger_postings-99ac28be-r1,1258947145,1,included,dc954af1a07d43470ddfdaf63206b96f18bfcd1e,ce36b784b54f312ba880c586df73ae47a27bcca6224a05b5560d52955c92e7a0,7f2ffe7071abfa9058472061af82a3d9f671328e5ce8ab5178dc7603b54ce485
stage3-2026-08-13-replication-1,redis-kill-preack,B3_INTENT_NO_BARRIER,ledger_postings,NO_READBACK,none,CALLER_REFERENCE,everysec,7.2.5,redis:7.2.5-alpine@sha256:6aaf3f5e6bc8a592fbfe2cccf19eb36d27c39d12dab4f4b01556b7449e7b1f44,b3_intent_no_barrier-none-ledger_postings-99ac28be-r10,612179718,1,included,dc954af1a07d43470ddfdaf63206b96f18bfcd1e,ce36b784b54f312ba880c586df73ae47a27bcca6224a05b5560d52955c92e7a0,186c05ad35d0fadf66aba9efbbb36dab1ca2e8b239adb558237957dc9d01058e
stage3-2026-08-13-replication-1,redis-kill-preack,B3_INTENT_NO_BARRIER,ledger_postings,NO_READBACK,none,CALLER_REFERENCE,everysec,7.2.5,redis:7.2.5-alpine@sha256:6aaf3f5e6bc8a592fbfe2cccf19eb36d27c39d12dab4f4b01556b7449e7b1f44,b3_intent_no_barrier-none-ledger_postings-99ac28be-r11,798053973,1,included,dc954af1a07d43470ddfdaf63206b96f18bfcd1e,ce36b784b54f312ba880c586df73ae47a27bcca6224a05b5560d52955c92e7a0,e7605f299bf71f1dfdc06bd9476b857286cd42facb518023cd10b3955cb69a64
stage3-2026-08-13-replication-1,redis-kill-preack,B3_INTENT_NO_BARRIER,ledger_postings,NO_READBACK,none,CALLER_REFERENCE,everysec,7.2.5,redis:7.2.5-alpine@sha256:6aaf3f5e6bc8a592fbfe2cccf19eb36d27c39d12dab4f4b01556b7449e7b1f44,b3_intent_no_barrier-none-ledger_postings-99ac28be-r12,1252148684,1,included,dc954af1a07d43470ddfdaf63206b96f18bfcd1e,ce36b784b54f312ba880c586df73ae47a27bcca6224a05b5560d52955c92e7a0,4fdb5f1ce6018478c8ac16b4073420ed55bbc20ff7e29b884d8fcf757345fb7b
stage3-2026-08-13-replication-1,redis-kill-preack,B3_INTENT_NO_BARRIER,ledger_postings,NO_READBACK,none,CALLER_REFERENCE,everysec,7.2.5,redis:7.2.5-alpine@sha256:6aaf3f5e6bc8a592fbfe2cccf19eb36d27c39d12dab4f4b01556b7449e7b1f44,b3_intent_no_barrier-none-ledger_postings-99ac28be-r13,2004977328,1,included,dc954af1a07d43470ddfdaf63206b96f18bfcd1e,ce36b784b54f312ba880c586df73ae47a27bcca6224a05b5560d52955c92e7a0,55015529f451c048d09dd5d4af4946a79591bccf4463e2d4aa0484aaf96b2d22
stage3-2026-08-13-replication-1,redis-kill-preack,B3_INTENT_NO_BARRIER,ledger_postings,NO_READBACK,none,CALLER_REFERENCE,everysec,7.2.5,redis:7.2.5-alpine@sha256:6aaf3f5e6bc8a592fbfe2cccf19eb36d27c39d12dab4f4b01556b7449e7b1f44,b3_intent_no_barrier-none-ledger_postings-99ac28be-r14,375340651,1,included,dc954af1a07d43470ddfdaf63206b96f18bfcd1e,ce36b784b54f312ba880c586df73ae47a27bcca6224a05b5560d52955c92e7a0,8e66303cade490a483b5dd21f9858089df887947e6a10b7ca31348512ad68c98
stage3-2026-08-13-replication-1,redis-kill-preack,B3_INTENT_NO_BARRIER,ledger_postings,NO_READBACK,none,CALLER_REFERENCE,everysec,7.2.5,redis:7.2.5-alpine@sha256:6aaf3f5e6bc8a592fbfe2cccf19eb36d27c39d12dab4f4b01556b7449e7b1f44,b3_intent_no_barrier-none-ledger_postings-99ac28be-r15,999798709,1,included,dc954af1a07d43470ddfdaf63206b96f18bfcd1e,ce36b784b54f312ba880c586df73ae47a27bcca6224a05b5560d52955c92e7a0,ce3143d460f434d9eb3cd702044c6372963ccaa0e1a4221ffc06a1318431670b
stage3-2026-08-13-replication-1,redis-kill-preack,B3_INTENT_NO_BARRIER,ledger_postings,NO_READBACK,none,CALLER_REFERENCE,everysec,7.2.5,redis:7.2.5-alpine@sha256:6aaf3f5e6bc8a592fbfe2cccf19eb36d27c39d12dab4f4b01556b7449e7b1f44,b3_intent_no_barrier-none-ledger_postings-99ac28be-r16,454620415,1,included,dc954af1a07d43470ddfdaf63206b96f18bfcd1e,ce36b784b54f312ba880c586df73ae47a27bcca6224a05b5560d52955c92e7a0,1e96f635c15c476280f84ddd83c415c39343132791428060df2c88e581fbf9de
stage3-2026-08-13-replication-1,redis-kill-preack,B3_INTENT_NO_BARRIER,ledger_postings,NO_READBACK,none,CALLER_REFERENCE,everysec,7.2.5,redis:7.2.5-alpine@sha256:6aaf3f5e6bc8a592fbfe2cccf19eb36d27c39d12dab4f4b01556b7449e7b1f44,b3_intent_no_barrier-none-ledger_postings-99ac28be-r17,415075093,1,included,dc954af1a07d43470ddfdaf63206b96f18bfcd1e,ce36b784b54f312ba880c586df73ae47a27bcca6224a05b5560d52955c92e7a0,8e97c9cc27439c2d270d4372adcbf90f9fdb308735a8c28e5f9a76c0b9a839f8
stage3-2026-08-13-replication-1,redis-kill-preack,B3_INTENT_NO_BARRIER,ledger_postings,NO_READBACK,none,CALLER_REFERENCE,everysec,7.2.5,redis:7.2.5-alpine@sha256:6aaf3f5e6bc8a592fbfe2cccf19eb36d27c39d12dab4f4b01556b7449e7b1f44,b3_intent_no_barrier-none-ledger_postings-99ac28be-r18,1446638630,1,included,dc954af1a07d43470ddfdaf63206b96f18bfcd1e,ce36b784b54f312ba880c586df73ae47a27bcca6224a05b5560d52955c92e7a0,4494250a3b6e3348e9807554c02c67f5a93ff7da2d9ef0ee9e11cdde246cfa69
stage3-2026-08-13-replication-1,redis-kill-preack,B3_INTENT_NO_BARRIER,ledger_postings,NO_READBACK,none,CALLER_REFERENCE,everysec,7.2.5,redis:7.2.5-alpine@sha256:6aaf3f5e6bc8a592fbfe2cccf19eb36d27c39d12dab4f4b01556b7449e7b1f44,b3_intent_no_barrier-none-ledger_postings-99ac28be-r19,2036194771,1,included,dc954af1a07d43470ddfdaf63206b96f18bfcd1e,ce36b784b54f312ba880c586df73ae47a27bcca6224a05b5560d52955c92e7a0,016715e12268f0c9ea2d1e1cab9e3ea75d031ef5e0f9229e75e80b4e85c35eca
stage3-2026-08-13-replication-1,redis-kill-preack,B3_INTENT_NO_BARRIER,ledger_postings,NO_READBACK,none,CALLER_REFERENCE,everysec,7.2.5,redis:7.2.5-alpine@sha256:6aaf3f5e6bc8a592fbfe2cccf19eb36d27c39d12dab4f4b01556b7449e7b1f44,b3_intent_no_barrier-none-ledger_postings-99ac28be-r2,362659287,1,included,dc954af1a07d43470ddfdaf63206b96f18bfcd1e,ce36b784b54f312ba880c586df73ae47a27bcca6224a05b5560d52955c92e7a0,ef797125517100aa1c68e26ab095c2ce1c9dbb89e92bcffc3782910b29e8e473
stage3-2026-08-13-replication-1,redis-kill-preack,B3_INTENT_NO_BARRIER,ledger_postings,NO_READBACK,none,CALLER_REFERENCE,everysec,7.2.5,redis:7.2.5-alpine@sha256:6aaf3f5e6bc8a592fbfe2cccf19eb36d27c39d12dab4f4b01556b7449e7b1f44,b3_intent_no_barrier-none-ledger_postings-99ac28be-r20,60869553,1,included,dc954af1a07d43470ddfdaf63206b96f18bfcd1e,ce36b784b54f312ba880c586df73ae47a27bcca6224a05b5560d52955c92e7a0,16c5e0ece01c9b1d4221f4024aefcfdeb7b496f1c5c06a7fb53237629fd10588
stage3-2026-08-13-replication-1,redis-kill-preack,B3_INTENT_NO_BARRIER,ledger_postings,NO_READBACK,none,CALLER_REFERENCE,everysec,7.2.5,redis:7.2.5-alpine@sha256:6aaf3f5e6bc8a592fbfe2cccf19eb36d27c39d12dab4f4b01556b7449e7b1f44,b3_intent_no_barrier-none-ledger_postings-99ac28be-r21,2125704019,1,included,dc954af1a07d43470ddfdaf63206b96f18bfcd1e,ce36b784b54f312ba880c586df73ae47a27bcca6224a05b5560d52955c92e7a0,ce29234713c6dae941ef5af2c9d149e82fe8ce49572ff96568fe52680dcf66e9
stage3-2026-08-13-replication-1,redis-kill-preack,B3_INTENT_NO_BARRIER,ledger_postings,NO_READBACK,none,CALLER_REFERENCE,everysec,7.2.5,redis:7.2.5-alpine@sha256:6aaf3f5e6bc8a592fbfe2cccf19eb36d27c39d12dab4f4b01556b7449e7b1f44,b3_intent_no_barrier-none-ledger_postings-99ac28be-r22,1486140262,1,included,dc954af1a07d43470ddfdaf63206b96f18bfcd1e,ce36b784b54f312ba880c586df73ae47a27bcca6224a05b5560d52955c92e7a0,5faeee6a889dbecdd255c4f53c3bdf8b0a346553a38dd0de968517b5fdf03734
stage3-2026-08-13-replication-1,redis-kill-preack,B3_INTENT_NO_BARRIER,ledger_postings,NO_READBACK,none,CALLER_REFERENCE,everysec,7.2.5,redis:7.2.5-alpine@sha256:6aaf3f5e6bc8a592fbfe2cccf19eb36d27c39d12dab4f4b01556b7449e7b1f44,b3_intent_no_barrier-none-ledger_postings-99ac28be-r23,895775065,1,included,dc954af1a07d43470ddfdaf63206b96f18bfcd1e,ce36b784b54f312ba880c586df73ae47a27bcca6224a05b5560d52955c92e7a0,d3f85800a00f6137d200b606f8b9ab730cded57659ca024d5f431a6e4f4c83c7
stage3-2026-08-13-replication-1,redis-kill-preack,B3_INTENT_NO_BARRIER,ledger_postings,NO_READBACK,none,CALLER_REFERENCE,everysec,7.2.5,redis:7.2.5-alpine@sha256:6aaf3f5e6bc8a592fbfe2cccf19eb36d27c39d12dab4f4b01556b7449e7b1f44,b3_intent_no_barrier-none-ledger_postings-99ac28be-r24,1884718094,1,included,dc954af1a07d43470ddfdaf63206b96f18bfcd1e,ce36b784b54f312ba880c586df73ae47a27bcca6224a05b5560d52955c92e7a0,2119c80f910d7da6a85c42dc43a0404d0d771cd3197f07290a9cc907be33f4f6
stage3-2026-08-13-replication-1,redis-kill-preack,B3_INTENT_NO_BARRIER,ledger_postings,NO_READBACK,none,CALLER_REFERENCE,everysec,7.2.5,redis:7.2.5-alpine@sha256:6aaf3f5e6bc8a592fbfe2cccf19eb36d27c39d12dab4f4b01556b7449e7b1f44,b3_intent_no_barrier-none-ledger_postings-99ac28be-r25,863002109,1,included,dc954af1a07d43470ddfdaf63206b96f18bfcd1e,ce36b784b54f312ba880c586df73ae47a27bcca6224a05b5560d52955c92e7a0,27034da43f0bd508408cd79321763403e59de1c38f6fcd8936dd14fa27140098
stage3-2026-08-13-replication-1,redis-kill-preack,B3_INTENT_NO_BARRIER,ledger_postings,NO_READBACK,none,CALLER_REFERENCE,everysec,7.2.5,redis:7.2.5-alpine@sha256:6aaf3f5e6bc8a592fbfe2cccf19eb36d27c39d12dab4f4b01556b7449e7b1f44,b3_intent_no_barrier-none-ledger_postings-99ac28be-r26,1769344953,1,included,dc954af1a07d43470ddfdaf63206b96f18bfcd1e,ce36b784b54f312ba880c586df73ae47a27bcca6224a05b5560d52955c92e7a0,676f99f9e06975280bad0873fd0a128d4f53ec8045dc00273af4023e84881488
stage3-2026-08-13-replication-1,redis-kill-preack,B3_INTENT_NO_BARRIER,ledger_postings,NO_READBACK,none,CALLER_REFERENCE,everysec,7.2.5,redis:7.2.5-alpine@sha256:6aaf3f5e6bc8a592fbfe2cccf19eb36d27c39d12dab4f4b01556b7449e7b1f44,b3_intent_no_barrier-none-ledger_postings-99ac28be-r27,1644914326,1,included,dc954af1a07d43470ddfdaf63206b96f18bfcd1e,ce36b784b54f312ba880c586df73ae47a27bcca6224a05b5560d52955c92e7a0,0ec8f983c50c400b50559072072dea1560b1947f37f5db3de64360416abc8619
stage3-2026-08-13-replication-1,redis-kill-preack,B3_INTENT_NO_BARRIER,ledger_postings,NO_READBACK,none,CALLER_REFERENCE,everysec,7.2.5,redis:7.2.5-alpine@sha256:6aaf3f5e6bc8a592fbfe2cccf19eb36d27c39d12dab4f4b01556b7449e7b1f44,b3_intent_no_barrier-none-ledger_postings-99ac28be-r28,1593074169,1,included,dc954af1a07d43470ddfdaf63206b96f18bfcd1e,ce36b784b54f312ba880c586df73ae47a27bcca6224a05b5560d52955c92e7a0,0da65897c9a02aa2b102d0685b291a4eda22cf0108a4e937bd89f6ad6ba81d01
stage3-2026-08-13-replication-1,redis-kill-preack,B3_INTENT_NO_BARRIER,ledger_postings,NO_READBACK,none,CALLER_REFERENCE,everysec,7.2.5,redis:7.2.5-alpine@sha256:6aaf3f5e6bc8a592fbfe2cccf19eb36d27c39d12dab4f4b01556b7449e7b1f44,b3_intent_no_barrier-none-ledger_postings-99ac28be-r29,845661886,1,included,dc954af1a07d43470ddfdaf63206b96f18bfcd1e,ce36b784b54f312ba880c586df73ae47a27bcca6224a05b5560d52955c92e7a0,78e360ecf33d2a6dbc1b2090195d2df1b0a41585914cfc583621aab08a180cca
stage3-2026-08-13-replication-1,redis-kill-preack,B3_INTENT_NO_BARRIER,ledger_postings,NO_READBACK,none,CALLER_REFERENCE,everysec,7.2.5,redis:7.2.5-alpine@sha256:6aaf3f5e6bc8a592fbfe2cccf19eb36d27c39d12dab4f4b01556b7449e7b1f44,b3_intent_no_barrier-none-ledger_postings-99ac28be-r3,201244370,1,included,dc954af1a07d43470ddfdaf63206b96f18bfcd1e,ce36b784b54f312ba880c586df73ae47a27bcca6224a05b5560d52955c92e7a0,97309a90c4f254b2894ab92665d035c5b6f4b65373e4e9ee6f89b2e64189838b
stage3-2026-08-13-replication-1,redis-kill-preack,B3_INTENT_NO_BARRIER,ledger_postings,NO_READBACK,none,CALLER_REFERENCE,everysec,7.2.5,redis:7.2.5-alpine@sha256:6aaf3f5e6bc8a592fbfe2cccf19eb36d27c39d12dab4f4b01556b7449e7b1f44,b3_intent_no_barrier-none-ledger_postings-99ac28be-r4,1236369244,1,included,dc954af1a07d43470ddfdaf63206b96f18bfcd1e,ce36b784b54f312ba880c586df73ae47a27bcca6224a05b5560d52955c92e7a0,0d69bde5af659a890d0dcd0f0ce15e15ab8a3d57c423aa58a2586892cf56e411
stage3-2026-08-13-replication-1,redis-kill-preack,B3_INTENT_NO_BARRIER,ledger_postings,NO_READBACK,none,CALLER_REFERENCE,everysec,7.2.5,redis:7.2.5-alpine@sha256:6aaf3f5e6bc8a592fbfe2cccf19eb36d27c39d12dab4f4b01556b7449e7b1f44,b3_intent_no_barrier-none-ledger_postings-99ac28be-r5,1866957805,1,included,dc954af1a07d43470ddfdaf63206b96f18bfcd1e,ce36b784b54f312ba880c586df73ae47a27bcca6224a05b5560d52955c92e7a0,fef799737802407984664a184a813e749d9e2df17a8f9e106bb9aaf1bd3a69a6
stage3-2026-08-13-replication-1,redis-kill-preack,B3_INTENT_NO_BARRIER,ledger_postings,NO_READBACK,none,CALLER_REFERENCE,everysec,7.2.5,redis:7.2.5-alpine@sha256:6aaf3f5e6bc8a592fbfe2cccf19eb36d27c39d12dab4f4b01556b7449e7b1f44,b3_intent_no_barrier-none-ledger_postings-99ac28be-r6,772931710,1,included,dc954af1a07d43470ddfdaf63206b96f18bfcd1e,ce36b784b54f312ba880c586df73ae47a27bcca6224a05b5560d52955c92e7a0,2d8f80603931c85fa7bf7460549b3d1e85258d8c561dd3a44882f61f8ef8261b
stage3-2026-08-13-replication-1,redis-kill-preack,B3_INTENT_NO_BARRIER,ledger_postings,NO_READBACK,none,CALLER_REFERENCE,everysec,7.2.5,redis:7.2.5-alpine@sha256:6aaf3f5e6bc8a592fbfe2cccf19eb36d27c39d12dab4f4b01556b7449e7b1f44,b3_intent_no_barrier-none-ledger_postings-99ac28be-r7,1470789751,1,included,dc954af1a07d43470ddfdaf63206b96f18bfcd1e,ce36b784b54f312ba880c586df73ae47a27bcca6224a05b5560d52955c92e7a0,fccf089ae74bc708b34c957dc860185f01b9674bf01373d0e9b3cf0bfc87e59e
stage3-2026-08-13-replication-1,redis-kill-preack,B3_INTENT_NO_BARRIER,ledger_postings,NO_READBACK,none,CALLER_REFERENCE,everysec,7.2.5,redis:7.2.5-alpine@sha256:6aaf3f5e6bc8a592fbfe2cccf19eb36d27c39d12dab4f4b01556b7449e7b1f44,b3_intent_no_barrier-none-ledger_postings-99ac28be-r8,1729230393,1,included,dc954af1a07d43470ddfdaf63206b96f18bfcd1e,ce36b784b54f312ba880c586df73ae47a27bcca6224a05b5560d52955c92e7a0,c9a8d8c936b6e801d86e7fa1d3938b284dcb7d3391c93e822050377a592135bf
stage3-2026-08-13-replication-1,redis-kill-preack,B3_INTENT_NO_BARRIER,ledger_postings,NO_READBACK,none,CALLER_REFERENCE,everysec,7.2.5,redis:7.2.5-alpine@sha256:6aaf3f5e6bc8a592fbfe2cccf19eb36d27c39d12dab4f4b01556b7449e7b1f44,b3_intent_no_barrier-none-ledger_postings-99ac28be-r9,834484516,1,included,dc954af1a07d43470ddfdaf63206b96f18bfcd1e,ce36b784b54f312ba880c586df73ae47a27bcca6224a05b5560d52955c92e7a0,a734651b093c984b2ce5265f586aa268346ddbf4e66c36390adac6bc0c0cc96d
stage3-2026-08-13-replication-1,p0,B3_INTENT_NO_BARRIER,payments,AUTHORITATIVE_READBACK,none,CALLER_REFERENCE,everysec,7.2.5,redis:7.2.5-alpine@sha256:6aaf3f5e6bc8a592fbfe2cccf19eb36d27c39d12dab4f4b01556b7449e7b1f44,b3_intent_no_barrier-none-payments-85b7630d-r0,238451556,10,included,dc954af1a07d43470ddfdaf63206b96f18bfcd1e,ce36b784b54f312ba880c586df73ae47a27bcca6224a05b5560d52955c92e7a0,677522d2ecb59386fe70a78ce174c62315598c18c3de0831c1cbc2d5c54a7e4d
stage3-2026-08-13-replication-1,p0,B3_INTENT_NO_BARRIER,payments,AUTHORITATIVE_READBACK,none,CALLER_REFERENCE,everysec,7.2.5,redis:7.2.5-alpine@sha256:6aaf3f5e6bc8a592fbfe2cccf19eb36d27c39d12dab4f4b01556b7449e7b1f44,b3_intent_no_barrier-none-payments-85b7630d-r1,462163412,10,included,dc954af1a07d43470ddfdaf63206b96f18bfcd1e,ce36b784b54f312ba880c586df73ae47a27bcca6224a05b5560d52955c92e7a0,aa4b07e84165f61475f55ce14c0b40c5b2677f530ee7900d0d58e18d5da0b103
stage3-2026-08-13-replication-1,p0,B3_INTENT_NO_BARRIER,payments,AUTHORITATIVE_READBACK,none,CALLER_REFERENCE,everysec,7.2.5,redis:7.2.5-alpine@sha256:6aaf3f5e6bc8a592fbfe2cccf19eb36d27c39d12dab4f4b01556b7449e7b1f44,b3_intent_no_barrier-none-payments-85b7630d-r2,1426991083,10,included,dc954af1a07d43470ddfdaf63206b96f18bfcd1e,ce36b784b54f312ba880c586df73ae47a27bcca6224a05b5560d52955c92e7a0,499aef7c1001e3864927034fd65d1927b383f49f39346b5c1efb16ef6968a12b
stage3-2026-08-13-replication-1,crashed,B4_DURABLE_WORKFLOW,ledger_postings,NO_READBACK,after_barrier_before_dispatch,CALLER_REFERENCE,everysec,7.2.5,redis:7.2.5-alpine@sha256:6aaf3f5e6bc8a592fbfe2cccf19eb36d27c39d12dab4f4b01556b7449e7b1f44,b4_durable_workflow-after_barrier_before_dispatch-ledger_postings-5a1a38f0-r0,1060362507,10,included,dc954af1a07d43470ddfdaf63206b96f18bfcd1e,ce36b784b54f312ba880c586df73ae47a27bcca6224a05b5560d52955c92e7a0,6e035da26dff15584325b71ba22df6d3e9cec1a748e6b67e440ce6c34661e58d
stage3-2026-08-13-replication-1,crashed,B4_DURABLE_WORKFLOW,ledger_postings,NO_READBACK,after_barrier_before_dispatch,CALLER_REFERENCE,everysec,7.2.5,redis:7.2.5-alpine@sha256:6aaf3f5e6bc8a592fbfe2cccf19eb36d27c39d12dab4f4b01556b7449e7b1f44,b4_durable_workflow-after_barrier_before_dispatch-ledger_postings-5a1a38f0-r1,419100981,10,included,dc954af1a07d43470ddfdaf63206b96f18bfcd1e,ce36b784b54f312ba880c586df73ae47a27bcca6224a05b5560d52955c92e7a0,c2140df16cf24eb4db5b110272730b1e6745bb6f0cbfdafde93142afd4f5ebbb
stage3-2026-08-13-replication-1,crashed,B4_DURABLE_WORKFLOW,ledger_postings,NO_READBACK,after_barrier_before_dispatch,CALLER_REFERENCE,everysec,7.2.5,redis:7.2.5-alpine@sha256:6aaf3f5e6bc8a592fbfe2cccf19eb36d27c39d12dab4f4b01556b7449e7b1f44,b4_durable_workflow-after_barrier_before_dispatch-ledger_postings-5a1a38f0-r2,1933004781,10,included,dc954af1a07d43470ddfdaf63206b96f18bfcd1e,ce36b784b54f312ba880c586df73ae47a27bcca6224a05b5560d52955c92e7a0,9e943155839d4ff18b62249536fea3d0c1e4cc329dc9d92e8178caeb53445e95
stage3-2026-08-13-replication-1,crashed,B4_DURABLE_WORKFLOW,notifications,POSITIVE_ONLY_READBACK,after_barrier_before_dispatch,CALLER_REFERENCE,everysec,7.2.5,redis:7.2.5-alpine@sha256:6aaf3f5e6bc8a592fbfe2cccf19eb36d27c39d12dab4f4b01556b7449e7b1f44,b4_durable_workflow-after_barrier_before_dispatch-notifications-b46b11fa-r0,1521630150,10,included,dc954af1a07d43470ddfdaf63206b96f18bfcd1e,ce36b784b54f312ba880c586df73ae47a27bcca6224a05b5560d52955c92e7a0,80e73bd805df2f0a87c5edd0e65d2cd17ac191c8f1d02e26deed5d0a0928b24c
stage3-2026-08-13-replication-1,crashed,B4_DURABLE_WORKFLOW,notifications,POSITIVE_ONLY_READBACK,after_barrier_before_dispatch,CALLER_REFERENCE,everysec,7.2.5,redis:7.2.5-alpine@sha256:6aaf3f5e6bc8a592fbfe2cccf19eb36d27c39d12dab4f4b01556b7449e7b1f44,b4_durable_workflow-after_barrier_before_dispatch-notifications-b46b11fa-r1,1604716987,10,included,dc954af1a07d43470ddfdaf63206b96f18bfcd1e,ce36b784b54f312ba880c586df73ae47a27bcca6224a05b5560d52955c92e7a0,0bb43a9e9c2e955a8bf0a2d54d69f5f5df8f839714cffc49bb0b08d30544bae9
stage3-2026-08-13-replication-1,crashed,B4_DURABLE_WORKFLOW,notifications,POSITIVE_ONLY_READBACK,after_barrier_before_dispatch,CALLER_REFERENCE,everysec,7.2.5,redis:7.2.5-alpine@sha256:6aaf3f5e6bc8a592fbfe2cccf19eb36d27c39d12dab4f4b01556b7449e7b1f44,b4_durable_workflow-after_barrier_before_dispatch-notifications-b46b11fa-r2,2063027425,10,included,dc954af1a07d43470ddfdaf63206b96f18bfcd1e,ce36b784b54f312ba880c586df73ae47a27bcca6224a05b5560d52955c92e7a0,ef005f6f2c4bb45adfb1cbfc488191e9d8d98f007287d350d3f0fdc0b8922d78
stage3-2026-08-13-replication-1,crashed,B4_DURABLE_WORKFLOW,payments,AUTHORITATIVE_READBACK,after_barrier_before_dispatch,CALLER_REFERENCE,everysec,7.2.5,redis:7.2.5-alpine@sha256:6aaf3f5e6bc8a592fbfe2cccf19eb36d27c39d12dab4f4b01556b7449e7b1f44,b4_durable_workflow-after_barrier_before_dispatch-payments-11d6b7e1-r0,2132319289,10,included,dc954af1a07d43470ddfdaf63206b96f18bfcd1e,ce36b784b54f312ba880c586df73ae47a27bcca6224a05b5560d52955c92e7a0,2ac86ec0d615237ae29eebd76c94dbfbe6c67cf46347583803b98222a65ce1bf
stage3-2026-08-13-replication-1,crashed,B4_DURABLE_WORKFLOW,payments,AUTHORITATIVE_READBACK,after_barrier_before_dispatch,CALLER_REFERENCE,everysec,7.2.5,redis:7.2.5-alpine@sha256:6aaf3f5e6bc8a592fbfe2cccf19eb36d27c39d12dab4f4b01556b7449e7b1f44,b4_durable_workflow-after_barrier_before_dispatch-payments-11d6b7e1-r1,243604778,10,included,dc954af1a07d43470ddfdaf63206b96f18bfcd1e,ce36b784b54f312ba880c586df73ae47a27bcca6224a05b5560d52955c92e7a0,b5612ab025286e9a72300fcc5e5dfdcc03cff6ba2344dc9ec55225ddd86366f1
stage3-2026-08-13-replication-1,crashed,B4_DURABLE_WORKFLOW,payments,AUTHORITATIVE_READBACK,after_barrier_before_dispatch,CALLER_REFERENCE,everysec,7.2.5,redis:7.2.5-alpine@sha256:6aaf3f5e6bc8a592fbfe2cccf19eb36d27c39d12dab4f4b01556b7449e7b1f44,b4_durable_workflow-after_barrier_before_dispatch-payments-11d6b7e1-r2,1364984291,10,included,dc954af1a07d43470ddfdaf63206b96f18bfcd1e,ce36b784b54f312ba880c586df73ae47a27bcca6224a05b5560d52955c92e7a0,7cd36a0921e25a3d8373bfa2a4dec2faa2ddb1429ed7808b248f5c1ca384cc82
stage3-2026-08-13-replication-1,crashed,B4_DURABLE_WORKFLOW,ledger_postings,NO_READBACK,after_intent_before_barrier,CALLER_REFERENCE,everysec,7.2.5,redis:7.2.5-alpine@sha256:6aaf3f5e6bc8a592fbfe2cccf19eb36d27c39d12dab4f4b01556b7449e7b1f44,b4_durable_workflow-after_intent_before_barrier-ledger_postings-7cb1f1f7-r0,1971719917,10,included,dc954af1a07d43470ddfdaf63206b96f18bfcd1e,ce36b784b54f312ba880c586df73ae47a27bcca6224a05b5560d52955c92e7a0,211383006507a3fb14db1b06a15b22dd1b3d8f672e79b2c614bc9bbaa2de9e65
stage3-2026-08-13-replication-1,crashed,B4_DURABLE_WORKFLOW,ledger_postings,NO_READBACK,after_intent_before_barrier,CALLER_REFERENCE,everysec,7.2.5,redis:7.2.5-alpine@sha256:6aaf3f5e6bc8a592fbfe2cccf19eb36d27c39d12dab4f4b01556b7449e7b1f44,b4_durable_workflow-after_intent_before_barrier-ledger_postings-7cb1f1f7-r1,1185992689,10,included,dc954af1a07d43470ddfdaf63206b96f18bfcd1e,ce36b784b54f312ba880c586df73ae47a27bcca6224a05b5560d52955c92e7a0,006371e2940ef82ef7cfa9fe6839ead4d5d5b90626b04300dbf7c66e9b568f56
stage3-2026-08-13-replication-1,crashed,B4_DURABLE_WORKFLOW,ledger_postings,NO_READBACK,after_intent_before_barrier,CALLER_REFERENCE,everysec,7.2.5,redis:7.2.5-alpine@sha256:6aaf3f5e6bc8a592fbfe2cccf19eb36d27c39d12dab4f4b01556b7449e7b1f44,b4_durable_workflow-after_intent_before_barrier-ledger_postings-7cb1f1f7-r2,1747149783,10,included,dc954af1a07d43470ddfdaf63206b96f18bfcd1e,ce36b784b54f312ba880c586df73ae47a27bcca6224a05b5560d52955c92e7a0,17ea56196d0c55f3a3a3544cf8581ec1be729d0d33ad872d018296790261c491
stage3-2026-08-13-replication-1,crashed,B4_DURABLE_WORKFLOW,notifications,POSITIVE_ONLY_READBACK,after_intent_before_barrier,CALLER_REFERENCE,everysec,7.2.5,redis:7.2.5-alpine@sha256:6aaf3f5e6bc8a592fbfe2cccf19eb36d27c39d12dab4f4b01556b7449e7b1f44,b4_durable_workflow-after_intent_before_barrier-notifications-4b75290a-r0,1856364967,10,included,dc954af1a07d43470ddfdaf63206b96f18bfcd1e,ce36b784b54f312ba880c586df73ae47a27bcca6224a05b5560d52955c92e7a0,65d92c620bab41b719b0b4e2f501d5de69a82b5e269e69db5315c515a3b1d567
stage3-2026-08-13-replication-1,crashed,B4_DURABLE_WORKFLOW,notifications,POSITIVE_ONLY_READBACK,after_intent_before_barrier,CALLER_REFERENCE,everysec,7.2.5,redis:7.2.5-alpine@sha256:6aaf3f5e6bc8a592fbfe2cccf19eb36d27c39d12dab4f4b01556b7449e7b1f44,b4_durable_workflow-after_intent_before_barrier-notifications-4b75290a-r1,203917622,10,included,dc954af1a07d43470ddfdaf63206b96f18bfcd1e,ce36b784b54f312ba880c586df73ae47a27bcca6224a05b5560d52955c92e7a0,70c2aecd76681925237baf52e00665f19675638407cbd1ed08ed5750da0a042e
stage3-2026-08-13-replication-1,crashed,B4_DURABLE_WORKFLOW,notifications,POSITIVE_ONLY_READBACK,after_intent_before_barrier,CALLER_REFERENCE,everysec,7.2.5,redis:7.2.5-alpine@sha256:6aaf3f5e6bc8a592fbfe2cccf19eb36d27c39d12dab4f4b01556b7449e7b1f44,b4_durable_workflow-after_intent_before_barrier-notifications-4b75290a-r2,1918076454,10,included,dc954af1a07d43470ddfdaf63206b96f18bfcd1e,ce36b784b54f312ba880c586df73ae47a27bcca6224a05b5560d52955c92e7a0,55a18675fa1b4574ca97a1f27b91545d97954a02fa65f8221f76015f2d06270a
stage3-2026-08-13-replication-1,crashed,B4_DURABLE_WORKFLOW,payments,AUTHORITATIVE_READBACK,after_intent_before_barrier,CALLER_REFERENCE,everysec,7.2.5,redis:7.2.5-alpine@sha256:6aaf3f5e6bc8a592fbfe2cccf19eb36d27c39d12dab4f4b01556b7449e7b1f44,b4_durable_workflow-after_intent_before_barrier-payments-5b5a2213-r0,803231525,10,included,dc954af1a07d43470ddfdaf63206b96f18bfcd1e,ce36b784b54f312ba880c586df73ae47a27bcca6224a05b5560d52955c92e7a0,5f529d30f668b2ff408d09dd2424e2ab02b209f2d7531294dddadb9352bd0e7f
stage3-2026-08-13-replication-1,crashed,B4_DURABLE_WORKFLOW,payments,AUTHORITATIVE_READBACK,after_intent_before_barrier,CALLER_REFERENCE,everysec,7.2.5,redis:7.2.5-alpine@sha256:6aaf3f5e6bc8a592fbfe2cccf19eb36d27c39d12dab4f4b01556b7449e7b1f44,b4_durable_workflow-after_intent_before_barrier-payments-5b5a2213-r1,2067377555,10,included,dc954af1a07d43470ddfdaf63206b96f18bfcd1e,ce36b784b54f312ba880c586df73ae47a27bcca6224a05b5560d52955c92e7a0,21c3bbbcc3c3996620b2acc827fa4c85e6c093fffcd0b81f48a022f0070f36ec
stage3-2026-08-13-replication-1,crashed,B4_DURABLE_WORKFLOW,payments,AUTHORITATIVE_READBACK,after_intent_before_barrier,CALLER_REFERENCE,everysec,7.2.5,redis:7.2.5-alpine@sha256:6aaf3f5e6bc8a592fbfe2cccf19eb36d27c39d12dab4f4b01556b7449e7b1f44,b4_durable_workflow-after_intent_before_barrier-payments-5b5a2213-r2,489949169,10,included,dc954af1a07d43470ddfdaf63206b96f18bfcd1e,ce36b784b54f312ba880c586df73ae47a27bcca6224a05b5560d52955c92e7a0,dece42722bbf56442c303468ac3d5d9003bb83ff299590cbb89f1d25c4ccf8f9
stage3-2026-08-13-replication-1,crashed,B4_DURABLE_WORKFLOW,ledger_postings,NO_READBACK,after_resolution_before_barrier,CALLER_REFERENCE,everysec,7.2.5,redis:7.2.5-alpine@sha256:6aaf3f5e6bc8a592fbfe2cccf19eb36d27c39d12dab4f4b01556b7449e7b1f44,b4_durable_workflow-after_resolution_before_barrier-ledger_postings-55de1140-r0,1493576680,10,included,dc954af1a07d43470ddfdaf63206b96f18bfcd1e,ce36b784b54f312ba880c586df73ae47a27bcca6224a05b5560d52955c92e7a0,19f1a850b9145b4f84754da61ecb2abb4a9468f3f99ca3b6732044cced2d148c
stage3-2026-08-13-replication-1,crashed,B4_DURABLE_WORKFLOW,ledger_postings,NO_READBACK,after_resolution_before_barrier,CALLER_REFERENCE,everysec,7.2.5,redis:7.2.5-alpine@sha256:6aaf3f5e6bc8a592fbfe2cccf19eb36d27c39d12dab4f4b01556b7449e7b1f44,b4_durable_workflow-after_resolution_before_barrier-ledger_postings-55de1140-r1,1419288621,10,included,dc954af1a07d43470ddfdaf63206b96f18bfcd1e,ce36b784b54f312ba880c586df73ae47a27bcca6224a05b5560d52955c92e7a0,5b79ee578b61e0e8f23a9e7d26eb9667d406d7b0273034991e0d6bb2bccaf70c
stage3-2026-08-13-replication-1,crashed,B4_DURABLE_WORKFLOW,ledger_postings,NO_READBACK,after_resolution_before_barrier,CALLER_REFERENCE,everysec,7.2.5,redis:7.2.5-alpine@sha256:6aaf3f5e6bc8a592fbfe2cccf19eb36d27c39d12dab4f4b01556b7449e7b1f44,b4_durable_workflow-after_resolution_before_barrier-ledger_postings-55de1140-r2,195228316,10,included,dc954af1a07d43470ddfdaf63206b96f18bfcd1e,ce36b784b54f312ba880c586df73ae47a27bcca6224a05b5560d52955c92e7a0,165cdfc1089cdd4bbd85c7a0282a6659082907d6cf0af919126b1da2dcd9864f
stage3-2026-08-13-replication-1,crashed,B4_DURABLE_WORKFLOW,notifications,POSITIVE_ONLY_READBACK,after_resolution_before_barrier,CALLER_REFERENCE,everysec,7.2.5,redis:7.2.5-alpine@sha256:6aaf3f5e6bc8a592fbfe2cccf19eb36d27c39d12dab4f4b01556b7449e7b1f44,b4_durable_workflow-after_resolution_before_barrier-notifications-519ee2b8-r0,1974372822,10,included,dc954af1a07d43470ddfdaf63206b96f18bfcd1e,ce36b784b54f312ba880c586df73ae47a27bcca6224a05b5560d52955c92e7a0,6b969833c40c95051e8b3ce739c34f008afa33a1e75cbb142e2daf1437c0a4ae
stage3-2026-08-13-replication-1,crashed,B4_DURABLE_WORKFLOW,notifications,POSITIVE_ONLY_READBACK,after_resolution_before_barrier,CALLER_REFERENCE,everysec,7.2.5,redis:7.2.5-alpine@sha256:6aaf3f5e6bc8a592fbfe2cccf19eb36d27c39d12dab4f4b01556b7449e7b1f44,b4_durable_workflow-after_resolution_before_barrier-notifications-519ee2b8-r1,2007638226,10,included,dc954af1a07d43470ddfdaf63206b96f18bfcd1e,ce36b784b54f312ba880c586df73ae47a27bcca6224a05b5560d52955c92e7a0,732858ba4af2e5dee05599aad5ab45d5e7e6b5166c3d98615f23fe3d3c29df81
stage3-2026-08-13-replication-1,crashed,B4_DURABLE_WORKFLOW,notifications,POSITIVE_ONLY_READBACK,after_resolution_before_barrier,CALLER_REFERENCE,everysec,7.2.5,redis:7.2.5-alpine@sha256:6aaf3f5e6bc8a592fbfe2cccf19eb36d27c39d12dab4f4b01556b7449e7b1f44,b4_durable_workflow-after_resolution_before_barrier-notifications-519ee2b8-r2,1397145425,10,included,dc954af1a07d43470ddfdaf63206b96f18bfcd1e,ce36b784b54f312ba880c586df73ae47a27bcca6224a05b5560d52955c92e7a0,67e69df8638bb0e3ed1f172eb0987fa3f3e5233fcb0020d7cf264e9beff76697
stage3-2026-08-13-replication-1,crashed,B4_DURABLE_WORKFLOW,payments,AUTHORITATIVE_READBACK,after_resolution_before_barrier,CALLER_REFERENCE,everysec,7.2.5,redis:7.2.5-alpine@sha256:6aaf3f5e6bc8a592fbfe2cccf19eb36d27c39d12dab4f4b01556b7449e7b1f44,b4_durable_workflow-after_resolution_before_barrier-payments-8fbcc4e9-r0,1401327188,10,included,dc954af1a07d43470ddfdaf63206b96f18bfcd1e,ce36b784b54f312ba880c586df73ae47a27bcca6224a05b5560d52955c92e7a0,d7aae6934c275a94c0236a6b5c71bad2e1c50043fe0ac4bc15bbbafa73be060f
stage3-2026-08-13-replication-1,crashed,B4_DURABLE_WORKFLOW,payments,AUTHORITATIVE_READBACK,after_resolution_before_barrier,CALLER_REFERENCE,everysec,7.2.5,redis:7.2.5-alpine@sha256:6aaf3f5e6bc8a592fbfe2cccf19eb36d27c39d12dab4f4b01556b7449e7b1f44,b4_durable_workflow-after_resolution_before_barrier-payments-8fbcc4e9-r1,1983377535,10,included,dc954af1a07d43470ddfdaf63206b96f18bfcd1e,ce36b784b54f312ba880c586df73ae47a27bcca6224a05b5560d52955c92e7a0,0ef95f58d27478c3f4011bd72f1ed2cacf1f6511fae14485e43bd2a32999efe8
stage3-2026-08-13-replication-1,crashed,B4_DURABLE_WORKFLOW,payments,AUTHORITATIVE_READBACK,after_resolution_before_barrier,CALLER_REFERENCE,everysec,7.2.5,redis:7.2.5-alpine@sha256:6aaf3f5e6bc8a592fbfe2cccf19eb36d27c39d12dab4f4b01556b7449e7b1f44,b4_durable_workflow-after_resolution_before_barrier-payments-8fbcc4e9-r2,1669684475,10,included,dc954af1a07d43470ddfdaf63206b96f18bfcd1e,ce36b784b54f312ba880c586df73ae47a27bcca6224a05b5560d52955c92e7a0,4d1781df3cdf34db3e8d21a447cc1d0165bb21f4b4e2b6ccc2a4b1643db1c82e
stage3-2026-08-13-replication-1,crashed,B4_DURABLE_WORKFLOW,ledger_postings,NO_READBACK,after_response_before_resolution,CALLER_REFERENCE,everysec,7.2.5,redis:7.2.5-alpine@sha256:6aaf3f5e6bc8a592fbfe2cccf19eb36d27c39d12dab4f4b01556b7449e7b1f44,b4_durable_workflow-after_response_before_resolution-ledger_postings-8fce5e6d-r0,1837392823,10,included,dc954af1a07d43470ddfdaf63206b96f18bfcd1e,ce36b784b54f312ba880c586df73ae47a27bcca6224a05b5560d52955c92e7a0,74bc391568441c0f9b2a74a3d2b0eeec7dc2dfdf598ccd19bb1676f2b526f849
stage3-2026-08-13-replication-1,crashed,B4_DURABLE_WORKFLOW,ledger_postings,NO_READBACK,after_response_before_resolution,CALLER_REFERENCE,everysec,7.2.5,redis:7.2.5-alpine@sha256:6aaf3f5e6bc8a592fbfe2cccf19eb36d27c39d12dab4f4b01556b7449e7b1f44,b4_durable_workflow-after_response_before_resolution-ledger_postings-8fce5e6d-r1,789725501,10,included,dc954af1a07d43470ddfdaf63206b96f18bfcd1e,ce36b784b54f312ba880c586df73ae47a27bcca6224a05b5560d52955c92e7a0,fd46b7b979ee83fdc9e077c6f75ea516a08ff1ab60290f652dc6f25e95c40cb8
stage3-2026-08-13-replication-1,crashed,B4_DURABLE_WORKFLOW,ledger_postings,NO_READBACK,after_response_before_resolution,CALLER_REFERENCE,everysec,7.2.5,redis:7.2.5-alpine@sha256:6aaf3f5e6bc8a592fbfe2cccf19eb36d27c39d12dab4f4b01556b7449e7b1f44,b4_durable_workflow-after_response_before_resolution-ledger_postings-8fce5e6d-r2,329565655,10,included,dc954af1a07d43470ddfdaf63206b96f18bfcd1e,ce36b784b54f312ba880c586df73ae47a27bcca6224a05b5560d52955c92e7a0,87b8ffb0f02044cd71945393f9cf11222330d97a45a89c1500854bd22fd11450
stage3-2026-08-13-replication-1,crashed,B4_DURABLE_WORKFLOW,notifications,POSITIVE_ONLY_READBACK,after_response_before_resolution,CALLER_REFERENCE,everysec,7.2.5,redis:7.2.5-alpine@sha256:6aaf3f5e6bc8a592fbfe2cccf19eb36d27c39d12dab4f4b01556b7449e7b1f44,b4_durable_workflow-after_response_before_resolution-notifications-3aa55d4f-r0,774177310,10,included,dc954af1a07d43470ddfdaf63206b96f18bfcd1e,ce36b784b54f312ba880c586df73ae47a27bcca6224a05b5560d52955c92e7a0,b672d10958c4e973f4efcdd5f832831ce62dfb7a2fc0850b6a667a80dee925a9
stage3-2026-08-13-replication-1,crashed,B4_DURABLE_WORKFLOW,notifications,POSITIVE_ONLY_READBACK,after_response_before_resolution,CALLER_REFERENCE,everysec,7.2.5,redis:7.2.5-alpine@sha256:6aaf3f5e6bc8a592fbfe2cccf19eb36d27c39d12dab4f4b01556b7449e7b1f44,b4_durable_workflow-after_response_before_resolution-notifications-3aa55d4f-r1,9687801,10,included,dc954af1a07d43470ddfdaf63206b96f18bfcd1e,ce36b784b54f312ba880c586df73ae47a27bcca6224a05b5560d52955c92e7a0,ab57fd01254d1147583ec07c852de72e76bcfb22e0ad6c06e4be54c181da8c6c
stage3-2026-08-13-replication-1,crashed,B4_DURABLE_WORKFLOW,notifications,POSITIVE_ONLY_READBACK,after_response_before_resolution,CALLER_REFERENCE,everysec,7.2.5,redis:7.2.5-alpine@sha256:6aaf3f5e6bc8a592fbfe2cccf19eb36d27c39d12dab4f4b01556b7449e7b1f44,b4_durable_workflow-after_response_before_resolution-notifications-3aa55d4f-r2,1928980871,10,included,dc954af1a07d43470ddfdaf63206b96f18bfcd1e,ce36b784b54f312ba880c586df73ae47a27bcca6224a05b5560d52955c92e7a0,22328c91eedf0acbf5700e361b3d595d7b2671bcc71dd51c72d4b6ef8663b029
stage3-2026-08-13-replication-1,crashed,B4_DURABLE_WORKFLOW,payments,AUTHORITATIVE_READBACK,after_response_before_resolution,CALLER_REFERENCE,everysec,7.2.5,redis:7.2.5-alpine@sha256:6aaf3f5e6bc8a592fbfe2cccf19eb36d27c39d12dab4f4b01556b7449e7b1f44,b4_durable_workflow-after_response_before_resolution-payments-6192e658-r0,1709555635,10,included,dc954af1a07d43470ddfdaf63206b96f18bfcd1e,ce36b784b54f312ba880c586df73ae47a27bcca6224a05b5560d52955c92e7a0,d5c30cf688fbef7824fcb9848487b14a6e1cb2818fcd68c007ee85947c7979e5
stage3-2026-08-13-replication-1,crashed,B4_DURABLE_WORKFLOW,payments,AUTHORITATIVE_READBACK,after_response_before_resolution,CALLER_REFERENCE,everysec,7.2.5,redis:7.2.5-alpine@sha256:6aaf3f5e6bc8a592fbfe2cccf19eb36d27c39d12dab4f4b01556b7449e7b1f44,b4_durable_workflow-after_response_before_resolution-payments-6192e658-r1,1733739571,10,included,dc954af1a07d43470ddfdaf63206b96f18bfcd1e,ce36b784b54f312ba880c586df73ae47a27bcca6224a05b5560d52955c92e7a0,5d870cf2f210e9ae284058870e291fa2680837ebda2ded12a403b37d5efe9fca
stage3-2026-08-13-replication-1,crashed,B4_DURABLE_WORKFLOW,payments,AUTHORITATIVE_READBACK,after_response_before_resolution,CALLER_REFERENCE,everysec,7.2.5,redis:7.2.5-alpine@sha256:6aaf3f5e6bc8a592fbfe2cccf19eb36d27c39d12dab4f4b01556b7449e7b1f44,b4_durable_workflow-after_response_before_resolution-payments-6192e658-r2,700389898,10,included,dc954af1a07d43470ddfdaf63206b96f18bfcd1e,ce36b784b54f312ba880c586df73ae47a27bcca6224a05b5560d52955c92e7a0,5380497578e08144152082a8c4d18cf3a7d2ff863fa670e86ab37bb2d62e8514
stage3-2026-08-13-replication-1,crashed,B4_DURABLE_WORKFLOW,ledger_postings,NO_READBACK,before_intent_write,CALLER_REFERENCE,everysec,7.2.5,redis:7.2.5-alpine@sha256:6aaf3f5e6bc8a592fbfe2cccf19eb36d27c39d12dab4f4b01556b7449e7b1f44,b4_durable_workflow-before_intent_write-ledger_postings-7a042aec-r0,79997021,10,included,dc954af1a07d43470ddfdaf63206b96f18bfcd1e,ce36b784b54f312ba880c586df73ae47a27bcca6224a05b5560d52955c92e7a0,2ee80fbe389bc09579a82fd3ebc0f4d74e8ad0af7c8db934983e2a660cd3ae36
stage3-2026-08-13-replication-1,crashed,B4_DURABLE_WORKFLOW,ledger_postings,NO_READBACK,before_intent_write,CALLER_REFERENCE,everysec,7.2.5,redis:7.2.5-alpine@sha256:6aaf3f5e6bc8a592fbfe2cccf19eb36d27c39d12dab4f4b01556b7449e7b1f44,b4_durable_workflow-before_intent_write-ledger_postings-7a042aec-r1,1686557562,10,included,dc954af1a07d43470ddfdaf63206b96f18bfcd1e,ce36b784b54f312ba880c586df73ae47a27bcca6224a05b5560d52955c92e7a0,69ad85df39bce1a4c8fadec394667a6c27390d46ecd2ebf37f7d5947d84a12bf
stage3-2026-08-13-replication-1,crashed,B4_DURABLE_WORKFLOW,ledger_postings,NO_READBACK,before_intent_write,CALLER_REFERENCE,everysec,7.2.5,redis:7.2.5-alpine@sha256:6aaf3f5e6bc8a592fbfe2cccf19eb36d27c39d12dab4f4b01556b7449e7b1f44,b4_durable_workflow-before_intent_write-ledger_postings-7a042aec-r2,331119394,10,included,dc954af1a07d43470ddfdaf63206b96f18bfcd1e,ce36b784b54f312ba880c586df73ae47a27bcca6224a05b5560d52955c92e7a0,7896e17b38526e727f8f51f1378776f6ea13bd6258ee259e5a78fa1e371215a3
stage3-2026-08-13-replication-1,crashed,B4_DURABLE_WORKFLOW,notifications,POSITIVE_ONLY_READBACK,before_intent_write,CALLER_REFERENCE,everysec,7.2.5,redis:7.2.5-alpine@sha256:6aaf3f5e6bc8a592fbfe2cccf19eb36d27c39d12dab4f4b01556b7449e7b1f44,b4_durable_workflow-before_intent_write-notifications-d699fd03-r0,1456429807,10,included,dc954af1a07d43470ddfdaf63206b96f18bfcd1e,ce36b784b54f312ba880c586df73ae47a27bcca6224a05b5560d52955c92e7a0,0690bf48741c6161e472c12354e71484fbfa912f77adb512f8fedc39f8ae2c44
stage3-2026-08-13-replication-1,crashed,B4_DURABLE_WORKFLOW,notifications,POSITIVE_ONLY_READBACK,before_intent_write,CALLER_REFERENCE,everysec,7.2.5,redis:7.2.5-alpine@sha256:6aaf3f5e6bc8a592fbfe2cccf19eb36d27c39d12dab4f4b01556b7449e7b1f44,b4_durable_workflow-before_intent_write-notifications-d699fd03-r1,1537875433,10,included,dc954af1a07d43470ddfdaf63206b96f18bfcd1e,ce36b784b54f312ba880c586df73ae47a27bcca6224a05b5560d52955c92e7a0,342b0fe23092ac630b4f85297e7617ef872b7ee990f16b0f2d4513673326f596
stage3-2026-08-13-replication-1,crashed,B4_DURABLE_WORKFLOW,notifications,POSITIVE_ONLY_READBACK,before_intent_write,CALLER_REFERENCE,everysec,7.2.5,redis:7.2.5-alpine@sha256:6aaf3f5e6bc8a592fbfe2cccf19eb36d27c39d12dab4f4b01556b7449e7b1f44,b4_durable_workflow-before_intent_write-notifications-d699fd03-r2,488413978,10,included,dc954af1a07d43470ddfdaf63206b96f18bfcd1e,ce36b784b54f312ba880c586df73ae47a27bcca6224a05b5560d52955c92e7a0,c93418894e9d46170528a1cfac1e7e497b66d20e7c820e41323154f243d2a9a2
stage3-2026-08-13-replication-1,crashed,B4_DURABLE_WORKFLOW,payments,AUTHORITATIVE_READBACK,before_intent_write,CALLER_REFERENCE,everysec,7.2.5,redis:7.2.5-alpine@sha256:6aaf3f5e6bc8a592fbfe2cccf19eb36d27c39d12dab4f4b01556b7449e7b1f44,b4_durable_workflow-before_intent_write-payments-0214887a-r0,1143299796,10,included,dc954af1a07d43470ddfdaf63206b96f18bfcd1e,ce36b784b54f312ba880c586df73ae47a27bcca6224a05b5560d52955c92e7a0,91f4684dfe737d0f5de8aa760f072b96ee47c1b8ce83810311d0dc99d8d60251
stage3-2026-08-13-replication-1,crashed,B4_DURABLE_WORKFLOW,payments,AUTHORITATIVE_READBACK,before_intent_write,CALLER_REFERENCE,everysec,7.2.5,redis:7.2.5-alpine@sha256:6aaf3f5e6bc8a592fbfe2cccf19eb36d27c39d12dab4f4b01556b7449e7b1f44,b4_durable_workflow-before_intent_write-payments-0214887a-r1,2051736634,10,included,dc954af1a07d43470ddfdaf63206b96f18bfcd1e,ce36b784b54f312ba880c586df73ae47a27bcca6224a05b5560d52955c92e7a0,b99b7b9c4edcccc1f48db43682d7fe871fddc162c8dc68cd127e84b423182514
stage3-2026-08-13-replication-1,crashed,B4_DURABLE_WORKFLOW,payments,AUTHORITATIVE_READBACK,before_intent_write,CALLER_REFERENCE,everysec,7.2.5,redis:7.2.5-alpine@sha256:6aaf3f5e6bc8a592fbfe2cccf19eb36d27c39d12dab4f4b01556b7449e7b1f44,b4_durable_workflow-before_intent_write-payments-0214887a-r2,2040995269,10,included,dc954af1a07d43470ddfdaf63206b96f18bfcd1e,ce36b784b54f312ba880c586df73ae47a27bcca6224a05b5560d52955c92e7a0,7a60b7c77c7ba4141261f6f905542f6132deb9a4af1f4588db01ccd6598b23cf
stage3-2026-08-13-replication-1,crashed,B4_DURABLE_WORKFLOW,ledger_postings,NO_READBACK,mid_dispatch,CALLER_REFERENCE,everysec,7.2.5,redis:7.2.5-alpine@sha256:6aaf3f5e6bc8a592fbfe2cccf19eb36d27c39d12dab4f4b01556b7449e7b1f44,b4_durable_workflow-mid_dispatch-ledger_postings-abf3683c-r0,420151501,10,included,dc954af1a07d43470ddfdaf63206b96f18bfcd1e,ce36b784b54f312ba880c586df73ae47a27bcca6224a05b5560d52955c92e7a0,469f52070dd894f32116aecca5eee5c8908b613b1e7a5d05c6771e2e1af00ee8
stage3-2026-08-13-replication-1,crashed,B4_DURABLE_WORKFLOW,ledger_postings,NO_READBACK,mid_dispatch,CALLER_REFERENCE,everysec,7.2.5,redis:7.2.5-alpine@sha256:6aaf3f5e6bc8a592fbfe2cccf19eb36d27c39d12dab4f4b01556b7449e7b1f44,b4_durable_workflow-mid_dispatch-ledger_postings-abf3683c-r1,1482830547,10,included,dc954af1a07d43470ddfdaf63206b96f18bfcd1e,ce36b784b54f312ba880c586df73ae47a27bcca6224a05b5560d52955c92e7a0,3201655018800cb22effede4fa4ec481475dbc2c7fe1e6853508140d42d90f92
stage3-2026-08-13-replication-1,crashed,B4_DURABLE_WORKFLOW,ledger_postings,NO_READBACK,mid_dispatch,CALLER_REFERENCE,everysec,7.2.5,redis:7.2.5-alpine@sha256:6aaf3f5e6bc8a592fbfe2cccf19eb36d27c39d12dab4f4b01556b7449e7b1f44,b4_durable_workflow-mid_dispatch-ledger_postings-abf3683c-r2,2108770802,10,included,dc954af1a07d43470ddfdaf63206b96f18bfcd1e,ce36b784b54f312ba880c586df73ae47a27bcca6224a05b5560d52955c92e7a0,1370e55a5a888dbc3708fbe17ba8f2019835e727f64fc77224c83f9099d1ec54
stage3-2026-08-13-replication-1,crashed,B4_DURABLE_WORKFLOW,notifications,POSITIVE_ONLY_READBACK,mid_dispatch,CALLER_REFERENCE,everysec,7.2.5,redis:7.2.5-alpine@sha256:6aaf3f5e6bc8a592fbfe2cccf19eb36d27c39d12dab4f4b01556b7449e7b1f44,b4_durable_workflow-mid_dispatch-notifications-d0007170-r0,557994255,10,included,dc954af1a07d43470ddfdaf63206b96f18bfcd1e,ce36b784b54f312ba880c586df73ae47a27bcca6224a05b5560d52955c92e7a0,2fad421ebfd43c39518718460866a75249e12c4a8f04424409232d4f223e8221
stage3-2026-08-13-replication-1,crashed,B4_DURABLE_WORKFLOW,notifications,POSITIVE_ONLY_READBACK,mid_dispatch,CALLER_REFERENCE,everysec,7.2.5,redis:7.2.5-alpine@sha256:6aaf3f5e6bc8a592fbfe2cccf19eb36d27c39d12dab4f4b01556b7449e7b1f44,b4_durable_workflow-mid_dispatch-notifications-d0007170-r1,1973440026,10,included,dc954af1a07d43470ddfdaf63206b96f18bfcd1e,ce36b784b54f312ba880c586df73ae47a27bcca6224a05b5560d52955c92e7a0,3534710c999762056debdf9c4ad605e5b662823e5b826769c95d7100d70654a4
stage3-2026-08-13-replication-1,crashed,B4_DURABLE_WORKFLOW,notifications,POSITIVE_ONLY_READBACK,mid_dispatch,CALLER_REFERENCE,everysec,7.2.5,redis:7.2.5-alpine@sha256:6aaf3f5e6bc8a592fbfe2cccf19eb36d27c39d12dab4f4b01556b7449e7b1f44,b4_durable_workflow-mid_dispatch-notifications-d0007170-r2,1768484269,10,included,dc954af1a07d43470ddfdaf63206b96f18bfcd1e,ce36b784b54f312ba880c586df73ae47a27bcca6224a05b5560d52955c92e7a0,bce5c1fa481cedd1178e94f7c4dd27bc2641344969778b66d6abf0f7a4c1a26c
stage3-2026-08-13-replication-1,crashed,B4_DURABLE_WORKFLOW,payments,AUTHORITATIVE_READBACK,mid_dispatch,CALLER_REFERENCE,everysec,7.2.5,redis:7.2.5-alpine@sha256:6aaf3f5e6bc8a592fbfe2cccf19eb36d27c39d12dab4f4b01556b7449e7b1f44,b4_durable_workflow-mid_dispatch-payments-6a6a3d6c-r0,1821565630,10,included,dc954af1a07d43470ddfdaf63206b96f18bfcd1e,ce36b784b54f312ba880c586df73ae47a27bcca6224a05b5560d52955c92e7a0,2ba4fd500d02fb1b04c5c4882123c61047ba00a476db34de98379ab704d7c963
stage3-2026-08-13-replication-1,crashed,B4_DURABLE_WORKFLOW,payments,AUTHORITATIVE_READBACK,mid_dispatch,CALLER_REFERENCE,everysec,7.2.5,redis:7.2.5-alpine@sha256:6aaf3f5e6bc8a592fbfe2cccf19eb36d27c39d12dab4f4b01556b7449e7b1f44,b4_durable_workflow-mid_dispatch-payments-6a6a3d6c-r1,28797264,10,included,dc954af1a07d43470ddfdaf63206b96f18bfcd1e,ce36b784b54f312ba880c586df73ae47a27bcca6224a05b5560d52955c92e7a0,b8c2493b6e1724bf4b2ade03496533294cd5ec8094bde4b664a5de2ec790a161
stage3-2026-08-13-replication-1,crashed,B4_DURABLE_WORKFLOW,payments,AUTHORITATIVE_READBACK,mid_dispatch,CALLER_REFERENCE,everysec,7.2.5,redis:7.2.5-alpine@sha256:6aaf3f5e6bc8a592fbfe2cccf19eb36d27c39d12dab4f4b01556b7449e7b1f44,b4_durable_workflow-mid_dispatch-payments-6a6a3d6c-r2,1637564149,10,included,dc954af1a07d43470ddfdaf63206b96f18bfcd1e,ce36b784b54f312ba880c586df73ae47a27bcca6224a05b5560d52955c92e7a0,0e0475ba16e473d71b1255471eaffe4301baf7c9e63c03abd55850fc7ec8cac9
stage3-2026-08-13-replication-1,p0,B4_DURABLE_WORKFLOW,payments,AUTHORITATIVE_READBACK,none,CALLER_REFERENCE,everysec,7.2.5,redis:7.2.5-alpine@sha256:6aaf3f5e6bc8a592fbfe2cccf19eb36d27c39d12dab4f4b01556b7449e7b1f44,b4_durable_workflow-none-payments-01e70659-r0,1363365785,10,included,dc954af1a07d43470ddfdaf63206b96f18bfcd1e,ce36b784b54f312ba880c586df73ae47a27bcca6224a05b5560d52955c92e7a0,0042631266c83870ed332f774afd5fc6e90fe0df8be71801c170b112bc56a4db
stage3-2026-08-13-replication-1,p0,B4_DURABLE_WORKFLOW,payments,AUTHORITATIVE_READBACK,none,CALLER_REFERENCE,everysec,7.2.5,redis:7.2.5-alpine@sha256:6aaf3f5e6bc8a592fbfe2cccf19eb36d27c39d12dab4f4b01556b7449e7b1f44,b4_durable_workflow-none-payments-01e70659-r1,1673533014,10,included,dc954af1a07d43470ddfdaf63206b96f18bfcd1e,ce36b784b54f312ba880c586df73ae47a27bcca6224a05b5560d52955c92e7a0,3b97d6041fd270a8d3992e490e9064afbc40004ef41f6288d03206f7448b1c9f
stage3-2026-08-13-replication-1,p0,B4_DURABLE_WORKFLOW,payments,AUTHORITATIVE_READBACK,none,CALLER_REFERENCE,everysec,7.2.5,redis:7.2.5-alpine@sha256:6aaf3f5e6bc8a592fbfe2cccf19eb36d27c39d12dab4f4b01556b7449e7b1f44,b4_durable_workflow-none-payments-01e70659-r2,344140706,10,included,dc954af1a07d43470ddfdaf63206b96f18bfcd1e,ce36b784b54f312ba880c586df73ae47a27bcca6224a05b5560d52955c92e7a0,5c3dd6ca34a203563c79bea721551a7ba01b280e9ee1f6a5acb9492368e0c8b9
stage3-2026-08-13-replication-1,crashed,B4B_DURABLE_WORKFLOW_AT_MOST_ONCE,ledger_postings,NO_READBACK,after_barrier_before_dispatch,CALLER_REFERENCE,everysec,7.2.5,redis:7.2.5-alpine@sha256:6aaf3f5e6bc8a592fbfe2cccf19eb36d27c39d12dab4f4b01556b7449e7b1f44,b4b_durable_workflow_at_most_once-after_barrier_before_dispatch-ledger_postings-813bf39f-r0,1923484010,10,included,dc954af1a07d43470ddfdaf63206b96f18bfcd1e,ce36b784b54f312ba880c586df73ae47a27bcca6224a05b5560d52955c92e7a0,157a0ead05bcd925ccdc1b9192074a8c92afd68a50aec588b54d4a841ef052c9
stage3-2026-08-13-replication-1,crashed,B4B_DURABLE_WORKFLOW_AT_MOST_ONCE,ledger_postings,NO_READBACK,after_barrier_before_dispatch,CALLER_REFERENCE,everysec,7.2.5,redis:7.2.5-alpine@sha256:6aaf3f5e6bc8a592fbfe2cccf19eb36d27c39d12dab4f4b01556b7449e7b1f44,b4b_durable_workflow_at_most_once-after_barrier_before_dispatch-ledger_postings-813bf39f-r1,1729838420,10,included,dc954af1a07d43470ddfdaf63206b96f18bfcd1e,ce36b784b54f312ba880c586df73ae47a27bcca6224a05b5560d52955c92e7a0,220dd3a91e68b174e3b3bd7a932504233d8b0801b9edd599677d11d28a434c19
stage3-2026-08-13-replication-1,crashed,B4B_DURABLE_WORKFLOW_AT_MOST_ONCE,ledger_postings,NO_READBACK,after_barrier_before_dispatch,CALLER_REFERENCE,everysec,7.2.5,redis:7.2.5-alpine@sha256:6aaf3f5e6bc8a592fbfe2cccf19eb36d27c39d12dab4f4b01556b7449e7b1f44,b4b_durable_workflow_at_most_once-after_barrier_before_dispatch-ledger_postings-813bf39f-r2,1364996384,10,included,dc954af1a07d43470ddfdaf63206b96f18bfcd1e,ce36b784b54f312ba880c586df73ae47a27bcca6224a05b5560d52955c92e7a0,2f906c6c0a13a51c790fb30a9e4da710193b9bc9ec4fbce4126513fa0809eab5
stage3-2026-08-13-replication-1,crashed,B4B_DURABLE_WORKFLOW_AT_MOST_ONCE,notifications,POSITIVE_ONLY_READBACK,after_barrier_before_dispatch,CALLER_REFERENCE,everysec,7.2.5,redis:7.2.5-alpine@sha256:6aaf3f5e6bc8a592fbfe2cccf19eb36d27c39d12dab4f4b01556b7449e7b1f44,b4b_durable_workflow_at_most_once-after_barrier_before_dispatch-notifications-bdc2cacd-r0,638911344,10,included,dc954af1a07d43470ddfdaf63206b96f18bfcd1e,ce36b784b54f312ba880c586df73ae47a27bcca6224a05b5560d52955c92e7a0,4239dbc5b7ac117fa3f5bd0e9c90628368046504fbb60a2037eb806d22aa54af
stage3-2026-08-13-replication-1,crashed,B4B_DURABLE_WORKFLOW_AT_MOST_ONCE,notifications,POSITIVE_ONLY_READBACK,after_barrier_before_dispatch,CALLER_REFERENCE,everysec,7.2.5,redis:7.2.5-alpine@sha256:6aaf3f5e6bc8a592fbfe2cccf19eb36d27c39d12dab4f4b01556b7449e7b1f44,b4b_durable_workflow_at_most_once-after_barrier_before_dispatch-notifications-bdc2cacd-r1,1993284628,10,included,dc954af1a07d43470ddfdaf63206b96f18bfcd1e,ce36b784b54f312ba880c586df73ae47a27bcca6224a05b5560d52955c92e7a0,931854c19624796293bc4a2f84671e65a342b939097a7abe0e588364d7279b75
stage3-2026-08-13-replication-1,crashed,B4B_DURABLE_WORKFLOW_AT_MOST_ONCE,notifications,POSITIVE_ONLY_READBACK,after_barrier_before_dispatch,CALLER_REFERENCE,everysec,7.2.5,redis:7.2.5-alpine@sha256:6aaf3f5e6bc8a592fbfe2cccf19eb36d27c39d12dab4f4b01556b7449e7b1f44,b4b_durable_workflow_at_most_once-after_barrier_before_dispatch-notifications-bdc2cacd-r2,1200671640,10,included,dc954af1a07d43470ddfdaf63206b96f18bfcd1e,ce36b784b54f312ba880c586df73ae47a27bcca6224a05b5560d52955c92e7a0,6d2f913134946dc57fadac21448c8643656e1f5ae8844c993203e65abcb20e4c
stage3-2026-08-13-replication-1,crashed,B4B_DURABLE_WORKFLOW_AT_MOST_ONCE,payments,AUTHORITATIVE_READBACK,after_barrier_before_dispatch,CALLER_REFERENCE,everysec,7.2.5,redis:7.2.5-alpine@sha256:6aaf3f5e6bc8a592fbfe2cccf19eb36d27c39d12dab4f4b01556b7449e7b1f44,b4b_durable_workflow_at_most_once-after_barrier_before_dispatch-payments-3edf93ea-r0,14525690,10,included,dc954af1a07d43470ddfdaf63206b96f18bfcd1e,ce36b784b54f312ba880c586df73ae47a27bcca6224a05b5560d52955c92e7a0,028491dfb3fe891212dd7165985437b1136a2d7de7d1ddc8ad1d7df3f35fd3d7
stage3-2026-08-13-replication-1,crashed,B4B_DURABLE_WORKFLOW_AT_MOST_ONCE,payments,AUTHORITATIVE_READBACK,after_barrier_before_dispatch,CALLER_REFERENCE,everysec,7.2.5,redis:7.2.5-alpine@sha256:6aaf3f5e6bc8a592fbfe2cccf19eb36d27c39d12dab4f4b01556b7449e7b1f44,b4b_durable_workflow_at_most_once-after_barrier_before_dispatch-payments-3edf93ea-r1,2144138673,10,included,dc954af1a07d43470ddfdaf63206b96f18bfcd1e,ce36b784b54f312ba880c586df73ae47a27bcca6224a05b5560d52955c92e7a0,19a9a32264f42f506bc965df46674db2a79075088650f00c5aac14b4381ea5bd
stage3-2026-08-13-replication-1,crashed,B4B_DURABLE_WORKFLOW_AT_MOST_ONCE,payments,AUTHORITATIVE_READBACK,after_barrier_before_dispatch,CALLER_REFERENCE,everysec,7.2.5,redis:7.2.5-alpine@sha256:6aaf3f5e6bc8a592fbfe2cccf19eb36d27c39d12dab4f4b01556b7449e7b1f44,b4b_durable_workflow_at_most_once-after_barrier_before_dispatch-payments-3edf93ea-r2,1769551276,10,included,dc954af1a07d43470ddfdaf63206b96f18bfcd1e,ce36b784b54f312ba880c586df73ae47a27bcca6224a05b5560d52955c92e7a0,22deb73a1f967df665ba6494ffafa69670ae693862ee75996f01c1e4931dbe3c
stage3-2026-08-13-replication-1,crashed,B4B_DURABLE_WORKFLOW_AT_MOST_ONCE,ledger_postings,NO_READBACK,after_intent_before_barrier,CALLER_REFERENCE,everysec,7.2.5,redis:7.2.5-alpine@sha256:6aaf3f5e6bc8a592fbfe2cccf19eb36d27c39d12dab4f4b01556b7449e7b1f44,b4b_durable_workflow_at_most_once-after_intent_before_barrier-ledger_postings-3527c477-r0,1097365298,10,included,dc954af1a07d43470ddfdaf63206b96f18bfcd1e,ce36b784b54f312ba880c586df73ae47a27bcca6224a05b5560d52955c92e7a0,8f417974c1afa31cefcdc63675b4140cbd2441972d457129b95ef253b5e6a39e
stage3-2026-08-13-replication-1,crashed,B4B_DURABLE_WORKFLOW_AT_MOST_ONCE,ledger_postings,NO_READBACK,after_intent_before_barrier,CALLER_REFERENCE,everysec,7.2.5,redis:7.2.5-alpine@sha256:6aaf3f5e6bc8a592fbfe2cccf19eb36d27c39d12dab4f4b01556b7449e7b1f44,b4b_durable_workflow_at_most_once-after_intent_before_barrier-ledger_postings-3527c477-r1,384802837,10,included,dc954af1a07d43470ddfdaf63206b96f18bfcd1e,ce36b784b54f312ba880c586df73ae47a27bcca6224a05b5560d52955c92e7a0,3edb5c3fe2db1b448f0c119c2fe748ef476ffd3b3b80044af63e6a52b4190bb4
stage3-2026-08-13-replication-1,crashed,B4B_DURABLE_WORKFLOW_AT_MOST_ONCE,ledger_postings,NO_READBACK,after_intent_before_barrier,CALLER_REFERENCE,everysec,7.2.5,redis:7.2.5-alpine@sha256:6aaf3f5e6bc8a592fbfe2cccf19eb36d27c39d12dab4f4b01556b7449e7b1f44,b4b_durable_workflow_at_most_once-after_intent_before_barrier-ledger_postings-3527c477-r2,734760725,10,included,dc954af1a07d43470ddfdaf63206b96f18bfcd1e,ce36b784b54f312ba880c586df73ae47a27bcca6224a05b5560d52955c92e7a0,97b984657d56988882daa074719ada2c51bcc644c35f0a82bb7864cefd9d2e77
stage3-2026-08-13-replication-1,crashed,B4B_DURABLE_WORKFLOW_AT_MOST_ONCE,notifications,POSITIVE_ONLY_READBACK,after_intent_before_barrier,CALLER_REFERENCE,everysec,7.2.5,redis:7.2.5-alpine@sha256:6aaf3f5e6bc8a592fbfe2cccf19eb36d27c39d12dab4f4b01556b7449e7b1f44,b4b_durable_workflow_at_most_once-after_intent_before_barrier-notifications-8304ec38-r0,1613063825,10,included,dc954af1a07d43470ddfdaf63206b96f18bfcd1e,ce36b784b54f312ba880c586df73ae47a27bcca6224a05b5560d52955c92e7a0,ff5bf0db86e73bf673dd2e5a632ccffc6bf64b233f584aae9c58d2ffd8561d2b
stage3-2026-08-13-replication-1,crashed,B4B_DURABLE_WORKFLOW_AT_MOST_ONCE,notifications,POSITIVE_ONLY_READBACK,after_intent_before_barrier,CALLER_REFERENCE,everysec,7.2.5,redis:7.2.5-alpine@sha256:6aaf3f5e6bc8a592fbfe2cccf19eb36d27c39d12dab4f4b01556b7449e7b1f44,b4b_durable_workflow_at_most_once-after_intent_before_barrier-notifications-8304ec38-r1,1647830743,10,included,dc954af1a07d43470ddfdaf63206b96f18bfcd1e,ce36b784b54f312ba880c586df73ae47a27bcca6224a05b5560d52955c92e7a0,4c6b68497dceb81e37e08d54ace69324ccfedb5e944625ca04068b6b884076d8
stage3-2026-08-13-replication-1,crashed,B4B_DURABLE_WORKFLOW_AT_MOST_ONCE,notifications,POSITIVE_ONLY_READBACK,after_intent_before_barrier,CALLER_REFERENCE,everysec,7.2.5,redis:7.2.5-alpine@sha256:6aaf3f5e6bc8a592fbfe2cccf19eb36d27c39d12dab4f4b01556b7449e7b1f44,b4b_durable_workflow_at_most_once-after_intent_before_barrier-notifications-8304ec38-r2,1353750810,10,included,dc954af1a07d43470ddfdaf63206b96f18bfcd1e,ce36b784b54f312ba880c586df73ae47a27bcca6224a05b5560d52955c92e7a0,c3e6be08bcec12f6483609dbda4411d8da2d1de81f5e9dda1f79a331a576b6c3
stage3-2026-08-13-replication-1,crashed,B4B_DURABLE_WORKFLOW_AT_MOST_ONCE,payments,AUTHORITATIVE_READBACK,after_intent_before_barrier,CALLER_REFERENCE,everysec,7.2.5,redis:7.2.5-alpine@sha256:6aaf3f5e6bc8a592fbfe2cccf19eb36d27c39d12dab4f4b01556b7449e7b1f44,b4b_durable_workflow_at_most_once-after_intent_before_barrier-payments-990b871e-r0,1044232278,10,included,dc954af1a07d43470ddfdaf63206b96f18bfcd1e,ce36b784b54f312ba880c586df73ae47a27bcca6224a05b5560d52955c92e7a0,93311800834dd72345f387465891d6502bbbc52a0bf06ff494ab4c1661198fa0
stage3-2026-08-13-replication-1,crashed,B4B_DURABLE_WORKFLOW_AT_MOST_ONCE,payments,AUTHORITATIVE_READBACK,after_intent_before_barrier,CALLER_REFERENCE,everysec,7.2.5,redis:7.2.5-alpine@sha256:6aaf3f5e6bc8a592fbfe2cccf19eb36d27c39d12dab4f4b01556b7449e7b1f44,b4b_durable_workflow_at_most_once-after_intent_before_barrier-payments-990b871e-r1,130556721,10,included,dc954af1a07d43470ddfdaf63206b96f18bfcd1e,ce36b784b54f312ba880c586df73ae47a27bcca6224a05b5560d52955c92e7a0,215a091a55f91bb77e934ff5455bc9df75b19b631edd5e3f0a834d83fadd8838
stage3-2026-08-13-replication-1,crashed,B4B_DURABLE_WORKFLOW_AT_MOST_ONCE,payments,AUTHORITATIVE_READBACK,after_intent_before_barrier,CALLER_REFERENCE,everysec,7.2.5,redis:7.2.5-alpine@sha256:6aaf3f5e6bc8a592fbfe2cccf19eb36d27c39d12dab4f4b01556b7449e7b1f44,b4b_durable_workflow_at_most_once-after_intent_before_barrier-payments-990b871e-r2,994052959,10,included,dc954af1a07d43470ddfdaf63206b96f18bfcd1e,ce36b784b54f312ba880c586df73ae47a27bcca6224a05b5560d52955c92e7a0,567829359dd1732fee1a2713ccc11457ab3a0ccd39027859911181f74f393635
stage3-2026-08-13-replication-1,crashed,B4B_DURABLE_WORKFLOW_AT_MOST_ONCE,ledger_postings,NO_READBACK,after_resolution_before_barrier,CALLER_REFERENCE,everysec,7.2.5,redis:7.2.5-alpine@sha256:6aaf3f5e6bc8a592fbfe2cccf19eb36d27c39d12dab4f4b01556b7449e7b1f44,b4b_durable_workflow_at_most_once-after_resolution_before_barrier-ledger_postings-d771b38e-r0,1500797731,10,included,dc954af1a07d43470ddfdaf63206b96f18bfcd1e,ce36b784b54f312ba880c586df73ae47a27bcca6224a05b5560d52955c92e7a0,ca57167f0af5e209611b324597dfb3edf278655afddbdd05e57207a9b1f052dc
stage3-2026-08-13-replication-1,crashed,B4B_DURABLE_WORKFLOW_AT_MOST_ONCE,ledger_postings,NO_READBACK,after_resolution_before_barrier,CALLER_REFERENCE,everysec,7.2.5,redis:7.2.5-alpine@sha256:6aaf3f5e6bc8a592fbfe2cccf19eb36d27c39d12dab4f4b01556b7449e7b1f44,b4b_durable_workflow_at_most_once-after_resolution_before_barrier-ledger_postings-d771b38e-r1,68085582,10,included,dc954af1a07d43470ddfdaf63206b96f18bfcd1e,ce36b784b54f312ba880c586df73ae47a27bcca6224a05b5560d52955c92e7a0,cb7ab21d685743393c3b9a87f9ea67c8d714f0b5f9b2ca8e7f0303a87cb65483
stage3-2026-08-13-replication-1,crashed,B4B_DURABLE_WORKFLOW_AT_MOST_ONCE,ledger_postings,NO_READBACK,after_resolution_before_barrier,CALLER_REFERENCE,everysec,7.2.5,redis:7.2.5-alpine@sha256:6aaf3f5e6bc8a592fbfe2cccf19eb36d27c39d12dab4f4b01556b7449e7b1f44,b4b_durable_workflow_at_most_once-after_resolution_before_barrier-ledger_postings-d771b38e-r2,1570326920,10,included,dc954af1a07d43470ddfdaf63206b96f18bfcd1e,ce36b784b54f312ba880c586df73ae47a27bcca6224a05b5560d52955c92e7a0,173c9ccaab5870c47d59e316db0cd6ca59dd353b9193f96970468a3ef5c99fee
stage3-2026-08-13-replication-1,crashed,B4B_DURABLE_WORKFLOW_AT_MOST_ONCE,notifications,POSITIVE_ONLY_READBACK,after_resolution_before_barrier,CALLER_REFERENCE,everysec,7.2.5,redis:7.2.5-alpine@sha256:6aaf3f5e6bc8a592fbfe2cccf19eb36d27c39d12dab4f4b01556b7449e7b1f44,b4b_durable_workflow_at_most_once-after_resolution_before_barrier-notifications-6f091ca6-r0,1823104821,10,included,dc954af1a07d43470ddfdaf63206b96f18bfcd1e,ce36b784b54f312ba880c586df73ae47a27bcca6224a05b5560d52955c92e7a0,0b7e69ed4d61548bd2e1aa104be3ab1a1df2570031fc65b75403e5ee83c230e2
stage3-2026-08-13-replication-1,crashed,B4B_DURABLE_WORKFLOW_AT_MOST_ONCE,notifications,POSITIVE_ONLY_READBACK,after_resolution_before_barrier,CALLER_REFERENCE,everysec,7.2.5,redis:7.2.5-alpine@sha256:6aaf3f5e6bc8a592fbfe2cccf19eb36d27c39d12dab4f4b01556b7449e7b1f44,b4b_durable_workflow_at_most_once-after_resolution_before_barrier-notifications-6f091ca6-r1,1979752326,10,included,dc954af1a07d43470ddfdaf63206b96f18bfcd1e,ce36b784b54f312ba880c586df73ae47a27bcca6224a05b5560d52955c92e7a0,5d9ba33e39edb1c6886572d4b12870fe9a9e604883cae721855e20dcbc0aa56b
stage3-2026-08-13-replication-1,crashed,B4B_DURABLE_WORKFLOW_AT_MOST_ONCE,notifications,POSITIVE_ONLY_READBACK,after_resolution_before_barrier,CALLER_REFERENCE,everysec,7.2.5,redis:7.2.5-alpine@sha256:6aaf3f5e6bc8a592fbfe2cccf19eb36d27c39d12dab4f4b01556b7449e7b1f44,b4b_durable_workflow_at_most_once-after_resolution_before_barrier-notifications-6f091ca6-r2,799059536,10,included,dc954af1a07d43470ddfdaf63206b96f18bfcd1e,ce36b784b54f312ba880c586df73ae47a27bcca6224a05b5560d52955c92e7a0,c8b4a1f7682b9537e5542c32e1797be0aa93c6804f382db7bd89ed68d253f3ea
stage3-2026-08-13-replication-1,crashed,B4B_DURABLE_WORKFLOW_AT_MOST_ONCE,payments,AUTHORITATIVE_READBACK,after_resolution_before_barrier,CALLER_REFERENCE,everysec,7.2.5,redis:7.2.5-alpine@sha256:6aaf3f5e6bc8a592fbfe2cccf19eb36d27c39d12dab4f4b01556b7449e7b1f44,b4b_durable_workflow_at_most_once-after_resolution_before_barrier-payments-f8c0cc29-r0,1887529693,10,included,dc954af1a07d43470ddfdaf63206b96f18bfcd1e,ce36b784b54f312ba880c586df73ae47a27bcca6224a05b5560d52955c92e7a0,34e600f8622501cbc1e7bd3288cd7b034cf4648460ce4402aec3ffaef3a0e0f6
stage3-2026-08-13-replication-1,crashed,B4B_DURABLE_WORKFLOW_AT_MOST_ONCE,payments,AUTHORITATIVE_READBACK,after_resolution_before_barrier,CALLER_REFERENCE,everysec,7.2.5,redis:7.2.5-alpine@sha256:6aaf3f5e6bc8a592fbfe2cccf19eb36d27c39d12dab4f4b01556b7449e7b1f44,b4b_durable_workflow_at_most_once-after_resolution_before_barrier-payments-f8c0cc29-r1,1664633816,10,included,dc954af1a07d43470ddfdaf63206b96f18bfcd1e,ce36b784b54f312ba880c586df73ae47a27bcca6224a05b5560d52955c92e7a0,8bff5dae40bfd93e0053d17a44b7965447d645b173a20423866dbf5f6c0665d3
stage3-2026-08-13-replication-1,crashed,B4B_DURABLE_WORKFLOW_AT_MOST_ONCE,payments,AUTHORITATIVE_READBACK,after_resolution_before_barrier,CALLER_REFERENCE,everysec,7.2.5,redis:7.2.5-alpine@sha256:6aaf3f5e6bc8a592fbfe2cccf19eb36d27c39d12dab4f4b01556b7449e7b1f44,b4b_durable_workflow_at_most_once-after_resolution_before_barrier-payments-f8c0cc29-r2,76214799,10,included,dc954af1a07d43470ddfdaf63206b96f18bfcd1e,ce36b784b54f312ba880c586df73ae47a27bcca6224a05b5560d52955c92e7a0,a291ed2f8d3cd9008f9f85871e6575c8e4eae26bf48ceaf03bde6b3547893bc3
stage3-2026-08-13-replication-1,crashed,B4B_DURABLE_WORKFLOW_AT_MOST_ONCE,ledger_postings,NO_READBACK,after_response_before_resolution,CALLER_REFERENCE,everysec,7.2.5,redis:7.2.5-alpine@sha256:6aaf3f5e6bc8a592fbfe2cccf19eb36d27c39d12dab4f4b01556b7449e7b1f44,b4b_durable_workflow_at_most_once-after_response_before_resolution-ledger_postings-ad23306b-r0,1798236978,10,included,dc954af1a07d43470ddfdaf63206b96f18bfcd1e,ce36b784b54f312ba880c586df73ae47a27bcca6224a05b5560d52955c92e7a0,d880afac9865a8ef5a2788dd9b4886ecdc43f2516c6cacd081edff0fb294cf38
stage3-2026-08-13-replication-1,crashed,B4B_DURABLE_WORKFLOW_AT_MOST_ONCE,ledger_postings,NO_READBACK,after_response_before_resolution,CALLER_REFERENCE,everysec,7.2.5,redis:7.2.5-alpine@sha256:6aaf3f5e6bc8a592fbfe2cccf19eb36d27c39d12dab4f4b01556b7449e7b1f44,b4b_durable_workflow_at_most_once-after_response_before_resolution-ledger_postings-ad23306b-r1,324335240,10,included,dc954af1a07d43470ddfdaf63206b96f18bfcd1e,ce36b784b54f312ba880c586df73ae47a27bcca6224a05b5560d52955c92e7a0,1c2682acaead073d2a44e9a27ff76c4992d8f08712e31594bca797713423e6c2
stage3-2026-08-13-replication-1,crashed,B4B_DURABLE_WORKFLOW_AT_MOST_ONCE,ledger_postings,NO_READBACK,after_response_before_resolution,CALLER_REFERENCE,everysec,7.2.5,redis:7.2.5-alpine@sha256:6aaf3f5e6bc8a592fbfe2cccf19eb36d27c39d12dab4f4b01556b7449e7b1f44,b4b_durable_workflow_at_most_once-after_response_before_resolution-ledger_postings-ad23306b-r2,987175156,10,included,dc954af1a07d43470ddfdaf63206b96f18bfcd1e,ce36b784b54f312ba880c586df73ae47a27bcca6224a05b5560d52955c92e7a0,4c924fa74268266b8988b86ba2c24f7c8df0c35af964b7b34b811801480eb504
stage3-2026-08-13-replication-1,crashed,B4B_DURABLE_WORKFLOW_AT_MOST_ONCE,notifications,POSITIVE_ONLY_READBACK,after_response_before_resolution,CALLER_REFERENCE,everysec,7.2.5,redis:7.2.5-alpine@sha256:6aaf3f5e6bc8a592fbfe2cccf19eb36d27c39d12dab4f4b01556b7449e7b1f44,b4b_durable_workflow_at_most_once-after_response_before_resolution-notifications-9e459483-r0,1296532383,10,included,dc954af1a07d43470ddfdaf63206b96f18bfcd1e,ce36b784b54f312ba880c586df73ae47a27bcca6224a05b5560d52955c92e7a0,463d57e3685236b6cc7975a800d76067dfebfb39a7a60afc5788dd64d1e74022
stage3-2026-08-13-replication-1,crashed,B4B_DURABLE_WORKFLOW_AT_MOST_ONCE,notifications,POSITIVE_ONLY_READBACK,after_response_before_resolution,CALLER_REFERENCE,everysec,7.2.5,redis:7.2.5-alpine@sha256:6aaf3f5e6bc8a592fbfe2cccf19eb36d27c39d12dab4f4b01556b7449e7b1f44,b4b_durable_workflow_at_most_once-after_response_before_resolution-notifications-9e459483-r1,1199125081,10,included,dc954af1a07d43470ddfdaf63206b96f18bfcd1e,ce36b784b54f312ba880c586df73ae47a27bcca6224a05b5560d52955c92e7a0,df48b210151178cd3f102c7da514f11f3b919b11bc0220f46d981c57cabca486
stage3-2026-08-13-replication-1,crashed,B4B_DURABLE_WORKFLOW_AT_MOST_ONCE,notifications,POSITIVE_ONLY_READBACK,after_response_before_resolution,CALLER_REFERENCE,everysec,7.2.5,redis:7.2.5-alpine@sha256:6aaf3f5e6bc8a592fbfe2cccf19eb36d27c39d12dab4f4b01556b7449e7b1f44,b4b_durable_workflow_at_most_once-after_response_before_resolution-notifications-9e459483-r2,678204483,10,included,dc954af1a07d43470ddfdaf63206b96f18bfcd1e,ce36b784b54f312ba880c586df73ae47a27bcca6224a05b5560d52955c92e7a0,7d451f1f6732d90f8c9f305836269dc44462b53329d0f7130a82f3666754d6ff
stage3-2026-08-13-replication-1,crashed,B4B_DURABLE_WORKFLOW_AT_MOST_ONCE,payments,AUTHORITATIVE_READBACK,after_response_before_resolution,CALLER_REFERENCE,everysec,7.2.5,redis:7.2.5-alpine@sha256:6aaf3f5e6bc8a592fbfe2cccf19eb36d27c39d12dab4f4b01556b7449e7b1f44,b4b_durable_workflow_at_most_once-after_response_before_resolution-payments-5be43c2e-r0,1615592139,10,included,dc954af1a07d43470ddfdaf63206b96f18bfcd1e,ce36b784b54f312ba880c586df73ae47a27bcca6224a05b5560d52955c92e7a0,9d28ee5c2b8e23cecc30c78e3215d08d9ca06bf81eda63dc17bc7f00f2cd18ba
stage3-2026-08-13-replication-1,crashed,B4B_DURABLE_WORKFLOW_AT_MOST_ONCE,payments,AUTHORITATIVE_READBACK,after_response_before_resolution,CALLER_REFERENCE,everysec,7.2.5,redis:7.2.5-alpine@sha256:6aaf3f5e6bc8a592fbfe2cccf19eb36d27c39d12dab4f4b01556b7449e7b1f44,b4b_durable_workflow_at_most_once-after_response_before_resolution-payments-5be43c2e-r1,1569162262,10,included,dc954af1a07d43470ddfdaf63206b96f18bfcd1e,ce36b784b54f312ba880c586df73ae47a27bcca6224a05b5560d52955c92e7a0,bb25e91dfd13d8d20238f62b31424dc1911438044591424cdeecd6898a10c3e3
stage3-2026-08-13-replication-1,crashed,B4B_DURABLE_WORKFLOW_AT_MOST_ONCE,payments,AUTHORITATIVE_READBACK,after_response_before_resolution,CALLER_REFERENCE,everysec,7.2.5,redis:7.2.5-alpine@sha256:6aaf3f5e6bc8a592fbfe2cccf19eb36d27c39d12dab4f4b01556b7449e7b1f44,b4b_durable_workflow_at_most_once-after_response_before_resolution-payments-5be43c2e-r2,62193689,10,included,dc954af1a07d43470ddfdaf63206b96f18bfcd1e,ce36b784b54f312ba880c586df73ae47a27bcca6224a05b5560d52955c92e7a0,ea1c3b421c2e2754a5d45b84502af9af6739f267a184afaf5a1a630f45119f87
stage3-2026-08-13-replication-1,crashed,B4B_DURABLE_WORKFLOW_AT_MOST_ONCE,ledger_postings,NO_READBACK,before_intent_write,CALLER_REFERENCE,everysec,7.2.5,redis:7.2.5-alpine@sha256:6aaf3f5e6bc8a592fbfe2cccf19eb36d27c39d12dab4f4b01556b7449e7b1f44,b4b_durable_workflow_at_most_once-before_intent_write-ledger_postings-2a281638-r0,1162318543,10,included,dc954af1a07d43470ddfdaf63206b96f18bfcd1e,ce36b784b54f312ba880c586df73ae47a27bcca6224a05b5560d52955c92e7a0,d11bc1a80453ee8ca7e22b53e61057d51e6a3986a2cfc07ed925c88b80d142ac
stage3-2026-08-13-replication-1,crashed,B4B_DURABLE_WORKFLOW_AT_MOST_ONCE,ledger_postings,NO_READBACK,before_intent_write,CALLER_REFERENCE,everysec,7.2.5,redis:7.2.5-alpine@sha256:6aaf3f5e6bc8a592fbfe2cccf19eb36d27c39d12dab4f4b01556b7449e7b1f44,b4b_durable_workflow_at_most_once-before_intent_write-ledger_postings-2a281638-r1,327634392,10,included,dc954af1a07d43470ddfdaf63206b96f18bfcd1e,ce36b784b54f312ba880c586df73ae47a27bcca6224a05b5560d52955c92e7a0,0113ee26134224e1bd1c011065ebffa79b7344363b55bb7bff0d62133ddc3da5
stage3-2026-08-13-replication-1,crashed,B4B_DURABLE_WORKFLOW_AT_MOST_ONCE,ledger_postings,NO_READBACK,before_intent_write,CALLER_REFERENCE,everysec,7.2.5,redis:7.2.5-alpine@sha256:6aaf3f5e6bc8a592fbfe2cccf19eb36d27c39d12dab4f4b01556b7449e7b1f44,b4b_durable_workflow_at_most_once-before_intent_write-ledger_postings-2a281638-r2,1560217237,10,included,dc954af1a07d43470ddfdaf63206b96f18bfcd1e,ce36b784b54f312ba880c586df73ae47a27bcca6224a05b5560d52955c92e7a0,b65b506ce3ae306fba3201f9c8671bff2328073bcd31c0e7982b2ea6ba22f617
stage3-2026-08-13-replication-1,crashed,B4B_DURABLE_WORKFLOW_AT_MOST_ONCE,notifications,POSITIVE_ONLY_READBACK,before_intent_write,CALLER_REFERENCE,everysec,7.2.5,redis:7.2.5-alpine@sha256:6aaf3f5e6bc8a592fbfe2cccf19eb36d27c39d12dab4f4b01556b7449e7b1f44,b4b_durable_workflow_at_most_once-before_intent_write-notifications-6451e4c7-r0,1679747610,10,included,dc954af1a07d43470ddfdaf63206b96f18bfcd1e,ce36b784b54f312ba880c586df73ae47a27bcca6224a05b5560d52955c92e7a0,1021fa79a5ea887e716af7a8c9ec0a288caefc15ab87a46cfcc78333ec4c7bed
stage3-2026-08-13-replication-1,crashed,B4B_DURABLE_WORKFLOW_AT_MOST_ONCE,notifications,POSITIVE_ONLY_READBACK,before_intent_write,CALLER_REFERENCE,everysec,7.2.5,redis:7.2.5-alpine@sha256:6aaf3f5e6bc8a592fbfe2cccf19eb36d27c39d12dab4f4b01556b7449e7b1f44,b4b_durable_workflow_at_most_once-before_intent_write-notifications-6451e4c7-r1,164529207,10,included,dc954af1a07d43470ddfdaf63206b96f18bfcd1e,ce36b784b54f312ba880c586df73ae47a27bcca6224a05b5560d52955c92e7a0,dc307a08ba1ad3607b69d117a59fc90f8cdb2ed7d039defe404717fb95f23475
stage3-2026-08-13-replication-1,crashed,B4B_DURABLE_WORKFLOW_AT_MOST_ONCE,notifications,POSITIVE_ONLY_READBACK,before_intent_write,CALLER_REFERENCE,everysec,7.2.5,redis:7.2.5-alpine@sha256:6aaf3f5e6bc8a592fbfe2cccf19eb36d27c39d12dab4f4b01556b7449e7b1f44,b4b_durable_workflow_at_most_once-before_intent_write-notifications-6451e4c7-r2,1476899685,10,included,dc954af1a07d43470ddfdaf63206b96f18bfcd1e,ce36b784b54f312ba880c586df73ae47a27bcca6224a05b5560d52955c92e7a0,ee0919b7bb43cda0a68f42ce1d409d9d70c7275ad5966d2254c6a70c713fc938
stage3-2026-08-13-replication-1,crashed,B4B_DURABLE_WORKFLOW_AT_MOST_ONCE,payments,AUTHORITATIVE_READBACK,before_intent_write,CALLER_REFERENCE,everysec,7.2.5,redis:7.2.5-alpine@sha256:6aaf3f5e6bc8a592fbfe2cccf19eb36d27c39d12dab4f4b01556b7449e7b1f44,b4b_durable_workflow_at_most_once-before_intent_write-payments-0585f6e9-r0,353369856,10,included,dc954af1a07d43470ddfdaf63206b96f18bfcd1e,ce36b784b54f312ba880c586df73ae47a27bcca6224a05b5560d52955c92e7a0,708dd0ee47a0067b1b936381400513b56cd8aac6ca159011d8fab0f1a851fa86
stage3-2026-08-13-replication-1,crashed,B4B_DURABLE_WORKFLOW_AT_MOST_ONCE,payments,AUTHORITATIVE_READBACK,before_intent_write,CALLER_REFERENCE,everysec,7.2.5,redis:7.2.5-alpine@sha256:6aaf3f5e6bc8a592fbfe2cccf19eb36d27c39d12dab4f4b01556b7449e7b1f44,b4b_durable_workflow_at_most_once-before_intent_write-payments-0585f6e9-r1,2016580923,10,included,dc954af1a07d43470ddfdaf63206b96f18bfcd1e,ce36b784b54f312ba880c586df73ae47a27bcca6224a05b5560d52955c92e7a0,eab63433de6a9e1b667b28f571480e88e93563e07602b79be070920f4284d4dc
stage3-2026-08-13-replication-1,crashed,B4B_DURABLE_WORKFLOW_AT_MOST_ONCE,payments,AUTHORITATIVE_READBACK,before_intent_write,CALLER_REFERENCE,everysec,7.2.5,redis:7.2.5-alpine@sha256:6aaf3f5e6bc8a592fbfe2cccf19eb36d27c39d12dab4f4b01556b7449e7b1f44,b4b_durable_workflow_at_most_once-before_intent_write-payments-0585f6e9-r2,1529726888,10,included,dc954af1a07d43470ddfdaf63206b96f18bfcd1e,ce36b784b54f312ba880c586df73ae47a27bcca6224a05b5560d52955c92e7a0,f733a1e06b9d97f0a11be4e54ffb1495b5f2269bcb8e6faffb1581e9d0580d00
stage3-2026-08-13-replication-1,crashed,B4B_DURABLE_WORKFLOW_AT_MOST_ONCE,ledger_postings,NO_READBACK,mid_dispatch,CALLER_REFERENCE,everysec,7.2.5,redis:7.2.5-alpine@sha256:6aaf3f5e6bc8a592fbfe2cccf19eb36d27c39d12dab4f4b01556b7449e7b1f44,b4b_durable_workflow_at_most_once-mid_dispatch-ledger_postings-8e89ee00-r0,1643171618,10,included,dc954af1a07d43470ddfdaf63206b96f18bfcd1e,ce36b784b54f312ba880c586df73ae47a27bcca6224a05b5560d52955c92e7a0,ab11c7437d2a9645775f01eedf12a6d74af77a167584d7b397fb60b1140c28e9
stage3-2026-08-13-replication-1,crashed,B4B_DURABLE_WORKFLOW_AT_MOST_ONCE,ledger_postings,NO_READBACK,mid_dispatch,CALLER_REFERENCE,everysec,7.2.5,redis:7.2.5-alpine@sha256:6aaf3f5e6bc8a592fbfe2cccf19eb36d27c39d12dab4f4b01556b7449e7b1f44,b4b_durable_workflow_at_most_once-mid_dispatch-ledger_postings-8e89ee00-r1,58953878,10,included,dc954af1a07d43470ddfdaf63206b96f18bfcd1e,ce36b784b54f312ba880c586df73ae47a27bcca6224a05b5560d52955c92e7a0,2ab2b63df3c3eafac73256063c1fe9f510e7cbcffa324967523107be7763a347
stage3-2026-08-13-replication-1,crashed,B4B_DURABLE_WORKFLOW_AT_MOST_ONCE,ledger_postings,NO_READBACK,mid_dispatch,CALLER_REFERENCE,everysec,7.2.5,redis:7.2.5-alpine@sha256:6aaf3f5e6bc8a592fbfe2cccf19eb36d27c39d12dab4f4b01556b7449e7b1f44,b4b_durable_workflow_at_most_once-mid_dispatch-ledger_postings-8e89ee00-r2,294161983,10,included,dc954af1a07d43470ddfdaf63206b96f18bfcd1e,ce36b784b54f312ba880c586df73ae47a27bcca6224a05b5560d52955c92e7a0,c716309431edeaef824f0ccca8cb4323a960ebad84dcc60fcac9142ee0593b10
stage3-2026-08-13-replication-1,crashed,B4B_DURABLE_WORKFLOW_AT_MOST_ONCE,notifications,POSITIVE_ONLY_READBACK,mid_dispatch,CALLER_REFERENCE,everysec,7.2.5,redis:7.2.5-alpine@sha256:6aaf3f5e6bc8a592fbfe2cccf19eb36d27c39d12dab4f4b01556b7449e7b1f44,b4b_durable_workflow_at_most_once-mid_dispatch-notifications-008c2c3e-r0,408751222,10,included,dc954af1a07d43470ddfdaf63206b96f18bfcd1e,ce36b784b54f312ba880c586df73ae47a27bcca6224a05b5560d52955c92e7a0,108ff8c63b61dbdf5f3bdd4703cc12b5ad39cdef7c69d3faf4873e19b72103a2
stage3-2026-08-13-replication-1,crashed,B4B_DURABLE_WORKFLOW_AT_MOST_ONCE,notifications,POSITIVE_ONLY_READBACK,mid_dispatch,CALLER_REFERENCE,everysec,7.2.5,redis:7.2.5-alpine@sha256:6aaf3f5e6bc8a592fbfe2cccf19eb36d27c39d12dab4f4b01556b7449e7b1f44,b4b_durable_workflow_at_most_once-mid_dispatch-notifications-008c2c3e-r1,939847472,10,included,dc954af1a07d43470ddfdaf63206b96f18bfcd1e,ce36b784b54f312ba880c586df73ae47a27bcca6224a05b5560d52955c92e7a0,bda7662365c83ce9ac5ae4df589683f11aa9582da342ae2a9d0469eb9e87c9f4
stage3-2026-08-13-replication-1,crashed,B4B_DURABLE_WORKFLOW_AT_MOST_ONCE,notifications,POSITIVE_ONLY_READBACK,mid_dispatch,CALLER_REFERENCE,everysec,7.2.5,redis:7.2.5-alpine@sha256:6aaf3f5e6bc8a592fbfe2cccf19eb36d27c39d12dab4f4b01556b7449e7b1f44,b4b_durable_workflow_at_most_once-mid_dispatch-notifications-008c2c3e-r2,559104733,10,included,dc954af1a07d43470ddfdaf63206b96f18bfcd1e,ce36b784b54f312ba880c586df73ae47a27bcca6224a05b5560d52955c92e7a0,a96a8db9a7587da8de9c04317b7e8369d9a1e6306bf12756a0097954a3e62314
stage3-2026-08-13-replication-1,crashed,B4B_DURABLE_WORKFLOW_AT_MOST_ONCE,payments,AUTHORITATIVE_READBACK,mid_dispatch,CALLER_REFERENCE,everysec,7.2.5,redis:7.2.5-alpine@sha256:6aaf3f5e6bc8a592fbfe2cccf19eb36d27c39d12dab4f4b01556b7449e7b1f44,b4b_durable_workflow_at_most_once-mid_dispatch-payments-03ce0615-r0,143796124,10,included,dc954af1a07d43470ddfdaf63206b96f18bfcd1e,ce36b784b54f312ba880c586df73ae47a27bcca6224a05b5560d52955c92e7a0,c5c58320006c58c0ee1953b900576a25519debff2cdb9a6906abe4dd5ee3f488
stage3-2026-08-13-replication-1,crashed,B4B_DURABLE_WORKFLOW_AT_MOST_ONCE,payments,AUTHORITATIVE_READBACK,mid_dispatch,CALLER_REFERENCE,everysec,7.2.5,redis:7.2.5-alpine@sha256:6aaf3f5e6bc8a592fbfe2cccf19eb36d27c39d12dab4f4b01556b7449e7b1f44,b4b_durable_workflow_at_most_once-mid_dispatch-payments-03ce0615-r1,1518139571,10,included,dc954af1a07d43470ddfdaf63206b96f18bfcd1e,ce36b784b54f312ba880c586df73ae47a27bcca6224a05b5560d52955c92e7a0,886e881537f8580cb0fdd0a3e21d01ccaecd023ed7839cf0d86ea0c662107ece
stage3-2026-08-13-replication-1,crashed,B4B_DURABLE_WORKFLOW_AT_MOST_ONCE,payments,AUTHORITATIVE_READBACK,mid_dispatch,CALLER_REFERENCE,everysec,7.2.5,redis:7.2.5-alpine@sha256:6aaf3f5e6bc8a592fbfe2cccf19eb36d27c39d12dab4f4b01556b7449e7b1f44,b4b_durable_workflow_at_most_once-mid_dispatch-payments-03ce0615-r2,1177137087,10,included,dc954af1a07d43470ddfdaf63206b96f18bfcd1e,ce36b784b54f312ba880c586df73ae47a27bcca6224a05b5560d52955c92e7a0,9d5dc31b822d36eb84bd3bba8355d902a7807c7214942b50df52ce0706d68a42
stage3-2026-08-13-replication-1,p0,B4B_DURABLE_WORKFLOW_AT_MOST_ONCE,payments,AUTHORITATIVE_READBACK,none,CALLER_REFERENCE,everysec,7.2.5,redis:7.2.5-alpine@sha256:6aaf3f5e6bc8a592fbfe2cccf19eb36d27c39d12dab4f4b01556b7449e7b1f44,b4b_durable_workflow_at_most_once-none-payments-649b1800-r0,858831320,10,included,dc954af1a07d43470ddfdaf63206b96f18bfcd1e,ce36b784b54f312ba880c586df73ae47a27bcca6224a05b5560d52955c92e7a0,2b0887de33967138589e7199754e880685996f9b7a2cbefcc6a77654b1500752
stage3-2026-08-13-replication-1,p0,B4B_DURABLE_WORKFLOW_AT_MOST_ONCE,payments,AUTHORITATIVE_READBACK,none,CALLER_REFERENCE,everysec,7.2.5,redis:7.2.5-alpine@sha256:6aaf3f5e6bc8a592fbfe2cccf19eb36d27c39d12dab4f4b01556b7449e7b1f44,b4b_durable_workflow_at_most_once-none-payments-649b1800-r1,1902705978,10,included,dc954af1a07d43470ddfdaf63206b96f18bfcd1e,ce36b784b54f312ba880c586df73ae47a27bcca6224a05b5560d52955c92e7a0,6b83e01077b1106d33bb64123303f337456ff8d62dae5953726c915801b0e45e
stage3-2026-08-13-replication-1,p0,B4B_DURABLE_WORKFLOW_AT_MOST_ONCE,payments,AUTHORITATIVE_READBACK,none,CALLER_REFERENCE,everysec,7.2.5,redis:7.2.5-alpine@sha256:6aaf3f5e6bc8a592fbfe2cccf19eb36d27c39d12dab4f4b01556b7449e7b1f44,b4b_durable_workflow_at_most_once-none-payments-649b1800-r2,555272553,10,included,dc954af1a07d43470ddfdaf63206b96f18bfcd1e,ce36b784b54f312ba880c586df73ae47a27bcca6224a05b5560d52955c92e7a0,832c2e811de2bd4f88474b64403001d8a21f9b18a62367e4c99728fc93c2232c
