run_id,regime,system,crash_point,endpoint,response_class,readback_keying,execution_id,outcome_class,status,applied_effects,crashed,dispatch_attempts,step_latency_ms,recovery_latency_ms,undetected_duplicate,lost_effect,redis_kill_latency_ms,durability_ack_observed
b0_naive_retry-after_barrier_before_dispatch-ledger_postings-73c409e9-r0,crashed,B0_NAIVE_RETRY,after_barrier_before_dispatch,ledger_postings,NO_READBACK,CALLER_REFERENCE,63ef7c4e-be8a-4cc7-9228-f04e37313503,CONFIRMED_APPLIED,APPLIED,1,1,1,2978.467816,43148.0,0,0,,
b0_naive_retry-after_barrier_before_dispatch-ledger_postings-73c409e9-r0,crashed,B0_NAIVE_RETRY,after_barrier_before_dispatch,ledger_postings,NO_READBACK,CALLER_REFERENCE,48c4ec98-5786-4a65-b26f-1e592687be7b,CONFIRMED_APPLIED,APPLIED,1,1,1,2423.939309,36636.0,0,0,,
b0_naive_retry-after_barrier_before_dispatch-ledger_postings-73c409e9-r0,crashed,B0_NAIVE_RETRY,after_barrier_before_dispatch,ledger_postings,NO_READBACK,CALLER_REFERENCE,c88bbaaa-a246-4167-89cd-f27652772ab1,CONFIRMED_APPLIED,APPLIED,1,1,1,2438.104364,31016.0,0,0,,
b0_naive_retry-after_barrier_before_dispatch-ledger_postings-73c409e9-r0,crashed,B0_NAIVE_RETRY,after_barrier_before_dispatch,ledger_postings,NO_READBACK,CALLER_REFERENCE,807b3f13-e84e-42f2-8bea-e79957ca05f2,CONFIRMED_APPLIED,APPLIED,1,1,1,2493.271086,25037.0,0,0,,
b0_naive_retry-after_barrier_before_dispatch-ledger_postings-73c409e9-r0,crashed,B0_NAIVE_RETRY,after_barrier_before_dispatch,ledger_postings,NO_READBACK,CALLER_REFERENCE,f10c035b-a7c3-4877-9968-609e341fd1f0,CONFIRMED_APPLIED,APPLIED,1,1,1,2661.700522,19329.0,0,0,,
b0_naive_retry-after_barrier_before_dispatch-ledger_postings-73c409e9-r0,crashed,B0_NAIVE_RETRY,after_barrier_before_dispatch,ledger_postings,NO_READBACK,CALLER_REFERENCE,2d330f34-c915-42c2-881e-2346d4facc7f,CONFIRMED_APPLIED,APPLIED,1,1,1,2993.643404,43153.0,0,0,,
b0_naive_retry-after_barrier_before_dispatch-ledger_postings-73c409e9-r0,crashed,B0_NAIVE_RETRY,after_barrier_before_dispatch,ledger_postings,NO_READBACK,CALLER_REFERENCE,a79c03c6-7bd1-44ac-8c31-59eee2f6afe6,CONFIRMED_APPLIED,APPLIED,1,1,1,2435.905636,36625.0,0,0,,
b0_naive_retry-after_barrier_before_dispatch-ledger_postings-73c409e9-r0,crashed,B0_NAIVE_RETRY,after_barrier_before_dispatch,ledger_postings,NO_READBACK,CALLER_REFERENCE,d35d1ca8-1467-45c1-8169-42da6270ea3c,CONFIRMED_APPLIED,APPLIED,1,1,1,2427.587467,31007.0,0,0,,
b0_naive_retry-after_barrier_before_dispatch-ledger_postings-73c409e9-r0,crashed,B0_NAIVE_RETRY,after_barrier_before_dispatch,ledger_postings,NO_READBACK,CALLER_REFERENCE,0157225b-9518-4025-8c83-e4cff955186b,CONFIRMED_APPLIED,APPLIED,2,1,2,7476.01408,25050.0,1,0,,
b0_naive_retry-after_barrier_before_dispatch-ledger_postings-73c409e9-r0,crashed,B0_NAIVE_RETRY,after_barrier_before_dispatch,ledger_postings,NO_READBACK,CALLER_REFERENCE,c62065e5-fe24-4d08-9215-8597b57b692a,CONFIRMED_APPLIED,APPLIED,2,1,3,9573.897726,14378.0,1,0,,
b0_naive_retry-after_barrier_before_dispatch-ledger_postings-73c409e9-r1,crashed,B0_NAIVE_RETRY,after_barrier_before_dispatch,ledger_postings,NO_READBACK,CALLER_REFERENCE,2a71fbe7-af03-4ac3-9393-f072dce4b279,CONFIRMED_APPLIED,APPLIED,1,1,1,3180.515066,80507.0,0,0,,
b0_naive_retry-after_barrier_before_dispatch-ledger_postings-73c409e9-r1,crashed,B0_NAIVE_RETRY,after_barrier_before_dispatch,ledger_postings,NO_READBACK,CALLER_REFERENCE,636503e4-882f-4e68-b231-3f2d8eb1632a,CONFIRMED_APPLIED,APPLIED,1,1,1,2944.13545,67771.0,0,0,,
b0_naive_retry-after_barrier_before_dispatch-ledger_postings-73c409e9-r1,crashed,B0_NAIVE_RETRY,after_barrier_before_dispatch,ledger_postings,NO_READBACK,CALLER_REFERENCE,c7cceb0e-9ced-4fd7-a41e-d43604ee516c,CONFIRMED_APPLIED,APPLIED,1,1,1,3471.206098,56067.0,0,0,,
b0_naive_retry-after_barrier_before_dispatch-ledger_postings-73c409e9-r1,crashed,B0_NAIVE_RETRY,after_barrier_before_dispatch,ledger_postings,NO_READBACK,CALLER_REFERENCE,0f3e8b7e-bccd-4888-bcab-8205a1b7990f,CONFIRMED_APPLIED,APPLIED,1,1,1,3614.478576,39135.0,0,0,,
b0_naive_retry-after_barrier_before_dispatch-ledger_postings-73c409e9-r1,crashed,B0_NAIVE_RETRY,after_barrier_before_dispatch,ledger_postings,NO_READBACK,CALLER_REFERENCE,162778df-15db-4774-a7a7-d08f5e90984b,CONFIRMED_APPLIED,APPLIED,1,1,1,3952.667183,23380.0,0,0,,
b0_naive_retry-after_barrier_before_dispatch-ledger_postings-73c409e9-r1,crashed,B0_NAIVE_RETRY,after_barrier_before_dispatch,ledger_postings,NO_READBACK,CALLER_REFERENCE,d4d84056-8af5-48bb-87d0-44f4b5f6ae2b,CONFIRMED_APPLIED,APPLIED,1,1,1,3134.535148,80489.0,0,0,,
b0_naive_retry-after_barrier_before_dispatch-ledger_postings-73c409e9-r1,crashed,B0_NAIVE_RETRY,after_barrier_before_dispatch,ledger_postings,NO_READBACK,CALLER_REFERENCE,f929cffb-aef5-4e80-b1b4-f25ef73660bc,CONFIRMED_APPLIED,APPLIED,1,1,1,2982.246974,67820.0,0,0,,
b0_naive_retry-after_barrier_before_dispatch-ledger_postings-73c409e9-r1,crashed,B0_NAIVE_RETRY,after_barrier_before_dispatch,ledger_postings,NO_READBACK,CALLER_REFERENCE,5a6446b3-171d-473f-a280-a2ba1f29acfc,CONFIRMED_APPLIED,APPLIED,2,1,2,8431.036582,56037.0,1,0,,
b0_naive_retry-after_barrier_before_dispatch-ledger_postings-73c409e9-r1,crashed,B0_NAIVE_RETRY,after_barrier_before_dispatch,ledger_postings,NO_READBACK,CALLER_REFERENCE,0b63f6bb-c0aa-4f43-8d00-ea20cf9b277a,CONFIRMED_APPLIED,APPLIED,2,1,3,10692.82992,34141.0,1,0,,
b0_naive_retry-after_barrier_before_dispatch-ledger_postings-73c409e9-r1,crashed,B0_NAIVE_RETRY,after_barrier_before_dispatch,ledger_postings,NO_READBACK,CALLER_REFERENCE,5f14164d-385e-42b1-8552-5241757cec91,CONFIRMED_APPLIED,APPLIED,1,1,1,3347.801933,11208.0,0,0,,
b0_naive_retry-after_barrier_before_dispatch-ledger_postings-73c409e9-r2,crashed,B0_NAIVE_RETRY,after_barrier_before_dispatch,ledger_postings,NO_READBACK,CALLER_REFERENCE,c6042057-8df6-45b4-81e3-d7b452d6191a,CONFIRMED_APPLIED,APPLIED,1,1,1,3558.109156,227580.0,0,0,,
b0_naive_retry-after_barrier_before_dispatch-ledger_postings-73c409e9-r2,crashed,B0_NAIVE_RETRY,after_barrier_before_dispatch,ledger_postings,NO_READBACK,CALLER_REFERENCE,a6f300e3-0c3e-4215-ba42-1a4621239a90,CONFIRMED_APPLIED,APPLIED,1,1,1,3519.401534,217092.0,0,0,,
b0_naive_retry-after_barrier_before_dispatch-ledger_postings-73c409e9-r2,crashed,B0_NAIVE_RETRY,after_barrier_before_dispatch,ledger_postings,NO_READBACK,CALLER_REFERENCE,2f4d7339-17c0-453d-9829-8e99d3576c6a,CONFIRMED_APPLIED,APPLIED,1,1,1,3186.66302,202674.0,0,0,,
b0_naive_retry-after_barrier_before_dispatch-ledger_postings-73c409e9-r2,crashed,B0_NAIVE_RETRY,after_barrier_before_dispatch,ledger_postings,NO_READBACK,CALLER_REFERENCE,f74fde56-d09d-4ce6-9be3-d22842d1d405,CONFIRMED_APPLIED,APPLIED,1,1,1,6629.819479,191703.0,0,0,,
b0_naive_retry-after_barrier_before_dispatch-ledger_postings-73c409e9-r2,crashed,B0_NAIVE_RETRY,after_barrier_before_dispatch,ledger_postings,NO_READBACK,CALLER_REFERENCE,2b87e3cb-5f9c-484a-b80f-23b1e433817e,CONFIRMED_APPLIED,APPLIED,2,1,2,22908.631482,173180.0,1,0,,
b0_naive_retry-after_barrier_before_dispatch-ledger_postings-73c409e9-r2,crashed,B0_NAIVE_RETRY,after_barrier_before_dispatch,ledger_postings,NO_READBACK,CALLER_REFERENCE,4297a0f8-5fde-4891-ab45-78cfc28c1927,CONFIRMED_APPLIED,APPLIED,2,1,2,8498.558819,227599.0,1,0,,
b0_naive_retry-after_barrier_before_dispatch-ledger_postings-73c409e9-r2,crashed,B0_NAIVE_RETRY,after_barrier_before_dispatch,ledger_postings,NO_READBACK,CALLER_REFERENCE,e71fa4fb-15a7-4848-bc18-39ece8b25d94,CONFIRMED_APPLIED,APPLIED,2,1,2,8175.716649,212124.0,1,0,,
b0_naive_retry-after_barrier_before_dispatch-ledger_postings-73c409e9-r2,crashed,B0_NAIVE_RETRY,after_barrier_before_dispatch,ledger_postings,NO_READBACK,CALLER_REFERENCE,e3b92d30-bfd2-4e48-963f-ca58d58dafb6,CONFIRMED_APPLIED,APPLIED,1,1,1,3230.707217,194605.0,0,0,,
b0_naive_retry-after_barrier_before_dispatch-ledger_postings-73c409e9-r2,crashed,B0_NAIVE_RETRY,after_barrier_before_dispatch,ledger_postings,NO_READBACK,CALLER_REFERENCE,a6386cf7-e332-4c1c-9d8e-ff9bb597b20a,CONFIRMED_APPLIED,APPLIED,3,1,3,26467.159094,182919.0,1,0,,
b0_naive_retry-after_barrier_before_dispatch-ledger_postings-73c409e9-r2,crashed,B0_NAIVE_RETRY,after_barrier_before_dispatch,ledger_postings,NO_READBACK,CALLER_REFERENCE,8882ceae-21d9-44fd-8df3-d437e831712c,CONFIRMED_APPLIED,APPLIED,1,1,1,8180.308305,104508.0,0,0,,
b0_naive_retry-after_barrier_before_dispatch-notifications-cd1bb046-r0,crashed,B0_NAIVE_RETRY,after_barrier_before_dispatch,notifications,POSITIVE_ONLY_READBACK,CALLER_REFERENCE,56e7a08b-c928-4669-9e8f-a788a80fe445,CONFIRMED_APPLIED,APPLIED,1,1,1,2501.156277,52256.0,0,0,,
b0_naive_retry-after_barrier_before_dispatch-notifications-cd1bb046-r0,crashed,B0_NAIVE_RETRY,after_barrier_before_dispatch,notifications,POSITIVE_ONLY_READBACK,CALLER_REFERENCE,a047c4bc-b656-481f-a3ae-bca8a30fa228,CONFIRMED_APPLIED,APPLIED,1,1,1,2518.118649,46225.0,0,0,,
b0_naive_retry-after_barrier_before_dispatch-notifications-cd1bb046-r0,crashed,B0_NAIVE_RETRY,after_barrier_before_dispatch,notifications,POSITIVE_ONLY_READBACK,CALLER_REFERENCE,d42cbcea-fdc2-4c9e-94d4-9a9cda68ed58,CONFIRMED_APPLIED,APPLIED,1,1,1,2436.462467,40387.0,0,0,,
b0_naive_retry-after_barrier_before_dispatch-notifications-cd1bb046-r0,crashed,B0_NAIVE_RETRY,after_barrier_before_dispatch,notifications,POSITIVE_ONLY_READBACK,CALLER_REFERENCE,8224cb42-02ad-4cd1-ace6-8f4929c074fd,CONFIRMED_APPLIED,APPLIED,1,1,1,2585.695521,34491.0,0,0,,
b0_naive_retry-after_barrier_before_dispatch-notifications-cd1bb046-r0,crashed,B0_NAIVE_RETRY,after_barrier_before_dispatch,notifications,POSITIVE_ONLY_READBACK,CALLER_REFERENCE,f9f2527f-9974-442a-b50d-56f0ddb21558,CONFIRMED_APPLIED,APPLIED,1,1,1,2696.195391,27564.0,0,0,,
b0_naive_retry-after_barrier_before_dispatch-notifications-cd1bb046-r0,crashed,B0_NAIVE_RETRY,after_barrier_before_dispatch,notifications,POSITIVE_ONLY_READBACK,CALLER_REFERENCE,d555b2ae-0a08-4733-916f-61c0db901311,CONFIRMED_APPLIED,APPLIED,1,1,1,2517.343931,52257.0,0,0,,
b0_naive_retry-after_barrier_before_dispatch-notifications-cd1bb046-r0,crashed,B0_NAIVE_RETRY,after_barrier_before_dispatch,notifications,POSITIVE_ONLY_READBACK,CALLER_REFERENCE,3743bac9-63b6-4fbc-bbb5-343755fa4e0d,CONFIRMED_APPLIED,APPLIED,1,1,1,2512.13824,46211.0,0,0,,
b0_naive_retry-after_barrier_before_dispatch-notifications-cd1bb046-r0,crashed,B0_NAIVE_RETRY,after_barrier_before_dispatch,notifications,POSITIVE_ONLY_READBACK,CALLER_REFERENCE,e9edb3bf-91b7-42c4-a3f5-5249eb03fc6a,UNVERIFIED_FAILURE,FAILED,2,1,3,12453.533648,40394.0,1,1,,
b0_naive_retry-after_barrier_before_dispatch-notifications-cd1bb046-r0,crashed,B0_NAIVE_RETRY,after_barrier_before_dispatch,notifications,POSITIVE_ONLY_READBACK,CALLER_REFERENCE,fd497cd4-eeb2-4a29-9820-704f27cac2c5,CONFIRMED_APPLIED,APPLIED,3,1,3,12839.033356,24440.0,1,0,,
b0_naive_retry-after_barrier_before_dispatch-notifications-cd1bb046-r0,crashed,B0_NAIVE_RETRY,after_barrier_before_dispatch,notifications,POSITIVE_ONLY_READBACK,CALLER_REFERENCE,92341852-51cd-4f9a-96b8-80c37b700f0f,CONFIRMED_APPLIED,APPLIED,1,1,1,2613.759262,7295.0,0,0,,
b0_naive_retry-after_barrier_before_dispatch-notifications-cd1bb046-r1,crashed,B0_NAIVE_RETRY,after_barrier_before_dispatch,notifications,POSITIVE_ONLY_READBACK,CALLER_REFERENCE,64bf9e75-75a7-4a0b-b267-22e0452015bd,CONFIRMED_APPLIED,APPLIED,2,1,3,10339.065161,102317.0,1,0,,
b0_naive_retry-after_barrier_before_dispatch-notifications-cd1bb046-r1,crashed,B0_NAIVE_RETRY,after_barrier_before_dispatch,notifications,POSITIVE_ONLY_READBACK,CALLER_REFERENCE,4a996534-d51d-45ba-b8be-bfc94c3c6b88,CONFIRMED_APPLIED,APPLIED,1,1,1,3204.923332,80647.0,0,0,,
b0_naive_retry-after_barrier_before_dispatch-notifications-cd1bb046-r1,crashed,B0_NAIVE_RETRY,after_barrier_before_dispatch,notifications,POSITIVE_ONLY_READBACK,CALLER_REFERENCE,318a04dc-2fda-4b70-9e7a-9f79deb07029,CONFIRMED_APPLIED,APPLIED,1,1,1,3770.519254,68004.0,0,0,,
b0_naive_retry-after_barrier_before_dispatch-notifications-cd1bb046-r1,crashed,B0_NAIVE_RETRY,after_barrier_before_dispatch,notifications,POSITIVE_ONLY_READBACK,CALLER_REFERENCE,75672bf6-408b-48fb-a00a-743bbd727b52,CONFIRMED_APPLIED,APPLIED,1,1,1,5356.764562,53383.0,0,0,,
b0_naive_retry-after_barrier_before_dispatch-notifications-cd1bb046-r1,crashed,B0_NAIVE_RETRY,after_barrier_before_dispatch,notifications,POSITIVE_ONLY_READBACK,CALLER_REFERENCE,6daabb9a-a407-4593-a795-0b82270cc625,CONFIRMED_APPLIED,APPLIED,1,1,1,3695.245669,18496.0,0,0,,
b0_naive_retry-after_barrier_before_dispatch-notifications-cd1bb046-r1,crashed,B0_NAIVE_RETRY,after_barrier_before_dispatch,notifications,POSITIVE_ONLY_READBACK,CALLER_REFERENCE,2f9ba4c4-dc2d-489d-8942-d67130f81be9,CONFIRMED_APPLIED,APPLIED,1,1,1,3393.962005,102329.0,0,0,,
b0_naive_retry-after_barrier_before_dispatch-notifications-cd1bb046-r1,crashed,B0_NAIVE_RETRY,after_barrier_before_dispatch,notifications,POSITIVE_ONLY_READBACK,CALLER_REFERENCE,d7fb2110-fe8b-4a36-b60c-a4d5dbd718e9,CONFIRMED_APPLIED,APPLIED,1,1,1,3367.429499,87691.0,0,0,,
b0_naive_retry-after_barrier_before_dispatch-notifications-cd1bb046-r1,crashed,B0_NAIVE_RETRY,after_barrier_before_dispatch,notifications,POSITIVE_ONLY_READBACK,CALLER_REFERENCE,6856d55f-f7b1-4267-bd55-a4d70307b1fb,CONFIRMED_APPLIED,APPLIED,1,1,1,3826.282189,74361.0,0,0,,
b0_naive_retry-after_barrier_before_dispatch-notifications-cd1bb046-r1,crashed,B0_NAIVE_RETRY,after_barrier_before_dispatch,notifications,POSITIVE_ONLY_READBACK,CALLER_REFERENCE,3e08ee1e-730f-4d42-9c18-c779af9a6880,CONFIRMED_APPLIED,APPLIED,1,1,1,11562.90259,60503.0,0,0,,
b0_naive_retry-after_barrier_before_dispatch-notifications-cd1bb046-r1,crashed,B0_NAIVE_RETRY,after_barrier_before_dispatch,notifications,POSITIVE_ONLY_READBACK,CALLER_REFERENCE,466e750c-3b5c-49d5-ac48-6c90762b59dd,CONFIRMED_APPLIED,APPLIED,1,1,1,3961.011045,30330.0,0,0,,
b0_naive_retry-after_barrier_before_dispatch-notifications-cd1bb046-r2,crashed,B0_NAIVE_RETRY,after_barrier_before_dispatch,notifications,POSITIVE_ONLY_READBACK,CALLER_REFERENCE,39c9e405-8e66-4ea9-8969-cdfd25e2b6de,CONFIRMED_APPLIED,APPLIED,1,1,1,3287.295089,53602.0,0,0,,
b0_naive_retry-after_barrier_before_dispatch-notifications-cd1bb046-r2,crashed,B0_NAIVE_RETRY,after_barrier_before_dispatch,notifications,POSITIVE_ONLY_READBACK,CALLER_REFERENCE,c51483c0-6e59-475f-9f37-0a32190baa6b,CONFIRMED_APPLIED,APPLIED,1,1,1,2762.887477,39490.0,0,0,,
b0_naive_retry-after_barrier_before_dispatch-notifications-cd1bb046-r2,crashed,B0_NAIVE_RETRY,after_barrier_before_dispatch,notifications,POSITIVE_ONLY_READBACK,CALLER_REFERENCE,cd5a518d-826f-4ef4-8c90-64ff7188d05f,CONFIRMED_APPLIED,APPLIED,1,1,1,2768.917013,28989.0,0,0,,
b0_naive_retry-after_barrier_before_dispatch-notifications-cd1bb046-r2,crashed,B0_NAIVE_RETRY,after_barrier_before_dispatch,notifications,POSITIVE_ONLY_READBACK,CALLER_REFERENCE,174d0a65-dc96-4830-a8f2-acf1c1d1c6b7,CONFIRMED_APPLIED,APPLIED,1,1,2,4811.736415,21571.0,0,0,,
b0_naive_retry-after_barrier_before_dispatch-notifications-cd1bb046-r2,crashed,B0_NAIVE_RETRY,after_barrier_before_dispatch,notifications,POSITIVE_ONLY_READBACK,CALLER_REFERENCE,f81f7860-c39a-42d1-99ac-cafea0ce36a5,CONFIRMED_APPLIED,APPLIED,1,1,1,2941.870212,11251.0,0,0,,
b0_naive_retry-after_barrier_before_dispatch-notifications-cd1bb046-r2,crashed,B0_NAIVE_RETRY,after_barrier_before_dispatch,notifications,POSITIVE_ONLY_READBACK,CALLER_REFERENCE,ed5b54c9-708d-4800-a9a1-80da79fecb56,CONFIRMED_APPLIED,APPLIED,1,1,1,3350.408689,53633.0,0,0,,
b0_naive_retry-after_barrier_before_dispatch-notifications-cd1bb046-r2,crashed,B0_NAIVE_RETRY,after_barrier_before_dispatch,notifications,POSITIVE_ONLY_READBACK,CALLER_REFERENCE,3e6be146-fa57-45d5-bf3d-b310a15163c1,CONFIRMED_APPLIED,APPLIED,1,1,1,2732.963418,39427.0,0,0,,
b0_naive_retry-after_barrier_before_dispatch-notifications-cd1bb046-r2,crashed,B0_NAIVE_RETRY,after_barrier_before_dispatch,notifications,POSITIVE_ONLY_READBACK,CALLER_REFERENCE,e7702496-df13-4030-87c8-96052f09beba,CONFIRMED_APPLIED,APPLIED,2,1,2,7754.586699,29025.0,1,0,,
b0_naive_retry-after_barrier_before_dispatch-notifications-cd1bb046-r2,crashed,B0_NAIVE_RETRY,after_barrier_before_dispatch,notifications,POSITIVE_ONLY_READBACK,CALLER_REFERENCE,7c86a315-408d-4574-be79-6d8ee767303a,CONFIRMED_APPLIED,APPLIED,1,1,1,2795.546105,16589.0,0,0,,
b0_naive_retry-after_barrier_before_dispatch-notifications-cd1bb046-r2,crashed,B0_NAIVE_RETRY,after_barrier_before_dispatch,notifications,POSITIVE_ONLY_READBACK,CALLER_REFERENCE,aacbc9fc-ed5e-4186-98c4-722e37e82319,CONFIRMED_APPLIED,APPLIED,1,1,1,2669.370444,8549.0,0,0,,
b0_naive_retry-after_barrier_before_dispatch-payments-3e961d07-r0,crashed,B0_NAIVE_RETRY,after_barrier_before_dispatch,payments,AUTHORITATIVE_READBACK,CALLER_REFERENCE,7e699318-92af-424d-ad51-540a0a41210e,CONFIRMED_APPLIED,APPLIED,1,1,2,6930.148487,65194.0,0,0,,
b0_naive_retry-after_barrier_before_dispatch-payments-3e961d07-r0,crashed,B0_NAIVE_RETRY,after_barrier_before_dispatch,payments,AUTHORITATIVE_READBACK,CALLER_REFERENCE,b63da593-9edf-4bbf-9de9-b3386e91cc1c,CONFIRMED_APPLIED,APPLIED,1,1,2,4938.133625,52007.0,0,0,,
b0_naive_retry-after_barrier_before_dispatch-payments-3e961d07-r0,crashed,B0_NAIVE_RETRY,after_barrier_before_dispatch,payments,AUTHORITATIVE_READBACK,CALLER_REFERENCE,b3a2b952-22f8-4943-8a09-7460c828ac48,CONFIRMED_APPLIED,APPLIED,1,1,1,3428.60419,38993.0,0,0,,
b0_naive_retry-after_barrier_before_dispatch-payments-3e961d07-r0,crashed,B0_NAIVE_RETRY,after_barrier_before_dispatch,payments,AUTHORITATIVE_READBACK,CALLER_REFERENCE,926c51c0-21cf-4f0e-a498-f6ee1e3d5917,CONFIRMED_APPLIED,APPLIED,1,1,1,3150.215995,26991.0,0,0,,
b0_naive_retry-after_barrier_before_dispatch-payments-3e961d07-r0,crashed,B0_NAIVE_RETRY,after_barrier_before_dispatch,payments,AUTHORITATIVE_READBACK,CALLER_REFERENCE,4194549d-bff3-44ee-8dee-bca5c06f7d70,CONFIRMED_APPLIED,APPLIED,1,1,1,3154.738211,13742.0,0,0,,
b0_naive_retry-after_barrier_before_dispatch-payments-3e961d07-r0,crashed,B0_NAIVE_RETRY,after_barrier_before_dispatch,payments,AUTHORITATIVE_READBACK,CALLER_REFERENCE,aef8d1dc-d880-4cb9-9b52-ff8eb2d3d244,CONFIRMED_APPLIED,APPLIED,1,1,1,5224.272292,65202.0,0,0,,
b0_naive_retry-after_barrier_before_dispatch-payments-3e961d07-r0,crashed,B0_NAIVE_RETRY,after_barrier_before_dispatch,payments,AUTHORITATIVE_READBACK,CALLER_REFERENCE,fa75d9ef-ebe7-4adb-949f-5e1c7cb425e2,CONFIRMED_APPLIED,APPLIED,1,1,2,5181.372725,53698.0,0,0,,
b0_naive_retry-after_barrier_before_dispatch-payments-3e961d07-r0,crashed,B0_NAIVE_RETRY,after_barrier_before_dispatch,payments,AUTHORITATIVE_READBACK,CALLER_REFERENCE,69417a24-16f1-49be-a158-0fb14578b25d,CONFIRMED_APPLIED,APPLIED,1,1,1,3145.814294,40404.0,0,0,,
b0_naive_retry-after_barrier_before_dispatch-payments-3e961d07-r0,crashed,B0_NAIVE_RETRY,after_barrier_before_dispatch,payments,AUTHORITATIVE_READBACK,CALLER_REFERENCE,93020d8d-6662-4c7e-92c5-7d4e9236358d,CONFIRMED_APPLIED,APPLIED,1,1,1,3708.194554,28772.0,0,0,,
b0_naive_retry-after_barrier_before_dispatch-payments-3e961d07-r0,crashed,B0_NAIVE_RETRY,after_barrier_before_dispatch,payments,AUTHORITATIVE_READBACK,CALLER_REFERENCE,58ff155d-a549-43e6-8dc3-bcb1cf21edcb,CONFIRMED_APPLIED,APPLIED,1,1,1,3257.0719,15372.0,0,0,,
b0_naive_retry-after_barrier_before_dispatch-payments-3e961d07-r1,crashed,B0_NAIVE_RETRY,after_barrier_before_dispatch,payments,AUTHORITATIVE_READBACK,CALLER_REFERENCE,6d78484c-5144-4c63-a399-96b8bc8e11b8,CONFIRMED_APPLIED,APPLIED,1,1,1,3194.198472,54773.0,0,0,,
b0_naive_retry-after_barrier_before_dispatch-payments-3e961d07-r1,crashed,B0_NAIVE_RETRY,after_barrier_before_dispatch,payments,AUTHORITATIVE_READBACK,CALLER_REFERENCE,a1f01310-c9ab-4806-8dca-b15de89fe43a,CONFIRMED_APPLIED,APPLIED,1,1,1,2839.571059,45440.0,0,0,,
b0_naive_retry-after_barrier_before_dispatch-payments-3e961d07-r1,crashed,B0_NAIVE_RETRY,after_barrier_before_dispatch,payments,AUTHORITATIVE_READBACK,CALLER_REFERENCE,ea937fc7-663e-47ed-a78e-835d377d0ab1,CONFIRMED_APPLIED,APPLIED,1,1,1,2770.278992,27299.0,0,0,,
b0_naive_retry-after_barrier_before_dispatch-payments-3e961d07-r1,crashed,B0_NAIVE_RETRY,after_barrier_before_dispatch,payments,AUTHORITATIVE_READBACK,CALLER_REFERENCE,c422e65f-aae3-4cd5-9053-44662ebe250b,CONFIRMED_APPLIED,APPLIED,1,1,1,3036.6586,19121.0,0,0,,
b0_naive_retry-after_barrier_before_dispatch-payments-3e961d07-r1,crashed,B0_NAIVE_RETRY,after_barrier_before_dispatch,payments,AUTHORITATIVE_READBACK,CALLER_REFERENCE,0bc628be-c381-42ce-8f64-13e8bb8d4e4a,CONFIRMED_APPLIED,APPLIED,1,1,1,2871.093485,9552.0,0,0,,
b0_naive_retry-after_barrier_before_dispatch-payments-3e961d07-r1,crashed,B0_NAIVE_RETRY,after_barrier_before_dispatch,payments,AUTHORITATIVE_READBACK,CALLER_REFERENCE,7d18855f-deed-483e-9760-d741bdb0c6da,CONFIRMED_APPLIED,APPLIED,1,1,1,3205.448234,54784.0,0,0,,
b0_naive_retry-after_barrier_before_dispatch-payments-3e961d07-r1,crashed,B0_NAIVE_RETRY,after_barrier_before_dispatch,payments,AUTHORITATIVE_READBACK,CALLER_REFERENCE,874d880d-c849-42e3-9bdc-3b065f9c58a4,CONFIRMED_APPLIED,APPLIED,1,1,1,2819.22584,45408.0,0,0,,
b0_naive_retry-after_barrier_before_dispatch-payments-3e961d07-r1,crashed,B0_NAIVE_RETRY,after_barrier_before_dispatch,payments,AUTHORITATIVE_READBACK,CALLER_REFERENCE,44b9d7de-6843-423f-87b3-ae4a640c24a2,CONFIRMED_APPLIED,APPLIED,1,1,1,2796.652866,27331.0,0,0,,
b0_naive_retry-after_barrier_before_dispatch-payments-3e961d07-r1,crashed,B0_NAIVE_RETRY,after_barrier_before_dispatch,payments,AUTHORITATIVE_READBACK,CALLER_REFERENCE,ec9d627c-3077-44c0-a7e0-be020aa674bb,CONFIRMED_APPLIED,APPLIED,1,1,1,3017.827712,19103.0,0,0,,
b0_naive_retry-after_barrier_before_dispatch-payments-3e961d07-r1,crashed,B0_NAIVE_RETRY,after_barrier_before_dispatch,payments,AUTHORITATIVE_READBACK,CALLER_REFERENCE,8a126f16-e711-40f4-9e7e-e9d15eeb17b2,CONFIRMED_APPLIED,APPLIED,1,1,1,2850.740404,9522.0,0,0,,
b0_naive_retry-after_barrier_before_dispatch-payments-3e961d07-r2,crashed,B0_NAIVE_RETRY,after_barrier_before_dispatch,payments,AUTHORITATIVE_READBACK,CALLER_REFERENCE,39c5e311-9617-4999-afa8-b6dd4f9ca7a6,CONFIRMED_APPLIED,APPLIED,1,1,1,3337.26165,86981.0,0,0,,
b0_naive_retry-after_barrier_before_dispatch-payments-3e961d07-r2,crashed,B0_NAIVE_RETRY,after_barrier_before_dispatch,payments,AUTHORITATIVE_READBACK,CALLER_REFERENCE,70620030-b04e-4844-9c3b-467683bf90b9,CONFIRMED_APPLIED,APPLIED,2,1,2,8009.346404,76057.0,1,0,,
b0_naive_retry-after_barrier_before_dispatch-payments-3e961d07-r2,crashed,B0_NAIVE_RETRY,after_barrier_before_dispatch,payments,AUTHORITATIVE_READBACK,CALLER_REFERENCE,a872e1fc-9918-4bcf-9dd3-f83274f6a2de,CONFIRMED_APPLIED,APPLIED,1,1,1,3999.274414,58148.0,0,0,,
b0_naive_retry-after_barrier_before_dispatch-payments-3e961d07-r2,crashed,B0_NAIVE_RETRY,after_barrier_before_dispatch,payments,AUTHORITATIVE_READBACK,CALLER_REFERENCE,56f2ef6e-3683-4f9a-989c-d89980fefd04,CONFIRMED_APPLIED,APPLIED,1,1,1,4830.568964,42472.0,0,0,,
b0_naive_retry-after_barrier_before_dispatch-payments-3e961d07-r2,crashed,B0_NAIVE_RETRY,after_barrier_before_dispatch,payments,AUTHORITATIVE_READBACK,CALLER_REFERENCE,f0840ef0-08fa-4d92-b550-e420ccefdce3,CONFIRMED_APPLIED,APPLIED,2,1,2,8582.370637,19398.0,1,0,,
b0_naive_retry-after_barrier_before_dispatch-payments-3e961d07-r2,crashed,B0_NAIVE_RETRY,after_barrier_before_dispatch,payments,AUTHORITATIVE_READBACK,CALLER_REFERENCE,51c8b2d5-141a-464d-b234-e572d6fbf1e0,CONFIRMED_APPLIED,APPLIED,1,1,1,3388.236503,86989.0,0,0,,
b0_naive_retry-after_barrier_before_dispatch-payments-3e961d07-r2,crashed,B0_NAIVE_RETRY,after_barrier_before_dispatch,payments,AUTHORITATIVE_READBACK,CALLER_REFERENCE,beaf99bd-87c6-4101-84e9-e9c60eaa95d6,CONFIRMED_APPLIED,APPLIED,1,1,1,2985.191939,76011.0,0,0,,
b0_naive_retry-after_barrier_before_dispatch-payments-3e961d07-r2,crashed,B0_NAIVE_RETRY,after_barrier_before_dispatch,payments,AUTHORITATIVE_READBACK,CALLER_REFERENCE,716c559c-d43c-435a-8a94-83f0e765148a,CONFIRMED_APPLIED,APPLIED,1,1,1,3203.698831,63178.0,0,0,,
b0_naive_retry-after_barrier_before_dispatch-payments-3e961d07-r2,crashed,B0_NAIVE_RETRY,after_barrier_before_dispatch,payments,AUTHORITATIVE_READBACK,CALLER_REFERENCE,ca44177f-c548-45d3-96c4-c8be735b12fc,CONFIRMED_APPLIED,APPLIED,1,1,1,4242.313192,50295.0,0,0,,
b0_naive_retry-after_barrier_before_dispatch-payments-3e961d07-r2,crashed,B0_NAIVE_RETRY,after_barrier_before_dispatch,payments,AUTHORITATIVE_READBACK,CALLER_REFERENCE,3dec8165-5e30-4dfa-a4bd-a577787957ba,CONFIRMED_APPLIED,APPLIED,1,1,1,3409.206835,25903.0,0,0,,
b1_lease_only-after_barrier_before_dispatch-ledger_postings-761140e0-r0,crashed,B1_LEASE_ONLY,after_barrier_before_dispatch,ledger_postings,NO_READBACK,CALLER_REFERENCE,d7258444-c132-4bdf-853c-8a948d272cbd,CONFIRMED_APPLIED,APPLIED,1,1,1,24288.928006,143822.0,0,0,,
b1_lease_only-after_barrier_before_dispatch-ledger_postings-761140e0-r0,crashed,B1_LEASE_ONLY,after_barrier_before_dispatch,ledger_postings,NO_READBACK,CALLER_REFERENCE,ac962210-1793-46f3-a37f-935727e50333,CONFIRMED_APPLIED,APPLIED,1,1,1,23982.585445,116267.0,0,0,,
b1_lease_only-after_barrier_before_dispatch-ledger_postings-761140e0-r0,crashed,B1_LEASE_ONLY,after_barrier_before_dispatch,ledger_postings,NO_READBACK,CALLER_REFERENCE,17fbcece-c1b2-499f-8a6f-258f5fa85b61,CONFIRMED_APPLIED,APPLIED,1,1,1,23910.222456,88554.0,0,0,,
b1_lease_only-after_barrier_before_dispatch-ledger_postings-761140e0-r0,crashed,B1_LEASE_ONLY,after_barrier_before_dispatch,ledger_postings,NO_READBACK,CALLER_REFERENCE,c1b6271f-a8cd-4a11-86cd-9607c60fdd3a,CONFIRMED_APPLIED,APPLIED,1,1,1,23160.898564,60632.0,0,0,,
b1_lease_only-after_barrier_before_dispatch-ledger_postings-761140e0-r0,crashed,B1_LEASE_ONLY,after_barrier_before_dispatch,ledger_postings,NO_READBACK,CALLER_REFERENCE,f0926eb2-9e9e-4138-a46c-982b8f804ebd,CONFIRMED_APPLIED,APPLIED,1,1,1,23626.064822,33049.0,0,0,,
b1_lease_only-after_barrier_before_dispatch-ledger_postings-761140e0-r0,crashed,B1_LEASE_ONLY,after_barrier_before_dispatch,ledger_postings,NO_READBACK,CALLER_REFERENCE,71232cd5-32eb-4008-ab8e-8a26cf89cb0b,CONFIRMED_APPLIED,APPLIED,2,1,2,29267.64853,143828.0,1,0,,
b1_lease_only-after_barrier_before_dispatch-ledger_postings-761140e0-r0,crashed,B1_LEASE_ONLY,after_barrier_before_dispatch,ledger_postings,NO_READBACK,CALLER_REFERENCE,312a9979-cdda-4e07-8ae5-c69b9744f219,CONFIRMED_APPLIED,APPLIED,1,1,1,23447.968169,111294.0,0,0,,
b1_lease_only-after_barrier_before_dispatch-ledger_postings-761140e0-r0,crashed,B1_LEASE_ONLY,after_barrier_before_dispatch,ledger_postings,NO_READBACK,CALLER_REFERENCE,f1cb0916-a35c-4b67-8214-e2bc4d338b7a,CONFIRMED_APPLIED,APPLIED,1,1,1,24099.547157,83605.0,0,0,,
b1_lease_only-after_barrier_before_dispatch-ledger_postings-761140e0-r0,crashed,B1_LEASE_ONLY,after_barrier_before_dispatch,ledger_postings,NO_READBACK,CALLER_REFERENCE,5bb5214e-238c-4cc9-8713-7f7736cf766b,CONFIRMED_APPLIED,APPLIED,1,1,1,23815.903096,55856.0,0,0,,
b1_lease_only-after_barrier_before_dispatch-ledger_postings-761140e0-r0,crashed,B1_LEASE_ONLY,after_barrier_before_dispatch,ledger_postings,NO_READBACK,CALLER_REFERENCE,cebd402c-46a9-486e-b2dc-9f2f1778c033,CONFIRMED_APPLIED,APPLIED,1,1,1,24063.989839,28089.0,0,0,,
b1_lease_only-after_barrier_before_dispatch-ledger_postings-761140e0-r1,crashed,B1_LEASE_ONLY,after_barrier_before_dispatch,ledger_postings,NO_READBACK,CALLER_REFERENCE,7d1cc414-e75c-41f5-95bb-d2ca178b8f2c,CONFIRMED_APPLIED,APPLIED,1,1,1,18946.164796,156296.0,0,0,,
b1_lease_only-after_barrier_before_dispatch-ledger_postings-761140e0-r1,crashed,B1_LEASE_ONLY,after_barrier_before_dispatch,ledger_postings,NO_READBACK,CALLER_REFERENCE,28caac81-38b3-4431-8f6e-2c087b6d9c0c,CONFIRMED_APPLIED,APPLIED,1,1,1,14872.717096,127879.0,0,0,,
b1_lease_only-after_barrier_before_dispatch-ledger_postings-761140e0-r1,crashed,B1_LEASE_ONLY,after_barrier_before_dispatch,ledger_postings,NO_READBACK,CALLER_REFERENCE,6b4df3f0-32d8-4a98-adfe-90c9437c9189,CONFIRMED_APPLIED,APPLIED,1,1,1,12507.980582,98934.0,0,0,,
b1_lease_only-after_barrier_before_dispatch-ledger_postings-761140e0-r1,crashed,B1_LEASE_ONLY,after_barrier_before_dispatch,ledger_postings,NO_READBACK,CALLER_REFERENCE,58ddd4f1-a08d-4b73-8389-15d2d4b7bc68,CONFIRMED_APPLIED,APPLIED,1,1,1,21883.892431,70958.0,0,0,,
b1_lease_only-after_barrier_before_dispatch-ledger_postings-761140e0-r1,crashed,B1_LEASE_ONLY,after_barrier_before_dispatch,ledger_postings,NO_READBACK,CALLER_REFERENCE,8c9ea643-f50d-473b-b08d-dda0b4360e83,CONFIRMED_APPLIED,APPLIED,1,1,1,15715.308889,41607.0,0,0,,
b1_lease_only-after_barrier_before_dispatch-ledger_postings-761140e0-r1,crashed,B1_LEASE_ONLY,after_barrier_before_dispatch,ledger_postings,NO_READBACK,CALLER_REFERENCE,15dba596-e42a-42ab-a28e-9ca2491e8f9b,CONFIRMED_APPLIED,APPLIED,2,1,2,23849.622614,156395.0,1,0,,
b1_lease_only-after_barrier_before_dispatch-ledger_postings-761140e0-r1,crashed,B1_LEASE_ONLY,after_barrier_before_dispatch,ledger_postings,NO_READBACK,CALLER_REFERENCE,625d6cc7-33d6-4431-a83d-059a21568df7,CONFIRMED_APPLIED,APPLIED,1,1,1,15828.843458,122992.0,0,0,,
b1_lease_only-after_barrier_before_dispatch-ledger_postings-761140e0-r1,crashed,B1_LEASE_ONLY,after_barrier_before_dispatch,ledger_postings,NO_READBACK,CALLER_REFERENCE,8b03b5f1-77f4-495b-af4a-46f3afaeb469,CONFIRMED_APPLIED,APPLIED,1,1,2,18115.066596,92623.0,0,0,,
b1_lease_only-after_barrier_before_dispatch-ledger_postings-761140e0-r1,crashed,B1_LEASE_ONLY,after_barrier_before_dispatch,ledger_postings,NO_READBACK,CALLER_REFERENCE,9aeb8c52-3378-4f6a-aa83-03c1ec99a202,CONFIRMED_APPLIED,APPLIED,1,1,3,17782.974495,62215.0,0,0,,
b1_lease_only-after_barrier_before_dispatch-ledger_postings-761140e0-r1,crashed,B1_LEASE_ONLY,after_barrier_before_dispatch,ledger_postings,NO_READBACK,CALLER_REFERENCE,0f3ec15c-832f-4ec3-ba51-5fc60d837a64,CONFIRMED_APPLIED,APPLIED,1,1,1,12253.314659,28646.0,0,0,,
b1_lease_only-after_barrier_before_dispatch-ledger_postings-761140e0-r2,crashed,B1_LEASE_ONLY,after_barrier_before_dispatch,ledger_postings,NO_READBACK,CALLER_REFERENCE,84334dac-49fc-4237-bf1d-00dc3ce359ae,CONFIRMED_APPLIED,APPLIED,1,1,1,23722.031306,148681.0,0,0,,
b1_lease_only-after_barrier_before_dispatch-ledger_postings-761140e0-r2,crashed,B1_LEASE_ONLY,after_barrier_before_dispatch,ledger_postings,NO_READBACK,CALLER_REFERENCE,41fc7ed9-73e0-400f-a6b1-806c8c4a6d91,CONFIRMED_APPLIED,APPLIED,1,1,1,23609.235879,120910.0,0,0,,
b1_lease_only-after_barrier_before_dispatch-ledger_postings-761140e0-r2,crashed,B1_LEASE_ONLY,after_barrier_before_dispatch,ledger_postings,NO_READBACK,CALLER_REFERENCE,b5277cc5-907f-402d-a035-c54d193f9b2d,CONFIRMED_APPLIED,APPLIED,2,1,2,28602.018998,93378.0,1,0,,
b1_lease_only-after_barrier_before_dispatch-ledger_postings-761140e0-r2,crashed,B1_LEASE_ONLY,after_barrier_before_dispatch,ledger_postings,NO_READBACK,CALLER_REFERENCE,cd4cafee-a13c-4e1e-89a9-58f49daccaef,CONFIRMED_APPLIED,APPLIED,1,1,1,22412.571585,60731.0,0,0,,
b1_lease_only-after_barrier_before_dispatch-ledger_postings-761140e0-r2,crashed,B1_LEASE_ONLY,after_barrier_before_dispatch,ledger_postings,NO_READBACK,CALLER_REFERENCE,2cddba7d-e879-4c11-afc6-9392d5947070,CONFIRMED_APPLIED,APPLIED,1,1,1,23226.978662,32908.0,0,0,,
b1_lease_only-after_barrier_before_dispatch-ledger_postings-761140e0-r2,crashed,B1_LEASE_ONLY,after_barrier_before_dispatch,ledger_postings,NO_READBACK,CALLER_REFERENCE,6a8f4be0-dcbf-496b-852b-097cffd9f283,CONFIRMED_APPLIED,APPLIED,1,1,1,23695.377868,148686.0,0,0,,
b1_lease_only-after_barrier_before_dispatch-ledger_postings-761140e0-r2,crashed,B1_LEASE_ONLY,after_barrier_before_dispatch,ledger_postings,NO_READBACK,CALLER_REFERENCE,efde3970-5e82-475a-9d87-03191e980de3,CONFIRMED_APPLIED,APPLIED,1,1,1,23630.773428,120929.0,0,0,,
b1_lease_only-after_barrier_before_dispatch-ledger_postings-761140e0-r2,crashed,B1_LEASE_ONLY,after_barrier_before_dispatch,ledger_postings,NO_READBACK,CALLER_REFERENCE,e81ee32a-1a34-4ad8-bb61-44b0c21df2c0,CONFIRMED_APPLIED,APPLIED,1,1,1,23592.931661,93360.0,0,0,,
b1_lease_only-after_barrier_before_dispatch-ledger_postings-761140e0-r2,crashed,B1_LEASE_ONLY,after_barrier_before_dispatch,ledger_postings,NO_READBACK,CALLER_REFERENCE,e4ea0d57-6a01-4f34-8fd9-09cd696b4a3a,CONFIRMED_APPLIED,APPLIED,1,1,1,23340.615012,65741.0,0,0,,
b1_lease_only-after_barrier_before_dispatch-ledger_postings-761140e0-r2,crashed,B1_LEASE_ONLY,after_barrier_before_dispatch,ledger_postings,NO_READBACK,CALLER_REFERENCE,21ce6184-887c-44cc-acad-6d19731cb010,UNVERIFIED_FAILURE,FAILED,2,1,3,32828.960609,37906.0,1,1,,
b1_lease_only-after_barrier_before_dispatch-notifications-c0ca6988-r0,crashed,B1_LEASE_ONLY,after_barrier_before_dispatch,notifications,POSITIVE_ONLY_READBACK,CALLER_REFERENCE,b5f85ca7-7ae3-48d1-811e-b73ace018782,CONFIRMED_APPLIED,APPLIED,2,1,2,28797.6619,161685.0,1,0,,
b1_lease_only-after_barrier_before_dispatch-notifications-c0ca6988-r0,crashed,B1_LEASE_ONLY,after_barrier_before_dispatch,notifications,POSITIVE_ONLY_READBACK,CALLER_REFERENCE,cfb4148c-19ce-4f68-a4a6-04e6b3859a8e,CONFIRMED_APPLIED,APPLIED,1,1,1,23702.252715,129103.0,0,0,,
b1_lease_only-after_barrier_before_dispatch-notifications-c0ca6988-r0,crashed,B1_LEASE_ONLY,after_barrier_before_dispatch,notifications,POSITIVE_ONLY_READBACK,CALLER_REFERENCE,05605cca-66d4-41aa-8b9f-1c6c72eac200,CONFIRMED_APPLIED,APPLIED,1,1,1,23730.307845,101323.0,0,0,,
b1_lease_only-after_barrier_before_dispatch-notifications-c0ca6988-r0,crashed,B1_LEASE_ONLY,after_barrier_before_dispatch,notifications,POSITIVE_ONLY_READBACK,CALLER_REFERENCE,7a223fb8-be27-42d0-9b39-0f5ab66d3761,CONFIRMED_APPLIED,APPLIED,2,1,2,28374.822732,73708.0,1,0,,
b1_lease_only-after_barrier_before_dispatch-notifications-c0ca6988-r0,crashed,B1_LEASE_ONLY,after_barrier_before_dispatch,notifications,POSITIVE_ONLY_READBACK,CALLER_REFERENCE,61be89a4-a18a-40c9-b9d6-ed0faca15406,UNVERIFIED_FAILURE,FAILED,3,1,3,36822.814976,40867.0,1,1,,
b1_lease_only-after_barrier_before_dispatch-notifications-c0ca6988-r0,crashed,B1_LEASE_ONLY,after_barrier_before_dispatch,notifications,POSITIVE_ONLY_READBACK,CALLER_REFERENCE,92a2b224-f66b-40d3-be0c-db0b2bf8082e,CONFIRMED_APPLIED,APPLIED,1,1,1,23828.818219,161681.0,0,0,,
b1_lease_only-after_barrier_before_dispatch-notifications-c0ca6988-r0,crashed,B1_LEASE_ONLY,after_barrier_before_dispatch,notifications,POSITIVE_ONLY_READBACK,CALLER_REFERENCE,5a4b1d84-dad8-4d8e-9fb6-7c15470fe3b4,CONFIRMED_APPLIED,APPLIED,1,1,1,23939.611727,134151.0,0,0,,
b1_lease_only-after_barrier_before_dispatch-notifications-c0ca6988-r0,crashed,B1_LEASE_ONLY,after_barrier_before_dispatch,notifications,POSITIVE_ONLY_READBACK,CALLER_REFERENCE,55cdb431-fdce-4029-acb6-02189f6fa80c,CONFIRMED_APPLIED,APPLIED,1,1,1,23901.146177,106429.0,0,0,,
b1_lease_only-after_barrier_before_dispatch-notifications-c0ca6988-r0,crashed,B1_LEASE_ONLY,after_barrier_before_dispatch,notifications,POSITIVE_ONLY_READBACK,CALLER_REFERENCE,afb471b9-51fa-42c3-8236-46dc5bcb209d,CONFIRMED_APPLIED,APPLIED,1,1,1,23406.019307,78716.0,0,0,,
b1_lease_only-after_barrier_before_dispatch-notifications-c0ca6988-r0,crashed,B1_LEASE_ONLY,after_barrier_before_dispatch,notifications,POSITIVE_ONLY_READBACK,CALLER_REFERENCE,c605554e-b5dd-41ee-93e7-4c8a2f9839a1,CONFIRMED_APPLIED,APPLIED,1,1,1,23465.961512,51069.0,0,0,,
b1_lease_only-after_barrier_before_dispatch-notifications-c0ca6988-r1,crashed,B1_LEASE_ONLY,after_barrier_before_dispatch,notifications,POSITIVE_ONLY_READBACK,CALLER_REFERENCE,afb79fca-6039-490e-8a8a-25d748eede7e,CONFIRMED_APPLIED,APPLIED,1,1,1,22399.24554,147924.0,0,0,,
b1_lease_only-after_barrier_before_dispatch-notifications-c0ca6988-r1,crashed,B1_LEASE_ONLY,after_barrier_before_dispatch,notifications,POSITIVE_ONLY_READBACK,CALLER_REFERENCE,5b5e0baa-2685-493a-a4dd-ba9222280443,CONFIRMED_APPLIED,APPLIED,1,1,2,22833.884759,120274.0,0,0,,
b1_lease_only-after_barrier_before_dispatch-notifications-c0ca6988-r1,crashed,B1_LEASE_ONLY,after_barrier_before_dispatch,notifications,POSITIVE_ONLY_READBACK,CALLER_REFERENCE,7bf40cec-fa6c-4e97-997d-17711a6d8ab3,CONFIRMED_APPLIED,APPLIED,1,1,1,21855.525091,90486.0,0,0,,
b1_lease_only-after_barrier_before_dispatch-notifications-c0ca6988-r1,crashed,B1_LEASE_ONLY,after_barrier_before_dispatch,notifications,POSITIVE_ONLY_READBACK,CALLER_REFERENCE,b0df9754-f6eb-4c1b-b033-d5534a85b042,CONFIRMED_APPLIED,APPLIED,1,1,2,24754.135365,62698.0,0,0,,
b1_lease_only-after_barrier_before_dispatch-notifications-c0ca6988-r1,crashed,B1_LEASE_ONLY,after_barrier_before_dispatch,notifications,POSITIVE_ONLY_READBACK,CALLER_REFERENCE,4f5b95b3-61a1-413f-b4ee-30d687793bde,CONFIRMED_APPLIED,APPLIED,1,1,1,19330.885493,32511.0,0,0,,
b1_lease_only-after_barrier_before_dispatch-notifications-c0ca6988-r1,crashed,B1_LEASE_ONLY,after_barrier_before_dispatch,notifications,POSITIVE_ONLY_READBACK,CALLER_REFERENCE,bea691c9-dae2-43fe-8aeb-d31d116f91e7,CONFIRMED_APPLIED,APPLIED,2,1,3,29401.462055,147932.0,1,0,,
b1_lease_only-after_barrier_before_dispatch-notifications-c0ca6988-r1,crashed,B1_LEASE_ONLY,after_barrier_before_dispatch,notifications,POSITIVE_ONLY_READBACK,CALLER_REFERENCE,498bfc51-67db-4328-b502-9c1ec2f688f1,CONFIRMED_APPLIED,APPLIED,1,1,1,22429.203495,113217.0,0,0,,
b1_lease_only-after_barrier_before_dispatch-notifications-c0ca6988-r1,crashed,B1_LEASE_ONLY,after_barrier_before_dispatch,notifications,POSITIVE_ONLY_READBACK,CALLER_REFERENCE,c1570854-3bfb-442f-836a-733a53ca17b6,CONFIRMED_APPLIED,APPLIED,1,1,1,21952.326785,84990.0,0,0,,
b1_lease_only-after_barrier_before_dispatch-notifications-c0ca6988-r1,crashed,B1_LEASE_ONLY,after_barrier_before_dispatch,notifications,POSITIVE_ONLY_READBACK,CALLER_REFERENCE,dfb69105-d276-44ee-8982-29a739fb3ff6,CONFIRMED_APPLIED,APPLIED,1,1,1,22941.66759,57085.0,0,0,,
b1_lease_only-after_barrier_before_dispatch-notifications-c0ca6988-r1,crashed,B1_LEASE_ONLY,after_barrier_before_dispatch,notifications,POSITIVE_ONLY_READBACK,CALLER_REFERENCE,c5095188-5f30-4d4e-ae14-39b3026778cd,CONFIRMED_APPLIED,APPLIED,1,1,1,18699.803154,28651.0,0,0,,
b1_lease_only-after_barrier_before_dispatch-notifications-c0ca6988-r2,crashed,B1_LEASE_ONLY,after_barrier_before_dispatch,notifications,POSITIVE_ONLY_READBACK,CALLER_REFERENCE,6d2eded0-b016-4b59-9f2e-6883fac80a3f,CONFIRMED_APPLIED,APPLIED,1,1,1,23158.036153,138714.0,0,0,,
b1_lease_only-after_barrier_before_dispatch-notifications-c0ca6988-r2,crashed,B1_LEASE_ONLY,after_barrier_before_dispatch,notifications,POSITIVE_ONLY_READBACK,CALLER_REFERENCE,7f47c264-e329-476a-aeee-d8892be8307f,CONFIRMED_APPLIED,APPLIED,1,1,1,20357.59431,111114.0,0,0,,
b1_lease_only-after_barrier_before_dispatch-notifications-c0ca6988-r2,crashed,B1_LEASE_ONLY,after_barrier_before_dispatch,notifications,POSITIVE_ONLY_READBACK,CALLER_REFERENCE,91c22cf1-e190-409d-a4d1-e7cf08957f7e,CONFIRMED_APPLIED,APPLIED,1,1,1,19863.238763,83301.0,0,0,,
b1_lease_only-after_barrier_before_dispatch-notifications-c0ca6988-r2,crashed,B1_LEASE_ONLY,after_barrier_before_dispatch,notifications,POSITIVE_ONLY_READBACK,CALLER_REFERENCE,387d5caf-e448-4dcc-b05b-6647c668256e,CONFIRMED_APPLIED,APPLIED,1,1,1,22608.87697,55489.0,0,0,,
b1_lease_only-after_barrier_before_dispatch-notifications-c0ca6988-r2,crashed,B1_LEASE_ONLY,after_barrier_before_dispatch,notifications,POSITIVE_ONLY_READBACK,CALLER_REFERENCE,31f2f4e8-12d8-4ad6-ace1-ea4c153a1929,CONFIRMED_APPLIED,APPLIED,1,1,1,22118.846564,27750.0,0,0,,
b1_lease_only-after_barrier_before_dispatch-notifications-c0ca6988-r2,crashed,B1_LEASE_ONLY,after_barrier_before_dispatch,notifications,POSITIVE_ONLY_READBACK,CALLER_REFERENCE,c71e4dde-3e43-4711-843a-a6170b3b57d8,CONFIRMED_APPLIED,APPLIED,1,1,1,23162.859905,138718.0,0,0,,
b1_lease_only-after_barrier_before_dispatch-notifications-c0ca6988-r2,crashed,B1_LEASE_ONLY,after_barrier_before_dispatch,notifications,POSITIVE_ONLY_READBACK,CALLER_REFERENCE,00122359-6457-4395-a8c1-dee644f0e92a,CONFIRMED_APPLIED,APPLIED,1,1,1,20372.020296,111121.0,0,0,,
b1_lease_only-after_barrier_before_dispatch-notifications-c0ca6988-r2,crashed,B1_LEASE_ONLY,after_barrier_before_dispatch,notifications,POSITIVE_ONLY_READBACK,CALLER_REFERENCE,4bd01a9f-8f87-48cb-b1de-f6a5e3d061c5,CONFIRMED_APPLIED,APPLIED,1,1,1,19883.812196,83321.0,0,0,,
b1_lease_only-after_barrier_before_dispatch-notifications-c0ca6988-r2,crashed,B1_LEASE_ONLY,after_barrier_before_dispatch,notifications,POSITIVE_ONLY_READBACK,CALLER_REFERENCE,fc98c01a-a980-4039-9f3d-d13dc7cbe1ba,CONFIRMED_APPLIED,APPLIED,1,1,1,22586.882899,55470.0,0,0,,
b1_lease_only-after_barrier_before_dispatch-notifications-c0ca6988-r2,crashed,B1_LEASE_ONLY,after_barrier_before_dispatch,notifications,POSITIVE_ONLY_READBACK,CALLER_REFERENCE,39aa3227-624b-4a4d-9785-59f500f3e370,CONFIRMED_APPLIED,APPLIED,1,1,1,22132.769109,27775.0,0,0,,
b1_lease_only-after_barrier_before_dispatch-payments-a73d77a9-r0,crashed,B1_LEASE_ONLY,after_barrier_before_dispatch,payments,AUTHORITATIVE_READBACK,CALLER_REFERENCE,ef34c3d6-e673-48c0-8afd-1881c587959b,CONFIRMED_APPLIED,APPLIED,2,1,2,15472.57571,218573.0,1,0,,
b1_lease_only-after_barrier_before_dispatch-payments-a73d77a9-r0,crashed,B1_LEASE_ONLY,after_barrier_before_dispatch,payments,AUTHORITATIVE_READBACK,CALLER_REFERENCE,e2f09bc5-0c9f-4e10-9de5-799b6b5a6b4d,CONFIRMED_APPLIED,APPLIED,1,1,1,3317.436541,146691.0,0,0,,
b1_lease_only-after_barrier_before_dispatch-payments-a73d77a9-r0,crashed,B1_LEASE_ONLY,after_barrier_before_dispatch,payments,AUTHORITATIVE_READBACK,CALLER_REFERENCE,b70f3dab-aaa0-4d1f-b599-a8715ea7aaba,CONFIRMED_APPLIED,APPLIED,1,1,1,19477.245118,93952.0,0,0,,
b1_lease_only-after_barrier_before_dispatch-payments-a73d77a9-r0,crashed,B1_LEASE_ONLY,after_barrier_before_dispatch,payments,AUTHORITATIVE_READBACK,CALLER_REFERENCE,107cd4ad-0bd0-4d2b-9bc4-e7ac287fc579,CONFIRMED_APPLIED,APPLIED,1,1,1,21181.919279,65670.0,0,0,,
b1_lease_only-after_barrier_before_dispatch-payments-a73d77a9-r0,crashed,B1_LEASE_ONLY,after_barrier_before_dispatch,payments,AUTHORITATIVE_READBACK,CALLER_REFERENCE,e3af9a1f-b5eb-4c7a-bbb2-458c9286c8c1,CONFIRMED_APPLIED,APPLIED,1,1,1,21325.749285,37506.0,0,0,,
b1_lease_only-after_barrier_before_dispatch-payments-a73d77a9-r0,crashed,B1_LEASE_ONLY,after_barrier_before_dispatch,payments,AUTHORITATIVE_READBACK,CALLER_REFERENCE,0729fbec-6220-4c28-96a1-1807dd27d6a0,CONFIRMED_APPLIED,APPLIED,1,1,1,11044.959644,218539.0,0,0,,
b1_lease_only-after_barrier_before_dispatch-payments-a73d77a9-r0,crashed,B1_LEASE_ONLY,after_barrier_before_dispatch,payments,AUTHORITATIVE_READBACK,CALLER_REFERENCE,8a1a38b3-41fe-4479-90e4-c08d12bdcdae,CONFIRMED_APPLIED,APPLIED,2,1,2,8437.842049,151094.0,1,0,,
b1_lease_only-after_barrier_before_dispatch-payments-a73d77a9-r0,crashed,B1_LEASE_ONLY,after_barrier_before_dispatch,payments,AUTHORITATIVE_READBACK,CALLER_REFERENCE,f65107f0-0f0a-4658-80d8-4b5ae5f2a4b8,CONFIRMED_APPLIED,APPLIED,1,1,1,19378.844874,89432.0,0,0,,
b1_lease_only-after_barrier_before_dispatch-payments-a73d77a9-r0,crashed,B1_LEASE_ONLY,after_barrier_before_dispatch,payments,AUTHORITATIVE_READBACK,CALLER_REFERENCE,91e2430e-218a-4dac-abcb-c50fca55da6a,CONFIRMED_APPLIED,APPLIED,2,1,2,26333.231685,61353.0,1,0,,
b1_lease_only-after_barrier_before_dispatch-payments-a73d77a9-r0,crashed,B1_LEASE_ONLY,after_barrier_before_dispatch,payments,AUTHORITATIVE_READBACK,CALLER_REFERENCE,debd6c7b-c280-4ea1-aa0b-b649ae6509c4,CONFIRMED_APPLIED,APPLIED,1,1,1,20715.118035,28135.0,0,0,,
b1_lease_only-after_barrier_before_dispatch-payments-a73d77a9-r1,crashed,B1_LEASE_ONLY,after_barrier_before_dispatch,payments,AUTHORITATIVE_READBACK,CALLER_REFERENCE,b69b0d4c-4f5d-435f-a05e-639c7d78373a,CONFIRMED_APPLIED,APPLIED,1,1,1,21780.167431,143735.0,0,0,,
b1_lease_only-after_barrier_before_dispatch-payments-a73d77a9-r1,crashed,B1_LEASE_ONLY,after_barrier_before_dispatch,payments,AUTHORITATIVE_READBACK,CALLER_REFERENCE,7429ec81-591c-42fc-9273-ad723b8b3526,CONFIRMED_APPLIED,APPLIED,1,1,1,21098.413923,115457.0,0,0,,
b1_lease_only-after_barrier_before_dispatch-payments-a73d77a9-r1,crashed,B1_LEASE_ONLY,after_barrier_before_dispatch,payments,AUTHORITATIVE_READBACK,CALLER_REFERENCE,dc9ffbde-74d4-4d4c-bb83-90bbae4723db,CONFIRMED_APPLIED,APPLIED,1,1,1,21426.039493,86831.0,0,0,,
b1_lease_only-after_barrier_before_dispatch-payments-a73d77a9-r1,crashed,B1_LEASE_ONLY,after_barrier_before_dispatch,payments,AUTHORITATIVE_READBACK,CALLER_REFERENCE,809900e6-dba6-4949-ad3c-5006aea6d993,CONFIRMED_APPLIED,APPLIED,1,1,1,19219.604847,58629.0,0,0,,
b1_lease_only-after_barrier_before_dispatch-payments-a73d77a9-r1,crashed,B1_LEASE_ONLY,after_barrier_before_dispatch,payments,AUTHORITATIVE_READBACK,CALLER_REFERENCE,21d696b3-8a8b-41df-bb6f-cc819aa33a32,CONFIRMED_APPLIED,APPLIED,1,1,2,18534.088929,30284.0,0,0,,
b1_lease_only-after_barrier_before_dispatch-payments-a73d77a9-r1,crashed,B1_LEASE_ONLY,after_barrier_before_dispatch,payments,AUTHORITATIVE_READBACK,CALLER_REFERENCE,e3be2341-3cf6-43ca-8ecf-f1e8f168a561,CONFIRMED_APPLIED,APPLIED,1,1,1,21736.745595,143740.0,0,0,,
b1_lease_only-after_barrier_before_dispatch-payments-a73d77a9-r1,crashed,B1_LEASE_ONLY,after_barrier_before_dispatch,payments,AUTHORITATIVE_READBACK,CALLER_REFERENCE,b55afb1c-a42a-4e0e-a14f-dff2655eeb8c,CONFIRMED_APPLIED,APPLIED,1,1,1,21135.03616,115515.0,0,0,,
b1_lease_only-after_barrier_before_dispatch-payments-a73d77a9-r1,crashed,B1_LEASE_ONLY,after_barrier_before_dispatch,payments,AUTHORITATIVE_READBACK,CALLER_REFERENCE,d69a28d7-cb99-439e-b134-cea61d533579,CONFIRMED_APPLIED,APPLIED,1,1,1,21382.264313,86882.0,0,0,,
b1_lease_only-after_barrier_before_dispatch-payments-a73d77a9-r1,crashed,B1_LEASE_ONLY,after_barrier_before_dispatch,payments,AUTHORITATIVE_READBACK,CALLER_REFERENCE,a2398c8a-0273-47a3-b608-f08ea434f1d6,CONFIRMED_APPLIED,APPLIED,1,1,1,19147.99418,58685.0,0,0,,
b1_lease_only-after_barrier_before_dispatch-payments-a73d77a9-r1,crashed,B1_LEASE_ONLY,after_barrier_before_dispatch,payments,AUTHORITATIVE_READBACK,CALLER_REFERENCE,44083135-a058-4577-9cee-96fc7c3e54e0,CONFIRMED_APPLIED,APPLIED,1,1,1,16512.772583,30237.0,0,0,,
b1_lease_only-after_barrier_before_dispatch-payments-a73d77a9-r2,crashed,B1_LEASE_ONLY,after_barrier_before_dispatch,payments,AUTHORITATIVE_READBACK,CALLER_REFERENCE,0cecb30d-e2ce-49e5-83ae-99d087490e72,CONFIRMED_APPLIED,APPLIED,2,1,2,24167.326256,155698.0,1,0,,
b1_lease_only-after_barrier_before_dispatch-payments-a73d77a9-r2,crashed,B1_LEASE_ONLY,after_barrier_before_dispatch,payments,AUTHORITATIVE_READBACK,CALLER_REFERENCE,6bf82685-909a-4830-9741-dc853f66ebcb,CONFIRMED_APPLIED,APPLIED,1,1,1,20902.085894,122138.0,0,0,,
b1_lease_only-after_barrier_before_dispatch-payments-a73d77a9-r2,crashed,B1_LEASE_ONLY,after_barrier_before_dispatch,payments,AUTHORITATIVE_READBACK,CALLER_REFERENCE,0098d728-e5d2-4a3e-aebd-2f101252b5ce,CONFIRMED_APPLIED,APPLIED,1,1,1,17523.505032,92529.0,0,0,,
b1_lease_only-after_barrier_before_dispatch-payments-a73d77a9-r2,crashed,B1_LEASE_ONLY,after_barrier_before_dispatch,payments,AUTHORITATIVE_READBACK,CALLER_REFERENCE,bcd10489-1544-4f9a-b5bd-4b1bb04a316c,CONFIRMED_APPLIED,APPLIED,1,1,1,21527.725106,62721.0,0,0,,
b1_lease_only-after_barrier_before_dispatch-payments-a73d77a9-r2,crashed,B1_LEASE_ONLY,after_barrier_before_dispatch,payments,AUTHORITATIVE_READBACK,CALLER_REFERENCE,e3605143-ccd5-433a-908c-1f4c8bd496cf,CONFIRMED_APPLIED,APPLIED,2,1,2,25378.250062,33855.0,1,0,,
b1_lease_only-after_barrier_before_dispatch-payments-a73d77a9-r2,crashed,B1_LEASE_ONLY,after_barrier_before_dispatch,payments,AUTHORITATIVE_READBACK,CALLER_REFERENCE,05e8beb9-ee7f-46fd-83c4-2827affff5d2,CONFIRMED_APPLIED,APPLIED,1,1,1,19191.318315,155821.0,0,0,,
b1_lease_only-after_barrier_before_dispatch-payments-a73d77a9-r2,crashed,B1_LEASE_ONLY,after_barrier_before_dispatch,payments,AUTHORITATIVE_READBACK,CALLER_REFERENCE,5b9865e6-992e-439a-9298-1171175a0668,CONFIRMED_APPLIED,APPLIED,1,1,1,18187.32011,127121.0,0,0,,
b1_lease_only-after_barrier_before_dispatch-payments-a73d77a9-r2,crashed,B1_LEASE_ONLY,after_barrier_before_dispatch,payments,AUTHORITATIVE_READBACK,CALLER_REFERENCE,3f06dd7a-3f7c-4ac6-8693-d97b6322f466,CONFIRMED_APPLIED,APPLIED,1,1,1,14398.387549,95606.0,0,0,,
b1_lease_only-after_barrier_before_dispatch-payments-a73d77a9-r2,crashed,B1_LEASE_ONLY,after_barrier_before_dispatch,payments,AUTHORITATIVE_READBACK,CALLER_REFERENCE,7b2169f7-4728-4635-a84f-a9d54b1a244d,CONFIRMED_APPLIED,APPLIED,1,1,1,18901.268879,66994.0,0,0,,
b1_lease_only-after_barrier_before_dispatch-payments-a73d77a9-r2,crashed,B1_LEASE_ONLY,after_barrier_before_dispatch,payments,AUTHORITATIVE_READBACK,CALLER_REFERENCE,c08731bc-0bef-40c6-81d1-0b1fbb3aa28c,CONFIRMED_APPLIED,APPLIED,1,1,1,19278.727179,38846.0,0,0,,
b2_cas_only-after_barrier_before_dispatch-ledger_postings-4e6c93b2-r0,crashed,B2_CAS_ONLY,after_barrier_before_dispatch,ledger_postings,NO_READBACK,CALLER_REFERENCE,b4caa410-d2e3-4506-b75e-e18f47e447a2,CONFIRMED_APPLIED,APPLIED,1,1,1,24574.950033,144426.0,0,0,,
b2_cas_only-after_barrier_before_dispatch-ledger_postings-4e6c93b2-r0,crashed,B2_CAS_ONLY,after_barrier_before_dispatch,ledger_postings,NO_READBACK,CALLER_REFERENCE,e1d1b8cc-d376-4002-9f28-b4e02b66ffc7,CONFIRMED_APPLIED,APPLIED,2,1,2,29230.510475,116743.0,1,0,,
b2_cas_only-after_barrier_before_dispatch-ledger_postings-4e6c93b2-r0,crashed,B2_CAS_ONLY,after_barrier_before_dispatch,ledger_postings,NO_READBACK,CALLER_REFERENCE,268a5328-03bd-4e5c-b8a4-4ef88becbda2,CONFIRMED_APPLIED,APPLIED,1,1,1,24194.798808,84258.0,0,0,,
b2_cas_only-after_barrier_before_dispatch-ledger_postings-4e6c93b2-r0,crashed,B2_CAS_ONLY,after_barrier_before_dispatch,ledger_postings,NO_READBACK,CALLER_REFERENCE,86ed18cf-a60e-472e-b757-980e626d8245,CONFIRMED_APPLIED,APPLIED,1,1,1,24969.968418,56565.0,0,0,,
b2_cas_only-after_barrier_before_dispatch-ledger_postings-4e6c93b2-r0,crashed,B2_CAS_ONLY,after_barrier_before_dispatch,ledger_postings,NO_READBACK,CALLER_REFERENCE,bac5b714-57b3-4651-a1c2-06fcd16e7673,CONFIRMED_APPLIED,APPLIED,1,1,1,23578.615835,28265.0,0,0,,
b2_cas_only-after_barrier_before_dispatch-ledger_postings-4e6c93b2-r0,crashed,B2_CAS_ONLY,after_barrier_before_dispatch,ledger_postings,NO_READBACK,CALLER_REFERENCE,dfdcfef4-52c1-4293-bcab-98bdbe28b032,CONFIRMED_APPLIED,APPLIED,1,1,1,24562.250865,144434.0,0,0,,
b2_cas_only-after_barrier_before_dispatch-ledger_postings-4e6c93b2-r0,crashed,B2_CAS_ONLY,after_barrier_before_dispatch,ledger_postings,NO_READBACK,CALLER_REFERENCE,99af283d-1df7-4081-b2a4-74780a9427b9,CONFIRMED_APPLIED,APPLIED,1,1,1,24243.572112,116764.0,0,0,,
b2_cas_only-after_barrier_before_dispatch-ledger_postings-4e6c93b2-r0,crashed,B2_CAS_ONLY,after_barrier_before_dispatch,ledger_postings,NO_READBACK,CALLER_REFERENCE,8aa866f7-f41a-4c40-9bf4-d2d6e3a37e1c,CONFIRMED_APPLIED,APPLIED,1,1,1,23803.425423,89226.0,0,0,,
b2_cas_only-after_barrier_before_dispatch-ledger_postings-4e6c93b2-r0,crashed,B2_CAS_ONLY,after_barrier_before_dispatch,ledger_postings,NO_READBACK,CALLER_REFERENCE,9e5ba718-b510-4be2-a0db-c1d92d5003d9,CONFIRMED_APPLIED,APPLIED,2,1,2,30128.923813,61692.0,1,0,,
b2_cas_only-after_barrier_before_dispatch-ledger_postings-4e6c93b2-r0,crashed,B2_CAS_ONLY,after_barrier_before_dispatch,ledger_postings,NO_READBACK,CALLER_REFERENCE,c4042a5d-0784-4dc4-8687-2493cf051541,CONFIRMED_APPLIED,APPLIED,1,1,1,23497.435405,28042.0,0,0,,
b2_cas_only-after_barrier_before_dispatch-ledger_postings-4e6c93b2-r1,crashed,B2_CAS_ONLY,after_barrier_before_dispatch,ledger_postings,NO_READBACK,CALLER_REFERENCE,dee9bc87-6745-417d-9268-d99fea96c12b,CONFIRMED_APPLIED,APPLIED,1,1,1,11160.434061,238453.0,0,0,,
b2_cas_only-after_barrier_before_dispatch-ledger_postings-4e6c93b2-r1,crashed,B2_CAS_ONLY,after_barrier_before_dispatch,ledger_postings,NO_READBACK,CALLER_REFERENCE,5aa563f7-9d0a-40a2-bdd0-a837f40adb4d,CONFIRMED_APPLIED,APPLIED,1,1,2,12088.651325,161326.0,0,0,,
b2_cas_only-after_barrier_before_dispatch-ledger_postings-4e6c93b2-r1,crashed,B2_CAS_ONLY,after_barrier_before_dispatch,ledger_postings,NO_READBACK,CALLER_REFERENCE,ebf10df9-5510-4083-b782-95ad563c37c8,CONFIRMED_APPLIED,APPLIED,1,1,1,3247.340174,94649.0,0,0,,
b2_cas_only-after_barrier_before_dispatch-ledger_postings-4e6c93b2-r1,crashed,B2_CAS_ONLY,after_barrier_before_dispatch,ledger_postings,NO_READBACK,CALLER_REFERENCE,2e441789-d34b-4cc9-93a3-ee1ae73c6839,CONFIRMED_APPLIED,APPLIED,1,1,1,18525.904793,58864.0,0,0,,
b2_cas_only-after_barrier_before_dispatch-ledger_postings-4e6c93b2-r1,crashed,B2_CAS_ONLY,after_barrier_before_dispatch,ledger_postings,NO_READBACK,CALLER_REFERENCE,0a9b7ea2-fbc2-4d72-836b-26850dcb8901,CONFIRMED_APPLIED,APPLIED,1,1,1,21332.389395,30763.0,0,0,,
b2_cas_only-after_barrier_before_dispatch-ledger_postings-4e6c93b2-r1,crashed,B2_CAS_ONLY,after_barrier_before_dispatch,ledger_postings,NO_READBACK,CALLER_REFERENCE,d69b8bd0-ab31-46f8-ba28-71844173f685,CONFIRMED_APPLIED,APPLIED,1,1,1,11018.035795,238448.0,0,0,,
b2_cas_only-after_barrier_before_dispatch-ledger_postings-4e6c93b2-r1,crashed,B2_CAS_ONLY,after_barrier_before_dispatch,ledger_postings,NO_READBACK,CALLER_REFERENCE,1d5c0bcd-af97-41ee-a1fe-32dc0e4d9e93,CONFIRMED_APPLIED,APPLIED,2,1,2,15123.526045,161465.0,1,0,,
b2_cas_only-after_barrier_before_dispatch-ledger_postings-4e6c93b2-r1,crashed,B2_CAS_ONLY,after_barrier_before_dispatch,ledger_postings,NO_READBACK,CALLER_REFERENCE,ab8d8622-7895-474e-8a8f-8868e7ce50a0,CONFIRMED_APPLIED,APPLIED,1,1,1,3197.904914,91606.0,0,0,,
b2_cas_only-after_barrier_before_dispatch-ledger_postings-4e6c93b2-r1,crashed,B2_CAS_ONLY,after_barrier_before_dispatch,ledger_postings,NO_READBACK,CALLER_REFERENCE,d9159621-48e6-4d2e-9727-6a6c359ef8d6,CONFIRMED_APPLIED,APPLIED,1,1,1,18562.86282,58422.0,0,0,,
b2_cas_only-after_barrier_before_dispatch-ledger_postings-4e6c93b2-r1,crashed,B2_CAS_ONLY,after_barrier_before_dispatch,ledger_postings,NO_READBACK,CALLER_REFERENCE,a2a57f9a-9b4d-4bc8-93a1-f874f5aace12,CONFIRMED_APPLIED,APPLIED,1,1,2,23354.783365,30345.0,0,0,,
b2_cas_only-after_barrier_before_dispatch-ledger_postings-4e6c93b2-r2,crashed,B2_CAS_ONLY,after_barrier_before_dispatch,ledger_postings,NO_READBACK,CALLER_REFERENCE,22ee9512-caa1-4d6b-8213-e2c5c81b193b,CONFIRMED_APPLIED,APPLIED,1,1,1,23890.856762,152713.0,0,0,,
b2_cas_only-after_barrier_before_dispatch-ledger_postings-4e6c93b2-r2,crashed,B2_CAS_ONLY,after_barrier_before_dispatch,ledger_postings,NO_READBACK,CALLER_REFERENCE,a84c2b8c-67f3-4b71-9875-6f1bc89a2d54,CONFIRMED_APPLIED,APPLIED,2,1,2,28477.505391,125155.0,1,0,,
b2_cas_only-after_barrier_before_dispatch-ledger_postings-4e6c93b2-r2,crashed,B2_CAS_ONLY,after_barrier_before_dispatch,ledger_postings,NO_READBACK,CALLER_REFERENCE,12c82ce7-d155-42a0-b6ac-fe7ce1b277a4,CONFIRMED_APPLIED,APPLIED,1,1,2,26162.176889,92423.0,0,0,,
b2_cas_only-after_barrier_before_dispatch-ledger_postings-4e6c93b2-r2,crashed,B2_CAS_ONLY,after_barrier_before_dispatch,ledger_postings,NO_READBACK,CALLER_REFERENCE,075ad41a-4077-4b2d-b9eb-9afebcd939a9,CONFIRMED_APPLIED,APPLIED,2,1,2,27976.404039,62720.0,1,0,,
b2_cas_only-after_barrier_before_dispatch-ledger_postings-4e6c93b2-r2,crashed,B2_CAS_ONLY,after_barrier_before_dispatch,ledger_postings,NO_READBACK,CALLER_REFERENCE,686211ea-af21-4d8f-9d09-28c143ca30bb,CONFIRMED_APPLIED,APPLIED,1,1,2,25442.312245,29967.0,0,0,,
b2_cas_only-after_barrier_before_dispatch-ledger_postings-4e6c93b2-r2,crashed,B2_CAS_ONLY,after_barrier_before_dispatch,ledger_postings,NO_READBACK,CALLER_REFERENCE,4b8fed9e-0feb-485a-b968-076079071737,CONFIRMED_APPLIED,APPLIED,2,1,2,28880.292384,152717.0,1,0,,
b2_cas_only-after_barrier_before_dispatch-ledger_postings-4e6c93b2-r2,crashed,B2_CAS_ONLY,after_barrier_before_dispatch,ledger_postings,NO_READBACK,CALLER_REFERENCE,e7f1bfb1-272a-4dfd-bbaa-e7058176a86f,CONFIRMED_APPLIED,APPLIED,1,1,1,23220.381307,120170.0,0,0,,
b2_cas_only-after_barrier_before_dispatch-ledger_postings-4e6c93b2-r2,crashed,B2_CAS_ONLY,after_barrier_before_dispatch,ledger_postings,NO_READBACK,CALLER_REFERENCE,3c95f4a3-f107-41e8-a491-d800c0031b28,CONFIRMED_APPLIED,APPLIED,1,1,1,24161.43892,92452.0,0,0,,
b2_cas_only-after_barrier_before_dispatch-ledger_postings-4e6c93b2-r2,crashed,B2_CAS_ONLY,after_barrier_before_dispatch,ledger_postings,NO_READBACK,CALLER_REFERENCE,fa5ecd54-db17-4c16-bb4e-83b68be45908,CONFIRMED_APPLIED,APPLIED,1,1,1,23183.173083,64726.0,0,0,,
b2_cas_only-after_barrier_before_dispatch-ledger_postings-4e6c93b2-r2,crashed,B2_CAS_ONLY,after_barrier_before_dispatch,ledger_postings,NO_READBACK,CALLER_REFERENCE,b13e8372-13dc-43d0-887b-6913cfa7d82f,CONFIRMED_APPLIED,APPLIED,1,1,1,23186.580359,37028.0,0,0,,
b2_cas_only-after_barrier_before_dispatch-notifications-201c32b9-r0,crashed,B2_CAS_ONLY,after_barrier_before_dispatch,notifications,POSITIVE_ONLY_READBACK,CALLER_REFERENCE,c4e56dde-827b-4339-aa49-cf63c716e2c1,CONFIRMED_APPLIED,APPLIED,1,1,1,24020.190571,138777.0,0,0,,
b2_cas_only-after_barrier_before_dispatch-notifications-201c32b9-r0,crashed,B2_CAS_ONLY,after_barrier_before_dispatch,notifications,POSITIVE_ONLY_READBACK,CALLER_REFERENCE,8c97c90a-0474-479b-93fe-bd4e35bcd503,CONFIRMED_APPLIED,APPLIED,1,1,1,22245.155646,110989.0,0,0,,
b2_cas_only-after_barrier_before_dispatch-notifications-201c32b9-r0,crashed,B2_CAS_ONLY,after_barrier_before_dispatch,notifications,POSITIVE_ONLY_READBACK,CALLER_REFERENCE,599c859f-6ba7-4ec9-b303-32f5d1de1455,CONFIRMED_APPLIED,APPLIED,1,1,1,23917.859306,83201.0,0,0,,
b2_cas_only-after_barrier_before_dispatch-notifications-201c32b9-r0,crashed,B2_CAS_ONLY,after_barrier_before_dispatch,notifications,POSITIVE_ONLY_READBACK,CALLER_REFERENCE,26a6aea7-755f-45fb-9297-2673e62b9c90,CONFIRMED_APPLIED,APPLIED,1,1,1,23529.01605,55493.0,0,0,,
b2_cas_only-after_barrier_before_dispatch-notifications-201c32b9-r0,crashed,B2_CAS_ONLY,after_barrier_before_dispatch,notifications,POSITIVE_ONLY_READBACK,CALLER_REFERENCE,0ceeff7a-8fe2-41ad-ac33-597f8a149088,CONFIRMED_APPLIED,APPLIED,1,1,1,23130.136677,27940.0,0,0,,
b2_cas_only-after_barrier_before_dispatch-notifications-201c32b9-r0,crashed,B2_CAS_ONLY,after_barrier_before_dispatch,notifications,POSITIVE_ONLY_READBACK,CALLER_REFERENCE,b8b639cc-d3a6-4795-b237-a03052daaf3d,CONFIRMED_APPLIED,APPLIED,1,1,1,24059.252464,138784.0,0,0,,
b2_cas_only-after_barrier_before_dispatch-notifications-201c32b9-r0,crashed,B2_CAS_ONLY,after_barrier_before_dispatch,notifications,POSITIVE_ONLY_READBACK,CALLER_REFERENCE,1a1acd3a-9a21-4f14-b5c7-ea933952c27e,CONFIRMED_APPLIED,APPLIED,1,1,1,22264.264436,110956.0,0,0,,
b2_cas_only-after_barrier_before_dispatch-notifications-201c32b9-r0,crashed,B2_CAS_ONLY,after_barrier_before_dispatch,notifications,POSITIVE_ONLY_READBACK,CALLER_REFERENCE,feadd77e-89cd-464d-b9dd-1a612575aee3,CONFIRMED_APPLIED,APPLIED,1,1,1,23897.483053,83188.0,0,0,,
b2_cas_only-after_barrier_before_dispatch-notifications-201c32b9-r0,crashed,B2_CAS_ONLY,after_barrier_before_dispatch,notifications,POSITIVE_ONLY_READBACK,CALLER_REFERENCE,07628960-1a06-47b3-98ab-9558420a68cb,CONFIRMED_APPLIED,APPLIED,1,1,1,23546.04802,55520.0,0,0,,
b2_cas_only-after_barrier_before_dispatch-notifications-201c32b9-r0,crashed,B2_CAS_ONLY,after_barrier_before_dispatch,notifications,POSITIVE_ONLY_READBACK,CALLER_REFERENCE,efde77ef-0184-4a65-8a1c-ac6cd85c114c,CONFIRMED_APPLIED,APPLIED,1,1,1,23104.411502,27929.0,0,0,,
b2_cas_only-after_barrier_before_dispatch-notifications-201c32b9-r1,crashed,B2_CAS_ONLY,after_barrier_before_dispatch,notifications,POSITIVE_ONLY_READBACK,CALLER_REFERENCE,4aea1c42-1df3-4224-a250-a634593f3bd7,CONFIRMED_APPLIED,APPLIED,1,1,1,22939.272617,151540.0,0,0,,
b2_cas_only-after_barrier_before_dispatch-notifications-201c32b9-r1,crashed,B2_CAS_ONLY,after_barrier_before_dispatch,notifications,POSITIVE_ONLY_READBACK,CALLER_REFERENCE,9d6ab337-c46d-4d87-b3db-3258e281bbcf,CONFIRMED_APPLIED,APPLIED,1,1,1,23536.015917,123721.0,0,0,,
b2_cas_only-after_barrier_before_dispatch-notifications-201c32b9-r1,crashed,B2_CAS_ONLY,after_barrier_before_dispatch,notifications,POSITIVE_ONLY_READBACK,CALLER_REFERENCE,2eeae9ec-661d-4dee-9cd0-58ce146c1cb7,CONFIRMED_APPLIED,APPLIED,1,1,1,23819.973271,96107.0,0,0,,
b2_cas_only-after_barrier_before_dispatch-notifications-201c32b9-r1,crashed,B2_CAS_ONLY,after_barrier_before_dispatch,notifications,POSITIVE_ONLY_READBACK,CALLER_REFERENCE,4471f202-4279-448d-b835-398217caf7a3,CONFIRMED_APPLIED,APPLIED,1,1,1,20291.414844,68215.0,0,0,,
b2_cas_only-after_barrier_before_dispatch-notifications-201c32b9-r1,crashed,B2_CAS_ONLY,after_barrier_before_dispatch,notifications,POSITIVE_ONLY_READBACK,CALLER_REFERENCE,b867c28b-f140-4b63-8c27-40f82068fb1a,CONFIRMED_APPLIED,APPLIED,1,1,1,21336.743251,40538.0,0,0,,
b2_cas_only-after_barrier_before_dispatch-notifications-201c32b9-r1,crashed,B2_CAS_ONLY,after_barrier_before_dispatch,notifications,POSITIVE_ONLY_READBACK,CALLER_REFERENCE,012a649c-1df6-449a-bc23-b8b684fae0e6,CONFIRMED_APPLIED,APPLIED,1,1,1,22959.418031,151547.0,0,0,,
b2_cas_only-after_barrier_before_dispatch-notifications-201c32b9-r1,crashed,B2_CAS_ONLY,after_barrier_before_dispatch,notifications,POSITIVE_ONLY_READBACK,CALLER_REFERENCE,ce5ccad3-851a-4a8b-b4cd-9b78efd42de6,CONFIRMED_APPLIED,APPLIED,1,1,1,23543.606077,123712.0,0,0,,
b2_cas_only-after_barrier_before_dispatch-notifications-201c32b9-r1,crashed,B2_CAS_ONLY,after_barrier_before_dispatch,notifications,POSITIVE_ONLY_READBACK,CALLER_REFERENCE,4286a13d-88f6-4092-80ab-2dc488c1ec05,CONFIRMED_APPLIED,APPLIED,2,1,2,28813.883236,96107.0,1,0,,
b2_cas_only-after_barrier_before_dispatch-notifications-201c32b9-r1,crashed,B2_CAS_ONLY,after_barrier_before_dispatch,notifications,POSITIVE_ONLY_READBACK,CALLER_REFERENCE,b5d1c3ab-c557-4b8f-a61e-effd523b824d,CONFIRMED_APPLIED,APPLIED,1,1,1,20963.797033,63252.0,0,0,,
b2_cas_only-after_barrier_before_dispatch-notifications-201c32b9-r1,crashed,B2_CAS_ONLY,after_barrier_before_dispatch,notifications,POSITIVE_ONLY_READBACK,CALLER_REFERENCE,b135044a-3c51-4200-9a40-9dc8857f1ba1,CONFIRMED_APPLIED,APPLIED,2,1,3,28775.010172,35130.0,1,0,,
b2_cas_only-after_barrier_before_dispatch-notifications-201c32b9-r2,crashed,B2_CAS_ONLY,after_barrier_before_dispatch,notifications,POSITIVE_ONLY_READBACK,CALLER_REFERENCE,d0cc8e9c-c894-41b4-b024-eb24b6216d1e,CONFIRMED_APPLIED,APPLIED,1,1,1,17956.620829,147669.0,0,0,,
b2_cas_only-after_barrier_before_dispatch-notifications-201c32b9-r2,crashed,B2_CAS_ONLY,after_barrier_before_dispatch,notifications,POSITIVE_ONLY_READBACK,CALLER_REFERENCE,0d330974-b084-482d-957e-7396085666cf,CONFIRMED_APPLIED,APPLIED,1,1,1,23215.591458,119668.0,0,0,,
b2_cas_only-after_barrier_before_dispatch-notifications-201c32b9-r2,crashed,B2_CAS_ONLY,after_barrier_before_dispatch,notifications,POSITIVE_ONLY_READBACK,CALLER_REFERENCE,351db773-b0af-459a-bf3f-c0bdce663543,CONFIRMED_APPLIED,APPLIED,1,1,1,20560.995382,91902.0,0,0,,
b2_cas_only-after_barrier_before_dispatch-notifications-201c32b9-r2,crashed,B2_CAS_ONLY,after_barrier_before_dispatch,notifications,POSITIVE_ONLY_READBACK,CALLER_REFERENCE,05ac9c6f-9736-45e3-8758-577edf4d34b0,CONFIRMED_APPLIED,APPLIED,1,1,1,18067.104188,64239.0,0,0,,
b2_cas_only-after_barrier_before_dispatch-notifications-201c32b9-r2,crashed,B2_CAS_ONLY,after_barrier_before_dispatch,notifications,POSITIVE_ONLY_READBACK,CALLER_REFERENCE,9d4b9457-030c-4e86-ad4b-31e08b1e4330,CONFIRMED_APPLIED,APPLIED,1,1,1,21689.389343,36343.0,0,0,,
b2_cas_only-after_barrier_before_dispatch-notifications-201c32b9-r2,crashed,B2_CAS_ONLY,after_barrier_before_dispatch,notifications,POSITIVE_ONLY_READBACK,CALLER_REFERENCE,79f5e88b-9114-4e92-8010-4b24519600b5,CONFIRMED_APPLIED,APPLIED,1,1,1,17981.239185,147712.0,0,0,,
b2_cas_only-after_barrier_before_dispatch-notifications-201c32b9-r2,crashed,B2_CAS_ONLY,after_barrier_before_dispatch,notifications,POSITIVE_ONLY_READBACK,CALLER_REFERENCE,06d4df65-c662-4a52-a3fa-363066464b13,CONFIRMED_APPLIED,APPLIED,2,1,2,28235.931361,119651.0,1,0,,
b2_cas_only-after_barrier_before_dispatch-notifications-201c32b9-r2,crashed,B2_CAS_ONLY,after_barrier_before_dispatch,notifications,POSITIVE_ONLY_READBACK,CALLER_REFERENCE,cb2aa790-3ed2-4823-9524-e470e05210f2,CONFIRMED_APPLIED,APPLIED,1,1,2,23406.95887,86884.0,0,0,,
b2_cas_only-after_barrier_before_dispatch-notifications-201c32b9-r2,crashed,B2_CAS_ONLY,after_barrier_before_dispatch,notifications,POSITIVE_ONLY_READBACK,CALLER_REFERENCE,cd92880e-62c9-4a81-ba03-d6295300e116,CONFIRMED_APPLIED,APPLIED,1,1,1,20598.087071,56330.0,0,0,,
b2_cas_only-after_barrier_before_dispatch-notifications-201c32b9-r2,crashed,B2_CAS_ONLY,after_barrier_before_dispatch,notifications,POSITIVE_ONLY_READBACK,CALLER_REFERENCE,6135af99-c6e2-4ebd-92e1-63db4bbcee5a,CONFIRMED_APPLIED,APPLIED,1,1,1,20849.227859,28149.0,0,0,,
b2_cas_only-after_barrier_before_dispatch-payments-0e996445-r0,crashed,B2_CAS_ONLY,after_barrier_before_dispatch,payments,AUTHORITATIVE_READBACK,CALLER_REFERENCE,31476f80-d023-48a8-a95b-c254f8ddc24e,CONFIRMED_APPLIED,APPLIED,1,1,1,22645.344443,152726.0,0,0,,
b2_cas_only-after_barrier_before_dispatch-payments-0e996445-r0,crashed,B2_CAS_ONLY,after_barrier_before_dispatch,payments,AUTHORITATIVE_READBACK,CALLER_REFERENCE,b88280fd-19db-47ed-89e1-8c004757db11,CONFIRMED_APPLIED,APPLIED,1,1,1,22128.494425,124708.0,0,0,,
b2_cas_only-after_barrier_before_dispatch-payments-0e996445-r0,crashed,B2_CAS_ONLY,after_barrier_before_dispatch,payments,AUTHORITATIVE_READBACK,CALLER_REFERENCE,87ad50a0-8be7-40d7-a845-335f6a536f87,CONFIRMED_APPLIED,APPLIED,1,1,1,20170.631277,96813.0,0,0,,
b2_cas_only-after_barrier_before_dispatch-payments-0e996445-r0,crashed,B2_CAS_ONLY,after_barrier_before_dispatch,payments,AUTHORITATIVE_READBACK,CALLER_REFERENCE,4cda4958-594a-4a0e-bb18-c4d78508ea90,CONFIRMED_APPLIED,APPLIED,1,1,1,21284.64229,68811.0,0,0,,
b2_cas_only-after_barrier_before_dispatch-payments-0e996445-r0,crashed,B2_CAS_ONLY,after_barrier_before_dispatch,payments,AUTHORITATIVE_READBACK,CALLER_REFERENCE,8bace6c8-f8d5-42bf-877d-161edb0ca5c7,CONFIRMED_APPLIED,APPLIED,1,1,1,22315.979167,41071.0,0,0,,
b2_cas_only-after_barrier_before_dispatch-payments-0e996445-r0,crashed,B2_CAS_ONLY,after_barrier_before_dispatch,payments,AUTHORITATIVE_READBACK,CALLER_REFERENCE,e4e1ca2f-d704-475c-84db-5353e42a6f5a,CONFIRMED_APPLIED,APPLIED,1,1,1,22791.600668,152691.0,0,0,,
b2_cas_only-after_barrier_before_dispatch-payments-0e996445-r0,crashed,B2_CAS_ONLY,after_barrier_before_dispatch,payments,AUTHORITATIVE_READBACK,CALLER_REFERENCE,e8c7e51c-3aff-4f47-94b9-468cf94972de,CONFIRMED_APPLIED,APPLIED,1,1,2,24143.507084,124583.0,0,0,,
b2_cas_only-after_barrier_before_dispatch-payments-0e996445-r0,crashed,B2_CAS_ONLY,after_barrier_before_dispatch,payments,AUTHORITATIVE_READBACK,CALLER_REFERENCE,bca6d105-e10c-427a-9400-cca60b6adb8b,CONFIRMED_APPLIED,APPLIED,2,1,2,25822.673385,94816.0,1,0,,
b2_cas_only-after_barrier_before_dispatch-payments-0e996445-r0,crashed,B2_CAS_ONLY,after_barrier_before_dispatch,payments,AUTHORITATIVE_READBACK,CALLER_REFERENCE,456a03eb-5c13-4199-afb2-b1e9b5130f23,CONFIRMED_APPLIED,APPLIED,2,1,2,27258.303554,61574.0,1,0,,
b2_cas_only-after_barrier_before_dispatch-payments-0e996445-r0,crashed,B2_CAS_ONLY,after_barrier_before_dispatch,payments,AUTHORITATIVE_READBACK,CALLER_REFERENCE,28a83d42-2a20-40f1-a24b-7f88caac47ea,CONFIRMED_APPLIED,APPLIED,1,1,1,22194.938859,28507.0,0,0,,
b2_cas_only-after_barrier_before_dispatch-payments-0e996445-r1,crashed,B2_CAS_ONLY,after_barrier_before_dispatch,payments,AUTHORITATIVE_READBACK,CALLER_REFERENCE,c790a257-adf6-48d3-815b-6f72506f863e,CONFIRMED_APPLIED,APPLIED,1,1,1,21617.909535,141029.0,0,0,,
b2_cas_only-after_barrier_before_dispatch-payments-0e996445-r1,crashed,B2_CAS_ONLY,after_barrier_before_dispatch,payments,AUTHORITATIVE_READBACK,CALLER_REFERENCE,9b978e8c-a4a8-4669-8230-e4eff89c399d,CONFIRMED_APPLIED,APPLIED,1,1,1,21486.589201,112895.0,0,0,,
b2_cas_only-after_barrier_before_dispatch-payments-0e996445-r1,crashed,B2_CAS_ONLY,after_barrier_before_dispatch,payments,AUTHORITATIVE_READBACK,CALLER_REFERENCE,f27c8520-1c28-492c-ab09-c6c65d5728a2,CONFIRMED_APPLIED,APPLIED,1,1,1,21269.934629,84974.0,0,0,,
b2_cas_only-after_barrier_before_dispatch-payments-0e996445-r1,crashed,B2_CAS_ONLY,after_barrier_before_dispatch,payments,AUTHORITATIVE_READBACK,CALLER_REFERENCE,016b0d18-ce2a-46ea-b70f-b1c435fda084,CONFIRMED_APPLIED,APPLIED,1,1,1,21300.138325,56274.0,0,0,,
b2_cas_only-after_barrier_before_dispatch-payments-0e996445-r1,crashed,B2_CAS_ONLY,after_barrier_before_dispatch,payments,AUTHORITATIVE_READBACK,CALLER_REFERENCE,808b7d7b-f81b-45fc-91f5-024a9393805a,CONFIRMED_APPLIED,APPLIED,1,1,1,20822.639473,28221.0,0,0,,
b2_cas_only-after_barrier_before_dispatch-payments-0e996445-r1,crashed,B2_CAS_ONLY,after_barrier_before_dispatch,payments,AUTHORITATIVE_READBACK,CALLER_REFERENCE,9d2fd511-b64e-4271-b690-d96a3f02e6d2,CONFIRMED_APPLIED,APPLIED,1,1,1,21636.623462,141038.0,0,0,,
b2_cas_only-after_barrier_before_dispatch-payments-0e996445-r1,crashed,B2_CAS_ONLY,after_barrier_before_dispatch,payments,AUTHORITATIVE_READBACK,CALLER_REFERENCE,cf49387a-6616-4c6f-9da0-6422138af3ca,CONFIRMED_APPLIED,APPLIED,1,1,1,21512.939505,112884.0,0,0,,
b2_cas_only-after_barrier_before_dispatch-payments-0e996445-r1,crashed,B2_CAS_ONLY,after_barrier_before_dispatch,payments,AUTHORITATIVE_READBACK,CALLER_REFERENCE,c0c90585-9b6a-41c4-b170-541114a33d28,CONFIRMED_APPLIED,APPLIED,1,1,1,21249.337526,84958.0,0,0,,
b2_cas_only-after_barrier_before_dispatch-payments-0e996445-r1,crashed,B2_CAS_ONLY,after_barrier_before_dispatch,payments,AUTHORITATIVE_READBACK,CALLER_REFERENCE,fbd05ba9-3373-4fc4-912f-0bee7d8818d8,CONFIRMED_APPLIED,APPLIED,1,1,1,21282.565159,56305.0,0,0,,
b2_cas_only-after_barrier_before_dispatch-payments-0e996445-r1,crashed,B2_CAS_ONLY,after_barrier_before_dispatch,payments,AUTHORITATIVE_READBACK,CALLER_REFERENCE,d51de098-93cf-4e34-b016-71a35e832152,CONFIRMED_APPLIED,APPLIED,1,1,1,20808.642601,28254.0,0,0,,
b2_cas_only-after_barrier_before_dispatch-payments-0e996445-r2,crashed,B2_CAS_ONLY,after_barrier_before_dispatch,payments,AUTHORITATIVE_READBACK,CALLER_REFERENCE,1cdf8777-567f-4c91-9156-50f2b73a8b21,CONFIRMED_APPLIED,APPLIED,1,1,1,17406.489588,152315.0,0,0,,
b2_cas_only-after_barrier_before_dispatch-payments-0e996445-r2,crashed,B2_CAS_ONLY,after_barrier_before_dispatch,payments,AUTHORITATIVE_READBACK,CALLER_REFERENCE,4864607f-8bd8-4d4c-9a96-98b6878d412e,CONFIRMED_APPLIED,APPLIED,1,1,1,17642.651747,123669.0,0,0,,
b2_cas_only-after_barrier_before_dispatch-payments-0e996445-r2,crashed,B2_CAS_ONLY,after_barrier_before_dispatch,payments,AUTHORITATIVE_READBACK,CALLER_REFERENCE,37f9157e-fffe-4320-a860-b4c463eab5d2,CONFIRMED_APPLIED,APPLIED,1,1,1,13765.83652,95472.0,0,0,,
b2_cas_only-after_barrier_before_dispatch-payments-0e996445-r2,crashed,B2_CAS_ONLY,after_barrier_before_dispatch,payments,AUTHORITATIVE_READBACK,CALLER_REFERENCE,62ad883b-fe66-4f98-acce-b3cd6bccbbd4,CONFIRMED_APPLIED,APPLIED,1,1,1,17328.462366,67521.0,0,0,,
b2_cas_only-after_barrier_before_dispatch-payments-0e996445-r2,crashed,B2_CAS_ONLY,after_barrier_before_dispatch,payments,AUTHORITATIVE_READBACK,CALLER_REFERENCE,fda69d01-643f-4701-9b7a-8281d0dcbe6d,CONFIRMED_APPLIED,APPLIED,1,1,1,11128.689341,38532.0,0,0,,
b2_cas_only-after_barrier_before_dispatch-payments-0e996445-r2,crashed,B2_CAS_ONLY,after_barrier_before_dispatch,payments,AUTHORITATIVE_READBACK,CALLER_REFERENCE,553811db-85ca-45ee-83f5-5b9168297e70,CONFIRMED_APPLIED,APPLIED,1,1,2,19703.184706,152328.0,0,0,,
b2_cas_only-after_barrier_before_dispatch-payments-0e996445-r2,crashed,B2_CAS_ONLY,after_barrier_before_dispatch,payments,AUTHORITATIVE_READBACK,CALLER_REFERENCE,9a33b01a-ee8b-41c4-a1a5-82106ba63115,CONFIRMED_APPLIED,APPLIED,1,1,1,19012.58623,121580.0,0,0,,
b2_cas_only-after_barrier_before_dispatch-payments-0e996445-r2,crashed,B2_CAS_ONLY,after_barrier_before_dispatch,payments,AUTHORITATIVE_READBACK,CALLER_REFERENCE,f2b5c8f2-2b47-4d90-b69e-f3dad8272b7a,CONFIRMED_APPLIED,APPLIED,2,1,2,19483.025908,92892.0,1,0,,
b2_cas_only-after_barrier_before_dispatch-payments-0e996445-r2,crashed,B2_CAS_ONLY,after_barrier_before_dispatch,payments,AUTHORITATIVE_READBACK,CALLER_REFERENCE,22ed94cf-b8cf-4680-8c51-14a0ed1c5a2d,CONFIRMED_APPLIED,APPLIED,1,1,1,10900.401445,59245.0,0,0,,
b2_cas_only-after_barrier_before_dispatch-payments-0e996445-r2,crashed,B2_CAS_ONLY,after_barrier_before_dispatch,payments,AUTHORITATIVE_READBACK,CALLER_REFERENCE,fb4a2e3a-5dec-4e6d-939a-50de88fa9807,CONFIRMED_APPLIED,APPLIED,1,1,1,14521.602887,29271.0,0,0,,
b4_durable_workflow-after_barrier_before_dispatch-ledger_postings-5a1a38f0-r0,crashed,B4_DURABLE_WORKFLOW,after_barrier_before_dispatch,ledger_postings,NO_READBACK,CALLER_REFERENCE,6141a658-b4c6-4a87-861d-acc33c1714d0,CONFIRMED_APPLIED,APPLIED,1,1,1,19927.795179,161210.0,0,0,,
b4_durable_workflow-after_barrier_before_dispatch-ledger_postings-5a1a38f0-r0,crashed,B4_DURABLE_WORKFLOW,after_barrier_before_dispatch,ledger_postings,NO_READBACK,CALLER_REFERENCE,ddc2e562-f6c4-47ef-a750-54232ed6e9b2,CONFIRMED_APPLIED,APPLIED,1,1,1,20541.110621,131275.0,0,0,,
b4_durable_workflow-after_barrier_before_dispatch-ledger_postings-5a1a38f0-r0,crashed,B4_DURABLE_WORKFLOW,after_barrier_before_dispatch,ledger_postings,NO_READBACK,CALLER_REFERENCE,03e2bca4-3f08-4daf-b874-cb93184a74bb,CONFIRMED_APPLIED,APPLIED,1,1,1,12976.280237,101212.0,0,0,,
b4_durable_workflow-after_barrier_before_dispatch-ledger_postings-5a1a38f0-r0,crashed,B4_DURABLE_WORKFLOW,after_barrier_before_dispatch,ledger_postings,NO_READBACK,CALLER_REFERENCE,e654662a-e833-434d-84de-4940c71740db,CONFIRMED_APPLIED,APPLIED,1,1,1,15543.299811,71261.0,0,0,,
b4_durable_workflow-after_barrier_before_dispatch-ledger_postings-5a1a38f0-r0,crashed,B4_DURABLE_WORKFLOW,after_barrier_before_dispatch,ledger_postings,NO_READBACK,CALLER_REFERENCE,c5d1a552-a9ea-4431-b424-55b315ecd5d3,CONFIRMED_APPLIED,APPLIED,1,1,1,22961.221697,41397.0,0,0,,
b4_durable_workflow-after_barrier_before_dispatch-ledger_postings-5a1a38f0-r0,crashed,B4_DURABLE_WORKFLOW,after_barrier_before_dispatch,ledger_postings,NO_READBACK,CALLER_REFERENCE,0381a7b7-297d-4330-8426-44475c8b2e98,CONFIRMED_APPLIED,APPLIED,1,1,1,18718.78941,161220.0,0,0,,
b4_durable_workflow-after_barrier_before_dispatch-ledger_postings-5a1a38f0-r0,crashed,B4_DURABLE_WORKFLOW,after_barrier_before_dispatch,ledger_postings,NO_READBACK,CALLER_REFERENCE,258b4741-bd61-4641-ae32-50a65362566c,CONFIRMED_APPLIED,APPLIED,2,1,2,25228.217005,132291.0,1,0,,
b4_durable_workflow-after_barrier_before_dispatch-ledger_postings-5a1a38f0-r0,crashed,B4_DURABLE_WORKFLOW,after_barrier_before_dispatch,ledger_postings,NO_READBACK,CALLER_REFERENCE,82994734-ed6f-4a17-b615-c3c2851e0c78,CONFIRMED_APPLIED,APPLIED,1,1,1,15246.666205,97451.0,0,0,,
b4_durable_workflow-after_barrier_before_dispatch-ledger_postings-5a1a38f0-r0,crashed,B4_DURABLE_WORKFLOW,after_barrier_before_dispatch,ledger_postings,NO_READBACK,CALLER_REFERENCE,78cc88eb-a6a4-4bdb-b4a2-4559c1e8b92a,CONFIRMED_APPLIED,APPLIED,2,1,2,22676.47925,65308.0,1,0,,
b4_durable_workflow-after_barrier_before_dispatch-ledger_postings-5a1a38f0-r0,crashed,B4_DURABLE_WORKFLOW,after_barrier_before_dispatch,ledger_postings,NO_READBACK,CALLER_REFERENCE,50601021-619b-4c0c-baf0-4d374852946a,CONFIRMED_APPLIED,APPLIED,1,1,1,19535.7514,30369.0,0,0,,
b4_durable_workflow-after_barrier_before_dispatch-ledger_postings-5a1a38f0-r1,crashed,B4_DURABLE_WORKFLOW,after_barrier_before_dispatch,ledger_postings,NO_READBACK,CALLER_REFERENCE,42742d4a-4cb8-4207-9d6d-a47fd47bf158,CONFIRMED_APPLIED,APPLIED,1,1,1,25460.935287,154082.0,0,0,,
b4_durable_workflow-after_barrier_before_dispatch-ledger_postings-5a1a38f0-r1,crashed,B4_DURABLE_WORKFLOW,after_barrier_before_dispatch,ledger_postings,NO_READBACK,CALLER_REFERENCE,8d0fc342-afaf-48b6-97e0-7122ca9ebd38,CONFIRMED_APPLIED,APPLIED,1,1,1,22491.865953,124106.0,0,0,,
b4_durable_workflow-after_barrier_before_dispatch-ledger_postings-5a1a38f0-r1,crashed,B4_DURABLE_WORKFLOW,after_barrier_before_dispatch,ledger_postings,NO_READBACK,CALLER_REFERENCE,a074afe1-a3da-4b83-a16f-6f7998750575,CONFIRMED_APPLIED,APPLIED,1,1,1,23604.167734,95148.0,0,0,,
b4_durable_workflow-after_barrier_before_dispatch-ledger_postings-5a1a38f0-r1,crashed,B4_DURABLE_WORKFLOW,after_barrier_before_dispatch,ledger_postings,NO_READBACK,CALLER_REFERENCE,09e1f0a8-8232-4d49-bac3-9a4c5cb15499,CONFIRMED_APPLIED,APPLIED,2,1,2,28245.569472,66148.0,1,0,,
b4_durable_workflow-after_barrier_before_dispatch-ledger_postings-5a1a38f0-r1,crashed,B4_DURABLE_WORKFLOW,after_barrier_before_dispatch,ledger_postings,NO_READBACK,CALLER_REFERENCE,b787b295-7fa0-47b5-a7d6-7522601196fd,CONFIRMED_APPLIED,APPLIED,1,1,1,23959.154455,32184.0,0,0,,
b4_durable_workflow-after_barrier_before_dispatch-ledger_postings-5a1a38f0-r1,crashed,B4_DURABLE_WORKFLOW,after_barrier_before_dispatch,ledger_postings,NO_READBACK,CALLER_REFERENCE,62edf05c-b733-4c43-a38a-30b1cca47350,CONFIRMED_APPLIED,APPLIED,1,1,3,29477.931608,154087.0,0,0,,
b4_durable_workflow-after_barrier_before_dispatch-ledger_postings-5a1a38f0-r1,crashed,B4_DURABLE_WORKFLOW,after_barrier_before_dispatch,ledger_postings,NO_READBACK,CALLER_REFERENCE,09cca40f-e851-453a-b468-1d55b1a65e15,CONFIRMED_APPLIED,APPLIED,1,1,1,22533.621634,120095.0,0,0,,
b4_durable_workflow-after_barrier_before_dispatch-ledger_postings-5a1a38f0-r1,crashed,B4_DURABLE_WORKFLOW,after_barrier_before_dispatch,ledger_postings,NO_READBACK,CALLER_REFERENCE,c3b64e05-7a39-4e42-84fb-1a3baaafb96c,CONFIRMED_APPLIED,APPLIED,1,1,1,23429.101335,91134.0,0,0,,
b4_durable_workflow-after_barrier_before_dispatch-ledger_postings-5a1a38f0-r1,crashed,B4_DURABLE_WORKFLOW,after_barrier_before_dispatch,ledger_postings,NO_READBACK,CALLER_REFERENCE,714dd215-c936-4860-97a6-560eb7cd19f5,CONFIRMED_APPLIED,APPLIED,1,1,1,23470.034784,62126.0,0,0,,
b4_durable_workflow-after_barrier_before_dispatch-ledger_postings-5a1a38f0-r1,crashed,B4_DURABLE_WORKFLOW,after_barrier_before_dispatch,ledger_postings,NO_READBACK,CALLER_REFERENCE,c0e5e74f-ce93-474d-81f1-854c2df40fff,CONFIRMED_APPLIED,APPLIED,2,1,2,28132.381991,33192.0,1,0,,
b4_durable_workflow-after_barrier_before_dispatch-ledger_postings-5a1a38f0-r2,crashed,B4_DURABLE_WORKFLOW,after_barrier_before_dispatch,ledger_postings,NO_READBACK,CALLER_REFERENCE,7574d020-75a9-4c84-9e23-d9e8b4b9e88c,CONFIRMED_APPLIED,APPLIED,1,1,1,22230.48695,162150.0,0,0,,
b4_durable_workflow-after_barrier_before_dispatch-ledger_postings-5a1a38f0-r2,crashed,B4_DURABLE_WORKFLOW,after_barrier_before_dispatch,ledger_postings,NO_READBACK,CALLER_REFERENCE,73deca46-fafc-4266-8823-54733017a1d5,CONFIRMED_APPLIED,APPLIED,1,1,1,23172.459007,132210.0,0,0,,
b4_durable_workflow-after_barrier_before_dispatch-ledger_postings-5a1a38f0-r2,crashed,B4_DURABLE_WORKFLOW,after_barrier_before_dispatch,ledger_postings,NO_READBACK,CALLER_REFERENCE,4a74ba19-7f42-485e-8131-ccc874b4c8ad,CONFIRMED_APPLIED,APPLIED,1,1,1,20974.530615,102247.0,0,0,,
b4_durable_workflow-after_barrier_before_dispatch-ledger_postings-5a1a38f0-r2,crashed,B4_DURABLE_WORKFLOW,after_barrier_before_dispatch,ledger_postings,NO_READBACK,CALLER_REFERENCE,e27460f8-1bfb-4e7e-be0b-c6e936b755a2,CONFIRMED_APPLIED,APPLIED,1,1,1,18040.163127,72237.0,0,0,,
b4_durable_workflow-after_barrier_before_dispatch-ledger_postings-5a1a38f0-r2,crashed,B4_DURABLE_WORKFLOW,after_barrier_before_dispatch,ledger_postings,NO_READBACK,CALLER_REFERENCE,c69d223f-9be3-4ad3-98a5-9f6a90bad4d9,CONFIRMED_APPLIED,APPLIED,2,1,2,26400.051174,42343.0,1,0,,
b4_durable_workflow-after_barrier_before_dispatch-ledger_postings-5a1a38f0-r2,crashed,B4_DURABLE_WORKFLOW,after_barrier_before_dispatch,ledger_postings,NO_READBACK,CALLER_REFERENCE,91362817-4db2-4da3-9d8f-34f37cf19858,UNVERIFIED_FAILURE,FAILED,3,1,3,35205.191189,162157.0,1,1,,
b4_durable_workflow-after_barrier_before_dispatch-ledger_postings-5a1a38f0-r2,crashed,B4_DURABLE_WORKFLOW,after_barrier_before_dispatch,ledger_postings,NO_READBACK,CALLER_REFERENCE,2f96a2fe-ec57-4956-8389-7bd5a9dc84d3,CONFIRMED_APPLIED,APPLIED,1,1,1,22188.170894,119170.0,0,0,,
b4_durable_workflow-after_barrier_before_dispatch-ledger_postings-5a1a38f0-r2,crashed,B4_DURABLE_WORKFLOW,after_barrier_before_dispatch,ledger_postings,NO_READBACK,CALLER_REFERENCE,cb7a095b-3608-4ee9-a723-c0d28a77b443,CONFIRMED_APPLIED,APPLIED,1,1,1,22004.474452,89321.0,0,0,,
b4_durable_workflow-after_barrier_before_dispatch-ledger_postings-5a1a38f0-r2,crashed,B4_DURABLE_WORKFLOW,after_barrier_before_dispatch,ledger_postings,NO_READBACK,CALLER_REFERENCE,a3ff73ad-8c14-4fe4-9f14-e1fdd5fbb1f4,CONFIRMED_APPLIED,APPLIED,1,1,1,21718.646582,59250.0,0,0,,
b4_durable_workflow-after_barrier_before_dispatch-ledger_postings-5a1a38f0-r2,crashed,B4_DURABLE_WORKFLOW,after_barrier_before_dispatch,ledger_postings,NO_READBACK,CALLER_REFERENCE,08bb7683-ac28-4eb9-aada-013844d1fbfe,CONFIRMED_APPLIED,APPLIED,1,1,1,21706.245028,29276.0,0,0,,
b4_durable_workflow-after_barrier_before_dispatch-notifications-b46b11fa-r0,crashed,B4_DURABLE_WORKFLOW,after_barrier_before_dispatch,notifications,POSITIVE_ONLY_READBACK,CALLER_REFERENCE,efb06577-5020-4c15-b521-699e0b8c02b6,CONFIRMED_APPLIED,APPLIED,1,1,1,18772.369246,366381.0,0,0,,
b4_durable_workflow-after_barrier_before_dispatch-notifications-b46b11fa-r0,crashed,B4_DURABLE_WORKFLOW,after_barrier_before_dispatch,notifications,POSITIVE_ONLY_READBACK,CALLER_REFERENCE,e31c1c11-6500-4169-8e48-d4916d9c0c53,CONFIRMED_APPLIED,APPLIED,1,1,1,13737.918354,336382.0,0,0,,
b4_durable_workflow-after_barrier_before_dispatch-notifications-b46b11fa-r0,crashed,B4_DURABLE_WORKFLOW,after_barrier_before_dispatch,notifications,POSITIVE_ONLY_READBACK,CALLER_REFERENCE,16694ac6-c37b-480a-83a0-67f6427ba6b9,CONFIRMED_APPLIED,APPLIED,2,1,2,31075.256716,306383.0,1,0,,
b4_durable_workflow-after_barrier_before_dispatch-notifications-b46b11fa-r0,crashed,B4_DURABLE_WORKFLOW,after_barrier_before_dispatch,notifications,POSITIVE_ONLY_READBACK,CALLER_REFERENCE,44d61ebb-02d7-469c-b4a1-7df779038a69,CONFIRMED_APPLIED,APPLIED,1,1,1,23344.259858,260440.0,0,0,,
b4_durable_workflow-after_barrier_before_dispatch-notifications-b46b11fa-r0,crashed,B4_DURABLE_WORKFLOW,after_barrier_before_dispatch,notifications,POSITIVE_ONLY_READBACK,CALLER_REFERENCE,40104739-225a-4a78-932e-34197e68a1cf,CONFIRMED_APPLIED,APPLIED,1,1,1,6871.693397,131444.0,0,0,,
b4_durable_workflow-after_barrier_before_dispatch-notifications-b46b11fa-r0,crashed,B4_DURABLE_WORKFLOW,after_barrier_before_dispatch,notifications,POSITIVE_ONLY_READBACK,CALLER_REFERENCE,48a95cc8-3967-474a-8941-83887a0856d0,CONFIRMED_APPLIED,APPLIED,2,1,2,23754.042751,366393.0,1,0,,
b4_durable_workflow-after_barrier_before_dispatch-notifications-b46b11fa-r0,crashed,B4_DURABLE_WORKFLOW,after_barrier_before_dispatch,notifications,POSITIVE_ONLY_READBACK,CALLER_REFERENCE,23b0133a-5546-4113-a920-d8dd5bc19787,CONFIRMED_APPLIED,APPLIED,1,1,1,14442.259841,331367.0,0,0,,
b4_durable_workflow-after_barrier_before_dispatch-notifications-b46b11fa-r0,crashed,B4_DURABLE_WORKFLOW,after_barrier_before_dispatch,notifications,POSITIVE_ONLY_READBACK,CALLER_REFERENCE,c4c312cb-6008-4424-baae-b2d44188051c,CONFIRMED_APPLIED,APPLIED,2,1,2,29675.520366,300441.0,1,0,,
b4_durable_workflow-after_barrier_before_dispatch-notifications-b46b11fa-r0,crashed,B4_DURABLE_WORKFLOW,after_barrier_before_dispatch,notifications,POSITIVE_ONLY_READBACK,CALLER_REFERENCE,fcd22283-75fb-458c-9f19-7455ec2a5250,CONFIRMED_APPLIED,APPLIED,2,1,2,30330.627857,257431.0,1,0,,
b4_durable_workflow-after_barrier_before_dispatch-notifications-b46b11fa-r0,crashed,B4_DURABLE_WORKFLOW,after_barrier_before_dispatch,notifications,POSITIVE_ONLY_READBACK,CALLER_REFERENCE,01feb499-7ae1-418d-8c23-0b9187835ae5,CONFIRMED_APPLIED,APPLIED,1,1,1,6338.242006,118419.0,0,0,,
b4_durable_workflow-after_barrier_before_dispatch-notifications-b46b11fa-r1,crashed,B4_DURABLE_WORKFLOW,after_barrier_before_dispatch,notifications,POSITIVE_ONLY_READBACK,CALLER_REFERENCE,d3003fdf-9f65-471f-94b0-3d1e688c897e,CONFIRMED_APPLIED,APPLIED,1,1,1,23641.05047,150214.0,0,0,,
b4_durable_workflow-after_barrier_before_dispatch-notifications-b46b11fa-r1,crashed,B4_DURABLE_WORKFLOW,after_barrier_before_dispatch,notifications,POSITIVE_ONLY_READBACK,CALLER_REFERENCE,8730fb3b-015a-401f-a03a-e9ef617c8723,CONFIRMED_APPLIED,APPLIED,1,1,1,22940.769979,121094.0,0,0,,
b4_durable_workflow-after_barrier_before_dispatch-notifications-b46b11fa-r1,crashed,B4_DURABLE_WORKFLOW,after_barrier_before_dispatch,notifications,POSITIVE_ONLY_READBACK,CALLER_REFERENCE,e314c1a1-105d-4657-89cd-f59d6175982a,CONFIRMED_APPLIED,APPLIED,1,1,1,23713.508255,92068.0,0,0,,
b4_durable_workflow-after_barrier_before_dispatch-notifications-b46b11fa-r1,crashed,B4_DURABLE_WORKFLOW,after_barrier_before_dispatch,notifications,POSITIVE_ONLY_READBACK,CALLER_REFERENCE,c5fe750a-8daf-490f-ba92-2cf97bed68c6,CONFIRMED_APPLIED,APPLIED,1,1,1,22944.533978,63193.0,0,0,,
b4_durable_workflow-after_barrier_before_dispatch-notifications-b46b11fa-r1,crashed,B4_DURABLE_WORKFLOW,after_barrier_before_dispatch,notifications,POSITIVE_ONLY_READBACK,CALLER_REFERENCE,19838bc1-f974-4b2a-b781-39d0e4e1ab22,CONFIRMED_APPLIED,APPLIED,1,1,1,22317.037876,34111.0,0,0,,
b4_durable_workflow-after_barrier_before_dispatch-notifications-b46b11fa-r1,crashed,B4_DURABLE_WORKFLOW,after_barrier_before_dispatch,notifications,POSITIVE_ONLY_READBACK,CALLER_REFERENCE,29258608-3e4e-41af-85bb-06ec657c6a76,CONFIRMED_APPLIED,APPLIED,1,1,1,23586.640422,150221.0,0,0,,
b4_durable_workflow-after_barrier_before_dispatch-notifications-b46b11fa-r1,crashed,B4_DURABLE_WORKFLOW,after_barrier_before_dispatch,notifications,POSITIVE_ONLY_READBACK,CALLER_REFERENCE,485a33b4-1c93-404b-9019-e07735d5b118,CONFIRMED_APPLIED,APPLIED,1,1,1,22940.84103,121100.0,0,0,,
b4_durable_workflow-after_barrier_before_dispatch-notifications-b46b11fa-r1,crashed,B4_DURABLE_WORKFLOW,after_barrier_before_dispatch,notifications,POSITIVE_ONLY_READBACK,CALLER_REFERENCE,d282efb4-7a20-4948-aed0-7f245bb12916,CONFIRMED_APPLIED,APPLIED,2,1,2,28733.79265,92074.0,1,0,,
b4_durable_workflow-after_barrier_before_dispatch-notifications-b46b11fa-r1,crashed,B4_DURABLE_WORKFLOW,after_barrier_before_dispatch,notifications,POSITIVE_ONLY_READBACK,CALLER_REFERENCE,4d860e62-5a30-4d4f-a57e-cfee590f424d,CONFIRMED_APPLIED,APPLIED,1,1,1,22224.776928,58201.0,0,0,,
b4_durable_workflow-after_barrier_before_dispatch-notifications-b46b11fa-r1,crashed,B4_DURABLE_WORKFLOW,after_barrier_before_dispatch,notifications,POSITIVE_ONLY_READBACK,CALLER_REFERENCE,d7440608-666c-495f-8d6b-ef681495f4ba,CONFIRMED_APPLIED,APPLIED,1,1,1,22116.959538,28083.0,0,0,,
b4_durable_workflow-after_barrier_before_dispatch-notifications-b46b11fa-r2,crashed,B4_DURABLE_WORKFLOW,after_barrier_before_dispatch,notifications,POSITIVE_ONLY_READBACK,CALLER_REFERENCE,7c49ce1b-db80-4bbf-9503-04ecd9ec9e8a,CONFIRMED_APPLIED,APPLIED,1,1,1,22875.502721,154164.0,0,0,,
b4_durable_workflow-after_barrier_before_dispatch-notifications-b46b11fa-r2,crashed,B4_DURABLE_WORKFLOW,after_barrier_before_dispatch,notifications,POSITIVE_ONLY_READBACK,CALLER_REFERENCE,cdeb934e-b093-4df1-876a-43e9ce50480a,CONFIRMED_APPLIED,APPLIED,1,1,1,17557.790704,124214.0,0,0,,
b4_durable_workflow-after_barrier_before_dispatch-notifications-b46b11fa-r2,crashed,B4_DURABLE_WORKFLOW,after_barrier_before_dispatch,notifications,POSITIVE_ONLY_READBACK,CALLER_REFERENCE,623081a6-7f9d-472b-a586-8a424af6cf4a,CONFIRMED_APPLIED,APPLIED,1,1,1,21570.626621,94190.0,0,0,,
b4_durable_workflow-after_barrier_before_dispatch-notifications-b46b11fa-r2,crashed,B4_DURABLE_WORKFLOW,after_barrier_before_dispatch,notifications,POSITIVE_ONLY_READBACK,CALLER_REFERENCE,2ef11c8a-af9c-41bd-91cb-57477bfe99f0,CONFIRMED_APPLIED,APPLIED,1,1,1,18072.396488,63192.0,0,0,,
b4_durable_workflow-after_barrier_before_dispatch-notifications-b46b11fa-r2,crashed,B4_DURABLE_WORKFLOW,after_barrier_before_dispatch,notifications,POSITIVE_ONLY_READBACK,CALLER_REFERENCE,07c6acdc-4ab7-4187-afaf-25637d156145,CONFIRMED_APPLIED,APPLIED,1,1,1,18004.895394,33177.0,0,0,,
b4_durable_workflow-after_barrier_before_dispatch-notifications-b46b11fa-r2,crashed,B4_DURABLE_WORKFLOW,after_barrier_before_dispatch,notifications,POSITIVE_ONLY_READBACK,CALLER_REFERENCE,77c148ad-af77-479a-8a22-bca067cddbff,CONFIRMED_APPLIED,APPLIED,2,1,2,27944.618442,154172.0,1,0,,
b4_durable_workflow-after_barrier_before_dispatch-notifications-b46b11fa-r2,crashed,B4_DURABLE_WORKFLOW,after_barrier_before_dispatch,notifications,POSITIVE_ONLY_READBACK,CALLER_REFERENCE,c8004e5e-d10e-4da8-a792-28a645a87384,CONFIRMED_APPLIED,APPLIED,1,1,1,19996.795014,119189.0,0,0,,
b4_durable_workflow-after_barrier_before_dispatch-notifications-b46b11fa-r2,crashed,B4_DURABLE_WORKFLOW,after_barrier_before_dispatch,notifications,POSITIVE_ONLY_READBACK,CALLER_REFERENCE,6446ef46-ccac-45d6-8605-4a1c7ed68e8f,CONFIRMED_APPLIED,APPLIED,1,1,1,16464.423582,89174.0,0,0,,
b4_durable_workflow-after_barrier_before_dispatch-notifications-b46b11fa-r2,crashed,B4_DURABLE_WORKFLOW,after_barrier_before_dispatch,notifications,POSITIVE_ONLY_READBACK,CALLER_REFERENCE,eb6bec57-f3f6-4e0b-b2d0-d9b94a0ef967,CONFIRMED_APPLIED,APPLIED,1,1,1,19022.133103,59239.0,0,0,,
b4_durable_workflow-after_barrier_before_dispatch-notifications-b46b11fa-r2,crashed,B4_DURABLE_WORKFLOW,after_barrier_before_dispatch,notifications,POSITIVE_ONLY_READBACK,CALLER_REFERENCE,e4ccd5e8-d78e-4b35-94f3-bf24b8020026,CONFIRMED_APPLIED,APPLIED,1,1,1,17521.459629,29234.0,0,0,,
b4_durable_workflow-after_barrier_before_dispatch-payments-11d6b7e1-r0,crashed,B4_DURABLE_WORKFLOW,after_barrier_before_dispatch,payments,AUTHORITATIVE_READBACK,CALLER_REFERENCE,23318fef-a008-4b42-bd03-d8fdad016765,CONFIRMED_APPLIED,APPLIED,1,1,1,22652.484324,153201.0,0,0,,
b4_durable_workflow-after_barrier_before_dispatch-payments-11d6b7e1-r0,crashed,B4_DURABLE_WORKFLOW,after_barrier_before_dispatch,payments,AUTHORITATIVE_READBACK,CALLER_REFERENCE,11ef60bd-a7fa-40d6-86d2-7b2baf2fbcb2,CONFIRMED_APPLIED,APPLIED,1,1,1,21959.299267,123296.0,0,0,,
b4_durable_workflow-after_barrier_before_dispatch-payments-11d6b7e1-r0,crashed,B4_DURABLE_WORKFLOW,after_barrier_before_dispatch,payments,AUTHORITATIVE_READBACK,CALLER_REFERENCE,92e5175d-2cab-46fd-94ab-57d171da17af,CONFIRMED_APPLIED,APPLIED,1,1,1,20801.458806,93179.0,0,0,,
b4_durable_workflow-after_barrier_before_dispatch-payments-11d6b7e1-r0,crashed,B4_DURABLE_WORKFLOW,after_barrier_before_dispatch,payments,AUTHORITATIVE_READBACK,CALLER_REFERENCE,c78ad915-87fb-42a3-a5b5-717e5bc892f8,CONFIRMED_APPLIED,APPLIED,1,1,1,20508.463296,63210.0,0,0,,
b4_durable_workflow-after_barrier_before_dispatch-payments-11d6b7e1-r0,crashed,B4_DURABLE_WORKFLOW,after_barrier_before_dispatch,payments,AUTHORITATIVE_READBACK,CALLER_REFERENCE,bab499e2-6048-4a7d-b51d-2f739b9930be,CONFIRMED_APPLIED,APPLIED,1,1,1,21777.448573,33376.0,0,0,,
b4_durable_workflow-after_barrier_before_dispatch-payments-11d6b7e1-r0,crashed,B4_DURABLE_WORKFLOW,after_barrier_before_dispatch,payments,AUTHORITATIVE_READBACK,CALLER_REFERENCE,b65a40ac-9ce4-4c95-bfa7-fe2540041223,CONFIRMED_APPLIED,APPLIED,2,1,2,26814.919685,153207.0,1,0,,
b4_durable_workflow-after_barrier_before_dispatch-payments-11d6b7e1-r0,crashed,B4_DURABLE_WORKFLOW,after_barrier_before_dispatch,payments,AUTHORITATIVE_READBACK,CALLER_REFERENCE,31435a80-4efc-451c-8abf-ea122fe24e0a,CONFIRMED_APPLIED,APPLIED,1,1,1,20558.52933,119151.0,0,0,,
b4_durable_workflow-after_barrier_before_dispatch-payments-11d6b7e1-r0,crashed,B4_DURABLE_WORKFLOW,after_barrier_before_dispatch,payments,AUTHORITATIVE_READBACK,CALLER_REFERENCE,992c7907-084e-4e48-8a33-626c2a076d6f,CONFIRMED_APPLIED,APPLIED,1,1,1,20931.730184,89335.0,0,0,,
b4_durable_workflow-after_barrier_before_dispatch-payments-11d6b7e1-r0,crashed,B4_DURABLE_WORKFLOW,after_barrier_before_dispatch,payments,AUTHORITATIVE_READBACK,CALLER_REFERENCE,218fbf97-cb6c-468d-b3f5-0686960979f1,CONFIRMED_APPLIED,APPLIED,1,1,1,21455.787587,59185.0,0,0,,
b4_durable_workflow-after_barrier_before_dispatch-payments-11d6b7e1-r0,crashed,B4_DURABLE_WORKFLOW,after_barrier_before_dispatch,payments,AUTHORITATIVE_READBACK,CALLER_REFERENCE,bc992bd1-42da-493d-83bc-add06f9fc897,CONFIRMED_APPLIED,APPLIED,1,1,1,21498.828325,29194.0,0,0,,
b4_durable_workflow-after_barrier_before_dispatch-payments-11d6b7e1-r1,crashed,B4_DURABLE_WORKFLOW,after_barrier_before_dispatch,payments,AUTHORITATIVE_READBACK,CALLER_REFERENCE,4cd9d701-e311-4e0e-b7bf-0adcb2653525,CONFIRMED_APPLIED,APPLIED,1,1,1,20789.772837,162375.0,0,0,,
b4_durable_workflow-after_barrier_before_dispatch-payments-11d6b7e1-r1,crashed,B4_DURABLE_WORKFLOW,after_barrier_before_dispatch,payments,AUTHORITATIVE_READBACK,CALLER_REFERENCE,5abd3607-c373-4133-b401-86f61f47b88b,CONFIRMED_APPLIED,APPLIED,1,1,1,20555.509669,133401.0,0,0,,
b4_durable_workflow-after_barrier_before_dispatch-payments-11d6b7e1-r1,crashed,B4_DURABLE_WORKFLOW,after_barrier_before_dispatch,payments,AUTHORITATIVE_READBACK,CALLER_REFERENCE,ca673753-4cb8-4898-91c4-fc5b597c2b48,CONFIRMED_APPLIED,APPLIED,1,1,1,23521.258239,104561.0,0,0,,
b4_durable_workflow-after_barrier_before_dispatch-payments-11d6b7e1-r1,crashed,B4_DURABLE_WORKFLOW,after_barrier_before_dispatch,payments,AUTHORITATIVE_READBACK,CALLER_REFERENCE,3a31c8c5-4aef-4e73-bdd0-485d4108bef4,CONFIRMED_APPLIED,APPLIED,3,1,3,16280.424337,74376.0,1,0,,
b4_durable_workflow-after_barrier_before_dispatch-payments-11d6b7e1-r1,crashed,B4_DURABLE_WORKFLOW,after_barrier_before_dispatch,payments,AUTHORITATIVE_READBACK,CALLER_REFERENCE,b3c36007-76cd-42ca-8e8c-4668b453157f,CONFIRMED_APPLIED,APPLIED,1,1,1,18547.390636,33397.0,0,0,,
b4_durable_workflow-after_barrier_before_dispatch-payments-11d6b7e1-r1,crashed,B4_DURABLE_WORKFLOW,after_barrier_before_dispatch,payments,AUTHORITATIVE_READBACK,CALLER_REFERENCE,f720e9c2-d090-45b9-af13-2f0bc4a56f2e,CONFIRMED_APPLIED,APPLIED,1,1,1,20789.227956,162384.0,0,0,,
b4_durable_workflow-after_barrier_before_dispatch-payments-11d6b7e1-r1,crashed,B4_DURABLE_WORKFLOW,after_barrier_before_dispatch,payments,AUTHORITATIVE_READBACK,CALLER_REFERENCE,ece7f73a-89c0-41d5-87f4-11e16481da36,CONFIRMED_APPLIED,APPLIED,2,1,2,25864.737985,133412.0,1,0,,
b4_durable_workflow-after_barrier_before_dispatch-payments-11d6b7e1-r1,crashed,B4_DURABLE_WORKFLOW,after_barrier_before_dispatch,payments,AUTHORITATIVE_READBACK,CALLER_REFERENCE,1eef6eb6-f252-4df9-97f8-a30f2a8bfcb4,CONFIRMED_APPLIED,APPLIED,1,1,1,27718.814162,99411.0,0,0,,
b4_durable_workflow-after_barrier_before_dispatch-payments-11d6b7e1-r1,crashed,B4_DURABLE_WORKFLOW,after_barrier_before_dispatch,payments,AUTHORITATIVE_READBACK,CALLER_REFERENCE,dabd3b85-4c8f-49c1-88d9-0f1d4c4b438a,CONFIRMED_APPLIED,APPLIED,1,1,1,15876.102784,60425.0,0,0,,
b4_durable_workflow-after_barrier_before_dispatch-payments-11d6b7e1-r1,crashed,B4_DURABLE_WORKFLOW,after_barrier_before_dispatch,payments,AUTHORITATIVE_READBACK,CALLER_REFERENCE,655cdb9f-a5c6-4c9a-8772-055eada93f9e,CONFIRMED_APPLIED,APPLIED,1,1,1,19661.654514,29383.0,0,0,,
b4_durable_workflow-after_barrier_before_dispatch-payments-11d6b7e1-r2,crashed,B4_DURABLE_WORKFLOW,after_barrier_before_dispatch,payments,AUTHORITATIVE_READBACK,CALLER_REFERENCE,ebeedfc7-bddd-49d0-92ed-87d59b1c9d0c,CONFIRMED_APPLIED,APPLIED,1,1,1,22956.265691,151177.0,0,0,,
b4_durable_workflow-after_barrier_before_dispatch-payments-11d6b7e1-r2,crashed,B4_DURABLE_WORKFLOW,after_barrier_before_dispatch,payments,AUTHORITATIVE_READBACK,CALLER_REFERENCE,f39d5a1d-abcf-49f6-bdea-63ff2fa56de1,CONFIRMED_APPLIED,APPLIED,1,1,1,23423.47922,121134.0,0,0,,
b4_durable_workflow-after_barrier_before_dispatch-payments-11d6b7e1-r2,crashed,B4_DURABLE_WORKFLOW,after_barrier_before_dispatch,payments,AUTHORITATIVE_READBACK,CALLER_REFERENCE,bf365195-b5e9-4012-94e8-60a20d7a6704,CONFIRMED_APPLIED,APPLIED,1,1,2,24469.316836,91274.0,0,0,,
b4_durable_workflow-after_barrier_before_dispatch-payments-11d6b7e1-r2,crashed,B4_DURABLE_WORKFLOW,after_barrier_before_dispatch,payments,AUTHORITATIVE_READBACK,CALLER_REFERENCE,46df0143-7dd8-4cae-ae89-2f2280232a8d,CONFIRMED_APPLIED,APPLIED,1,1,2,24153.143717,60201.0,0,0,,
b4_durable_workflow-after_barrier_before_dispatch-payments-11d6b7e1-r2,crashed,B4_DURABLE_WORKFLOW,after_barrier_before_dispatch,payments,AUTHORITATIVE_READBACK,CALLER_REFERENCE,bf889599-db53-4930-9663-e02f88f5cbff,CONFIRMED_APPLIED,APPLIED,1,1,1,24040.846662,28224.0,0,0,,
b4_durable_workflow-after_barrier_before_dispatch-payments-11d6b7e1-r2,crashed,B4_DURABLE_WORKFLOW,after_barrier_before_dispatch,payments,AUTHORITATIVE_READBACK,CALLER_REFERENCE,7620a6f9-998f-4cf5-b8d0-01a96f7b1c25,CONFIRMED_APPLIED,APPLIED,1,1,1,22977.280573,151184.0,0,0,,
b4_durable_workflow-after_barrier_before_dispatch-payments-11d6b7e1-r2,crashed,B4_DURABLE_WORKFLOW,after_barrier_before_dispatch,payments,AUTHORITATIVE_READBACK,CALLER_REFERENCE,6e04d392-232f-45a1-b4e7-dd8f8489ebde,CONFIRMED_APPLIED,APPLIED,1,1,1,23423.636138,121143.0,0,0,,
b4_durable_workflow-after_barrier_before_dispatch-payments-11d6b7e1-r2,crashed,B4_DURABLE_WORKFLOW,after_barrier_before_dispatch,payments,AUTHORITATIVE_READBACK,CALLER_REFERENCE,17973e03-36ef-4f5d-a9fb-5b5936c41963,CONFIRMED_APPLIED,APPLIED,1,1,1,22676.278786,91283.0,0,0,,
b4_durable_workflow-after_barrier_before_dispatch-payments-11d6b7e1-r2,crashed,B4_DURABLE_WORKFLOW,after_barrier_before_dispatch,payments,AUTHORITATIVE_READBACK,CALLER_REFERENCE,cfa39449-2909-4f70-9e3d-d76f20a347cd,CONFIRMED_APPLIED,APPLIED,2,1,2,26132.321965,62390.0,1,0,,
b4_durable_workflow-after_barrier_before_dispatch-payments-11d6b7e1-r2,crashed,B4_DURABLE_WORKFLOW,after_barrier_before_dispatch,payments,AUTHORITATIVE_READBACK,CALLER_REFERENCE,a76e18a2-4218-4c7c-8f19-d831172e6e56,CONFIRMED_APPLIED,APPLIED,1,1,1,24031.891399,28230.0,0,0,,
b4b_durable_workflow_at_most_once-after_barrier_before_dispatch-ledger_postings-813bf39f-r0,crashed,B4B_DURABLE_WORKFLOW_AT_MOST_ONCE,after_barrier_before_dispatch,ledger_postings,NO_READBACK,CALLER_REFERENCE,18d3ac7d-0cdb-4d2f-8a70-80b4ed8a310c,UNVERIFIED_FAILURE,TIMED_OUT,0,1,0,20324.861897,130136.0,0,0,,
b4b_durable_workflow_at_most_once-after_barrier_before_dispatch-ledger_postings-813bf39f-r0,crashed,B4B_DURABLE_WORKFLOW_AT_MOST_ONCE,after_barrier_before_dispatch,ledger_postings,NO_READBACK,CALLER_REFERENCE,52f699c5-66e7-4910-ab95-4b0a2092e510,UNVERIFIED_FAILURE,TIMED_OUT,0,1,0,14725.144991,103212.0,0,0,,
b4b_durable_workflow_at_most_once-after_barrier_before_dispatch-ledger_postings-813bf39f-r0,crashed,B4B_DURABLE_WORKFLOW_AT_MOST_ONCE,after_barrier_before_dispatch,ledger_postings,NO_READBACK,CALLER_REFERENCE,29e36e23-a345-405e-ad01-00471a5f0dee,UNVERIFIED_FAILURE,TIMED_OUT,0,1,0,18175.554712,77172.0,0,0,,
b4b_durable_workflow_at_most_once-after_barrier_before_dispatch-ledger_postings-813bf39f-r0,crashed,B4B_DURABLE_WORKFLOW_AT_MOST_ONCE,after_barrier_before_dispatch,ledger_postings,NO_READBACK,CALLER_REFERENCE,f554baa4-ba5d-46a9-b43d-9e5c0b6ced72,UNVERIFIED_FAILURE,TIMED_OUT,0,1,0,12276.804337,51207.0,0,0,,
b4b_durable_workflow_at_most_once-after_barrier_before_dispatch-ledger_postings-813bf39f-r0,crashed,B4B_DURABLE_WORKFLOW_AT_MOST_ONCE,after_barrier_before_dispatch,ledger_postings,NO_READBACK,CALLER_REFERENCE,f0b1b0a4-1f75-4113-b183-db181a52c541,UNVERIFIED_FAILURE,TIMED_OUT,0,1,0,16711.793331,25173.0,0,0,,
b4b_durable_workflow_at_most_once-after_barrier_before_dispatch-ledger_postings-813bf39f-r0,crashed,B4B_DURABLE_WORKFLOW_AT_MOST_ONCE,after_barrier_before_dispatch,ledger_postings,NO_READBACK,CALLER_REFERENCE,9b2b96ec-8ae3-4478-88a4-ef49ca2cddb9,UNVERIFIED_FAILURE,TIMED_OUT,0,1,0,20324.341157,130139.0,0,0,,
b4b_durable_workflow_at_most_once-after_barrier_before_dispatch-ledger_postings-813bf39f-r0,crashed,B4B_DURABLE_WORKFLOW_AT_MOST_ONCE,after_barrier_before_dispatch,ledger_postings,NO_READBACK,CALLER_REFERENCE,da4c0dbf-95de-485b-9e8d-b82e9a91edc0,UNVERIFIED_FAILURE,TIMED_OUT,0,1,0,14732.232567,103216.0,0,0,,
b4b_durable_workflow_at_most_once-after_barrier_before_dispatch-ledger_postings-813bf39f-r0,crashed,B4B_DURABLE_WORKFLOW_AT_MOST_ONCE,after_barrier_before_dispatch,ledger_postings,NO_READBACK,CALLER_REFERENCE,8d04795d-e8e2-4733-882d-c8710e1f5b2d,UNVERIFIED_FAILURE,TIMED_OUT,0,1,0,18173.621668,77176.0,0,0,,
b4b_durable_workflow_at_most_once-after_barrier_before_dispatch-ledger_postings-813bf39f-r0,crashed,B4B_DURABLE_WORKFLOW_AT_MOST_ONCE,after_barrier_before_dispatch,ledger_postings,NO_READBACK,CALLER_REFERENCE,5c833fca-f180-4367-8b3b-4174e53bb8f3,UNVERIFIED_FAILURE,TIMED_OUT,0,1,0,12274.464243,51211.0,0,0,,
b4b_durable_workflow_at_most_once-after_barrier_before_dispatch-ledger_postings-813bf39f-r0,crashed,B4B_DURABLE_WORKFLOW_AT_MOST_ONCE,after_barrier_before_dispatch,ledger_postings,NO_READBACK,CALLER_REFERENCE,447526b3-60d7-4a7d-883a-d97a494a836d,UNVERIFIED_FAILURE,TIMED_OUT,0,1,0,16694.095795,25178.0,0,0,,
b4b_durable_workflow_at_most_once-after_barrier_before_dispatch-ledger_postings-813bf39f-r1,crashed,B4B_DURABLE_WORKFLOW_AT_MOST_ONCE,after_barrier_before_dispatch,ledger_postings,NO_READBACK,CALLER_REFERENCE,13f160e6-bfe5-4280-91a6-811e5789cfca,UNVERIFIED_FAILURE,TIMED_OUT,0,1,0,17204.410798,129362.0,0,0,,
b4b_durable_workflow_at_most_once-after_barrier_before_dispatch-ledger_postings-813bf39f-r1,crashed,B4B_DURABLE_WORKFLOW_AT_MOST_ONCE,after_barrier_before_dispatch,ledger_postings,NO_READBACK,CALLER_REFERENCE,02152323-479f-4fa6-b89b-be374931fb2a,UNVERIFIED_FAILURE,TIMED_OUT,0,1,0,15900.690189,103325.0,0,0,,
b4b_durable_workflow_at_most_once-after_barrier_before_dispatch-ledger_postings-813bf39f-r1,crashed,B4B_DURABLE_WORKFLOW_AT_MOST_ONCE,after_barrier_before_dispatch,ledger_postings,NO_READBACK,CALLER_REFERENCE,d3fae206-ca4f-4db5-babf-f0e6bb15b9cf,UNVERIFIED_FAILURE,TIMED_OUT,0,1,0,17387.035046,77328.0,0,0,,
b4b_durable_workflow_at_most_once-after_barrier_before_dispatch-ledger_postings-813bf39f-r1,crashed,B4B_DURABLE_WORKFLOW_AT_MOST_ONCE,after_barrier_before_dispatch,ledger_postings,NO_READBACK,CALLER_REFERENCE,8e5789d3-a6c2-4df9-8162-37cac2d37604,UNVERIFIED_FAILURE,TIMED_OUT,0,1,0,17939.795657,51397.0,0,0,,
b4b_durable_workflow_at_most_once-after_barrier_before_dispatch-ledger_postings-813bf39f-r1,crashed,B4B_DURABLE_WORKFLOW_AT_MOST_ONCE,after_barrier_before_dispatch,ledger_postings,NO_READBACK,CALLER_REFERENCE,21c02adf-4837-42b0-bac3-b490c0ae6fc7,UNVERIFIED_FAILURE,TIMED_OUT,0,1,0,18495.519022,25362.0,0,0,,
b4b_durable_workflow_at_most_once-after_barrier_before_dispatch-ledger_postings-813bf39f-r1,crashed,B4B_DURABLE_WORKFLOW_AT_MOST_ONCE,after_barrier_before_dispatch,ledger_postings,NO_READBACK,CALLER_REFERENCE,1d8b7fce-727c-4de6-a3f9-e66422e243cf,UNVERIFIED_FAILURE,TIMED_OUT,0,1,0,17206.275183,129373.0,0,0,,
b4b_durable_workflow_at_most_once-after_barrier_before_dispatch-ledger_postings-813bf39f-r1,crashed,B4B_DURABLE_WORKFLOW_AT_MOST_ONCE,after_barrier_before_dispatch,ledger_postings,NO_READBACK,CALLER_REFERENCE,e65a03cc-2fbe-4b26-bf75-089224e29338,UNVERIFIED_FAILURE,TIMED_OUT,0,1,0,15899.233863,103335.0,0,0,,
b4b_durable_workflow_at_most_once-after_barrier_before_dispatch-ledger_postings-813bf39f-r1,crashed,B4B_DURABLE_WORKFLOW_AT_MOST_ONCE,after_barrier_before_dispatch,ledger_postings,NO_READBACK,CALLER_REFERENCE,b89150ee-a8a9-46c2-8e33-7d93b323ec4c,UNVERIFIED_FAILURE,TIMED_OUT,0,1,0,17381.592263,77338.0,0,0,,
b4b_durable_workflow_at_most_once-after_barrier_before_dispatch-ledger_postings-813bf39f-r1,crashed,B4B_DURABLE_WORKFLOW_AT_MOST_ONCE,after_barrier_before_dispatch,ledger_postings,NO_READBACK,CALLER_REFERENCE,2ff36fba-c6bf-4ee2-bf0b-c2a8b8f29f12,UNVERIFIED_FAILURE,TIMED_OUT,0,1,0,17940.609162,51407.0,0,0,,
b4b_durable_workflow_at_most_once-after_barrier_before_dispatch-ledger_postings-813bf39f-r1,crashed,B4B_DURABLE_WORKFLOW_AT_MOST_ONCE,after_barrier_before_dispatch,ledger_postings,NO_READBACK,CALLER_REFERENCE,f89b7704-5b9b-4d87-b31b-25794e60cd4a,UNVERIFIED_FAILURE,TIMED_OUT,0,1,0,18494.822646,25370.0,0,0,,
b4b_durable_workflow_at_most_once-after_barrier_before_dispatch-ledger_postings-813bf39f-r2,crashed,B4B_DURABLE_WORKFLOW_AT_MOST_ONCE,after_barrier_before_dispatch,ledger_postings,NO_READBACK,CALLER_REFERENCE,9241e0da-34eb-4a4a-b701-68e7edc6469b,UNVERIFIED_FAILURE,TIMED_OUT,0,1,0,21668.722282,130160.0,0,0,,
b4b_durable_workflow_at_most_once-after_barrier_before_dispatch-ledger_postings-813bf39f-r2,crashed,B4B_DURABLE_WORKFLOW_AT_MOST_ONCE,after_barrier_before_dispatch,ledger_postings,NO_READBACK,CALLER_REFERENCE,ef1cc587-9131-4505-95df-53635099d2bd,UNVERIFIED_FAILURE,TIMED_OUT,0,1,0,20354.279553,103104.0,0,0,,
b4b_durable_workflow_at_most_once-after_barrier_before_dispatch-ledger_postings-813bf39f-r2,crashed,B4B_DURABLE_WORKFLOW_AT_MOST_ONCE,after_barrier_before_dispatch,ledger_postings,NO_READBACK,CALLER_REFERENCE,ba858fc0-c39a-4119-86a8-ed1b7da94205,UNVERIFIED_FAILURE,TIMED_OUT,0,1,0,20060.659149,77094.0,0,0,,
b4b_durable_workflow_at_most_once-after_barrier_before_dispatch-ledger_postings-813bf39f-r2,crashed,B4B_DURABLE_WORKFLOW_AT_MOST_ONCE,after_barrier_before_dispatch,ledger_postings,NO_READBACK,CALLER_REFERENCE,922ab763-cd46-4af6-a7b4-3508799dbd44,UNVERIFIED_FAILURE,TIMED_OUT,0,1,0,20700.280336,51123.0,0,0,,
b4b_durable_workflow_at_most_once-after_barrier_before_dispatch-ledger_postings-813bf39f-r2,crashed,B4B_DURABLE_WORKFLOW_AT_MOST_ONCE,after_barrier_before_dispatch,ledger_postings,NO_READBACK,CALLER_REFERENCE,7fc438da-47c5-4063-ba81-1c17f5755533,UNVERIFIED_FAILURE,TIMED_OUT,0,1,0,20279.367526,25123.0,0,0,,
b4b_durable_workflow_at_most_once-after_barrier_before_dispatch-ledger_postings-813bf39f-r2,crashed,B4B_DURABLE_WORKFLOW_AT_MOST_ONCE,after_barrier_before_dispatch,ledger_postings,NO_READBACK,CALLER_REFERENCE,e5505e23-1438-420b-b732-53b533d73553,UNVERIFIED_FAILURE,TIMED_OUT,0,1,0,21667.253243,130165.0,0,0,,
b4b_durable_workflow_at_most_once-after_barrier_before_dispatch-ledger_postings-813bf39f-r2,crashed,B4B_DURABLE_WORKFLOW_AT_MOST_ONCE,after_barrier_before_dispatch,ledger_postings,NO_READBACK,CALLER_REFERENCE,7c8e5f90-a02f-46f4-b6fa-b08bab2093ea,UNVERIFIED_FAILURE,TIMED_OUT,0,1,0,20381.64943,103108.0,0,0,,
b4b_durable_workflow_at_most_once-after_barrier_before_dispatch-ledger_postings-813bf39f-r2,crashed,B4B_DURABLE_WORKFLOW_AT_MOST_ONCE,after_barrier_before_dispatch,ledger_postings,NO_READBACK,CALLER_REFERENCE,7f16eead-741b-4068-9a12-17956e2acf4d,UNVERIFIED_FAILURE,TIMED_OUT,0,1,0,20100.460096,77098.0,0,0,,
b4b_durable_workflow_at_most_once-after_barrier_before_dispatch-ledger_postings-813bf39f-r2,crashed,B4B_DURABLE_WORKFLOW_AT_MOST_ONCE,after_barrier_before_dispatch,ledger_postings,NO_READBACK,CALLER_REFERENCE,a5031054-56d1-4d4b-bb96-4132ee01e9d5,UNVERIFIED_FAILURE,TIMED_OUT,0,1,0,20700.534387,51126.0,0,0,,
b4b_durable_workflow_at_most_once-after_barrier_before_dispatch-ledger_postings-813bf39f-r2,crashed,B4B_DURABLE_WORKFLOW_AT_MOST_ONCE,after_barrier_before_dispatch,ledger_postings,NO_READBACK,CALLER_REFERENCE,7e480544-480e-475b-9705-5219c966f990,UNVERIFIED_FAILURE,TIMED_OUT,0,1,0,20279.522733,25126.0,0,0,,
b4b_durable_workflow_at_most_once-after_barrier_before_dispatch-notifications-bdc2cacd-r0,crashed,B4B_DURABLE_WORKFLOW_AT_MOST_ONCE,after_barrier_before_dispatch,notifications,POSITIVE_ONLY_READBACK,CALLER_REFERENCE,c4f996db-f152-4bb0-89e7-faf0e46863ed,UNVERIFIED_FAILURE,TIMED_OUT,0,1,0,15593.376887,129291.0,0,0,,
b4b_durable_workflow_at_most_once-after_barrier_before_dispatch-notifications-bdc2cacd-r0,crashed,B4B_DURABLE_WORKFLOW_AT_MOST_ONCE,after_barrier_before_dispatch,notifications,POSITIVE_ONLY_READBACK,CALLER_REFERENCE,6fc2f356-ebb3-45e3-87ca-3ae4f69661af,UNVERIFIED_FAILURE,TIMED_OUT,0,1,0,14928.198232,103220.0,0,0,,
b4b_durable_workflow_at_most_once-after_barrier_before_dispatch-notifications-bdc2cacd-r0,crashed,B4B_DURABLE_WORKFLOW_AT_MOST_ONCE,after_barrier_before_dispatch,notifications,POSITIVE_ONLY_READBACK,CALLER_REFERENCE,5f8843b8-e2c7-487b-b011-d493f419f7c1,UNVERIFIED_FAILURE,TIMED_OUT,0,1,0,17140.174622,77199.0,0,0,,
b4b_durable_workflow_at_most_once-after_barrier_before_dispatch-notifications-bdc2cacd-r0,crashed,B4B_DURABLE_WORKFLOW_AT_MOST_ONCE,after_barrier_before_dispatch,notifications,POSITIVE_ONLY_READBACK,CALLER_REFERENCE,14d319fc-adc1-4187-9ab0-1ac1951cfba5,UNVERIFIED_FAILURE,TIMED_OUT,0,1,0,17736.928827,51356.0,0,0,,
b4b_durable_workflow_at_most_once-after_barrier_before_dispatch-notifications-bdc2cacd-r0,crashed,B4B_DURABLE_WORKFLOW_AT_MOST_ONCE,after_barrier_before_dispatch,notifications,POSITIVE_ONLY_READBACK,CALLER_REFERENCE,3f64e36f-9d0e-4a6f-8a2c-e10100dba723,UNVERIFIED_FAILURE,TIMED_OUT,0,1,0,15387.928571,25311.0,0,0,,
b4b_durable_workflow_at_most_once-after_barrier_before_dispatch-notifications-bdc2cacd-r0,crashed,B4B_DURABLE_WORKFLOW_AT_MOST_ONCE,after_barrier_before_dispatch,notifications,POSITIVE_ONLY_READBACK,CALLER_REFERENCE,06ad7580-8817-4165-88fd-9f6280222aad,UNVERIFIED_FAILURE,TIMED_OUT,0,1,0,15595.263816,129297.0,0,0,,
b4b_durable_workflow_at_most_once-after_barrier_before_dispatch-notifications-bdc2cacd-r0,crashed,B4B_DURABLE_WORKFLOW_AT_MOST_ONCE,after_barrier_before_dispatch,notifications,POSITIVE_ONLY_READBACK,CALLER_REFERENCE,c6641163-cf81-4784-bfe3-9b258ae2a5dd,UNVERIFIED_FAILURE,TIMED_OUT,0,1,0,14946.054614,103227.0,0,0,,
b4b_durable_workflow_at_most_once-after_barrier_before_dispatch-notifications-bdc2cacd-r0,crashed,B4B_DURABLE_WORKFLOW_AT_MOST_ONCE,after_barrier_before_dispatch,notifications,POSITIVE_ONLY_READBACK,CALLER_REFERENCE,77aab196-1ab2-4341-8a65-91ca975c47d2,UNVERIFIED_FAILURE,TIMED_OUT,0,1,0,17140.012843,77205.0,0,0,,
b4b_durable_workflow_at_most_once-after_barrier_before_dispatch-notifications-bdc2cacd-r0,crashed,B4B_DURABLE_WORKFLOW_AT_MOST_ONCE,after_barrier_before_dispatch,notifications,POSITIVE_ONLY_READBACK,CALLER_REFERENCE,8cbb4d6d-c9b7-4040-9ef3-3bb1b1f37086,UNVERIFIED_FAILURE,TIMED_OUT,0,1,0,17735.653489,51363.0,0,0,,
b4b_durable_workflow_at_most_once-after_barrier_before_dispatch-notifications-bdc2cacd-r0,crashed,B4B_DURABLE_WORKFLOW_AT_MOST_ONCE,after_barrier_before_dispatch,notifications,POSITIVE_ONLY_READBACK,CALLER_REFERENCE,8a41ba86-7218-479d-a48c-8a4df1d4b38f,UNVERIFIED_FAILURE,TIMED_OUT,0,1,0,15404.977802,25318.0,0,0,,
b4b_durable_workflow_at_most_once-after_barrier_before_dispatch-notifications-bdc2cacd-r1,crashed,B4B_DURABLE_WORKFLOW_AT_MOST_ONCE,after_barrier_before_dispatch,notifications,POSITIVE_ONLY_READBACK,CALLER_REFERENCE,438cf8b7-8541-4048-8205-0c111d3b2c3f,UNVERIFIED_FAILURE,TIMED_OUT,0,1,0,19480.344372,129183.0,0,0,,
b4b_durable_workflow_at_most_once-after_barrier_before_dispatch-notifications-bdc2cacd-r1,crashed,B4B_DURABLE_WORKFLOW_AT_MOST_ONCE,after_barrier_before_dispatch,notifications,POSITIVE_ONLY_READBACK,CALLER_REFERENCE,508b65b8-0b1e-494e-b59b-1be63737b332,UNVERIFIED_FAILURE,TIMED_OUT,0,1,0,18799.854439,103227.0,0,0,,
b4b_durable_workflow_at_most_once-after_barrier_before_dispatch-notifications-bdc2cacd-r1,crashed,B4B_DURABLE_WORKFLOW_AT_MOST_ONCE,after_barrier_before_dispatch,notifications,POSITIVE_ONLY_READBACK,CALLER_REFERENCE,faf3fb01-3888-4530-bf0b-3094afe3a599,UNVERIFIED_FAILURE,TIMED_OUT,0,1,0,18809.865555,77219.0,0,0,,
b4b_durable_workflow_at_most_once-after_barrier_before_dispatch-notifications-bdc2cacd-r1,crashed,B4B_DURABLE_WORKFLOW_AT_MOST_ONCE,after_barrier_before_dispatch,notifications,POSITIVE_ONLY_READBACK,CALLER_REFERENCE,ea3aa77d-a697-42a7-845d-471399af6735,UNVERIFIED_FAILURE,TIMED_OUT,0,1,0,18938.944266,51269.0,0,0,,
b4b_durable_workflow_at_most_once-after_barrier_before_dispatch-notifications-bdc2cacd-r1,crashed,B4B_DURABLE_WORKFLOW_AT_MOST_ONCE,after_barrier_before_dispatch,notifications,POSITIVE_ONLY_READBACK,CALLER_REFERENCE,647c96ae-6fd5-460e-8f4a-a381a5a069e4,UNVERIFIED_FAILURE,TIMED_OUT,0,1,0,10468.260784,25231.0,0,0,,
b4b_durable_workflow_at_most_once-after_barrier_before_dispatch-notifications-bdc2cacd-r1,crashed,B4B_DURABLE_WORKFLOW_AT_MOST_ONCE,after_barrier_before_dispatch,notifications,POSITIVE_ONLY_READBACK,CALLER_REFERENCE,1d167127-74d4-446f-a7f5-dac1173b3f33,UNVERIFIED_FAILURE,TIMED_OUT,0,1,0,19480.005641,129189.0,0,0,,
b4b_durable_workflow_at_most_once-after_barrier_before_dispatch-notifications-bdc2cacd-r1,crashed,B4B_DURABLE_WORKFLOW_AT_MOST_ONCE,after_barrier_before_dispatch,notifications,POSITIVE_ONLY_READBACK,CALLER_REFERENCE,ebb5d6c9-b436-4855-a680-6b4ef65f1105,UNVERIFIED_FAILURE,TIMED_OUT,0,1,0,18800.300092,103234.0,0,0,,
b4b_durable_workflow_at_most_once-after_barrier_before_dispatch-notifications-bdc2cacd-r1,crashed,B4B_DURABLE_WORKFLOW_AT_MOST_ONCE,after_barrier_before_dispatch,notifications,POSITIVE_ONLY_READBACK,CALLER_REFERENCE,db082db1-4963-46c3-ae49-e03cfa0423d1,UNVERIFIED_FAILURE,TIMED_OUT,0,1,0,18809.032531,77225.0,0,0,,
b4b_durable_workflow_at_most_once-after_barrier_before_dispatch-notifications-bdc2cacd-r1,crashed,B4B_DURABLE_WORKFLOW_AT_MOST_ONCE,after_barrier_before_dispatch,notifications,POSITIVE_ONLY_READBACK,CALLER_REFERENCE,c53f2aff-930d-4d55-b92d-31b7b8f13b85,UNVERIFIED_FAILURE,TIMED_OUT,0,1,0,18937.673451,51274.0,0,0,,
b4b_durable_workflow_at_most_once-after_barrier_before_dispatch-notifications-bdc2cacd-r1,crashed,B4B_DURABLE_WORKFLOW_AT_MOST_ONCE,after_barrier_before_dispatch,notifications,POSITIVE_ONLY_READBACK,CALLER_REFERENCE,2b790db9-0990-424c-84d3-58cd2df4dc6e,UNVERIFIED_FAILURE,TIMED_OUT,0,1,0,10463.413848,25238.0,0,0,,
b4b_durable_workflow_at_most_once-after_barrier_before_dispatch-notifications-bdc2cacd-r2,crashed,B4B_DURABLE_WORKFLOW_AT_MOST_ONCE,after_barrier_before_dispatch,notifications,POSITIVE_ONLY_READBACK,CALLER_REFERENCE,6d56b9d9-856f-4e50-85e0-91cc4718c767,UNVERIFIED_FAILURE,TIMED_OUT,0,1,0,16964.46982,129144.0,0,0,,
b4b_durable_workflow_at_most_once-after_barrier_before_dispatch-notifications-bdc2cacd-r2,crashed,B4B_DURABLE_WORKFLOW_AT_MOST_ONCE,after_barrier_before_dispatch,notifications,POSITIVE_ONLY_READBACK,CALLER_REFERENCE,c39c7f9b-06ee-4dda-89d3-23a9135a65cb,UNVERIFIED_FAILURE,TIMED_OUT,0,1,0,14446.682159,103135.0,0,0,,
b4b_durable_workflow_at_most_once-after_barrier_before_dispatch-notifications-bdc2cacd-r2,crashed,B4B_DURABLE_WORKFLOW_AT_MOST_ONCE,after_barrier_before_dispatch,notifications,POSITIVE_ONLY_READBACK,CALLER_REFERENCE,c7f824c9-9154-4ae4-99e9-a5ba09d67fd3,UNVERIFIED_FAILURE,TIMED_OUT,0,1,0,20940.695234,77202.0,0,0,,
b4b_durable_workflow_at_most_once-after_barrier_before_dispatch-notifications-bdc2cacd-r2,crashed,B4B_DURABLE_WORKFLOW_AT_MOST_ONCE,after_barrier_before_dispatch,notifications,POSITIVE_ONLY_READBACK,CALLER_REFERENCE,41e62cb3-c18e-4a1c-af03-ebba6ade22d5,UNVERIFIED_FAILURE,TIMED_OUT,0,1,0,20540.900326,51157.0,0,0,,
b4b_durable_workflow_at_most_once-after_barrier_before_dispatch-notifications-bdc2cacd-r2,crashed,B4B_DURABLE_WORKFLOW_AT_MOST_ONCE,after_barrier_before_dispatch,notifications,POSITIVE_ONLY_READBACK,CALLER_REFERENCE,1b05a2ff-341a-4c86-9c3d-269ddb228621,UNVERIFIED_FAILURE,TIMED_OUT,0,1,0,16977.484059,25130.0,0,0,,
b4b_durable_workflow_at_most_once-after_barrier_before_dispatch-notifications-bdc2cacd-r2,crashed,B4B_DURABLE_WORKFLOW_AT_MOST_ONCE,after_barrier_before_dispatch,notifications,POSITIVE_ONLY_READBACK,CALLER_REFERENCE,7167ad12-93e1-4af1-a4ba-fdb5ab9d5e92,UNVERIFIED_FAILURE,TIMED_OUT,0,1,0,16963.473446,129150.0,0,0,,
b4b_durable_workflow_at_most_once-after_barrier_before_dispatch-notifications-bdc2cacd-r2,crashed,B4B_DURABLE_WORKFLOW_AT_MOST_ONCE,after_barrier_before_dispatch,notifications,POSITIVE_ONLY_READBACK,CALLER_REFERENCE,c79d3327-ae99-4e08-8285-a09ccb158052,UNVERIFIED_FAILURE,TIMED_OUT,0,1,0,14526.412241,103140.0,0,0,,
b4b_durable_workflow_at_most_once-after_barrier_before_dispatch-notifications-bdc2cacd-r2,crashed,B4B_DURABLE_WORKFLOW_AT_MOST_ONCE,after_barrier_before_dispatch,notifications,POSITIVE_ONLY_READBACK,CALLER_REFERENCE,7d10315c-a098-4667-a1b8-31a30247f30f,UNVERIFIED_FAILURE,TIMED_OUT,0,1,0,20940.982922,77208.0,0,0,,
b4b_durable_workflow_at_most_once-after_barrier_before_dispatch-notifications-bdc2cacd-r2,crashed,B4B_DURABLE_WORKFLOW_AT_MOST_ONCE,after_barrier_before_dispatch,notifications,POSITIVE_ONLY_READBACK,CALLER_REFERENCE,f3d551b3-21e4-4a98-9784-19f562049b27,UNVERIFIED_FAILURE,TIMED_OUT,0,1,0,20538.496563,51164.0,0,0,,
b4b_durable_workflow_at_most_once-after_barrier_before_dispatch-notifications-bdc2cacd-r2,crashed,B4B_DURABLE_WORKFLOW_AT_MOST_ONCE,after_barrier_before_dispatch,notifications,POSITIVE_ONLY_READBACK,CALLER_REFERENCE,5ac08b4b-84f4-4203-a512-0b305437071c,UNVERIFIED_FAILURE,TIMED_OUT,0,1,0,16976.864062,25136.0,0,0,,
b4b_durable_workflow_at_most_once-after_barrier_before_dispatch-payments-3edf93ea-r0,crashed,B4B_DURABLE_WORKFLOW_AT_MOST_ONCE,after_barrier_before_dispatch,payments,AUTHORITATIVE_READBACK,CALLER_REFERENCE,92ea147a-e085-4653-9ff2-e77c77f7640b,UNVERIFIED_FAILURE,TIMED_OUT,0,1,0,18535.902611,131354.0,0,0,,
b4b_durable_workflow_at_most_once-after_barrier_before_dispatch-payments-3edf93ea-r0,crashed,B4B_DURABLE_WORKFLOW_AT_MOST_ONCE,after_barrier_before_dispatch,payments,AUTHORITATIVE_READBACK,CALLER_REFERENCE,043b777e-e0bd-4888-8ad0-d7dc199b1d93,UNVERIFIED_FAILURE,TIMED_OUT,0,1,0,1422.737371,105344.0,0,0,,
b4b_durable_workflow_at_most_once-after_barrier_before_dispatch-payments-3edf93ea-r0,crashed,B4B_DURABLE_WORKFLOW_AT_MOST_ONCE,after_barrier_before_dispatch,payments,AUTHORITATIVE_READBACK,CALLER_REFERENCE,45f219de-a349-4de9-95fb-6ccb4f8c7d31,UNVERIFIED_FAILURE,TIMED_OUT,0,1,0,273.864583,79261.0,0,0,,
b4b_durable_workflow_at_most_once-after_barrier_before_dispatch-payments-3edf93ea-r0,crashed,B4B_DURABLE_WORKFLOW_AT_MOST_ONCE,after_barrier_before_dispatch,payments,AUTHORITATIVE_READBACK,CALLER_REFERENCE,0800a807-b8ae-4ec9-a33a-5e0b59587b98,UNVERIFIED_FAILURE,TIMED_OUT,0,1,0,17072.956812,51309.0,0,0,,
b4b_durable_workflow_at_most_once-after_barrier_before_dispatch-payments-3edf93ea-r0,crashed,B4B_DURABLE_WORKFLOW_AT_MOST_ONCE,after_barrier_before_dispatch,payments,AUTHORITATIVE_READBACK,CALLER_REFERENCE,5c9a75dc-054b-4791-bdd4-54233dd99c46,UNVERIFIED_FAILURE,TIMED_OUT,0,1,0,17578.061283,25295.0,0,0,,
b4b_durable_workflow_at_most_once-after_barrier_before_dispatch-payments-3edf93ea-r0,crashed,B4B_DURABLE_WORKFLOW_AT_MOST_ONCE,after_barrier_before_dispatch,payments,AUTHORITATIVE_READBACK,CALLER_REFERENCE,b627d485-fee7-4471-b86c-df860d260621,UNVERIFIED_FAILURE,TIMED_OUT,0,1,0,18544.913424,131367.0,0,0,,
b4b_durable_workflow_at_most_once-after_barrier_before_dispatch-payments-3edf93ea-r0,crashed,B4B_DURABLE_WORKFLOW_AT_MOST_ONCE,after_barrier_before_dispatch,payments,AUTHORITATIVE_READBACK,CALLER_REFERENCE,25c9d7bb-6889-483e-82d8-290a6d8c5f88,UNVERIFIED_FAILURE,TIMED_OUT,0,1,0,351.401748,105357.0,0,0,,
b4b_durable_workflow_at_most_once-after_barrier_before_dispatch-payments-3edf93ea-r0,crashed,B4B_DURABLE_WORKFLOW_AT_MOST_ONCE,after_barrier_before_dispatch,payments,AUTHORITATIVE_READBACK,CALLER_REFERENCE,d9c99c40-e511-4753-b96b-8265b9379eab,UNVERIFIED_FAILURE,TIMED_OUT,0,1,0,530.152305,79273.0,0,0,,
b4b_durable_workflow_at_most_once-after_barrier_before_dispatch-payments-3edf93ea-r0,crashed,B4B_DURABLE_WORKFLOW_AT_MOST_ONCE,after_barrier_before_dispatch,payments,AUTHORITATIVE_READBACK,CALLER_REFERENCE,3b483db8-22fb-4b58-be95-fb76f911c8dd,UNVERIFIED_FAILURE,TIMED_OUT,0,1,0,16956.548001,51322.0,0,0,,
b4b_durable_workflow_at_most_once-after_barrier_before_dispatch-payments-3edf93ea-r0,crashed,B4B_DURABLE_WORKFLOW_AT_MOST_ONCE,after_barrier_before_dispatch,payments,AUTHORITATIVE_READBACK,CALLER_REFERENCE,1a79d538-64bb-4589-ac4d-4121fa68d474,UNVERIFIED_FAILURE,TIMED_OUT,0,1,0,17565.234135,25305.0,0,0,,
b4b_durable_workflow_at_most_once-after_barrier_before_dispatch-payments-3edf93ea-r1,crashed,B4B_DURABLE_WORKFLOW_AT_MOST_ONCE,after_barrier_before_dispatch,payments,AUTHORITATIVE_READBACK,CALLER_REFERENCE,f2244233-1b2e-4909-8482-8acfbec51e53,UNVERIFIED_FAILURE,TIMED_OUT,0,1,0,17874.536554,216994.0,0,0,,
b4b_durable_workflow_at_most_once-after_barrier_before_dispatch-payments-3edf93ea-r1,crashed,B4B_DURABLE_WORKFLOW_AT_MOST_ONCE,after_barrier_before_dispatch,payments,AUTHORITATIVE_READBACK,CALLER_REFERENCE,9f429ae9-ffe0-4621-bfe1-336f35dc428d,UNVERIFIED_FAILURE,TIMED_OUT,0,1,0,15333.066782,190994.0,0,0,,
b4b_durable_workflow_at_most_once-after_barrier_before_dispatch-payments-3edf93ea-r1,crashed,B4B_DURABLE_WORKFLOW_AT_MOST_ONCE,after_barrier_before_dispatch,payments,AUTHORITATIVE_READBACK,CALLER_REFERENCE,ddf87a39-d60d-454a-beda-5159d7dc7333,UNVERIFIED_FAILURE,TIMED_OUT,0,1,0,18561.766223,165011.0,0,0,,
b4b_durable_workflow_at_most_once-after_barrier_before_dispatch-payments-3edf93ea-r1,crashed,B4B_DURABLE_WORKFLOW_AT_MOST_ONCE,after_barrier_before_dispatch,payments,AUTHORITATIVE_READBACK,CALLER_REFERENCE,9e18e954-53d6-49ea-b4a3-2842370df57c,UNVERIFIED_FAILURE,TIMED_OUT,0,1,0,1092.661532,139015.0,0,0,,
b4b_durable_workflow_at_most_once-after_barrier_before_dispatch-payments-3edf93ea-r1,crashed,B4B_DURABLE_WORKFLOW_AT_MOST_ONCE,after_barrier_before_dispatch,payments,AUTHORITATIVE_READBACK,CALLER_REFERENCE,5311de61-36b7-4edd-9a4c-9d01b07a275c,UNVERIFIED_FAILURE,TIMED_OUT,0,1,0,738.619781,71021.0,0,0,,
b4b_durable_workflow_at_most_once-after_barrier_before_dispatch-payments-3edf93ea-r1,crashed,B4B_DURABLE_WORKFLOW_AT_MOST_ONCE,after_barrier_before_dispatch,payments,AUTHORITATIVE_READBACK,CALLER_REFERENCE,3fded386-716d-4446-874a-1c3bf1709c1a,UNVERIFIED_FAILURE,TIMED_OUT,0,1,0,17872.54269,217059.0,0,0,,
b4b_durable_workflow_at_most_once-after_barrier_before_dispatch-payments-3edf93ea-r1,crashed,B4B_DURABLE_WORKFLOW_AT_MOST_ONCE,after_barrier_before_dispatch,payments,AUTHORITATIVE_READBACK,CALLER_REFERENCE,75fff0c0-194a-4e81-b0b1-7c53dc06e39c,UNVERIFIED_FAILURE,TIMED_OUT,0,1,0,15188.111511,191068.0,0,0,,
b4b_durable_workflow_at_most_once-after_barrier_before_dispatch-payments-3edf93ea-r1,crashed,B4B_DURABLE_WORKFLOW_AT_MOST_ONCE,after_barrier_before_dispatch,payments,AUTHORITATIVE_READBACK,CALLER_REFERENCE,7130727e-dd11-4782-a01e-be4a4e42c61d,UNVERIFIED_FAILURE,TIMED_OUT,0,1,0,18561.480284,165089.0,0,0,,
b4b_durable_workflow_at_most_once-after_barrier_before_dispatch-payments-3edf93ea-r1,crashed,B4B_DURABLE_WORKFLOW_AT_MOST_ONCE,after_barrier_before_dispatch,payments,AUTHORITATIVE_READBACK,CALLER_REFERENCE,faf83199-38bc-49c9-8f8c-55719fd628f1,UNVERIFIED_FAILURE,TIMED_OUT,0,1,0,1127.589251,139081.0,0,0,,
b4b_durable_workflow_at_most_once-after_barrier_before_dispatch-payments-3edf93ea-r1,crashed,B4B_DURABLE_WORKFLOW_AT_MOST_ONCE,after_barrier_before_dispatch,payments,AUTHORITATIVE_READBACK,CALLER_REFERENCE,19e2fe86-abc7-4f9f-a7e3-cce143b67043,UNVERIFIED_FAILURE,TIMED_OUT,0,1,0,946.079786,71085.0,0,0,,
b4b_durable_workflow_at_most_once-after_barrier_before_dispatch-payments-3edf93ea-r2,crashed,B4B_DURABLE_WORKFLOW_AT_MOST_ONCE,after_barrier_before_dispatch,payments,AUTHORITATIVE_READBACK,CALLER_REFERENCE,6d169f72-d902-476c-a495-5ec26d47990a,UNVERIFIED_FAILURE,TIMED_OUT,0,1,0,19611.748867,129060.0,0,0,,
b4b_durable_workflow_at_most_once-after_barrier_before_dispatch-payments-3edf93ea-r2,crashed,B4B_DURABLE_WORKFLOW_AT_MOST_ONCE,after_barrier_before_dispatch,payments,AUTHORITATIVE_READBACK,CALLER_REFERENCE,49a3504f-3698-467f-82bc-1c934f6eeffe,UNVERIFIED_FAILURE,TIMED_OUT,0,1,0,20460.066321,103059.0,0,0,,
b4b_durable_workflow_at_most_once-after_barrier_before_dispatch-payments-3edf93ea-r2,crashed,B4B_DURABLE_WORKFLOW_AT_MOST_ONCE,after_barrier_before_dispatch,payments,AUTHORITATIVE_READBACK,CALLER_REFERENCE,bc8919f2-0a56-43d3-bf57-6f2e5f96827a,UNVERIFIED_FAILURE,TIMED_OUT,0,1,0,21000.767405,77101.0,0,0,,
b4b_durable_workflow_at_most_once-after_barrier_before_dispatch-payments-3edf93ea-r2,crashed,B4B_DURABLE_WORKFLOW_AT_MOST_ONCE,after_barrier_before_dispatch,payments,AUTHORITATIVE_READBACK,CALLER_REFERENCE,0ebf4dcf-3e20-4b60-bdba-5affd9f9ff89,UNVERIFIED_FAILURE,TIMED_OUT,0,1,0,19427.946277,51077.0,0,0,,
b4b_durable_workflow_at_most_once-after_barrier_before_dispatch-payments-3edf93ea-r2,crashed,B4B_DURABLE_WORKFLOW_AT_MOST_ONCE,after_barrier_before_dispatch,payments,AUTHORITATIVE_READBACK,CALLER_REFERENCE,2af9c513-7242-44cf-8d5b-e58c660c8661,UNVERIFIED_FAILURE,TIMED_OUT,0,1,0,20844.596728,25138.0,0,0,,
b4b_durable_workflow_at_most_once-after_barrier_before_dispatch-payments-3edf93ea-r2,crashed,B4B_DURABLE_WORKFLOW_AT_MOST_ONCE,after_barrier_before_dispatch,payments,AUTHORITATIVE_READBACK,CALLER_REFERENCE,463ec978-40f7-4c60-bab8-d296146f520f,UNVERIFIED_FAILURE,TIMED_OUT,0,1,0,19606.261349,129065.0,0,0,,
b4b_durable_workflow_at_most_once-after_barrier_before_dispatch-payments-3edf93ea-r2,crashed,B4B_DURABLE_WORKFLOW_AT_MOST_ONCE,after_barrier_before_dispatch,payments,AUTHORITATIVE_READBACK,CALLER_REFERENCE,40519424-1042-43bf-b77f-fa913ecf4b1c,UNVERIFIED_FAILURE,TIMED_OUT,0,1,0,20458.984428,103063.0,0,0,,
b4b_durable_workflow_at_most_once-after_barrier_before_dispatch-payments-3edf93ea-r2,crashed,B4B_DURABLE_WORKFLOW_AT_MOST_ONCE,after_barrier_before_dispatch,payments,AUTHORITATIVE_READBACK,CALLER_REFERENCE,8c8dd5b6-6a3a-41f2-ad14-cc76001f27ba,UNVERIFIED_FAILURE,TIMED_OUT,0,1,0,21002.096866,77105.0,0,0,,
b4b_durable_workflow_at_most_once-after_barrier_before_dispatch-payments-3edf93ea-r2,crashed,B4B_DURABLE_WORKFLOW_AT_MOST_ONCE,after_barrier_before_dispatch,payments,AUTHORITATIVE_READBACK,CALLER_REFERENCE,f40b65de-95e8-4c09-bcea-7d88a6f044d7,UNVERIFIED_FAILURE,TIMED_OUT,0,1,0,19526.843655,51081.0,0,0,,
b4b_durable_workflow_at_most_once-after_barrier_before_dispatch-payments-3edf93ea-r2,crashed,B4B_DURABLE_WORKFLOW_AT_MOST_ONCE,after_barrier_before_dispatch,payments,AUTHORITATIVE_READBACK,CALLER_REFERENCE,8d136df3-c51b-4d96-81ab-8c7a58f39363,UNVERIFIED_FAILURE,TIMED_OUT,0,1,0,20844.500482,25142.0,0,0,,
